variable,coefficient
Sand_ratios_std,0.010959139579835981
Lane Marking - General_counts_std,-0.005615929716600365
Fence_ratios_std,-0.005154569383301521
Fence_counts_std,0.0038177192424753005
Fire Hydrant_counts_std,0.0035288616746191217
Mailbox_counts_mean,0.003454199957028103
Wall_ratios_std,-0.0030404508127001846
Rail Track_ratios_std,0.001953125974495804
Bird_ratios_std,0.0015227299592439206
Banner_ratios_mean,0.000655748265800158
Rail Track_counts_std,0.00041262402941763657
