variable,coefficient
Pole_counts_std,0.003771843217030132
Catch Basin_counts_std,0.0024287772403915205
Catch Basin_counts_mean,0.001466296612626106
