variable,coefficient
Road_counts_mean,-0.005570503362439755
Parking_ratios_mean,-0.0036028189272883683
Ground Animal_counts_std,0.003261027542679446
