{
"type": "FeatureCollection",
"name": "cell_00417_pre",
"crs": { "type": "name", "properties": { "name": "urn:ogc:def:crs:EPSG::32611" } },
"features": [
{ "type": "Feature", "properties": { "confidence": 0.99973684549331665, "class": 1, "regularized": null }, "geometry": { "type": "Polygon", "coordinates": [ [ [ 398663.377416073228233, 3782765.615462868940085 ], [ 398663.377416073228233, 3782757.680569684598595 ], [ 398663.072227873839438, 3782757.375381485093385 ], [ 398663.072227873839438, 3782757.070193286053836 ], [ 398663.377416073228233, 3782756.765005086548626 ], [ 398663.377416073228233, 3782756.154628687538207 ], [ 398663.682604272617027, 3782755.849440488498658 ], [ 398664.598168870783411, 3782755.849440488498658 ], [ 398664.903357070172206, 3782755.544252288993448 ], [ 398667.039674465893768, 3782755.544252288993448 ], [ 398667.344862665282562, 3782755.849440488498658 ], [ 398671.922685656172689, 3782755.849440488498658 ], [ 398672.227873855561484, 3782756.154628687538207 ], [ 398672.533062054950278, 3782756.154628687538207 ], [ 398672.533062054950278, 3782757.985757884103805 ], [ 398672.838250254339073, 3782758.290946083609015 ], [ 398673.143438453727867, 3782758.290946083609015 ], [ 398673.143438453727867, 3782758.596134282648563 ], [ 398672.838250254339073, 3782758.596134282648563 ], [ 398672.533062054950278, 3782758.901322482153773 ], [ 398672.533062054950278, 3782763.173957273829728 ], [ 398672.227873855561484, 3782763.479145472869277 ], [ 398672.227873855561484, 3782765.615462868940085 ], [ 398663.377416073228233, 3782765.615462868940085 ] ] ] } },
{ "type": "Feature", "properties": { "confidence": 0.99945360422134399, "class": 1, "regularized": "rectangle" }, "geometry": { "type": "Polygon", "coordinates": [ [ [ 398559.625, 3782510.25 ], [ 398574.1875, 3782509.25 ], [ 398574.75, 3782518.25 ], [ 398560.1875, 3782519.25 ], [ 398559.625, 3782510.25 ] ] ] } },
{ "type": "Feature", "properties": { "confidence": 0.99943727254867554, "class": 1, "regularized": null }, "geometry": { "type": "Polygon", "coordinates": [ [ [ 398783.926754832151346, 3782661.85147507628426 ], [ 398783.621566632762551, 3782661.54628687677905 ], [ 398783.316378433373757, 3782661.54628687677905 ], [ 398783.011190233984962, 3782661.241098677739501 ], [ 398783.011190233984962, 3782660.630722278729081 ], [ 398782.400813835207373, 3782660.020345880184323 ], [ 398782.400813835207373, 3782659.715157680679113 ], [ 398781.790437436429784, 3782659.104781281668693 ], [ 398781.790437436429784, 3782658.494404883123934 ], [ 398781.485249237040989, 3782658.189216683618724 ], [ 398781.485249237040989, 3782657.884028484113514 ], [ 398781.180061037652194, 3782657.578840285073966 ], [ 398781.180061037652194, 3782655.137334689497948 ], [ 398781.790437436429784, 3782654.526958290953189 ], [ 398782.095625635818578, 3782654.526958290953189 ], [ 398782.706002034596168, 3782653.916581891942769 ], [ 398783.316378433373757, 3782653.916581891942769 ], [ 398783.621566632762551, 3782653.611393692903221 ], [ 398783.926754832151346, 3782653.611393692903221 ], [ 398784.231943031540141, 3782653.306205493398011 ], [ 398785.757884028484114, 3782653.306205493398011 ], [ 398786.368260427261703, 3782653.916581891942769 ], [ 398786.673448626650497, 3782653.916581891942769 ], [ 398786.978636826039292, 3782654.221770091447979 ], [ 398787.283825025428087, 3782654.221770091447979 ], [ 398787.894201424205676, 3782654.832146490458399 ], [ 398788.19938962359447, 3782654.832146490458399 ], [ 398789.114954221760854, 3782655.747711088508368 ], [ 398789.420142421149649, 3782655.747711088508368 ], [ 398789.725330620538443, 3782656.052899288013577 ], [ 398789.725330620538443, 3782658.189216683618724 ], [ 398790.030518819927238, 3782658.494404883123934 ], [ 398790.335707019316033, 3782658.494404883123934 ], [ 398790.335707019316033, 3782660.325534079223871 ], [ 398790.030518819927238, 3782660.325534079223871 ], [ 398789.725330620538443, 3782660.630722278729081 ], [ 398789.420142421149649, 3782660.630722278729081 ], [ 398789.114954221760854, 3782660.935910478234291 ], [ 398788.504577822983265, 3782660.935910478234291 ], [ 398788.19938962359447, 3782661.241098677739501 ], [ 398786.978636826039292, 3782661.241098677739501 ], [ 398786.673448626650497, 3782661.54628687677905 ], [ 398786.063072227872908, 3782661.54628687677905 ], [ 398785.757884028484114, 3782661.85147507628426 ], [ 398783.926754832151346, 3782661.85147507628426 ] ] ] } },
{ "type": "Feature", "properties": { "confidence": 0.99940478801727295, "class": 1, "regularized": "rectangle" }, "geometry": { "type": "Polygon", "coordinates": [ [ [ 398663.375, 3782777.25 ], [ 398663.375, 3782755.25 ], [ 398673.125, 3782755.25 ], [ 398673.125, 3782777.25 ], [ 398663.375, 3782777.25 ] ] ] } },
{ "type": "Feature", "properties": { "confidence": 0.99885654449462891, "class": 1, "regularized": null }, "geometry": { "type": "Polygon", "coordinates": [ [ [ 398419.226856561552268, 3782528.179043743759394 ], [ 398418.921668362163473, 3782527.873855544254184 ], [ 398418.921668362163473, 3782521.464903356973082 ], [ 398419.226856561552268, 3782521.159715157467872 ], [ 398420.142421159718651, 3782521.159715157467872 ], [ 398420.447609359107446, 3782520.854526958428323 ], [ 398423.194303153606597, 3782520.854526958428323 ], [ 398423.499491352995392, 3782520.549338758923113 ], [ 398425.635808748716954, 3782520.549338758923113 ], [ 398425.940996948105749, 3782520.854526958428323 ], [ 398426.246185147494543, 3782520.854526958428323 ], [ 398426.551373346883338, 3782521.159715157467872 ], [ 398426.551373346883338, 3782521.464903356973082 ], [ 398427.161749745660927, 3782522.075279755983502 ], [ 398427.161749745660927, 3782522.38046795502305 ], [ 398427.466937945049722, 3782522.68565615452826 ], [ 398427.466937945049722, 3782526.958290946204215 ], [ 398426.856561546272133, 3782527.568667344748974 ], [ 398426.551373346883338, 3782527.568667344748974 ], [ 398426.246185147494543, 3782527.873855544254184 ], [ 398425.025432349939365, 3782527.873855544254184 ], [ 398424.72024415055057, 3782528.179043743759394 ], [ 398419.226856561552268, 3782528.179043743759394 ] ] ] } },
{ "type": "Feature", "properties": { "confidence": 0.99853169918060303, "class": 1, "regularized": null }, "geometry": { "type": "Polygon", "coordinates": [ [ [ 398543.133265513752121, 3782837.945066124200821 ], [ 398542.828077314363327, 3782837.639877924695611 ], [ 398535.808748728362843, 3782837.639877924695611 ], [ 398535.503560528974049, 3782837.334689725190401 ], [ 398535.198372329585254, 3782837.334689725190401 ], [ 398535.198372329585254, 3782831.536113936919719 ], [ 398535.503560528974049, 3782831.230925737414509 ], [ 398535.503560528974049, 3782830.315361139364541 ], [ 398536.113936927751638, 3782829.704984740819782 ], [ 398541.302136317419354, 3782829.704984740819782 ], [ 398541.607324516808148, 3782830.010172939859331 ], [ 398542.828077314363327, 3782830.010172939859331 ], [ 398543.133265513752121, 3782830.315361139364541 ], [ 398543.743641912529711, 3782830.315361139364541 ], [ 398544.048830111918505, 3782830.62054933886975 ], [ 398544.048830111918505, 3782830.92573753837496 ], [ 398544.3540183113073, 3782831.230925737414509 ], [ 398544.3540183113073, 3782831.536113936919719 ], [ 398544.659206510696094, 3782831.841302136424929 ], [ 398545.269582909473684, 3782831.841302136424929 ], [ 398545.574771108862478, 3782832.146490335930139 ], [ 398546.185147507640067, 3782832.146490335930139 ], [ 398546.185147507640067, 3782832.451678534969687 ], [ 398546.490335707028862, 3782832.756866734474897 ], [ 398546.490335707028862, 3782833.367243133485317 ], [ 398546.795523906417657, 3782833.672431332524866 ], [ 398546.795523906417657, 3782836.113936927635223 ], [ 398547.100712105806451, 3782836.419125127140433 ], [ 398547.100712105806451, 3782837.639877924695611 ], [ 398546.795523906417657, 3782837.639877924695611 ], [ 398546.490335707028862, 3782837.945066124200821 ], [ 398543.133265513752121, 3782837.945066124200821 ] ] ] } },
{ "type": "Feature", "properties": { "confidence": 0.99852043390274048, "class": 1, "regularized": null }, "geometry": { "type": "Polygon", "coordinates": [ [ [ 398554.120040691748727, 3782743.947100711986423 ], [ 398553.814852492359933, 3782743.641912512946874 ], [ 398553.509664292971138, 3782743.641912512946874 ], [ 398552.594099694804754, 3782742.726347914431244 ], [ 398552.594099694804754, 3782742.421159714926034 ], [ 398552.28891149541596, 3782742.115971515886486 ], [ 398552.28891149541596, 3782741.505595116876066 ], [ 398551.983723296027165, 3782741.200406917370856 ], [ 398551.983723296027165, 3782740.895218718331307 ], [ 398551.67853509663837, 3782740.590030518826097 ], [ 398551.67853509663837, 3782739.979654119815677 ], [ 398551.373346897249576, 3782739.674465920776129 ], [ 398551.373346897249576, 3782739.064089521765709 ], [ 398551.068158697860781, 3782738.758901322260499 ], [ 398551.068158697860781, 3782738.45371312322095 ], [ 398550.762970498471987, 3782738.14852492371574 ], [ 398550.762970498471987, 3782737.843336724210531 ], [ 398549.542217700916808, 3782736.622583926655352 ], [ 398549.542217700916808, 3782736.317395727150142 ], [ 398549.237029501528013, 3782736.012207528110594 ], [ 398549.237029501528013, 3782735.401831129100174 ], [ 398548.931841302139219, 3782735.096642929594964 ], [ 398548.931841302139219, 3782732.655137334484607 ], [ 398549.237029501528013, 3782732.349949135445058 ], [ 398549.237029501528013, 3782732.044760935939848 ], [ 398549.847405900305603, 3782731.434384536929429 ], [ 398550.152594099694397, 3782731.434384536929429 ], [ 398550.457782299083192, 3782731.12919633788988 ], [ 398551.068158697860781, 3782731.12919633788988 ], [ 398551.373346897249576, 3782730.82400813838467 ], [ 398551.67853509663837, 3782730.82400813838467 ], [ 398551.983723296027165, 3782730.51881993887946 ], [ 398554.730417090526316, 3782730.51881993887946 ], [ 398555.035605289915111, 3782730.21363173937425 ], [ 398555.951169888081495, 3782730.21363173937425 ], [ 398555.951169888081495, 3782743.641912512946874 ], [ 398555.035605289915111, 3782743.641912512946874 ], [ 398554.730417090526316, 3782743.947100711986423 ], [ 398554.120040691748727, 3782743.947100711986423 ] ] ] } },
{ "type": "Feature", "properties": { "confidence": 0.99819082021713257, "class": 1, "regularized": null }, "geometry": { "type": "Polygon", "coordinates": [ [ [ 398521.464903357089497, 3782613.631739572621882 ], [ 398521.159715157700703, 3782613.326551373116672 ], [ 398519.938962360145524, 3782613.326551373116672 ], [ 398519.328585961367935, 3782612.716174974571913 ], [ 398519.328585961367935, 3782608.13835198385641 ], [ 398519.02339776197914, 3782607.8331637843512 ], [ 398519.02339776197914, 3782607.22278738534078 ], [ 398519.328585961367935, 3782606.917599186301231 ], [ 398519.328585961367935, 3782606.612410986796021 ], [ 398519.63377416075673, 3782606.307222787290812 ], [ 398519.938962360145524, 3782606.307222787290812 ], [ 398520.244150559534319, 3782606.002034587785602 ], [ 398520.854526958311908, 3782606.002034587785602 ], [ 398521.159715157700703, 3782605.696846388746053 ], [ 398526.9582909460878, 3782605.696846388746053 ], [ 398527.263479145476595, 3782606.002034587785602 ], [ 398527.568667344865389, 3782606.002034587785602 ], [ 398527.568667344865389, 3782606.307222787290812 ], [ 398527.873855544254184, 3782606.612410986796021 ], [ 398527.873855544254184, 3782607.22278738534078 ], [ 398528.179043743642978, 3782607.52797558484599 ], [ 398528.789420142420568, 3782607.52797558484599 ], [ 398529.094608341809362, 3782607.8331637843512 ], [ 398531.230925737530924, 3782607.8331637843512 ], [ 398531.536113936919719, 3782608.13835198385641 ], [ 398532.146490335697308, 3782608.13835198385641 ], [ 398532.146490335697308, 3782608.443540182895958 ], [ 398532.451678535086103, 3782608.748728382401168 ], [ 398532.451678535086103, 3782609.359104781411588 ], [ 398532.756866734474897, 3782609.664292980451137 ], [ 398532.756866734474897, 3782611.190233977511525 ], [ 398533.062054933863692, 3782611.495422177016735 ], [ 398532.756866734474897, 3782611.800610376521945 ], [ 398532.756866734474897, 3782612.410986775066704 ], [ 398532.451678535086103, 3782612.716174974571913 ], [ 398532.451678535086103, 3782613.021363174077123 ], [ 398526.347914547310211, 3782613.021363174077123 ], [ 398526.042726347921416, 3782613.326551373116672 ], [ 398524.211597151588649, 3782613.326551373116672 ], [ 398523.906408952199854, 3782613.631739572621882 ], [ 398521.464903357089497, 3782613.631739572621882 ] ] ] } },
{ "type": "Feature", "properties": { "confidence": 0.99814629554748535, "class": 1, "regularized": null }, "geometry": { "type": "Polygon", "coordinates": [ [ [ 398558.087487283803057, 3782554.425228890962899 ], [ 398557.782299084414262, 3782554.12004069192335 ], [ 398557.171922685636673, 3782554.12004069192335 ], [ 398556.561546286859084, 3782553.50966429291293 ], [ 398556.561546286859084, 3782552.594099694862962 ], [ 398556.256358087470289, 3782552.288911495357752 ], [ 398556.256358087470289, 3782550.762970498297364 ], [ 398555.951169888081495, 3782550.457782299257815 ], [ 398555.951169888081495, 3782550.152594099752605 ], [ 398555.6459816886927, 3782549.847405900247395 ], [ 398555.6459816886927, 3782546.18514750758186 ], [ 398556.561546286859084, 3782545.269582909531891 ], [ 398556.866734486247879, 3782545.269582909531891 ], [ 398557.477110885025468, 3782544.659206510521472 ], [ 398558.087487283803057, 3782544.659206510521472 ], [ 398558.392675483191852, 3782544.354018311481923 ], [ 398559.003051881969441, 3782544.354018311481923 ], [ 398559.308240081358235, 3782544.048830111976713 ], [ 398561.7497456765268, 3782544.048830111976713 ], [ 398562.054933875915594, 3782543.743641912471503 ], [ 398562.360122075304389, 3782543.743641912471503 ], [ 398562.665310274693184, 3782543.438453712966293 ], [ 398562.970498474081978, 3782543.438453712966293 ], [ 398563.275686673470773, 3782543.133265513926744 ], [ 398564.496439471025951, 3782543.133265513926744 ], [ 398564.801627670414746, 3782543.438453712966293 ], [ 398566.022380467969924, 3782543.438453712966293 ], [ 398566.632756866747513, 3782544.048830111976713 ], [ 398566.632756866747513, 3782547.711088504642248 ], [ 398566.327568667358719, 3782548.016276704147458 ], [ 398566.327568667358719, 3782548.321464903187007 ], [ 398566.022380467969924, 3782548.626653102692217 ], [ 398566.022380467969924, 3782548.931841302197427 ], [ 398565.71719226858113, 3782549.237029501702636 ], [ 398565.71719226858113, 3782549.542217700742185 ], [ 398565.412004069192335, 3782549.847405900247395 ], [ 398565.412004069192335, 3782550.457782299257815 ], [ 398565.10681586980354, 3782550.762970498297364 ], [ 398565.10681586980354, 3782551.373346897307783 ], [ 398564.801627670414746, 3782551.678535096812993 ], [ 398564.801627670414746, 3782552.899287894368172 ], [ 398564.496439471025951, 3782553.20447609340772 ], [ 398564.496439471025951, 3782553.50966429291293 ], [ 398564.191251271637157, 3782553.50966429291293 ], [ 398563.886063072248362, 3782553.81485249241814 ], [ 398563.886063072248362, 3782554.12004069192335 ], [ 398563.275686673470773, 3782554.12004069192335 ], [ 398562.970498474081978, 3782554.425228890962899 ], [ 398558.087487283803057, 3782554.425228890962899 ] ] ] } },
{ "type": "Feature", "properties": { "confidence": 0.99813675880432129, "class": 1, "regularized": null }, "geometry": { "type": "Polygon", "coordinates": [ [ [ 398787.283825025428087, 3782672.227873855736107 ], [ 398786.978636826039292, 3782671.922685656230897 ], [ 398786.673448626650497, 3782671.922685656230897 ], [ 398786.368260427261703, 3782671.617497456725687 ], [ 398786.368260427261703, 3782671.312309257220477 ], [ 398784.84231943031773, 3782669.78636826062575 ], [ 398784.84231943031773, 3782667.955239064060152 ], [ 398784.537131230928935, 3782667.650050864554942 ], [ 398784.537131230928935, 3782664.292980671394616 ], [ 398784.84231943031773, 3782663.987792471889406 ], [ 398784.84231943031773, 3782663.682604272849858 ], [ 398785.147507629706524, 3782663.377416073344648 ], [ 398785.452695829095319, 3782663.377416073344648 ], [ 398785.757884028484114, 3782663.072227873839438 ], [ 398786.063072227872908, 3782663.072227873839438 ], [ 398786.368260427261703, 3782662.767039674334228 ], [ 398786.978636826039292, 3782662.767039674334228 ], [ 398787.283825025428087, 3782662.461851475294679 ], [ 398788.19938962359447, 3782662.461851475294679 ], [ 398788.504577822983265, 3782662.156663275789469 ], [ 398790.335707019316033, 3782662.156663275789469 ], [ 398790.335707019316033, 3782671.312309257220477 ], [ 398789.420142421149649, 3782671.312309257220477 ], [ 398788.80976602237206, 3782671.922685656230897 ], [ 398788.19938962359447, 3782671.922685656230897 ], [ 398787.894201424205676, 3782672.227873855736107 ], [ 398787.283825025428087, 3782672.227873855736107 ] ] ] } },
{ "type": "Feature", "properties": { "confidence": 0.99805223941802979, "class": 1, "regularized": null }, "geometry": { "type": "Polygon", "coordinates": [ [ [ 398518.413021363201551, 3782527.568667344748974 ], [ 398518.413021363201551, 3782527.263479145243764 ], [ 398518.107833163812757, 3782526.958290946204215 ], [ 398518.107833163812757, 3782518.107833163812757 ], [ 398518.413021363201551, 3782518.107833163812757 ], [ 398518.718209562590346, 3782517.802644964307547 ], [ 398518.718209562590346, 3782517.497456764802337 ], [ 398519.02339776197914, 3782517.497456764802337 ], [ 398519.328585961367935, 3782517.192268565762788 ], [ 398521.464903357089497, 3782517.192268565762788 ], [ 398521.770091556478292, 3782516.887080366257578 ], [ 398522.075279755867086, 3782517.192268565762788 ], [ 398524.821973550366238, 3782517.192268565762788 ], [ 398525.127161749755032, 3782517.497456764802337 ], [ 398525.127161749755032, 3782522.075279755983502 ], [ 398524.821973550366238, 3782522.38046795502305 ], [ 398524.821973550366238, 3782524.211597151588649 ], [ 398524.516785350977443, 3782524.211597151588649 ], [ 398524.211597151588649, 3782524.516785351093858 ], [ 398523.601220752811059, 3782524.516785351093858 ], [ 398522.99084435403347, 3782525.127161749638617 ], [ 398522.99084435403347, 3782525.737538148649037 ], [ 398523.296032553422265, 3782526.042726347688586 ], [ 398523.296032553422265, 3782526.347914547193795 ], [ 398523.601220752811059, 3782526.653102746699005 ], [ 398523.296032553422265, 3782526.958290946204215 ], [ 398522.99084435403347, 3782526.958290946204215 ], [ 398522.685656154644676, 3782527.263479145243764 ], [ 398521.464903357089497, 3782527.263479145243764 ], [ 398521.159715157700703, 3782527.568667344748974 ], [ 398518.413021363201551, 3782527.568667344748974 ] ] ] } },
{ "type": "Feature", "properties": { "confidence": 0.99801921844482422, "class": 1, "regularized": null }, "geometry": { "type": "Polygon", "coordinates": [ [ [ 398527.568667344865389, 3782615.76805696869269 ], [ 398527.568667344865389, 3782615.46286876918748 ], [ 398526.9582909460878, 3782614.85249237017706 ], [ 398526.9582909460878, 3782614.242115971632302 ], [ 398526.347914547310211, 3782613.631739572621882 ], [ 398520.244150559534319, 3782613.631739572621882 ], [ 398519.938962360145524, 3782613.326551373116672 ], [ 398519.63377416075673, 3782613.326551373116672 ], [ 398519.63377416075673, 3782609.664292980451137 ], [ 398533.062054933863692, 3782609.664292980451137 ], [ 398533.062054933863692, 3782609.969481179956347 ], [ 398533.367243133252487, 3782610.274669379461557 ], [ 398533.367243133252487, 3782612.716174974571913 ], [ 398533.062054933863692, 3782613.021363174077123 ], [ 398533.062054933863692, 3782613.936927772127092 ], [ 398532.146490335697308, 3782614.85249237017706 ], [ 398531.841302136308514, 3782614.85249237017706 ], [ 398531.230925737530924, 3782615.46286876918748 ], [ 398529.704984740586951, 3782615.46286876918748 ], [ 398529.399796541198157, 3782615.76805696869269 ], [ 398527.568667344865389, 3782615.76805696869269 ] ] ] } },
{ "type": "Feature", "properties": { "confidence": 0.99781572818756104, "class": 1, "regularized": null }, "geometry": { "type": "Polygon", "coordinates": [ [ [ 398554.425228891137522, 3782472.024415055755526 ], [ 398554.120040691748727, 3782471.719226856715977 ], [ 398551.068158697860781, 3782471.719226856715977 ], [ 398550.457782299083192, 3782471.108850457705557 ], [ 398550.457782299083192, 3782470.498474059160799 ], [ 398550.152594099694397, 3782470.193285859655589 ], [ 398550.152594099694397, 3782468.667344862595201 ], [ 398549.847405900305603, 3782468.362156663089991 ], [ 398549.847405900305603, 3782467.446592065040022 ], [ 398550.152594099694397, 3782467.141403865534812 ], [ 398550.152594099694397, 3782464.394710071384907 ], [ 398550.457782299083192, 3782464.089521871879697 ], [ 398552.28891149541596, 3782464.089521871879697 ], [ 398552.594099694804754, 3782464.394710071384907 ], [ 398554.425228891137522, 3782464.394710071384907 ], [ 398554.730417090526316, 3782464.089521871879697 ], [ 398555.951169888081495, 3782464.089521871879697 ], [ 398555.951169888081495, 3782471.719226856715977 ], [ 398555.340793489303906, 3782471.719226856715977 ], [ 398555.035605289915111, 3782472.024415055755526 ], [ 398554.425228891137522, 3782472.024415055755526 ] ] ] } },
{ "type": "Feature", "properties": { "confidence": 0.99679678678512573, "class": 1, "regularized": null }, "geometry": { "type": "Polygon", "coordinates": [ [ [ 398751.576805696822703, 3782771.719226856715977 ], [ 398751.576805696822703, 3782763.784333672374487 ], [ 398754.018311291991267, 3782763.784333672374487 ], [ 398754.323499491380062, 3782764.089521871879697 ], [ 398755.54425228893524, 3782764.089521871879697 ], [ 398755.849440488324035, 3782764.394710071384907 ], [ 398756.459816887101624, 3782764.394710071384907 ], [ 398756.459816887101624, 3782769.27772126160562 ], [ 398756.15462868771283, 3782769.582909460645169 ], [ 398756.15462868771283, 3782769.888097660150379 ], [ 398755.849440488324035, 3782770.193285859655589 ], [ 398755.849440488324035, 3782770.498474059160799 ], [ 398755.54425228893524, 3782770.803662258200347 ], [ 398755.54425228893524, 3782771.108850457705557 ], [ 398755.239064089546446, 3782771.414038657210767 ], [ 398752.797558494377881, 3782771.414038657210767 ], [ 398752.492370294989087, 3782771.719226856715977 ], [ 398751.576805696822703, 3782771.719226856715977 ] ] ] } },
{ "type": "Feature", "properties": { "confidence": 0.99669396877288818, "class": 1, "regularized": null }, "geometry": { "type": "Polygon", "coordinates": [ [ [ 398845.879959308251273, 3782730.82400813838467 ], [ 398845.879959308251273, 3782730.21363173937425 ], [ 398844.048830111918505, 3782728.382502543274313 ], [ 398843.743641912529711, 3782728.382502543274313 ], [ 398843.743641912529711, 3782726.856561546213925 ], [ 398850.762970498471987, 3782726.856561546213925 ], [ 398850.762970498471987, 3782727.161749745719135 ], [ 398850.457782299083192, 3782727.466937945224345 ], [ 398850.457782299083192, 3782728.077314343769103 ], [ 398849.847405900305603, 3782728.687690742779523 ], [ 398849.847405900305603, 3782728.992878941819072 ], [ 398849.237029501528013, 3782729.603255340829492 ], [ 398848.931841302139219, 3782729.603255340829492 ], [ 398848.32146490336163, 3782730.21363173937425 ], [ 398848.016276703972835, 3782730.21363173937425 ], [ 398847.71108850458404, 3782730.51881993887946 ], [ 398846.795523906417657, 3782730.51881993887946 ], [ 398846.490335707028862, 3782730.82400813838467 ], [ 398845.879959308251273, 3782730.82400813838467 ] ] ] } },
{ "type": "Feature", "properties": { "confidence": 0.99662399291992188, "class": 1, "regularized": null }, "geometry": { "type": "Polygon", "coordinates": [ [ [ 398768.667344862653408, 3782616.073245167732239 ], [ 398768.362156663264614, 3782615.76805696869269 ], [ 398767.751780264487024, 3782615.76805696869269 ], [ 398767.751780264487024, 3782615.46286876918748 ], [ 398767.44659206509823, 3782615.15768056968227 ], [ 398767.44659206509823, 3782612.716174974571913 ], [ 398767.141403865709435, 3782612.410986775066704 ], [ 398767.141403865709435, 3782611.190233977511525 ], [ 398766.836215666320641, 3782610.885045778006315 ], [ 398766.836215666320641, 3782609.664292980451137 ], [ 398777.517802644986659, 3782609.664292980451137 ], [ 398777.517802644986659, 3782611.495422177016735 ], [ 398777.822990844375454, 3782611.800610376521945 ], [ 398777.822990844375454, 3782613.021363174077123 ], [ 398778.128179043764248, 3782613.326551373116672 ], [ 398778.128179043764248, 3782613.936927772127092 ], [ 398777.822990844375454, 3782614.242115971632302 ], [ 398777.822990844375454, 3782614.547304171137512 ], [ 398777.212614445597865, 3782614.547304171137512 ], [ 398776.90742624620907, 3782614.85249237017706 ], [ 398775.686673448653892, 3782614.85249237017706 ], [ 398775.381485249265097, 3782615.15768056968227 ], [ 398774.465920651040506, 3782615.15768056968227 ], [ 398774.160732451651711, 3782615.46286876918748 ], [ 398772.634791454707738, 3782615.46286876918748 ], [ 398772.329603255318943, 3782615.76805696869269 ], [ 398770.193285859597381, 3782615.76805696869269 ], [ 398769.888097660208587, 3782616.073245167732239 ], [ 398768.667344862653408, 3782616.073245167732239 ] ] ] } },
{ "type": "Feature", "properties": { "confidence": 0.99655765295028687, "class": 1, "regularized": null }, "geometry": { "type": "Polygon", "coordinates": [ [ [ 398505.289928789425176, 3782416.785350966267288 ], [ 398504.984740590036381, 3782416.480162767227739 ], [ 398504.984740590036381, 3782414.954221770167351 ], [ 398505.289928789425176, 3782414.649033570662141 ], [ 398505.289928789425176, 3782413.733468972612172 ], [ 398504.984740590036381, 3782413.428280773106962 ], [ 398505.289928789425176, 3782413.123092573601753 ], [ 398505.289928789425176, 3782412.512716175056994 ], [ 398505.59511698881397, 3782412.207527975551784 ], [ 398505.900305188202765, 3782412.207527975551784 ], [ 398506.205493387591559, 3782411.902339776046574 ], [ 398506.510681586980354, 3782411.902339776046574 ], [ 398506.815869786369149, 3782411.597151577007025 ], [ 398507.426246185146738, 3782411.597151577007025 ], [ 398508.036622583924327, 3782410.986775177996606 ], [ 398508.646998982701916, 3782410.986775177996606 ], [ 398508.952187182090711, 3782410.681586978491396 ], [ 398512.614445574756246, 3782410.681586978491396 ], [ 398512.919633774145041, 3782410.986775177996606 ], [ 398513.224821973533835, 3782410.986775177996606 ], [ 398513.53001017292263, 3782411.291963377501816 ], [ 398513.835198372311424, 3782411.291963377501816 ], [ 398514.140386571700219, 3782411.597151577007025 ], [ 398514.445574771089014, 3782411.597151577007025 ], [ 398515.055951169866603, 3782412.207527975551784 ], [ 398515.055951169866603, 3782412.512716175056994 ], [ 398515.361139369255397, 3782412.817904374562204 ], [ 398515.361139369255397, 3782415.259409969672561 ], [ 398515.055951169866603, 3782415.564598168712109 ], [ 398515.055951169866603, 3782415.869786368217319 ], [ 398514.445574771089014, 3782415.869786368217319 ], [ 398514.140386571700219, 3782416.174974567722529 ], [ 398508.952187182090711, 3782416.174974567722529 ], [ 398508.646998982701916, 3782416.480162767227739 ], [ 398507.121057985757943, 3782416.480162767227739 ], [ 398506.815869786369149, 3782416.785350966267288 ], [ 398505.289928789425176, 3782416.785350966267288 ] ] ] } },
{ "type": "Feature", "properties": { "confidence": 0.99613046646118164, "class": 1, "regularized": null }, "geometry": { "type": "Polygon", "coordinates": [ [ [ 398634.384537131234538, 3782496.744659206364304 ], [ 398634.384537131234538, 3782493.997965412214398 ], [ 398634.689725330623332, 3782493.997965412214398 ], [ 398634.994913530012127, 3782493.692777212709188 ], [ 398635.605289928789716, 3782493.692777212709188 ], [ 398635.910478128178511, 3782493.387589013203979 ], [ 398636.215666327567305, 3782493.387589013203979 ], [ 398636.5208545269561, 3782493.082400813698769 ], [ 398639.267548321455251, 3782493.082400813698769 ], [ 398639.267548321455251, 3782493.692777212709188 ], [ 398638.962360122066457, 3782493.997965412214398 ], [ 398638.962360122066457, 3782494.913530010264367 ], [ 398638.657171922677662, 3782495.218718209769577 ], [ 398638.657171922677662, 3782495.523906408809125 ], [ 398638.046795523900073, 3782496.134282807819545 ], [ 398637.436419125122484, 3782496.134282807819545 ], [ 398637.131230925733689, 3782496.439471007324755 ], [ 398635.300101729400922, 3782496.439471007324755 ], [ 398634.994913530012127, 3782496.744659206364304 ], [ 398634.384537131234538, 3782496.744659206364304 ] ] ] } },
{ "type": "Feature", "properties": { "confidence": 0.99574285745620728, "class": 1, "regularized": null }, "geometry": { "type": "Polygon", "coordinates": [ [ [ 398856.866734486247879, 3782731.434384536929429 ], [ 398856.561546286859084, 3782731.12919633788988 ], [ 398856.256358087470289, 3782731.12919633788988 ], [ 398856.256358087470289, 3782730.82400813838467 ], [ 398855.035605289915111, 3782729.603255340829492 ], [ 398854.730417090526316, 3782729.603255340829492 ], [ 398854.730417090526316, 3782729.298067141324282 ], [ 398853.814852492359933, 3782728.382502543274313 ], [ 398853.814852492359933, 3782728.077314343769103 ], [ 398853.204476093582343, 3782727.466937945224345 ], [ 398853.204476093582343, 3782727.161749745719135 ], [ 398852.899287894193549, 3782726.856561546213925 ], [ 398861.444557477138005, 3782726.856561546213925 ], [ 398861.139369277749211, 3782727.161749745719135 ], [ 398861.139369277749211, 3782727.466937945224345 ], [ 398860.528992878913414, 3782728.077314343769103 ], [ 398860.528992878913414, 3782728.382502543274313 ], [ 398860.223804679524619, 3782728.687690742779523 ], [ 398860.223804679524619, 3782728.992878941819072 ], [ 398859.61342828074703, 3782729.603255340829492 ], [ 398859.61342828074703, 3782729.908443540334702 ], [ 398858.087487283803057, 3782731.434384536929429 ], [ 398856.866734486247879, 3782731.434384536929429 ] ] ] } },
{ "type": "Feature", "properties": { "confidence": 0.99566191434860229, "class": 1, "regularized": null }, "geometry": { "type": "Polygon", "coordinates": [ [ [ 398667.650050864671357, 3782989.928789420053363 ], [ 398667.344862665282562, 3782989.623601220548153 ], [ 398667.344862665282562, 3782989.318413021508604 ], [ 398667.039674465893768, 3782989.013224822003394 ], [ 398667.039674465893768, 3782988.708036622498184 ], [ 398666.429298067116179, 3782988.097660223953426 ], [ 398666.429298067116179, 3782987.792472024448216 ], [ 398665.818921668338589, 3782987.182095625437796 ], [ 398665.818921668338589, 3782986.876907426398247 ], [ 398665.208545269561, 3782986.266531027387828 ], [ 398665.208545269561, 3782985.961342827882618 ], [ 398664.903357070172206, 3782985.656154628843069 ], [ 398664.903357070172206, 3782984.130213631782681 ], [ 398665.208545269561, 3782983.825025432277471 ], [ 398665.208545269561, 3782983.519837232772261 ], [ 398666.124109867727384, 3782982.604272634722292 ], [ 398666.124109867727384, 3782982.299084435217083 ], [ 398666.429298067116179, 3782981.993896236177534 ], [ 398666.429298067116179, 3782981.688708036672324 ], [ 398667.039674465893768, 3782981.078331637661904 ], [ 398667.344862665282562, 3782981.078331637661904 ], [ 398667.650050864671357, 3782980.773143438622355 ], [ 398669.786368260451127, 3782980.773143438622355 ], [ 398670.091556459839921, 3782980.467955239117146 ], [ 398670.396744659228716, 3782980.773143438622355 ], [ 398671.007121058006305, 3782980.773143438622355 ], [ 398671.3123092573951, 3782981.078331637661904 ], [ 398671.3123092573951, 3782986.571719226893038 ], [ 398671.007121058006305, 3782986.876907426398247 ], [ 398671.007121058006305, 3782987.487283824943006 ], [ 398670.701932858617511, 3782987.792472024448216 ], [ 398670.701932858617511, 3782988.097660223953426 ], [ 398669.481180061062332, 3782989.318413021508604 ], [ 398669.481180061062332, 3782989.623601220548153 ], [ 398669.175991861673538, 3782989.623601220548153 ], [ 398668.870803662284743, 3782989.928789420053363 ], [ 398667.650050864671357, 3782989.928789420053363 ] ] ] } },
{ "type": "Feature", "properties": { "confidence": 0.99540162086486816, "class": 1, "regularized": null }, "geometry": { "type": "Polygon", "coordinates": [ [ [ 398514.140386571700219, 3782771.414038657210767 ], [ 398513.835198372311424, 3782771.108850457705557 ], [ 398513.53001017292263, 3782771.108850457705557 ], [ 398513.224821973533835, 3782770.803662258200347 ], [ 398513.224821973533835, 3782769.888097660150379 ], [ 398512.919633774145041, 3782769.582909460645169 ], [ 398512.919633774145041, 3782769.27772126160562 ], [ 398512.614445574756246, 3782768.97253306210041 ], [ 398512.614445574756246, 3782768.667344862595201 ], [ 398510.783316378423478, 3782766.836215666495264 ], [ 398510.783316378423478, 3782766.531027466990054 ], [ 398510.478128179034684, 3782766.225839267484844 ], [ 398510.478128179034684, 3782764.699898270424455 ], [ 398510.172939979645889, 3782764.394710071384907 ], [ 398510.478128179034684, 3782764.089521871879697 ], [ 398512.614445574756246, 3782764.089521871879697 ], [ 398513.224821973533835, 3782763.479145472869277 ], [ 398514.140386571700219, 3782763.479145472869277 ], [ 398514.445574771089014, 3782763.784333672374487 ], [ 398517.49745676497696, 3782763.784333672374487 ], [ 398517.802644964365754, 3782763.479145472869277 ], [ 398520.854526958311908, 3782763.479145472869277 ], [ 398521.159715157700703, 3782763.173957273829728 ], [ 398521.770091556478292, 3782763.173957273829728 ], [ 398522.075279755867086, 3782762.868769074324518 ], [ 398522.685656154644676, 3782762.868769074324518 ], [ 398522.99084435403347, 3782763.173957273829728 ], [ 398523.296032553422265, 3782763.173957273829728 ], [ 398523.601220752811059, 3782763.479145472869277 ], [ 398523.601220752811059, 3782765.920651067979634 ], [ 398523.296032553422265, 3782766.225839267484844 ], [ 398523.296032553422265, 3782766.531027466990054 ], [ 398522.99084435403347, 3782766.531027466990054 ], [ 398521.770091556478292, 3782767.751780264545232 ], [ 398521.770091556478292, 3782768.056968464050442 ], [ 398521.464903357089497, 3782768.362156663089991 ], [ 398521.464903357089497, 3782768.667344862595201 ], [ 398521.159715157700703, 3782768.97253306210041 ], [ 398520.854526958311908, 3782768.97253306210041 ], [ 398520.244150559534319, 3782769.582909460645169 ], [ 398519.938962360145524, 3782769.582909460645169 ], [ 398519.63377416075673, 3782769.888097660150379 ], [ 398519.02339776197914, 3782769.888097660150379 ], [ 398518.413021363201551, 3782770.498474059160799 ], [ 398517.802644964365754, 3782770.498474059160799 ], [ 398517.49745676497696, 3782770.803662258200347 ], [ 398516.88708036619937, 3782770.803662258200347 ], [ 398516.581892166810576, 3782771.108850457705557 ], [ 398515.971515768032987, 3782771.108850457705557 ], [ 398515.666327568644192, 3782771.414038657210767 ], [ 398514.140386571700219, 3782771.414038657210767 ] ] ] } },
{ "type": "Feature", "properties": { "confidence": 0.9948849081993103, "class": 1, "regularized": null }, "geometry": { "type": "Polygon", "coordinates": [ [ [ 398774.7711088504293, 3782453.71312309242785 ], [ 398774.465920651040506, 3782453.407934893388301 ], [ 398773.855544252262916, 3782453.407934893388301 ], [ 398773.550356052874122, 3782453.102746693883091 ], [ 398772.634791454707738, 3782453.102746693883091 ], [ 398772.329603255318943, 3782452.797558494377881 ], [ 398771.719226856541354, 3782452.797558494377881 ], [ 398771.108850457763765, 3782452.187182095833123 ], [ 398771.108850457763765, 3782451.881993896327913 ], [ 398770.80366225837497, 3782451.576805696822703 ], [ 398770.80366225837497, 3782451.271617497317493 ], [ 398770.498474058986176, 3782450.966429298277944 ], [ 398770.498474058986176, 3782450.050864699762315 ], [ 398770.80366225837497, 3782449.745676500722766 ], [ 398770.80366225837497, 3782448.830111902207136 ], [ 398771.108850457763765, 3782448.524923703167588 ], [ 398771.108850457763765, 3782448.219735503662378 ], [ 398771.719226856541354, 3782447.609359104651958 ], [ 398771.719226856541354, 3782446.998982706107199 ], [ 398772.329603255318943, 3782446.388606307096779 ], [ 398772.329603255318943, 3782446.083418108057231 ], [ 398772.634791454707738, 3782445.778229908552021 ], [ 398772.634791454707738, 3782445.473041709046811 ], [ 398772.939979654096533, 3782445.167853509541601 ], [ 398772.939979654096533, 3782444.557477110996842 ], [ 398773.245167853485327, 3782444.252288911491632 ], [ 398773.550356052874122, 3782444.252288911491632 ], [ 398773.855544252262916, 3782443.947100711986423 ], [ 398774.160732451651711, 3782443.947100711986423 ], [ 398774.465920651040506, 3782443.641912512946874 ], [ 398777.212614445597865, 3782443.641912512946874 ], [ 398778.128179043764248, 3782444.557477110996842 ], [ 398778.128179043764248, 3782445.167853509541601 ], [ 398778.433367243153043, 3782445.473041709046811 ], [ 398778.433367243153043, 3782445.778229908552021 ], [ 398779.043743641930632, 3782446.388606307096779 ], [ 398779.043743641930632, 3782446.693794506601989 ], [ 398779.348931841319427, 3782446.998982706107199 ], [ 398779.348931841319427, 3782447.304170905612409 ], [ 398779.654120040708221, 3782447.609359104651958 ], [ 398779.654120040708221, 3782449.440488301217556 ], [ 398779.043743641930632, 3782450.050864699762315 ], [ 398779.043743641930632, 3782450.966429298277944 ], [ 398778.128179043764248, 3782450.966429298277944 ], [ 398777.517802644986659, 3782451.576805696822703 ], [ 398777.517802644986659, 3782452.797558494377881 ], [ 398777.212614445597865, 3782452.797558494377881 ], [ 398776.602238046820275, 3782453.407934893388301 ], [ 398776.297049847431481, 3782453.407934893388301 ], [ 398775.991861648042686, 3782453.71312309242785 ], [ 398774.7711088504293, 3782453.71312309242785 ] ] ] } },
{ "type": "Feature", "properties": { "confidence": 0.99408417940139771, "class": 1, "regularized": null }, "geometry": { "type": "Polygon", "coordinates": [ [ [ 398413.42828077316517, 3782425.330620549153537 ], [ 398413.123092573776376, 3782425.025432350113988 ], [ 398412.512716174998786, 3782425.025432350113988 ], [ 398412.512716174998786, 3782424.720244150608778 ], [ 398412.207527975609992, 3782424.415055951103568 ], [ 398412.207527975609992, 3782423.19430315354839 ], [ 398411.902339776221197, 3782422.88911495404318 ], [ 398411.902339776221197, 3782418.921668362338096 ], [ 398412.207527975609992, 3782418.616480162832886 ], [ 398417.700915564608295, 3782418.616480162832886 ], [ 398418.006103763997089, 3782418.921668362338096 ], [ 398418.006103763997089, 3782419.226856561377645 ], [ 398418.616480162774678, 3782419.837232960388064 ], [ 398419.532044760941062, 3782419.837232960388064 ], [ 398419.837232960329857, 3782420.142421159893274 ], [ 398419.837232960329857, 3782421.668362156488001 ], [ 398420.142421159718651, 3782421.973550355993211 ], [ 398420.142421159718651, 3782423.4994913530536 ], [ 398420.447609359107446, 3782423.80467955255881 ], [ 398419.837232960329857, 3782424.415055951103568 ], [ 398419.226856561552268, 3782424.415055951103568 ], [ 398418.921668362163473, 3782424.720244150608778 ], [ 398417.700915564608295, 3782424.720244150608778 ], [ 398417.3957273652195, 3782425.025432350113988 ], [ 398415.564598168886732, 3782425.025432350113988 ], [ 398415.259409969497938, 3782425.330620549153537 ], [ 398413.42828077316517, 3782425.330620549153537 ] ] ] } },
{ "type": "Feature", "properties": { "confidence": 0.99400514364242554, "class": 1, "regularized": null }, "geometry": { "type": "Polygon", "coordinates": [ [ [ 398817.192268565588165, 3782786.978636825922877 ], [ 398816.88708036619937, 3782786.673448626883328 ], [ 398816.581892166810576, 3782786.673448626883328 ], [ 398816.581892166810576, 3782783.926754832267761 ], [ 398816.88708036619937, 3782783.621566632762551 ], [ 398816.88708036619937, 3782783.316378433257341 ], [ 398817.192268565588165, 3782783.011190233752131 ], [ 398817.192268565588165, 3782782.706002034712583 ], [ 398817.49745676497696, 3782782.400813835207373 ], [ 398817.49745676497696, 3782782.095625635702163 ], [ 398817.802644964365754, 3782781.790437436196953 ], [ 398817.802644964365754, 3782781.485249237157404 ], [ 398819.02339776197914, 3782780.264496439602226 ], [ 398819.02339776197914, 3782779.959308240097016 ], [ 398819.328585961367935, 3782779.654120040591806 ], [ 398819.328585961367935, 3782779.348931841086596 ], [ 398819.938962360145524, 3782778.738555442541838 ], [ 398820.244150559534319, 3782779.043743642047048 ], [ 398822.075279755867086, 3782779.043743642047048 ], [ 398822.075279755867086, 3782779.348931841086596 ], [ 398822.685656154644676, 3782779.959308240097016 ], [ 398822.685656154644676, 3782780.264496439602226 ], [ 398822.99084435403347, 3782780.569684638641775 ], [ 398822.99084435403347, 3782780.874872838146985 ], [ 398823.296032553422265, 3782781.180061037652194 ], [ 398823.296032553422265, 3782781.485249237157404 ], [ 398823.601220752811059, 3782781.790437436196953 ], [ 398822.380467955255881, 3782783.011190233752131 ], [ 398822.380467955255881, 3782783.316378433257341 ], [ 398821.770091556478292, 3782783.926754832267761 ], [ 398821.770091556478292, 3782784.23194303130731 ], [ 398821.464903357089497, 3782784.53713123081252 ], [ 398821.464903357089497, 3782784.84231943031773 ], [ 398821.159715157700703, 3782785.14750762982294 ], [ 398821.159715157700703, 3782785.452695828862488 ], [ 398820.549338758923113, 3782786.063072227872908 ], [ 398820.549338758923113, 3782786.368260427378118 ], [ 398819.938962360145524, 3782786.978636825922877 ], [ 398817.192268565588165, 3782786.978636825922877 ] ] ] } },
{ "type": "Feature", "properties": { "confidence": 0.99399662017822266, "class": 1, "regularized": null }, "geometry": { "type": "Polygon", "coordinates": [ [ [ 398545.574771108862478, 3782493.997965412214398 ], [ 398545.269582909473684, 3782493.692777212709188 ], [ 398544.3540183113073, 3782493.692777212709188 ], [ 398544.048830111918505, 3782493.387589013203979 ], [ 398544.3540183113073, 3782493.082400813698769 ], [ 398544.3540183113073, 3782490.946083418093622 ], [ 398544.659206510696094, 3782490.640895218588412 ], [ 398544.659206510696094, 3782486.673448626883328 ], [ 398544.3540183113073, 3782486.368260427378118 ], [ 398544.3540183113073, 3782484.84231943031773 ], [ 398544.659206510696094, 3782484.53713123081252 ], [ 398544.659206510696094, 3782484.23194303130731 ], [ 398544.964394710084889, 3782483.926754832267761 ], [ 398545.269582909473684, 3782483.926754832267761 ], [ 398545.574771108862478, 3782483.621566632762551 ], [ 398546.185147507640067, 3782483.621566632762551 ], [ 398546.795523906417657, 3782483.011190233752131 ], [ 398548.32146490336163, 3782483.011190233752131 ], [ 398548.32146490336163, 3782483.316378433257341 ], [ 398548.626653102750424, 3782483.621566632762551 ], [ 398548.626653102750424, 3782483.926754832267761 ], [ 398549.542217700916808, 3782484.84231943031773 ], [ 398549.847405900305603, 3782484.84231943031773 ], [ 398550.152594099694397, 3782485.14750762982294 ], [ 398550.762970498471987, 3782485.14750762982294 ], [ 398551.068158697860781, 3782485.452695828862488 ], [ 398551.983723296027165, 3782485.452695828862488 ], [ 398552.28891149541596, 3782485.757884028367698 ], [ 398553.204476093582343, 3782485.757884028367698 ], [ 398553.509664292971138, 3782486.063072227872908 ], [ 398553.509664292971138, 3782486.673448626883328 ], [ 398553.814852492359933, 3782486.978636825922877 ], [ 398553.814852492359933, 3782489.114954221993685 ], [ 398554.120040691748727, 3782489.420142421033233 ], [ 398554.120040691748727, 3782493.082400813698769 ], [ 398553.509664292971138, 3782493.082400813698769 ], [ 398553.204476093582343, 3782493.387589013203979 ], [ 398548.626653102750424, 3782493.387589013203979 ], [ 398548.32146490336163, 3782493.692777212709188 ], [ 398546.795523906417657, 3782493.692777212709188 ], [ 398546.490335707028862, 3782493.997965412214398 ], [ 398545.574771108862478, 3782493.997965412214398 ] ] ] } },
{ "type": "Feature", "properties": { "confidence": 0.99337959289550781, "class": 1, "regularized": null }, "geometry": { "type": "Polygon", "coordinates": [ [ [ 398403.662258392665535, 3782531.230925737414509 ], [ 398403.662258392665535, 3782530.92573753837496 ], [ 398403.357070193276741, 3782530.62054933886975 ], [ 398403.051881993887946, 3782530.62054933886975 ], [ 398403.051881993887946, 3782530.010172939859331 ], [ 398402.746693794499151, 3782529.704984740819782 ], [ 398402.441505595110357, 3782529.704984740819782 ], [ 398402.441505595110357, 3782528.484231942798942 ], [ 398402.136317395721562, 3782528.179043743759394 ], [ 398402.136317395721562, 3782527.568667344748974 ], [ 398402.441505595110357, 3782527.263479145243764 ], [ 398402.441505595110357, 3782526.347914547193795 ], [ 398402.746693794499151, 3782526.042726347688586 ], [ 398402.746693794499151, 3782525.432349949143827 ], [ 398403.662258392665535, 3782524.516785351093858 ], [ 398404.577822990831919, 3782524.516785351093858 ], [ 398404.883011190220714, 3782524.211597151588649 ], [ 398406.408952187164687, 3782524.211597151588649 ], [ 398406.714140386553481, 3782524.516785351093858 ], [ 398411.902339776221197, 3782524.516785351093858 ], [ 398412.207527975609992, 3782524.821973550133407 ], [ 398412.207527975609992, 3782527.263479145243764 ], [ 398412.512716174998786, 3782527.568667344748974 ], [ 398412.512716174998786, 3782528.789420142304152 ], [ 398412.817904374387581, 3782529.094608341809362 ], [ 398412.817904374387581, 3782529.399796541314572 ], [ 398413.123092573776376, 3782529.704984740819782 ], [ 398413.123092573776376, 3782530.62054933886975 ], [ 398412.817904374387581, 3782530.92573753837496 ], [ 398412.817904374387581, 3782531.230925737414509 ], [ 398403.662258392665535, 3782531.230925737414509 ] ] ] } },
{ "type": "Feature", "properties": { "confidence": 0.99332010746002197, "class": 1, "regularized": "rectangle" }, "geometry": { "type": "Polygon", "coordinates": [ [ [ 398709.3125, 3782759.25 ], [ 398709.9375, 3782741.75 ], [ 398717.875, 3782742.25 ], [ 398717.25, 3782759.75 ], [ 398709.3125, 3782759.25 ] ] ] } },
{ "type": "Feature", "properties": { "confidence": 0.99324566125869751, "class": 1, "regularized": null }, "geometry": { "type": "Polygon", "coordinates": [ [ [ 398871.210579857579432, 3782796.134282807819545 ], [ 398870.905391658190638, 3782795.829094608314335 ], [ 398870.905391658190638, 3782795.218718209769577 ], [ 398870.600203458801843, 3782794.913530010264367 ], [ 398870.600203458801843, 3782793.997965412214398 ], [ 398870.295015259413049, 3782793.692777212709188 ], [ 398870.295015259413049, 3782793.387589013203979 ], [ 398869.989827060024254, 3782793.082400813698769 ], [ 398869.989827060024254, 3782790.335707019548863 ], [ 398870.600203458801843, 3782789.725330620538443 ], [ 398870.905391658190638, 3782789.725330620538443 ], [ 398871.210579857579432, 3782789.420142421033233 ], [ 398872.736520854523405, 3782789.420142421033233 ], [ 398873.0417090539122, 3782789.725330620538443 ], [ 398873.346897253300995, 3782789.725330620538443 ], [ 398873.346897253300995, 3782790.030518820043653 ], [ 398873.652085452689789, 3782790.335707019548863 ], [ 398875.178026449633762, 3782790.335707019548863 ], [ 398875.483214649022557, 3782790.640895218588412 ], [ 398875.483214649022557, 3782790.946083418093622 ], [ 398875.788402848411351, 3782791.251271617598832 ], [ 398875.788402848411351, 3782792.77721261465922 ], [ 398875.483214649022557, 3782793.082400813698769 ], [ 398875.483214649022557, 3782793.692777212709188 ], [ 398875.178026449633762, 3782793.997965412214398 ], [ 398874.872838250244968, 3782793.997965412214398 ], [ 398874.567650050856173, 3782794.303153611253947 ], [ 398873.957273652078584, 3782794.303153611253947 ], [ 398872.736520854523405, 3782795.523906408809125 ], [ 398872.736520854523405, 3782795.829094608314335 ], [ 398872.431332655134611, 3782796.134282807819545 ], [ 398871.210579857579432, 3782796.134282807819545 ] ] ] } },
{ "type": "Feature", "properties": { "confidence": 0.99295288324356079, "class": 1, "regularized": null }, "geometry": { "type": "Polygon", "coordinates": [ [ [ 398454.933875890157651, 3782512.919633774086833 ], [ 398454.628687690768857, 3782512.614445574581623 ], [ 398454.628687690768857, 3782507.426246185321361 ], [ 398454.933875890157651, 3782507.121057985816151 ], [ 398456.459816887101624, 3782507.121057985816151 ], [ 398456.765005086490419, 3782506.815869786310941 ], [ 398459.206510681600776, 3782506.815869786310941 ], [ 398459.51169888098957, 3782506.510681586805731 ], [ 398461.953204476099927, 3782506.510681586805731 ], [ 398462.258392675488722, 3782506.205493387766182 ], [ 398463.4791454730439, 3782506.205493387766182 ], [ 398463.784333672432695, 3782506.510681586805731 ], [ 398464.089521871821489, 3782506.510681586805731 ], [ 398464.394710071210284, 3782506.815869786310941 ], [ 398464.394710071210284, 3782507.121057985816151 ], [ 398464.699898270599078, 3782507.426246185321361 ], [ 398464.699898270599078, 3782507.731434384360909 ], [ 398465.005086469987873, 3782508.036622583866119 ], [ 398465.005086469987873, 3782509.562563580926508 ], [ 398465.310274669376668, 3782509.867751780431718 ], [ 398465.310274669376668, 3782512.614445574581623 ], [ 398465.005086469987873, 3782512.919633774086833 ], [ 398464.699898270599078, 3782512.919633774086833 ], [ 398464.394710071210284, 3782512.614445574581623 ], [ 398458.596134282823186, 3782512.614445574581623 ], [ 398458.290946083434392, 3782512.919633774086833 ], [ 398454.933875890157651, 3782512.919633774086833 ] ] ] } },
{ "type": "Feature", "properties": { "confidence": 0.99254250526428223, "class": 1, "regularized": null }, "geometry": { "type": "Polygon", "coordinates": [ [ [ 398511.393692777201068, 3782905.696846388746053 ], [ 398511.393692777201068, 3782905.391658189240843 ], [ 398511.088504577812273, 3782905.086469989735633 ], [ 398511.088504577812273, 3782902.339776195120066 ], [ 398510.783316378423478, 3782902.034587996080518 ], [ 398510.478128179034684, 3782902.034587996080518 ], [ 398510.478128179034684, 3782901.729399796575308 ], [ 398510.172939979645889, 3782901.424211597070098 ], [ 398510.172939979645889, 3782899.89827060000971 ], [ 398510.478128179034684, 3782899.593082400970161 ], [ 398510.783316378423478, 3782899.593082400970161 ], [ 398511.088504577812273, 3782899.287894201464951 ], [ 398512.919633774145041, 3782899.287894201464951 ], [ 398513.224821973533835, 3782898.982706001959741 ], [ 398515.055951169866603, 3782898.982706001959741 ], [ 398515.666327568644192, 3782899.593082400970161 ], [ 398515.971515768032987, 3782899.593082400970161 ], [ 398515.971515768032987, 3782900.508646999020129 ], [ 398516.276703967421781, 3782900.813835198525339 ], [ 398516.581892166810576, 3782900.813835198525339 ], [ 398516.88708036619937, 3782901.119023397564888 ], [ 398517.192268565588165, 3782901.119023397564888 ], [ 398517.802644964365754, 3782901.729399796575308 ], [ 398518.107833163812757, 3782901.729399796575308 ], [ 398518.107833163812757, 3782904.170905391685665 ], [ 398517.802644964365754, 3782904.476093591190875 ], [ 398517.802644964365754, 3782904.781281790230423 ], [ 398517.49745676497696, 3782904.781281790230423 ], [ 398517.192268565588165, 3782905.086469989735633 ], [ 398514.445574771089014, 3782905.086469989735633 ], [ 398514.140386571700219, 3782905.391658189240843 ], [ 398513.53001017292263, 3782905.391658189240843 ], [ 398513.224821973533835, 3782905.696846388746053 ], [ 398511.393692777201068, 3782905.696846388746053 ] ] ] } },
{ "type": "Feature", "properties": { "confidence": 0.99194055795669556, "class": 1, "regularized": null }, "geometry": { "type": "Polygon", "coordinates": [ [ [ 398550.457782299083192, 3782524.821973550133407 ], [ 398550.152594099694397, 3782524.516785351093858 ], [ 398549.847405900305603, 3782524.516785351093858 ], [ 398549.847405900305603, 3782523.29603255353868 ], [ 398550.152594099694397, 3782522.99084435403347 ], [ 398550.152594099694397, 3782519.633774160873145 ], [ 398550.457782299083192, 3782519.633774160873145 ], [ 398550.762970498471987, 3782519.328585961367935 ], [ 398551.983723296027165, 3782519.328585961367935 ], [ 398552.28891149541596, 3782519.023397761862725 ], [ 398552.899287894193549, 3782519.023397761862725 ], [ 398553.204476093582343, 3782518.718209562357515 ], [ 398553.509664292971138, 3782518.718209562357515 ], [ 398553.814852492359933, 3782518.413021363317966 ], [ 398555.951169888081495, 3782518.413021363317966 ], [ 398555.951169888081495, 3782524.211597151588649 ], [ 398554.425228891137522, 3782524.211597151588649 ], [ 398554.120040691748727, 3782524.516785351093858 ], [ 398550.762970498471987, 3782524.516785351093858 ], [ 398550.457782299083192, 3782524.821973550133407 ] ] ] } },
{ "type": "Feature", "properties": { "confidence": 0.99168515205383301, "class": 1, "regularized": null }, "geometry": { "type": "Polygon", "coordinates": [ [ [ 398518.718209562590346, 3782511.393692777026445 ], [ 398518.413021363201551, 3782511.088504577986896 ], [ 398518.413021363201551, 3782510.783316378481686 ], [ 398518.107833163812757, 3782510.478128178976476 ], [ 398518.107833163812757, 3782509.562563580926508 ], [ 398517.802644964365754, 3782509.257375381421298 ], [ 398517.802644964365754, 3782503.458799593150616 ], [ 398518.413021363201551, 3782502.848423194140196 ], [ 398519.938962360145524, 3782502.848423194140196 ], [ 398520.244150559534319, 3782502.543234995100647 ], [ 398521.770091556478292, 3782502.543234995100647 ], [ 398522.075279755867086, 3782502.848423194140196 ], [ 398522.075279755867086, 3782504.679552390705794 ], [ 398522.380467955255881, 3782504.984740590211004 ], [ 398522.380467955255881, 3782505.289928789250553 ], [ 398522.685656154644676, 3782505.595116988755763 ], [ 398522.685656154644676, 3782508.952187181916088 ], [ 398522.99084435403347, 3782509.257375381421298 ], [ 398522.99084435403347, 3782510.478128178976476 ], [ 398522.685656154644676, 3782510.783316378481686 ], [ 398522.685656154644676, 3782511.088504577986896 ], [ 398522.075279755867086, 3782511.088504577986896 ], [ 398521.770091556478292, 3782511.393692777026445 ], [ 398518.718209562590346, 3782511.393692777026445 ] ] ] } },
{ "type": "Feature", "properties": { "confidence": 0.99142163991928101, "class": 1, "regularized": null }, "geometry": { "type": "Polygon", "coordinates": [ [ [ 398536.113936927751638, 3782562.054933875799179 ], [ 398535.808748728362843, 3782561.749745676293969 ], [ 398535.808748728362843, 3782560.834181078244001 ], [ 398536.113936927751638, 3782560.528992878738791 ], [ 398536.113936927751638, 3782559.613428280688822 ], [ 398536.419125127140433, 3782559.308240081183612 ], [ 398536.419125127140433, 3782558.392675483133644 ], [ 398536.724313326529227, 3782558.087487283628434 ], [ 398541.912512716196943, 3782558.087487283628434 ], [ 398541.912512716196943, 3782560.223804679699242 ], [ 398542.217700915585738, 3782560.528992878738791 ], [ 398542.217700915585738, 3782561.749745676293969 ], [ 398541.607324516808148, 3782561.749745676293969 ], [ 398541.302136317419354, 3782562.054933875799179 ], [ 398536.113936927751638, 3782562.054933875799179 ] ] ] } },
{ "type": "Feature", "properties": { "confidence": 0.99140417575836182, "class": 1, "regularized": null }, "geometry": { "type": "Polygon", "coordinates": [ [ [ 398519.02339776197914, 3782898.677517802454531 ], [ 398518.718209562590346, 3782898.372329603414983 ], [ 398518.413021363201551, 3782898.372329603414983 ], [ 398517.192268565588165, 3782897.151576805859804 ], [ 398517.192268565588165, 3782896.846388606354594 ], [ 398516.88708036619937, 3782896.541200406849384 ], [ 398516.581892166810576, 3782896.541200406849384 ], [ 398515.971515768032987, 3782895.930824008304626 ], [ 398515.971515768032987, 3782892.573753814678639 ], [ 398515.666327568644192, 3782892.268565615639091 ], [ 398515.666327568644192, 3782891.047812818083912 ], [ 398515.971515768032987, 3782890.742624618578702 ], [ 398516.88708036619937, 3782890.742624618578702 ], [ 398517.192268565588165, 3782890.437436419073492 ], [ 398519.328585961367935, 3782890.437436419073492 ], [ 398519.63377416075673, 3782890.132248219568282 ], [ 398522.685656154644676, 3782890.132248219568282 ], [ 398522.99084435403347, 3782890.437436419073492 ], [ 398522.99084435403347, 3782894.404883011244237 ], [ 398522.685656154644676, 3782894.710071210749447 ], [ 398522.685656154644676, 3782895.320447609294206 ], [ 398522.380467955255881, 3782895.625635808799416 ], [ 398522.380467955255881, 3782896.236012207344174 ], [ 398522.075279755867086, 3782896.541200406849384 ], [ 398522.075279755867086, 3782896.846388606354594 ], [ 398520.854526958311908, 3782898.067141403909773 ], [ 398520.549338758923113, 3782898.067141403909773 ], [ 398520.244150559534319, 3782898.372329603414983 ], [ 398519.63377416075673, 3782898.372329603414983 ], [ 398519.328585961367935, 3782898.677517802454531 ], [ 398519.02339776197914, 3782898.677517802454531 ] ] ] } },
{ "type": "Feature", "properties": { "confidence": 0.98887026309967041, "class": 1, "regularized": null }, "geometry": { "type": "Polygon", "coordinates": [ [ [ 398681.688708036614116, 3782645.98168870806694 ], [ 398681.383519837225322, 3782645.67650050856173 ], [ 398680.467955239058938, 3782645.67650050856173 ], [ 398680.162767039670143, 3782645.37131230905652 ], [ 398679.857578840281349, 3782645.37131230905652 ], [ 398679.552390640892554, 3782645.066124110016972 ], [ 398678.63682604272617, 3782645.066124110016972 ], [ 398678.331637843337376, 3782644.760935910511762 ], [ 398678.026449643948581, 3782644.760935910511762 ], [ 398677.721261444559786, 3782644.455747711006552 ], [ 398677.416073245170992, 3782644.455747711006552 ], [ 398676.805696846393403, 3782643.845371312461793 ], [ 398676.805696846393403, 3782643.234994913451374 ], [ 398677.110885045782197, 3782642.929806713946164 ], [ 398677.110885045782197, 3782642.319430315401405 ], [ 398678.026449643948581, 3782641.403865717351437 ], [ 398678.026449643948581, 3782641.098677517846227 ], [ 398678.331637843337376, 3782640.793489318341017 ], [ 398678.331637843337376, 3782640.488301118835807 ], [ 398678.63682604272617, 3782640.183112919796258 ], [ 398678.63682604272617, 3782639.877924720291048 ], [ 398679.247202441503759, 3782639.267548321280628 ], [ 398679.247202441503759, 3782638.04679552372545 ], [ 398679.857578840281349, 3782637.436419125180691 ], [ 398680.467955239058938, 3782637.436419125180691 ], [ 398680.773143438447732, 3782637.741607324685901 ], [ 398681.078331637836527, 3782637.741607324685901 ], [ 398681.383519837225322, 3782638.04679552372545 ], [ 398681.688708036614116, 3782638.04679552372545 ], [ 398681.993896236002911, 3782638.35198372323066 ], [ 398682.909460834169295, 3782638.35198372323066 ], [ 398683.214649033558089, 3782638.65717192273587 ], [ 398684.130213631724473, 3782638.65717192273587 ], [ 398684.435401831113268, 3782638.96236012224108 ], [ 398684.740590030502062, 3782638.96236012224108 ], [ 398685.045778229890857, 3782639.267548321280628 ], [ 398685.045778229890857, 3782640.488301118835807 ], [ 398684.740590030502062, 3782640.793489318341017 ], [ 398684.740590030502062, 3782641.403865717351437 ], [ 398684.130213631724473, 3782642.014242115896195 ], [ 398684.130213631724473, 3782642.319430315401405 ], [ 398683.519837232946884, 3782642.929806713946164 ], [ 398683.519837232946884, 3782643.540183112956583 ], [ 398683.214649033558089, 3782643.845371312461793 ], [ 398683.214649033558089, 3782644.760935910511762 ], [ 398682.909460834169295, 3782645.066124110016972 ], [ 398682.909460834169295, 3782645.67650050856173 ], [ 398682.6042726347805, 3782645.98168870806694 ], [ 398681.688708036614116, 3782645.98168870806694 ] ] ] } },
{ "type": "Feature", "properties": { "confidence": 0.98882061243057251, "class": 1, "regularized": "rectangle" }, "geometry": { "type": "Polygon", "coordinates": [ [ [ 398400.875, 3782524.5 ], [ 398413.125, 3782524.5 ], [ 398413.125, 3782537.0 ], [ 398400.875, 3782537.0 ], [ 398400.875, 3782524.5 ] ] ] } },
{ "type": "Feature", "properties": { "confidence": 0.98863691091537476, "class": 1, "regularized": null }, "geometry": { "type": "Polygon", "coordinates": [ [ [ 398607.8331637843512, 3782606.612410986796021 ], [ 398607.8331637843512, 3782606.002034587785602 ], [ 398608.138351983739994, 3782605.696846388746053 ], [ 398608.138351983739994, 3782604.781281790230423 ], [ 398608.443540183128789, 3782604.476093591190875 ], [ 398608.443540183128789, 3782600.508646999020129 ], [ 398608.138351983739994, 3782600.20345879951492 ], [ 398608.443540183128789, 3782599.89827060000971 ], [ 398608.443540183128789, 3782599.287894201464951 ], [ 398610.274669379461557, 3782599.287894201464951 ], [ 398610.579857578850351, 3782599.593082400970161 ], [ 398611.19023397762794, 3782599.593082400970161 ], [ 398611.495422177016735, 3782599.89827060000971 ], [ 398613.021363173960708, 3782599.89827060000971 ], [ 398613.326551373349503, 3782600.20345879951492 ], [ 398613.631739572738297, 3782600.20345879951492 ], [ 398613.631739572738297, 3782601.729399796575308 ], [ 398613.326551373349503, 3782602.034587996080518 ], [ 398613.326551373349503, 3782603.255340793635696 ], [ 398613.021363173960708, 3782603.560528992675245 ], [ 398613.021363173960708, 3782603.865717192180455 ], [ 398612.716174974571913, 3782604.170905391685665 ], [ 398612.716174974571913, 3782605.086469989735633 ], [ 398612.410986775183119, 3782605.391658189240843 ], [ 398612.410986775183119, 3782606.002034587785602 ], [ 398611.80061037640553, 3782606.612410986796021 ], [ 398607.8331637843512, 3782606.612410986796021 ] ] ] } },
{ "type": "Feature", "properties": { "confidence": 0.98830366134643555, "class": 1, "regularized": null }, "geometry": { "type": "Polygon", "coordinates": [ [ [ 398726.856561546272133, 3782841.302136317361146 ], [ 398726.551373346883338, 3782840.996948117855936 ], [ 398726.246185147494543, 3782840.996948117855936 ], [ 398725.940996948105749, 3782840.691759918816388 ], [ 398725.940996948105749, 3782839.471007121261209 ], [ 398725.635808748716954, 3782839.165818921755999 ], [ 398725.635808748716954, 3782838.250254323706031 ], [ 398725.33062054932816, 3782837.945066124200821 ], [ 398725.33062054932816, 3782835.808748728595674 ], [ 398725.025432349939365, 3782835.503560529090464 ], [ 398725.025432349939365, 3782833.672431332524866 ], [ 398725.33062054932816, 3782833.367243133485317 ], [ 398725.635808748716954, 3782833.367243133485317 ], [ 398725.940996948105749, 3782833.062054933980107 ], [ 398726.856561546272133, 3782833.062054933980107 ], [ 398727.161749745660927, 3782832.756866734474897 ], [ 398727.466937945049722, 3782832.756866734474897 ], [ 398727.772126144438516, 3782832.451678534969687 ], [ 398728.077314343827311, 3782832.451678534969687 ], [ 398728.382502543216106, 3782832.146490335930139 ], [ 398729.603255340771284, 3782832.146490335930139 ], [ 398729.603255340771284, 3782832.756866734474897 ], [ 398729.908443540160079, 3782833.062054933980107 ], [ 398729.603255340771284, 3782833.367243133485317 ], [ 398729.603255340771284, 3782834.587995931040496 ], [ 398730.213631739548873, 3782835.198372329585254 ], [ 398730.213631739548873, 3782835.503560529090464 ], [ 398730.518819938937668, 3782835.808748728595674 ], [ 398730.518819938937668, 3782836.113936927635223 ], [ 398731.739572736492846, 3782837.334689725190401 ], [ 398732.349949135328643, 3782837.334689725190401 ], [ 398732.960325534106232, 3782837.945066124200821 ], [ 398733.570701932883821, 3782837.945066124200821 ], [ 398733.875890132272616, 3782838.250254323706031 ], [ 398734.486266531050205, 3782838.250254323706031 ], [ 398734.791454730439, 3782838.555442522745579 ], [ 398734.791454730439, 3782839.471007121261209 ], [ 398733.875890132272616, 3782840.386571719311178 ], [ 398733.265513733495027, 3782840.386571719311178 ], [ 398732.960325534106232, 3782840.691759918816388 ], [ 398732.044760935881641, 3782840.691759918816388 ], [ 398731.739572736492846, 3782840.996948117855936 ], [ 398728.992878941993695, 3782840.996948117855936 ], [ 398728.6876907426049, 3782841.302136317361146 ], [ 398726.856561546272133, 3782841.302136317361146 ] ] ] } },
{ "type": "Feature", "properties": { "confidence": 0.9878154993057251, "class": 1, "regularized": "rectangle" }, "geometry": { "type": "Polygon", "coordinates": [ [ [ 398664.28125, 3782830.5 ], [ 398672.21875, 3782830.5 ], [ 398672.21875, 3782846.0 ], [ 398664.28125, 3782846.0 ], [ 398664.28125, 3782830.5 ] ] ] } },
{ "type": "Feature", "properties": { "confidence": 0.9871942400932312, "class": 1, "regularized": null }, "geometry": { "type": "Polygon", "coordinates": [ [ [ 398907.527975584962405, 3782581.892166836187243 ], [ 398907.222787385573611, 3782581.586978636682034 ], [ 398906.612410986796021, 3782581.586978636682034 ], [ 398906.307222787407227, 3782581.281790437642485 ], [ 398905.696846388629638, 3782581.281790437642485 ], [ 398905.391658189240843, 3782580.976602238137275 ], [ 398905.086469989852048, 3782580.976602238137275 ], [ 398904.781281790463254, 3782580.671414038632065 ], [ 398904.476093591074459, 3782580.671414038632065 ], [ 398904.170905391685665, 3782580.366225839126855 ], [ 398903.86571719229687, 3782580.366225839126855 ], [ 398903.255340793461073, 3782579.755849440582097 ], [ 398902.950152594072279, 3782579.755849440582097 ], [ 398902.339776195294689, 3782579.145473041571677 ], [ 398902.034587995905895, 3782579.145473041571677 ], [ 398901.119023397739511, 3782578.229908443521708 ], [ 398901.119023397739511, 3782577.61953204497695 ], [ 398900.813835198350716, 3782577.31434384547174 ], [ 398900.813835198350716, 3782577.00915564596653 ], [ 398900.508646998961922, 3782576.70396744646132 ], [ 398900.508646998961922, 3782576.093591047916561 ], [ 398900.813835198350716, 3782575.788402848411351 ], [ 398900.813835198350716, 3782575.483214648906142 ], [ 398901.119023397739511, 3782575.178026449866593 ], [ 398901.119023397739511, 3782573.652085452806205 ], [ 398901.424211597128306, 3782573.346897253300995 ], [ 398901.7293997965171, 3782573.346897253300995 ], [ 398902.034587995905895, 3782573.041709053795785 ], [ 398902.644964394683484, 3782573.041709053795785 ], [ 398902.950152594072279, 3782572.736520854756236 ], [ 398903.255340793461073, 3782572.736520854756236 ], [ 398903.560528992908075, 3782573.041709053795785 ], [ 398904.476093591074459, 3782573.041709053795785 ], [ 398904.781281790463254, 3782573.346897253300995 ], [ 398905.696846388629638, 3782573.346897253300995 ], [ 398906.002034588018432, 3782573.652085452806205 ], [ 398906.307222787407227, 3782573.652085452806205 ], [ 398906.612410986796021, 3782573.957273652311414 ], [ 398907.527975584962405, 3782573.957273652311414 ], [ 398907.527975584962405, 3782581.892166836187243 ] ] ] } },
{ "type": "Feature", "properties": { "confidence": 0.98713600635528564, "class": 1, "regularized": null }, "geometry": { "type": "Polygon", "coordinates": [ [ [ 398755.849440488324035, 3782708.240081383381039 ], [ 398755.54425228893524, 3782707.93489318434149 ], [ 398753.713123092602473, 3782707.93489318434149 ], [ 398753.40793489315547, 3782707.62970498483628 ], [ 398752.492370294989087, 3782707.62970498483628 ], [ 398752.187182095600292, 3782707.32451678533107 ], [ 398752.187182095600292, 3782705.493387589231133 ], [ 398751.881993896211497, 3782705.188199389725924 ], [ 398751.576805696822703, 3782705.188199389725924 ], [ 398751.576805696822703, 3782701.525940997060388 ], [ 398757.070193285879213, 3782701.525940997060388 ], [ 398757.375381485268008, 3782701.831129196565598 ], [ 398757.680569684656803, 3782701.831129196565598 ], [ 398757.985757884045597, 3782702.136317395605147 ], [ 398757.985757884045597, 3782704.883011190220714 ], [ 398757.680569684656803, 3782705.188199389725924 ], [ 398757.680569684656803, 3782705.798575788270682 ], [ 398757.375381485268008, 3782706.103763987775892 ], [ 398757.375381485268008, 3782707.019328585825861 ], [ 398757.680569684656803, 3782707.32451678533107 ], [ 398757.680569684656803, 3782707.62970498483628 ], [ 398757.375381485268008, 3782707.62970498483628 ], [ 398757.070193285879213, 3782707.93489318434149 ], [ 398756.15462868771283, 3782707.93489318434149 ], [ 398755.849440488324035, 3782708.240081383381039 ] ] ] } },
{ "type": "Feature", "properties": { "confidence": 0.98502522706985474, "class": 1, "regularized": "rectangle" }, "geometry": { "type": "Polygon", "coordinates": [ [ [ 398626.75, 3782905.5 ], [ 398640.5, 3782905.5 ], [ 398640.5, 3782916.5 ], [ 398626.75, 3782916.5 ], [ 398626.75, 3782905.5 ] ] ] } },
{ "type": "Feature", "properties": { "confidence": 0.98449915647506714, "class": 1, "regularized": null }, "geometry": { "type": "Polygon", "coordinates": [ [ [ 398418.311291963385884, 3782445.167853509541601 ], [ 398418.311291963385884, 3782444.862665310502052 ], [ 398418.616480162774678, 3782444.557477110996842 ], [ 398418.616480162774678, 3782444.252288911491632 ], [ 398418.921668362163473, 3782443.947100711986423 ], [ 398418.921668362163473, 3782443.336724313441664 ], [ 398418.616480162774678, 3782443.031536113936454 ], [ 398418.006103763997089, 3782443.031536113936454 ], [ 398417.3957273652195, 3782442.421159714926034 ], [ 398417.3957273652195, 3782439.979654119815677 ], [ 398417.700915564608295, 3782439.674465920776129 ], [ 398417.700915564608295, 3782439.369277721270919 ], [ 398418.006103763997089, 3782439.064089521765709 ], [ 398419.226856561552268, 3782439.064089521765709 ], [ 398419.532044760941062, 3782438.758901322260499 ], [ 398423.194303153606597, 3782438.758901322260499 ], [ 398423.499491352995392, 3782438.45371312322095 ], [ 398425.635808748716954, 3782438.45371312322095 ], [ 398426.246185147494543, 3782439.064089521765709 ], [ 398426.246185147494543, 3782442.421159714926034 ], [ 398425.940996948105749, 3782442.726347914431244 ], [ 398425.940996948105749, 3782443.947100711986423 ], [ 398425.33062054932816, 3782444.557477110996842 ], [ 398424.72024415055057, 3782444.557477110996842 ], [ 398424.415055951161776, 3782444.862665310502052 ], [ 398423.499491352995392, 3782444.862665310502052 ], [ 398423.194303153606597, 3782445.167853509541601 ], [ 398418.311291963385884, 3782445.167853509541601 ] ] ] } },
{ "type": "Feature", "properties": { "confidence": 0.98370659351348877, "class": 1, "regularized": "rectangle" }, "geometry": { "type": "Polygon", "coordinates": [ [ [ 398633.59375, 3782728.25 ], [ 398634.46875, 3782711.75 ], [ 398643.59375, 3782712.25 ], [ 398642.71875, 3782728.75 ], [ 398633.59375, 3782728.25 ] ] ] } },
{ "type": "Feature", "properties": { "confidence": 0.98338496685028076, "class": 1, "regularized": "rectangle" }, "geometry": { "type": "Polygon", "coordinates": [ [ [ 398646.28125, 3782452.5 ], [ 398661.84375, 3782452.5 ], [ 398661.84375, 3782462.5 ], [ 398646.28125, 3782462.5 ], [ 398646.28125, 3782452.5 ] ] ] } },
{ "type": "Feature", "properties": { "confidence": 0.98248499631881714, "class": 1, "regularized": "rectangle" }, "geometry": { "type": "Polygon", "coordinates": [ [ [ 398500.6875, 3782965.75 ], [ 398509.5625, 3782965.75 ], [ 398509.5625, 3782979.25 ], [ 398500.6875, 3782979.25 ], [ 398500.6875, 3782965.75 ] ] ] } },
{ "type": "Feature", "properties": { "confidence": 0.97977817058563232, "class": 1, "regularized": null }, "geometry": { "type": "Polygon", "coordinates": [ [ [ 398634.994913530012127, 3782473.855544252321124 ], [ 398634.689725330623332, 3782473.550356052815914 ], [ 398634.384537131234538, 3782473.550356052815914 ], [ 398634.384537131234538, 3782465.310274669434875 ], [ 398640.793489318399224, 3782465.310274669434875 ], [ 398641.098677517788019, 3782465.615462868940085 ], [ 398641.098677517788019, 3782466.225839267484844 ], [ 398641.403865717176814, 3782466.531027466990054 ], [ 398641.403865717176814, 3782470.193285859655589 ], [ 398641.098677517788019, 3782470.498474059160799 ], [ 398641.098677517788019, 3782470.803662258200347 ], [ 398640.793489318399224, 3782471.108850457705557 ], [ 398638.657171922677662, 3782471.108850457705557 ], [ 398638.046795523900073, 3782471.719226856715977 ], [ 398638.046795523900073, 3782473.855544252321124 ], [ 398634.994913530012127, 3782473.855544252321124 ] ] ] } },
{ "type": "Feature", "properties": { "confidence": 0.97970414161682129, "class": 1, "regularized": null }, "geometry": { "type": "Polygon", "coordinates": [ [ [ 398501.322482197370846, 3782694.811800610274076 ], [ 398501.017293997982051, 3782694.506612410768867 ], [ 398500.406917599204462, 3782694.506612410768867 ], [ 398500.406917599204462, 3782694.201424211729318 ], [ 398499.186164801649284, 3782692.980671414174139 ], [ 398499.186164801649284, 3782692.67548321466893 ], [ 398496.439471007150132, 3782689.928789420053363 ], [ 398496.13428280770313, 3782689.928789420053363 ], [ 398495.218718209536746, 3782689.013224822003394 ], [ 398494.913530010147952, 3782689.013224822003394 ], [ 398494.303153611370362, 3782688.402848422992975 ], [ 398494.303153611370362, 3782687.792472024448216 ], [ 398493.997965411981568, 3782687.487283824943006 ], [ 398493.997965411981568, 3782684.130213631782681 ], [ 398494.303153611370362, 3782684.130213631782681 ], [ 398494.608341810759157, 3782683.825025432277471 ], [ 398496.13428280770313, 3782683.825025432277471 ], [ 398496.439471007150132, 3782684.130213631782681 ], [ 398497.355035605316516, 3782684.130213631782681 ], [ 398497.660223804705311, 3782683.825025432277471 ], [ 398497.965412004094105, 3782683.825025432277471 ], [ 398498.2706002034829, 3782683.519837232772261 ], [ 398499.491353001038078, 3782683.519837232772261 ], [ 398499.796541200426873, 3782683.825025432277471 ], [ 398499.796541200426873, 3782684.130213631782681 ], [ 398500.101729399815667, 3782684.435401831287891 ], [ 398500.406917599204462, 3782684.435401831287891 ], [ 398500.712105798593257, 3782684.740590030327439 ], [ 398501.322482197370846, 3782684.740590030327439 ], [ 398501.322482197370846, 3782685.045778229832649 ], [ 398501.62767039675964, 3782685.350966429337859 ], [ 398501.932858596148435, 3782685.350966429337859 ], [ 398501.932858596148435, 3782685.961342827882618 ], [ 398502.23804679553723, 3782686.266531027387828 ], [ 398502.23804679553723, 3782686.876907426398247 ], [ 398502.543234994926024, 3782687.182095625437796 ], [ 398502.848423194314819, 3782687.182095625437796 ], [ 398503.153611393703613, 3782687.487283824943006 ], [ 398503.153611393703613, 3782687.792472024448216 ], [ 398504.069175991869997, 3782688.708036622498184 ], [ 398504.069175991869997, 3782692.06510681565851 ], [ 398504.374364191258792, 3782692.37029501516372 ], [ 398504.374364191258792, 3782692.980671414174139 ], [ 398502.848423194314819, 3782694.506612410768867 ], [ 398501.932858596148435, 3782694.506612410768867 ], [ 398501.62767039675964, 3782694.811800610274076 ], [ 398501.322482197370846, 3782694.811800610274076 ] ] ] } },
{ "type": "Feature", "properties": { "confidence": 0.97752165794372559, "class": 1, "regularized": null }, "geometry": { "type": "Polygon", "coordinates": [ [ [ 398641.098677517788019, 3782985.961342827882618 ], [ 398640.48830111901043, 3782985.350966429337859 ], [ 398640.183112919621635, 3782985.350966429337859 ], [ 398639.877924720232841, 3782985.045778229832649 ], [ 398639.572736520844046, 3782985.045778229832649 ], [ 398639.572736520844046, 3782984.740590030327439 ], [ 398638.351983723288868, 3782983.519837232772261 ], [ 398637.741607324511278, 3782983.519837232772261 ], [ 398637.131230925733689, 3782982.909460834227502 ], [ 398636.826042726344895, 3782982.909460834227502 ], [ 398636.215666327567305, 3782982.299084435217083 ], [ 398635.910478128178511, 3782982.299084435217083 ], [ 398635.300101729400922, 3782981.688708036672324 ], [ 398634.994913530012127, 3782981.688708036672324 ], [ 398634.994913530012127, 3782975.584944048896432 ], [ 398635.605289928789716, 3782975.584944048896432 ], [ 398635.910478128178511, 3782975.279755849391222 ], [ 398638.046795523900073, 3782975.279755849391222 ], [ 398638.351983723288868, 3782974.974567649886012 ], [ 398639.877924720232841, 3782974.974567649886012 ], [ 398640.183112919621635, 3782975.279755849391222 ], [ 398641.709053916565608, 3782975.279755849391222 ], [ 398642.014242115954403, 3782975.584944048896432 ], [ 398642.319430315343197, 3782975.584944048896432 ], [ 398642.319430315343197, 3782975.890132248401642 ], [ 398642.929806714120787, 3782976.5005086469464 ], [ 398642.929806714120787, 3782977.11088504595682 ], [ 398643.234994913509581, 3782977.416073244996369 ], [ 398643.234994913509581, 3782977.721261444501579 ], [ 398644.150559511675965, 3782978.636826042551547 ], [ 398644.150559511675965, 3782979.247202441561967 ], [ 398644.45574771106476, 3782979.552390641067177 ], [ 398646.897253306233324, 3782979.552390641067177 ], [ 398647.202441505622119, 3782979.857578840106726 ], [ 398647.202441505622119, 3782982.909460834227502 ], [ 398646.897253306233324, 3782983.214649033732712 ], [ 398646.897253306233324, 3782984.130213631782681 ], [ 398645.981688708008733, 3782985.045778229832649 ], [ 398645.676500508619938, 3782985.045778229832649 ], [ 398645.371312309231143, 3782985.350966429337859 ], [ 398645.066124109842349, 3782985.350966429337859 ], [ 398644.45574771106476, 3782985.961342827882618 ], [ 398641.098677517788019, 3782985.961342827882618 ] ] ] } },
{ "type": "Feature", "properties": { "confidence": 0.97735661268234253, "class": 1, "regularized": null }, "geometry": { "type": "Polygon", "coordinates": [ [ [ 398822.99084435403347, 3782795.829094608314335 ], [ 398822.685656154644676, 3782795.523906408809125 ], [ 398822.380467955255881, 3782795.523906408809125 ], [ 398821.464903357089497, 3782794.608341810759157 ], [ 398821.159715157700703, 3782794.608341810759157 ], [ 398821.159715157700703, 3782794.303153611253947 ], [ 398820.549338758923113, 3782793.692777212709188 ], [ 398820.549338758923113, 3782793.387589013203979 ], [ 398820.244150559534319, 3782793.082400813698769 ], [ 398820.244150559534319, 3782792.47202441515401 ], [ 398819.938962360145524, 3782792.1668362156488 ], [ 398819.938962360145524, 3782791.251271617598832 ], [ 398820.244150559534319, 3782790.946083418093622 ], [ 398820.244150559534319, 3782790.335707019548863 ], [ 398820.549338758923113, 3782790.030518820043653 ], [ 398820.549338758923113, 3782789.725330620538443 ], [ 398821.159715157700703, 3782789.114954221993685 ], [ 398821.464903357089497, 3782789.114954221993685 ], [ 398821.770091556478292, 3782788.809766022488475 ], [ 398824.211597151588649, 3782788.809766022488475 ], [ 398824.516785350977443, 3782789.114954221993685 ], [ 398824.821973550366238, 3782789.114954221993685 ], [ 398825.127161749755032, 3782789.420142421033233 ], [ 398825.737538148532622, 3782789.420142421033233 ], [ 398826.042726347921416, 3782789.725330620538443 ], [ 398826.653102746699005, 3782789.725330620538443 ], [ 398826.9582909460878, 3782790.030518820043653 ], [ 398826.9582909460878, 3782790.335707019548863 ], [ 398827.263479145476595, 3782790.640895218588412 ], [ 398827.263479145476595, 3782794.608341810759157 ], [ 398826.653102746699005, 3782795.218718209769577 ], [ 398826.347914547310211, 3782795.218718209769577 ], [ 398826.042726347921416, 3782795.523906408809125 ], [ 398825.127161749755032, 3782795.523906408809125 ], [ 398824.821973550366238, 3782795.829094608314335 ], [ 398822.99084435403347, 3782795.829094608314335 ] ] ] } },
{ "type": "Feature", "properties": { "confidence": 0.97682106494903564, "class": 1, "regularized": null }, "geometry": { "type": "Polygon", "coordinates": [ [ [ 398709.460834181052633, 3782622.177009155508131 ], [ 398709.155645981663838, 3782621.871820956468582 ], [ 398708.240081383497454, 3782621.871820956468582 ], [ 398707.93489318410866, 3782621.566632756963372 ], [ 398707.629704984719865, 3782621.566632756963372 ], [ 398707.019328585942276, 3782620.956256357952952 ], [ 398707.019328585942276, 3782620.651068158913404 ], [ 398706.714140386553481, 3782620.345879959408194 ], [ 398706.714140386553481, 3782616.073245167732239 ], [ 398706.103763987775892, 3782615.46286876918748 ], [ 398706.103763987775892, 3782613.021363174077123 ], [ 398706.408952187164687, 3782612.716174974571913 ], [ 398706.408952187164687, 3782612.105798575561494 ], [ 398706.714140386553481, 3782612.105798575561494 ], [ 398707.019328585942276, 3782611.800610376521945 ], [ 398707.019328585942276, 3782611.190233977511525 ], [ 398707.32451678533107, 3782610.885045778006315 ], [ 398707.32451678533107, 3782610.274669379461557 ], [ 398715.869786368275527, 3782610.274669379461557 ], [ 398715.869786368275527, 3782613.631739572621882 ], [ 398715.564598168886732, 3782613.936927772127092 ], [ 398714.954221770109143, 3782613.936927772127092 ], [ 398714.343845371331554, 3782614.547304171137512 ], [ 398714.343845371331554, 3782616.378433367237449 ], [ 398714.649033570720349, 3782616.683621566742659 ], [ 398714.649033570720349, 3782618.819938962347806 ], [ 398714.343845371331554, 3782619.125127161853015 ], [ 398714.343845371331554, 3782620.651068158913404 ], [ 398713.733468972553965, 3782621.261444557458162 ], [ 398713.123092573776376, 3782621.261444557458162 ], [ 398712.817904374387581, 3782621.566632756963372 ], [ 398711.597151576832402, 3782621.566632756963372 ], [ 398711.291963377443608, 3782621.871820956468582 ], [ 398709.766022380441427, 3782621.871820956468582 ], [ 398709.460834181052633, 3782622.177009155508131 ] ] ] } },
{ "type": "Feature", "properties": { "confidence": 0.97615110874176025, "class": 1, "regularized": null }, "geometry": { "type": "Polygon", "coordinates": [ [ [ 398550.152594099694397, 3782585.859613428357989 ], [ 398550.457782299083192, 3782585.554425228852779 ], [ 398550.457782299083192, 3782583.723296032752842 ], [ 398549.847405900305603, 3782583.112919633742422 ], [ 398549.847405900305603, 3782582.807731434237212 ], [ 398549.237029501528013, 3782582.197355035692453 ], [ 398549.237029501528013, 3782581.586978636682034 ], [ 398548.931841302139219, 3782581.281790437642485 ], [ 398548.931841302139219, 3782580.976602238137275 ], [ 398548.626653102750424, 3782580.671414038632065 ], [ 398548.626653102750424, 3782578.840284842532128 ], [ 398548.931841302139219, 3782578.840284842532128 ], [ 398549.237029501528013, 3782578.535096643026918 ], [ 398551.373346897249576, 3782578.535096643026918 ], [ 398551.983723296027165, 3782577.924720244016498 ], [ 398553.814852492359933, 3782577.924720244016498 ], [ 398554.120040691748727, 3782578.229908443521708 ], [ 398554.425228891137522, 3782578.229908443521708 ], [ 398555.035605289915111, 3782578.840284842532128 ], [ 398555.035605289915111, 3782579.755849440582097 ], [ 398555.340793489303906, 3782580.061037640087306 ], [ 398555.340793489303906, 3782585.859613428357989 ], [ 398550.152594099694397, 3782585.859613428357989 ] ] ] } },
{ "type": "Feature", "properties": { "confidence": 0.97375273704528809, "class": 1, "regularized": "rectangle" }, "geometry": { "type": "Polygon", "coordinates": [ [ [ 398607.1875, 3782594.75 ], [ 398607.5625, 3782582.25 ], [ 398617.625, 3782582.75 ], [ 398617.25, 3782595.25 ], [ 398607.1875, 3782594.75 ] ] ] } },
{ "type": "Feature", "properties": { "confidence": 0.97370105981826782, "class": 1, "regularized": null }, "geometry": { "type": "Polygon", "coordinates": [ [ [ 398745.778229908435605, 3782815.97151576820761 ], [ 398745.473041709046811, 3782815.6663275687024 ], [ 398745.167853509658016, 3782815.6663275687024 ], [ 398745.167853509658016, 3782815.36113936919719 ], [ 398744.252288911491632, 3782814.445574771147221 ], [ 398743.641912512714043, 3782814.445574771147221 ], [ 398743.031536113936454, 3782813.835198372136801 ], [ 398742.726347914547659, 3782813.835198372136801 ], [ 398742.726347914547659, 3782813.530010173097253 ], [ 398742.421159715158865, 3782813.224821973592043 ], [ 398742.421159715158865, 3782810.172939979471266 ], [ 398742.726347914547659, 3782809.867751780431718 ], [ 398742.726347914547659, 3782809.257375381421298 ], [ 398743.336724313325249, 3782808.646998982876539 ], [ 398743.336724313325249, 3782808.036622583866119 ], [ 398743.641912512714043, 3782807.731434384360909 ], [ 398744.252288911491632, 3782807.731434384360909 ], [ 398744.862665310269222, 3782808.341810783371329 ], [ 398744.862665310269222, 3782808.646998982876539 ], [ 398745.167853509658016, 3782808.952187181916088 ], [ 398745.167853509658016, 3782809.257375381421298 ], [ 398745.473041709046811, 3782809.562563580926508 ], [ 398745.778229908435605, 3782809.562563580926508 ], [ 398746.0834181078244, 3782809.867751780431718 ], [ 398746.388606307213195, 3782809.867751780431718 ], [ 398746.693794506601989, 3782810.172939979471266 ], [ 398746.998982705990784, 3782810.172939979471266 ], [ 398747.304170905379578, 3782810.478128178976476 ], [ 398747.914547304157168, 3782810.478128178976476 ], [ 398748.524923702934757, 3782811.088504577986896 ], [ 398749.135300101712346, 3782811.088504577986896 ], [ 398749.440488301101141, 3782810.783316378481686 ], [ 398749.440488301101141, 3782811.088504577986896 ], [ 398750.05086469987873, 3782811.698880976531655 ], [ 398750.05086469987873, 3782813.835198372136801 ], [ 398749.745676500489935, 3782814.140386571642011 ], [ 398749.745676500489935, 3782815.6663275687024 ], [ 398749.440488301101141, 3782815.6663275687024 ], [ 398749.135300101712346, 3782815.97151576820761 ], [ 398745.778229908435605, 3782815.97151576820761 ] ] ] } },
{ "type": "Feature", "properties": { "confidence": 0.97095167636871338, "class": 1, "regularized": null }, "geometry": { "type": "Polygon", "coordinates": [ [ [ 398490.640895218704827, 3782790.640895218588412 ], [ 398490.640895218704827, 3782790.335707019548863 ], [ 398490.335707019316033, 3782790.030518820043653 ], [ 398490.335707019316033, 3782785.452695828862488 ], [ 398490.030518819927238, 3782785.14750762982294 ], [ 398490.030518819927238, 3782784.23194303130731 ], [ 398489.725330620538443, 3782783.926754832267761 ], [ 398489.725330620538443, 3782783.316378433257341 ], [ 398489.420142421149649, 3782783.011190233752131 ], [ 398489.420142421149649, 3782782.706002034712583 ], [ 398489.114954221760854, 3782782.400813835207373 ], [ 398489.114954221760854, 3782780.569684638641775 ], [ 398489.420142421149649, 3782780.569684638641775 ], [ 398489.725330620538443, 3782780.264496439602226 ], [ 398490.640895218704827, 3782780.264496439602226 ], [ 398490.946083418093622, 3782779.959308240097016 ], [ 398492.1668362156488, 3782779.959308240097016 ], [ 398492.777212614426389, 3782780.569684638641775 ], [ 398493.082400813815184, 3782780.569684638641775 ], [ 398493.387589013203979, 3782780.874872838146985 ], [ 398493.387589013203979, 3782781.180061037652194 ], [ 398493.997965411981568, 3782781.790437436196953 ], [ 398493.997965411981568, 3782782.400813835207373 ], [ 398494.303153611370362, 3782782.706002034712583 ], [ 398494.303153611370362, 3782783.011190233752131 ], [ 398494.608341810759157, 3782783.316378433257341 ], [ 398494.608341810759157, 3782783.621566632762551 ], [ 398494.913530010147952, 3782783.926754832267761 ], [ 398494.913530010147952, 3782784.23194303130731 ], [ 398495.218718209536746, 3782784.53713123081252 ], [ 398495.218718209536746, 3782784.84231943031773 ], [ 398495.829094608314335, 3782785.452695828862488 ], [ 398495.829094608314335, 3782786.063072227872908 ], [ 398496.13428280770313, 3782786.368260427378118 ], [ 398496.13428280770313, 3782789.114954221993685 ], [ 398495.523906408925541, 3782789.725330620538443 ], [ 398494.913530010147952, 3782789.725330620538443 ], [ 398494.608341810759157, 3782790.030518820043653 ], [ 398493.997965411981568, 3782790.030518820043653 ], [ 398493.692777212592773, 3782790.335707019548863 ], [ 398493.082400813815184, 3782790.335707019548863 ], [ 398492.777212614426389, 3782790.640895218588412 ], [ 398490.640895218704827, 3782790.640895218588412 ] ] ] } },
{ "type": "Feature", "properties": { "confidence": 0.97006422281265259, "class": 1, "regularized": "rectangle" }, "geometry": { "type": "Polygon", "coordinates": [ [ [ 398796.4375, 3782770.25 ], [ 398796.4375, 3782755.25 ], [ 398804.6875, 3782755.25 ], [ 398804.6875, 3782770.25 ], [ 398796.4375, 3782770.25 ] ] ] } },
{ "type": "Feature", "properties": { "confidence": 0.9663965106010437, "class": 1, "regularized": null }, "geometry": { "type": "Polygon", "coordinates": [ [ [ 398636.826042726344895, 3782799.186164801474661 ], [ 398636.5208545269561, 3782798.880976602435112 ], [ 398635.910478128178511, 3782798.880976602435112 ], [ 398635.910478128178511, 3782797.965412003919482 ], [ 398635.605289928789716, 3782797.660223804879934 ], [ 398635.605289928789716, 3782796.439471007324755 ], [ 398635.300101729400922, 3782796.134282807819545 ], [ 398634.384537131234538, 3782796.134282807819545 ], [ 398634.384537131234538, 3782783.011190233752131 ], [ 398635.300101729400922, 3782783.011190233752131 ], [ 398635.605289928789716, 3782782.706002034712583 ], [ 398635.910478128178511, 3782782.706002034712583 ], [ 398636.215666327567305, 3782783.011190233752131 ], [ 398637.436419125122484, 3782783.011190233752131 ], [ 398637.741607324511278, 3782783.316378433257341 ], [ 398638.046795523900073, 3782783.316378433257341 ], [ 398638.351983723288868, 3782783.621566632762551 ], [ 398638.351983723288868, 3782784.23194303130731 ], [ 398638.657171922677662, 3782784.53713123081252 ], [ 398638.657171922677662, 3782786.673448626883328 ], [ 398638.351983723288868, 3782786.978636825922877 ], [ 398638.351983723288868, 3782795.218718209769577 ], [ 398638.046795523900073, 3782795.523906408809125 ], [ 398638.046795523900073, 3782797.660223804879934 ], [ 398637.741607324511278, 3782797.965412003919482 ], [ 398637.741607324511278, 3782798.880976602435112 ], [ 398637.436419125122484, 3782798.880976602435112 ], [ 398637.131230925733689, 3782799.186164801474661 ], [ 398636.826042726344895, 3782799.186164801474661 ] ] ] } },
{ "type": "Feature", "properties": { "confidence": 0.96231824159622192, "class": 1, "regularized": null }, "geometry": { "type": "Polygon", "coordinates": [ [ [ 398784.231943031540141, 3782648.423194303177297 ], [ 398784.231943031540141, 3782647.812817904166877 ], [ 398783.926754832151346, 3782647.507629705127329 ], [ 398783.926754832151346, 3782647.202441505622119 ], [ 398783.621566632762551, 3782646.897253306116909 ], [ 398783.621566632762551, 3782646.592065106611699 ], [ 398783.316378433373757, 3782646.28687690757215 ], [ 398783.316378433373757, 3782645.67650050856173 ], [ 398783.011190233984962, 3782645.37131230905652 ], [ 398783.011190233984962, 3782643.234994913451374 ], [ 398782.706002034596168, 3782642.929806713946164 ], [ 398782.706002034596168, 3782642.319430315401405 ], [ 398782.095625635818578, 3782641.709053916390985 ], [ 398782.095625635818578, 3782641.403865717351437 ], [ 398781.790437436429784, 3782641.098677517846227 ], [ 398782.095625635818578, 3782640.793489318341017 ], [ 398782.095625635818578, 3782640.488301118835807 ], [ 398783.011190233984962, 3782640.488301118835807 ], [ 398784.231943031540141, 3782639.267548321280628 ], [ 398784.231943031540141, 3782638.96236012224108 ], [ 398784.537131230928935, 3782638.96236012224108 ], [ 398784.84231943031773, 3782638.65717192273587 ], [ 398785.147507629706524, 3782638.65717192273587 ], [ 398786.368260427261703, 3782637.436419125180691 ], [ 398786.673448626650497, 3782637.436419125180691 ], [ 398786.978636826039292, 3782637.131230925675482 ], [ 398788.19938962359447, 3782637.131230925675482 ], [ 398788.504577822983265, 3782636.826042726170272 ], [ 398789.114954221760854, 3782636.826042726170272 ], [ 398789.420142421149649, 3782637.131230925675482 ], [ 398790.335707019316033, 3782637.131230925675482 ], [ 398790.335707019316033, 3782647.812817904166877 ], [ 398788.80976602237206, 3782647.812817904166877 ], [ 398788.504577822983265, 3782648.118006103672087 ], [ 398788.504577822983265, 3782648.423194303177297 ], [ 398784.231943031540141, 3782648.423194303177297 ] ] ] } },
{ "type": "Feature", "properties": { "confidence": 0.96118372678756714, "class": 1, "regularized": null }, "geometry": { "type": "Polygon", "coordinates": [ [ [ 398811.088504577812273, 3782805.595116988755763 ], [ 398810.783316378423478, 3782805.289928789250553 ], [ 398810.478128179034684, 3782805.289928789250553 ], [ 398809.867751780257095, 3782804.679552390705794 ], [ 398809.867751780257095, 3782802.238046795595437 ], [ 398810.172939979645889, 3782801.932858596090227 ], [ 398810.172939979645889, 3782801.322482197545469 ], [ 398810.478128179034684, 3782801.017293998040259 ], [ 398810.478128179034684, 3782800.712105798535049 ], [ 398810.783316378423478, 3782800.406917599029839 ], [ 398810.783316378423478, 3782799.491353000979871 ], [ 398811.088504577812273, 3782799.79654120048508 ], [ 398812.309257375367451, 3782799.79654120048508 ], [ 398812.919633774145041, 3782799.186164801474661 ], [ 398812.919633774145041, 3782798.270600203424692 ], [ 398813.53001017292263, 3782798.270600203424692 ], [ 398813.835198372311424, 3782798.575788402929902 ], [ 398814.140386571700219, 3782798.575788402929902 ], [ 398814.445574771089014, 3782798.880976602435112 ], [ 398814.445574771089014, 3782801.627670396585017 ], [ 398814.140386571700219, 3782801.932858596090227 ], [ 398814.140386571700219, 3782803.153611393645406 ], [ 398813.835198372311424, 3782803.458799593150616 ], [ 398813.835198372311424, 3782804.679552390705794 ], [ 398812.919633774145041, 3782805.595116988755763 ], [ 398811.088504577812273, 3782805.595116988755763 ] ] ] } },
{ "type": "Feature", "properties": { "confidence": 0.96078741550445557, "class": 1, "regularized": null }, "geometry": { "type": "Polygon", "coordinates": [ [ [ 398664.903357070172206, 3782638.96236012224108 ], [ 398664.598168870783411, 3782638.65717192273587 ], [ 398663.987792472005822, 3782638.65717192273587 ], [ 398663.682604272617027, 3782638.35198372323066 ], [ 398663.377416073228233, 3782638.35198372323066 ], [ 398663.072227873839438, 3782638.04679552372545 ], [ 398662.767039674450643, 3782638.04679552372545 ], [ 398661.85147507628426, 3782637.131230925675482 ], [ 398661.546286876895465, 3782637.131230925675482 ], [ 398660.630722278729081, 3782636.215666327625513 ], [ 398660.630722278729081, 3782635.300101729575545 ], [ 398660.935910478117876, 3782634.994913530070335 ], [ 398660.935910478117876, 3782634.384537131059915 ], [ 398661.24109867750667, 3782634.079348932020366 ], [ 398661.24109867750667, 3782633.468972533009946 ], [ 398661.546286876895465, 3782633.163784333504736 ], [ 398661.546286876895465, 3782632.248219735454768 ], [ 398661.85147507628426, 3782631.943031535949558 ], [ 398661.85147507628426, 3782631.637843336910009 ], [ 398662.156663275673054, 3782631.332655137404799 ], [ 398662.156663275673054, 3782631.02746693789959 ], [ 398662.461851475061849, 3782631.02746693789959 ], [ 398662.767039674450643, 3782630.72227873839438 ], [ 398662.767039674450643, 3782630.111902339849621 ], [ 398663.072227873839438, 3782629.806714140344411 ], [ 398663.072227873839438, 3782628.891149542294443 ], [ 398663.377416073228233, 3782628.585961342789233 ], [ 398663.377416073228233, 3782627.670396744739264 ], [ 398663.987792472005822, 3782627.060020345728844 ], [ 398663.987792472005822, 3782625.839267548173666 ], [ 398664.292980671394616, 3782625.839267548173666 ], [ 398664.598168870783411, 3782625.534079349134117 ], [ 398668.565615462895948, 3782625.534079349134117 ], [ 398669.481180061062332, 3782626.449643947184086 ], [ 398669.481180061062332, 3782626.754832146689296 ], [ 398669.786368260451127, 3782627.060020345728844 ], [ 398669.786368260451127, 3782628.891149542294443 ], [ 398670.091556459839921, 3782629.196337741799653 ], [ 398670.091556459839921, 3782629.501525940839201 ], [ 398669.786368260451127, 3782629.806714140344411 ], [ 398669.786368260451127, 3782634.079348932020366 ], [ 398669.481180061062332, 3782634.384537131059915 ], [ 398669.481180061062332, 3782634.689725330565125 ], [ 398667.955239064118359, 3782636.215666327625513 ], [ 398667.955239064118359, 3782636.826042726170272 ], [ 398667.650050864671357, 3782637.131230925675482 ], [ 398667.650050864671357, 3782637.436419125180691 ], [ 398667.344862665282562, 3782637.741607324685901 ], [ 398667.344862665282562, 3782638.35198372323066 ], [ 398666.734486266504973, 3782638.96236012224108 ], [ 398664.903357070172206, 3782638.96236012224108 ] ] ] } },
{ "type": "Feature", "properties": { "confidence": 0.95977103710174561, "class": 1, "regularized": null }, "geometry": { "type": "Polygon", "coordinates": [ [ [ 398434.791454730439, 3782422.583926755003631 ], [ 398434.181078331661411, 3782421.973550355993211 ], [ 398434.181078331661411, 3782421.668362156488001 ], [ 398433.875890132272616, 3782421.363173957448453 ], [ 398433.875890132272616, 3782416.785350966267288 ], [ 398434.181078331661411, 3782416.480162767227739 ], [ 398439.674465920659713, 3782416.480162767227739 ], [ 398439.674465920659713, 3782416.785350966267288 ], [ 398439.979654120048508, 3782417.090539165772498 ], [ 398439.979654120048508, 3782417.395727365277708 ], [ 398440.895218718214892, 3782418.311291963327676 ], [ 398440.895218718214892, 3782418.616480162832886 ], [ 398441.200406917603686, 3782418.921668362338096 ], [ 398441.200406917603686, 3782419.837232960388064 ], [ 398441.505595116992481, 3782420.142421159893274 ], [ 398441.505595116992481, 3782420.752797558438033 ], [ 398441.200406917603686, 3782421.057985757943243 ], [ 398441.200406917603686, 3782421.363173957448453 ], [ 398440.895218718214892, 3782421.668362156488001 ], [ 398440.895218718214892, 3782421.973550355993211 ], [ 398439.369277721270919, 3782421.973550355993211 ], [ 398439.064089521882124, 3782422.278738555498421 ], [ 398437.538148524938151, 3782422.278738555498421 ], [ 398437.232960325549357, 3782422.583926755003631 ], [ 398434.791454730439, 3782422.583926755003631 ] ] ] } },
{ "type": "Feature", "properties": { "confidence": 0.95843410491943359, "class": 1, "regularized": null }, "geometry": { "type": "Polygon", "coordinates": [ [ [ 398443.336724313325249, 3782518.413021363317966 ], [ 398443.031536113936454, 3782518.107833163812757 ], [ 398443.031536113936454, 3782513.530010173097253 ], [ 398443.336724313325249, 3782513.224821973592043 ], [ 398445.473041709046811, 3782513.224821973592043 ], [ 398445.778229908435605, 3782512.919633774086833 ], [ 398447.914547304157168, 3782512.919633774086833 ], [ 398448.219735503545962, 3782513.224821973592043 ], [ 398448.219735503545962, 3782514.140386571642011 ], [ 398448.524923702934757, 3782514.445574771147221 ], [ 398448.524923702934757, 3782515.6663275687024 ], [ 398448.830111902323551, 3782515.97151576820761 ], [ 398448.830111902323551, 3782517.497456764802337 ], [ 398448.524923702934757, 3782517.802644964307547 ], [ 398447.914547304157168, 3782517.802644964307547 ], [ 398447.609359104768373, 3782518.107833163812757 ], [ 398445.167853509658016, 3782518.107833163812757 ], [ 398444.862665310269222, 3782518.413021363317966 ], [ 398443.336724313325249, 3782518.413021363317966 ] ] ] } },
{ "type": "Feature", "properties": { "confidence": 0.95335966348648071, "class": 1, "regularized": null }, "geometry": { "type": "Polygon", "coordinates": [ [ [ 398778.738555442541838, 3782511.088504577986896 ], [ 398778.433367243153043, 3782510.783316378481686 ], [ 398777.822990844375454, 3782510.783316378481686 ], [ 398777.212614445597865, 3782510.172939979471266 ], [ 398777.212614445597865, 3782509.867751780431718 ], [ 398776.90742624620907, 3782509.562563580926508 ], [ 398777.212614445597865, 3782509.257375381421298 ], [ 398777.212614445597865, 3782508.646998982876539 ], [ 398777.517802644986659, 3782508.341810783371329 ], [ 398777.517802644986659, 3782508.036622583866119 ], [ 398777.822990844375454, 3782507.731434384360909 ], [ 398777.822990844375454, 3782507.426246185321361 ], [ 398778.128179043764248, 3782507.121057985816151 ], [ 398778.738555442541838, 3782507.121057985816151 ], [ 398779.348931841319427, 3782506.510681586805731 ], [ 398779.654120040708221, 3782506.510681586805731 ], [ 398779.959308240097016, 3782506.205493387766182 ], [ 398779.959308240097016, 3782505.900305188260972 ], [ 398780.264496439485811, 3782505.900305188260972 ], [ 398780.569684638874605, 3782505.595116988755763 ], [ 398781.180061037652194, 3782505.595116988755763 ], [ 398781.485249237040989, 3782505.289928789250553 ], [ 398783.926754832151346, 3782505.289928789250553 ], [ 398784.231943031540141, 3782505.595116988755763 ], [ 398784.231943031540141, 3782509.257375381421298 ], [ 398783.926754832151346, 3782509.562563580926508 ], [ 398783.926754832151346, 3782509.867751780431718 ], [ 398783.621566632762551, 3782510.172939979471266 ], [ 398781.790437436429784, 3782510.172939979471266 ], [ 398781.485249237040989, 3782510.478128178976476 ], [ 398780.264496439485811, 3782510.478128178976476 ], [ 398779.959308240097016, 3782510.783316378481686 ], [ 398779.348931841319427, 3782510.783316378481686 ], [ 398779.043743641930632, 3782511.088504577986896 ], [ 398778.738555442541838, 3782511.088504577986896 ] ] ] } },
{ "type": "Feature", "properties": { "confidence": 0.95110940933227539, "class": 1, "regularized": null }, "geometry": { "type": "Polygon", "coordinates": [ [ [ 398853.814852492359933, 3782702.441505595110357 ], [ 398853.509664292971138, 3782702.136317395605147 ], [ 398852.899287894193549, 3782702.136317395605147 ], [ 398851.373346897249576, 3782700.61037639901042 ], [ 398851.068158697860781, 3782700.61037639901042 ], [ 398851.068158697860781, 3782700.30518819950521 ], [ 398849.237029501528013, 3782698.474059002939612 ], [ 398848.931841302139219, 3782698.474059002939612 ], [ 398848.931841302139219, 3782698.168870803434402 ], [ 398848.32146490336163, 3782697.558494404889643 ], [ 398848.32146490336163, 3782697.253306205384433 ], [ 398848.016276703972835, 3782696.948118005879223 ], [ 398848.016276703972835, 3782696.337741607334465 ], [ 398847.71108850458404, 3782696.032553407829255 ], [ 398847.71108850458404, 3782694.811800610274076 ], [ 398848.016276703972835, 3782694.506612410768867 ], [ 398848.016276703972835, 3782694.201424211729318 ], [ 398849.542217700916808, 3782694.201424211729318 ], [ 398849.847405900305603, 3782694.506612410768867 ], [ 398850.152594099694397, 3782694.506612410768867 ], [ 398850.762970498471987, 3782695.116988809779286 ], [ 398851.068158697860781, 3782695.116988809779286 ], [ 398852.28891149541596, 3782696.337741607334465 ], [ 398852.594099694804754, 3782696.337741607334465 ], [ 398853.204476093582343, 3782696.948118005879223 ], [ 398853.204476093582343, 3782697.253306205384433 ], [ 398853.509664292971138, 3782697.558494404889643 ], [ 398853.509664292971138, 3782697.863682604394853 ], [ 398853.814852492359933, 3782698.168870803434402 ], [ 398853.814852492359933, 3782698.474059002939612 ], [ 398854.120040691748727, 3782698.779247202444822 ], [ 398854.425228891137522, 3782698.779247202444822 ], [ 398854.425228891137522, 3782699.38962360098958 ], [ 398854.730417090526316, 3782699.69481180049479 ], [ 398854.730417090526316, 3782700.0 ], [ 398855.035605289915111, 3782700.30518819950521 ], [ 398855.035605289915111, 3782700.915564598049968 ], [ 398855.340793489303906, 3782701.220752797555178 ], [ 398855.340793489303906, 3782701.525940997060388 ], [ 398855.035605289915111, 3782701.831129196565598 ], [ 398855.035605289915111, 3782702.136317395605147 ], [ 398854.730417090526316, 3782702.136317395605147 ], [ 398854.425228891137522, 3782702.441505595110357 ], [ 398853.814852492359933, 3782702.441505595110357 ] ] ] } },
{ "type": "Feature", "properties": { "confidence": 0.95100069046020508, "class": 1, "regularized": null }, "geometry": { "type": "Polygon", "coordinates": [ [ [ 398762.563580874877516, 3782868.463886063080281 ], [ 398762.258392675488722, 3782868.158697863575071 ], [ 398762.258392675488722, 3782866.937945066019893 ], [ 398761.953204476099927, 3782866.632756866514683 ], [ 398761.953204476099927, 3782864.801627670414746 ], [ 398761.648016276711132, 3782864.496439470909536 ], [ 398761.648016276711132, 3782863.580874872859567 ], [ 398761.953204476099927, 3782863.275686673354357 ], [ 398761.953204476099927, 3782859.003051882144064 ], [ 398762.258392675488722, 3782858.697863682638854 ], [ 398762.258392675488722, 3782857.782299084588885 ], [ 398762.868769074266311, 3782857.171922685578465 ], [ 398762.868769074266311, 3782856.866734486073256 ], [ 398763.784333672432695, 3782855.951169888023287 ], [ 398763.784333672432695, 3782855.645981688518077 ], [ 398765.005086469987873, 3782854.425228890962899 ], [ 398765.920651068154257, 3782854.425228890962899 ], [ 398766.225839267543051, 3782854.730417090468109 ], [ 398766.836215666320641, 3782854.730417090468109 ], [ 398767.141403865709435, 3782854.425228890962899 ], [ 398767.44659206509823, 3782854.425228890962899 ], [ 398767.751780264487024, 3782854.12004069192335 ], [ 398768.667344862653408, 3782854.12004069192335 ], [ 398768.972533062042203, 3782854.425228890962899 ], [ 398768.972533062042203, 3782854.730417090468109 ], [ 398769.277721261430997, 3782855.035605289973319 ], [ 398769.277721261430997, 3782856.561546287033707 ], [ 398768.972533062042203, 3782856.866734486073256 ], [ 398768.972533062042203, 3782859.308240081183612 ], [ 398768.667344862653408, 3782859.613428280688822 ], [ 398768.667344862653408, 3782863.275686673354357 ], [ 398768.972533062042203, 3782863.580874872859567 ], [ 398768.972533062042203, 3782863.886063072364777 ], [ 398768.667344862653408, 3782864.191251271404326 ], [ 398768.667344862653408, 3782865.717192268464714 ], [ 398768.362156663264614, 3782866.022380467969924 ], [ 398768.056968463875819, 3782866.022380467969924 ], [ 398767.751780264487024, 3782866.327568667475134 ], [ 398766.225839267543051, 3782866.327568667475134 ], [ 398765.920651068154257, 3782866.632756866514683 ], [ 398765.615462868765462, 3782866.632756866514683 ], [ 398765.005086469987873, 3782867.243133265525103 ], [ 398765.005086469987873, 3782867.548321465030313 ], [ 398764.394710071210284, 3782868.158697863575071 ], [ 398764.089521871821489, 3782868.158697863575071 ], [ 398763.784333672432695, 3782868.463886063080281 ], [ 398762.563580874877516, 3782868.463886063080281 ] ] ] } },
{ "type": "Feature", "properties": { "confidence": 0.94959849119186401, "class": 1, "regularized": null }, "geometry": { "type": "Polygon", "coordinates": [ [ [ 398537.639877924695611, 3782755.544252288993448 ], [ 398537.334689725306816, 3782755.239064089488238 ], [ 398537.029501525918022, 3782755.239064089488238 ], [ 398536.724313326529227, 3782754.933875889983028 ], [ 398533.977619532030076, 3782754.933875889983028 ], [ 398531.230925737530924, 3782752.187182095833123 ], [ 398531.230925737530924, 3782751.881993896327913 ], [ 398530.92573753814213, 3782751.576805696822703 ], [ 398530.92573753814213, 3782750.050864699762315 ], [ 398533.062054933863692, 3782750.050864699762315 ], [ 398533.367243133252487, 3782749.745676500722766 ], [ 398534.587995930807665, 3782749.745676500722766 ], [ 398535.198372329585254, 3782749.135300101712346 ], [ 398535.503560528974049, 3782749.135300101712346 ], [ 398535.808748728362843, 3782748.830111902207136 ], [ 398536.113936927751638, 3782748.830111902207136 ], [ 398536.419125127140433, 3782748.524923703167588 ], [ 398536.724313326529227, 3782748.524923703167588 ], [ 398537.029501525918022, 3782748.219735503662378 ], [ 398537.639877924695611, 3782748.219735503662378 ], [ 398537.945066124084406, 3782747.914547304157168 ], [ 398538.2502543234732, 3782747.914547304157168 ], [ 398538.555442522861995, 3782747.609359104651958 ], [ 398539.776195320475381, 3782747.609359104651958 ], [ 398540.081383519864175, 3782747.914547304157168 ], [ 398540.996948118030559, 3782747.914547304157168 ], [ 398540.996948118030559, 3782748.524923703167588 ], [ 398541.302136317419354, 3782748.830111902207136 ], [ 398541.302136317419354, 3782749.745676500722766 ], [ 398541.607324516808148, 3782750.050864699762315 ], [ 398541.607324516808148, 3782750.356052899267524 ], [ 398541.912512716196943, 3782750.661241098772734 ], [ 398541.912512716196943, 3782751.271617497317493 ], [ 398542.217700915585738, 3782751.576805696822703 ], [ 398542.522889114974532, 3782751.576805696822703 ], [ 398542.828077314363327, 3782751.881993896327913 ], [ 398542.828077314363327, 3782752.797558494377881 ], [ 398541.912512716196943, 3782752.797558494377881 ], [ 398541.607324516808148, 3782752.492370294872671 ], [ 398541.607324516808148, 3782752.187182095833123 ], [ 398541.302136317419354, 3782751.881993896327913 ], [ 398540.691759918641765, 3782751.881993896327913 ], [ 398540.38657171925297, 3782752.187182095833123 ], [ 398540.38657171925297, 3782752.492370294872671 ], [ 398539.471007121086586, 3782753.407934893388301 ], [ 398539.471007121086586, 3782753.71312309242785 ], [ 398539.165818921639584, 3782754.01831129193306 ], [ 398539.165818921639584, 3782754.62868769094348 ], [ 398538.2502543234732, 3782755.544252288993448 ], [ 398537.639877924695611, 3782755.544252288993448 ] ] ] } },
{ "type": "Feature", "properties": { "confidence": 0.9480975866317749, "class": 1, "regularized": null }, "geometry": { "type": "Polygon", "coordinates": [ [ [ 398515.666327568644192, 3782871.820956256240606 ], [ 398515.361139369255397, 3782871.515768057201058 ], [ 398515.361139369255397, 3782870.295015259180218 ], [ 398515.055951169866603, 3782869.989827060140669 ], [ 398515.055951169866603, 3782869.07426246162504 ], [ 398514.750762970477808, 3782868.769074262585491 ], [ 398514.750762970477808, 3782868.463886063080281 ], [ 398514.445574771089014, 3782868.158697863575071 ], [ 398514.445574771089014, 3782866.937945066019893 ], [ 398514.750762970477808, 3782866.632756866514683 ], [ 398515.055951169866603, 3782866.632756866514683 ], [ 398515.361139369255397, 3782866.327568667475134 ], [ 398515.971515768032987, 3782866.327568667475134 ], [ 398516.276703967421781, 3782866.022380467969924 ], [ 398518.718209562590346, 3782866.022380467969924 ], [ 398519.02339776197914, 3782865.717192268464714 ], [ 398519.63377416075673, 3782865.717192268464714 ], [ 398519.938962360145524, 3782866.022380467969924 ], [ 398519.938962360145524, 3782866.632756866514683 ], [ 398520.244150559534319, 3782866.937945066019893 ], [ 398520.244150559534319, 3782867.853509664069861 ], [ 398520.549338758923113, 3782868.158697863575071 ], [ 398520.244150559534319, 3782868.463886063080281 ], [ 398520.244150559534319, 3782870.905391658190638 ], [ 398519.938962360145524, 3782871.210579857695848 ], [ 398519.328585961367935, 3782871.210579857695848 ], [ 398519.02339776197914, 3782871.515768057201058 ], [ 398517.192268565588165, 3782871.515768057201058 ], [ 398516.88708036619937, 3782871.820956256240606 ], [ 398515.666327568644192, 3782871.820956256240606 ] ] ] } },
{ "type": "Feature", "properties": { "confidence": 0.94649732112884521, "class": 1, "regularized": null }, "geometry": { "type": "Polygon", "coordinates": [ [ [ 398524.516785350977443, 3782956.968463886063546 ], [ 398524.211597151588649, 3782956.663275686558336 ], [ 398522.99084435403347, 3782956.663275686558336 ], [ 398522.685656154644676, 3782956.358087487053126 ], [ 398522.685656154644676, 3782951.780264496337622 ], [ 398522.99084435403347, 3782951.475076296832412 ], [ 398522.99084435403347, 3782950.864699898287654 ], [ 398523.296032553422265, 3782950.559511698782444 ], [ 398524.516785350977443, 3782950.559511698782444 ], [ 398524.821973550366238, 3782950.864699898287654 ], [ 398526.9582909460878, 3782950.864699898287654 ], [ 398527.263479145476595, 3782950.559511698782444 ], [ 398528.179043743642978, 3782950.559511698782444 ], [ 398528.484231943031773, 3782950.864699898287654 ], [ 398528.484231943031773, 3782953.611393692903221 ], [ 398528.179043743642978, 3782953.916581891942769 ], [ 398528.179043743642978, 3782954.832146490458399 ], [ 398527.873855544254184, 3782955.137334689497948 ], [ 398527.873855544254184, 3782955.442522889003158 ], [ 398527.568667344865389, 3782955.747711088508368 ], [ 398527.568667344865389, 3782956.052899288013577 ], [ 398527.263479145476595, 3782956.358087487053126 ], [ 398526.9582909460878, 3782956.358087487053126 ], [ 398526.653102746699005, 3782956.663275686558336 ], [ 398526.347914547310211, 3782956.663275686558336 ], [ 398526.042726347921416, 3782956.968463886063546 ], [ 398524.516785350977443, 3782956.968463886063546 ] ] ] } },
{ "type": "Feature", "properties": { "confidence": 0.94620972871780396, "class": 1, "regularized": null }, "geometry": { "type": "Polygon", "coordinates": [ [ [ 398877.00915564596653, 3782764.699898270424455 ], [ 398877.00915564596653, 3782764.394710071384907 ], [ 398876.703967446577735, 3782764.089521871879697 ], [ 398876.398779247188941, 3782764.089521871879697 ], [ 398876.398779247188941, 3782763.784333672374487 ], [ 398874.872838250244968, 3782762.258392675314099 ], [ 398874.872838250244968, 3782761.95320447627455 ], [ 398874.567650050856173, 3782761.64801627676934 ], [ 398874.567650050856173, 3782761.34282807726413 ], [ 398874.262461851467378, 3782761.03763987775892 ], [ 398874.262461851467378, 3782759.511698881164193 ], [ 398874.872838250244968, 3782758.901322482153773 ], [ 398877.619532044744119, 3782758.901322482153773 ], [ 398877.924720244132914, 3782758.596134282648563 ], [ 398881.892166836187243, 3782758.596134282648563 ], [ 398882.197355035634246, 3782758.901322482153773 ], [ 398883.11291963380063, 3782758.901322482153773 ], [ 398883.11291963380063, 3782759.511698881164193 ], [ 398883.418107833189424, 3782759.816887080203742 ], [ 398883.418107833189424, 3782761.03763987775892 ], [ 398883.723296032578219, 3782761.34282807726413 ], [ 398883.723296032578219, 3782763.479145472869277 ], [ 398883.418107833189424, 3782763.784333672374487 ], [ 398883.418107833189424, 3782764.089521871879697 ], [ 398883.11291963380063, 3782764.394710071384907 ], [ 398882.807731434411835, 3782764.394710071384907 ], [ 398882.50254323502304, 3782764.699898270424455 ], [ 398877.00915564596653, 3782764.699898270424455 ] ] ] } },
{ "type": "Feature", "properties": { "confidence": 0.94572550058364868, "class": 1, "regularized": null }, "geometry": { "type": "Polygon", "coordinates": [ [ [ 398555.6459816886927, 3782788.504577822983265 ], [ 398555.340793489303906, 3782788.199389623478055 ], [ 398555.035605289915111, 3782788.199389623478055 ], [ 398555.340793489303906, 3782787.894201424438506 ], [ 398555.340793489303906, 3782786.978636825922877 ], [ 398555.035605289915111, 3782786.673448626883328 ], [ 398555.035605289915111, 3782786.368260427378118 ], [ 398554.730417090526316, 3782786.063072227872908 ], [ 398554.120040691748727, 3782786.063072227872908 ], [ 398554.120040691748727, 3782785.14750762982294 ], [ 398553.814852492359933, 3782784.84231943031773 ], [ 398554.120040691748727, 3782784.53713123081252 ], [ 398554.120040691748727, 3782783.926754832267761 ], [ 398553.814852492359933, 3782783.621566632762551 ], [ 398553.814852492359933, 3782779.348931841086596 ], [ 398555.951169888081495, 3782779.348931841086596 ], [ 398555.951169888081495, 3782788.504577822983265 ], [ 398555.6459816886927, 3782788.504577822983265 ] ] ] } },
{ "type": "Feature", "properties": { "confidence": 0.94272148609161377, "class": 1, "regularized": "rectangle" }, "geometry": { "type": "Polygon", "coordinates": [ [ [ 398550.0625, 3782464.75 ], [ 398570.5, 3782461.75 ], [ 398571.9375, 3782471.75 ], [ 398551.5, 3782474.75 ], [ 398550.0625, 3782464.75 ] ] ] } },
{ "type": "Feature", "properties": { "confidence": 0.94111734628677368, "class": 1, "regularized": null }, "geometry": { "type": "Polygon", "coordinates": [ [ [ 398790.335707019316033, 3782503.153611393645406 ], [ 398790.030518819927238, 3782502.848423194140196 ], [ 398789.725330620538443, 3782502.848423194140196 ], [ 398789.420142421149649, 3782502.543234995100647 ], [ 398789.114954221760854, 3782502.543234995100647 ], [ 398788.80976602237206, 3782502.238046795595437 ], [ 398788.504577822983265, 3782502.238046795595437 ], [ 398787.894201424205676, 3782501.627670396585017 ], [ 398787.589013224816881, 3782501.627670396585017 ], [ 398786.978636826039292, 3782501.017293998040259 ], [ 398786.673448626650497, 3782501.017293998040259 ], [ 398786.368260427261703, 3782500.712105798535049 ], [ 398786.063072227872908, 3782500.712105798535049 ], [ 398785.452695829095319, 3782500.10172939999029 ], [ 398785.452695829095319, 3782499.79654120048508 ], [ 398785.147507629706524, 3782499.491353000979871 ], [ 398785.147507629706524, 3782498.270600203424692 ], [ 398785.452695829095319, 3782497.965412003919482 ], [ 398785.452695829095319, 3782497.660223804879934 ], [ 398786.063072227872908, 3782497.049847405869514 ], [ 398786.063072227872908, 3782496.744659206364304 ], [ 398786.368260427261703, 3782496.439471007324755 ], [ 398786.368260427261703, 3782495.829094608314335 ], [ 398786.978636826039292, 3782495.218718209769577 ], [ 398786.978636826039292, 3782493.997965412214398 ], [ 398787.283825025428087, 3782493.692777212709188 ], [ 398788.19938962359447, 3782493.692777212709188 ], [ 398788.504577822983265, 3782493.387589013203979 ], [ 398789.114954221760854, 3782493.387589013203979 ], [ 398789.420142421149649, 3782493.692777212709188 ], [ 398790.335707019316033, 3782493.692777212709188 ], [ 398790.335707019316033, 3782493.997965412214398 ], [ 398790.640895218704827, 3782494.303153611253947 ], [ 398790.640895218704827, 3782494.608341810759157 ], [ 398791.251271617482416, 3782495.218718209769577 ], [ 398791.556459816871211, 3782495.218718209769577 ], [ 398792.1668362156488, 3782495.829094608314335 ], [ 398792.1668362156488, 3782496.134282807819545 ], [ 398792.472024415037595, 3782496.439471007324755 ], [ 398792.472024415037595, 3782497.049847405869514 ], [ 398792.777212614426389, 3782497.355035605374724 ], [ 398792.777212614426389, 3782502.238046795595437 ], [ 398791.861648016260006, 3782503.153611393645406 ], [ 398790.335707019316033, 3782503.153611393645406 ] ] ] } },
{ "type": "Feature", "properties": { "confidence": 0.93797010183334351, "class": 1, "regularized": null }, "geometry": { "type": "Polygon", "coordinates": [ [ [ 398734.486266531050205, 3782914.547304171137512 ], [ 398734.181078331661411, 3782914.242115971632302 ], [ 398733.875890132272616, 3782914.242115971632302 ], [ 398733.570701932883821, 3782913.936927772127092 ], [ 398732.349949135328643, 3782913.936927772127092 ], [ 398732.044760935881641, 3782913.631739572621882 ], [ 398730.824008138326462, 3782913.631739572621882 ], [ 398730.518819938937668, 3782913.326551373116672 ], [ 398730.518819938937668, 3782911.495422177016735 ], [ 398730.213631739548873, 3782911.190233977511525 ], [ 398730.518819938937668, 3782910.885045778006315 ], [ 398730.518819938937668, 3782910.274669379461557 ], [ 398730.824008138326462, 3782909.969481179956347 ], [ 398730.824008138326462, 3782909.053916581906378 ], [ 398731.129196337715257, 3782909.053916581906378 ], [ 398731.434384537104052, 3782908.748728382401168 ], [ 398731.434384537104052, 3782906.307222787290812 ], [ 398731.739572736492846, 3782906.002034587785602 ], [ 398731.739572736492846, 3782905.086469989735633 ], [ 398732.044760935881641, 3782904.781281790230423 ], [ 398732.044760935881641, 3782904.170905391685665 ], [ 398732.960325534106232, 3782904.170905391685665 ], [ 398733.265513733495027, 3782903.865717192180455 ], [ 398734.181078331661411, 3782903.865717192180455 ], [ 398734.486266531050205, 3782904.170905391685665 ], [ 398735.096642929827794, 3782904.170905391685665 ], [ 398735.401831129216589, 3782904.476093591190875 ], [ 398735.707019328605384, 3782904.476093591190875 ], [ 398736.012207527994178, 3782904.781281790230423 ], [ 398736.317395727382973, 3782904.781281790230423 ], [ 398736.622583926771767, 3782905.086469989735633 ], [ 398736.927772126160562, 3782905.086469989735633 ], [ 398736.927772126160562, 3782905.696846388746053 ], [ 398737.232960325549357, 3782906.002034587785602 ], [ 398737.232960325549357, 3782906.307222787290812 ], [ 398737.843336724326946, 3782906.917599186301231 ], [ 398738.75890132249333, 3782906.917599186301231 ], [ 398739.369277721270919, 3782907.52797558484599 ], [ 398739.674465920659713, 3782907.52797558484599 ], [ 398739.674465920659713, 3782908.748728382401168 ], [ 398739.369277721270919, 3782909.053916581906378 ], [ 398739.369277721270919, 3782909.359104781411588 ], [ 398737.843336724326946, 3782910.885045778006315 ], [ 398737.843336724326946, 3782911.190233977511525 ], [ 398737.232960325549357, 3782911.800610376521945 ], [ 398736.927772126160562, 3782911.800610376521945 ], [ 398735.707019328605384, 3782913.021363174077123 ], [ 398735.707019328605384, 3782914.547304171137512 ], [ 398734.486266531050205, 3782914.547304171137512 ] ] ] } },
{ "type": "Feature", "properties": { "confidence": 0.9348374605178833, "class": 1, "regularized": null }, "geometry": { "type": "Polygon", "coordinates": [ [ [ 398630.111902339791413, 3782849.847405900247395 ], [ 398629.806714140402619, 3782849.542217700742185 ], [ 398628.58596134284744, 3782849.542217700742185 ], [ 398628.280773143458646, 3782849.237029501702636 ], [ 398627.670396744681057, 3782849.237029501702636 ], [ 398627.670396744681057, 3782848.931841302197427 ], [ 398627.365208545292262, 3782848.626653102692217 ], [ 398627.365208545292262, 3782848.321464903187007 ], [ 398627.060020345903467, 3782848.016276704147458 ], [ 398627.060020345903467, 3782847.100712105631828 ], [ 398626.754832146514673, 3782846.79552390659228 ], [ 398626.754832146514673, 3782844.964394710026681 ], [ 398629.806714140402619, 3782844.964394710026681 ], [ 398630.111902339791413, 3782844.659206510521472 ], [ 398636.5208545269561, 3782844.659206510521472 ], [ 398636.215666327567305, 3782844.964394710026681 ], [ 398636.215666327567305, 3782846.79552390659228 ], [ 398635.605289928789716, 3782847.405900305137038 ], [ 398634.994913530012127, 3782847.405900305137038 ], [ 398633.774160732456949, 3782848.626653102692217 ], [ 398633.774160732456949, 3782848.931841302197427 ], [ 398633.163784333679359, 3782849.542217700742185 ], [ 398631.332655137346592, 3782849.542217700742185 ], [ 398631.027466937957797, 3782849.847405900247395 ], [ 398630.111902339791413, 3782849.847405900247395 ] ] ] } },
{ "type": "Feature", "properties": { "confidence": 0.93386328220367432, "class": 1, "regularized": null }, "geometry": { "type": "Polygon", "coordinates": [ [ [ 398517.192268565588165, 3782770.498474059160799 ], [ 398517.192268565588165, 3782764.089521871879697 ], [ 398518.413021363201551, 3782764.089521871879697 ], [ 398518.718209562590346, 3782763.784333672374487 ], [ 398519.02339776197914, 3782763.784333672374487 ], [ 398519.328585961367935, 3782763.479145472869277 ], [ 398519.63377416075673, 3782763.479145472869277 ], [ 398519.938962360145524, 3782763.173957273829728 ], [ 398519.938962360145524, 3782762.258392675314099 ], [ 398520.244150559534319, 3782761.95320447627455 ], [ 398520.244150559534319, 3782761.34282807726413 ], [ 398520.549338758923113, 3782761.03763987775892 ], [ 398520.854526958311908, 3782761.03763987775892 ], [ 398521.159715157700703, 3782761.34282807726413 ], [ 398521.464903357089497, 3782761.34282807726413 ], [ 398522.685656154644676, 3782762.563580874819309 ], [ 398522.99084435403347, 3782762.563580874819309 ], [ 398523.296032553422265, 3782762.868769074324518 ], [ 398524.211597151588649, 3782762.868769074324518 ], [ 398524.516785350977443, 3782763.173957273829728 ], [ 398524.516785350977443, 3782764.699898270424455 ], [ 398524.211597151588649, 3782765.005086469929665 ], [ 398524.211597151588649, 3782765.310274669434875 ], [ 398523.906408952199854, 3782765.615462868940085 ], [ 398523.906408952199854, 3782765.920651067979634 ], [ 398522.99084435403347, 3782766.836215666495264 ], [ 398522.685656154644676, 3782766.836215666495264 ], [ 398521.770091556478292, 3782767.751780264545232 ], [ 398521.770091556478292, 3782768.056968464050442 ], [ 398521.159715157700703, 3782768.667344862595201 ], [ 398521.159715157700703, 3782768.97253306210041 ], [ 398520.854526958311908, 3782768.97253306210041 ], [ 398519.938962360145524, 3782769.888097660150379 ], [ 398519.63377416075673, 3782769.888097660150379 ], [ 398519.328585961367935, 3782770.193285859655589 ], [ 398518.718209562590346, 3782770.193285859655589 ], [ 398518.413021363201551, 3782770.498474059160799 ], [ 398517.192268565588165, 3782770.498474059160799 ] ] ] } },
{ "type": "Feature", "properties": { "confidence": 0.93340897560119629, "class": 1, "regularized": null }, "geometry": { "type": "Polygon", "coordinates": [ [ [ 398547.100712105806451, 3782540.081383519805968 ], [ 398546.795523906417657, 3782539.776195320300758 ], [ 398546.795523906417657, 3782537.029501526150852 ], [ 398546.490335707028862, 3782536.724313326645643 ], [ 398546.490335707028862, 3782536.113936927635223 ], [ 398546.185147507640067, 3782535.808748728595674 ], [ 398546.185147507640067, 3782535.198372329585254 ], [ 398545.879959308251273, 3782534.893184130080044 ], [ 398545.879959308251273, 3782534.282807731535286 ], [ 398546.185147507640067, 3782533.977619532030076 ], [ 398546.185147507640067, 3782533.672431332524866 ], [ 398546.490335707028862, 3782533.367243133485317 ], [ 398546.795523906417657, 3782533.367243133485317 ], [ 398547.100712105806451, 3782533.062054933980107 ], [ 398548.32146490336163, 3782533.062054933980107 ], [ 398548.626653102750424, 3782532.756866734474897 ], [ 398549.847405900305603, 3782532.756866734474897 ], [ 398550.152594099694397, 3782533.062054933980107 ], [ 398551.983723296027165, 3782533.062054933980107 ], [ 398552.28891149541596, 3782533.367243133485317 ], [ 398553.509664292971138, 3782533.367243133485317 ], [ 398553.814852492359933, 3782533.672431332524866 ], [ 398554.120040691748727, 3782533.672431332524866 ], [ 398554.425228891137522, 3782533.977619532030076 ], [ 398554.425228891137522, 3782535.808748728595674 ], [ 398554.730417090526316, 3782536.113936927635223 ], [ 398554.730417090526316, 3782537.334689725190401 ], [ 398555.035605289915111, 3782537.639877924695611 ], [ 398555.035605289915111, 3782538.555442522745579 ], [ 398554.120040691748727, 3782539.471007121261209 ], [ 398553.814852492359933, 3782539.471007121261209 ], [ 398553.204476093582343, 3782540.081383519805968 ], [ 398547.100712105806451, 3782540.081383519805968 ] ] ] } },
{ "type": "Feature", "properties": { "confidence": 0.93179166316986084, "class": 1, "regularized": null }, "geometry": { "type": "Polygon", "coordinates": [ [ [ 398701.525940996943973, 3782953.001017293892801 ], [ 398701.220752797555178, 3782952.695829094387591 ], [ 398700.915564598166384, 3782952.695829094387591 ], [ 398698.474059003056027, 3782950.254323499277234 ], [ 398698.168870803667232, 3782950.254323499277234 ], [ 398698.168870803667232, 3782949.949135300237685 ], [ 398697.558494404889643, 3782949.338758901227266 ], [ 398697.558494404889643, 3782949.033570701722056 ], [ 398696.948118006112054, 3782948.423194303177297 ], [ 398696.948118006112054, 3782948.118006103672087 ], [ 398696.642929806723259, 3782947.812817904166877 ], [ 398696.642929806723259, 3782947.507629705127329 ], [ 398695.422177009168081, 3782946.28687690757215 ], [ 398695.422177009168081, 3782945.98168870806694 ], [ 398695.116988809779286, 3782945.67650050856173 ], [ 398695.116988809779286, 3782943.845371312461793 ], [ 398695.422177009168081, 3782943.540183112956583 ], [ 398695.422177009168081, 3782942.624618514906615 ], [ 398696.03255340794567, 3782942.014242115896195 ], [ 398696.642929806723259, 3782942.014242115896195 ], [ 398696.948118006112054, 3782942.319430315401405 ], [ 398697.253306205500849, 3782942.319430315401405 ], [ 398698.168870803667232, 3782943.234994913451374 ], [ 398699.084435401833616, 3782943.234994913451374 ], [ 398699.389623601222411, 3782943.540183112956583 ], [ 398700.305188199388795, 3782943.540183112956583 ], [ 398700.610376398777589, 3782943.845371312461793 ], [ 398700.915564598166384, 3782943.845371312461793 ], [ 398702.746693794499151, 3782945.67650050856173 ], [ 398703.051881993887946, 3782945.67650050856173 ], [ 398704.272634791443124, 3782946.897253306116909 ], [ 398704.272634791443124, 3782948.728382502682507 ], [ 398704.577822990831919, 3782949.033570701722056 ], [ 398704.577822990831919, 3782949.949135300237685 ], [ 398704.272634791443124, 3782950.254323499277234 ], [ 398704.272634791443124, 3782950.864699898287654 ], [ 398702.136317395721562, 3782953.001017293892801 ], [ 398701.525940996943973, 3782953.001017293892801 ] ] ] } },
{ "type": "Feature", "properties": { "confidence": 0.92575818300247192, "class": 1, "regularized": null }, "geometry": { "type": "Polygon", "coordinates": [ [ [ 398545.269582909473684, 3782546.79552390659228 ], [ 398544.659206510696094, 3782546.18514750758186 ], [ 398544.659206510696094, 3782545.574771109037101 ], [ 398544.964394710084889, 3782545.269582909531891 ], [ 398544.964394710084889, 3782544.659206510521472 ], [ 398544.659206510696094, 3782544.354018311481923 ], [ 398544.659206510696094, 3782541.302136317361146 ], [ 398553.814852492359933, 3782541.302136317361146 ], [ 398553.814852492359933, 3782542.522889114916325 ], [ 398553.509664292971138, 3782542.828077314421535 ], [ 398553.509664292971138, 3782546.49033570708707 ], [ 398552.899287894193549, 3782546.49033570708707 ], [ 398552.594099694804754, 3782546.79552390659228 ], [ 398545.269582909473684, 3782546.79552390659228 ] ] ] } },
{ "type": "Feature", "properties": { "confidence": 0.92538350820541382, "class": 1, "regularized": null }, "geometry": { "type": "Polygon", "coordinates": [ [ [ 398497.660223804705311, 3782703.967446592170745 ], [ 398497.355035605316516, 3782703.662258392665535 ], [ 398497.049847405927721, 3782703.662258392665535 ], [ 398495.523906408925541, 3782702.136317395605147 ], [ 398495.523906408925541, 3782701.831129196565598 ], [ 398495.218718209536746, 3782701.525940997060388 ], [ 398494.913530010147952, 3782701.525940997060388 ], [ 398495.218718209536746, 3782701.220752797555178 ], [ 398495.218718209536746, 3782700.30518819950521 ], [ 398494.913530010147952, 3782700.0 ], [ 398494.913530010147952, 3782699.69481180049479 ], [ 398494.303153611370362, 3782699.084435401950032 ], [ 398494.303153611370362, 3782698.779247202444822 ], [ 398493.387589013203979, 3782697.863682604394853 ], [ 398493.387589013203979, 3782696.032553407829255 ], [ 398493.692777212592773, 3782695.727365208324045 ], [ 398493.997965411981568, 3782695.727365208324045 ], [ 398494.303153611370362, 3782695.422177009284496 ], [ 398494.608341810759157, 3782695.422177009284496 ], [ 398494.913530010147952, 3782695.116988809779286 ], [ 398496.13428280770313, 3782695.116988809779286 ], [ 398496.439471007150132, 3782695.422177009284496 ], [ 398496.744659206538927, 3782695.422177009284496 ], [ 398497.355035605316516, 3782696.032553407829255 ], [ 398497.355035605316516, 3782696.337741607334465 ], [ 398497.965412004094105, 3782696.948118005879223 ], [ 398497.965412004094105, 3782697.253306205384433 ], [ 398498.2706002034829, 3782697.558494404889643 ], [ 398498.575788402871694, 3782697.558494404889643 ], [ 398498.575788402871694, 3782697.863682604394853 ], [ 398499.186164801649284, 3782698.474059002939612 ], [ 398499.186164801649284, 3782698.779247202444822 ], [ 398499.491353001038078, 3782699.084435401950032 ], [ 398499.491353001038078, 3782699.38962360098958 ], [ 398499.796541200426873, 3782699.69481180049479 ], [ 398499.796541200426873, 3782700.0 ], [ 398500.101729399815667, 3782700.30518819950521 ], [ 398500.101729399815667, 3782700.61037639901042 ], [ 398500.406917599204462, 3782700.915564598049968 ], [ 398500.406917599204462, 3782703.662258392665535 ], [ 398500.101729399815667, 3782703.662258392665535 ], [ 398499.796541200426873, 3782703.967446592170745 ], [ 398497.660223804705311, 3782703.967446592170745 ] ] ] } },
{ "type": "Feature", "properties": { "confidence": 0.92537832260131836, "class": 1, "regularized": null }, "geometry": { "type": "Polygon", "coordinates": [ [ [ 398461.648016276711132, 3782591.353001017123461 ], [ 398461.648016276711132, 3782591.047812818083912 ], [ 398461.342828077322338, 3782590.742624618578702 ], [ 398461.342828077322338, 3782587.995930823963135 ], [ 398461.037639877933543, 3782587.690742624457926 ], [ 398461.037639877933543, 3782585.249237029347569 ], [ 398462.258392675488722, 3782585.249237029347569 ], [ 398462.563580874877516, 3782584.94404883030802 ], [ 398464.089521871821489, 3782584.94404883030802 ], [ 398464.394710071210284, 3782584.63886063080281 ], [ 398466.225839267543051, 3782584.63886063080281 ], [ 398466.531027466931846, 3782584.94404883030802 ], [ 398466.225839267543051, 3782585.249237029347569 ], [ 398466.225839267543051, 3782586.469989826902747 ], [ 398466.531027466931846, 3782586.775178026407957 ], [ 398466.531027466931846, 3782589.216683621518314 ], [ 398466.836215666320641, 3782589.521871821023524 ], [ 398466.836215666320641, 3782590.437436419073492 ], [ 398467.141403865709435, 3782590.742624618578702 ], [ 398467.141403865709435, 3782591.047812818083912 ], [ 398466.836215666320641, 3782591.353001017123461 ], [ 398461.648016276711132, 3782591.353001017123461 ] ] ] } },
{ "type": "Feature", "properties": { "confidence": 0.92196589708328247, "class": 1, "regularized": null }, "geometry": { "type": "Polygon", "coordinates": [ [ [ 398602.034587995905895, 3782497.355035605374724 ], [ 398601.7293997965171, 3782497.049847405869514 ], [ 398601.424211597128306, 3782497.049847405869514 ], [ 398601.119023397739511, 3782496.744659206364304 ], [ 398601.119023397739511, 3782496.134282807819545 ], [ 398600.813835198350716, 3782495.829094608314335 ], [ 398600.813835198350716, 3782495.218718209769577 ], [ 398600.508646998961922, 3782494.913530010264367 ], [ 398600.508646998961922, 3782494.303153611253947 ], [ 398600.203458799573127, 3782493.997965412214398 ], [ 398600.203458799573127, 3782493.692777212709188 ], [ 398599.593082400795538, 3782493.082400813698769 ], [ 398606.612410986796021, 3782493.082400813698769 ], [ 398606.612410986796021, 3782494.913530010264367 ], [ 398605.696846388629638, 3782495.829094608314335 ], [ 398605.696846388629638, 3782496.134282807819545 ], [ 398605.086469989852048, 3782496.744659206364304 ], [ 398605.086469989852048, 3782497.049847405869514 ], [ 398604.476093591074459, 3782497.049847405869514 ], [ 398604.170905391685665, 3782497.355035605374724 ], [ 398602.034587995905895, 3782497.355035605374724 ] ] ] } },
{ "type": "Feature", "properties": { "confidence": 0.92127585411071777, "class": 1, "regularized": null }, "geometry": { "type": "Polygon", "coordinates": [ [ [ 398420.447609359107446, 3782623.397761953063309 ], [ 398420.142421159718651, 3782623.092573754023761 ], [ 398420.142421159718651, 3782617.293997965287417 ], [ 398420.447609359107446, 3782616.988809766247869 ], [ 398420.447609359107446, 3782616.683621566742659 ], [ 398421.36317395727383, 3782616.683621566742659 ], [ 398421.668362156662624, 3782616.378433367237449 ], [ 398422.889114954217803, 3782616.378433367237449 ], [ 398423.194303153606597, 3782616.073245167732239 ], [ 398424.109867751772981, 3782616.073245167732239 ], [ 398424.415055951161776, 3782615.76805696869269 ], [ 398426.246185147494543, 3782615.76805696869269 ], [ 398426.551373346883338, 3782616.073245167732239 ], [ 398426.551373346883338, 3782616.378433367237449 ], [ 398426.856561546272133, 3782616.683621566742659 ], [ 398426.856561546272133, 3782616.988809766247869 ], [ 398427.161749745660927, 3782617.293997965287417 ], [ 398427.772126144438516, 3782617.293997965287417 ], [ 398427.772126144438516, 3782617.904374364297837 ], [ 398428.077314343827311, 3782618.209562563803047 ], [ 398428.077314343827311, 3782618.514750762842596 ], [ 398427.466937945049722, 3782619.125127161853015 ], [ 398427.161749745660927, 3782619.125127161853015 ], [ 398426.856561546272133, 3782619.430315361358225 ], [ 398426.551373346883338, 3782619.430315361358225 ], [ 398426.246185147494543, 3782619.735503560397774 ], [ 398425.940996948105749, 3782619.735503560397774 ], [ 398425.635808748716954, 3782620.040691759902984 ], [ 398425.635808748716954, 3782622.482197355013341 ], [ 398425.025432349939365, 3782623.092573754023761 ], [ 398424.415055951161776, 3782623.092573754023761 ], [ 398424.109867751772981, 3782623.397761953063309 ], [ 398420.447609359107446, 3782623.397761953063309 ] ] ] } },
{ "type": "Feature", "properties": { "confidence": 0.9211047887802124, "class": 1, "regularized": null }, "geometry": { "type": "Polygon", "coordinates": [ [ [ 398471.719226856541354, 3782631.943031535949558 ], [ 398471.41403865715256, 3782631.637843336910009 ], [ 398470.193285859597381, 3782631.637843336910009 ], [ 398469.888097660208587, 3782631.332655137404799 ], [ 398468.972533062042203, 3782631.332655137404799 ], [ 398468.667344862653408, 3782631.02746693789959 ], [ 398467.751780264487024, 3782631.02746693789959 ], [ 398467.44659206509823, 3782630.72227873839438 ], [ 398467.141403865709435, 3782630.72227873839438 ], [ 398466.836215666320641, 3782630.417090539354831 ], [ 398466.531027466931846, 3782630.417090539354831 ], [ 398466.531027466931846, 3782630.111902339849621 ], [ 398466.225839267543051, 3782629.806714140344411 ], [ 398466.225839267543051, 3782627.975584944244474 ], [ 398466.531027466931846, 3782627.670396744739264 ], [ 398466.531027466931846, 3782624.923702950123698 ], [ 398466.225839267543051, 3782624.618514750618488 ], [ 398466.225839267543051, 3782622.482197355013341 ], [ 398466.836215666320641, 3782621.871820956468582 ], [ 398466.836215666320641, 3782621.566632756963372 ], [ 398468.056968463875819, 3782621.566632756963372 ], [ 398468.362156663264614, 3782621.261444557458162 ], [ 398470.193285859597381, 3782621.261444557458162 ], [ 398470.80366225837497, 3782620.651068158913404 ], [ 398470.80366225837497, 3782620.345879959408194 ], [ 398471.108850457763765, 3782620.345879959408194 ], [ 398471.41403865715256, 3782620.040691759902984 ], [ 398471.41403865715256, 3782619.735503560397774 ], [ 398471.719226856541354, 3782619.430315361358225 ], [ 398473.245167853485327, 3782619.430315361358225 ], [ 398473.550356052874122, 3782619.735503560397774 ], [ 398473.550356052874122, 3782621.261444557458162 ], [ 398473.855544252262916, 3782621.566632756963372 ], [ 398473.855544252262916, 3782623.092573754023761 ], [ 398474.160732451651711, 3782623.397761953063309 ], [ 398474.160732451651711, 3782629.196337741799653 ], [ 398473.855544252262916, 3782629.501525940839201 ], [ 398473.855544252262916, 3782630.72227873839438 ], [ 398474.160732451651711, 3782631.02746693789959 ], [ 398474.160732451651711, 3782631.943031535949558 ], [ 398471.719226856541354, 3782631.943031535949558 ] ] ] } },
{ "type": "Feature", "properties": { "confidence": 0.9193006157875061, "class": 1, "regularized": null }, "geometry": { "type": "Polygon", "coordinates": [ [ [ 398791.861648016260006, 3782834.282807731535286 ], [ 398791.556459816871211, 3782833.977619532030076 ], [ 398791.251271617482416, 3782833.977619532030076 ], [ 398790.640895218704827, 3782833.367243133485317 ], [ 398790.335707019316033, 3782833.367243133485317 ], [ 398790.030518819927238, 3782833.062054933980107 ], [ 398789.725330620538443, 3782833.062054933980107 ], [ 398789.114954221760854, 3782832.451678534969687 ], [ 398788.80976602237206, 3782832.451678534969687 ], [ 398788.19938962359447, 3782831.841302136424929 ], [ 398787.894201424205676, 3782831.841302136424929 ], [ 398786.978636826039292, 3782830.92573753837496 ], [ 398786.978636826039292, 3782830.62054933886975 ], [ 398787.283825025428087, 3782830.315361139364541 ], [ 398787.283825025428087, 3782830.010172939859331 ], [ 398787.589013224816881, 3782829.704984740819782 ], [ 398787.589013224816881, 3782828.789420142304152 ], [ 398787.894201424205676, 3782828.484231942798942 ], [ 398787.894201424205676, 3782828.179043743759394 ], [ 398788.504577822983265, 3782827.568667344748974 ], [ 398788.504577822983265, 3782827.263479145243764 ], [ 398789.725330620538443, 3782826.042726347688586 ], [ 398791.251271617482416, 3782826.042726347688586 ], [ 398791.556459816871211, 3782826.347914547193795 ], [ 398792.472024415037595, 3782826.347914547193795 ], [ 398792.777212614426389, 3782826.653102746699005 ], [ 398793.082400813815184, 3782826.653102746699005 ], [ 398793.997965411981568, 3782827.568667344748974 ], [ 398794.303153611370362, 3782827.568667344748974 ], [ 398794.608341810759157, 3782827.873855544254184 ], [ 398794.913530010147952, 3782827.873855544254184 ], [ 398795.218718209536746, 3782828.179043743759394 ], [ 398795.218718209536746, 3782828.484231942798942 ], [ 398795.523906408925541, 3782828.789420142304152 ], [ 398795.523906408925541, 3782829.094608341809362 ], [ 398795.218718209536746, 3782829.399796541314572 ], [ 398795.218718209536746, 3782830.010172939859331 ], [ 398794.608341810759157, 3782830.62054933886975 ], [ 398794.608341810759157, 3782831.230925737414509 ], [ 398794.303153611370362, 3782831.536113936919719 ], [ 398794.303153611370362, 3782831.841302136424929 ], [ 398793.997965411981568, 3782832.146490335930139 ], [ 398793.997965411981568, 3782832.451678534969687 ], [ 398793.692777212592773, 3782832.756866734474897 ], [ 398793.692777212592773, 3782833.062054933980107 ], [ 398793.387589013203979, 3782833.367243133485317 ], [ 398793.387589013203979, 3782833.672431332524866 ], [ 398793.082400813815184, 3782833.977619532030076 ], [ 398793.082400813815184, 3782834.282807731535286 ], [ 398791.861648016260006, 3782834.282807731535286 ] ] ] } },
{ "type": "Feature", "properties": { "confidence": 0.91887968778610229, "class": 1, "regularized": null }, "geometry": { "type": "Polygon", "coordinates": [ [ [ 398757.070193285879213, 3782757.985757884103805 ], [ 398756.765005086490419, 3782757.680569684598595 ], [ 398752.492370294989087, 3782757.680569684598595 ], [ 398752.187182095600292, 3782757.375381485093385 ], [ 398752.187182095600292, 3782753.102746693883091 ], [ 398752.492370294989087, 3782752.797558494377881 ], [ 398752.492370294989087, 3782752.492370294872671 ], [ 398752.797558494377881, 3782752.187182095833123 ], [ 398752.797558494377881, 3782751.881993896327913 ], [ 398753.713123092602473, 3782750.966429298277944 ], [ 398753.713123092602473, 3782750.661241098772734 ], [ 398760.122075279767159, 3782750.661241098772734 ], [ 398760.427263479155954, 3782750.966429298277944 ], [ 398761.037639877933543, 3782750.966429298277944 ], [ 398761.037639877933543, 3782751.271617497317493 ], [ 398761.342828077322338, 3782751.576805696822703 ], [ 398761.037639877933543, 3782751.881993896327913 ], [ 398761.037639877933543, 3782752.492370294872671 ], [ 398761.342828077322338, 3782752.797558494377881 ], [ 398761.342828077322338, 3782754.62868769094348 ], [ 398761.037639877933543, 3782754.933875889983028 ], [ 398761.037639877933543, 3782755.849440488498658 ], [ 398760.732451678544749, 3782756.154628687538207 ], [ 398760.732451678544749, 3782756.459816887043417 ], [ 398760.427263479155954, 3782756.765005086548626 ], [ 398760.427263479155954, 3782757.070193286053836 ], [ 398760.122075279767159, 3782757.375381485093385 ], [ 398760.122075279767159, 3782757.680569684598595 ], [ 398759.816887080378365, 3782757.985757884103805 ], [ 398757.070193285879213, 3782757.985757884103805 ] ] ] } },
{ "type": "Feature", "properties": { "confidence": 0.91780978441238403, "class": 1, "regularized": null }, "geometry": { "type": "Polygon", "coordinates": [ [ [ 398689.928789420169778, 3782630.417090539354831 ], [ 398689.623601220780984, 3782630.111902339849621 ], [ 398689.318413021392189, 3782630.111902339849621 ], [ 398689.013224821945187, 3782629.806714140344411 ], [ 398688.708036622556392, 3782629.806714140344411 ], [ 398688.402848423167598, 3782629.501525940839201 ], [ 398688.402848423167598, 3782627.060020345728844 ], [ 398688.708036622556392, 3782626.754832146689296 ], [ 398688.708036622556392, 3782626.144455747678876 ], [ 398689.013224821945187, 3782625.839267548173666 ], [ 398689.013224821945187, 3782624.008138352073729 ], [ 398689.318413021392189, 3782624.008138352073729 ], [ 398689.623601220780984, 3782623.702950152568519 ], [ 398689.623601220780984, 3782622.482197355013341 ], [ 398689.928789420169778, 3782622.787385554518551 ], [ 398692.06510681589134, 3782622.787385554518551 ], [ 398692.370295015280135, 3782622.482197355013341 ], [ 398692.980671414057724, 3782622.482197355013341 ], [ 398693.285859613446519, 3782622.177009155508131 ], [ 398694.201424211612903, 3782622.177009155508131 ], [ 398694.201424211612903, 3782624.008138352073729 ], [ 398693.896236012224108, 3782624.313326551578939 ], [ 398693.896236012224108, 3782624.618514750618488 ], [ 398693.285859613446519, 3782625.228891149628907 ], [ 398693.285859613446519, 3782625.839267548173666 ], [ 398692.67548321466893, 3782626.449643947184086 ], [ 398692.67548321466893, 3782626.754832146689296 ], [ 398692.370295015280135, 3782627.060020345728844 ], [ 398692.370295015280135, 3782627.365208545234054 ], [ 398692.06510681589134, 3782627.670396744739264 ], [ 398692.06510681589134, 3782628.280773143284023 ], [ 398691.759918616502546, 3782628.585961342789233 ], [ 398691.759918616502546, 3782629.501525940839201 ], [ 398691.454730417113751, 3782629.806714140344411 ], [ 398691.454730417113751, 3782630.111902339849621 ], [ 398691.149542217724957, 3782630.417090539354831 ], [ 398689.928789420169778, 3782630.417090539354831 ] ] ] } },
{ "type": "Feature", "properties": { "confidence": 0.91761922836303711, "class": 1, "regularized": null }, "geometry": { "type": "Polygon", "coordinates": [ [ [ 398508.341810783313122, 3782833.367243133485317 ], [ 398507.426246185146738, 3782832.451678534969687 ], [ 398507.426246185146738, 3782832.146490335930139 ], [ 398507.121057985757943, 3782831.841302136424929 ], [ 398507.121057985757943, 3782831.536113936919719 ], [ 398506.815869786369149, 3782831.230925737414509 ], [ 398506.815869786369149, 3782830.92573753837496 ], [ 398506.510681586980354, 3782830.62054933886975 ], [ 398506.205493387591559, 3782830.62054933886975 ], [ 398506.205493387591559, 3782829.094608341809362 ], [ 398507.731434384535532, 3782827.568667344748974 ], [ 398508.036622583924327, 3782827.568667344748974 ], [ 398508.646998982701916, 3782826.958290946204215 ], [ 398512.309257375367451, 3782826.958290946204215 ], [ 398512.614445574756246, 3782827.263479145243764 ], [ 398512.919633774145041, 3782827.263479145243764 ], [ 398512.919633774145041, 3782827.873855544254184 ], [ 398513.224821973533835, 3782828.179043743759394 ], [ 398513.224821973533835, 3782832.146490335930139 ], [ 398512.614445574756246, 3782832.756866734474897 ], [ 398512.004069175978657, 3782832.756866734474897 ], [ 398511.698880976589862, 3782833.062054933980107 ], [ 398511.088504577812273, 3782833.062054933980107 ], [ 398510.783316378423478, 3782833.367243133485317 ], [ 398508.341810783313122, 3782833.367243133485317 ] ] ] } },
{ "type": "Feature", "properties": { "confidence": 0.91732990741729736, "class": 1, "regularized": null }, "geometry": { "type": "Polygon", "coordinates": [ [ [ 398777.517802644986659, 3782518.413021363317966 ], [ 398777.212614445597865, 3782518.107833163812757 ], [ 398775.991861648042686, 3782518.107833163812757 ], [ 398775.686673448653892, 3782517.802644964307547 ], [ 398775.076297049876302, 3782517.802644964307547 ], [ 398774.7711088504293, 3782517.497456764802337 ], [ 398774.465920651040506, 3782517.497456764802337 ], [ 398774.465920651040506, 3782517.192268565762788 ], [ 398774.160732451651711, 3782516.887080366257578 ], [ 398774.160732451651711, 3782515.97151576820761 ], [ 398774.465920651040506, 3782515.6663275687024 ], [ 398774.465920651040506, 3782515.36113936919719 ], [ 398774.7711088504293, 3782515.05595116969198 ], [ 398774.7711088504293, 3782514.445574771147221 ], [ 398775.076297049876302, 3782514.140386571642011 ], [ 398775.076297049876302, 3782513.835198372136801 ], [ 398775.381485249265097, 3782513.835198372136801 ], [ 398775.686673448653892, 3782513.530010173097253 ], [ 398775.991861648042686, 3782513.530010173097253 ], [ 398776.297049847431481, 3782513.224821973592043 ], [ 398778.738555442541838, 3782513.224821973592043 ], [ 398779.043743641930632, 3782513.530010173097253 ], [ 398779.654120040708221, 3782513.530010173097253 ], [ 398779.959308240097016, 3782513.835198372136801 ], [ 398780.264496439485811, 3782513.835198372136801 ], [ 398780.264496439485811, 3782514.140386571642011 ], [ 398780.569684638874605, 3782514.445574771147221 ], [ 398781.485249237040989, 3782514.445574771147221 ], [ 398781.485249237040989, 3782515.36113936919719 ], [ 398781.790437436429784, 3782515.6663275687024 ], [ 398781.790437436429784, 3782516.581892166752368 ], [ 398781.485249237040989, 3782516.887080366257578 ], [ 398781.180061037652194, 3782516.887080366257578 ], [ 398780.264496439485811, 3782517.802644964307547 ], [ 398779.959308240097016, 3782517.802644964307547 ], [ 398779.654120040708221, 3782518.107833163812757 ], [ 398779.348931841319427, 3782518.107833163812757 ], [ 398779.043743641930632, 3782518.413021363317966 ], [ 398777.517802644986659, 3782518.413021363317966 ] ] ] } },
{ "type": "Feature", "properties": { "confidence": 0.91257226467132568, "class": 1, "regularized": null }, "geometry": { "type": "Polygon", "coordinates": [ [ [ 398720.447609359107446, 3782549.847405900247395 ], [ 398720.142421159718651, 3782549.542217700742185 ], [ 398718.921668362163473, 3782549.542217700742185 ], [ 398718.616480162774678, 3782549.237029501702636 ], [ 398717.700915564608295, 3782549.237029501702636 ], [ 398717.3957273652195, 3782548.931841302197427 ], [ 398717.090539165830705, 3782548.931841302197427 ], [ 398716.480162767053116, 3782548.321464903187007 ], [ 398716.174974567664322, 3782548.321464903187007 ], [ 398714.343845371331554, 3782546.49033570708707 ], [ 398714.038657171942759, 3782546.49033570708707 ], [ 398714.038657171942759, 3782546.18514750758186 ], [ 398713.733468972553965, 3782545.87995930807665 ], [ 398713.733468972553965, 3782545.269582909531891 ], [ 398714.343845371331554, 3782544.659206510521472 ], [ 398714.954221770109143, 3782544.659206510521472 ], [ 398715.259409969497938, 3782544.354018311481923 ], [ 398715.869786368275527, 3782544.354018311481923 ], [ 398716.174974567664322, 3782544.048830111976713 ], [ 398718.921668362163473, 3782544.048830111976713 ], [ 398719.226856561552268, 3782544.354018311481923 ], [ 398720.447609359107446, 3782544.354018311481923 ], [ 398720.752797558496241, 3782544.659206510521472 ], [ 398721.36317395727383, 3782544.659206510521472 ], [ 398721.973550356051419, 3782545.269582909531891 ], [ 398722.583926754829008, 3782545.269582909531891 ], [ 398722.583926754829008, 3782545.574771109037101 ], [ 398722.889114954217803, 3782545.87995930807665 ], [ 398723.194303153606597, 3782545.87995930807665 ], [ 398723.804679552384187, 3782546.49033570708707 ], [ 398724.415055951161776, 3782546.49033570708707 ], [ 398724.72024415055057, 3782546.79552390659228 ], [ 398725.025432349939365, 3782546.79552390659228 ], [ 398725.33062054932816, 3782547.100712105631828 ], [ 398725.635808748716954, 3782547.100712105631828 ], [ 398725.635808748716954, 3782549.542217700742185 ], [ 398725.025432349939365, 3782549.542217700742185 ], [ 398724.72024415055057, 3782549.847405900247395 ], [ 398720.447609359107446, 3782549.847405900247395 ] ] ] } },
{ "type": "Feature", "properties": { "confidence": 0.91063970327377319, "class": 1, "regularized": "rectangle" }, "geometry": { "type": "Polygon", "coordinates": [ [ [ 398624.9375, 3782831.5 ], [ 398634.375, 3782831.5 ], [ 398634.375, 3782849.5 ], [ 398624.9375, 3782849.5 ], [ 398624.9375, 3782831.5 ] ] ] } },
{ "type": "Feature", "properties": { "confidence": 0.9075171947479248, "class": 1, "regularized": null }, "geometry": { "type": "Polygon", "coordinates": [ [ [ 398552.594099694804754, 3782882.807731434237212 ], [ 398552.594099694804754, 3782879.755849440582097 ], [ 398552.899287894193549, 3782879.450661241076887 ], [ 398552.899287894193549, 3782877.00915564596653 ], [ 398552.594099694804754, 3782876.70396744646132 ], [ 398552.594099694804754, 3782875.483214648906142 ], [ 398553.204476093582343, 3782874.872838250361383 ], [ 398556.561546286859084, 3782874.872838250361383 ], [ 398556.866734486247879, 3782874.567650050856173 ], [ 398557.477110885025468, 3782874.567650050856173 ], [ 398557.782299084414262, 3782874.262461851350963 ], [ 398558.697863682580646, 3782874.262461851350963 ], [ 398559.003051881969441, 3782874.567650050856173 ], [ 398559.003051881969441, 3782878.535096643026918 ], [ 398558.697863682580646, 3782878.840284842532128 ], [ 398558.697863682580646, 3782881.281790437642485 ], [ 398558.392675483191852, 3782881.586978636682034 ], [ 398558.087487283803057, 3782881.281790437642485 ], [ 398556.866734486247879, 3782881.281790437642485 ], [ 398556.561546286859084, 3782880.976602238137275 ], [ 398555.951169888081495, 3782880.976602238137275 ], [ 398555.6459816886927, 3782881.281790437642485 ], [ 398555.6459816886927, 3782881.586978636682034 ], [ 398555.340793489303906, 3782881.892166836187243 ], [ 398555.340793489303906, 3782882.197355035692453 ], [ 398555.035605289915111, 3782882.502543235197663 ], [ 398555.035605289915111, 3782882.807731434237212 ], [ 398552.594099694804754, 3782882.807731434237212 ] ] ] } },
{ "type": "Feature", "properties": { "confidence": 0.90542787313461304, "class": 1, "regularized": null }, "geometry": { "type": "Polygon", "coordinates": [ [ [ 398869.379450661246665, 3782775.076297049876302 ], [ 398869.07426246185787, 3782774.771108850371093 ], [ 398868.769074262469076, 3782774.771108850371093 ], [ 398868.769074262469076, 3782770.193285859655589 ], [ 398869.07426246185787, 3782770.193285859655589 ], [ 398870.295015259413049, 3782771.414038657210767 ], [ 398870.600203458801843, 3782771.414038657210767 ], [ 398871.210579857579432, 3782772.024415055755526 ], [ 398871.515768056968227, 3782772.024415055755526 ], [ 398872.126144455745816, 3782772.634791454765946 ], [ 398872.126144455745816, 3782773.245167853310704 ], [ 398871.820956256357022, 3782773.550356052815914 ], [ 398871.820956256357022, 3782773.855544252321124 ], [ 398871.210579857579432, 3782774.465920650865883 ], [ 398870.905391658190638, 3782774.465920650865883 ], [ 398870.600203458801843, 3782774.771108850371093 ], [ 398869.684638860635459, 3782774.771108850371093 ], [ 398869.379450661246665, 3782775.076297049876302 ] ] ] } },
{ "type": "Feature", "properties": { "confidence": 0.90516746044158936, "class": 1, "regularized": null }, "geometry": { "type": "Polygon", "coordinates": [ [ [ 398566.327568667358719, 3782754.32349949143827 ], [ 398566.022380467969924, 3782754.01831129193306 ], [ 398564.801627670414746, 3782754.01831129193306 ], [ 398564.496439471025951, 3782753.71312309242785 ], [ 398564.191251271637157, 3782753.71312309242785 ], [ 398564.191251271637157, 3782751.881993896327913 ], [ 398564.496439471025951, 3782751.576805696822703 ], [ 398564.496439471025951, 3782749.135300101712346 ], [ 398564.191251271637157, 3782748.830111902207136 ], [ 398564.496439471025951, 3782748.524923703167588 ], [ 398564.496439471025951, 3782748.219735503662378 ], [ 398564.801627670414746, 3782747.914547304157168 ], [ 398565.10681586980354, 3782747.914547304157168 ], [ 398565.412004069192335, 3782747.609359104651958 ], [ 398569.379450661246665, 3782747.609359104651958 ], [ 398569.684638860635459, 3782747.914547304157168 ], [ 398570.600203458801843, 3782747.914547304157168 ], [ 398570.600203458801843, 3782748.524923703167588 ], [ 398570.905391658190638, 3782748.830111902207136 ], [ 398571.210579857579432, 3782748.830111902207136 ], [ 398571.210579857579432, 3782749.440488301217556 ], [ 398571.515768056968227, 3782749.745676500722766 ], [ 398571.515768056968227, 3782750.050864699762315 ], [ 398571.820956256357022, 3782750.356052899267524 ], [ 398571.820956256357022, 3782752.797558494377881 ], [ 398571.515768056968227, 3782753.102746693883091 ], [ 398571.515768056968227, 3782753.407934893388301 ], [ 398571.210579857579432, 3782753.407934893388301 ], [ 398570.905391658190638, 3782753.71312309242785 ], [ 398570.600203458801843, 3782753.71312309242785 ], [ 398570.295015259413049, 3782754.01831129193306 ], [ 398567.853509664302692, 3782754.01831129193306 ], [ 398567.548321464913897, 3782754.32349949143827 ], [ 398566.327568667358719, 3782754.32349949143827 ] ] ] } },
{ "type": "Feature", "properties": { "confidence": 0.90316653251647949, "class": 1, "regularized": null }, "geometry": { "type": "Polygon", "coordinates": [ [ [ 398779.348931841319427, 3782838.555442522745579 ], [ 398779.043743641930632, 3782838.250254323706031 ], [ 398776.90742624620907, 3782838.250254323706031 ], [ 398776.602238046820275, 3782837.945066124200821 ], [ 398775.991861648042686, 3782837.945066124200821 ], [ 398775.686673448653892, 3782837.639877924695611 ], [ 398774.7711088504293, 3782837.639877924695611 ], [ 398774.465920651040506, 3782837.334689725190401 ], [ 398774.160732451651711, 3782837.334689725190401 ], [ 398773.245167853485327, 3782836.419125127140433 ], [ 398773.245167853485327, 3782834.893184130080044 ], [ 398773.855544252262916, 3782834.282807731535286 ], [ 398773.855544252262916, 3782833.977619532030076 ], [ 398774.160732451651711, 3782833.672431332524866 ], [ 398774.160732451651711, 3782833.062054933980107 ], [ 398774.465920651040506, 3782833.062054933980107 ], [ 398774.7711088504293, 3782832.756866734474897 ], [ 398774.7711088504293, 3782832.451678534969687 ], [ 398775.381485249265097, 3782831.841302136424929 ], [ 398775.381485249265097, 3782831.536113936919719 ], [ 398777.212614445597865, 3782829.704984740819782 ], [ 398777.517802644986659, 3782829.704984740819782 ], [ 398777.822990844375454, 3782829.399796541314572 ], [ 398778.738555442541838, 3782829.399796541314572 ], [ 398779.043743641930632, 3782829.704984740819782 ], [ 398779.959308240097016, 3782829.704984740819782 ], [ 398780.264496439485811, 3782830.010172939859331 ], [ 398780.569684638874605, 3782830.010172939859331 ], [ 398780.8748728382634, 3782830.315361139364541 ], [ 398780.8748728382634, 3782830.92573753837496 ], [ 398781.485249237040989, 3782831.536113936919719 ], [ 398781.790437436429784, 3782831.536113936919719 ], [ 398781.790437436429784, 3782831.841302136424929 ], [ 398782.400813835207373, 3782832.451678534969687 ], [ 398782.400813835207373, 3782832.756866734474897 ], [ 398783.011190233984962, 3782833.367243133485317 ], [ 398783.316378433373757, 3782833.367243133485317 ], [ 398783.316378433373757, 3782836.113936927635223 ], [ 398783.621566632762551, 3782836.419125127140433 ], [ 398783.621566632762551, 3782837.029501526150852 ], [ 398783.926754832151346, 3782837.334689725190401 ], [ 398784.231943031540141, 3782837.334689725190401 ], [ 398784.231943031540141, 3782837.945066124200821 ], [ 398783.926754832151346, 3782837.639877924695611 ], [ 398781.790437436429784, 3782837.639877924695611 ], [ 398781.485249237040989, 3782837.945066124200821 ], [ 398780.8748728382634, 3782837.945066124200821 ], [ 398780.569684638874605, 3782838.250254323706031 ], [ 398779.654120040708221, 3782838.250254323706031 ], [ 398779.348931841319427, 3782838.555442522745579 ] ] ] } },
{ "type": "Feature", "properties": { "confidence": 0.90291297435760498, "class": 1, "regularized": null }, "geometry": { "type": "Polygon", "coordinates": [ [ [ 398639.267548321455251, 3782527.263479145243764 ], [ 398638.962360122066457, 3782526.958290946204215 ], [ 398638.962360122066457, 3782526.653102746699005 ], [ 398638.657171922677662, 3782526.347914547193795 ], [ 398638.962360122066457, 3782526.042726347688586 ], [ 398638.962360122066457, 3782525.127161749638617 ], [ 398638.657171922677662, 3782524.821973550133407 ], [ 398635.605289928789716, 3782524.821973550133407 ], [ 398635.605289928789716, 3782520.549338758923113 ], [ 398636.215666327567305, 3782519.938962359912694 ], [ 398637.741607324511278, 3782519.938962359912694 ], [ 398638.046795523900073, 3782520.244150559417903 ], [ 398638.657171922677662, 3782520.244150559417903 ], [ 398638.962360122066457, 3782520.549338758923113 ], [ 398639.267548321455251, 3782520.549338758923113 ], [ 398639.572736520844046, 3782520.854526958428323 ], [ 398639.877924720232841, 3782520.854526958428323 ], [ 398640.48830111901043, 3782521.464903356973082 ], [ 398640.793489318399224, 3782521.464903356973082 ], [ 398641.098677517788019, 3782521.770091556478292 ], [ 398641.098677517788019, 3782522.075279755983502 ], [ 398641.403865717176814, 3782522.38046795502305 ], [ 398641.403865717176814, 3782522.99084435403347 ], [ 398641.098677517788019, 3782522.99084435403347 ], [ 398640.793489318399224, 3782523.29603255353868 ], [ 398640.793489318399224, 3782523.906408952083439 ], [ 398641.098677517788019, 3782524.211597151588649 ], [ 398641.403865717176814, 3782524.211597151588649 ], [ 398641.403865717176814, 3782525.432349949143827 ], [ 398641.709053916565608, 3782525.737538148649037 ], [ 398641.709053916565608, 3782526.042726347688586 ], [ 398641.403865717176814, 3782526.347914547193795 ], [ 398641.403865717176814, 3782526.653102746699005 ], [ 398641.098677517788019, 3782526.653102746699005 ], [ 398640.793489318399224, 3782526.958290946204215 ], [ 398640.48830111901043, 3782526.958290946204215 ], [ 398640.183112919621635, 3782527.263479145243764 ], [ 398639.267548321455251, 3782527.263479145243764 ] ] ] } },
{ "type": "Feature", "properties": { "confidence": 0.89933407306671143, "class": 1, "regularized": null }, "geometry": { "type": "Polygon", "coordinates": [ [ [ 398739.064089521882124, 3782419.532044760882854 ], [ 398738.75890132249333, 3782419.226856561377645 ], [ 398737.843336724326946, 3782419.226856561377645 ], [ 398737.538148524938151, 3782418.921668362338096 ], [ 398737.232960325549357, 3782418.921668362338096 ], [ 398737.232960325549357, 3782418.311291963327676 ], [ 398737.538148524938151, 3782418.006103763822466 ], [ 398737.538148524938151, 3782416.480162767227739 ], [ 398737.843336724326946, 3782416.174974567722529 ], [ 398737.843336724326946, 3782415.564598168712109 ], [ 398738.14852492371574, 3782415.259409969672561 ], [ 398738.453713123104535, 3782415.259409969672561 ], [ 398739.979654120048508, 3782413.733468972612172 ], [ 398739.979654120048508, 3782412.817904374562204 ], [ 398740.284842319437303, 3782412.512716175056994 ], [ 398740.284842319437303, 3782412.207527975551784 ], [ 398743.336724313325249, 3782412.207527975551784 ], [ 398743.641912512714043, 3782411.902339776046574 ], [ 398744.862665310269222, 3782411.902339776046574 ], [ 398745.167853509658016, 3782412.207527975551784 ], [ 398745.778229908435605, 3782412.207527975551784 ], [ 398746.0834181078244, 3782412.512716175056994 ], [ 398746.388606307213195, 3782412.512716175056994 ], [ 398746.998982705990784, 3782413.123092573601753 ], [ 398747.304170905379578, 3782413.123092573601753 ], [ 398747.304170905379578, 3782414.343845371156931 ], [ 398747.609359104768373, 3782414.649033570662141 ], [ 398747.609359104768373, 3782416.480162767227739 ], [ 398747.304170905379578, 3782416.785350966267288 ], [ 398747.304170905379578, 3782417.700915564782917 ], [ 398746.998982705990784, 3782418.006103763822466 ], [ 398746.998982705990784, 3782418.616480162832886 ], [ 398746.0834181078244, 3782419.532044760882854 ], [ 398739.064089521882124, 3782419.532044760882854 ] ] ] } },
{ "type": "Feature", "properties": { "confidence": 0.89715296030044556, "class": 1, "regularized": null }, "geometry": { "type": "Polygon", "coordinates": [ [ [ 398638.046795523900073, 3782870.600203458685428 ], [ 398637.741607324511278, 3782870.295015259180218 ], [ 398637.436419125122484, 3782870.295015259180218 ], [ 398636.826042726344895, 3782869.684638860635459 ], [ 398636.215666327567305, 3782869.684638860635459 ], [ 398635.910478128178511, 3782869.37945066113025 ], [ 398635.605289928789716, 3782869.37945066113025 ], [ 398634.994913530012127, 3782868.769074262585491 ], [ 398634.994913530012127, 3782868.463886063080281 ], [ 398634.689725330623332, 3782868.158697863575071 ], [ 398634.384537131234538, 3782868.158697863575071 ], [ 398634.384537131234538, 3782865.412004068959504 ], [ 398634.689725330623332, 3782865.412004068959504 ], [ 398634.994913530012127, 3782865.106815869919956 ], [ 398634.994913530012127, 3782864.496439470909536 ], [ 398634.689725330623332, 3782864.191251271404326 ], [ 398634.384537131234538, 3782864.191251271404326 ], [ 398634.384537131234538, 3782854.12004069192335 ], [ 398635.605289928789716, 3782854.12004069192335 ], [ 398635.910478128178511, 3782853.81485249241814 ], [ 398640.48830111901043, 3782853.81485249241814 ], [ 398640.793489318399224, 3782854.12004069192335 ], [ 398641.098677517788019, 3782854.12004069192335 ], [ 398641.098677517788019, 3782860.223804679699242 ], [ 398640.793489318399224, 3782860.528992878738791 ], [ 398640.793489318399224, 3782860.834181078244001 ], [ 398640.48830111901043, 3782861.139369277749211 ], [ 398640.48830111901043, 3782861.444557477254421 ], [ 398640.183112919621635, 3782861.749745676293969 ], [ 398640.183112919621635, 3782862.054933875799179 ], [ 398639.877924720232841, 3782862.360122075304389 ], [ 398639.877924720232841, 3782865.412004068959504 ], [ 398640.183112919621635, 3782865.717192268464714 ], [ 398640.183112919621635, 3782868.158697863575071 ], [ 398639.877924720232841, 3782868.463886063080281 ], [ 398639.877924720232841, 3782869.37945066113025 ], [ 398639.267548321455251, 3782869.989827060140669 ], [ 398639.267548321455251, 3782870.295015259180218 ], [ 398638.962360122066457, 3782870.600203458685428 ], [ 398638.046795523900073, 3782870.600203458685428 ] ] ] } },
{ "type": "Feature", "properties": { "confidence": 0.89692455530166626, "class": 1, "regularized": null }, "geometry": { "type": "Polygon", "coordinates": [ [ [ 398800.101729399815667, 3782707.32451678533107 ], [ 398799.796541200426873, 3782707.019328585825861 ], [ 398798.880976602260489, 3782707.019328585825861 ], [ 398798.575788402871694, 3782706.714140386786312 ], [ 398797.660223804705311, 3782706.714140386786312 ], [ 398797.355035605316516, 3782706.408952187281102 ], [ 398795.829094608314335, 3782706.408952187281102 ], [ 398795.523906408925541, 3782706.103763987775892 ], [ 398795.218718209536746, 3782706.103763987775892 ], [ 398795.218718209536746, 3782703.967446592170745 ], [ 398795.523906408925541, 3782703.662258392665535 ], [ 398795.523906408925541, 3782702.136317395605147 ], [ 398795.829094608314335, 3782701.831129196565598 ], [ 398795.829094608314335, 3782700.0 ], [ 398796.744659206538927, 3782699.084435401950032 ], [ 398796.744659206538927, 3782698.779247202444822 ], [ 398797.049847405927721, 3782698.779247202444822 ], [ 398797.355035605316516, 3782698.474059002939612 ], [ 398799.796541200426873, 3782698.474059002939612 ], [ 398800.101729399815667, 3782698.779247202444822 ], [ 398800.712105798593257, 3782698.779247202444822 ], [ 398801.017293997982051, 3782699.084435401950032 ], [ 398801.322482197370846, 3782699.084435401950032 ], [ 398801.62767039675964, 3782699.38962360098958 ], [ 398801.932858596148435, 3782699.38962360098958 ], [ 398802.23804679553723, 3782699.69481180049479 ], [ 398802.543234994926024, 3782699.69481180049479 ], [ 398803.153611393703613, 3782700.30518819950521 ], [ 398803.153611393703613, 3782700.61037639901042 ], [ 398803.458799593092408, 3782700.915564598049968 ], [ 398803.458799593092408, 3782701.220752797555178 ], [ 398803.763987792481203, 3782701.525940997060388 ], [ 398803.763987792481203, 3782703.051881994120777 ], [ 398803.458799593092408, 3782703.357070193160325 ], [ 398803.458799593092408, 3782705.188199389725924 ], [ 398803.153611393703613, 3782705.493387589231133 ], [ 398803.153611393703613, 3782707.019328585825861 ], [ 398802.848423194314819, 3782707.32451678533107 ], [ 398800.101729399815667, 3782707.32451678533107 ] ] ] } },
{ "type": "Feature", "properties": { "confidence": 0.89614659547805786, "class": 1, "regularized": null }, "geometry": { "type": "Polygon", "coordinates": [ [ [ 398697.558494404889643, 3782608.13835198385641 ], [ 398697.253306205500849, 3782607.8331637843512 ], [ 398696.948118006112054, 3782607.8331637843512 ], [ 398696.642929806723259, 3782607.52797558484599 ], [ 398696.03255340794567, 3782607.52797558484599 ], [ 398695.422177009168081, 3782606.917599186301231 ], [ 398695.116988809779286, 3782606.917599186301231 ], [ 398695.116988809779286, 3782603.865717192180455 ], [ 398695.727365208556876, 3782603.255340793635696 ], [ 398695.727365208556876, 3782602.950152594130486 ], [ 398696.337741607334465, 3782602.339776195120066 ], [ 398696.337741607334465, 3782601.424211597070098 ], [ 398696.642929806723259, 3782601.119023397564888 ], [ 398696.642929806723259, 3782600.508646999020129 ], [ 398697.253306205500849, 3782599.89827060000971 ], [ 398697.253306205500849, 3782599.593082400970161 ], [ 398697.558494404889643, 3782599.287894201464951 ], [ 398697.863682604278438, 3782599.287894201464951 ], [ 398698.168870803667232, 3782598.982706001959741 ], [ 398698.779247202444822, 3782598.982706001959741 ], [ 398699.084435401833616, 3782598.677517802454531 ], [ 398702.136317395721562, 3782598.677517802454531 ], [ 398702.441505595110357, 3782598.982706001959741 ], [ 398703.357070193276741, 3782598.982706001959741 ], [ 398703.662258392665535, 3782599.287894201464951 ], [ 398703.96744659205433, 3782599.287894201464951 ], [ 398704.272634791443124, 3782599.593082400970161 ], [ 398704.577822990831919, 3782599.593082400970161 ], [ 398704.883011190220714, 3782599.89827060000971 ], [ 398705.188199389609508, 3782599.89827060000971 ], [ 398705.188199389609508, 3782601.729399796575308 ], [ 398704.272634791443124, 3782602.644964394625276 ], [ 398703.96744659205433, 3782602.644964394625276 ], [ 398703.357070193276741, 3782603.255340793635696 ], [ 398703.357070193276741, 3782603.560528992675245 ], [ 398703.051881993887946, 3782603.865717192180455 ], [ 398703.051881993887946, 3782604.476093591190875 ], [ 398702.746693794499151, 3782604.781281790230423 ], [ 398702.441505595110357, 3782604.781281790230423 ], [ 398701.831129196332768, 3782605.391658189240843 ], [ 398701.525940996943973, 3782605.391658189240843 ], [ 398700.0, 3782606.917599186301231 ], [ 398700.0, 3782607.22278738534078 ], [ 398699.694811800611205, 3782607.52797558484599 ], [ 398699.694811800611205, 3782607.8331637843512 ], [ 398699.389623601222411, 3782608.13835198385641 ], [ 398697.558494404889643, 3782608.13835198385641 ] ] ] } },
{ "type": "Feature", "properties": { "confidence": 0.89557057619094849, "class": 1, "regularized": null }, "geometry": { "type": "Polygon", "coordinates": [ [ [ 398559.918616480135825, 3782683.519837232772261 ], [ 398559.61342828074703, 3782683.214649033732712 ], [ 398558.697863682580646, 3782683.214649033732712 ], [ 398558.087487283803057, 3782682.604272634722292 ], [ 398558.087487283803057, 3782682.299084435217083 ], [ 398557.782299084414262, 3782681.993896236177534 ], [ 398558.087487283803057, 3782681.688708036672324 ], [ 398558.087487283803057, 3782680.773143438622355 ], [ 398558.392675483191852, 3782680.467955239117146 ], [ 398558.392675483191852, 3782679.857578840106726 ], [ 398559.003051881969441, 3782679.247202441561967 ], [ 398559.003051881969441, 3782678.942014242056757 ], [ 398559.308240081358235, 3782678.636826042551547 ], [ 398559.61342828074703, 3782678.636826042551547 ], [ 398562.360122075304389, 3782675.890132248401642 ], [ 398562.360122075304389, 3782675.584944048896432 ], [ 398562.665310274693184, 3782675.279755849391222 ], [ 398562.970498474081978, 3782675.279755849391222 ], [ 398563.886063072248362, 3782674.364191251341254 ], [ 398564.191251271637157, 3782674.364191251341254 ], [ 398564.801627670414746, 3782673.753814852330834 ], [ 398565.10681586980354, 3782673.753814852330834 ], [ 398565.412004069192335, 3782673.448626653291285 ], [ 398565.71719226858113, 3782673.448626653291285 ], [ 398566.022380467969924, 3782673.753814852330834 ], [ 398567.243133265525103, 3782673.753814852330834 ], [ 398567.548321464913897, 3782674.059003051836044 ], [ 398568.158697863691486, 3782674.059003051836044 ], [ 398568.463886063080281, 3782674.364191251341254 ], [ 398568.769074262469076, 3782674.364191251341254 ], [ 398569.07426246185787, 3782674.669379450846463 ], [ 398569.07426246185787, 3782675.584944048896432 ], [ 398568.769074262469076, 3782675.890132248401642 ], [ 398568.769074262469076, 3782676.80569684645161 ], [ 398568.463886063080281, 3782677.11088504595682 ], [ 398568.463886063080281, 3782677.416073244996369 ], [ 398567.548321464913897, 3782678.331637843511999 ], [ 398567.548321464913897, 3782678.636826042551547 ], [ 398566.632756866747513, 3782679.552390641067177 ], [ 398566.327568667358719, 3782679.552390641067177 ], [ 398564.191251271637157, 3782681.688708036672324 ], [ 398563.886063072248362, 3782681.688708036672324 ], [ 398563.580874872859567, 3782681.993896236177534 ], [ 398563.580874872859567, 3782682.299084435217083 ], [ 398563.275686673470773, 3782682.604272634722292 ], [ 398562.665310274693184, 3782682.604272634722292 ], [ 398562.360122075304389, 3782682.909460834227502 ], [ 398562.360122075304389, 3782683.214649033732712 ], [ 398560.528992878913414, 3782683.214649033732712 ], [ 398560.223804679524619, 3782683.519837232772261 ], [ 398559.918616480135825, 3782683.519837232772261 ] ] ] } },
{ "type": "Feature", "properties": { "confidence": 0.89442706108093262, "class": 1, "regularized": null }, "geometry": { "type": "Polygon", "coordinates": [ [ [ 398664.598168870783411, 3782704.272634791675955 ], [ 398664.292980671394616, 3782703.967446592170745 ], [ 398663.987792472005822, 3782703.967446592170745 ], [ 398663.987792472005822, 3782698.779247202444822 ], [ 398664.292980671394616, 3782698.474059002939612 ], [ 398664.292980671394616, 3782697.863682604394853 ], [ 398664.598168870783411, 3782697.558494404889643 ], [ 398664.598168870783411, 3782696.032553407829255 ], [ 398664.903357070172206, 3782695.727365208324045 ], [ 398664.903357070172206, 3782695.116988809779286 ], [ 398665.208545269561, 3782694.811800610274076 ], [ 398665.208545269561, 3782694.201424211729318 ], [ 398665.513733468949795, 3782693.896236012224108 ], [ 398665.513733468949795, 3782692.67548321466893 ], [ 398665.818921668338589, 3782692.37029501516372 ], [ 398665.818921668338589, 3782692.06510681565851 ], [ 398666.124109867727384, 3782691.759918616618961 ], [ 398669.175991861673538, 3782691.759918616618961 ], [ 398669.786368260451127, 3782692.37029501516372 ], [ 398669.786368260451127, 3782692.67548321466893 ], [ 398670.396744659228716, 3782693.285859613213688 ], [ 398670.396744659228716, 3782694.811800610274076 ], [ 398670.701932858617511, 3782695.116988809779286 ], [ 398670.701932858617511, 3782695.422177009284496 ], [ 398671.007121058006305, 3782695.727365208324045 ], [ 398671.007121058006305, 3782698.474059002939612 ], [ 398671.3123092573951, 3782698.779247202444822 ], [ 398671.3123092573951, 3782701.831129196565598 ], [ 398671.007121058006305, 3782702.136317395605147 ], [ 398671.007121058006305, 3782702.441505595110357 ], [ 398670.091556459839921, 3782702.441505595110357 ], [ 398669.786368260451127, 3782702.136317395605147 ], [ 398668.870803662284743, 3782702.136317395605147 ], [ 398668.565615462895948, 3782701.831129196565598 ], [ 398667.039674465893768, 3782701.831129196565598 ], [ 398666.429298067116179, 3782702.441505595110357 ], [ 398666.429298067116179, 3782702.746693794615567 ], [ 398666.124109867727384, 3782703.051881994120777 ], [ 398666.124109867727384, 3782704.272634791675955 ], [ 398664.598168870783411, 3782704.272634791675955 ] ] ] } },
{ "type": "Feature", "properties": { "confidence": 0.89429759979248047, "class": 1, "regularized": null }, "geometry": { "type": "Polygon", "coordinates": [ [ [ 398444.252288911491632, 3782946.897253306116909 ], [ 398443.947100712102838, 3782946.592065106611699 ], [ 398443.947100712102838, 3782946.28687690757215 ], [ 398443.641912512714043, 3782945.98168870806694 ], [ 398443.641912512714043, 3782944.455747711006552 ], [ 398443.947100712102838, 3782944.150559511501342 ], [ 398443.947100712102838, 3782942.929806713946164 ], [ 398443.641912512714043, 3782942.624618514906615 ], [ 398443.641912512714043, 3782941.403865717351437 ], [ 398443.336724313325249, 3782941.098677517846227 ], [ 398443.336724313325249, 3782938.04679552372545 ], [ 398443.641912512714043, 3782937.741607324685901 ], [ 398443.947100712102838, 3782937.741607324685901 ], [ 398444.252288911491632, 3782937.436419125180691 ], [ 398445.473041709046811, 3782937.436419125180691 ], [ 398446.0834181078244, 3782938.04679552372545 ], [ 398446.0834181078244, 3782938.35198372323066 ], [ 398446.998982705990784, 3782939.267548321280628 ], [ 398447.304170905379578, 3782939.267548321280628 ], [ 398448.219735503545962, 3782940.183112919796258 ], [ 398448.524923702934757, 3782940.183112919796258 ], [ 398449.440488301101141, 3782941.098677517846227 ], [ 398449.745676500489935, 3782941.098677517846227 ], [ 398450.05086469987873, 3782941.403865717351437 ], [ 398450.661241098656319, 3782941.403865717351437 ], [ 398450.966429298045114, 3782941.709053916390985 ], [ 398451.271617497433908, 3782941.709053916390985 ], [ 398451.576805696822703, 3782942.014242115896195 ], [ 398451.576805696822703, 3782942.319430315401405 ], [ 398451.881993896211497, 3782942.624618514906615 ], [ 398451.881993896211497, 3782945.67650050856173 ], [ 398452.187182095600292, 3782945.98168870806694 ], [ 398452.492370294989087, 3782945.98168870806694 ], [ 398452.187182095600292, 3782946.28687690757215 ], [ 398452.187182095600292, 3782946.592065106611699 ], [ 398449.440488301101141, 3782946.592065106611699 ], [ 398449.135300101712346, 3782946.28687690757215 ], [ 398446.693794506601989, 3782946.28687690757215 ], [ 398446.388606307213195, 3782946.592065106611699 ], [ 398445.473041709046811, 3782946.592065106611699 ], [ 398445.167853509658016, 3782946.897253306116909 ], [ 398444.252288911491632, 3782946.897253306116909 ] ] ] } },
{ "type": "Feature", "properties": { "confidence": 0.89337092638015747, "class": 1, "regularized": null }, "geometry": { "type": "Polygon", "coordinates": [ [ [ 398773.245167853485327, 3782648.423194303177297 ], [ 398773.245167853485327, 3782648.118006103672087 ], [ 398772.939979654096533, 3782647.812817904166877 ], [ 398772.939979654096533, 3782645.67650050856173 ], [ 398773.245167853485327, 3782645.37131230905652 ], [ 398773.855544252262916, 3782645.37131230905652 ], [ 398774.160732451651711, 3782645.066124110016972 ], [ 398774.465920651040506, 3782645.066124110016972 ], [ 398774.7711088504293, 3782644.760935910511762 ], [ 398775.076297049876302, 3782644.760935910511762 ], [ 398775.381485249265097, 3782644.455747711006552 ], [ 398775.991861648042686, 3782644.455747711006552 ], [ 398776.297049847431481, 3782644.150559511501342 ], [ 398777.212614445597865, 3782644.150559511501342 ], [ 398777.517802644986659, 3782643.845371312461793 ], [ 398779.348931841319427, 3782643.845371312461793 ], [ 398779.959308240097016, 3782644.455747711006552 ], [ 398779.959308240097016, 3782644.760935910511762 ], [ 398780.569684638874605, 3782645.37131230905652 ], [ 398780.569684638874605, 3782645.67650050856173 ], [ 398780.8748728382634, 3782645.98168870806694 ], [ 398780.8748728382634, 3782647.812817904166877 ], [ 398780.569684638874605, 3782648.118006103672087 ], [ 398780.569684638874605, 3782648.423194303177297 ], [ 398773.245167853485327, 3782648.423194303177297 ] ] ] } },
{ "type": "Feature", "properties": { "confidence": 0.89325815439224243, "class": 1, "regularized": null }, "geometry": { "type": "Polygon", "coordinates": [ [ [ 398469.277721261430997, 3782592.878942014183849 ], [ 398468.972533062042203, 3782592.573753814678639 ], [ 398468.972533062042203, 3782590.132248219568282 ], [ 398469.277721261430997, 3782589.827060020528734 ], [ 398469.277721261430997, 3782588.301119023468345 ], [ 398468.972533062042203, 3782587.995930823963135 ], [ 398468.972533062042203, 3782584.63886063080281 ], [ 398468.667344862653408, 3782584.3336724312976 ], [ 398468.667344862653408, 3782583.418107833247632 ], [ 398468.972533062042203, 3782583.112919633742422 ], [ 398471.108850457763765, 3782583.112919633742422 ], [ 398471.41403865715256, 3782583.418107833247632 ], [ 398472.634791454707738, 3782583.418107833247632 ], [ 398472.939979654096533, 3782583.723296032752842 ], [ 398473.245167853485327, 3782583.723296032752842 ], [ 398474.465920651040506, 3782584.94404883030802 ], [ 398474.465920651040506, 3782587.385554425418377 ], [ 398474.7711088504293, 3782587.690742624457926 ], [ 398474.7711088504293, 3782588.911495422013104 ], [ 398475.076297049876302, 3782589.216683621518314 ], [ 398475.076297049876302, 3782591.658189216628671 ], [ 398474.7711088504293, 3782591.963377416133881 ], [ 398474.465920651040506, 3782591.963377416133881 ], [ 398474.160732451651711, 3782592.268565615639091 ], [ 398473.550356052874122, 3782592.268565615639091 ], [ 398473.245167853485327, 3782592.573753814678639 ], [ 398471.719226856541354, 3782592.573753814678639 ], [ 398471.41403865715256, 3782592.878942014183849 ], [ 398469.277721261430997, 3782592.878942014183849 ] ] ] } },
{ "type": "Feature", "properties": { "confidence": 0.89120662212371826, "class": 1, "regularized": "rectangle" }, "geometry": { "type": "Polygon", "coordinates": [ [ [ 398616.0625, 3782538.75 ], [ 398632.25, 3782538.75 ], [ 398632.25, 3782547.75 ], [ 398616.0625, 3782547.75 ], [ 398616.0625, 3782538.75 ] ] ] } },
{ "type": "Feature", "properties": { "confidence": 0.89033013582229614, "class": 1, "regularized": null }, "geometry": { "type": "Polygon", "coordinates": [ [ [ 398568.769074262469076, 3782828.179043743759394 ], [ 398568.463886063080281, 3782827.873855544254184 ], [ 398567.548321464913897, 3782827.873855544254184 ], [ 398566.937945066136308, 3782827.263479145243764 ], [ 398566.937945066136308, 3782826.958290946204215 ], [ 398565.412004069192335, 3782825.432349949143827 ], [ 398565.10681586980354, 3782825.432349949143827 ], [ 398564.801627670414746, 3782825.127161749638617 ], [ 398563.886063072248362, 3782825.127161749638617 ], [ 398563.580874872859567, 3782825.432349949143827 ], [ 398563.275686673470773, 3782825.127161749638617 ], [ 398562.360122075304389, 3782825.127161749638617 ], [ 398561.7497456765268, 3782824.516785351093858 ], [ 398561.7497456765268, 3782824.211597151588649 ], [ 398561.444557477138005, 3782823.906408952083439 ], [ 398561.444557477138005, 3782819.633774160873145 ], [ 398561.139369277749211, 3782819.328585961367935 ], [ 398561.139369277749211, 3782817.192268565762788 ], [ 398561.444557477138005, 3782816.887080366257578 ], [ 398561.444557477138005, 3782816.276703967247158 ], [ 398568.769074262469076, 3782816.276703967247158 ], [ 398569.07426246185787, 3782816.581892166752368 ], [ 398570.295015259413049, 3782816.581892166752368 ], [ 398570.295015259413049, 3782816.887080366257578 ], [ 398570.905391658190638, 3782817.497456764802337 ], [ 398570.905391658190638, 3782819.328585961367935 ], [ 398571.210579857579432, 3782819.633774160873145 ], [ 398571.210579857579432, 3782820.244150559417903 ], [ 398571.515768056968227, 3782820.549338758923113 ], [ 398571.515768056968227, 3782821.159715157467872 ], [ 398571.210579857579432, 3782821.464903356973082 ], [ 398571.210579857579432, 3782822.38046795502305 ], [ 398570.905391658190638, 3782822.68565615452826 ], [ 398570.905391658190638, 3782827.568667344748974 ], [ 398570.600203458801843, 3782827.873855544254184 ], [ 398570.295015259413049, 3782827.873855544254184 ], [ 398569.989827060024254, 3782828.179043743759394 ], [ 398568.769074262469076, 3782828.179043743759394 ] ] ] } },
{ "type": "Feature", "properties": { "confidence": 0.88994127511978149, "class": 1, "regularized": null }, "geometry": { "type": "Polygon", "coordinates": [ [ [ 398497.049847405927721, 3782679.857578840106726 ], [ 398496.439471007150132, 3782679.247202441561967 ], [ 398496.439471007150132, 3782678.942014242056757 ], [ 398495.829094608314335, 3782678.331637843511999 ], [ 398495.829094608314335, 3782677.416073244996369 ], [ 398495.523906408925541, 3782677.11088504595682 ], [ 398495.523906408925541, 3782676.80569684645161 ], [ 398495.829094608314335, 3782676.5005086469464 ], [ 398495.829094608314335, 3782676.19532044744119 ], [ 398496.439471007150132, 3782675.584944048896432 ], [ 398496.744659206538927, 3782675.584944048896432 ], [ 398497.355035605316516, 3782674.974567649886012 ], [ 398497.660223804705311, 3782674.974567649886012 ], [ 398497.965412004094105, 3782674.669379450846463 ], [ 398498.2706002034829, 3782674.669379450846463 ], [ 398498.575788402871694, 3782674.364191251341254 ], [ 398499.186164801649284, 3782674.364191251341254 ], [ 398499.491353001038078, 3782674.059003051836044 ], [ 398500.101729399815667, 3782674.059003051836044 ], [ 398500.406917599204462, 3782673.753814852330834 ], [ 398502.23804679553723, 3782673.753814852330834 ], [ 398502.543234994926024, 3782673.448626653291285 ], [ 398503.153611393703613, 3782673.448626653291285 ], [ 398503.458799593092408, 3782673.143438453786075 ], [ 398504.374364191258792, 3782673.143438453786075 ], [ 398504.374364191258792, 3782673.448626653291285 ], [ 398504.679552390647586, 3782673.753814852330834 ], [ 398504.679552390647586, 3782676.19532044744119 ], [ 398504.374364191258792, 3782676.5005086469464 ], [ 398504.069175991869997, 3782676.5005086469464 ], [ 398503.763987792481203, 3782676.80569684645161 ], [ 398503.458799593092408, 3782676.80569684645161 ], [ 398502.543234994926024, 3782677.721261444501579 ], [ 398502.543234994926024, 3782678.026449644006789 ], [ 398501.62767039675964, 3782678.942014242056757 ], [ 398501.322482197370846, 3782678.942014242056757 ], [ 398501.017293997982051, 3782679.247202441561967 ], [ 398500.712105798593257, 3782679.247202441561967 ], [ 398500.406917599204462, 3782679.552390641067177 ], [ 398499.796541200426873, 3782679.552390641067177 ], [ 398499.491353001038078, 3782679.857578840106726 ], [ 398497.049847405927721, 3782679.857578840106726 ] ] ] } },
{ "type": "Feature", "properties": { "confidence": 0.8894350528717041, "class": 1, "regularized": null }, "geometry": { "type": "Polygon", "coordinates": [ [ [ 398569.379450661246665, 3782665.208545269444585 ], [ 398569.07426246185787, 3782664.903357070405036 ], [ 398568.463886063080281, 3782664.903357070405036 ], [ 398568.158697863691486, 3782664.598168870899826 ], [ 398566.937945066136308, 3782664.598168870899826 ], [ 398566.632756866747513, 3782664.903357070405036 ], [ 398566.022380467969924, 3782664.292980671394616 ], [ 398566.022380467969924, 3782663.987792471889406 ], [ 398565.71719226858113, 3782663.682604272849858 ], [ 398565.71719226858113, 3782663.377416073344648 ], [ 398565.412004069192335, 3782663.072227873839438 ], [ 398565.412004069192335, 3782662.767039674334228 ], [ 398565.10681586980354, 3782662.461851475294679 ], [ 398565.10681586980354, 3782662.156663275789469 ], [ 398564.801627670414746, 3782661.85147507628426 ], [ 398564.496439471025951, 3782661.85147507628426 ], [ 398564.496439471025951, 3782660.020345880184323 ], [ 398564.801627670414746, 3782659.715157680679113 ], [ 398566.632756866747513, 3782659.715157680679113 ], [ 398568.463886063080281, 3782661.54628687677905 ], [ 398568.769074262469076, 3782661.54628687677905 ], [ 398569.379450661246665, 3782662.156663275789469 ], [ 398569.684638860635459, 3782662.156663275789469 ], [ 398569.684638860635459, 3782662.461851475294679 ], [ 398569.989827060024254, 3782662.767039674334228 ], [ 398570.295015259413049, 3782662.767039674334228 ], [ 398570.600203458801843, 3782663.072227873839438 ], [ 398570.905391658190638, 3782663.072227873839438 ], [ 398570.905391658190638, 3782663.377416073344648 ], [ 398571.210579857579432, 3782663.682604272849858 ], [ 398571.210579857579432, 3782664.292980671394616 ], [ 398571.515768056968227, 3782664.598168870899826 ], [ 398571.210579857579432, 3782664.903357070405036 ], [ 398571.210579857579432, 3782665.208545269444585 ], [ 398569.379450661246665, 3782665.208545269444585 ] ] ] } },
{ "type": "Feature", "properties": { "confidence": 0.88659638166427612, "class": 1, "regularized": null }, "geometry": { "type": "Polygon", "coordinates": [ [ [ 398569.684638860635459, 3782597.151576805859804 ], [ 398569.379450661246665, 3782596.846388606354594 ], [ 398567.853509664302692, 3782596.846388606354594 ], [ 398567.853509664302692, 3782596.541200406849384 ], [ 398567.548321464913897, 3782596.236012207344174 ], [ 398567.548321464913897, 3782594.710071210749447 ], [ 398567.243133265525103, 3782594.404883011244237 ], [ 398567.243133265525103, 3782593.794506612233818 ], [ 398566.937945066136308, 3782593.489318413194269 ], [ 398566.937945066136308, 3782591.047812818083912 ], [ 398567.243133265525103, 3782590.742624618578702 ], [ 398567.243133265525103, 3782590.132248219568282 ], [ 398567.548321464913897, 3782589.827060020528734 ], [ 398567.548321464913897, 3782589.521871821023524 ], [ 398567.853509664302692, 3782589.216683621518314 ], [ 398568.158697863691486, 3782589.216683621518314 ], [ 398568.463886063080281, 3782588.911495422013104 ], [ 398572.431332655134611, 3782588.911495422013104 ], [ 398572.736520854523405, 3782588.606307222973555 ], [ 398574.262461851467378, 3782588.606307222973555 ], [ 398574.567650050856173, 3782588.911495422013104 ], [ 398574.567650050856173, 3782593.794506612233818 ], [ 398574.872838250244968, 3782594.099694811739028 ], [ 398574.872838250244968, 3782595.625635808799416 ], [ 398574.262461851467378, 3782596.236012207344174 ], [ 398573.957273652078584, 3782596.236012207344174 ], [ 398573.652085452689789, 3782596.541200406849384 ], [ 398573.346897253300995, 3782596.541200406849384 ], [ 398573.0417090539122, 3782596.846388606354594 ], [ 398572.431332655134611, 3782596.846388606354594 ], [ 398572.126144455745816, 3782597.151576805859804 ], [ 398569.684638860635459, 3782597.151576805859804 ] ] ] } },
{ "type": "Feature", "properties": { "confidence": 0.88491600751876831, "class": 1, "regularized": null }, "geometry": { "type": "Polygon", "coordinates": [ [ [ 398539.165818921639584, 3782818.718209562357515 ], [ 398539.165818921639584, 3782814.750762970652431 ], [ 398539.471007121086586, 3782814.445574771147221 ], [ 398539.471007121086586, 3782813.530010173097253 ], [ 398539.776195320475381, 3782813.224821973592043 ], [ 398539.776195320475381, 3782812.614445574581623 ], [ 398540.081383519864175, 3782812.309257375542074 ], [ 398551.068158697860781, 3782812.309257375542074 ], [ 398551.373346897249576, 3782812.614445574581623 ], [ 398551.373346897249576, 3782816.276703967247158 ], [ 398550.762970498471987, 3782816.887080366257578 ], [ 398548.626653102750424, 3782816.887080366257578 ], [ 398548.32146490336163, 3782817.192268565762788 ], [ 398546.185147507640067, 3782817.192268565762788 ], [ 398545.574771108862478, 3782817.802644964307547 ], [ 398545.574771108862478, 3782818.107833163812757 ], [ 398544.964394710084889, 3782818.718209562357515 ], [ 398539.165818921639584, 3782818.718209562357515 ] ] ] } },
{ "type": "Feature", "properties": { "confidence": 0.88343715667724609, "class": 1, "regularized": null }, "geometry": { "type": "Polygon", "coordinates": [ [ [ 398741.810783316381276, 3782721.668362156488001 ], [ 398741.810783316381276, 3782721.363173957448453 ], [ 398741.505595116992481, 3782721.057985757943243 ], [ 398741.505595116992481, 3782719.532044760882854 ], [ 398741.810783316381276, 3782719.226856561377645 ], [ 398741.810783316381276, 3782716.174974567722529 ], [ 398742.11597151577007, 3782715.869786368217319 ], [ 398742.11597151577007, 3782715.259409969672561 ], [ 398742.726347914547659, 3782714.649033570662141 ], [ 398743.336724313325249, 3782714.649033570662141 ], [ 398743.641912512714043, 3782714.343845371156931 ], [ 398743.947100712102838, 3782714.343845371156931 ], [ 398744.252288911491632, 3782714.038657172117382 ], [ 398745.778229908435605, 3782714.038657172117382 ], [ 398746.0834181078244, 3782714.343845371156931 ], [ 398746.388606307213195, 3782714.343845371156931 ], [ 398746.693794506601989, 3782714.649033570662141 ], [ 398746.998982705990784, 3782714.649033570662141 ], [ 398746.998982705990784, 3782716.480162767227739 ], [ 398746.693794506601989, 3782716.785350966267288 ], [ 398746.693794506601989, 3782717.090539165772498 ], [ 398746.388606307213195, 3782717.395727365277708 ], [ 398746.388606307213195, 3782717.700915564782917 ], [ 398746.0834181078244, 3782718.006103763822466 ], [ 398746.0834181078244, 3782718.311291963327676 ], [ 398745.778229908435605, 3782718.616480162832886 ], [ 398745.778229908435605, 3782719.532044760882854 ], [ 398745.473041709046811, 3782719.837232960388064 ], [ 398745.473041709046811, 3782720.142421159893274 ], [ 398744.557477110880427, 3782721.057985757943243 ], [ 398744.252288911491632, 3782721.057985757943243 ], [ 398743.641912512714043, 3782721.668362156488001 ], [ 398741.810783316381276, 3782721.668362156488001 ] ] ] } },
{ "type": "Feature", "properties": { "confidence": 0.87681066989898682, "class": 1, "regularized": null }, "geometry": { "type": "Polygon", "coordinates": [ [ [ 398489.725330620538443, 3782822.075279755983502 ], [ 398489.420142421149649, 3782821.770091556478292 ], [ 398489.420142421149649, 3782821.159715157467872 ], [ 398489.114954221760854, 3782820.854526958428323 ], [ 398489.114954221760854, 3782820.549338758923113 ], [ 398488.80976602237206, 3782820.244150559417903 ], [ 398488.80976602237206, 3782819.328585961367935 ], [ 398488.504577822983265, 3782819.023397761862725 ], [ 398488.504577822983265, 3782818.413021363317966 ], [ 398488.80976602237206, 3782818.107833163812757 ], [ 398491.251271617482416, 3782818.107833163812757 ], [ 398491.556459816871211, 3782817.802644964307547 ], [ 398491.861648016260006, 3782817.802644964307547 ], [ 398492.472024415037595, 3782817.192268565762788 ], [ 398492.472024415037595, 3782816.887080366257578 ], [ 398492.777212614426389, 3782816.887080366257578 ], [ 398493.082400813815184, 3782816.581892166752368 ], [ 398493.082400813815184, 3782815.97151576820761 ], [ 398493.387589013203979, 3782815.6663275687024 ], [ 398493.387589013203979, 3782814.445574771147221 ], [ 398493.997965411981568, 3782814.445574771147221 ], [ 398494.303153611370362, 3782814.750762970652431 ], [ 398494.608341810759157, 3782814.750762970652431 ], [ 398494.608341810759157, 3782815.05595116969198 ], [ 398494.913530010147952, 3782815.36113936919719 ], [ 398494.913530010147952, 3782815.6663275687024 ], [ 398495.829094608314335, 3782816.581892166752368 ], [ 398495.829094608314335, 3782817.192268565762788 ], [ 398496.13428280770313, 3782817.497456764802337 ], [ 398496.13428280770313, 3782819.938962359912694 ], [ 398495.829094608314335, 3782820.244150559417903 ], [ 398494.608341810759157, 3782820.244150559417903 ], [ 398494.303153611370362, 3782820.549338758923113 ], [ 398493.997965411981568, 3782820.549338758923113 ], [ 398493.692777212592773, 3782820.854526958428323 ], [ 398492.777212614426389, 3782820.854526958428323 ], [ 398492.1668362156488, 3782821.464903356973082 ], [ 398491.861648016260006, 3782821.464903356973082 ], [ 398491.556459816871211, 3782821.770091556478292 ], [ 398490.946083418093622, 3782821.770091556478292 ], [ 398490.640895218704827, 3782822.075279755983502 ], [ 398489.725330620538443, 3782822.075279755983502 ] ] ] } },
{ "type": "Feature", "properties": { "confidence": 0.87258535623550415, "class": 1, "regularized": null }, "geometry": { "type": "Polygon", "coordinates": [ [ [ 398635.910478128178511, 3782464.699898270424455 ], [ 398635.605289928789716, 3782464.394710071384907 ], [ 398635.300101729400922, 3782464.394710071384907 ], [ 398635.300101729400922, 3782460.732451678719372 ], [ 398634.994913530012127, 3782460.427263479214162 ], [ 398634.384537131234538, 3782460.427263479214162 ], [ 398634.384537131234538, 3782457.680569684598595 ], [ 398634.994913530012127, 3782457.680569684598595 ], [ 398635.300101729400922, 3782457.375381485093385 ], [ 398635.300101729400922, 3782457.070193286053836 ], [ 398635.605289928789716, 3782457.070193286053836 ], [ 398635.910478128178511, 3782456.765005086548626 ], [ 398635.910478128178511, 3782456.459816887043417 ], [ 398642.624618514731992, 3782456.459816887043417 ], [ 398642.624618514731992, 3782457.680569684598595 ], [ 398642.929806714120787, 3782457.985757884103805 ], [ 398642.929806714120787, 3782459.816887080203742 ], [ 398642.624618514731992, 3782460.122075279708952 ], [ 398642.624618514731992, 3782460.427263479214162 ], [ 398642.319430315343197, 3782460.732451678719372 ], [ 398641.709053916565608, 3782460.732451678719372 ], [ 398641.403865717176814, 3782461.03763987775892 ], [ 398641.403865717176814, 3782461.34282807726413 ], [ 398641.098677517788019, 3782461.64801627676934 ], [ 398641.098677517788019, 3782464.394710071384907 ], [ 398640.793489318399224, 3782464.699898270424455 ], [ 398635.910478128178511, 3782464.699898270424455 ] ] ] } },
{ "type": "Feature", "properties": { "confidence": 0.86947751045227051, "class": 1, "regularized": null }, "geometry": { "type": "Polygon", "coordinates": [ [ [ 398551.67853509663837, 3782478.433367243036628 ], [ 398551.373346897249576, 3782478.128179043531418 ], [ 398551.373346897249576, 3782475.381485249381512 ], [ 398551.67853509663837, 3782475.076297049876302 ], [ 398551.67853509663837, 3782474.160732451826334 ], [ 398551.983723296027165, 3782474.160732451826334 ], [ 398552.28891149541596, 3782473.855544252321124 ], [ 398553.204476093582343, 3782473.855544252321124 ], [ 398553.509664292971138, 3782473.550356052815914 ], [ 398555.951169888081495, 3782473.550356052815914 ], [ 398555.951169888081495, 3782477.822990844491869 ], [ 398554.425228891137522, 3782477.822990844491869 ], [ 398554.120040691748727, 3782478.128179043531418 ], [ 398553.204476093582343, 3782478.128179043531418 ], [ 398552.899287894193549, 3782478.433367243036628 ], [ 398551.67853509663837, 3782478.433367243036628 ] ] ] } },
{ "type": "Feature", "properties": { "confidence": 0.86858218908309937, "class": 1, "regularized": null }, "geometry": { "type": "Polygon", "coordinates": [ [ [ 398462.258392675488722, 3782711.902339776046574 ], [ 398461.953204476099927, 3782711.597151577007025 ], [ 398461.648016276711132, 3782711.597151577007025 ], [ 398461.037639877933543, 3782710.986775177996606 ], [ 398460.732451678544749, 3782710.986775177996606 ], [ 398460.732451678544749, 3782710.071210579946637 ], [ 398460.427263479155954, 3782709.766022380441427 ], [ 398460.427263479155954, 3782705.798575788270682 ], [ 398460.732451678544749, 3782705.493387589231133 ], [ 398460.732451678544749, 3782704.883011190220714 ], [ 398462.258392675488722, 3782703.357070193160325 ], [ 398462.258392675488722, 3782703.051881994120777 ], [ 398464.394710071210284, 3782703.051881994120777 ], [ 398464.699898270599078, 3782702.746693794615567 ], [ 398466.225839267543051, 3782702.746693794615567 ], [ 398466.531027466931846, 3782702.441505595110357 ], [ 398466.836215666320641, 3782702.441505595110357 ], [ 398467.141403865709435, 3782702.746693794615567 ], [ 398467.44659206509823, 3782702.746693794615567 ], [ 398467.44659206509823, 3782703.967446592170745 ], [ 398467.141403865709435, 3782704.272634791675955 ], [ 398467.141403865709435, 3782706.408952187281102 ], [ 398466.836215666320641, 3782706.714140386786312 ], [ 398466.836215666320641, 3782707.019328585825861 ], [ 398466.225839267543051, 3782707.62970498483628 ], [ 398466.225839267543051, 3782707.93489318434149 ], [ 398465.920651068154257, 3782708.240081383381039 ], [ 398465.920651068154257, 3782709.155645981896669 ], [ 398465.615462868765462, 3782709.460834180936217 ], [ 398465.615462868765462, 3782709.766022380441427 ], [ 398465.310274669376668, 3782710.071210579946637 ], [ 398465.310274669376668, 3782710.376398779451847 ], [ 398464.089521871821489, 3782711.597151577007025 ], [ 398463.784333672432695, 3782711.597151577007025 ], [ 398463.4791454730439, 3782711.902339776046574 ], [ 398462.258392675488722, 3782711.902339776046574 ] ] ] } },
{ "type": "Feature", "properties": { "confidence": 0.86005336046218872, "class": 1, "regularized": null }, "geometry": { "type": "Polygon", "coordinates": [ [ [ 398666.124109867727384, 3782796.134282807819545 ], [ 398665.818921668338589, 3782795.829094608314335 ], [ 398665.513733468949795, 3782795.829094608314335 ], [ 398665.513733468949795, 3782788.809766022488475 ], [ 398665.208545269561, 3782788.504577822983265 ], [ 398664.903357070172206, 3782788.504577822983265 ], [ 398664.292980671394616, 3782787.894201424438506 ], [ 398663.682604272617027, 3782787.894201424438506 ], [ 398663.377416073228233, 3782787.589013224933296 ], [ 398663.072227873839438, 3782787.589013224933296 ], [ 398662.767039674450643, 3782787.283825025428087 ], [ 398662.767039674450643, 3782785.452695828862488 ], [ 398663.072227873839438, 3782785.14750762982294 ], [ 398663.072227873839438, 3782784.84231943031773 ], [ 398663.682604272617027, 3782784.23194303130731 ], [ 398663.682604272617027, 3782783.621566632762551 ], [ 398663.987792472005822, 3782783.621566632762551 ], [ 398664.598168870783411, 3782783.011190233752131 ], [ 398664.903357070172206, 3782783.011190233752131 ], [ 398665.208545269561, 3782782.706002034712583 ], [ 398668.260427263507154, 3782782.706002034712583 ], [ 398668.565615462895948, 3782783.011190233752131 ], [ 398668.870803662284743, 3782783.011190233752131 ], [ 398669.786368260451127, 3782783.926754832267761 ], [ 398669.786368260451127, 3782784.23194303130731 ], [ 398670.396744659228716, 3782784.84231943031773 ], [ 398670.701932858617511, 3782784.84231943031773 ], [ 398670.701932858617511, 3782785.14750762982294 ], [ 398671.3123092573951, 3782785.757884028367698 ], [ 398671.3123092573951, 3782786.063072227872908 ], [ 398671.007121058006305, 3782786.368260427378118 ], [ 398671.007121058006305, 3782787.589013224933296 ], [ 398671.3123092573951, 3782787.894201424438506 ], [ 398671.3123092573951, 3782788.199389623478055 ], [ 398671.617497456783894, 3782788.504577822983265 ], [ 398671.617497456783894, 3782791.556459817104042 ], [ 398671.922685656172689, 3782791.86164801614359 ], [ 398671.922685656172689, 3782792.77721261465922 ], [ 398671.617497456783894, 3782793.082400813698769 ], [ 398671.617497456783894, 3782795.523906408809125 ], [ 398671.922685656172689, 3782795.829094608314335 ], [ 398671.617497456783894, 3782795.829094608314335 ], [ 398671.3123092573951, 3782796.134282807819545 ], [ 398666.124109867727384, 3782796.134282807819545 ] ] ] } },
{ "type": "Feature", "properties": { "confidence": 0.85631662607192993, "class": 1, "regularized": null }, "geometry": { "type": "Polygon", "coordinates": [ [ [ 398746.0834181078244, 3782882.807731434237212 ], [ 398746.0834181078244, 3782882.502543235197663 ], [ 398745.778229908435605, 3782882.197355035692453 ], [ 398745.778229908435605, 3782880.976602238137275 ], [ 398746.0834181078244, 3782880.671414038632065 ], [ 398746.0834181078244, 3782880.366225839126855 ], [ 398746.998982705990784, 3782879.450661241076887 ], [ 398746.998982705990784, 3782878.535096643026918 ], [ 398746.693794506601989, 3782878.229908443521708 ], [ 398746.693794506601989, 3782877.31434384547174 ], [ 398747.609359104768373, 3782876.398779247421771 ], [ 398747.914547304157168, 3782876.398779247421771 ], [ 398748.219735503545962, 3782876.093591047916561 ], [ 398748.830111902323551, 3782876.093591047916561 ], [ 398749.135300101712346, 3782875.788402848411351 ], [ 398750.356052899267524, 3782875.788402848411351 ], [ 398750.661241098656319, 3782876.093591047916561 ], [ 398750.966429298045114, 3782876.093591047916561 ], [ 398751.271617497433908, 3782876.398779247421771 ], [ 398751.271617497433908, 3782879.145473041571677 ], [ 398752.492370294989087, 3782880.366225839126855 ], [ 398753.102746693766676, 3782880.366225839126855 ], [ 398752.797558494377881, 3782880.671414038632065 ], [ 398752.797558494377881, 3782880.976602238137275 ], [ 398752.187182095600292, 3782880.976602238137275 ], [ 398751.881993896211497, 3782881.281790437642485 ], [ 398751.881993896211497, 3782881.892166836187243 ], [ 398752.187182095600292, 3782882.197355035692453 ], [ 398751.881993896211497, 3782882.502543235197663 ], [ 398751.881993896211497, 3782882.807731434237212 ], [ 398751.576805696822703, 3782882.807731434237212 ], [ 398751.576805696822703, 3782882.502543235197663 ], [ 398751.271617497433908, 3782882.197355035692453 ], [ 398749.745676500489935, 3782882.197355035692453 ], [ 398749.440488301101141, 3782882.502543235197663 ], [ 398749.440488301101141, 3782882.807731434237212 ], [ 398746.0834181078244, 3782882.807731434237212 ] ] ] } },
{ "type": "Feature", "properties": { "confidence": 0.85583615303039551, "class": 1, "regularized": null }, "geometry": { "type": "Polygon", "coordinates": [ [ [ 398559.918616480135825, 3782569.989827060140669 ], [ 398559.308240081358235, 3782569.37945066113025 ], [ 398559.308240081358235, 3782564.191251271404326 ], [ 398559.918616480135825, 3782563.580874872859567 ], [ 398559.918616480135825, 3782562.054933875799179 ], [ 398560.834181078360416, 3782561.139369277749211 ], [ 398561.7497456765268, 3782561.139369277749211 ], [ 398562.054933875915594, 3782560.834181078244001 ], [ 398562.665310274693184, 3782560.834181078244001 ], [ 398562.970498474081978, 3782560.528992878738791 ], [ 398564.191251271637157, 3782560.528992878738791 ], [ 398564.496439471025951, 3782560.834181078244001 ], [ 398564.496439471025951, 3782562.665310274809599 ], [ 398565.10681586980354, 3782563.275686673354357 ], [ 398565.412004069192335, 3782563.275686673354357 ], [ 398565.71719226858113, 3782563.580874872859567 ], [ 398567.243133265525103, 3782563.580874872859567 ], [ 398567.548321464913897, 3782563.886063072364777 ], [ 398567.853509664302692, 3782563.886063072364777 ], [ 398568.463886063080281, 3782564.496439470909536 ], [ 398568.463886063080281, 3782565.106815869919956 ], [ 398569.07426246185787, 3782565.717192268464714 ], [ 398569.07426246185787, 3782566.022380467969924 ], [ 398569.379450661246665, 3782566.327568667475134 ], [ 398569.379450661246665, 3782569.37945066113025 ], [ 398568.769074262469076, 3782569.989827060140669 ], [ 398564.801627670414746, 3782569.989827060140669 ], [ 398564.496439471025951, 3782569.684638860635459 ], [ 398562.360122075304389, 3782569.684638860635459 ], [ 398562.054933875915594, 3782569.989827060140669 ], [ 398559.918616480135825, 3782569.989827060140669 ] ] ] } },
{ "type": "Feature", "properties": { "confidence": 0.85048109292984009, "class": 1, "regularized": null }, "geometry": { "type": "Polygon", "coordinates": [ [ [ 398756.765005086490419, 3782858.392675483133644 ], [ 398756.765005086490419, 3782858.087487283628434 ], [ 398755.849440488324035, 3782857.171922685578465 ], [ 398755.849440488324035, 3782856.866734486073256 ], [ 398755.54425228893524, 3782856.561546287033707 ], [ 398755.54425228893524, 3782851.983723295852542 ], [ 398755.849440488324035, 3782851.678535096812993 ], [ 398756.459816887101624, 3782851.678535096812993 ], [ 398756.765005086490419, 3782851.373346897307783 ], [ 398758.596134282823186, 3782851.373346897307783 ], [ 398758.901322482211981, 3782851.678535096812993 ], [ 398759.206510681600776, 3782851.678535096812993 ], [ 398759.51169888098957, 3782851.983723295852542 ], [ 398759.816887080378365, 3782851.983723295852542 ], [ 398759.816887080378365, 3782852.594099694862962 ], [ 398760.122075279767159, 3782852.899287894368172 ], [ 398760.122075279767159, 3782855.951169888023287 ], [ 398759.816887080378365, 3782856.256358087528497 ], [ 398759.816887080378365, 3782856.561546287033707 ], [ 398759.51169888098957, 3782856.866734486073256 ], [ 398759.51169888098957, 3782857.171922685578465 ], [ 398758.596134282823186, 3782858.087487283628434 ], [ 398758.290946083434392, 3782858.087487283628434 ], [ 398757.985757884045597, 3782858.392675483133644 ], [ 398756.765005086490419, 3782858.392675483133644 ] ] ] } },
{ "type": "Feature", "properties": { "confidence": 0.85005974769592285, "class": 1, "regularized": null }, "geometry": { "type": "Polygon", "coordinates": [ [ [ 398800.712105798593257, 3782765.005086469929665 ], [ 398800.406917599204462, 3782764.699898270424455 ], [ 398800.406917599204462, 3782764.394710071384907 ], [ 398800.712105798593257, 3782764.089521871879697 ], [ 398800.712105798593257, 3782763.173957273829728 ], [ 398800.101729399815667, 3782762.563580874819309 ], [ 398799.186164801649284, 3782762.563580874819309 ], [ 398798.575788402871694, 3782761.95320447627455 ], [ 398798.2706002034829, 3782761.95320447627455 ], [ 398797.965412004094105, 3782761.64801627676934 ], [ 398797.660223804705311, 3782761.64801627676934 ], [ 398797.660223804705311, 3782761.34282807726413 ], [ 398797.355035605316516, 3782761.03763987775892 ], [ 398797.355035605316516, 3782760.122075279708952 ], [ 398797.049847405927721, 3782759.816887080203742 ], [ 398797.049847405927721, 3782757.375381485093385 ], [ 398796.744659206538927, 3782757.070193286053836 ], [ 398796.744659206538927, 3782755.849440488498658 ], [ 398803.458799593092408, 3782755.849440488498658 ], [ 398803.763987792481203, 3782756.154628687538207 ], [ 398803.763987792481203, 3782757.985757884103805 ], [ 398804.069175991869997, 3782758.290946083609015 ], [ 398803.763987792481203, 3782758.596134282648563 ], [ 398803.763987792481203, 3782763.479145472869277 ], [ 398803.458799593092408, 3782763.784333672374487 ], [ 398803.458799593092408, 3782764.089521871879697 ], [ 398803.153611393703613, 3782764.394710071384907 ], [ 398803.153611393703613, 3782765.005086469929665 ], [ 398800.712105798593257, 3782765.005086469929665 ] ] ] } },
{ "type": "Feature", "properties": { "confidence": 0.84873092174530029, "class": 1, "regularized": null }, "geometry": { "type": "Polygon", "coordinates": [ [ [ 398751.576805696822703, 3782697.253306205384433 ], [ 398751.576805696822703, 3782687.487283824943006 ], [ 398751.881993896211497, 3782687.487283824943006 ], [ 398752.187182095600292, 3782687.182095625437796 ], [ 398752.187182095600292, 3782684.435401831287891 ], [ 398752.492370294989087, 3782684.130213631782681 ], [ 398752.492370294989087, 3782683.519837232772261 ], [ 398752.797558494377881, 3782683.214649033732712 ], [ 398752.797558494377881, 3782682.909460834227502 ], [ 398753.102746693766676, 3782682.604272634722292 ], [ 398755.239064089546446, 3782682.604272634722292 ], [ 398756.459816887101624, 3782683.825025432277471 ], [ 398757.985757884045597, 3782683.825025432277471 ], [ 398758.290946083434392, 3782684.130213631782681 ], [ 398758.596134282823186, 3782684.130213631782681 ], [ 398758.596134282823186, 3782685.961342827882618 ], [ 398758.290946083434392, 3782686.266531027387828 ], [ 398758.290946083434392, 3782686.571719226893038 ], [ 398757.985757884045597, 3782686.876907426398247 ], [ 398757.985757884045597, 3782687.182095625437796 ], [ 398757.375381485268008, 3782687.792472024448216 ], [ 398757.375381485268008, 3782688.097660223953426 ], [ 398756.765005086490419, 3782688.708036622498184 ], [ 398756.765005086490419, 3782689.013224822003394 ], [ 398755.239064089546446, 3782690.539165819063783 ], [ 398755.239064089546446, 3782690.844354018103331 ], [ 398754.933875890157651, 3782691.149542217608541 ], [ 398754.933875890157651, 3782691.454730417113751 ], [ 398754.628687690768857, 3782691.759918616618961 ], [ 398754.628687690768857, 3782693.896236012224108 ], [ 398754.933875890157651, 3782694.201424211729318 ], [ 398754.933875890157651, 3782695.727365208324045 ], [ 398755.239064089546446, 3782696.032553407829255 ], [ 398755.239064089546446, 3782696.948118005879223 ], [ 398754.933875890157651, 3782697.253306205384433 ], [ 398751.576805696822703, 3782697.253306205384433 ] ] ] } },
{ "type": "Feature", "properties": { "confidence": 0.8486289381980896, "class": 1, "regularized": "rectangle" }, "geometry": { "type": "Polygon", "coordinates": [ [ [ 398659.71875, 3782715.5 ], [ 398672.21875, 3782715.5 ], [ 398672.21875, 3782728.5 ], [ 398659.71875, 3782728.5 ], [ 398659.71875, 3782715.5 ] ] ] } },
{ "type": "Feature", "properties": { "confidence": 0.84566885232925415, "class": 1, "regularized": null }, "geometry": { "type": "Polygon", "coordinates": [ [ [ 398750.356052899267524, 3782880.671414038632065 ], [ 398750.05086469987873, 3782880.366225839126855 ], [ 398748.830111902323551, 3782880.366225839126855 ], [ 398747.914547304157168, 3782879.450661241076887 ], [ 398747.914547304157168, 3782878.840284842532128 ], [ 398747.609359104768373, 3782878.535096643026918 ], [ 398747.609359104768373, 3782877.924720244016498 ], [ 398747.914547304157168, 3782877.61953204497695 ], [ 398747.914547304157168, 3782876.093591047916561 ], [ 398748.219735503545962, 3782875.788402848411351 ], [ 398748.830111902323551, 3782875.788402848411351 ], [ 398749.135300101712346, 3782875.483214648906142 ], [ 398750.05086469987873, 3782875.483214648906142 ], [ 398750.356052899267524, 3782875.788402848411351 ], [ 398750.661241098656319, 3782875.788402848411351 ], [ 398750.661241098656319, 3782876.093591047916561 ], [ 398751.576805696822703, 3782877.00915564596653 ], [ 398751.881993896211497, 3782877.00915564596653 ], [ 398752.187182095600292, 3782877.31434384547174 ], [ 398752.492370294989087, 3782877.31434384547174 ], [ 398753.40793489315547, 3782878.229908443521708 ], [ 398753.713123092602473, 3782878.229908443521708 ], [ 398753.713123092602473, 3782878.535096643026918 ], [ 398754.323499491380062, 3782879.145473041571677 ], [ 398754.323499491380062, 3782879.450661241076887 ], [ 398754.628687690768857, 3782879.755849440582097 ], [ 398754.628687690768857, 3782880.366225839126855 ], [ 398754.018311291991267, 3782880.366225839126855 ], [ 398753.713123092602473, 3782880.671414038632065 ], [ 398752.187182095600292, 3782880.671414038632065 ], [ 398751.881993896211497, 3782880.366225839126855 ], [ 398750.661241098656319, 3782880.366225839126855 ], [ 398750.356052899267524, 3782880.671414038632065 ] ] ] } },
{ "type": "Feature", "properties": { "confidence": 0.84520924091339111, "class": 1, "regularized": null }, "geometry": { "type": "Polygon", "coordinates": [ [ [ 398634.994913530012127, 3782493.082400813698769 ], [ 398634.994913530012127, 3782489.420142421033233 ], [ 398640.183112919621635, 3782489.420142421033233 ], [ 398640.183112919621635, 3782490.640895218588412 ], [ 398639.877924720232841, 3782490.946083418093622 ], [ 398639.877924720232841, 3782491.556459817104042 ], [ 398639.572736520844046, 3782491.86164801614359 ], [ 398639.572736520844046, 3782492.1668362156488 ], [ 398638.962360122066457, 3782492.77721261465922 ], [ 398638.351983723288868, 3782492.77721261465922 ], [ 398638.046795523900073, 3782493.082400813698769 ], [ 398634.994913530012127, 3782493.082400813698769 ] ] ] } },
{ "type": "Feature", "properties": { "confidence": 0.84074395895004272, "class": 1, "regularized": null }, "geometry": { "type": "Polygon", "coordinates": [ [ [ 398517.802644964365754, 3782736.317395727150142 ], [ 398517.802644964365754, 3782732.960325533989817 ], [ 398518.413021363201551, 3782732.349949135445058 ], [ 398518.413021363201551, 3782730.82400813838467 ], [ 398518.718209562590346, 3782730.51881993887946 ], [ 398518.718209562590346, 3782730.21363173937425 ], [ 398519.328585961367935, 3782729.603255340829492 ], [ 398519.328585961367935, 3782729.298067141324282 ], [ 398519.63377416075673, 3782729.298067141324282 ], [ 398519.938962360145524, 3782728.992878941819072 ], [ 398519.938962360145524, 3782728.687690742779523 ], [ 398520.244150559534319, 3782728.687690742779523 ], [ 398520.549338758923113, 3782728.382502543274313 ], [ 398520.854526958311908, 3782728.382502543274313 ], [ 398521.159715157700703, 3782728.077314343769103 ], [ 398521.159715157700703, 3782727.772126144263893 ], [ 398521.464903357089497, 3782727.466937945224345 ], [ 398522.380467955255881, 3782727.466937945224345 ], [ 398522.685656154644676, 3782727.161749745719135 ], [ 398522.685656154644676, 3782726.856561546213925 ], [ 398523.296032553422265, 3782726.856561546213925 ], [ 398523.296032553422265, 3782727.161749745719135 ], [ 398523.601220752811059, 3782727.466937945224345 ], [ 398523.906408952199854, 3782727.466937945224345 ], [ 398523.906408952199854, 3782729.908443540334702 ], [ 398523.601220752811059, 3782730.21363173937425 ], [ 398523.601220752811059, 3782730.51881993887946 ], [ 398523.296032553422265, 3782730.82400813838467 ], [ 398523.296032553422265, 3782731.739572736434639 ], [ 398522.685656154644676, 3782732.349949135445058 ], [ 398522.685656154644676, 3782732.655137334484607 ], [ 398522.380467955255881, 3782732.655137334484607 ], [ 398522.075279755867086, 3782732.960325533989817 ], [ 398522.075279755867086, 3782733.265513733495027 ], [ 398520.854526958311908, 3782734.486266531050205 ], [ 398520.854526958311908, 3782734.791454730555415 ], [ 398520.549338758923113, 3782735.096642929594964 ], [ 398520.549338758923113, 3782735.401831129100174 ], [ 398519.938962360145524, 3782736.012207528110594 ], [ 398519.63377416075673, 3782736.012207528110594 ], [ 398519.328585961367935, 3782736.317395727150142 ], [ 398517.802644964365754, 3782736.317395727150142 ] ] ] } },
{ "type": "Feature", "properties": { "confidence": 0.84031730890274048, "class": 1, "regularized": null }, "geometry": { "type": "Polygon", "coordinates": [ [ [ 398869.989827060024254, 3782765.615462868940085 ], [ 398869.989827060024254, 3782765.310274669434875 ], [ 398869.379450661246665, 3782764.699898270424455 ], [ 398869.379450661246665, 3782764.394710071384907 ], [ 398869.07426246185787, 3782764.089521871879697 ], [ 398868.769074262469076, 3782764.089521871879697 ], [ 398868.769074262469076, 3782762.563580874819309 ], [ 398869.379450661246665, 3782762.563580874819309 ], [ 398869.684638860635459, 3782762.258392675314099 ], [ 398872.126144455745816, 3782762.258392675314099 ], [ 398872.126144455745816, 3782764.699898270424455 ], [ 398871.820956256357022, 3782765.005086469929665 ], [ 398871.820956256357022, 3782765.615462868940085 ], [ 398869.989827060024254, 3782765.615462868940085 ] ] ] } },
{ "type": "Feature", "properties": { "confidence": 0.8387916088104248, "class": 1, "regularized": null }, "geometry": { "type": "Polygon", "coordinates": [ [ [ 398438.453713123104535, 3782495.218718209769577 ], [ 398438.14852492371574, 3782494.913530010264367 ], [ 398437.538148524938151, 3782494.913530010264367 ], [ 398436.927772126160562, 3782494.303153611253947 ], [ 398436.622583926771767, 3782494.303153611253947 ], [ 398436.012207527994178, 3782493.692777212709188 ], [ 398435.707019328605384, 3782493.692777212709188 ], [ 398435.707019328605384, 3782493.387589013203979 ], [ 398435.401831129216589, 3782493.082400813698769 ], [ 398435.096642929827794, 3782493.082400813698769 ], [ 398435.096642929827794, 3782492.47202441515401 ], [ 398443.641912512714043, 3782492.47202441515401 ], [ 398443.641912512714043, 3782493.387589013203979 ], [ 398443.336724313325249, 3782493.692777212709188 ], [ 398443.336724313325249, 3782493.997965412214398 ], [ 398443.031536113936454, 3782494.303153611253947 ], [ 398443.031536113936454, 3782494.608341810759157 ], [ 398442.726347914547659, 3782494.913530010264367 ], [ 398441.505595116992481, 3782494.913530010264367 ], [ 398441.200406917603686, 3782495.218718209769577 ], [ 398438.453713123104535, 3782495.218718209769577 ] ] ] } },
{ "type": "Feature", "properties": { "confidence": 0.83781778812408447, "class": 1, "regularized": null }, "geometry": { "type": "Polygon", "coordinates": [ [ [ 398512.919633774145041, 3782847.100712105631828 ], [ 398511.393692777201068, 3782845.574771109037101 ], [ 398511.393692777201068, 3782845.269582909531891 ], [ 398511.088504577812273, 3782844.964394710026681 ], [ 398511.088504577812273, 3782844.048830111976713 ], [ 398516.581892166810576, 3782844.048830111976713 ], [ 398516.581892166810576, 3782844.659206510521472 ], [ 398516.276703967421781, 3782844.964394710026681 ], [ 398516.276703967421781, 3782845.574771109037101 ], [ 398515.971515768032987, 3782845.87995930807665 ], [ 398515.971515768032987, 3782846.18514750758186 ], [ 398515.666327568644192, 3782846.49033570708707 ], [ 398515.361139369255397, 3782846.49033570708707 ], [ 398515.055951169866603, 3782846.79552390659228 ], [ 398514.445574771089014, 3782846.79552390659228 ], [ 398514.140386571700219, 3782847.100712105631828 ], [ 398512.919633774145041, 3782847.100712105631828 ] ] ] } },
{ "type": "Feature", "properties": { "confidence": 0.82577574253082275, "class": 1, "regularized": null }, "geometry": { "type": "Polygon", "coordinates": [ [ [ 398462.258392675488722, 3782660.935910478234291 ], [ 398462.258392675488722, 3782660.630722278729081 ], [ 398461.953204476099927, 3782660.325534079223871 ], [ 398461.953204476099927, 3782659.715157680679113 ], [ 398461.648016276711132, 3782659.409969481173903 ], [ 398461.648016276711132, 3782658.494404883123934 ], [ 398461.342828077322338, 3782658.189216683618724 ], [ 398461.342828077322338, 3782655.137334689497948 ], [ 398461.648016276711132, 3782654.832146490458399 ], [ 398461.648016276711132, 3782654.526958290953189 ], [ 398461.953204476099927, 3782654.221770091447979 ], [ 398462.258392675488722, 3782654.221770091447979 ], [ 398462.563580874877516, 3782653.916581891942769 ], [ 398462.868769074266311, 3782653.916581891942769 ], [ 398463.173957273655105, 3782653.611393692903221 ], [ 398463.4791454730439, 3782653.611393692903221 ], [ 398463.784333672432695, 3782653.306205493398011 ], [ 398464.699898270599078, 3782653.306205493398011 ], [ 398465.005086469987873, 3782653.001017293892801 ], [ 398465.615462868765462, 3782653.001017293892801 ], [ 398465.920651068154257, 3782652.695829094387591 ], [ 398466.531027466931846, 3782652.695829094387591 ], [ 398466.836215666320641, 3782653.001017293892801 ], [ 398466.836215666320641, 3782653.306205493398011 ], [ 398467.141403865709435, 3782653.611393692903221 ], [ 398467.141403865709435, 3782654.221770091447979 ], [ 398467.751780264487024, 3782654.832146490458399 ], [ 398467.751780264487024, 3782655.137334689497948 ], [ 398468.362156663264614, 3782655.747711088508368 ], [ 398468.362156663264614, 3782657.884028484113514 ], [ 398467.44659206509823, 3782658.799593082629144 ], [ 398467.141403865709435, 3782658.799593082629144 ], [ 398466.531027466931846, 3782659.409969481173903 ], [ 398466.225839267543051, 3782659.409969481173903 ], [ 398465.920651068154257, 3782659.715157680679113 ], [ 398465.615462868765462, 3782659.715157680679113 ], [ 398465.005086469987873, 3782660.325534079223871 ], [ 398464.699898270599078, 3782660.325534079223871 ], [ 398464.394710071210284, 3782660.630722278729081 ], [ 398464.089521871821489, 3782660.630722278729081 ], [ 398463.784333672432695, 3782660.935910478234291 ], [ 398462.258392675488722, 3782660.935910478234291 ] ] ] } },
{ "type": "Feature", "properties": { "confidence": 0.82568669319152832, "class": 1, "regularized": null }, "geometry": { "type": "Polygon", "coordinates": [ [ [ 398847.71108850458404, 3782513.530010173097253 ], [ 398847.405900305195246, 3782513.224821973592043 ], [ 398847.100712105806451, 3782513.224821973592043 ], [ 398846.490335707028862, 3782512.614445574581623 ], [ 398846.490335707028862, 3782512.309257375542074 ], [ 398846.185147507640067, 3782512.004069176036865 ], [ 398846.185147507640067, 3782510.478128178976476 ], [ 398846.490335707028862, 3782510.172939979471266 ], [ 398846.490335707028862, 3782509.867751780431718 ], [ 398846.795523906417657, 3782509.562563580926508 ], [ 398846.795523906417657, 3782508.952187181916088 ], [ 398847.405900305195246, 3782508.341810783371329 ], [ 398851.983723296027165, 3782508.341810783371329 ], [ 398851.983723296027165, 3782508.646998982876539 ], [ 398852.28891149541596, 3782508.952187181916088 ], [ 398852.28891149541596, 3782510.783316378481686 ], [ 398850.457782299083192, 3782512.614445574581623 ], [ 398850.457782299083192, 3782512.919633774086833 ], [ 398849.847405900305603, 3782512.919633774086833 ], [ 398849.542217700916808, 3782513.224821973592043 ], [ 398849.237029501528013, 3782513.224821973592043 ], [ 398848.931841302139219, 3782513.530010173097253 ], [ 398847.71108850458404, 3782513.530010173097253 ] ] ] } },
{ "type": "Feature", "properties": { "confidence": 0.82277768850326538, "class": 1, "regularized": null }, "geometry": { "type": "Polygon", "coordinates": [ [ [ 398554.120040691748727, 3782807.121057985816151 ], [ 398553.814852492359933, 3782806.815869786310941 ], [ 398553.509664292971138, 3782806.815869786310941 ], [ 398553.204476093582343, 3782806.510681586805731 ], [ 398552.594099694804754, 3782806.510681586805731 ], [ 398552.28891149541596, 3782806.205493387766182 ], [ 398549.237029501528013, 3782806.205493387766182 ], [ 398548.32146490336163, 3782805.289928789250553 ], [ 398548.016276703972835, 3782805.289928789250553 ], [ 398547.71108850458404, 3782804.984740590211004 ], [ 398547.405900305195246, 3782804.984740590211004 ], [ 398547.100712105806451, 3782804.679552390705794 ], [ 398547.100712105806451, 3782800.10172939999029 ], [ 398547.71108850458404, 3782800.10172939999029 ], [ 398548.016276703972835, 3782799.79654120048508 ], [ 398552.899287894193549, 3782799.79654120048508 ], [ 398553.204476093582343, 3782799.491353000979871 ], [ 398555.340793489303906, 3782799.491353000979871 ], [ 398555.6459816886927, 3782799.79654120048508 ], [ 398555.951169888081495, 3782799.79654120048508 ], [ 398555.951169888081495, 3782807.121057985816151 ], [ 398554.120040691748727, 3782807.121057985816151 ] ] ] } },
{ "type": "Feature", "properties": { "confidence": 0.82065963745117188, "class": 1, "regularized": null }, "geometry": { "type": "Polygon", "coordinates": [ [ [ 398752.187182095600292, 3782848.931841302197427 ], [ 398751.881993896211497, 3782848.626653102692217 ], [ 398751.576805696822703, 3782848.626653102692217 ], [ 398751.576805696822703, 3782844.048830111976713 ], [ 398756.15462868771283, 3782844.048830111976713 ], [ 398756.15462868771283, 3782845.269582909531891 ], [ 398755.54425228893524, 3782845.87995930807665 ], [ 398755.54425228893524, 3782846.49033570708707 ], [ 398755.239064089546446, 3782846.79552390659228 ], [ 398755.239064089546446, 3782847.405900305137038 ], [ 398754.933875890157651, 3782847.711088504642248 ], [ 398754.933875890157651, 3782848.016276704147458 ], [ 398754.628687690768857, 3782848.016276704147458 ], [ 398754.323499491380062, 3782848.321464903187007 ], [ 398754.018311291991267, 3782848.321464903187007 ], [ 398753.713123092602473, 3782848.626653102692217 ], [ 398753.40793489315547, 3782848.626653102692217 ], [ 398753.102746693766676, 3782848.931841302197427 ], [ 398752.187182095600292, 3782848.931841302197427 ] ] ] } },
{ "type": "Feature", "properties": { "confidence": 0.82036936283111572, "class": 1, "regularized": null }, "geometry": { "type": "Polygon", "coordinates": [ [ [ 398567.853509664302692, 3782582.197355035692453 ], [ 398567.548321464913897, 3782581.892166836187243 ], [ 398565.412004069192335, 3782581.892166836187243 ], [ 398565.10681586980354, 3782581.586978636682034 ], [ 398564.191251271637157, 3782581.586978636682034 ], [ 398563.275686673470773, 3782580.671414038632065 ], [ 398562.970498474081978, 3782580.671414038632065 ], [ 398561.7497456765268, 3782579.450661241076887 ], [ 398561.7497456765268, 3782577.61953204497695 ], [ 398562.665310274693184, 3782577.61953204497695 ], [ 398563.275686673470773, 3782577.00915564596653 ], [ 398564.496439471025951, 3782577.00915564596653 ], [ 398564.801627670414746, 3782576.70396744646132 ], [ 398564.801627670414746, 3782576.093591047916561 ], [ 398567.548321464913897, 3782576.093591047916561 ], [ 398568.158697863691486, 3782576.70396744646132 ], [ 398568.463886063080281, 3782576.70396744646132 ], [ 398569.07426246185787, 3782577.31434384547174 ], [ 398569.379450661246665, 3782577.31434384547174 ], [ 398569.684638860635459, 3782577.61953204497695 ], [ 398569.989827060024254, 3782577.61953204497695 ], [ 398570.295015259413049, 3782577.924720244016498 ], [ 398570.600203458801843, 3782577.924720244016498 ], [ 398571.515768056968227, 3782578.840284842532128 ], [ 398571.820956256357022, 3782578.840284842532128 ], [ 398572.126144455745816, 3782579.145473041571677 ], [ 398572.431332655134611, 3782579.145473041571677 ], [ 398572.736520854523405, 3782579.450661241076887 ], [ 398573.0417090539122, 3782579.450661241076887 ], [ 398573.346897253300995, 3782579.755849440582097 ], [ 398573.652085452689789, 3782579.755849440582097 ], [ 398573.957273652078584, 3782580.061037640087306 ], [ 398574.262461851467378, 3782580.061037640087306 ], [ 398574.872838250244968, 3782580.671414038632065 ], [ 398574.872838250244968, 3782581.281790437642485 ], [ 398574.567650050856173, 3782581.586978636682034 ], [ 398573.957273652078584, 3782581.586978636682034 ], [ 398573.652085452689789, 3782581.892166836187243 ], [ 398570.905391658190638, 3782581.892166836187243 ], [ 398570.600203458801843, 3782582.197355035692453 ], [ 398567.853509664302692, 3782582.197355035692453 ] ] ] } },
{ "type": "Feature", "properties": { "confidence": 0.81835222244262695, "class": 1, "regularized": null }, "geometry": { "type": "Polygon", "coordinates": [ [ [ 398554.730417090526316, 3782896.846388606354594 ], [ 398554.425228891137522, 3782896.541200406849384 ], [ 398554.425228891137522, 3782895.930824008304626 ], [ 398554.120040691748727, 3782895.625635808799416 ], [ 398554.425228891137522, 3782895.320447609294206 ], [ 398554.425228891137522, 3782894.099694811739028 ], [ 398553.509664292971138, 3782893.184130213689059 ], [ 398553.509664292971138, 3782892.878942014183849 ], [ 398553.204476093582343, 3782892.573753814678639 ], [ 398553.204476093582343, 3782888.301119023468345 ], [ 398553.509664292971138, 3782887.995930823963135 ], [ 398553.509664292971138, 3782887.385554425418377 ], [ 398553.814852492359933, 3782887.080366225913167 ], [ 398555.951169888081495, 3782887.080366225913167 ], [ 398555.951169888081495, 3782896.846388606354594 ], [ 398554.730417090526316, 3782896.846388606354594 ] ] ] } },
{ "type": "Feature", "properties": { "confidence": 0.8157617449760437, "class": 1, "regularized": null }, "geometry": { "type": "Polygon", "coordinates": [ [ [ 398522.99084435403347, 3782648.423194303177297 ], [ 398522.99084435403347, 3782648.118006103672087 ], [ 398522.685656154644676, 3782647.812817904166877 ], [ 398522.685656154644676, 3782647.507629705127329 ], [ 398522.380467955255881, 3782647.202441505622119 ], [ 398522.380467955255881, 3782646.897253306116909 ], [ 398522.075279755867086, 3782646.592065106611699 ], [ 398522.075279755867086, 3782646.28687690757215 ], [ 398521.770091556478292, 3782645.98168870806694 ], [ 398521.770091556478292, 3782645.066124110016972 ], [ 398521.464903357089497, 3782644.760935910511762 ], [ 398521.464903357089497, 3782644.150559511501342 ], [ 398520.854526958311908, 3782643.540183112956583 ], [ 398520.854526958311908, 3782643.234994913451374 ], [ 398520.549338758923113, 3782642.929806713946164 ], [ 398520.549338758923113, 3782641.709053916390985 ], [ 398521.159715157700703, 3782641.098677517846227 ], [ 398522.075279755867086, 3782641.098677517846227 ], [ 398522.685656154644676, 3782640.488301118835807 ], [ 398522.99084435403347, 3782640.793489318341017 ], [ 398523.296032553422265, 3782640.793489318341017 ], [ 398523.906408952199854, 3782641.403865717351437 ], [ 398525.127161749755032, 3782641.403865717351437 ], [ 398525.737538148532622, 3782640.793489318341017 ], [ 398526.042726347921416, 3782640.793489318341017 ], [ 398527.263479145476595, 3782639.572736520785838 ], [ 398528.179043743642978, 3782639.572736520785838 ], [ 398528.484231943031773, 3782639.877924720291048 ], [ 398528.484231943031773, 3782640.793489318341017 ], [ 398528.789420142420568, 3782641.098677517846227 ], [ 398528.789420142420568, 3782641.403865717351437 ], [ 398529.094608341809362, 3782641.709053916390985 ], [ 398529.094608341809362, 3782642.014242115896195 ], [ 398530.010172939975746, 3782642.929806713946164 ], [ 398530.010172939975746, 3782643.845371312461793 ], [ 398530.315361139364541, 3782644.150559511501342 ], [ 398530.315361139364541, 3782644.760935910511762 ], [ 398530.010172939975746, 3782645.066124110016972 ], [ 398530.010172939975746, 3782645.37131230905652 ], [ 398529.704984740586951, 3782645.37131230905652 ], [ 398529.399796541198157, 3782645.67650050856173 ], [ 398529.399796541198157, 3782645.98168870806694 ], [ 398528.789420142420568, 3782646.592065106611699 ], [ 398528.789420142420568, 3782646.897253306116909 ], [ 398528.484231943031773, 3782647.202441505622119 ], [ 398528.484231943031773, 3782647.507629705127329 ], [ 398527.873855544254184, 3782648.118006103672087 ], [ 398527.873855544254184, 3782648.423194303177297 ], [ 398522.99084435403347, 3782648.423194303177297 ] ] ] } },
{ "type": "Feature", "properties": { "confidence": 0.8117377758026123, "class": 1, "regularized": null }, "geometry": { "type": "Polygon", "coordinates": [ [ [ 398521.159715157700703, 3782580.061037640087306 ], [ 398521.159715157700703, 3782579.145473041571677 ], [ 398520.854526958311908, 3782578.840284842532128 ], [ 398520.854526958311908, 3782573.652085452806205 ], [ 398523.601220752811059, 3782573.652085452806205 ], [ 398525.127161749755032, 3782575.178026449866593 ], [ 398528.484231943031773, 3782575.178026449866593 ], [ 398528.789420142420568, 3782574.872838250361383 ], [ 398529.399796541198157, 3782574.872838250361383 ], [ 398529.704984740586951, 3782575.178026449866593 ], [ 398529.704984740586951, 3782576.70396744646132 ], [ 398529.399796541198157, 3782577.00915564596653 ], [ 398529.399796541198157, 3782577.61953204497695 ], [ 398529.094608341809362, 3782577.924720244016498 ], [ 398526.653102746699005, 3782577.924720244016498 ], [ 398526.347914547310211, 3782578.229908443521708 ], [ 398524.821973550366238, 3782578.229908443521708 ], [ 398524.516785350977443, 3782578.535096643026918 ], [ 398523.601220752811059, 3782578.535096643026918 ], [ 398523.296032553422265, 3782578.840284842532128 ], [ 398522.075279755867086, 3782578.840284842532128 ], [ 398521.770091556478292, 3782579.145473041571677 ], [ 398521.770091556478292, 3782580.061037640087306 ], [ 398521.159715157700703, 3782580.061037640087306 ] ] ] } },
{ "type": "Feature", "properties": { "confidence": 0.80948442220687866, "class": 1, "regularized": null }, "geometry": { "type": "Polygon", "coordinates": [ [ [ 398555.340793489303906, 3782531.230925737414509 ], [ 398555.340793489303906, 3782526.653102746699005 ], [ 398555.951169888081495, 3782526.653102746699005 ], [ 398556.256358087470289, 3782526.347914547193795 ], [ 398557.782299084414262, 3782526.347914547193795 ], [ 398558.087487283803057, 3782526.653102746699005 ], [ 398559.918616480135825, 3782526.653102746699005 ], [ 398560.223804679524619, 3782526.347914547193795 ], [ 398561.139369277749211, 3782526.347914547193795 ], [ 398561.444557477138005, 3782526.042726347688586 ], [ 398562.970498474081978, 3782526.042726347688586 ], [ 398563.275686673470773, 3782526.347914547193795 ], [ 398563.275686673470773, 3782527.263479145243764 ], [ 398563.580874872859567, 3782527.568667344748974 ], [ 398563.580874872859567, 3782528.179043743759394 ], [ 398563.886063072248362, 3782528.484231942798942 ], [ 398563.886063072248362, 3782531.230925737414509 ], [ 398555.340793489303906, 3782531.230925737414509 ] ] ] } },
{ "type": "Feature", "properties": { "confidence": 0.80777698755264282, "class": 1, "regularized": null }, "geometry": { "type": "Polygon", "coordinates": [ [ [ 398874.262461851467378, 3782971.922685656230897 ], [ 398873.957273652078584, 3782971.617497456725687 ], [ 398873.652085452689789, 3782971.617497456725687 ], [ 398873.346897253300995, 3782971.312309257220477 ], [ 398873.346897253300995, 3782971.007121058180928 ], [ 398873.0417090539122, 3782970.701932858675718 ], [ 398873.0417090539122, 3782967.955239064060152 ], [ 398873.346897253300995, 3782967.650050864554942 ], [ 398873.346897253300995, 3782967.039674466010183 ], [ 398873.957273652078584, 3782966.429298066999763 ], [ 398873.957273652078584, 3782964.903357070405036 ], [ 398874.262461851467378, 3782964.598168870899826 ], [ 398876.703967446577735, 3782964.598168870899826 ], [ 398877.00915564596653, 3782964.903357070405036 ], [ 398877.314343845355324, 3782964.903357070405036 ], [ 398877.924720244132914, 3782965.513733468949795 ], [ 398877.924720244132914, 3782967.650050864554942 ], [ 398877.619532044744119, 3782967.955239064060152 ], [ 398877.619532044744119, 3782968.260427263565361 ], [ 398877.00915564596653, 3782968.87080366211012 ], [ 398877.00915564596653, 3782969.17599186161533 ], [ 398876.703967446577735, 3782969.48118006112054 ], [ 398876.703967446577735, 3782970.091556459665298 ], [ 398876.398779247188941, 3782970.396744659170508 ], [ 398876.398779247188941, 3782970.701932858675718 ], [ 398876.093591047800146, 3782971.007121058180928 ], [ 398876.093591047800146, 3782971.312309257220477 ], [ 398875.788402848411351, 3782971.312309257220477 ], [ 398875.483214649022557, 3782971.617497456725687 ], [ 398874.872838250244968, 3782971.617497456725687 ], [ 398874.567650050856173, 3782971.922685656230897 ], [ 398874.262461851467378, 3782971.922685656230897 ] ] ] } },
{ "type": "Feature", "properties": { "confidence": 0.80299443006515503, "class": 1, "regularized": null }, "geometry": { "type": "Polygon", "coordinates": [ [ [ 398552.899287894193549, 3782754.32349949143827 ], [ 398552.594099694804754, 3782754.01831129193306 ], [ 398552.28891149541596, 3782754.01831129193306 ], [ 398551.67853509663837, 3782753.407934893388301 ], [ 398551.67853509663837, 3782753.102746693883091 ], [ 398551.373346897249576, 3782752.797558494377881 ], [ 398551.373346897249576, 3782750.050864699762315 ], [ 398551.67853509663837, 3782749.745676500722766 ], [ 398551.67853509663837, 3782749.440488301217556 ], [ 398551.983723296027165, 3782749.135300101712346 ], [ 398551.983723296027165, 3782748.830111902207136 ], [ 398552.28891149541596, 3782748.524923703167588 ], [ 398555.035605289915111, 3782748.524923703167588 ], [ 398555.340793489303906, 3782748.830111902207136 ], [ 398555.951169888081495, 3782748.830111902207136 ], [ 398555.951169888081495, 3782754.32349949143827 ], [ 398552.899287894193549, 3782754.32349949143827 ] ] ] } },
{ "type": "Feature", "properties": { "confidence": 0.79992812871932983, "class": 1, "regularized": null }, "geometry": { "type": "Polygon", "coordinates": [ [ [ 398751.576805696822703, 3782710.071210579946637 ], [ 398751.271617497433908, 3782709.766022380441427 ], [ 398750.05086469987873, 3782709.766022380441427 ], [ 398749.135300101712346, 3782708.850457782391459 ], [ 398749.135300101712346, 3782706.714140386786312 ], [ 398749.440488301101141, 3782706.408952187281102 ], [ 398749.440488301101141, 3782706.103763987775892 ], [ 398749.745676500489935, 3782705.798575788270682 ], [ 398749.745676500489935, 3782705.188199389725924 ], [ 398749.135300101712346, 3782704.577822990715504 ], [ 398749.135300101712346, 3782701.831129196565598 ], [ 398749.440488301101141, 3782701.831129196565598 ], [ 398749.745676500489935, 3782701.525940997060388 ], [ 398755.849440488324035, 3782701.525940997060388 ], [ 398756.15462868771283, 3782701.831129196565598 ], [ 398757.070193285879213, 3782701.831129196565598 ], [ 398757.070193285879213, 3782703.662258392665535 ], [ 398756.765005086490419, 3782703.967446592170745 ], [ 398756.765005086490419, 3782704.272634791675955 ], [ 398756.459816887101624, 3782704.577822990715504 ], [ 398756.459816887101624, 3782707.62970498483628 ], [ 398756.15462868771283, 3782707.62970498483628 ], [ 398754.933875890157651, 3782708.850457782391459 ], [ 398753.102746693766676, 3782708.850457782391459 ], [ 398752.797558494377881, 3782709.155645981896669 ], [ 398752.797558494377881, 3782709.766022380441427 ], [ 398752.492370294989087, 3782709.766022380441427 ], [ 398752.187182095600292, 3782710.071210579946637 ], [ 398751.576805696822703, 3782710.071210579946637 ] ] ] } },
{ "type": "Feature", "properties": { "confidence": 0.79779052734375, "class": 1, "regularized": null }, "geometry": { "type": "Polygon", "coordinates": [ [ [ 398623.397761953179725, 3782422.88911495404318 ], [ 398623.09257375379093, 3782422.583926755003631 ], [ 398622.787385554402135, 3782422.583926755003631 ], [ 398622.177009155624546, 3782421.973550355993211 ], [ 398622.177009155624546, 3782421.668362156488001 ], [ 398621.261444557458162, 3782420.752797558438033 ], [ 398620.956256358069368, 3782420.752797558438033 ], [ 398620.956256358069368, 3782420.447609358932823 ], [ 398620.651068158680573, 3782420.142421159893274 ], [ 398620.345879959291779, 3782420.142421159893274 ], [ 398620.345879959291779, 3782418.006103763822466 ], [ 398620.651068158680573, 3782417.700915564782917 ], [ 398620.651068158680573, 3782417.090539165772498 ], [ 398620.956256358069368, 3782416.785350966267288 ], [ 398621.261444557458162, 3782416.785350966267288 ], [ 398621.566632756846957, 3782416.480162767227739 ], [ 398625.534079348959494, 3782416.480162767227739 ], [ 398625.839267548348289, 3782416.785350966267288 ], [ 398625.839267548348289, 3782417.090539165772498 ], [ 398626.449643947125878, 3782417.700915564782917 ], [ 398626.449643947125878, 3782418.006103763822466 ], [ 398626.754832146514673, 3782418.311291963327676 ], [ 398626.754832146514673, 3782421.668362156488001 ], [ 398626.449643947125878, 3782421.973550355993211 ], [ 398626.449643947125878, 3782422.278738555498421 ], [ 398626.144455747737084, 3782422.278738555498421 ], [ 398625.839267548348289, 3782422.583926755003631 ], [ 398624.313326551346108, 3782422.583926755003631 ], [ 398624.008138351957314, 3782422.88911495404318 ], [ 398623.397761953179725, 3782422.88911495404318 ] ] ] } },
{ "type": "Feature", "properties": { "confidence": 0.79107558727264404, "class": 1, "regularized": null }, "geometry": { "type": "Polygon", "coordinates": [ [ [ 398775.991861648042686, 3782804.374364191200584 ], [ 398775.381485249265097, 3782803.763987792655826 ], [ 398775.381485249265097, 3782803.458799593150616 ], [ 398775.076297049876302, 3782803.153611393645406 ], [ 398774.7711088504293, 3782803.153611393645406 ], [ 398774.7711088504293, 3782802.848423194140196 ], [ 398774.160732451651711, 3782802.238046795595437 ], [ 398773.855544252262916, 3782802.238046795595437 ], [ 398773.245167853485327, 3782801.627670396585017 ], [ 398773.245167853485327, 3782800.712105798535049 ], [ 398772.939979654096533, 3782800.406917599029839 ], [ 398772.939979654096533, 3782798.575788402929902 ], [ 398772.634791454707738, 3782798.270600203424692 ], [ 398772.634791454707738, 3782796.134282807819545 ], [ 398772.939979654096533, 3782795.829094608314335 ], [ 398772.939979654096533, 3782795.218718209769577 ], [ 398773.550356052874122, 3782795.218718209769577 ], [ 398773.855544252262916, 3782794.913530010264367 ], [ 398779.043743641930632, 3782794.913530010264367 ], [ 398779.348931841319427, 3782795.218718209769577 ], [ 398779.654120040708221, 3782795.218718209769577 ], [ 398779.654120040708221, 3782796.744659206364304 ], [ 398779.959308240097016, 3782797.049847405869514 ], [ 398779.959308240097016, 3782797.355035605374724 ], [ 398780.569684638874605, 3782797.965412003919482 ], [ 398780.569684638874605, 3782798.270600203424692 ], [ 398781.180061037652194, 3782798.880976602435112 ], [ 398781.180061037652194, 3782803.153611393645406 ], [ 398780.8748728382634, 3782803.458799593150616 ], [ 398780.8748728382634, 3782803.763987792655826 ], [ 398780.569684638874605, 3782804.069175991695374 ], [ 398779.348931841319427, 3782804.069175991695374 ], [ 398779.043743641930632, 3782804.374364191200584 ], [ 398775.991861648042686, 3782804.374364191200584 ] ] ] } },
{ "type": "Feature", "properties": { "confidence": 0.79024207592010498, "class": 1, "regularized": null }, "geometry": { "type": "Polygon", "coordinates": [ [ [ 398804.679552390647586, 3782689.623601220548153 ], [ 398804.374364191258792, 3782689.318413021508604 ], [ 398801.322482197370846, 3782689.318413021508604 ], [ 398801.017293997982051, 3782689.013224822003394 ], [ 398799.491353001038078, 3782689.013224822003394 ], [ 398799.186164801649284, 3782688.708036622498184 ], [ 398798.880976602260489, 3782688.708036622498184 ], [ 398798.575788402871694, 3782688.402848422992975 ], [ 398798.2706002034829, 3782688.402848422992975 ], [ 398798.2706002034829, 3782686.876907426398247 ], [ 398798.575788402871694, 3782686.571719226893038 ], [ 398798.575788402871694, 3782685.961342827882618 ], [ 398799.186164801649284, 3782685.350966429337859 ], [ 398799.796541200426873, 3782685.350966429337859 ], [ 398800.101729399815667, 3782685.045778229832649 ], [ 398800.406917599204462, 3782685.045778229832649 ], [ 398800.712105798593257, 3782684.740590030327439 ], [ 398801.017293997982051, 3782684.740590030327439 ], [ 398801.322482197370846, 3782684.435401831287891 ], [ 398801.932858596148435, 3782684.435401831287891 ], [ 398802.23804679553723, 3782684.130213631782681 ], [ 398803.763987792481203, 3782684.130213631782681 ], [ 398804.069175991869997, 3782684.435401831287891 ], [ 398804.374364191258792, 3782684.435401831287891 ], [ 398804.984740590036381, 3782685.045778229832649 ], [ 398805.289928789425176, 3782685.045778229832649 ], [ 398805.900305188202765, 3782685.656154628843069 ], [ 398806.510681586980354, 3782685.656154628843069 ], [ 398806.815869786369149, 3782685.961342827882618 ], [ 398807.731434384535532, 3782685.961342827882618 ], [ 398808.036622583924327, 3782686.266531027387828 ], [ 398808.341810783313122, 3782686.266531027387828 ], [ 398808.646998982701916, 3782686.571719226893038 ], [ 398808.646998982701916, 3782686.876907426398247 ], [ 398808.952187182090711, 3782687.182095625437796 ], [ 398808.952187182090711, 3782687.792472024448216 ], [ 398808.646998982701916, 3782688.097660223953426 ], [ 398808.646998982701916, 3782688.708036622498184 ], [ 398808.341810783313122, 3782689.013224822003394 ], [ 398808.036622583924327, 3782689.013224822003394 ], [ 398807.426246185146738, 3782689.623601220548153 ], [ 398804.679552390647586, 3782689.623601220548153 ] ] ] } },
{ "type": "Feature", "properties": { "confidence": 0.78912818431854248, "class": 1, "regularized": null }, "geometry": { "type": "Polygon", "coordinates": [ [ [ 398459.816887080378365, 3782736.622583926655352 ], [ 398459.51169888098957, 3782736.317395727150142 ], [ 398456.765005086490419, 3782736.317395727150142 ], [ 398456.459816887101624, 3782736.012207528110594 ], [ 398456.15462868771283, 3782736.012207528110594 ], [ 398455.849440488324035, 3782735.707019328605384 ], [ 398455.849440488324035, 3782734.791454730555415 ], [ 398455.54425228893524, 3782734.486266531050205 ], [ 398455.54425228893524, 3782732.960325533989817 ], [ 398455.849440488324035, 3782732.655137334484607 ], [ 398455.849440488324035, 3782730.21363173937425 ], [ 398456.15462868771283, 3782729.908443540334702 ], [ 398456.15462868771283, 3782729.298067141324282 ], [ 398455.849440488324035, 3782728.992878941819072 ], [ 398455.849440488324035, 3782727.772126144263893 ], [ 398456.459816887101624, 3782727.772126144263893 ], [ 398456.765005086490419, 3782727.466937945224345 ], [ 398461.648016276711132, 3782727.466937945224345 ], [ 398461.953204476099927, 3782727.772126144263893 ], [ 398461.953204476099927, 3782728.077314343769103 ], [ 398461.648016276711132, 3782728.382502543274313 ], [ 398461.648016276711132, 3782730.51881993887946 ], [ 398461.342828077322338, 3782730.82400813838467 ], [ 398461.342828077322338, 3782735.707019328605384 ], [ 398461.648016276711132, 3782736.012207528110594 ], [ 398461.342828077322338, 3782736.317395727150142 ], [ 398460.427263479155954, 3782736.317395727150142 ], [ 398460.122075279767159, 3782736.622583926655352 ], [ 398459.816887080378365, 3782736.622583926655352 ] ] ] } },
{ "type": "Feature", "properties": { "confidence": 0.78906553983688354, "class": 1, "regularized": null }, "geometry": { "type": "Polygon", "coordinates": [ [ [ 398557.171922685636673, 3782661.85147507628426 ], [ 398556.866734486247879, 3782661.54628687677905 ], [ 398556.561546286859084, 3782661.54628687677905 ], [ 398555.951169888081495, 3782660.935910478234291 ], [ 398555.951169888081495, 3782660.630722278729081 ], [ 398555.6459816886927, 3782660.325534079223871 ], [ 398555.6459816886927, 3782660.020345880184323 ], [ 398553.814852492359933, 3782658.189216683618724 ], [ 398553.814852492359933, 3782657.884028484113514 ], [ 398553.509664292971138, 3782657.578840285073966 ], [ 398553.509664292971138, 3782657.273652085568756 ], [ 398553.814852492359933, 3782656.968463886063546 ], [ 398553.814852492359933, 3782656.663275686558336 ], [ 398554.120040691748727, 3782656.358087487053126 ], [ 398554.730417090526316, 3782656.358087487053126 ], [ 398555.035605289915111, 3782656.052899288013577 ], [ 398557.171922685636673, 3782656.052899288013577 ], [ 398558.392675483191852, 3782657.273652085568756 ], [ 398558.697863682580646, 3782657.273652085568756 ], [ 398558.697863682580646, 3782657.578840285073966 ], [ 398559.003051881969441, 3782657.884028484113514 ], [ 398559.308240081358235, 3782657.884028484113514 ], [ 398559.61342828074703, 3782658.189216683618724 ], [ 398559.918616480135825, 3782658.189216683618724 ], [ 398560.223804679524619, 3782658.494404883123934 ], [ 398560.528992878913414, 3782658.494404883123934 ], [ 398560.528992878913414, 3782659.409969481173903 ], [ 398558.392675483191852, 3782661.54628687677905 ], [ 398558.087487283803057, 3782661.54628687677905 ], [ 398557.782299084414262, 3782661.85147507628426 ], [ 398557.171922685636673, 3782661.85147507628426 ] ] ] } },
{ "type": "Feature", "properties": { "confidence": 0.78792595863342285, "class": 1, "regularized": null }, "geometry": { "type": "Polygon", "coordinates": [ [ [ 398519.938962360145524, 3782600.20345879951492 ], [ 398519.938962360145524, 3782599.89827060000971 ], [ 398520.244150559534319, 3782599.593082400970161 ], [ 398520.244150559534319, 3782598.982706001959741 ], [ 398520.549338758923113, 3782598.677517802454531 ], [ 398520.549338758923113, 3782597.761953204404563 ], [ 398520.854526958311908, 3782597.456765004899353 ], [ 398521.159715157700703, 3782597.456765004899353 ], [ 398521.464903357089497, 3782597.151576805859804 ], [ 398522.99084435403347, 3782597.151576805859804 ], [ 398523.296032553422265, 3782596.846388606354594 ], [ 398527.263479145476595, 3782596.846388606354594 ], [ 398527.873855544254184, 3782597.456765004899353 ], [ 398527.873855544254184, 3782599.593082400970161 ], [ 398526.9582909460878, 3782599.593082400970161 ], [ 398526.653102746699005, 3782599.89827060000971 ], [ 398524.516785350977443, 3782599.89827060000971 ], [ 398524.211597151588649, 3782600.20345879951492 ], [ 398519.938962360145524, 3782600.20345879951492 ] ] ] } },
{ "type": "Feature", "properties": { "confidence": 0.78710854053497314, "class": 1, "regularized": null }, "geometry": { "type": "Polygon", "coordinates": [ [ [ 398551.068158697860781, 3782420.142421159893274 ], [ 398550.762970498471987, 3782419.837232960388064 ], [ 398550.457782299083192, 3782419.837232960388064 ], [ 398550.457782299083192, 3782419.532044760882854 ], [ 398550.762970498471987, 3782419.226856561377645 ], [ 398550.762970498471987, 3782417.700915564782917 ], [ 398550.457782299083192, 3782417.395727365277708 ], [ 398550.457782299083192, 3782417.090539165772498 ], [ 398550.152594099694397, 3782416.785350966267288 ], [ 398550.152594099694397, 3782416.174974567722529 ], [ 398549.847405900305603, 3782415.869786368217319 ], [ 398549.847405900305603, 3782414.649033570662141 ], [ 398555.951169888081495, 3782414.649033570662141 ], [ 398555.951169888081495, 3782418.921668362338096 ], [ 398555.6459816886927, 3782418.921668362338096 ], [ 398555.340793489303906, 3782419.226856561377645 ], [ 398554.730417090526316, 3782419.226856561377645 ], [ 398554.425228891137522, 3782418.921668362338096 ], [ 398553.814852492359933, 3782418.921668362338096 ], [ 398553.509664292971138, 3782419.226856561377645 ], [ 398553.509664292971138, 3782419.532044760882854 ], [ 398553.204476093582343, 3782419.837232960388064 ], [ 398551.373346897249576, 3782419.837232960388064 ], [ 398551.068158697860781, 3782420.142421159893274 ] ] ] } },
{ "type": "Feature", "properties": { "confidence": 0.78645926713943481, "class": 1, "regularized": null }, "geometry": { "type": "Polygon", "coordinates": [ [ [ 398531.536113936919719, 3782420.142421159893274 ], [ 398531.230925737530924, 3782419.837232960388064 ], [ 398531.230925737530924, 3782418.616480162832886 ], [ 398531.536113936919719, 3782418.311291963327676 ], [ 398531.536113936919719, 3782417.090539165772498 ], [ 398531.841302136308514, 3782416.785350966267288 ], [ 398531.841302136308514, 3782416.480162767227739 ], [ 398532.146490335697308, 3782416.174974567722529 ], [ 398532.146490335697308, 3782413.733468972612172 ], [ 398535.808748728362843, 3782413.733468972612172 ], [ 398535.808748728362843, 3782414.954221770167351 ], [ 398536.113936927751638, 3782415.259409969672561 ], [ 398536.113936927751638, 3782416.785350966267288 ], [ 398535.808748728362843, 3782417.090539165772498 ], [ 398535.808748728362843, 3782417.700915564782917 ], [ 398535.503560528974049, 3782418.006103763822466 ], [ 398535.503560528974049, 3782418.311291963327676 ], [ 398535.198372329585254, 3782418.616480162832886 ], [ 398535.198372329585254, 3782418.921668362338096 ], [ 398534.89318413019646, 3782419.226856561377645 ], [ 398534.89318413019646, 3782419.532044760882854 ], [ 398534.587995930807665, 3782419.532044760882854 ], [ 398534.28280773141887, 3782419.837232960388064 ], [ 398532.146490335697308, 3782419.837232960388064 ], [ 398531.841302136308514, 3782420.142421159893274 ], [ 398531.536113936919719, 3782420.142421159893274 ] ] ] } },
{ "type": "Feature", "properties": { "confidence": 0.78640210628509521, "class": 1, "regularized": null }, "geometry": { "type": "Polygon", "coordinates": [ [ [ 398753.713123092602473, 3782946.897253306116909 ], [ 398753.102746693766676, 3782946.28687690757215 ], [ 398753.102746693766676, 3782945.98168870806694 ], [ 398752.797558494377881, 3782945.67650050856173 ], [ 398752.797558494377881, 3782942.929806713946164 ], [ 398752.492370294989087, 3782942.624618514906615 ], [ 398752.492370294989087, 3782941.709053916390985 ], [ 398753.102746693766676, 3782941.098677517846227 ], [ 398753.102746693766676, 3782940.793489318341017 ], [ 398753.40793489315547, 3782940.793489318341017 ], [ 398754.018311291991267, 3782940.183112919796258 ], [ 398754.323499491380062, 3782940.183112919796258 ], [ 398754.628687690768857, 3782939.877924720291048 ], [ 398755.54425228893524, 3782939.877924720291048 ], [ 398756.15462868771283, 3782940.488301118835807 ], [ 398756.15462868771283, 3782940.793489318341017 ], [ 398756.765005086490419, 3782941.403865717351437 ], [ 398757.680569684656803, 3782941.403865717351437 ], [ 398758.290946083434392, 3782942.014242115896195 ], [ 398758.290946083434392, 3782942.624618514906615 ], [ 398758.596134282823186, 3782942.929806713946164 ], [ 398758.596134282823186, 3782945.37131230905652 ], [ 398757.985757884045597, 3782945.98168870806694 ], [ 398757.680569684656803, 3782945.98168870806694 ], [ 398757.375381485268008, 3782946.28687690757215 ], [ 398756.765005086490419, 3782946.28687690757215 ], [ 398756.459816887101624, 3782946.592065106611699 ], [ 398755.849440488324035, 3782946.592065106611699 ], [ 398755.54425228893524, 3782946.897253306116909 ], [ 398753.713123092602473, 3782946.897253306116909 ] ] ] } },
{ "type": "Feature", "properties": { "confidence": 0.78483730554580688, "class": 1, "regularized": null }, "geometry": { "type": "Polygon", "coordinates": [ [ [ 398472.634791454707738, 3782603.865717192180455 ], [ 398472.329603255318943, 3782603.560528992675245 ], [ 398472.024415055930149, 3782603.560528992675245 ], [ 398471.41403865715256, 3782602.950152594130486 ], [ 398471.108850457763765, 3782602.950152594130486 ], [ 398470.80366225837497, 3782602.644964394625276 ], [ 398470.498474058986176, 3782602.644964394625276 ], [ 398469.888097660208587, 3782602.034587996080518 ], [ 398469.582909460819792, 3782602.034587996080518 ], [ 398468.972533062042203, 3782601.424211597070098 ], [ 398468.667344862653408, 3782601.424211597070098 ], [ 398468.362156663264614, 3782601.119023397564888 ], [ 398468.056968463875819, 3782601.119023397564888 ], [ 398467.751780264487024, 3782600.813835198525339 ], [ 398467.141403865709435, 3782600.813835198525339 ], [ 398466.836215666320641, 3782600.508646999020129 ], [ 398465.920651068154257, 3782600.508646999020129 ], [ 398464.699898270599078, 3782599.287894201464951 ], [ 398464.394710071210284, 3782599.287894201464951 ], [ 398462.868769074266311, 3782597.761953204404563 ], [ 398462.868769074266311, 3782596.236012207344174 ], [ 398462.563580874877516, 3782595.930824008304626 ], [ 398462.563580874877516, 3782595.320447609294206 ], [ 398463.173957273655105, 3782594.710071210749447 ], [ 398465.005086469987873, 3782594.710071210749447 ], [ 398465.310274669376668, 3782595.015259409788996 ], [ 398469.277721261430997, 3782595.015259409788996 ], [ 398469.582909460819792, 3782595.320447609294206 ], [ 398471.719226856541354, 3782595.320447609294206 ], [ 398472.024415055930149, 3782595.625635808799416 ], [ 398471.719226856541354, 3782595.930824008304626 ], [ 398471.719226856541354, 3782597.151576805859804 ], [ 398472.024415055930149, 3782597.456765004899353 ], [ 398472.024415055930149, 3782597.761953204404563 ], [ 398472.329603255318943, 3782598.067141403909773 ], [ 398472.329603255318943, 3782598.677517802454531 ], [ 398473.550356052874122, 3782599.89827060000971 ], [ 398473.550356052874122, 3782600.508646999020129 ], [ 398473.855544252262916, 3782600.813835198525339 ], [ 398473.855544252262916, 3782601.729399796575308 ], [ 398474.160732451651711, 3782602.034587996080518 ], [ 398474.160732451651711, 3782603.865717192180455 ], [ 398472.634791454707738, 3782603.865717192180455 ] ] ] } },
{ "type": "Feature", "properties": { "confidence": 0.78168272972106934, "class": 1, "regularized": null }, "geometry": { "type": "Polygon", "coordinates": [ [ [ 398567.548321464913897, 3782770.803662258200347 ], [ 398567.243133265525103, 3782770.498474059160799 ], [ 398566.327568667358719, 3782770.498474059160799 ], [ 398566.022380467969924, 3782770.193285859655589 ], [ 398565.71719226858113, 3782770.193285859655589 ], [ 398565.412004069192335, 3782769.888097660150379 ], [ 398565.10681586980354, 3782769.888097660150379 ], [ 398564.496439471025951, 3782769.27772126160562 ], [ 398564.191251271637157, 3782769.27772126160562 ], [ 398563.886063072248362, 3782768.97253306210041 ], [ 398563.580874872859567, 3782768.97253306210041 ], [ 398562.970498474081978, 3782768.362156663089991 ], [ 398562.970498474081978, 3782767.446592065040022 ], [ 398562.665310274693184, 3782767.141403865534812 ], [ 398562.665310274693184, 3782762.563580874819309 ], [ 398562.360122075304389, 3782762.258392675314099 ], [ 398562.360122075304389, 3782758.901322482153773 ], [ 398562.054933875915594, 3782758.596134282648563 ], [ 398562.665310274693184, 3782757.985757884103805 ], [ 398566.327568667358719, 3782757.985757884103805 ], [ 398566.632756866747513, 3782758.290946083609015 ], [ 398566.937945066136308, 3782758.290946083609015 ], [ 398567.243133265525103, 3782758.596134282648563 ], [ 398567.853509664302692, 3782758.596134282648563 ], [ 398568.463886063080281, 3782759.206510681658983 ], [ 398569.07426246185787, 3782759.206510681658983 ], [ 398569.07426246185787, 3782759.511698881164193 ], [ 398569.684638860635459, 3782760.122075279708952 ], [ 398569.684638860635459, 3782760.427263479214162 ], [ 398569.379450661246665, 3782760.732451678719372 ], [ 398569.379450661246665, 3782762.868769074324518 ], [ 398569.684638860635459, 3782763.173957273829728 ], [ 398569.684638860635459, 3782763.784333672374487 ], [ 398569.989827060024254, 3782764.089521871879697 ], [ 398570.295015259413049, 3782764.089521871879697 ], [ 398570.600203458801843, 3782764.394710071384907 ], [ 398570.600203458801843, 3782764.699898270424455 ], [ 398570.905391658190638, 3782765.005086469929665 ], [ 398570.905391658190638, 3782768.667344862595201 ], [ 398570.600203458801843, 3782768.97253306210041 ], [ 398570.600203458801843, 3782769.27772126160562 ], [ 398570.295015259413049, 3782769.582909460645169 ], [ 398570.295015259413049, 3782770.193285859655589 ], [ 398569.989827060024254, 3782770.498474059160799 ], [ 398568.769074262469076, 3782770.498474059160799 ], [ 398568.463886063080281, 3782770.803662258200347 ], [ 398567.548321464913897, 3782770.803662258200347 ] ] ] } },
{ "type": "Feature", "properties": { "confidence": 0.77505958080291748, "class": 1, "regularized": null }, "geometry": { "type": "Polygon", "coordinates": [ [ [ 398567.548321464913897, 3782507.731434384360909 ], [ 398567.243133265525103, 3782507.426246185321361 ], [ 398567.243133265525103, 3782504.679552390705794 ], [ 398567.548321464913897, 3782504.374364191200584 ], [ 398567.548321464913897, 3782502.238046795595437 ], [ 398567.243133265525103, 3782501.932858596090227 ], [ 398567.243133265525103, 3782500.406917599029839 ], [ 398567.548321464913897, 3782500.10172939999029 ], [ 398567.548321464913897, 3782499.79654120048508 ], [ 398568.769074262469076, 3782498.575788402929902 ], [ 398571.210579857579432, 3782498.575788402929902 ], [ 398571.515768056968227, 3782498.270600203424692 ], [ 398573.0417090539122, 3782498.270600203424692 ], [ 398573.346897253300995, 3782498.575788402929902 ], [ 398573.652085452689789, 3782498.575788402929902 ], [ 398573.652085452689789, 3782506.510681586805731 ], [ 398573.346897253300995, 3782506.815869786310941 ], [ 398572.431332655134611, 3782506.815869786310941 ], [ 398572.126144455745816, 3782507.121057985816151 ], [ 398571.820956256357022, 3782507.121057985816151 ], [ 398571.515768056968227, 3782507.426246185321361 ], [ 398569.989827060024254, 3782507.426246185321361 ], [ 398569.684638860635459, 3782507.731434384360909 ], [ 398567.548321464913897, 3782507.731434384360909 ] ] ] } },
{ "type": "Feature", "properties": { "confidence": 0.77200287580490112, "class": 1, "regularized": "rectangle" }, "geometry": { "type": "Polygon", "coordinates": [ [ [ 398665.78125, 3782806.25 ], [ 398673.96875, 3782806.25 ], [ 398674.46875, 3782822.25 ], [ 398666.28125, 3782822.25 ], [ 398665.78125, 3782806.25 ] ] ] } },
{ "type": "Feature", "properties": { "confidence": 0.77052134275436401, "class": 1, "regularized": null }, "geometry": { "type": "Polygon", "coordinates": [ [ [ 398566.632756866747513, 3782507.731434384360909 ], [ 398566.327568667358719, 3782507.426246185321361 ], [ 398564.801627670414746, 3782507.426246185321361 ], [ 398564.496439471025951, 3782507.121057985816151 ], [ 398564.496439471025951, 3782506.510681586805731 ], [ 398564.191251271637157, 3782506.205493387766182 ], [ 398564.191251271637157, 3782505.900305188260972 ], [ 398563.886063072248362, 3782505.595116988755763 ], [ 398563.275686673470773, 3782505.595116988755763 ], [ 398562.970498474081978, 3782505.289928789250553 ], [ 398562.970498474081978, 3782504.984740590211004 ], [ 398562.665310274693184, 3782504.679552390705794 ], [ 398562.665310274693184, 3782504.374364191200584 ], [ 398562.054933875915594, 3782503.763987792655826 ], [ 398560.223804679524619, 3782503.763987792655826 ], [ 398559.918616480135825, 3782503.458799593150616 ], [ 398559.918616480135825, 3782500.712105798535049 ], [ 398560.834181078360416, 3782499.79654120048508 ], [ 398561.444557477138005, 3782499.79654120048508 ], [ 398561.7497456765268, 3782499.491353000979871 ], [ 398562.665310274693184, 3782499.491353000979871 ], [ 398562.970498474081978, 3782499.186164801474661 ], [ 398565.10681586980354, 3782499.186164801474661 ], [ 398565.412004069192335, 3782499.491353000979871 ], [ 398566.022380467969924, 3782499.491353000979871 ], [ 398566.327568667358719, 3782499.186164801474661 ], [ 398566.937945066136308, 3782499.186164801474661 ], [ 398567.243133265525103, 3782498.880976602435112 ], [ 398568.769074262469076, 3782498.880976602435112 ], [ 398569.07426246185787, 3782498.575788402929902 ], [ 398573.0417090539122, 3782498.575788402929902 ], [ 398573.0417090539122, 3782506.815869786310941 ], [ 398572.736520854523405, 3782507.121057985816151 ], [ 398571.820956256357022, 3782507.121057985816151 ], [ 398571.515768056968227, 3782507.426246185321361 ], [ 398569.684638860635459, 3782507.426246185321361 ], [ 398569.379450661246665, 3782507.731434384360909 ], [ 398566.632756866747513, 3782507.731434384360909 ] ] ] } },
{ "type": "Feature", "properties": { "confidence": 0.76831990480422974, "class": 1, "regularized": null }, "geometry": { "type": "Polygon", "coordinates": [ [ [ 398668.870803662284743, 3782563.275686673354357 ], [ 398668.870803662284743, 3782562.970498473849148 ], [ 398668.565615462895948, 3782562.665310274809599 ], [ 398668.565615462895948, 3782562.360122075304389 ], [ 398668.260427263507154, 3782562.054933875799179 ], [ 398668.260427263507154, 3782559.003051882144064 ], [ 398668.565615462895948, 3782558.697863682638854 ], [ 398668.565615462895948, 3782557.782299084588885 ], [ 398669.175991861673538, 3782557.171922685578465 ], [ 398669.175991861673538, 3782556.866734486073256 ], [ 398669.481180061062332, 3782557.171922685578465 ], [ 398671.922685656172689, 3782557.171922685578465 ], [ 398672.227873855561484, 3782557.477110885083675 ], [ 398672.533062054950278, 3782557.477110885083675 ], [ 398672.533062054950278, 3782562.360122075304389 ], [ 398672.227873855561484, 3782562.665310274809599 ], [ 398672.227873855561484, 3782562.970498473849148 ], [ 398669.786368260451127, 3782562.970498473849148 ], [ 398669.481180061062332, 3782563.275686673354357 ], [ 398668.870803662284743, 3782563.275686673354357 ] ] ] } },
{ "type": "Feature", "properties": { "confidence": 0.75760835409164429, "class": 1, "regularized": null }, "geometry": { "type": "Polygon", "coordinates": [ [ [ 398628.280773143458646, 3782801.627670396585017 ], [ 398627.975584944069851, 3782801.322482197545469 ], [ 398627.060020345903467, 3782801.322482197545469 ], [ 398626.449643947125878, 3782800.712105798535049 ], [ 398626.449643947125878, 3782796.134282807819545 ], [ 398626.754832146514673, 3782795.829094608314335 ], [ 398626.754832146514673, 3782794.913530010264367 ], [ 398627.060020345903467, 3782794.608341810759157 ], [ 398630.722278738569003, 3782794.608341810759157 ], [ 398631.027466937957797, 3782794.913530010264367 ], [ 398631.332655137346592, 3782794.913530010264367 ], [ 398631.637843336735386, 3782795.218718209769577 ], [ 398632.248219735512976, 3782795.218718209769577 ], [ 398632.248219735512976, 3782796.134282807819545 ], [ 398632.55340793490177, 3782796.439471007324755 ], [ 398633.468972533068154, 3782796.439471007324755 ], [ 398633.774160732456949, 3782796.744659206364304 ], [ 398633.774160732456949, 3782801.322482197545469 ], [ 398633.163784333679359, 3782801.322482197545469 ], [ 398632.858596134290565, 3782801.627670396585017 ], [ 398632.55340793490177, 3782801.322482197545469 ], [ 398631.332655137346592, 3782801.322482197545469 ], [ 398631.027466937957797, 3782801.627670396585017 ], [ 398628.280773143458646, 3782801.627670396585017 ] ] ] } },
{ "type": "Feature", "properties": { "confidence": 0.75707089900970459, "class": 1, "regularized": null }, "geometry": { "type": "Polygon", "coordinates": [ [ [ 398432.349949135328643, 3782642.319430315401405 ], [ 398432.044760935881641, 3782642.014242115896195 ], [ 398431.739572736492846, 3782642.014242115896195 ], [ 398431.434384537104052, 3782641.709053916390985 ], [ 398431.434384537104052, 3782641.403865717351437 ], [ 398431.129196337715257, 3782641.098677517846227 ], [ 398431.129196337715257, 3782639.267548321280628 ], [ 398432.044760935881641, 3782638.35198372323066 ], [ 398432.349949135328643, 3782638.35198372323066 ], [ 398432.655137334717438, 3782638.04679552372545 ], [ 398433.265513733495027, 3782638.04679552372545 ], [ 398433.570701932883821, 3782637.741607324685901 ], [ 398434.181078331661411, 3782637.741607324685901 ], [ 398434.486266531050205, 3782637.436419125180691 ], [ 398435.401831129216589, 3782637.436419125180691 ], [ 398435.707019328605384, 3782637.131230925675482 ], [ 398435.707019328605384, 3782636.826042726170272 ], [ 398436.927772126160562, 3782636.826042726170272 ], [ 398437.232960325549357, 3782636.520854527130723 ], [ 398440.284842319437303, 3782636.520854527130723 ], [ 398440.590030518826097, 3782636.826042726170272 ], [ 398440.590030518826097, 3782638.04679552372545 ], [ 398440.284842319437303, 3782638.35198372323066 ], [ 398440.284842319437303, 3782638.65717192273587 ], [ 398439.979654120048508, 3782638.96236012224108 ], [ 398439.979654120048508, 3782639.267548321280628 ], [ 398439.369277721270919, 3782639.877924720291048 ], [ 398439.369277721270919, 3782640.183112919796258 ], [ 398438.14852492371574, 3782641.403865717351437 ], [ 398437.843336724326946, 3782641.403865717351437 ], [ 398437.538148524938151, 3782641.709053916390985 ], [ 398437.232960325549357, 3782641.709053916390985 ], [ 398436.927772126160562, 3782642.014242115896195 ], [ 398436.622583926771767, 3782642.014242115896195 ], [ 398436.317395727382973, 3782642.319430315401405 ], [ 398432.349949135328643, 3782642.319430315401405 ] ] ] } },
{ "type": "Feature", "properties": { "confidence": 0.7523919939994812, "class": 1, "regularized": null }, "geometry": { "type": "Polygon", "coordinates": [ [ [ 398561.139369277749211, 3782845.87995930807665 ], [ 398560.834181078360416, 3782845.574771109037101 ], [ 398559.308240081358235, 3782845.574771109037101 ], [ 398559.003051881969441, 3782845.269582909531891 ], [ 398557.782299084414262, 3782845.269582909531891 ], [ 398557.477110885025468, 3782844.964394710026681 ], [ 398557.171922685636673, 3782844.964394710026681 ], [ 398556.866734486247879, 3782844.659206510521472 ], [ 398556.866734486247879, 3782844.048830111976713 ], [ 398565.71719226858113, 3782844.048830111976713 ], [ 398565.71719226858113, 3782844.964394710026681 ], [ 398565.412004069192335, 3782845.269582909531891 ], [ 398565.412004069192335, 3782845.574771109037101 ], [ 398565.10681586980354, 3782845.574771109037101 ], [ 398564.801627670414746, 3782845.87995930807665 ], [ 398561.139369277749211, 3782845.87995930807665 ] ] ] } },
{ "type": "Feature", "properties": { "confidence": 0.73867303133010864, "class": 1, "regularized": null }, "geometry": { "type": "Polygon", "coordinates": [ [ [ 398667.039674465893768, 3782563.275686673354357 ], [ 398666.734486266504973, 3782562.970498473849148 ], [ 398666.734486266504973, 3782559.613428280688822 ], [ 398667.039674465893768, 3782559.308240081183612 ], [ 398667.039674465893768, 3782558.087487283628434 ], [ 398667.650050864671357, 3782557.477110885083675 ], [ 398667.650050864671357, 3782556.866734486073256 ], [ 398667.955239064118359, 3782556.561546287033707 ], [ 398667.955239064118359, 3782555.340793489478528 ], [ 398668.260427263507154, 3782555.035605289973319 ], [ 398668.260427263507154, 3782554.425228890962899 ], [ 398668.870803662284743, 3782553.81485249241814 ], [ 398668.870803662284743, 3782553.50966429291293 ], [ 398669.175991861673538, 3782553.20447609340772 ], [ 398671.3123092573951, 3782553.20447609340772 ], [ 398671.617497456783894, 3782553.50966429291293 ], [ 398671.617497456783894, 3782557.171922685578465 ], [ 398671.922685656172689, 3782557.477110885083675 ], [ 398671.922685656172689, 3782559.918616480194032 ], [ 398671.617497456783894, 3782560.223804679699242 ], [ 398671.617497456783894, 3782560.528992878738791 ], [ 398671.3123092573951, 3782560.834181078244001 ], [ 398671.3123092573951, 3782561.139369277749211 ], [ 398671.007121058006305, 3782561.444557477254421 ], [ 398671.007121058006305, 3782562.054933875799179 ], [ 398670.396744659228716, 3782562.665310274809599 ], [ 398669.481180061062332, 3782562.665310274809599 ], [ 398669.175991861673538, 3782562.970498473849148 ], [ 398668.870803662284743, 3782562.970498473849148 ], [ 398668.565615462895948, 3782563.275686673354357 ], [ 398667.039674465893768, 3782563.275686673354357 ] ] ] } },
{ "type": "Feature", "properties": { "confidence": 0.73473668098449707, "class": 1, "regularized": null }, "geometry": { "type": "Polygon", "coordinates": [ [ [ 398530.315361139364541, 3782510.783316378481686 ], [ 398530.010172939975746, 3782510.478128178976476 ], [ 398529.704984740586951, 3782510.478128178976476 ], [ 398529.399796541198157, 3782510.172939979471266 ], [ 398529.399796541198157, 3782509.257375381421298 ], [ 398529.094608341809362, 3782508.952187181916088 ], [ 398529.094608341809362, 3782505.595116988755763 ], [ 398529.399796541198157, 3782505.289928789250553 ], [ 398529.704984740586951, 3782505.289928789250553 ], [ 398530.010172939975746, 3782504.984740590211004 ], [ 398531.841302136308514, 3782504.984740590211004 ], [ 398532.146490335697308, 3782504.679552390705794 ], [ 398533.062054933863692, 3782504.679552390705794 ], [ 398533.367243133252487, 3782504.374364191200584 ], [ 398537.639877924695611, 3782504.374364191200584 ], [ 398537.945066124084406, 3782504.679552390705794 ], [ 398537.945066124084406, 3782505.289928789250553 ], [ 398538.2502543234732, 3782505.595116988755763 ], [ 398538.2502543234732, 3782506.205493387766182 ], [ 398538.555442522861995, 3782506.510681586805731 ], [ 398538.555442522861995, 3782508.646998982876539 ], [ 398538.860630722250789, 3782508.952187181916088 ], [ 398538.860630722250789, 3782509.562563580926508 ], [ 398538.555442522861995, 3782509.867751780431718 ], [ 398538.2502543234732, 3782509.867751780431718 ], [ 398537.945066124084406, 3782510.172939979471266 ], [ 398537.029501525918022, 3782510.172939979471266 ], [ 398536.724313326529227, 3782510.478128178976476 ], [ 398533.672431332641281, 3782510.478128178976476 ], [ 398533.367243133252487, 3782510.783316378481686 ], [ 398530.315361139364541, 3782510.783316378481686 ] ] ] } },
{ "type": "Feature", "properties": { "confidence": 0.72931498289108276, "class": 1, "regularized": null }, "geometry": { "type": "Polygon", "coordinates": [ [ [ 398650.254323499510065, 3782648.423194303177297 ], [ 398650.254323499510065, 3782647.812817904166877 ], [ 398649.94913530012127, 3782647.507629705127329 ], [ 398649.94913530012127, 3782646.592065106611699 ], [ 398649.643947100732476, 3782646.28687690757215 ], [ 398649.643947100732476, 3782645.066124110016972 ], [ 398650.254323499510065, 3782644.455747711006552 ], [ 398652.390640895231627, 3782644.455747711006552 ], [ 398652.695829094620422, 3782644.150559511501342 ], [ 398653.611393692786805, 3782644.150559511501342 ], [ 398653.9165818921756, 3782643.845371312461793 ], [ 398655.137334689730778, 3782643.845371312461793 ], [ 398655.442522889119573, 3782644.150559511501342 ], [ 398656.358087487285957, 3782644.150559511501342 ], [ 398656.663275686674751, 3782644.455747711006552 ], [ 398658.189216683618724, 3782644.455747711006552 ], [ 398658.494404883007519, 3782644.760935910511762 ], [ 398660.935910478117876, 3782644.760935910511762 ], [ 398661.24109867750667, 3782645.066124110016972 ], [ 398661.546286876895465, 3782645.066124110016972 ], [ 398661.546286876895465, 3782646.28687690757215 ], [ 398661.24109867750667, 3782646.592065106611699 ], [ 398661.24109867750667, 3782646.897253306116909 ], [ 398660.935910478117876, 3782647.202441505622119 ], [ 398660.935910478117876, 3782647.812817904166877 ], [ 398660.630722278729081, 3782648.118006103672087 ], [ 398660.630722278729081, 3782648.423194303177297 ], [ 398650.254323499510065, 3782648.423194303177297 ] ] ] } },
{ "type": "Feature", "properties": { "confidence": 0.72674071788787842, "class": 1, "regularized": null }, "geometry": { "type": "Polygon", "coordinates": [ [ [ 398520.549338758923113, 3782692.06510681565851 ], [ 398520.244150559534319, 3782691.759918616618961 ], [ 398519.63377416075673, 3782691.759918616618961 ], [ 398518.107833163812757, 3782690.233977619558573 ], [ 398518.107833163812757, 3782689.318413021508604 ], [ 398517.802644964365754, 3782689.013224822003394 ], [ 398517.802644964365754, 3782688.402848422992975 ], [ 398517.49745676497696, 3782688.097660223953426 ], [ 398517.192268565588165, 3782688.097660223953426 ], [ 398517.192268565588165, 3782686.876907426398247 ], [ 398517.49745676497696, 3782686.876907426398247 ], [ 398517.802644964365754, 3782686.571719226893038 ], [ 398518.107833163812757, 3782686.571719226893038 ], [ 398519.02339776197914, 3782687.487283824943006 ], [ 398519.328585961367935, 3782687.487283824943006 ], [ 398519.63377416075673, 3782687.792472024448216 ], [ 398519.63377416075673, 3782688.097660223953426 ], [ 398519.938962360145524, 3782688.402848422992975 ], [ 398520.244150559534319, 3782688.402848422992975 ], [ 398520.549338758923113, 3782688.708036622498184 ], [ 398520.854526958311908, 3782688.708036622498184 ], [ 398521.159715157700703, 3782689.013224822003394 ], [ 398521.464903357089497, 3782689.013224822003394 ], [ 398521.770091556478292, 3782689.318413021508604 ], [ 398522.075279755867086, 3782689.318413021508604 ], [ 398522.075279755867086, 3782689.623601220548153 ], [ 398522.380467955255881, 3782689.928789420053363 ], [ 398522.075279755867086, 3782690.233977619558573 ], [ 398522.075279755867086, 3782690.539165819063783 ], [ 398521.770091556478292, 3782690.844354018103331 ], [ 398521.770091556478292, 3782691.149542217608541 ], [ 398521.464903357089497, 3782691.454730417113751 ], [ 398521.464903357089497, 3782691.759918616618961 ], [ 398521.159715157700703, 3782692.06510681565851 ], [ 398520.549338758923113, 3782692.06510681565851 ] ] ] } },
{ "type": "Feature", "properties": { "confidence": 0.72513300180435181, "class": 1, "regularized": null }, "geometry": { "type": "Polygon", "coordinates": [ [ [ 398652.085452695842832, 3782876.398779247421771 ], [ 398651.780264496454038, 3782876.093591047916561 ], [ 398651.475076297065243, 3782876.093591047916561 ], [ 398651.169888097676449, 3782875.788402848411351 ], [ 398651.169888097676449, 3782874.567650050856173 ], [ 398651.475076297065243, 3782874.262461851350963 ], [ 398651.475076297065243, 3782873.041709053795785 ], [ 398651.780264496454038, 3782872.736520854756236 ], [ 398651.780264496454038, 3782871.820956256240606 ], [ 398652.085452695842832, 3782871.820956256240606 ], [ 398653.9165818921756, 3782869.989827060140669 ], [ 398654.832146490341984, 3782869.989827060140669 ], [ 398655.137334689730778, 3782869.684638860635459 ], [ 398658.494404883007519, 3782869.684638860635459 ], [ 398658.799593082396314, 3782869.989827060140669 ], [ 398658.799593082396314, 3782870.295015259180218 ], [ 398658.494404883007519, 3782870.600203458685428 ], [ 398658.494404883007519, 3782872.431332655251026 ], [ 398658.799593082396314, 3782872.736520854756236 ], [ 398658.799593082396314, 3782873.346897253300995 ], [ 398659.104781281785108, 3782873.652085452806205 ], [ 398659.104781281785108, 3782874.567650050856173 ], [ 398659.409969481173903, 3782874.872838250361383 ], [ 398659.104781281785108, 3782874.872838250361383 ], [ 398658.799593082396314, 3782875.178026449866593 ], [ 398658.799593082396314, 3782875.483214648906142 ], [ 398658.494404883007519, 3782875.483214648906142 ], [ 398658.189216683618724, 3782875.788402848411351 ], [ 398657.88402848422993, 3782875.788402848411351 ], [ 398657.578840284841135, 3782876.093591047916561 ], [ 398655.747711088508368, 3782876.093591047916561 ], [ 398655.442522889119573, 3782876.398779247421771 ], [ 398652.085452695842832, 3782876.398779247421771 ] ] ] } },
{ "type": "Feature", "properties": { "confidence": 0.72296297550201416, "class": 1, "regularized": null }, "geometry": { "type": "Polygon", "coordinates": [ [ [ 398504.679552390647586, 3782797.660223804879934 ], [ 398503.763987792481203, 3782796.744659206364304 ], [ 398503.763987792481203, 3782796.439471007324755 ], [ 398503.153611393703613, 3782795.829094608314335 ], [ 398503.153611393703613, 3782793.082400813698769 ], [ 398503.458799593092408, 3782793.082400813698769 ], [ 398503.763987792481203, 3782792.77721261465922 ], [ 398504.374364191258792, 3782792.77721261465922 ], [ 398504.679552390647586, 3782792.47202441515401 ], [ 398505.59511698881397, 3782792.47202441515401 ], [ 398506.815869786369149, 3782791.251271617598832 ], [ 398506.815869786369149, 3782790.946083418093622 ], [ 398507.121057985757943, 3782790.640895218588412 ], [ 398507.121057985757943, 3782790.335707019548863 ], [ 398507.426246185146738, 3782790.030518820043653 ], [ 398507.426246185146738, 3782789.725330620538443 ], [ 398507.731434384535532, 3782789.420142421033233 ], [ 398507.731434384535532, 3782789.114954221993685 ], [ 398508.952187182090711, 3782787.894201424438506 ], [ 398509.5625635808683, 3782787.894201424438506 ], [ 398509.867751780257095, 3782787.589013224933296 ], [ 398510.478128179034684, 3782787.589013224933296 ], [ 398510.783316378423478, 3782787.894201424438506 ], [ 398511.393692777201068, 3782787.894201424438506 ], [ 398511.393692777201068, 3782793.997965412214398 ], [ 398510.783316378423478, 3782794.608341810759157 ], [ 398510.478128179034684, 3782794.608341810759157 ], [ 398510.172939979645889, 3782794.913530010264367 ], [ 398509.867751780257095, 3782794.913530010264367 ], [ 398509.257375381479505, 3782795.523906408809125 ], [ 398508.952187182090711, 3782795.523906408809125 ], [ 398508.341810783313122, 3782796.134282807819545 ], [ 398508.036622583924327, 3782796.134282807819545 ], [ 398507.731434384535532, 3782796.439471007324755 ], [ 398507.731434384535532, 3782796.744659206364304 ], [ 398506.815869786369149, 3782797.660223804879934 ], [ 398504.679552390647586, 3782797.660223804879934 ] ] ] } },
{ "type": "Feature", "properties": { "confidence": 0.72198313474655151, "class": 1, "regularized": null }, "geometry": { "type": "Polygon", "coordinates": [ [ [ 398553.204476093582343, 3782844.048830111976713 ], [ 398552.899287894193549, 3782843.743641912471503 ], [ 398552.594099694804754, 3782843.743641912471503 ], [ 398552.594099694804754, 3782835.808748728595674 ], [ 398553.814852492359933, 3782835.808748728595674 ], [ 398554.120040691748727, 3782836.113936927635223 ], [ 398554.425228891137522, 3782836.113936927635223 ], [ 398554.730417090526316, 3782836.419125127140433 ], [ 398555.951169888081495, 3782836.419125127140433 ], [ 398555.951169888081495, 3782844.048830111976713 ], [ 398553.204476093582343, 3782844.048830111976713 ] ] ] } },
{ "type": "Feature", "properties": { "confidence": 0.71952980756759644, "class": 1, "regularized": "rectangle" }, "geometry": { "type": "Polygon", "coordinates": [ [ [ 398751.90625, 3782745.75 ], [ 398752.34375, 3782726.25 ], [ 398758.71875, 3782726.25 ], [ 398758.28125, 3782745.75 ], [ 398751.90625, 3782745.75 ] ] ] } },
{ "type": "Feature", "properties": { "confidence": 0.71664738655090332, "class": 1, "regularized": null }, "geometry": { "type": "Polygon", "coordinates": [ [ [ 398636.826042726344895, 3782512.614445574581623 ], [ 398636.5208545269561, 3782512.309257375542074 ], [ 398636.215666327567305, 3782512.309257375542074 ], [ 398635.910478128178511, 3782512.004069176036865 ], [ 398635.605289928789716, 3782512.004069176036865 ], [ 398635.605289928789716, 3782511.393692777026445 ], [ 398634.994913530012127, 3782510.783316378481686 ], [ 398634.994913530012127, 3782508.646998982876539 ], [ 398635.300101729400922, 3782508.646998982876539 ], [ 398635.605289928789716, 3782508.341810783371329 ], [ 398643.234994913509581, 3782508.341810783371329 ], [ 398643.234994913509581, 3782510.478128178976476 ], [ 398643.540183112898376, 3782510.783316378481686 ], [ 398643.540183112898376, 3782512.004069176036865 ], [ 398643.234994913509581, 3782512.309257375542074 ], [ 398642.624618514731992, 3782512.309257375542074 ], [ 398642.319430315343197, 3782512.614445574581623 ], [ 398636.826042726344895, 3782512.614445574581623 ] ] ] } },
{ "type": "Feature", "properties": { "confidence": 0.70752900838851929, "class": 1, "regularized": null }, "geometry": { "type": "Polygon", "coordinates": [ [ [ 398559.918616480135825, 3782903.255340793635696 ], [ 398559.61342828074703, 3782902.950152594130486 ], [ 398558.392675483191852, 3782902.950152594130486 ], [ 398558.087487283803057, 3782902.644964394625276 ], [ 398557.477110885025468, 3782902.644964394625276 ], [ 398557.171922685636673, 3782902.339776195120066 ], [ 398556.561546286859084, 3782902.339776195120066 ], [ 398556.561546286859084, 3782902.034587996080518 ], [ 398556.256358087470289, 3782901.729399796575308 ], [ 398556.561546286859084, 3782901.424211597070098 ], [ 398556.561546286859084, 3782897.151576805859804 ], [ 398557.477110885025468, 3782897.151576805859804 ], [ 398557.782299084414262, 3782896.846388606354594 ], [ 398558.392675483191852, 3782896.846388606354594 ], [ 398558.697863682580646, 3782897.151576805859804 ], [ 398559.918616480135825, 3782897.151576805859804 ], [ 398561.7497456765268, 3782895.320447609294206 ], [ 398562.970498474081978, 3782895.320447609294206 ], [ 398562.970498474081978, 3782896.846388606354594 ], [ 398562.665310274693184, 3782897.151576805859804 ], [ 398562.665310274693184, 3782898.067141403909773 ], [ 398562.970498474081978, 3782898.372329603414983 ], [ 398562.970498474081978, 3782901.424211597070098 ], [ 398562.665310274693184, 3782901.729399796575308 ], [ 398562.665310274693184, 3782902.034587996080518 ], [ 398562.360122075304389, 3782902.339776195120066 ], [ 398562.054933875915594, 3782902.339776195120066 ], [ 398561.7497456765268, 3782902.644964394625276 ], [ 398561.444557477138005, 3782902.644964394625276 ], [ 398561.139369277749211, 3782902.950152594130486 ], [ 398560.834181078360416, 3782902.950152594130486 ], [ 398560.528992878913414, 3782903.255340793635696 ], [ 398559.918616480135825, 3782903.255340793635696 ] ] ] } },
{ "type": "Feature", "properties": { "confidence": 0.70222389698028564, "class": 1, "regularized": "rectangle" }, "geometry": { "type": "Polygon", "coordinates": [ [ [ 398553.1875, 3782779.5 ], [ 398566.3125, 3782779.5 ], [ 398566.3125, 3782788.5 ], [ 398553.1875, 3782788.5 ], [ 398553.1875, 3782779.5 ] ] ] } },
{ "type": "Feature", "properties": { "confidence": 0.70041674375534058, "class": 1, "regularized": null }, "geometry": { "type": "Polygon", "coordinates": [ [ [ 398868.463886063080281, 3782753.407934893388301 ], [ 398868.463886063080281, 3782749.745676500722766 ], [ 398868.769074262469076, 3782749.440488301217556 ], [ 398868.769074262469076, 3782749.135300101712346 ], [ 398869.07426246185787, 3782749.135300101712346 ], [ 398869.379450661246665, 3782748.830111902207136 ], [ 398870.295015259413049, 3782748.830111902207136 ], [ 398870.600203458801843, 3782748.524923703167588 ], [ 398872.736520854523405, 3782748.524923703167588 ], [ 398874.262461851467378, 3782750.050864699762315 ], [ 398874.262461851467378, 3782750.356052899267524 ], [ 398874.567650050856173, 3782750.661241098772734 ], [ 398874.567650050856173, 3782751.271617497317493 ], [ 398874.872838250244968, 3782751.576805696822703 ], [ 398874.872838250244968, 3782751.881993896327913 ], [ 398875.178026449633762, 3782752.187182095833123 ], [ 398875.178026449633762, 3782753.102746693883091 ], [ 398873.346897253300995, 3782753.102746693883091 ], [ 398873.0417090539122, 3782753.407934893388301 ], [ 398868.463886063080281, 3782753.407934893388301 ] ] ] } },
{ "type": "Feature", "properties": { "confidence": 0.69692331552505493, "class": 1, "regularized": null }, "geometry": { "type": "Polygon", "coordinates": [ [ [ 398567.243133265525103, 3782531.230925737414509 ], [ 398567.243133265525103, 3782530.92573753837496 ], [ 398566.022380467969924, 3782529.704984740819782 ], [ 398566.022380467969924, 3782529.399796541314572 ], [ 398565.71719226858113, 3782529.094608341809362 ], [ 398565.71719226858113, 3782528.789420142304152 ], [ 398565.10681586980354, 3782528.179043743759394 ], [ 398565.10681586980354, 3782527.873855544254184 ], [ 398564.801627670414746, 3782527.568667344748974 ], [ 398564.801627670414746, 3782526.653102746699005 ], [ 398564.496439471025951, 3782526.347914547193795 ], [ 398564.496439471025951, 3782526.042726347688586 ], [ 398564.801627670414746, 3782525.737538148649037 ], [ 398565.10681586980354, 3782525.737538148649037 ], [ 398565.412004069192335, 3782525.432349949143827 ], [ 398566.327568667358719, 3782525.432349949143827 ], [ 398566.632756866747513, 3782525.127161749638617 ], [ 398569.07426246185787, 3782525.127161749638617 ], [ 398569.379450661246665, 3782524.821973550133407 ], [ 398574.872838250244968, 3782524.821973550133407 ], [ 398575.483214649022557, 3782525.432349949143827 ], [ 398575.483214649022557, 3782528.789420142304152 ], [ 398574.872838250244968, 3782529.399796541314572 ], [ 398574.872838250244968, 3782529.704984740819782 ], [ 398574.567650050856173, 3782529.704984740819782 ], [ 398573.957273652078584, 3782530.315361139364541 ], [ 398573.652085452689789, 3782530.315361139364541 ], [ 398573.0417090539122, 3782530.92573753837496 ], [ 398573.0417090539122, 3782531.230925737414509 ], [ 398567.243133265525103, 3782531.230925737414509 ] ] ] } },
{ "type": "Feature", "properties": { "confidence": 0.68578231334686279, "class": 1, "regularized": null }, "geometry": { "type": "Polygon", "coordinates": [ [ [ 398737.843336724326946, 3782884.02848423179239 ], [ 398737.538148524938151, 3782883.723296032752842 ], [ 398737.538148524938151, 3782883.418107833247632 ], [ 398737.232960325549357, 3782883.112919633742422 ], [ 398737.232960325549357, 3782882.807731434237212 ], [ 398736.622583926771767, 3782882.197355035692453 ], [ 398736.622583926771767, 3782881.586978636682034 ], [ 398736.317395727382973, 3782881.281790437642485 ], [ 398736.317395727382973, 3782879.755849440582097 ], [ 398736.622583926771767, 3782879.450661241076887 ], [ 398736.927772126160562, 3782879.450661241076887 ], [ 398737.538148524938151, 3782878.840284842532128 ], [ 398739.369277721270919, 3782878.840284842532128 ], [ 398739.369277721270919, 3782879.145473041571677 ], [ 398740.284842319437303, 3782880.061037640087306 ], [ 398740.590030518826097, 3782880.061037640087306 ], [ 398740.895218718214892, 3782880.366225839126855 ], [ 398740.895218718214892, 3782882.197355035692453 ], [ 398740.590030518826097, 3782882.502543235197663 ], [ 398740.590030518826097, 3782882.807731434237212 ], [ 398739.979654120048508, 3782883.418107833247632 ], [ 398739.674465920659713, 3782883.418107833247632 ], [ 398739.369277721270919, 3782883.723296032752842 ], [ 398739.064089521882124, 3782883.723296032752842 ], [ 398738.75890132249333, 3782884.02848423179239 ], [ 398737.843336724326946, 3782884.02848423179239 ] ] ] } },
{ "type": "Feature", "properties": { "confidence": 0.68002557754516602, "class": 1, "regularized": null }, "geometry": { "type": "Polygon", "coordinates": [ [ [ 398763.173957273655105, 3782738.14852492371574 ], [ 398762.868769074266311, 3782737.843336724210531 ], [ 398762.868769074266311, 3782735.096642929594964 ], [ 398762.563580874877516, 3782734.791454730555415 ], [ 398762.563580874877516, 3782732.655137334484607 ], [ 398762.258392675488722, 3782732.349949135445058 ], [ 398762.563580874877516, 3782732.044760935939848 ], [ 398762.563580874877516, 3782730.51881993887946 ], [ 398762.868769074266311, 3782730.21363173937425 ], [ 398762.868769074266311, 3782729.603255340829492 ], [ 398763.173957273655105, 3782729.603255340829492 ], [ 398763.4791454730439, 3782729.298067141324282 ], [ 398763.784333672432695, 3782729.603255340829492 ], [ 398765.005086469987873, 3782729.603255340829492 ], [ 398765.310274669376668, 3782729.298067141324282 ], [ 398765.615462868765462, 3782729.298067141324282 ], [ 398765.920651068154257, 3782728.992878941819072 ], [ 398767.141403865709435, 3782728.992878941819072 ], [ 398767.141403865709435, 3782729.298067141324282 ], [ 398768.362156663264614, 3782730.51881993887946 ], [ 398768.362156663264614, 3782732.349949135445058 ], [ 398768.667344862653408, 3782732.655137334484607 ], [ 398768.362156663264614, 3782732.960325533989817 ], [ 398768.362156663264614, 3782734.486266531050205 ], [ 398768.056968463875819, 3782734.791454730555415 ], [ 398768.056968463875819, 3782735.096642929594964 ], [ 398767.751780264487024, 3782735.401831129100174 ], [ 398767.751780264487024, 3782735.707019328605384 ], [ 398767.44659206509823, 3782736.012207528110594 ], [ 398767.44659206509823, 3782736.317395727150142 ], [ 398766.836215666320641, 3782736.927772126160562 ], [ 398766.836215666320641, 3782737.232960325665772 ], [ 398766.531027466931846, 3782737.538148524705321 ], [ 398765.920651068154257, 3782737.538148524705321 ], [ 398765.615462868765462, 3782737.843336724210531 ], [ 398765.005086469987873, 3782737.843336724210531 ], [ 398764.699898270599078, 3782738.14852492371574 ], [ 398763.173957273655105, 3782738.14852492371574 ] ] ] } },
{ "type": "Feature", "properties": { "confidence": 0.67835134267807007, "class": 1, "regularized": null }, "geometry": { "type": "Polygon", "coordinates": [ [ [ 398967.344862665282562, 3782838.555442522745579 ], [ 398967.344862665282562, 3782838.250254323706031 ], [ 398967.039674465893768, 3782837.945066124200821 ], [ 398967.039674465893768, 3782835.503560529090464 ], [ 398967.344862665282562, 3782835.198372329585254 ], [ 398967.344862665282562, 3782833.367243133485317 ], [ 398967.650050864671357, 3782833.062054933980107 ], [ 398967.650050864671357, 3782832.756866734474897 ], [ 398967.955239064118359, 3782832.451678534969687 ], [ 398967.955239064118359, 3782832.146490335930139 ], [ 398968.260427263507154, 3782831.841302136424929 ], [ 398968.260427263507154, 3782831.536113936919719 ], [ 398968.870803662284743, 3782830.92573753837496 ], [ 398969.481180061062332, 3782830.92573753837496 ], [ 398969.786368260451127, 3782831.230925737414509 ], [ 398970.091556459839921, 3782831.230925737414509 ], [ 398970.396744659228716, 3782831.536113936919719 ], [ 398971.922685656172689, 3782831.536113936919719 ], [ 398971.922685656172689, 3782831.841302136424929 ], [ 398972.227873855561484, 3782832.146490335930139 ], [ 398972.533062054950278, 3782832.146490335930139 ], [ 398972.533062054950278, 3782835.503560529090464 ], [ 398972.227873855561484, 3782835.808748728595674 ], [ 398972.227873855561484, 3782836.113936927635223 ], [ 398971.617497456783894, 3782836.724313326645643 ], [ 398971.3123092573951, 3782836.724313326645643 ], [ 398971.007121058006305, 3782837.029501526150852 ], [ 398971.007121058006305, 3782837.334689725190401 ], [ 398970.701932858617511, 3782837.639877924695611 ], [ 398970.091556459839921, 3782837.639877924695611 ], [ 398969.786368260451127, 3782837.945066124200821 ], [ 398969.481180061062332, 3782837.945066124200821 ], [ 398969.175991861673538, 3782838.250254323706031 ], [ 398967.955239064118359, 3782838.250254323706031 ], [ 398967.650050864671357, 3782838.555442522745579 ], [ 398967.344862665282562, 3782838.555442522745579 ] ] ] } },
{ "type": "Feature", "properties": { "confidence": 0.67761868238449097, "class": 1, "regularized": null }, "geometry": { "type": "Polygon", "coordinates": [ [ [ 398429.908443540160079, 3782685.961342827882618 ], [ 398429.298067141382489, 3782685.350966429337859 ], [ 398429.298067141382489, 3782682.299084435217083 ], [ 398428.992878941993695, 3782681.993896236177534 ], [ 398428.992878941993695, 3782680.162767039611936 ], [ 398429.298067141382489, 3782679.857578840106726 ], [ 398429.908443540160079, 3782679.857578840106726 ], [ 398430.213631739548873, 3782680.162767039611936 ], [ 398430.518819938937668, 3782680.162767039611936 ], [ 398431.434384537104052, 3782681.078331637661904 ], [ 398431.739572736492846, 3782681.078331637661904 ], [ 398432.349949135328643, 3782681.688708036672324 ], [ 398432.655137334717438, 3782681.688708036672324 ], [ 398432.960325534106232, 3782681.993896236177534 ], [ 398433.265513733495027, 3782681.993896236177534 ], [ 398433.570701932883821, 3782682.299084435217083 ], [ 398434.791454730439, 3782682.299084435217083 ], [ 398434.791454730439, 3782682.604272634722292 ], [ 398435.096642929827794, 3782682.909460834227502 ], [ 398435.096642929827794, 3782683.214649033732712 ], [ 398434.791454730439, 3782683.519837232772261 ], [ 398434.791454730439, 3782683.825025432277471 ], [ 398434.486266531050205, 3782683.825025432277471 ], [ 398433.875890132272616, 3782684.435401831287891 ], [ 398433.875890132272616, 3782684.740590030327439 ], [ 398433.265513733495027, 3782685.350966429337859 ], [ 398432.960325534106232, 3782685.350966429337859 ], [ 398432.655137334717438, 3782685.656154628843069 ], [ 398431.434384537104052, 3782685.656154628843069 ], [ 398431.129196337715257, 3782685.961342827882618 ], [ 398429.908443540160079, 3782685.961342827882618 ] ] ] } },
{ "type": "Feature", "properties": { "confidence": 0.67659306526184082, "class": 1, "regularized": null }, "geometry": { "type": "Polygon", "coordinates": [ [ [ 398530.010172939975746, 3782785.14750762982294 ], [ 398529.399796541198157, 3782784.53713123081252 ], [ 398529.399796541198157, 3782784.23194303130731 ], [ 398529.704984740586951, 3782783.926754832267761 ], [ 398529.704984740586951, 3782783.316378433257341 ], [ 398530.010172939975746, 3782783.011190233752131 ], [ 398530.010172939975746, 3782782.706002034712583 ], [ 398530.315361139364541, 3782782.400813835207373 ], [ 398530.315361139364541, 3782782.095625635702163 ], [ 398530.92573753814213, 3782781.485249237157404 ], [ 398530.92573753814213, 3782781.180061037652194 ], [ 398532.146490335697308, 3782779.959308240097016 ], [ 398532.756866734474897, 3782779.959308240097016 ], [ 398533.062054933863692, 3782779.654120040591806 ], [ 398533.367243133252487, 3782779.654120040591806 ], [ 398533.672431332641281, 3782779.348931841086596 ], [ 398533.672431332641281, 3782779.043743642047048 ], [ 398533.977619532030076, 3782779.043743642047048 ], [ 398534.587995930807665, 3782778.433367243036628 ], [ 398537.945066124084406, 3782778.433367243036628 ], [ 398538.2502543234732, 3782778.738555442541838 ], [ 398539.471007121086586, 3782778.738555442541838 ], [ 398539.776195320475381, 3782779.043743642047048 ], [ 398540.081383519864175, 3782779.043743642047048 ], [ 398540.38657171925297, 3782779.348931841086596 ], [ 398540.38657171925297, 3782781.485249237157404 ], [ 398540.081383519864175, 3782781.790437436196953 ], [ 398540.081383519864175, 3782782.095625635702163 ], [ 398539.776195320475381, 3782782.400813835207373 ], [ 398539.471007121086586, 3782782.400813835207373 ], [ 398539.165818921639584, 3782782.706002034712583 ], [ 398538.2502543234732, 3782782.706002034712583 ], [ 398537.945066124084406, 3782783.011190233752131 ], [ 398536.724313326529227, 3782783.011190233752131 ], [ 398536.419125127140433, 3782783.316378433257341 ], [ 398536.113936927751638, 3782783.316378433257341 ], [ 398535.808748728362843, 3782783.621566632762551 ], [ 398535.198372329585254, 3782783.621566632762551 ], [ 398534.89318413019646, 3782783.926754832267761 ], [ 398534.587995930807665, 3782783.926754832267761 ], [ 398534.28280773141887, 3782784.23194303130731 ], [ 398533.977619532030076, 3782784.23194303130731 ], [ 398533.672431332641281, 3782784.53713123081252 ], [ 398533.367243133252487, 3782784.53713123081252 ], [ 398533.062054933863692, 3782784.84231943031773 ], [ 398531.841302136308514, 3782784.84231943031773 ], [ 398531.536113936919719, 3782785.14750762982294 ], [ 398530.010172939975746, 3782785.14750762982294 ] ] ] } },
{ "type": "Feature", "properties": { "confidence": 0.67347085475921631, "class": 1, "regularized": null }, "geometry": { "type": "Polygon", "coordinates": [ [ [ 398820.854526958311908, 3782777.212614445481449 ], [ 398819.938962360145524, 3782776.297049847431481 ], [ 398819.938962360145524, 3782775.686673448421061 ], [ 398819.63377416075673, 3782775.381485249381512 ], [ 398819.63377416075673, 3782774.771108850371093 ], [ 398819.328585961367935, 3782774.465920650865883 ], [ 398819.328585961367935, 3782771.719226856715977 ], [ 398819.63377416075673, 3782771.719226856715977 ], [ 398819.938962360145524, 3782771.414038657210767 ], [ 398826.042726347921416, 3782771.414038657210767 ], [ 398826.042726347921416, 3782774.160732451826334 ], [ 398825.737538148532622, 3782774.465920650865883 ], [ 398825.737538148532622, 3782774.771108850371093 ], [ 398825.432349949143827, 3782775.076297049876302 ], [ 398825.127161749755032, 3782775.076297049876302 ], [ 398824.821973550366238, 3782775.381485249381512 ], [ 398824.516785350977443, 3782775.381485249381512 ], [ 398823.906408952199854, 3782775.991861647926271 ], [ 398823.601220752811059, 3782775.991861647926271 ], [ 398823.296032553422265, 3782776.297049847431481 ], [ 398823.296032553422265, 3782776.602238046936691 ], [ 398822.685656154644676, 3782777.212614445481449 ], [ 398820.854526958311908, 3782777.212614445481449 ] ] ] } },
{ "type": "Feature", "properties": { "confidence": 0.67029708623886108, "class": 1, "regularized": null }, "geometry": { "type": "Polygon", "coordinates": [ [ [ 398603.560528992849868, 3782497.660223804879934 ], [ 398603.255340793461073, 3782497.355035605374724 ], [ 398602.034587995905895, 3782497.355035605374724 ], [ 398601.424211597128306, 3782496.744659206364304 ], [ 398601.424211597128306, 3782496.439471007324755 ], [ 398601.119023397739511, 3782496.134282807819545 ], [ 398601.119023397739511, 3782494.303153611253947 ], [ 398600.813835198350716, 3782493.997965412214398 ], [ 398600.813835198350716, 3782493.692777212709188 ], [ 398600.508646998961922, 3782493.387589013203979 ], [ 398600.508646998961922, 3782491.251271617598832 ], [ 398601.424211597128306, 3782491.251271617598832 ], [ 398601.7293997965171, 3782490.946083418093622 ], [ 398604.476093591074459, 3782490.946083418093622 ], [ 398604.781281790463254, 3782490.640895218588412 ], [ 398606.612410986796021, 3782490.640895218588412 ], [ 398607.222787385573611, 3782491.251271617598832 ], [ 398607.8331637843512, 3782491.251271617598832 ], [ 398607.8331637843512, 3782491.556459817104042 ], [ 398608.138351983739994, 3782491.86164801614359 ], [ 398608.138351983739994, 3782493.082400813698769 ], [ 398607.8331637843512, 3782493.387589013203979 ], [ 398607.8331637843512, 3782493.997965412214398 ], [ 398607.527975584962405, 3782494.303153611253947 ], [ 398607.527975584962405, 3782494.608341810759157 ], [ 398607.222787385573611, 3782494.608341810759157 ], [ 398606.917599186184816, 3782494.913530010264367 ], [ 398606.917599186184816, 3782495.218718209769577 ], [ 398606.612410986796021, 3782495.523906408809125 ], [ 398606.612410986796021, 3782495.829094608314335 ], [ 398605.696846388629638, 3782496.744659206364304 ], [ 398605.391658189240843, 3782496.744659206364304 ], [ 398604.781281790463254, 3782497.355035605374724 ], [ 398604.170905391685665, 3782497.355035605374724 ], [ 398603.86571719229687, 3782497.660223804879934 ], [ 398603.560528992849868, 3782497.660223804879934 ] ] ] } },
{ "type": "Feature", "properties": { "confidence": 0.65835946798324585, "class": 1, "regularized": null }, "geometry": { "type": "Polygon", "coordinates": [ [ [ 398540.996948118030559, 3782911.190233977511525 ], [ 398540.691759918641765, 3782910.885045778006315 ], [ 398540.38657171925297, 3782910.885045778006315 ], [ 398540.38657171925297, 3782910.579857578966767 ], [ 398540.081383519864175, 3782910.274669379461557 ], [ 398540.081383519864175, 3782909.969481179956347 ], [ 398539.776195320475381, 3782909.664292980451137 ], [ 398539.776195320475381, 3782908.13835198385641 ], [ 398540.081383519864175, 3782907.8331637843512 ], [ 398544.964394710084889, 3782907.8331637843512 ], [ 398545.269582909473684, 3782908.13835198385641 ], [ 398546.185147507640067, 3782908.13835198385641 ], [ 398546.490335707028862, 3782908.443540182895958 ], [ 398546.490335707028862, 3782910.579857578966767 ], [ 398546.185147507640067, 3782910.885045778006315 ], [ 398545.879959308251273, 3782910.885045778006315 ], [ 398545.574771108862478, 3782911.190233977511525 ], [ 398540.996948118030559, 3782911.190233977511525 ] ] ] } },
{ "type": "Feature", "properties": { "confidence": 0.64953511953353882, "class": 1, "regularized": null }, "geometry": { "type": "Polygon", "coordinates": [ [ [ 398774.160732451651711, 3782920.345879959408194 ], [ 398773.855544252262916, 3782920.040691759902984 ], [ 398772.024415055930149, 3782920.040691759902984 ], [ 398771.719226856541354, 3782919.735503560397774 ], [ 398771.108850457763765, 3782919.735503560397774 ], [ 398771.108850457763765, 3782919.430315361358225 ], [ 398770.80366225837497, 3782919.125127161853015 ], [ 398770.80366225837497, 3782918.514750762842596 ], [ 398770.498474058986176, 3782918.209562563803047 ], [ 398770.498474058986176, 3782917.599186164792627 ], [ 398770.80366225837497, 3782917.293997965287417 ], [ 398770.80366225837497, 3782915.46286876918748 ], [ 398771.108850457763765, 3782915.15768056968227 ], [ 398771.108850457763765, 3782913.021363174077123 ], [ 398771.41403865715256, 3782912.716174974571913 ], [ 398771.41403865715256, 3782912.105798575561494 ], [ 398772.024415055930149, 3782911.495422177016735 ], [ 398772.329603255318943, 3782911.495422177016735 ], [ 398772.634791454707738, 3782911.190233977511525 ], [ 398772.939979654096533, 3782911.190233977511525 ], [ 398773.245167853485327, 3782910.885045778006315 ], [ 398774.160732451651711, 3782910.885045778006315 ], [ 398774.465920651040506, 3782910.579857578966767 ], [ 398774.465920651040506, 3782910.274669379461557 ], [ 398774.7711088504293, 3782910.274669379461557 ], [ 398775.076297049876302, 3782909.969481179956347 ], [ 398775.991861648042686, 3782909.969481179956347 ], [ 398776.297049847431481, 3782910.274669379461557 ], [ 398776.602238046820275, 3782910.274669379461557 ], [ 398776.602238046820275, 3782913.631739572621882 ], [ 398776.297049847431481, 3782913.936927772127092 ], [ 398776.297049847431481, 3782914.85249237017706 ], [ 398776.602238046820275, 3782915.15768056968227 ], [ 398776.602238046820275, 3782915.76805696869269 ], [ 398777.517802644986659, 3782916.683621566742659 ], [ 398777.517802644986659, 3782919.125127161853015 ], [ 398777.212614445597865, 3782919.430315361358225 ], [ 398777.212614445597865, 3782919.735503560397774 ], [ 398776.90742624620907, 3782920.040691759902984 ], [ 398776.602238046820275, 3782920.040691759902984 ], [ 398776.297049847431481, 3782920.345879959408194 ], [ 398774.160732451651711, 3782920.345879959408194 ] ] ] } },
{ "type": "Feature", "properties": { "confidence": 0.64359015226364136, "class": 1, "regularized": null }, "geometry": { "type": "Polygon", "coordinates": [ [ [ 398870.600203458801843, 3782431.12919633788988 ], [ 398869.684638860635459, 3782430.21363173937425 ], [ 398869.684638860635459, 3782426.551373346708715 ], [ 398869.989827060024254, 3782426.246185147669166 ], [ 398869.989827060024254, 3782425.635808748658746 ], [ 398870.295015259413049, 3782425.330620549153537 ], [ 398870.295015259413049, 3782424.415055951103568 ], [ 398870.905391658190638, 3782423.80467955255881 ], [ 398870.905391658190638, 3782423.4994913530536 ], [ 398871.210579857579432, 3782423.19430315354839 ], [ 398871.515768056968227, 3782423.19430315354839 ], [ 398871.820956256357022, 3782422.88911495404318 ], [ 398872.736520854523405, 3782422.88911495404318 ], [ 398873.0417090539122, 3782422.583926755003631 ], [ 398876.093591047800146, 3782422.583926755003631 ], [ 398876.703967446577735, 3782423.19430315354839 ], [ 398876.703967446577735, 3782424.109867751598358 ], [ 398877.00915564596653, 3782424.415055951103568 ], [ 398877.00915564596653, 3782425.330620549153537 ], [ 398876.703967446577735, 3782425.635808748658746 ], [ 398876.703967446577735, 3782426.856561546213925 ], [ 398876.398779247188941, 3782427.161749745719135 ], [ 398876.398779247188941, 3782427.466937945224345 ], [ 398875.788402848411351, 3782428.077314343769103 ], [ 398875.483214649022557, 3782428.077314343769103 ], [ 398874.567650050856173, 3782428.992878941819072 ], [ 398874.262461851467378, 3782428.992878941819072 ], [ 398873.957273652078584, 3782429.298067141324282 ], [ 398873.652085452689789, 3782429.298067141324282 ], [ 398873.0417090539122, 3782429.908443540334702 ], [ 398872.736520854523405, 3782429.908443540334702 ], [ 398872.126144455745816, 3782430.51881993887946 ], [ 398871.820956256357022, 3782430.51881993887946 ], [ 398871.515768056968227, 3782430.82400813838467 ], [ 398871.210579857579432, 3782430.82400813838467 ], [ 398870.905391658190638, 3782431.12919633788988 ], [ 398870.600203458801843, 3782431.12919633788988 ] ] ] } },
{ "type": "Feature", "properties": { "confidence": 0.63347542285919189, "class": 1, "regularized": null }, "geometry": { "type": "Polygon", "coordinates": [ [ [ 398844.3540183113073, 3782714.649033570662141 ], [ 398844.048830111918505, 3782714.343845371156931 ], [ 398843.743641912529711, 3782714.343845371156931 ], [ 398843.743641912529711, 3782708.240081383381039 ], [ 398844.048830111918505, 3782708.240081383381039 ], [ 398844.048830111918505, 3782708.545269582886249 ], [ 398844.659206510696094, 3782709.155645981896669 ], [ 398845.269582909473684, 3782709.155645981896669 ], [ 398845.574771108862478, 3782709.460834180936217 ], [ 398846.185147507640067, 3782709.460834180936217 ], [ 398846.490335707028862, 3782709.766022380441427 ], [ 398848.626653102750424, 3782709.766022380441427 ], [ 398848.626653102750424, 3782710.986775177996606 ], [ 398847.71108850458404, 3782711.902339776046574 ], [ 398847.71108850458404, 3782712.207527975551784 ], [ 398847.405900305195246, 3782712.512716175056994 ], [ 398847.405900305195246, 3782712.817904374562204 ], [ 398846.795523906417657, 3782713.428280773106962 ], [ 398846.490335707028862, 3782713.428280773106962 ], [ 398845.574771108862478, 3782714.343845371156931 ], [ 398845.269582909473684, 3782714.343845371156931 ], [ 398844.964394710084889, 3782714.649033570662141 ], [ 398844.3540183113073, 3782714.649033570662141 ] ] ] } },
{ "type": "Feature", "properties": { "confidence": 0.62766629457473755, "class": 1, "regularized": null }, "geometry": { "type": "Polygon", "coordinates": [ [ [ 398443.641912512714043, 3782793.387589013203979 ], [ 398443.336724313325249, 3782793.082400813698769 ], [ 398442.726347914547659, 3782793.082400813698769 ], [ 398442.421159715158865, 3782792.77721261465922 ], [ 398441.810783316381276, 3782792.77721261465922 ], [ 398441.505595116992481, 3782792.47202441515401 ], [ 398441.200406917603686, 3782792.47202441515401 ], [ 398440.895218718214892, 3782792.1668362156488 ], [ 398440.590030518826097, 3782792.1668362156488 ], [ 398439.674465920659713, 3782791.251271617598832 ], [ 398439.674465920659713, 3782789.725330620538443 ], [ 398439.979654120048508, 3782789.420142421033233 ], [ 398439.979654120048508, 3782789.114954221993685 ], [ 398440.590030518826097, 3782788.504577822983265 ], [ 398440.895218718214892, 3782788.504577822983265 ], [ 398442.421159715158865, 3782786.978636825922877 ], [ 398442.421159715158865, 3782786.063072227872908 ], [ 398443.947100712102838, 3782784.53713123081252 ], [ 398445.473041709046811, 3782784.53713123081252 ], [ 398446.998982705990784, 3782786.063072227872908 ], [ 398446.998982705990784, 3782786.368260427378118 ], [ 398447.304170905379578, 3782786.673448626883328 ], [ 398447.304170905379578, 3782786.978636825922877 ], [ 398448.219735503545962, 3782787.894201424438506 ], [ 398448.219735503545962, 3782788.504577822983265 ], [ 398447.914547304157168, 3782788.809766022488475 ], [ 398447.914547304157168, 3782789.114954221993685 ], [ 398447.609359104768373, 3782789.420142421033233 ], [ 398447.609359104768373, 3782789.725330620538443 ], [ 398447.304170905379578, 3782790.030518820043653 ], [ 398447.304170905379578, 3782790.946083418093622 ], [ 398446.998982705990784, 3782791.251271617598832 ], [ 398446.998982705990784, 3782791.556459817104042 ], [ 398446.693794506601989, 3782791.86164801614359 ], [ 398446.693794506601989, 3782793.387589013203979 ], [ 398443.641912512714043, 3782793.387589013203979 ] ] ] } },
{ "type": "Feature", "properties": { "confidence": 0.62489539384841919, "class": 1, "regularized": null }, "geometry": { "type": "Polygon", "coordinates": [ [ [ 398752.492370294989087, 3782504.984740590211004 ], [ 398752.492370294989087, 3782504.679552390705794 ], [ 398752.187182095600292, 3782504.374364191200584 ], [ 398752.187182095600292, 3782503.763987792655826 ], [ 398751.881993896211497, 3782503.458799593150616 ], [ 398751.576805696822703, 3782503.458799593150616 ], [ 398751.576805696822703, 3782502.543234995100647 ], [ 398751.881993896211497, 3782502.543234995100647 ], [ 398752.187182095600292, 3782502.238046795595437 ], [ 398752.187182095600292, 3782501.932858596090227 ], [ 398752.492370294989087, 3782501.627670396585017 ], [ 398752.492370294989087, 3782499.491353000979871 ], [ 398752.797558494377881, 3782499.186164801474661 ], [ 398752.797558494377881, 3782498.575788402929902 ], [ 398753.102746693766676, 3782498.270600203424692 ], [ 398753.102746693766676, 3782497.965412003919482 ], [ 398753.40793489315547, 3782497.660223804879934 ], [ 398753.40793489315547, 3782497.049847405869514 ], [ 398753.713123092602473, 3782496.744659206364304 ], [ 398754.018311291991267, 3782496.744659206364304 ], [ 398754.323499491380062, 3782496.439471007324755 ], [ 398754.628687690768857, 3782496.439471007324755 ], [ 398754.933875890157651, 3782496.134282807819545 ], [ 398755.239064089546446, 3782496.134282807819545 ], [ 398755.54425228893524, 3782495.829094608314335 ], [ 398757.680569684656803, 3782495.829094608314335 ], [ 398758.290946083434392, 3782496.439471007324755 ], [ 398758.290946083434392, 3782497.049847405869514 ], [ 398757.985757884045597, 3782497.355035605374724 ], [ 398757.985757884045597, 3782497.965412003919482 ], [ 398757.680569684656803, 3782498.270600203424692 ], [ 398757.680569684656803, 3782501.322482197545469 ], [ 398757.375381485268008, 3782501.627670396585017 ], [ 398757.375381485268008, 3782503.153611393645406 ], [ 398757.070193285879213, 3782503.458799593150616 ], [ 398757.070193285879213, 3782504.069175991695374 ], [ 398756.765005086490419, 3782504.374364191200584 ], [ 398756.765005086490419, 3782504.984740590211004 ], [ 398756.15462868771283, 3782504.984740590211004 ], [ 398755.849440488324035, 3782504.679552390705794 ], [ 398754.323499491380062, 3782504.679552390705794 ], [ 398754.018311291991267, 3782504.984740590211004 ], [ 398752.492370294989087, 3782504.984740590211004 ] ] ] } },
{ "type": "Feature", "properties": { "confidence": 0.61959153413772583, "class": 1, "regularized": null }, "geometry": { "type": "Polygon", "coordinates": [ [ [ 398530.620549338753335, 3782484.53713123081252 ], [ 398530.315361139364541, 3782484.23194303130731 ], [ 398530.010172939975746, 3782484.23194303130731 ], [ 398530.010172939975746, 3782482.095625635702163 ], [ 398530.315361139364541, 3782481.790437436196953 ], [ 398530.315361139364541, 3782481.485249237157404 ], [ 398530.620549338753335, 3782481.180061037652194 ], [ 398530.92573753814213, 3782481.180061037652194 ], [ 398531.230925737530924, 3782480.874872838146985 ], [ 398537.945066124084406, 3782480.874872838146985 ], [ 398538.2502543234732, 3782481.180061037652194 ], [ 398538.2502543234732, 3782482.706002034712583 ], [ 398538.555442522861995, 3782483.011190233752131 ], [ 398538.2502543234732, 3782483.316378433257341 ], [ 398538.2502543234732, 3782483.621566632762551 ], [ 398537.945066124084406, 3782483.926754832267761 ], [ 398537.334689725306816, 3782483.926754832267761 ], [ 398537.029501525918022, 3782484.23194303130731 ], [ 398534.89318413019646, 3782484.23194303130731 ], [ 398534.587995930807665, 3782484.53713123081252 ], [ 398530.620549338753335, 3782484.53713123081252 ] ] ] } },
{ "type": "Feature", "properties": { "confidence": 0.61586791276931763, "class": 1, "regularized": null }, "geometry": { "type": "Polygon", "coordinates": [ [ [ 398764.394710071210284, 3782531.230925737414509 ], [ 398764.394710071210284, 3782530.92573753837496 ], [ 398764.089521871821489, 3782530.62054933886975 ], [ 398763.784333672432695, 3782530.62054933886975 ], [ 398762.868769074266311, 3782529.704984740819782 ], [ 398762.868769074266311, 3782529.399796541314572 ], [ 398762.563580874877516, 3782529.094608341809362 ], [ 398762.563580874877516, 3782528.789420142304152 ], [ 398761.953204476099927, 3782528.179043743759394 ], [ 398761.953204476099927, 3782526.347914547193795 ], [ 398762.258392675488722, 3782526.042726347688586 ], [ 398762.258392675488722, 3782525.127161749638617 ], [ 398763.4791454730439, 3782523.906408952083439 ], [ 398767.141403865709435, 3782523.906408952083439 ], [ 398767.44659206509823, 3782524.211597151588649 ], [ 398768.972533062042203, 3782524.211597151588649 ], [ 398769.277721261430997, 3782524.516785351093858 ], [ 398773.855544252262916, 3782524.516785351093858 ], [ 398774.465920651040506, 3782525.127161749638617 ], [ 398774.465920651040506, 3782525.737538148649037 ], [ 398774.7711088504293, 3782526.042726347688586 ], [ 398774.7711088504293, 3782526.653102746699005 ], [ 398774.465920651040506, 3782526.958290946204215 ], [ 398774.465920651040506, 3782528.179043743759394 ], [ 398774.160732451651711, 3782528.484231942798942 ], [ 398774.160732451651711, 3782528.789420142304152 ], [ 398773.550356052874122, 3782529.399796541314572 ], [ 398773.550356052874122, 3782529.704984740819782 ], [ 398773.245167853485327, 3782529.704984740819782 ], [ 398772.939979654096533, 3782530.010172939859331 ], [ 398770.80366225837497, 3782530.010172939859331 ], [ 398770.498474058986176, 3782530.315361139364541 ], [ 398768.972533062042203, 3782530.315361139364541 ], [ 398768.667344862653408, 3782530.62054933886975 ], [ 398768.056968463875819, 3782530.62054933886975 ], [ 398767.751780264487024, 3782530.92573753837496 ], [ 398767.751780264487024, 3782531.230925737414509 ], [ 398764.394710071210284, 3782531.230925737414509 ] ] ] } },
{ "type": "Feature", "properties": { "confidence": 0.61293911933898926, "class": 1, "regularized": null }, "geometry": { "type": "Polygon", "coordinates": [ [ [ 398517.192268565588165, 3782871.515768057201058 ], [ 398517.192268565588165, 3782866.022380467969924 ], [ 398518.107833163812757, 3782866.022380467969924 ], [ 398518.413021363201551, 3782865.717192268464714 ], [ 398519.02339776197914, 3782865.717192268464714 ], [ 398519.328585961367935, 3782865.412004068959504 ], [ 398520.549338758923113, 3782865.412004068959504 ], [ 398520.854526958311908, 3782865.717192268464714 ], [ 398521.159715157700703, 3782865.717192268464714 ], [ 398521.159715157700703, 3782866.022380467969924 ], [ 398521.464903357089497, 3782866.327568667475134 ], [ 398521.464903357089497, 3782866.937945066019893 ], [ 398521.770091556478292, 3782867.243133265525103 ], [ 398521.770091556478292, 3782867.853509664069861 ], [ 398521.464903357089497, 3782868.158697863575071 ], [ 398521.464903357089497, 3782868.769074262585491 ], [ 398521.159715157700703, 3782869.07426246162504 ], [ 398521.159715157700703, 3782870.600203458685428 ], [ 398520.854526958311908, 3782870.905391658190638 ], [ 398520.549338758923113, 3782870.905391658190638 ], [ 398520.244150559534319, 3782871.210579857695848 ], [ 398518.413021363201551, 3782871.210579857695848 ], [ 398518.107833163812757, 3782871.515768057201058 ], [ 398517.192268565588165, 3782871.515768057201058 ] ] ] } },
{ "type": "Feature", "properties": { "confidence": 0.60240340232849121, "class": 1, "regularized": null }, "geometry": { "type": "Polygon", "coordinates": [ [ [ 398671.617497456783894, 3782693.896236012224108 ], [ 398671.3123092573951, 3782693.591047812718898 ], [ 398671.3123092573951, 3782692.980671414174139 ], [ 398671.007121058006305, 3782692.67548321466893 ], [ 398671.007121058006305, 3782692.06510681565851 ], [ 398669.786368260451127, 3782690.844354018103331 ], [ 398669.175991861673538, 3782690.844354018103331 ], [ 398668.565615462895948, 3782690.233977619558573 ], [ 398667.955239064118359, 3782690.233977619558573 ], [ 398667.955239064118359, 3782686.266531027387828 ], [ 398668.260427263507154, 3782685.961342827882618 ], [ 398668.565615462895948, 3782685.961342827882618 ], [ 398668.870803662284743, 3782685.656154628843069 ], [ 398671.3123092573951, 3782685.656154628843069 ], [ 398671.617497456783894, 3782685.961342827882618 ], [ 398672.533062054950278, 3782685.961342827882618 ], [ 398672.838250254339073, 3782686.266531027387828 ], [ 398673.143438453727867, 3782686.266531027387828 ], [ 398673.143438453727867, 3782693.591047812718898 ], [ 398672.533062054950278, 3782693.591047812718898 ], [ 398672.227873855561484, 3782693.896236012224108 ], [ 398671.617497456783894, 3782693.896236012224108 ] ] ] } },
{ "type": "Feature", "properties": { "confidence": 0.60228598117828369, "class": 1, "regularized": null }, "geometry": { "type": "Polygon", "coordinates": [ [ [ 398530.92573753814213, 3782514.750762970652431 ], [ 398530.92573753814213, 3782512.309257375542074 ], [ 398531.536113936919719, 3782511.698880976531655 ], [ 398532.146490335697308, 3782511.698880976531655 ], [ 398532.451678535086103, 3782511.393692777026445 ], [ 398533.977619532030076, 3782511.393692777026445 ], [ 398534.28280773141887, 3782511.088504577986896 ], [ 398537.334689725306816, 3782511.088504577986896 ], [ 398537.639877924695611, 3782511.393692777026445 ], [ 398538.860630722250789, 3782511.393692777026445 ], [ 398539.165818921639584, 3782511.088504577986896 ], [ 398541.912512716196943, 3782511.088504577986896 ], [ 398541.912512716196943, 3782513.835198372136801 ], [ 398539.471007121086586, 3782513.835198372136801 ], [ 398538.860630722250789, 3782514.445574771147221 ], [ 398537.639877924695611, 3782514.445574771147221 ], [ 398537.334689725306816, 3782514.750762970652431 ], [ 398530.92573753814213, 3782514.750762970652431 ] ] ] } },
{ "type": "Feature", "properties": { "confidence": 0.59640967845916748, "class": 1, "regularized": null }, "geometry": { "type": "Polygon", "coordinates": [ [ [ 398683.825025432335678, 3782410.986775177996606 ], [ 398683.519837232946884, 3782410.681586978491396 ], [ 398682.6042726347805, 3782410.681586978491396 ], [ 398682.299084435391705, 3782410.376398779451847 ], [ 398681.993896236002911, 3782410.376398779451847 ], [ 398681.383519837225322, 3782409.766022380441427 ], [ 398681.383519837225322, 3782409.460834180936217 ], [ 398681.078331637836527, 3782409.155645981896669 ], [ 398681.078331637836527, 3782406.408952187281102 ], [ 398681.383519837225322, 3782406.408952187281102 ], [ 398681.688708036614116, 3782406.714140386786312 ], [ 398682.6042726347805, 3782406.714140386786312 ], [ 398682.909460834169295, 3782407.019328585825861 ], [ 398683.214649033558089, 3782407.019328585825861 ], [ 398683.214649033558089, 3782407.32451678533107 ], [ 398683.519837232946884, 3782407.62970498483628 ], [ 398684.435401831113268, 3782407.62970498483628 ], [ 398684.740590030502062, 3782407.32451678533107 ], [ 398684.740590030502062, 3782407.019328585825861 ], [ 398685.045778229890857, 3782407.019328585825861 ], [ 398685.045778229890857, 3782407.62970498483628 ], [ 398685.350966429279651, 3782407.93489318434149 ], [ 398685.656154628668446, 3782407.93489318434149 ], [ 398685.656154628668446, 3782408.240081383381039 ], [ 398685.961342828057241, 3782408.545269582886249 ], [ 398685.961342828057241, 3782408.850457782391459 ], [ 398685.045778229890857, 3782409.766022380441427 ], [ 398685.045778229890857, 3782410.071210579946637 ], [ 398684.130213631724473, 3782410.986775177996606 ], [ 398683.825025432335678, 3782410.986775177996606 ] ] ] } },
{ "type": "Feature", "properties": { "confidence": 0.59303086996078491, "class": 1, "regularized": null }, "geometry": { "type": "Polygon", "coordinates": [ [ [ 398495.218718209536746, 3782800.10172939999029 ], [ 398495.218718209536746, 3782798.575788402929902 ], [ 398494.303153611370362, 3782797.660223804879934 ], [ 398494.303153611370362, 3782797.355035605374724 ], [ 398493.997965411981568, 3782797.049847405869514 ], [ 398493.997965411981568, 3782796.439471007324755 ], [ 398493.692777212592773, 3782796.134282807819545 ], [ 398493.692777212592773, 3782795.218718209769577 ], [ 398493.997965411981568, 3782794.913530010264367 ], [ 398493.997965411981568, 3782794.608341810759157 ], [ 398494.913530010147952, 3782794.608341810759157 ], [ 398495.218718209536746, 3782794.303153611253947 ], [ 398496.744659206538927, 3782794.303153611253947 ], [ 398497.049847405927721, 3782793.997965412214398 ], [ 398498.880976602260489, 3782793.997965412214398 ], [ 398499.491353001038078, 3782794.608341810759157 ], [ 398499.491353001038078, 3782794.913530010264367 ], [ 398500.101729399815667, 3782795.523906408809125 ], [ 398500.406917599204462, 3782795.523906408809125 ], [ 398501.017293997982051, 3782796.134282807819545 ], [ 398502.23804679553723, 3782796.134282807819545 ], [ 398502.23804679553723, 3782796.439471007324755 ], [ 398502.543234994926024, 3782796.744659206364304 ], [ 398502.543234994926024, 3782797.355035605374724 ], [ 398501.62767039675964, 3782798.270600203424692 ], [ 398501.62767039675964, 3782798.575788402929902 ], [ 398501.322482197370846, 3782798.575788402929902 ], [ 398500.406917599204462, 3782799.491353000979871 ], [ 398499.796541200426873, 3782799.491353000979871 ], [ 398499.491353001038078, 3782799.79654120048508 ], [ 398498.880976602260489, 3782799.79654120048508 ], [ 398498.575788402871694, 3782800.10172939999029 ], [ 398495.218718209536746, 3782800.10172939999029 ] ] ] } },
{ "type": "Feature", "properties": { "confidence": 0.58279687166213989, "class": 1, "regularized": null }, "geometry": { "type": "Polygon", "coordinates": [ [ [ 398439.369277721270919, 3782462.563580874819309 ], [ 398438.75890132249333, 3782461.95320447627455 ], [ 398438.75890132249333, 3782461.34282807726413 ], [ 398439.064089521882124, 3782461.03763987775892 ], [ 398439.064089521882124, 3782460.732451678719372 ], [ 398439.369277721270919, 3782460.427263479214162 ], [ 398439.369277721270919, 3782460.122075279708952 ], [ 398439.674465920659713, 3782459.816887080203742 ], [ 398439.674465920659713, 3782459.511698881164193 ], [ 398439.979654120048508, 3782459.206510681658983 ], [ 398439.979654120048508, 3782458.901322482153773 ], [ 398440.590030518826097, 3782458.290946083609015 ], [ 398440.590030518826097, 3782457.985757884103805 ], [ 398441.505595116992481, 3782457.070193286053836 ], [ 398441.505595116992481, 3782456.765005086548626 ], [ 398442.421159715158865, 3782455.849440488498658 ], [ 398442.726347914547659, 3782455.849440488498658 ], [ 398443.947100712102838, 3782454.62868769094348 ], [ 398443.947100712102838, 3782454.32349949143827 ], [ 398444.252288911491632, 3782454.32349949143827 ], [ 398444.557477110880427, 3782454.01831129193306 ], [ 398444.862665310269222, 3782454.01831129193306 ], [ 398445.167853509658016, 3782453.71312309242785 ], [ 398445.778229908435605, 3782453.71312309242785 ], [ 398446.0834181078244, 3782453.407934893388301 ], [ 398447.914547304157168, 3782453.407934893388301 ], [ 398448.219735503545962, 3782453.71312309242785 ], [ 398448.219735503545962, 3782454.933875889983028 ], [ 398448.524923702934757, 3782455.239064089488238 ], [ 398448.524923702934757, 3782457.375381485093385 ], [ 398448.219735503545962, 3782457.680569684598595 ], [ 398448.219735503545962, 3782458.290946083609015 ], [ 398447.304170905379578, 3782459.206510681658983 ], [ 398447.304170905379578, 3782459.511698881164193 ], [ 398446.693794506601989, 3782460.122075279708952 ], [ 398446.693794506601989, 3782460.427263479214162 ], [ 398446.388606307213195, 3782460.732451678719372 ], [ 398446.388606307213195, 3782461.03763987775892 ], [ 398445.167853509658016, 3782462.258392675314099 ], [ 398444.862665310269222, 3782462.258392675314099 ], [ 398444.557477110880427, 3782462.563580874819309 ], [ 398439.369277721270919, 3782462.563580874819309 ] ] ] } },
{ "type": "Feature", "properties": { "confidence": 0.5820198655128479, "class": 1, "regularized": null }, "geometry": { "type": "Polygon", "coordinates": [ [ [ 398660.325534079340287, 3782615.46286876918748 ], [ 398660.020345879951492, 3782615.15768056968227 ], [ 398660.020345879951492, 3782613.936927772127092 ], [ 398660.630722278729081, 3782613.326551373116672 ], [ 398661.85147507628426, 3782613.326551373116672 ], [ 398662.156663275673054, 3782613.021363174077123 ], [ 398662.156663275673054, 3782612.410986775066704 ], [ 398661.85147507628426, 3782612.105798575561494 ], [ 398661.546286876895465, 3782612.105798575561494 ], [ 398661.24109867750667, 3782611.800610376521945 ], [ 398660.630722278729081, 3782611.800610376521945 ], [ 398660.325534079340287, 3782611.495422177016735 ], [ 398660.325534079340287, 3782611.190233977511525 ], [ 398660.020345879951492, 3782610.885045778006315 ], [ 398660.020345879951492, 3782610.274669379461557 ], [ 398668.260427263507154, 3782610.274669379461557 ], [ 398668.565615462895948, 3782610.579857578966767 ], [ 398668.870803662284743, 3782610.579857578966767 ], [ 398669.175991861673538, 3782610.885045778006315 ], [ 398669.786368260451127, 3782610.885045778006315 ], [ 398670.396744659228716, 3782611.495422177016735 ], [ 398670.396744659228716, 3782611.800610376521945 ], [ 398670.091556459839921, 3782612.105798575561494 ], [ 398670.091556459839921, 3782613.631739572621882 ], [ 398669.786368260451127, 3782613.936927772127092 ], [ 398669.175991861673538, 3782613.936927772127092 ], [ 398668.870803662284743, 3782614.242115971632302 ], [ 398668.565615462895948, 3782614.242115971632302 ], [ 398668.260427263507154, 3782613.936927772127092 ], [ 398665.818921668338589, 3782613.936927772127092 ], [ 398665.513733468949795, 3782613.631739572621882 ], [ 398663.072227873839438, 3782613.631739572621882 ], [ 398662.461851475061849, 3782614.242115971632302 ], [ 398662.461851475061849, 3782614.547304171137512 ], [ 398662.156663275673054, 3782614.85249237017706 ], [ 398661.24109867750667, 3782614.85249237017706 ], [ 398660.935910478117876, 3782615.15768056968227 ], [ 398660.630722278729081, 3782615.15768056968227 ], [ 398660.325534079340287, 3782615.46286876918748 ] ] ] } },
{ "type": "Feature", "properties": { "confidence": 0.58197259902954102, "class": 1, "regularized": null }, "geometry": { "type": "Polygon", "coordinates": [ [ [ 398761.342828077322338, 3782417.395727365277708 ], [ 398761.037639877933543, 3782417.090539165772498 ], [ 398760.732451678544749, 3782417.090539165772498 ], [ 398760.427263479155954, 3782416.785350966267288 ], [ 398760.122075279767159, 3782416.785350966267288 ], [ 398759.816887080378365, 3782416.480162767227739 ], [ 398759.51169888098957, 3782416.480162767227739 ], [ 398759.206510681600776, 3782416.174974567722529 ], [ 398758.901322482211981, 3782416.174974567722529 ], [ 398758.596134282823186, 3782415.869786368217319 ], [ 398757.985757884045597, 3782415.869786368217319 ], [ 398757.680569684656803, 3782415.564598168712109 ], [ 398757.375381485268008, 3782415.564598168712109 ], [ 398757.070193285879213, 3782415.259409969672561 ], [ 398756.765005086490419, 3782415.259409969672561 ], [ 398756.765005086490419, 3782414.954221770167351 ], [ 398756.459816887101624, 3782414.649033570662141 ], [ 398756.459816887101624, 3782414.038657172117382 ], [ 398756.765005086490419, 3782413.733468972612172 ], [ 398756.765005086490419, 3782409.155645981896669 ], [ 398757.070193285879213, 3782408.850457782391459 ], [ 398757.070193285879213, 3782408.545269582886249 ], [ 398757.375381485268008, 3782408.240081383381039 ], [ 398759.51169888098957, 3782408.240081383381039 ], [ 398759.816887080378365, 3782408.545269582886249 ], [ 398760.122075279767159, 3782408.545269582886249 ], [ 398760.122075279767159, 3782408.850457782391459 ], [ 398760.427263479155954, 3782409.155645981896669 ], [ 398760.427263479155954, 3782409.460834180936217 ], [ 398761.342828077322338, 3782410.376398779451847 ], [ 398763.4791454730439, 3782410.376398779451847 ], [ 398763.784333672432695, 3782410.681586978491396 ], [ 398763.784333672432695, 3782411.597151577007025 ], [ 398763.4791454730439, 3782411.902339776046574 ], [ 398763.4791454730439, 3782413.428280773106962 ], [ 398763.173957273655105, 3782413.733468972612172 ], [ 398763.173957273655105, 3782416.785350966267288 ], [ 398762.868769074266311, 3782417.090539165772498 ], [ 398762.868769074266311, 3782417.395727365277708 ], [ 398761.342828077322338, 3782417.395727365277708 ] ] ] } },
{ "type": "Feature", "properties": { "confidence": 0.58188134431838989, "class": 1, "regularized": null }, "geometry": { "type": "Polygon", "coordinates": [ [ [ 398611.80061037640553, 3782420.447609358932823 ], [ 398611.495422177016735, 3782420.142421159893274 ], [ 398611.495422177016735, 3782419.837232960388064 ], [ 398611.19023397762794, 3782419.532044760882854 ], [ 398611.19023397762794, 3782416.785350966267288 ], [ 398610.885045778239146, 3782416.480162767227739 ], [ 398610.885045778239146, 3782413.733468972612172 ], [ 398610.579857578850351, 3782413.428280773106962 ], [ 398610.579857578850351, 3782410.986775177996606 ], [ 398610.885045778239146, 3782410.681586978491396 ], [ 398610.885045778239146, 3782410.376398779451847 ], [ 398611.19023397762794, 3782410.376398779451847 ], [ 398611.80061037640553, 3782409.766022380441427 ], [ 398612.410986775183119, 3782409.766022380441427 ], [ 398612.716174974571913, 3782409.460834180936217 ], [ 398620.345879959291779, 3782409.460834180936217 ], [ 398620.956256358069368, 3782410.071210579946637 ], [ 398620.956256358069368, 3782414.954221770167351 ], [ 398620.345879959291779, 3782415.564598168712109 ], [ 398620.040691759902984, 3782415.564598168712109 ], [ 398619.735503560514189, 3782415.869786368217319 ], [ 398619.735503560514189, 3782416.174974567722529 ], [ 398619.1251271617366, 3782416.785350966267288 ], [ 398619.1251271617366, 3782417.395727365277708 ], [ 398618.819938962347806, 3782417.700915564782917 ], [ 398618.819938962347806, 3782418.311291963327676 ], [ 398618.514750762959011, 3782418.616480162832886 ], [ 398618.514750762959011, 3782418.921668362338096 ], [ 398618.209562563570216, 3782419.226856561377645 ], [ 398618.209562563570216, 3782419.532044760882854 ], [ 398617.293997965403832, 3782420.447609358932823 ], [ 398616.073245167848654, 3782420.447609358932823 ], [ 398615.462868769071065, 3782419.837232960388064 ], [ 398614.547304170904681, 3782419.837232960388064 ], [ 398614.242115971515886, 3782420.142421159893274 ], [ 398613.631739572738297, 3782420.142421159893274 ], [ 398613.326551373349503, 3782420.447609358932823 ], [ 398611.80061037640553, 3782420.447609358932823 ] ] ] } },
{ "type": "Feature", "properties": { "confidence": 0.56664007902145386, "class": 1, "regularized": null }, "geometry": { "type": "Polygon", "coordinates": [ [ [ 398554.425228891137522, 3782897.151576805859804 ], [ 398554.120040691748727, 3782896.846388606354594 ], [ 398554.120040691748727, 3782896.541200406849384 ], [ 398553.814852492359933, 3782896.236012207344174 ], [ 398553.814852492359933, 3782895.930824008304626 ], [ 398554.120040691748727, 3782895.625635808799416 ], [ 398554.120040691748727, 3782894.404883011244237 ], [ 398553.814852492359933, 3782894.099694811739028 ], [ 398553.814852492359933, 3782892.878942014183849 ], [ 398553.204476093582343, 3782892.268565615639091 ], [ 398553.204476093582343, 3782891.963377416133881 ], [ 398553.509664292971138, 3782891.658189216628671 ], [ 398553.509664292971138, 3782890.132248219568282 ], [ 398553.204476093582343, 3782889.827060020528734 ], [ 398553.509664292971138, 3782889.827060020528734 ], [ 398553.814852492359933, 3782889.521871821023524 ], [ 398560.528992878913414, 3782889.521871821023524 ], [ 398560.834181078360416, 3782889.827060020528734 ], [ 398561.139369277749211, 3782889.827060020528734 ], [ 398561.7497456765268, 3782890.437436419073492 ], [ 398561.7497456765268, 3782892.573753814678639 ], [ 398561.444557477138005, 3782892.878942014183849 ], [ 398561.444557477138005, 3782894.404883011244237 ], [ 398561.139369277749211, 3782894.710071210749447 ], [ 398561.139369277749211, 3782895.015259409788996 ], [ 398560.834181078360416, 3782895.320447609294206 ], [ 398560.528992878913414, 3782895.320447609294206 ], [ 398559.918616480135825, 3782895.930824008304626 ], [ 398559.61342828074703, 3782895.930824008304626 ], [ 398559.003051881969441, 3782896.541200406849384 ], [ 398558.697863682580646, 3782896.541200406849384 ], [ 398558.392675483191852, 3782896.846388606354594 ], [ 398558.087487283803057, 3782896.846388606354594 ], [ 398557.782299084414262, 3782897.151576805859804 ], [ 398554.425228891137522, 3782897.151576805859804 ] ] ] } },
{ "type": "Feature", "properties": { "confidence": 0.56366151571273804, "class": 1, "regularized": null }, "geometry": { "type": "Polygon", "coordinates": [ [ [ 398535.198372329585254, 3782855.645981688518077 ], [ 398534.89318413019646, 3782855.340793489478528 ], [ 398533.977619532030076, 3782855.340793489478528 ], [ 398533.672431332641281, 3782855.035605289973319 ], [ 398533.367243133252487, 3782855.035605289973319 ], [ 398533.062054933863692, 3782854.730417090468109 ], [ 398533.062054933863692, 3782854.425228890962899 ], [ 398533.367243133252487, 3782854.12004069192335 ], [ 398533.367243133252487, 3782853.20447609340772 ], [ 398533.062054933863692, 3782852.899287894368172 ], [ 398533.062054933863692, 3782851.068158697802573 ], [ 398533.367243133252487, 3782850.762970498297364 ], [ 398533.367243133252487, 3782849.847405900247395 ], [ 398539.471007121086586, 3782849.847405900247395 ], [ 398539.776195320475381, 3782850.152594099752605 ], [ 398539.776195320475381, 3782850.457782299257815 ], [ 398540.081383519864175, 3782850.762970498297364 ], [ 398540.081383519864175, 3782852.899287894368172 ], [ 398539.776195320475381, 3782853.20447609340772 ], [ 398539.776195320475381, 3782855.035605289973319 ], [ 398539.471007121086586, 3782855.340793489478528 ], [ 398538.2502543234732, 3782855.340793489478528 ], [ 398537.945066124084406, 3782855.645981688518077 ], [ 398535.198372329585254, 3782855.645981688518077 ] ] ] } },
{ "type": "Feature", "properties": { "confidence": 0.56027418375015259, "class": 1, "regularized": null }, "geometry": { "type": "Polygon", "coordinates": [ [ [ 398655.442522889119573, 3782840.691759918816388 ], [ 398655.442522889119573, 3782840.386571719311178 ], [ 398655.137334689730778, 3782840.081383519805968 ], [ 398655.137334689730778, 3782835.503560529090464 ], [ 398654.832146490341984, 3782835.198372329585254 ], [ 398654.832146490341984, 3782832.146490335930139 ], [ 398654.526958290953189, 3782831.841302136424929 ], [ 398654.526958290953189, 3782830.92573753837496 ], [ 398655.137334689730778, 3782830.315361139364541 ], [ 398656.663275686674751, 3782830.315361139364541 ], [ 398656.968463886063546, 3782830.62054933886975 ], [ 398657.273652085452341, 3782830.62054933886975 ], [ 398657.88402848422993, 3782831.230925737414509 ], [ 398658.189216683618724, 3782831.230925737414509 ], [ 398658.494404883007519, 3782831.536113936919719 ], [ 398659.104781281785108, 3782831.536113936919719 ], [ 398659.715157680562697, 3782832.146490335930139 ], [ 398659.715157680562697, 3782832.451678534969687 ], [ 398660.020345879951492, 3782832.756866734474897 ], [ 398660.020345879951492, 3782833.062054933980107 ], [ 398660.325534079340287, 3782833.367243133485317 ], [ 398660.325534079340287, 3782833.672431332524866 ], [ 398660.630722278729081, 3782833.977619532030076 ], [ 398660.630722278729081, 3782834.282807731535286 ], [ 398660.935910478117876, 3782834.587995931040496 ], [ 398660.935910478117876, 3782836.419125127140433 ], [ 398661.24109867750667, 3782836.724313326645643 ], [ 398661.24109867750667, 3782838.860630722250789 ], [ 398661.546286876895465, 3782839.165818921755999 ], [ 398661.546286876895465, 3782840.081383519805968 ], [ 398660.935910478117876, 3782840.081383519805968 ], [ 398660.630722278729081, 3782840.386571719311178 ], [ 398659.409969481173903, 3782840.386571719311178 ], [ 398659.104781281785108, 3782840.691759918816388 ], [ 398655.442522889119573, 3782840.691759918816388 ] ] ] } },
{ "type": "Feature", "properties": { "confidence": 0.55395621061325073, "class": 1, "regularized": null }, "geometry": { "type": "Polygon", "coordinates": [ [ [ 398414.038657171942759, 3782704.272634791675955 ], [ 398414.038657171942759, 3782703.967446592170745 ], [ 398413.42828077316517, 3782703.357070193160325 ], [ 398413.123092573776376, 3782703.357070193160325 ], [ 398413.123092573776376, 3782702.746693794615567 ], [ 398412.817904374387581, 3782702.441505595110357 ], [ 398412.817904374387581, 3782701.831129196565598 ], [ 398412.207527975609992, 3782701.220752797555178 ], [ 398412.207527975609992, 3782700.915564598049968 ], [ 398411.902339776221197, 3782700.61037639901042 ], [ 398411.902339776221197, 3782699.38962360098958 ], [ 398412.817904374387581, 3782698.474059002939612 ], [ 398413.123092573776376, 3782698.474059002939612 ], [ 398413.42828077316517, 3782698.168870803434402 ], [ 398414.954221770109143, 3782698.168870803434402 ], [ 398415.259409969497938, 3782697.863682604394853 ], [ 398416.785350966441911, 3782697.863682604394853 ], [ 398417.090539165830705, 3782698.168870803434402 ], [ 398417.3957273652195, 3782698.168870803434402 ], [ 398417.3957273652195, 3782699.084435401950032 ], [ 398417.700915564608295, 3782699.38962360098958 ], [ 398417.700915564608295, 3782700.30518819950521 ], [ 398417.3957273652195, 3782700.61037639901042 ], [ 398417.3957273652195, 3782701.525940997060388 ], [ 398416.785350966441911, 3782702.136317395605147 ], [ 398416.785350966441911, 3782702.441505595110357 ], [ 398416.480162767053116, 3782702.441505595110357 ], [ 398415.869786368275527, 3782703.051881994120777 ], [ 398415.869786368275527, 3782703.357070193160325 ], [ 398415.564598168886732, 3782703.662258392665535 ], [ 398415.259409969497938, 3782703.662258392665535 ], [ 398414.954221770109143, 3782703.967446592170745 ], [ 398414.954221770109143, 3782704.272634791675955 ], [ 398414.038657171942759, 3782704.272634791675955 ] ] ] } },
{ "type": "Feature", "properties": { "confidence": 0.54607194662094116, "class": 1, "regularized": null }, "geometry": { "type": "Polygon", "coordinates": [ [ [ 398662.461851475061849, 3782605.391658189240843 ], [ 398662.461851475061849, 3782605.086469989735633 ], [ 398661.546286876895465, 3782604.170905391685665 ], [ 398661.546286876895465, 3782603.865717192180455 ], [ 398661.24109867750667, 3782603.560528992675245 ], [ 398661.24109867750667, 3782602.644964394625276 ], [ 398660.935910478117876, 3782602.339776195120066 ], [ 398660.935910478117876, 3782597.151576805859804 ], [ 398661.24109867750667, 3782596.846388606354594 ], [ 398661.24109867750667, 3782596.236012207344174 ], [ 398661.85147507628426, 3782595.625635808799416 ], [ 398662.156663275673054, 3782595.625635808799416 ], [ 398662.461851475061849, 3782595.320447609294206 ], [ 398662.767039674450643, 3782595.320447609294206 ], [ 398663.072227873839438, 3782595.015259409788996 ], [ 398663.682604272617027, 3782595.015259409788996 ], [ 398663.987792472005822, 3782594.710071210749447 ], [ 398665.208545269561, 3782594.710071210749447 ], [ 398665.513733468949795, 3782595.015259409788996 ], [ 398665.818921668338589, 3782595.015259409788996 ], [ 398665.818921668338589, 3782596.541200406849384 ], [ 398666.429298067116179, 3782597.151576805859804 ], [ 398667.344862665282562, 3782597.151576805859804 ], [ 398667.650050864671357, 3782597.456765004899353 ], [ 398667.955239064118359, 3782597.456765004899353 ], [ 398668.565615462895948, 3782598.067141403909773 ], [ 398668.565615462895948, 3782600.813835198525339 ], [ 398668.260427263507154, 3782601.119023397564888 ], [ 398668.260427263507154, 3782601.424211597070098 ], [ 398667.955239064118359, 3782601.729399796575308 ], [ 398667.955239064118359, 3782602.034587996080518 ], [ 398667.650050864671357, 3782602.339776195120066 ], [ 398667.650050864671357, 3782602.644964394625276 ], [ 398667.344862665282562, 3782602.644964394625276 ], [ 398667.039674465893768, 3782602.950152594130486 ], [ 398667.039674465893768, 3782603.560528992675245 ], [ 398666.734486266504973, 3782603.865717192180455 ], [ 398666.734486266504973, 3782604.170905391685665 ], [ 398666.429298067116179, 3782604.476093591190875 ], [ 398665.818921668338589, 3782604.476093591190875 ], [ 398665.513733468949795, 3782604.781281790230423 ], [ 398664.903357070172206, 3782604.781281790230423 ], [ 398664.598168870783411, 3782605.086469989735633 ], [ 398663.682604272617027, 3782605.086469989735633 ], [ 398663.377416073228233, 3782605.391658189240843 ], [ 398662.461851475061849, 3782605.391658189240843 ] ] ] } },
{ "type": "Feature", "properties": { "confidence": 0.54189175367355347, "class": 1, "regularized": null }, "geometry": { "type": "Polygon", "coordinates": [ [ [ 398523.906408952199854, 3782748.830111902207136 ], [ 398523.601220752811059, 3782748.524923703167588 ], [ 398523.601220752811059, 3782748.219735503662378 ], [ 398522.99084435403347, 3782747.609359104651958 ], [ 398522.99084435403347, 3782746.083418108057231 ], [ 398522.685656154644676, 3782745.778229908552021 ], [ 398522.685656154644676, 3782743.031536113936454 ], [ 398522.075279755867086, 3782742.421159714926034 ], [ 398522.075279755867086, 3782741.505595116876066 ], [ 398522.380467955255881, 3782741.505595116876066 ], [ 398522.685656154644676, 3782741.200406917370856 ], [ 398522.99084435403347, 3782741.200406917370856 ], [ 398523.296032553422265, 3782740.895218718331307 ], [ 398524.211597151588649, 3782740.895218718331307 ], [ 398524.516785350977443, 3782740.590030518826097 ], [ 398524.821973550366238, 3782740.590030518826097 ], [ 398525.127161749755032, 3782740.284842319320887 ], [ 398525.432349949143827, 3782740.284842319320887 ], [ 398525.737538148532622, 3782739.979654119815677 ], [ 398526.347914547310211, 3782739.979654119815677 ], [ 398526.653102746699005, 3782739.674465920776129 ], [ 398527.568667344865389, 3782739.674465920776129 ], [ 398527.873855544254184, 3782739.369277721270919 ], [ 398530.620549338753335, 3782739.369277721270919 ], [ 398531.536113936919719, 3782740.284842319320887 ], [ 398531.536113936919719, 3782743.031536113936454 ], [ 398531.230925737530924, 3782743.031536113936454 ], [ 398529.399796541198157, 3782744.862665310502052 ], [ 398529.399796541198157, 3782745.167853509541601 ], [ 398528.789420142420568, 3782745.778229908552021 ], [ 398528.789420142420568, 3782746.083418108057231 ], [ 398528.484231943031773, 3782746.388606307096779 ], [ 398528.484231943031773, 3782746.693794506601989 ], [ 398528.179043743642978, 3782746.998982706107199 ], [ 398527.873855544254184, 3782746.998982706107199 ], [ 398527.263479145476595, 3782747.609359104651958 ], [ 398526.9582909460878, 3782747.609359104651958 ], [ 398526.653102746699005, 3782747.914547304157168 ], [ 398526.347914547310211, 3782747.914547304157168 ], [ 398525.737538148532622, 3782748.524923703167588 ], [ 398525.127161749755032, 3782748.524923703167588 ], [ 398524.821973550366238, 3782748.830111902207136 ], [ 398523.906408952199854, 3782748.830111902207136 ] ] ] } },
{ "type": "Feature", "properties": { "confidence": 0.54170870780944824, "class": 1, "regularized": null }, "geometry": { "type": "Polygon", "coordinates": [ [ [ 398671.3123092573951, 3782585.859613428357989 ], [ 398671.007121058006305, 3782585.554425228852779 ], [ 398670.701932858617511, 3782585.554425228852779 ], [ 398668.870803662284743, 3782583.723296032752842 ], [ 398668.870803662284743, 3782583.112919633742422 ], [ 398668.565615462895948, 3782582.807731434237212 ], [ 398668.565615462895948, 3782582.197355035692453 ], [ 398668.260427263507154, 3782581.892166836187243 ], [ 398668.260427263507154, 3782580.671414038632065 ], [ 398667.955239064118359, 3782580.366225839126855 ], [ 398667.955239064118359, 3782579.755849440582097 ], [ 398667.650050864671357, 3782579.450661241076887 ], [ 398667.650050864671357, 3782579.145473041571677 ], [ 398667.344862665282562, 3782578.840284842532128 ], [ 398667.344862665282562, 3782577.61953204497695 ], [ 398667.650050864671357, 3782577.31434384547174 ], [ 398667.650050864671357, 3782577.00915564596653 ], [ 398667.955239064118359, 3782576.70396744646132 ], [ 398668.260427263507154, 3782576.70396744646132 ], [ 398668.565615462895948, 3782576.398779247421771 ], [ 398669.175991861673538, 3782576.398779247421771 ], [ 398669.481180061062332, 3782576.093591047916561 ], [ 398670.396744659228716, 3782576.093591047916561 ], [ 398670.701932858617511, 3782575.788402848411351 ], [ 398673.143438453727867, 3782575.788402848411351 ], [ 398673.143438453727867, 3782585.859613428357989 ], [ 398671.3123092573951, 3782585.859613428357989 ] ] ] } },
{ "type": "Feature", "properties": { "confidence": 0.53678369522094727, "class": 1, "regularized": "rectangle" }, "geometry": { "type": "Polygon", "coordinates": [ [ [ 398763.1875, 3782566.25 ], [ 398763.75, 3782548.75 ], [ 398771.6875, 3782549.25 ], [ 398771.125, 3782566.75 ], [ 398763.1875, 3782566.25 ] ] ] } },
{ "type": "Feature", "properties": { "confidence": 0.53619551658630371, "class": 1, "regularized": null }, "geometry": { "type": "Polygon", "coordinates": [ [ [ 398681.688708036614116, 3782623.397761953063309 ], [ 398680.773143438447732, 3782622.482197355013341 ], [ 398680.773143438447732, 3782621.871820956468582 ], [ 398680.467955239058938, 3782621.566632756963372 ], [ 398680.467955239058938, 3782619.430315361358225 ], [ 398680.773143438447732, 3782619.125127161853015 ], [ 398680.773143438447732, 3782616.378433367237449 ], [ 398681.078331637836527, 3782616.073245167732239 ], [ 398681.078331637836527, 3782615.76805696869269 ], [ 398681.383519837225322, 3782615.46286876918748 ], [ 398681.383519837225322, 3782613.936927772127092 ], [ 398681.688708036614116, 3782613.631739572621882 ], [ 398681.993896236002911, 3782613.631739572621882 ], [ 398682.299084435391705, 3782613.326551373116672 ], [ 398682.299084435391705, 3782612.410986775066704 ], [ 398682.6042726347805, 3782612.105798575561494 ], [ 398682.6042726347805, 3782611.800610376521945 ], [ 398683.825025432335678, 3782611.800610376521945 ], [ 398684.130213631724473, 3782612.105798575561494 ], [ 398684.435401831113268, 3782612.105798575561494 ], [ 398684.740590030502062, 3782612.410986775066704 ], [ 398685.350966429279651, 3782612.410986775066704 ], [ 398685.656154628668446, 3782612.716174974571913 ], [ 398685.961342828057241, 3782612.716174974571913 ], [ 398686.266531027446035, 3782613.021363174077123 ], [ 398686.266531027446035, 3782615.15768056968227 ], [ 398685.961342828057241, 3782615.46286876918748 ], [ 398685.961342828057241, 3782617.904374364297837 ], [ 398685.350966429279651, 3782618.514750762842596 ], [ 398685.350966429279651, 3782619.125127161853015 ], [ 398685.045778229890857, 3782619.430315361358225 ], [ 398685.045778229890857, 3782620.040691759902984 ], [ 398684.740590030502062, 3782620.345879959408194 ], [ 398684.740590030502062, 3782620.651068158913404 ], [ 398684.435401831113268, 3782620.956256357952952 ], [ 398684.435401831113268, 3782621.261444557458162 ], [ 398683.214649033558089, 3782622.482197355013341 ], [ 398683.214649033558089, 3782622.787385554518551 ], [ 398682.6042726347805, 3782623.397761953063309 ], [ 398681.688708036614116, 3782623.397761953063309 ] ] ] } },
{ "type": "Feature", "properties": { "confidence": 0.53446894884109497, "class": 1, "regularized": null }, "geometry": { "type": "Polygon", "coordinates": [ [ [ 398804.069175991869997, 3782848.016276704147458 ], [ 398803.763987792481203, 3782847.711088504642248 ], [ 398803.763987792481203, 3782847.405900305137038 ], [ 398803.458799593092408, 3782847.100712105631828 ], [ 398803.458799593092408, 3782846.18514750758186 ], [ 398803.153611393703613, 3782845.87995930807665 ], [ 398803.153611393703613, 3782844.659206510521472 ], [ 398802.848423194314819, 3782844.354018311481923 ], [ 398802.848423194314819, 3782844.048830111976713 ], [ 398808.952187182090711, 3782844.048830111976713 ], [ 398808.646998982701916, 3782844.354018311481923 ], [ 398808.646998982701916, 3782846.49033570708707 ], [ 398808.036622583924327, 3782847.100712105631828 ], [ 398807.731434384535532, 3782847.100712105631828 ], [ 398807.426246185146738, 3782847.405900305137038 ], [ 398805.900305188202765, 3782847.405900305137038 ], [ 398805.59511698881397, 3782847.711088504642248 ], [ 398805.289928789425176, 3782847.711088504642248 ], [ 398804.984740590036381, 3782848.016276704147458 ], [ 398804.069175991869997, 3782848.016276704147458 ] ] ] } },
{ "type": "Feature", "properties": { "confidence": 0.53271216154098511, "class": 1, "regularized": null }, "geometry": { "type": "Polygon", "coordinates": [ [ [ 398540.38657171925297, 3782952.085452695842832 ], [ 398540.081383519864175, 3782951.780264496337622 ], [ 398540.081383519864175, 3782949.033570701722056 ], [ 398540.691759918641765, 3782948.423194303177297 ], [ 398542.217700915585738, 3782948.423194303177297 ], [ 398542.522889114974532, 3782948.118006103672087 ], [ 398543.743641912529711, 3782948.118006103672087 ], [ 398544.048830111918505, 3782947.812817904166877 ], [ 398544.964394710084889, 3782947.812817904166877 ], [ 398545.574771108862478, 3782947.202441505622119 ], [ 398545.879959308251273, 3782947.507629705127329 ], [ 398546.490335707028862, 3782947.507629705127329 ], [ 398547.100712105806451, 3782948.118006103672087 ], [ 398547.405900305195246, 3782948.118006103672087 ], [ 398547.71108850458404, 3782948.423194303177297 ], [ 398548.016276703972835, 3782948.423194303177297 ], [ 398548.626653102750424, 3782949.033570701722056 ], [ 398548.626653102750424, 3782950.559511698782444 ], [ 398548.32146490336163, 3782950.559511698782444 ], [ 398547.71108850458404, 3782951.169888097792864 ], [ 398547.100712105806451, 3782951.169888097792864 ], [ 398546.795523906417657, 3782951.475076296832412 ], [ 398546.490335707028862, 3782951.475076296832412 ], [ 398546.185147507640067, 3782951.780264496337622 ], [ 398546.185147507640067, 3782952.085452695842832 ], [ 398540.38657171925297, 3782952.085452695842832 ] ] ] } },
{ "type": "Feature", "properties": { "confidence": 0.53257507085800171, "class": 1, "regularized": null }, "geometry": { "type": "Polygon", "coordinates": [ [ [ 398787.589013224816881, 3782618.514750762842596 ], [ 398787.589013224816881, 3782618.209562563803047 ], [ 398787.894201424205676, 3782618.209562563803047 ], [ 398788.19938962359447, 3782617.904374364297837 ], [ 398788.19938962359447, 3782617.293997965287417 ], [ 398787.894201424205676, 3782616.988809766247869 ], [ 398787.894201424205676, 3782616.683621566742659 ], [ 398787.283825025428087, 3782616.073245167732239 ], [ 398787.283825025428087, 3782615.46286876918748 ], [ 398787.589013224816881, 3782615.15768056968227 ], [ 398788.19938962359447, 3782615.15768056968227 ], [ 398788.504577822983265, 3782614.85249237017706 ], [ 398788.80976602237206, 3782614.85249237017706 ], [ 398790.030518819927238, 3782613.631739572621882 ], [ 398790.335707019316033, 3782613.631739572621882 ], [ 398790.335707019316033, 3782618.209562563803047 ], [ 398788.19938962359447, 3782618.209562563803047 ], [ 398787.894201424205676, 3782618.514750762842596 ], [ 398787.589013224816881, 3782618.514750762842596 ] ] ] } },
{ "type": "Feature", "properties": { "confidence": 0.53153449296951294, "class": 1, "regularized": null }, "geometry": { "type": "Polygon", "coordinates": [ [ [ 398518.413021363201551, 3782639.267548321280628 ], [ 398518.107833163812757, 3782638.96236012224108 ], [ 398517.802644964365754, 3782638.96236012224108 ], [ 398517.49745676497696, 3782638.65717192273587 ], [ 398517.192268565588165, 3782638.65717192273587 ], [ 398517.192268565588165, 3782630.111902339849621 ], [ 398518.107833163812757, 3782630.111902339849621 ], [ 398518.413021363201551, 3782629.806714140344411 ], [ 398519.02339776197914, 3782629.806714140344411 ], [ 398519.328585961367935, 3782630.111902339849621 ], [ 398520.854526958311908, 3782630.111902339849621 ], [ 398521.464903357089497, 3782630.72227873839438 ], [ 398521.464903357089497, 3782636.826042726170272 ], [ 398520.549338758923113, 3782637.741607324685901 ], [ 398520.244150559534319, 3782637.741607324685901 ], [ 398518.718209562590346, 3782639.267548321280628 ], [ 398518.413021363201551, 3782639.267548321280628 ] ] ] } },
{ "type": "Feature", "properties": { "confidence": 0.53077089786529541, "class": 1, "regularized": null }, "geometry": { "type": "Polygon", "coordinates": [ [ [ 398638.046795523900073, 3782730.21363173937425 ], [ 398637.741607324511278, 3782729.908443540334702 ], [ 398635.910478128178511, 3782729.908443540334702 ], [ 398635.605289928789716, 3782729.603255340829492 ], [ 398635.300101729400922, 3782729.603255340829492 ], [ 398634.994913530012127, 3782729.298067141324282 ], [ 398634.689725330623332, 3782729.298067141324282 ], [ 398634.689725330623332, 3782728.992878941819072 ], [ 398634.384537131234538, 3782728.687690742779523 ], [ 398634.384537131234538, 3782728.077314343769103 ], [ 398634.689725330623332, 3782727.772126144263893 ], [ 398634.689725330623332, 3782726.856561546213925 ], [ 398638.962360122066457, 3782726.856561546213925 ], [ 398638.962360122066457, 3782727.772126144263893 ], [ 398639.877924720232841, 3782728.687690742779523 ], [ 398639.877924720232841, 3782729.603255340829492 ], [ 398639.572736520844046, 3782729.908443540334702 ], [ 398639.267548321455251, 3782729.908443540334702 ], [ 398638.962360122066457, 3782730.21363173937425 ], [ 398638.046795523900073, 3782730.21363173937425 ] ] ] } },
{ "type": "Feature", "properties": { "confidence": 0.53001117706298828, "class": 1, "regularized": null }, "geometry": { "type": "Polygon", "coordinates": [ [ [ 398731.129196337715257, 3782417.700915564782917 ], [ 398730.824008138326462, 3782417.395727365277708 ], [ 398730.213631739548873, 3782417.395727365277708 ], [ 398729.908443540160079, 3782417.090539165772498 ], [ 398729.603255340771284, 3782417.090539165772498 ], [ 398729.298067141382489, 3782416.785350966267288 ], [ 398728.6876907426049, 3782416.785350966267288 ], [ 398728.077314343827311, 3782416.174974567722529 ], [ 398727.772126144438516, 3782416.174974567722529 ], [ 398727.772126144438516, 3782415.869786368217319 ], [ 398727.466937945049722, 3782415.564598168712109 ], [ 398727.466937945049722, 3782413.428280773106962 ], [ 398728.077314343827311, 3782412.817904374562204 ], [ 398728.077314343827311, 3782412.207527975551784 ], [ 398728.382502543216106, 3782411.902339776046574 ], [ 398728.382502543216106, 3782411.597151577007025 ], [ 398728.992878941993695, 3782411.597151577007025 ], [ 398729.298067141382489, 3782411.291963377501816 ], [ 398729.908443540160079, 3782411.291963377501816 ], [ 398730.213631739548873, 3782411.597151577007025 ], [ 398730.824008138326462, 3782411.597151577007025 ], [ 398731.129196337715257, 3782411.291963377501816 ], [ 398731.434384537104052, 3782411.291963377501816 ], [ 398732.044760935881641, 3782410.681586978491396 ], [ 398733.570701932883821, 3782410.681586978491396 ], [ 398734.181078331661411, 3782411.291963377501816 ], [ 398734.486266531050205, 3782411.291963377501816 ], [ 398735.096642929827794, 3782411.902339776046574 ], [ 398735.096642929827794, 3782412.207527975551784 ], [ 398735.401831129216589, 3782412.512716175056994 ], [ 398735.401831129216589, 3782417.395727365277708 ], [ 398735.096642929827794, 3782417.700915564782917 ], [ 398731.129196337715257, 3782417.700915564782917 ] ] ] } },
{ "type": "Feature", "properties": { "confidence": 0.52401506900787354, "class": 1, "regularized": null }, "geometry": { "type": "Polygon", "coordinates": [ [ [ 398819.63377416075673, 3782713.428280773106962 ], [ 398819.328585961367935, 3782713.123092573601753 ], [ 398819.02339776197914, 3782713.123092573601753 ], [ 398818.718209562590346, 3782712.817904374562204 ], [ 398818.413021363201551, 3782712.817904374562204 ], [ 398818.413021363201551, 3782712.512716175056994 ], [ 398818.107833163812757, 3782712.207527975551784 ], [ 398818.107833163812757, 3782710.986775177996606 ], [ 398817.802644964365754, 3782710.681586978491396 ], [ 398817.802644964365754, 3782710.071210579946637 ], [ 398817.49745676497696, 3782709.766022380441427 ], [ 398817.49745676497696, 3782709.460834180936217 ], [ 398817.192268565588165, 3782709.155645981896669 ], [ 398817.192268565588165, 3782707.62970498483628 ], [ 398819.02339776197914, 3782707.62970498483628 ], [ 398819.328585961367935, 3782707.93489318434149 ], [ 398819.63377416075673, 3782707.93489318434149 ], [ 398820.244150559534319, 3782708.545269582886249 ], [ 398820.549338758923113, 3782708.545269582886249 ], [ 398820.854526958311908, 3782708.850457782391459 ], [ 398821.159715157700703, 3782708.850457782391459 ], [ 398821.770091556478292, 3782709.460834180936217 ], [ 398822.075279755867086, 3782709.460834180936217 ], [ 398822.380467955255881, 3782709.766022380441427 ], [ 398822.99084435403347, 3782709.766022380441427 ], [ 398823.296032553422265, 3782710.071210579946637 ], [ 398823.601220752811059, 3782710.071210579946637 ], [ 398824.211597151588649, 3782710.681586978491396 ], [ 398824.211597151588649, 3782711.597151577007025 ], [ 398823.906408952199854, 3782711.902339776046574 ], [ 398823.906408952199854, 3782712.207527975551784 ], [ 398823.296032553422265, 3782712.207527975551784 ], [ 398822.380467955255881, 3782713.123092573601753 ], [ 398821.770091556478292, 3782713.123092573601753 ], [ 398821.464903357089497, 3782713.428280773106962 ], [ 398819.63377416075673, 3782713.428280773106962 ] ] ] } },
{ "type": "Feature", "properties": { "confidence": 0.51960289478302002, "class": 1, "regularized": null }, "geometry": { "type": "Polygon", "coordinates": [ [ [ 398722.889114954217803, 3782660.935910478234291 ], [ 398722.583926754829008, 3782660.630722278729081 ], [ 398722.583926754829008, 3782656.663275686558336 ], [ 398722.889114954217803, 3782656.358087487053126 ], [ 398722.889114954217803, 3782654.832146490458399 ], [ 398723.194303153606597, 3782654.526958290953189 ], [ 398724.109867751772981, 3782654.526958290953189 ], [ 398724.415055951161776, 3782654.832146490458399 ], [ 398725.025432349939365, 3782654.832146490458399 ], [ 398725.33062054932816, 3782655.137334689497948 ], [ 398725.940996948105749, 3782655.137334689497948 ], [ 398726.246185147494543, 3782655.442522889003158 ], [ 398726.246185147494543, 3782655.747711088508368 ], [ 398726.551373346883338, 3782656.052899288013577 ], [ 398726.856561546272133, 3782656.052899288013577 ], [ 398726.856561546272133, 3782658.494404883123934 ], [ 398727.161749745660927, 3782658.799593082629144 ], [ 398726.856561546272133, 3782659.104781281668693 ], [ 398726.856561546272133, 3782660.020345880184323 ], [ 398726.246185147494543, 3782660.630722278729081 ], [ 398725.940996948105749, 3782660.630722278729081 ], [ 398725.635808748716954, 3782660.935910478234291 ], [ 398722.889114954217803, 3782660.935910478234291 ] ] ] } },
{ "type": "Feature", "properties": { "confidence": 0.51872062683105469, "class": 1, "regularized": null }, "geometry": { "type": "Polygon", "coordinates": [ [ [ 398671.007121058006305, 3782964.292980671394616 ], [ 398670.701932858617511, 3782963.987792471889406 ], [ 398670.396744659228716, 3782963.987792471889406 ], [ 398670.396744659228716, 3782963.682604272849858 ], [ 398670.091556459839921, 3782963.377416073344648 ], [ 398670.091556459839921, 3782963.072227873839438 ], [ 398669.786368260451127, 3782962.767039674334228 ], [ 398669.786368260451127, 3782961.85147507628426 ], [ 398669.481180061062332, 3782961.54628687677905 ], [ 398669.481180061062332, 3782959.409969481173903 ], [ 398670.091556459839921, 3782958.799593082629144 ], [ 398670.091556459839921, 3782959.104781281668693 ], [ 398671.3123092573951, 3782960.325534079223871 ], [ 398671.3123092573951, 3782960.630722278729081 ], [ 398671.922685656172689, 3782961.241098677739501 ], [ 398672.533062054950278, 3782961.241098677739501 ], [ 398672.838250254339073, 3782960.935910478234291 ], [ 398673.143438453727867, 3782960.935910478234291 ], [ 398673.143438453727867, 3782963.987792471889406 ], [ 398671.617497456783894, 3782963.987792471889406 ], [ 398671.3123092573951, 3782964.292980671394616 ], [ 398671.007121058006305, 3782964.292980671394616 ] ] ] } },
{ "type": "Feature", "properties": { "confidence": 0.51354938745498657, "class": 1, "regularized": null }, "geometry": { "type": "Polygon", "coordinates": [ [ [ 398747.914547304157168, 3782793.387589013203979 ], [ 398747.609359104768373, 3782793.082400813698769 ], [ 398746.388606307213195, 3782793.082400813698769 ], [ 398746.0834181078244, 3782792.77721261465922 ], [ 398745.473041709046811, 3782792.77721261465922 ], [ 398745.167853509658016, 3782792.47202441515401 ], [ 398744.557477110880427, 3782792.47202441515401 ], [ 398744.252288911491632, 3782792.1668362156488 ], [ 398744.252288911491632, 3782787.894201424438506 ], [ 398744.557477110880427, 3782787.589013224933296 ], [ 398744.557477110880427, 3782786.673448626883328 ], [ 398744.862665310269222, 3782786.368260427378118 ], [ 398744.862665310269222, 3782786.063072227872908 ], [ 398745.473041709046811, 3782785.452695828862488 ], [ 398745.473041709046811, 3782785.14750762982294 ], [ 398745.778229908435605, 3782785.14750762982294 ], [ 398746.693794506601989, 3782784.23194303130731 ], [ 398746.998982705990784, 3782784.23194303130731 ], [ 398747.304170905379578, 3782783.926754832267761 ], [ 398748.830111902323551, 3782783.926754832267761 ], [ 398748.830111902323551, 3782784.53713123081252 ], [ 398749.745676500489935, 3782785.452695828862488 ], [ 398749.745676500489935, 3782786.673448626883328 ], [ 398750.05086469987873, 3782786.978636825922877 ], [ 398750.05086469987873, 3782791.556459817104042 ], [ 398749.745676500489935, 3782791.86164801614359 ], [ 398749.745676500489935, 3782793.082400813698769 ], [ 398749.440488301101141, 3782793.082400813698769 ], [ 398749.135300101712346, 3782793.387589013203979 ], [ 398747.914547304157168, 3782793.387589013203979 ] ] ] } },
{ "type": "Feature", "properties": { "confidence": 0.51345294713973999, "class": 1, "regularized": null }, "geometry": { "type": "Polygon", "coordinates": [ [ [ 398680.773143438447732, 3782545.87995930807665 ], [ 398680.467955239058938, 3782545.574771109037101 ], [ 398679.552390640892554, 3782545.574771109037101 ], [ 398679.247202441503759, 3782545.269582909531891 ], [ 398678.331637843337376, 3782545.269582909531891 ], [ 398678.026449643948581, 3782544.964394710026681 ], [ 398677.721261444559786, 3782544.964394710026681 ], [ 398677.721261444559786, 3782544.659206510521472 ], [ 398677.110885045782197, 3782544.048830111976713 ], [ 398677.110885045782197, 3782542.828077314421535 ], [ 398677.416073245170992, 3782542.522889114916325 ], [ 398677.416073245170992, 3782540.996948117855936 ], [ 398677.721261444559786, 3782540.691759918816388 ], [ 398677.721261444559786, 3782540.386571719311178 ], [ 398678.026449643948581, 3782540.386571719311178 ], [ 398678.331637843337376, 3782540.081383519805968 ], [ 398681.078331637836527, 3782540.081383519805968 ], [ 398681.383519837225322, 3782539.776195320300758 ], [ 398684.130213631724473, 3782539.776195320300758 ], [ 398684.435401831113268, 3782540.081383519805968 ], [ 398684.435401831113268, 3782540.386571719311178 ], [ 398684.740590030502062, 3782540.691759918816388 ], [ 398684.740590030502062, 3782541.302136317361146 ], [ 398683.519837232946884, 3782542.522889114916325 ], [ 398683.519837232946884, 3782542.828077314421535 ], [ 398683.214649033558089, 3782543.133265513926744 ], [ 398683.214649033558089, 3782543.438453712966293 ], [ 398682.909460834169295, 3782543.743641912471503 ], [ 398682.909460834169295, 3782544.354018311481923 ], [ 398682.6042726347805, 3782544.659206510521472 ], [ 398682.6042726347805, 3782545.574771109037101 ], [ 398682.299084435391705, 3782545.87995930807665 ], [ 398680.773143438447732, 3782545.87995930807665 ] ] ] } },
{ "type": "Feature", "properties": { "confidence": 0.50088036060333252, "class": 1, "regularized": null }, "geometry": { "type": "Polygon", "coordinates": [ [ [ 398894.40488301118603, 3782622.482197355013341 ], [ 398894.099694811797235, 3782622.177009155508131 ], [ 398892.573753814853262, 3782622.177009155508131 ], [ 398892.268565615464468, 3782621.871820956468582 ], [ 398891.963377416075673, 3782621.871820956468582 ], [ 398891.658189216686878, 3782621.566632756963372 ], [ 398891.658189216686878, 3782621.261444557458162 ], [ 398891.047812817909289, 3782620.651068158913404 ], [ 398891.047812817909289, 3782620.040691759902984 ], [ 398890.742624618520495, 3782619.735503560397774 ], [ 398890.742624618520495, 3782615.76805696869269 ], [ 398891.047812817909289, 3782615.46286876918748 ], [ 398891.047812817909289, 3782612.716174974571913 ], [ 398892.573753814853262, 3782612.716174974571913 ], [ 398893.184130213630851, 3782613.326551373116672 ], [ 398893.489318413019646, 3782613.326551373116672 ], [ 398893.489318413019646, 3782613.631739572621882 ], [ 398893.794506612408441, 3782613.936927772127092 ], [ 398894.099694811797235, 3782613.936927772127092 ], [ 398895.015259409963619, 3782614.85249237017706 ], [ 398895.320447609352414, 3782614.85249237017706 ], [ 398895.625635808741208, 3782615.15768056968227 ], [ 398895.930824008130003, 3782615.15768056968227 ], [ 398897.456765005073976, 3782616.683621566742659 ], [ 398897.456765005073976, 3782616.988809766247869 ], [ 398897.76195320446277, 3782617.293997965287417 ], [ 398897.76195320446277, 3782619.430315361358225 ], [ 398897.456765005073976, 3782619.735503560397774 ], [ 398897.456765005073976, 3782620.345879959408194 ], [ 398897.151576805685181, 3782620.345879959408194 ], [ 398896.846388606296387, 3782620.651068158913404 ], [ 398896.846388606296387, 3782620.956256357952952 ], [ 398895.625635808741208, 3782622.177009155508131 ], [ 398895.625635808741208, 3782622.482197355013341 ], [ 398894.40488301118603, 3782622.482197355013341 ] ] ] } },
{ "type": "Feature", "properties": { "confidence": 0.49399060010910034, "class": 1, "regularized": null }, "geometry": { "type": "Polygon", "coordinates": [ [ [ 398817.49745676497696, 3782764.394710071384907 ], [ 398817.192268565588165, 3782764.089521871879697 ], [ 398816.88708036619937, 3782764.089521871879697 ], [ 398816.276703967421781, 3782763.479145472869277 ], [ 398816.276703967421781, 3782761.95320447627455 ], [ 398816.581892166810576, 3782761.64801627676934 ], [ 398816.581892166810576, 3782761.03763987775892 ], [ 398826.042726347921416, 3782761.03763987775892 ], [ 398826.042726347921416, 3782761.34282807726413 ], [ 398826.347914547310211, 3782761.64801627676934 ], [ 398826.347914547310211, 3782763.173957273829728 ], [ 398825.737538148532622, 3782763.784333672374487 ], [ 398823.601220752811059, 3782763.784333672374487 ], [ 398823.296032553422265, 3782764.089521871879697 ], [ 398822.380467955255881, 3782764.089521871879697 ], [ 398822.075279755867086, 3782764.394710071384907 ], [ 398817.49745676497696, 3782764.394710071384907 ] ] ] } },
{ "type": "Feature", "properties": { "confidence": 0.4896790087223053, "class": 1, "regularized": null }, "geometry": { "type": "Polygon", "coordinates": [ [ [ 398543.743641912529711, 3782480.264496439602226 ], [ 398543.438453713140916, 3782479.959308240097016 ], [ 398543.133265513752121, 3782479.959308240097016 ], [ 398543.133265513752121, 3782479.654120040591806 ], [ 398542.828077314363327, 3782479.348931841086596 ], [ 398542.828077314363327, 3782475.991861647926271 ], [ 398542.522889114974532, 3782475.686673448421061 ], [ 398542.522889114974532, 3782473.855544252321124 ], [ 398543.438453713140916, 3782473.855544252321124 ], [ 398543.743641912529711, 3782473.550356052815914 ], [ 398546.795523906417657, 3782473.550356052815914 ], [ 398547.100712105806451, 3782473.245167853310704 ], [ 398547.71108850458404, 3782473.245167853310704 ], [ 398548.016276703972835, 3782473.550356052815914 ], [ 398548.016276703972835, 3782474.771108850371093 ], [ 398548.32146490336163, 3782475.076297049876302 ], [ 398548.32146490336163, 3782475.991861647926271 ], [ 398548.626653102750424, 3782476.297049847431481 ], [ 398548.626653102750424, 3782476.602238046936691 ], [ 398548.931841302139219, 3782476.907426245976239 ], [ 398548.931841302139219, 3782479.959308240097016 ], [ 398548.626653102750424, 3782480.264496439602226 ], [ 398543.743641912529711, 3782480.264496439602226 ] ] ] } },
{ "type": "Feature", "properties": { "confidence": 0.48533806204795837, "class": 1, "regularized": null }, "geometry": { "type": "Polygon", "coordinates": [ [ [ 398627.975584944069851, 3782728.992878941819072 ], [ 398627.670396744681057, 3782728.687690742779523 ], [ 398627.060020345903467, 3782728.687690742779523 ], [ 398626.754832146514673, 3782728.382502543274313 ], [ 398626.449643947125878, 3782728.382502543274313 ], [ 398626.144455747737084, 3782728.077314343769103 ], [ 398626.144455747737084, 3782727.772126144263893 ], [ 398625.534079348959494, 3782727.161749745719135 ], [ 398625.2288911495707, 3782727.161749745719135 ], [ 398624.923702950123698, 3782726.856561546213925 ], [ 398619.430315361125395, 3782726.856561546213925 ], [ 398619.1251271617366, 3782726.551373346708715 ], [ 398619.1251271617366, 3782725.940996948163956 ], [ 398618.819938962347806, 3782725.635808748658746 ], [ 398619.1251271617366, 3782725.330620549153537 ], [ 398619.1251271617366, 3782724.109867751598358 ], [ 398619.430315361125395, 3782723.80467955255881 ], [ 398620.040691759902984, 3782723.80467955255881 ], [ 398620.345879959291779, 3782723.4994913530536 ], [ 398620.651068158680573, 3782723.4994913530536 ], [ 398620.956256358069368, 3782723.19430315354839 ], [ 398621.871820956235752, 3782723.19430315354839 ], [ 398622.177009155624546, 3782722.88911495404318 ], [ 398622.482197355013341, 3782722.88911495404318 ], [ 398622.787385554402135, 3782722.583926755003631 ], [ 398623.09257375379093, 3782722.583926755003631 ], [ 398623.397761953179725, 3782722.278738555498421 ], [ 398623.702950152568519, 3782722.278738555498421 ], [ 398624.008138351957314, 3782721.973550355993211 ], [ 398624.313326551346108, 3782721.973550355993211 ], [ 398624.923702950123698, 3782721.363173957448453 ], [ 398624.923702950123698, 3782721.057985757943243 ], [ 398625.2288911495707, 3782720.752797558438033 ], [ 398625.2288911495707, 3782720.447609358932823 ], [ 398629.19633774162503, 3782720.447609358932823 ], [ 398629.501525941013824, 3782720.752797558438033 ], [ 398629.501525941013824, 3782721.668362156488001 ], [ 398629.19633774162503, 3782721.973550355993211 ], [ 398629.19633774162503, 3782722.88911495404318 ], [ 398628.891149542236235, 3782723.19430315354839 ], [ 398628.891149542236235, 3782728.687690742779523 ], [ 398628.280773143458646, 3782728.687690742779523 ], [ 398627.975584944069851, 3782728.992878941819072 ] ] ] } },
{ "type": "Feature", "properties": { "confidence": 0.48185887932777405, "class": 1, "regularized": null }, "geometry": { "type": "Polygon", "coordinates": [ [ [ 398788.80976602237206, 3782502.238046795595437 ], [ 398788.504577822983265, 3782501.932858596090227 ], [ 398788.19938962359447, 3782501.932858596090227 ], [ 398787.894201424205676, 3782501.627670396585017 ], [ 398787.589013224816881, 3782501.627670396585017 ], [ 398787.283825025428087, 3782501.322482197545469 ], [ 398786.673448626650497, 3782501.322482197545469 ], [ 398786.063072227872908, 3782500.712105798535049 ], [ 398786.063072227872908, 3782497.049847405869514 ], [ 398786.368260427261703, 3782496.744659206364304 ], [ 398786.368260427261703, 3782496.134282807819545 ], [ 398786.673448626650497, 3782495.829094608314335 ], [ 398786.673448626650497, 3782495.523906408809125 ], [ 398786.978636826039292, 3782495.218718209769577 ], [ 398786.978636826039292, 3782494.608341810759157 ], [ 398787.283825025428087, 3782494.303153611253947 ], [ 398787.283825025428087, 3782493.387589013203979 ], [ 398787.894201424205676, 3782492.77721261465922 ], [ 398789.420142421149649, 3782492.77721261465922 ], [ 398789.725330620538443, 3782492.47202441515401 ], [ 398789.725330620538443, 3782502.238046795595437 ], [ 398788.80976602237206, 3782502.238046795595437 ] ] ] } },
{ "type": "Feature", "properties": { "confidence": 0.47829762101173401, "class": 1, "regularized": null }, "geometry": { "type": "Polygon", "coordinates": [ [ [ 398537.945066124084406, 3782755.849440488498658 ], [ 398536.724313326529227, 3782754.62868769094348 ], [ 398535.808748728362843, 3782754.62868769094348 ], [ 398535.503560528974049, 3782754.933875889983028 ], [ 398535.198372329585254, 3782754.62868769094348 ], [ 398534.89318413019646, 3782754.62868769094348 ], [ 398534.587995930807665, 3782754.32349949143827 ], [ 398534.587995930807665, 3782751.271617497317493 ], [ 398534.89318413019646, 3782750.966429298277944 ], [ 398534.89318413019646, 3782750.661241098772734 ], [ 398536.113936927751638, 3782750.661241098772734 ], [ 398536.724313326529227, 3782750.050864699762315 ], [ 398539.776195320475381, 3782750.050864699762315 ], [ 398539.776195320475381, 3782750.356052899267524 ], [ 398540.081383519864175, 3782750.661241098772734 ], [ 398540.081383519864175, 3782750.966429298277944 ], [ 398540.38657171925297, 3782751.271617497317493 ], [ 398541.912512716196943, 3782751.271617497317493 ], [ 398542.217700915585738, 3782751.576805696822703 ], [ 398542.828077314363327, 3782751.576805696822703 ], [ 398543.133265513752121, 3782751.881993896327913 ], [ 398543.133265513752121, 3782752.187182095833123 ], [ 398543.438453713140916, 3782752.492370294872671 ], [ 398543.438453713140916, 3782752.797558494377881 ], [ 398543.133265513752121, 3782753.102746693883091 ], [ 398542.828077314363327, 3782753.102746693883091 ], [ 398542.522889114974532, 3782753.407934893388301 ], [ 398542.217700915585738, 3782753.407934893388301 ], [ 398541.607324516808148, 3782754.01831129193306 ], [ 398541.302136317419354, 3782754.01831129193306 ], [ 398540.996948118030559, 3782754.32349949143827 ], [ 398540.691759918641765, 3782754.32349949143827 ], [ 398540.38657171925297, 3782754.62868769094348 ], [ 398540.081383519864175, 3782754.62868769094348 ], [ 398539.776195320475381, 3782754.933875889983028 ], [ 398539.471007121086586, 3782754.933875889983028 ], [ 398538.860630722250789, 3782755.544252288993448 ], [ 398538.555442522861995, 3782755.544252288993448 ], [ 398538.2502543234732, 3782755.849440488498658 ], [ 398537.945066124084406, 3782755.849440488498658 ] ] ] } },
{ "type": "Feature", "properties": { "confidence": 0.47825050354003906, "class": 1, "regularized": null }, "geometry": { "type": "Polygon", "coordinates": [ [ [ 398766.531027466931846, 3782556.256358087528497 ], [ 398766.531027466931846, 3782555.645981688518077 ], [ 398766.225839267543051, 3782555.340793489478528 ], [ 398765.310274669376668, 3782555.340793489478528 ], [ 398765.310274669376668, 3782555.035605289973319 ], [ 398765.005086469987873, 3782554.730417090468109 ], [ 398765.005086469987873, 3782549.847405900247395 ], [ 398764.699898270599078, 3782549.542217700742185 ], [ 398765.005086469987873, 3782549.237029501702636 ], [ 398767.44659206509823, 3782549.237029501702636 ], [ 398767.751780264487024, 3782549.542217700742185 ], [ 398768.362156663264614, 3782549.542217700742185 ], [ 398768.667344862653408, 3782549.847405900247395 ], [ 398769.582909460819792, 3782549.847405900247395 ], [ 398769.888097660208587, 3782549.542217700742185 ], [ 398771.719226856541354, 3782549.542217700742185 ], [ 398771.719226856541354, 3782551.373346897307783 ], [ 398771.41403865715256, 3782551.678535096812993 ], [ 398771.41403865715256, 3782552.288911495357752 ], [ 398771.719226856541354, 3782552.594099694862962 ], [ 398771.41403865715256, 3782552.899287894368172 ], [ 398771.41403865715256, 3782554.12004069192335 ], [ 398770.80366225837497, 3782554.730417090468109 ], [ 398770.498474058986176, 3782554.730417090468109 ], [ 398770.193285859597381, 3782555.035605289973319 ], [ 398770.193285859597381, 3782555.340793489478528 ], [ 398769.582909460819792, 3782555.340793489478528 ], [ 398769.277721261430997, 3782555.645981688518077 ], [ 398767.141403865709435, 3782555.645981688518077 ], [ 398766.836215666320641, 3782555.951169888023287 ], [ 398766.836215666320641, 3782556.256358087528497 ], [ 398766.531027466931846, 3782556.256358087528497 ] ] ] } },
{ "type": "Feature", "properties": { "confidence": 0.47320276498794556, "class": 1, "regularized": null }, "geometry": { "type": "Polygon", "coordinates": [ [ [ 398896.541200406907592, 3782509.867751780431718 ], [ 398896.541200406907592, 3782509.562563580926508 ], [ 398896.236012207518797, 3782509.257375381421298 ], [ 398896.236012207518797, 3782508.646998982876539 ], [ 398895.930824008130003, 3782508.341810783371329 ], [ 398895.930824008130003, 3782507.426246185321361 ], [ 398895.625635808741208, 3782507.121057985816151 ], [ 398895.625635808741208, 3782502.848423194140196 ], [ 398896.236012207518797, 3782502.848423194140196 ], [ 398896.541200406907592, 3782502.543234995100647 ], [ 398896.846388606296387, 3782502.848423194140196 ], [ 398899.287894201406743, 3782502.848423194140196 ], [ 398899.593082400795538, 3782503.153611393645406 ], [ 398899.898270600184333, 3782503.153611393645406 ], [ 398900.508646998961922, 3782503.763987792655826 ], [ 398900.813835198350716, 3782503.763987792655826 ], [ 398900.813835198350716, 3782504.069175991695374 ], [ 398901.119023397739511, 3782504.374364191200584 ], [ 398901.119023397739511, 3782507.426246185321361 ], [ 398898.982706002017949, 3782509.562563580926508 ], [ 398898.677517802629154, 3782509.562563580926508 ], [ 398898.37232960324036, 3782509.867751780431718 ], [ 398896.541200406907592, 3782509.867751780431718 ] ] ] } },
{ "type": "Feature", "properties": { "confidence": 0.46926295757293701, "class": 1, "regularized": null }, "geometry": { "type": "Polygon", "coordinates": [ [ [ 398654.221770091564395, 3782750.050864699762315 ], [ 398654.526958290953189, 3782749.745676500722766 ], [ 398654.526958290953189, 3782748.219735503662378 ], [ 398654.832146490341984, 3782747.914547304157168 ], [ 398654.832146490341984, 3782743.947100711986423 ], [ 398655.137334689730778, 3782743.641912512946874 ], [ 398655.137334689730778, 3782743.031536113936454 ], [ 398655.442522889119573, 3782742.726347914431244 ], [ 398655.747711088508368, 3782742.726347914431244 ], [ 398655.747711088508368, 3782743.336724313441664 ], [ 398656.358087487285957, 3782743.947100711986423 ], [ 398657.273652085452341, 3782743.947100711986423 ], [ 398657.578840284841135, 3782744.252288911491632 ], [ 398658.189216683618724, 3782744.252288911491632 ], [ 398658.494404883007519, 3782744.557477110996842 ], [ 398658.494404883007519, 3782744.862665310502052 ], [ 398658.799593082396314, 3782745.167853509541601 ], [ 398658.799593082396314, 3782746.693794506601989 ], [ 398659.104781281785108, 3782746.998982706107199 ], [ 398659.104781281785108, 3782748.524923703167588 ], [ 398658.799593082396314, 3782748.830111902207136 ], [ 398658.799593082396314, 3782749.440488301217556 ], [ 398659.104781281785108, 3782749.745676500722766 ], [ 398659.104781281785108, 3782750.050864699762315 ], [ 398654.221770091564395, 3782750.050864699762315 ] ] ] } },
{ "type": "Feature", "properties": { "confidence": 0.46691566705703735, "class": 1, "regularized": null }, "geometry": { "type": "Polygon", "coordinates": [ [ [ 398555.6459816886927, 3782599.593082400970161 ], [ 398555.340793489303906, 3782599.287894201464951 ], [ 398555.035605289915111, 3782599.287894201464951 ], [ 398554.730417090526316, 3782598.982706001959741 ], [ 398554.425228891137522, 3782598.982706001959741 ], [ 398554.425228891137522, 3782598.067141403909773 ], [ 398554.120040691748727, 3782597.761953204404563 ], [ 398554.120040691748727, 3782594.404883011244237 ], [ 398554.425228891137522, 3782594.099694811739028 ], [ 398554.425228891137522, 3782593.794506612233818 ], [ 398554.730417090526316, 3782593.489318413194269 ], [ 398554.730417090526316, 3782593.184130213689059 ], [ 398555.951169888081495, 3782593.184130213689059 ], [ 398555.951169888081495, 3782599.593082400970161 ], [ 398555.6459816886927, 3782599.593082400970161 ] ] ] } },
{ "type": "Feature", "properties": { "confidence": 0.46359863877296448, "class": 1, "regularized": null }, "geometry": { "type": "Polygon", "coordinates": [ [ [ 398443.031536113936454, 3782958.799593082629144 ], [ 398442.726347914547659, 3782958.494404883123934 ], [ 398441.200406917603686, 3782958.494404883123934 ], [ 398441.200406917603686, 3782957.578840285073966 ], [ 398441.505595116992481, 3782957.578840285073966 ], [ 398441.810783316381276, 3782957.273652085568756 ], [ 398441.810783316381276, 3782956.052899288013577 ], [ 398441.505595116992481, 3782955.747711088508368 ], [ 398441.505595116992481, 3782954.526958290953189 ], [ 398441.200406917603686, 3782954.221770091447979 ], [ 398440.895218718214892, 3782954.221770091447979 ], [ 398440.895218718214892, 3782953.916581891942769 ], [ 398440.590030518826097, 3782953.611393692903221 ], [ 398440.590030518826097, 3782951.475076296832412 ], [ 398440.284842319437303, 3782951.169888097792864 ], [ 398440.590030518826097, 3782950.864699898287654 ], [ 398440.590030518826097, 3782950.254323499277234 ], [ 398441.505595116992481, 3782950.254323499277234 ], [ 398441.810783316381276, 3782949.949135300237685 ], [ 398446.0834181078244, 3782949.949135300237685 ], [ 398446.388606307213195, 3782950.254323499277234 ], [ 398448.524923702934757, 3782950.254323499277234 ], [ 398448.830111902323551, 3782949.949135300237685 ], [ 398451.576805696822703, 3782949.949135300237685 ], [ 398451.881993896211497, 3782950.254323499277234 ], [ 398452.492370294989087, 3782950.254323499277234 ], [ 398452.492370294989087, 3782952.390640895348042 ], [ 398452.797558494377881, 3782952.695829094387591 ], [ 398452.797558494377881, 3782953.001017293892801 ], [ 398453.102746693766676, 3782953.306205493398011 ], [ 398453.102746693766676, 3782953.916581891942769 ], [ 398453.40793489315547, 3782954.221770091447979 ], [ 398453.40793489315547, 3782954.832146490458399 ], [ 398453.102746693766676, 3782955.137334689497948 ], [ 398453.102746693766676, 3782955.747711088508368 ], [ 398452.797558494377881, 3782956.052899288013577 ], [ 398452.492370294989087, 3782956.052899288013577 ], [ 398452.187182095600292, 3782956.358087487053126 ], [ 398451.881993896211497, 3782956.358087487053126 ], [ 398451.576805696822703, 3782956.663275686558336 ], [ 398450.356052899267524, 3782956.663275686558336 ], [ 398450.05086469987873, 3782956.968463886063546 ], [ 398449.135300101712346, 3782956.968463886063546 ], [ 398448.830111902323551, 3782957.273652085568756 ], [ 398448.219735503545962, 3782957.273652085568756 ], [ 398447.609359104768373, 3782957.884028484113514 ], [ 398447.609359104768373, 3782958.189216683618724 ], [ 398447.304170905379578, 3782958.189216683618724 ], [ 398446.693794506601989, 3782958.799593082629144 ], [ 398443.031536113936454, 3782958.799593082629144 ] ] ] } },
{ "type": "Feature", "properties": { "confidence": 0.46260955929756165, "class": 1, "regularized": "rectangle" }, "geometry": { "type": "Polygon", "coordinates": [ [ [ 398608.125, 3782457.5 ], [ 398622.1875, 3782457.5 ], [ 398622.1875, 3782467.5 ], [ 398608.125, 3782467.5 ], [ 398608.125, 3782457.5 ] ] ] } },
{ "type": "Feature", "properties": { "confidence": 0.45798382163047791, "class": 1, "regularized": null }, "geometry": { "type": "Polygon", "coordinates": [ [ [ 398435.401831129216589, 3782504.984740590211004 ], [ 398435.096642929827794, 3782504.679552390705794 ], [ 398434.486266531050205, 3782504.679552390705794 ], [ 398433.875890132272616, 3782504.069175991695374 ], [ 398433.875890132272616, 3782503.763987792655826 ], [ 398433.570701932883821, 3782503.458799593150616 ], [ 398433.570701932883821, 3782503.153611393645406 ], [ 398433.265513733495027, 3782502.848423194140196 ], [ 398433.265513733495027, 3782500.10172939999029 ], [ 398433.570701932883821, 3782499.79654120048508 ], [ 398433.570701932883821, 3782499.491353000979871 ], [ 398434.791454730439, 3782498.270600203424692 ], [ 398435.096642929827794, 3782498.270600203424692 ], [ 398435.707019328605384, 3782497.660223804879934 ], [ 398436.012207527994178, 3782497.660223804879934 ], [ 398436.317395727382973, 3782497.355035605374724 ], [ 398436.622583926771767, 3782497.355035605374724 ], [ 398436.927772126160562, 3782497.049847405869514 ], [ 398437.843336724326946, 3782497.049847405869514 ], [ 398438.14852492371574, 3782496.744659206364304 ], [ 398438.75890132249333, 3782496.744659206364304 ], [ 398439.064089521882124, 3782496.439471007324755 ], [ 398442.421159715158865, 3782496.439471007324755 ], [ 398443.336724313325249, 3782497.355035605374724 ], [ 398443.641912512714043, 3782497.355035605374724 ], [ 398443.947100712102838, 3782497.660223804879934 ], [ 398443.947100712102838, 3782499.186164801474661 ], [ 398444.252288911491632, 3782499.491353000979871 ], [ 398444.252288911491632, 3782501.017293998040259 ], [ 398443.947100712102838, 3782501.322482197545469 ], [ 398443.947100712102838, 3782501.627670396585017 ], [ 398443.336724313325249, 3782502.238046795595437 ], [ 398443.336724313325249, 3782502.543234995100647 ], [ 398443.031536113936454, 3782502.848423194140196 ], [ 398443.031536113936454, 3782503.153611393645406 ], [ 398442.421159715158865, 3782503.763987792655826 ], [ 398442.421159715158865, 3782504.374364191200584 ], [ 398442.11597151577007, 3782504.374364191200584 ], [ 398441.810783316381276, 3782504.679552390705794 ], [ 398439.674465920659713, 3782504.679552390705794 ], [ 398439.369277721270919, 3782504.984740590211004 ], [ 398435.401831129216589, 3782504.984740590211004 ] ] ] } },
{ "type": "Feature", "properties": { "confidence": 0.44088056683540344, "class": 1, "regularized": null }, "geometry": { "type": "Polygon", "coordinates": [ [ [ 398557.171922685636673, 3782472.939979654271156 ], [ 398556.866734486247879, 3782472.634791454765946 ], [ 398556.561546286859084, 3782472.634791454765946 ], [ 398556.561546286859084, 3782472.329603255260736 ], [ 398555.340793489303906, 3782471.108850457705557 ], [ 398553.204476093582343, 3782471.108850457705557 ], [ 398552.594099694804754, 3782470.498474059160799 ], [ 398552.594099694804754, 3782469.888097660150379 ], [ 398552.899287894193549, 3782469.582909460645169 ], [ 398552.899287894193549, 3782468.97253306210041 ], [ 398553.814852492359933, 3782468.97253306210041 ], [ 398554.120040691748727, 3782468.667344862595201 ], [ 398555.6459816886927, 3782468.667344862595201 ], [ 398555.951169888081495, 3782468.97253306210041 ], [ 398558.392675483191852, 3782468.97253306210041 ], [ 398558.697863682580646, 3782468.667344862595201 ], [ 398567.853509664302692, 3782468.667344862595201 ], [ 398568.158697863691486, 3782468.362156663089991 ], [ 398569.07426246185787, 3782468.362156663089991 ], [ 398569.379450661246665, 3782468.667344862595201 ], [ 398569.379450661246665, 3782471.719226856715977 ], [ 398569.07426246185787, 3782472.024415055755526 ], [ 398566.327568667358719, 3782472.024415055755526 ], [ 398566.022380467969924, 3782472.329603255260736 ], [ 398564.801627670414746, 3782472.329603255260736 ], [ 398564.496439471025951, 3782472.634791454765946 ], [ 398562.665310274693184, 3782472.634791454765946 ], [ 398562.360122075304389, 3782472.939979654271156 ], [ 398557.171922685636673, 3782472.939979654271156 ] ] ] } },
{ "type": "Feature", "properties": { "confidence": 0.43060043454170227, "class": 1, "regularized": null }, "geometry": { "type": "Polygon", "coordinates": [ [ [ 398523.296032553422265, 3782617.293997965287417 ], [ 398522.99084435403347, 3782616.988809766247869 ], [ 398522.99084435403347, 3782616.683621566742659 ], [ 398523.296032553422265, 3782616.378433367237449 ], [ 398523.296032553422265, 3782615.15768056968227 ], [ 398524.211597151588649, 3782614.242115971632302 ], [ 398526.347914547310211, 3782614.242115971632302 ], [ 398526.653102746699005, 3782614.547304171137512 ], [ 398527.263479145476595, 3782614.547304171137512 ], [ 398527.568667344865389, 3782614.85249237017706 ], [ 398527.873855544254184, 3782614.85249237017706 ], [ 398528.179043743642978, 3782615.15768056968227 ], [ 398528.179043743642978, 3782615.46286876918748 ], [ 398528.484231943031773, 3782615.76805696869269 ], [ 398528.484231943031773, 3782616.073245167732239 ], [ 398528.179043743642978, 3782616.378433367237449 ], [ 398527.873855544254184, 3782616.378433367237449 ], [ 398527.568667344865389, 3782616.683621566742659 ], [ 398526.653102746699005, 3782616.683621566742659 ], [ 398526.347914547310211, 3782616.988809766247869 ], [ 398525.432349949143827, 3782616.988809766247869 ], [ 398525.127161749755032, 3782617.293997965287417 ], [ 398523.296032553422265, 3782617.293997965287417 ] ] ] } },
{ "type": "Feature", "properties": { "confidence": 0.42835894227027893, "class": 1, "regularized": "rectangle" }, "geometry": { "type": "Polygon", "coordinates": [ [ [ 398457.0625, 3782567.0 ], [ 398470.8125, 3782567.0 ], [ 398470.8125, 3782577.0 ], [ 398457.0625, 3782577.0 ], [ 398457.0625, 3782567.0 ] ] ] } },
{ "type": "Feature", "properties": { "confidence": 0.42611950635910034, "class": 1, "regularized": null }, "geometry": { "type": "Polygon", "coordinates": [ [ [ 398728.992878941993695, 3782515.36113936919719 ], [ 398728.6876907426049, 3782515.05595116969198 ], [ 398727.466937945049722, 3782515.05595116969198 ], [ 398727.161749745660927, 3782514.750762970652431 ], [ 398726.856561546272133, 3782514.750762970652431 ], [ 398726.246185147494543, 3782514.140386571642011 ], [ 398726.246185147494543, 3782512.004069176036865 ], [ 398726.551373346883338, 3782511.698880976531655 ], [ 398726.551373346883338, 3782507.731434384360909 ], [ 398726.856561546272133, 3782507.426246185321361 ], [ 398727.161749745660927, 3782507.426246185321361 ], [ 398727.466937945049722, 3782507.121057985816151 ], [ 398728.6876907426049, 3782507.121057985816151 ], [ 398728.992878941993695, 3782507.426246185321361 ], [ 398729.603255340771284, 3782507.426246185321361 ], [ 398729.908443540160079, 3782507.731434384360909 ], [ 398730.824008138326462, 3782507.731434384360909 ], [ 398730.824008138326462, 3782508.036622583866119 ], [ 398731.129196337715257, 3782508.341810783371329 ], [ 398731.739572736492846, 3782508.341810783371329 ], [ 398732.960325534106232, 3782509.562563580926508 ], [ 398732.960325534106232, 3782512.614445574581623 ], [ 398732.655137334717438, 3782512.919633774086833 ], [ 398732.655137334717438, 3782513.835198372136801 ], [ 398732.349949135328643, 3782514.140386571642011 ], [ 398732.349949135328643, 3782514.445574771147221 ], [ 398731.434384537104052, 3782515.36113936919719 ], [ 398728.992878941993695, 3782515.36113936919719 ] ] ] } },
{ "type": "Feature", "properties": { "confidence": 0.42390528321266174, "class": 1, "regularized": null }, "geometry": { "type": "Polygon", "coordinates": [ [ [ 398756.15462868771283, 3782723.4994913530536 ], [ 398755.849440488324035, 3782723.19430315354839 ], [ 398755.239064089546446, 3782723.19430315354839 ], [ 398753.40793489315547, 3782721.363173957448453 ], [ 398753.40793489315547, 3782720.752797558438033 ], [ 398753.102746693766676, 3782720.447609358932823 ], [ 398753.102746693766676, 3782718.921668362338096 ], [ 398753.40793489315547, 3782718.616480162832886 ], [ 398753.40793489315547, 3782715.564598168712109 ], [ 398753.713123092602473, 3782715.259409969672561 ], [ 398753.713123092602473, 3782714.343845371156931 ], [ 398754.018311291991267, 3782714.038657172117382 ], [ 398754.018311291991267, 3782712.817904374562204 ], [ 398754.628687690768857, 3782712.207527975551784 ], [ 398758.596134282823186, 3782712.207527975551784 ], [ 398758.901322482211981, 3782712.512716175056994 ], [ 398758.901322482211981, 3782722.278738555498421 ], [ 398758.596134282823186, 3782722.583926755003631 ], [ 398758.596134282823186, 3782722.88911495404318 ], [ 398758.290946083434392, 3782723.19430315354839 ], [ 398757.680569684656803, 3782723.19430315354839 ], [ 398757.375381485268008, 3782723.4994913530536 ], [ 398756.15462868771283, 3782723.4994913530536 ] ] ] } },
{ "type": "Feature", "properties": { "confidence": 0.4233662486076355, "class": 1, "regularized": null }, "geometry": { "type": "Polygon", "coordinates": [ [ [ 398709.155645981663838, 3782417.700915564782917 ], [ 398708.545269582886249, 3782417.090539165772498 ], [ 398708.545269582886249, 3782414.649033570662141 ], [ 398708.850457782275043, 3782414.343845371156931 ], [ 398708.850457782275043, 3782412.817904374562204 ], [ 398709.155645981663838, 3782412.512716175056994 ], [ 398709.155645981663838, 3782411.291963377501816 ], [ 398709.460834181052633, 3782410.986775177996606 ], [ 398709.460834181052633, 3782410.681586978491396 ], [ 398710.681586978607811, 3782409.460834180936217 ], [ 398712.207527975609992, 3782409.460834180936217 ], [ 398712.512716174998786, 3782409.155645981896669 ], [ 398713.42828077316517, 3782409.155645981896669 ], [ 398713.733468972553965, 3782409.460834180936217 ], [ 398713.733468972553965, 3782411.902339776046574 ], [ 398714.038657171942759, 3782412.207527975551784 ], [ 398714.038657171942759, 3782412.817904374562204 ], [ 398713.733468972553965, 3782413.123092573601753 ], [ 398713.733468972553965, 3782414.649033570662141 ], [ 398713.42828077316517, 3782414.954221770167351 ], [ 398713.42828077316517, 3782415.259409969672561 ], [ 398712.817904374387581, 3782415.869786368217319 ], [ 398712.817904374387581, 3782416.174974567722529 ], [ 398711.902339776221197, 3782417.090539165772498 ], [ 398711.597151576832402, 3782417.090539165772498 ], [ 398710.986775178054813, 3782417.700915564782917 ], [ 398709.155645981663838, 3782417.700915564782917 ] ] ] } },
{ "type": "Feature", "properties": { "confidence": 0.41618004441261292, "class": 1, "regularized": null }, "geometry": { "type": "Polygon", "coordinates": [ [ [ 398582.807731434411835, 3782789.420142421033233 ], [ 398582.50254323502304, 3782789.114954221993685 ], [ 398582.197355035634246, 3782789.114954221993685 ], [ 398582.197355035634246, 3782788.504577822983265 ], [ 398581.892166836187243, 3782788.199389623478055 ], [ 398581.892166836187243, 3782775.381485249381512 ], [ 398584.944048830133397, 3782775.381485249381512 ], [ 398585.249237029522192, 3782775.686673448421061 ], [ 398585.554425228910986, 3782775.686673448421061 ], [ 398586.164801627688576, 3782776.297049847431481 ], [ 398586.164801627688576, 3782776.602238046936691 ], [ 398586.46998982707737, 3782776.907426245976239 ], [ 398586.46998982707737, 3782778.738555442541838 ], [ 398586.775178026466165, 3782779.043743642047048 ], [ 398586.775178026466165, 3782788.199389623478055 ], [ 398586.46998982707737, 3782788.504577822983265 ], [ 398586.46998982707737, 3782789.114954221993685 ], [ 398585.554425228910986, 3782789.114954221993685 ], [ 398585.249237029522192, 3782789.420142421033233 ], [ 398582.807731434411835, 3782789.420142421033233 ] ] ] } },
{ "type": "Feature", "properties": { "confidence": 0.41438096761703491, "class": 1, "regularized": null }, "geometry": { "type": "Polygon", "coordinates": [ [ [ 398518.107833163812757, 3782827.263479145243764 ], [ 398517.802644964365754, 3782826.958290946204215 ], [ 398517.192268565588165, 3782826.958290946204215 ], [ 398517.192268565588165, 3782824.211597151588649 ], [ 398517.49745676497696, 3782824.211597151588649 ], [ 398517.802644964365754, 3782823.906408952083439 ], [ 398517.802644964365754, 3782822.99084435403347 ], [ 398518.107833163812757, 3782822.68565615452826 ], [ 398518.107833163812757, 3782822.075279755983502 ], [ 398518.718209562590346, 3782821.464903356973082 ], [ 398519.328585961367935, 3782821.464903356973082 ], [ 398519.63377416075673, 3782821.159715157467872 ], [ 398519.938962360145524, 3782821.464903356973082 ], [ 398520.244150559534319, 3782821.464903356973082 ], [ 398520.549338758923113, 3782821.770091556478292 ], [ 398520.854526958311908, 3782821.770091556478292 ], [ 398521.770091556478292, 3782822.68565615452826 ], [ 398522.075279755867086, 3782822.68565615452826 ], [ 398522.380467955255881, 3782822.99084435403347 ], [ 398522.380467955255881, 3782824.821973550133407 ], [ 398521.770091556478292, 3782825.432349949143827 ], [ 398521.464903357089497, 3782825.432349949143827 ], [ 398521.159715157700703, 3782825.737538148649037 ], [ 398520.549338758923113, 3782825.737538148649037 ], [ 398520.244150559534319, 3782826.042726347688586 ], [ 398519.938962360145524, 3782826.042726347688586 ], [ 398519.328585961367935, 3782826.653102746699005 ], [ 398519.02339776197914, 3782826.653102746699005 ], [ 398518.718209562590346, 3782826.958290946204215 ], [ 398518.413021363201551, 3782826.958290946204215 ], [ 398518.107833163812757, 3782827.263479145243764 ] ] ] } },
{ "type": "Feature", "properties": { "confidence": 0.41224122047424316, "class": 1, "regularized": null }, "geometry": { "type": "Polygon", "coordinates": [ [ [ 398477.212614445597865, 3782696.337741607334465 ], [ 398477.212614445597865, 3782695.116988809779286 ], [ 398476.90742624620907, 3782694.811800610274076 ], [ 398476.90742624620907, 3782693.896236012224108 ], [ 398476.602238046820275, 3782693.591047812718898 ], [ 398476.602238046820275, 3782693.285859613213688 ], [ 398476.297049847431481, 3782692.980671414174139 ], [ 398476.297049847431481, 3782692.06510681565851 ], [ 398475.991861648042686, 3782691.759918616618961 ], [ 398476.297049847431481, 3782691.454730417113751 ], [ 398476.297049847431481, 3782689.928789420053363 ], [ 398477.212614445597865, 3782689.013224822003394 ], [ 398477.212614445597865, 3782688.708036622498184 ], [ 398477.517802644986659, 3782688.402848422992975 ], [ 398477.517802644986659, 3782687.182095625437796 ], [ 398478.433367243153043, 3782687.182095625437796 ], [ 398478.738555442541838, 3782686.876907426398247 ], [ 398479.654120040708221, 3782686.876907426398247 ], [ 398479.959308240097016, 3782687.182095625437796 ], [ 398479.959308240097016, 3782688.402848422992975 ], [ 398480.569684638874605, 3782689.013224822003394 ], [ 398480.569684638874605, 3782689.623601220548153 ], [ 398480.8748728382634, 3782689.928789420053363 ], [ 398480.8748728382634, 3782690.844354018103331 ], [ 398481.180061037652194, 3782691.149542217608541 ], [ 398481.180061037652194, 3782692.67548321466893 ], [ 398480.8748728382634, 3782692.980671414174139 ], [ 398480.8748728382634, 3782694.811800610274076 ], [ 398480.264496439485811, 3782695.422177009284496 ], [ 398479.959308240097016, 3782695.422177009284496 ], [ 398479.348931841319427, 3782696.032553407829255 ], [ 398479.043743641930632, 3782696.032553407829255 ], [ 398478.738555442541838, 3782696.337741607334465 ], [ 398477.212614445597865, 3782696.337741607334465 ] ] ] } },
{ "type": "Feature", "properties": { "confidence": 0.40959733724594116, "class": 1, "regularized": null }, "geometry": { "type": "Polygon", "coordinates": [ [ [ 398742.11597151577007, 3782648.423194303177297 ], [ 398742.11597151577007, 3782648.118006103672087 ], [ 398741.810783316381276, 3782647.812817904166877 ], [ 398741.505595116992481, 3782647.812817904166877 ], [ 398740.590030518826097, 3782646.897253306116909 ], [ 398740.590030518826097, 3782645.67650050856173 ], [ 398740.895218718214892, 3782645.37131230905652 ], [ 398740.895218718214892, 3782644.760935910511762 ], [ 398741.200406917603686, 3782644.455747711006552 ], [ 398741.200406917603686, 3782644.150559511501342 ], [ 398741.505595116992481, 3782643.845371312461793 ], [ 398741.505595116992481, 3782643.540183112956583 ], [ 398741.810783316381276, 3782643.540183112956583 ], [ 398742.421159715158865, 3782642.929806713946164 ], [ 398742.421159715158865, 3782642.624618514906615 ], [ 398743.031536113936454, 3782642.014242115896195 ], [ 398744.252288911491632, 3782642.014242115896195 ], [ 398744.557477110880427, 3782641.709053916390985 ], [ 398746.998982705990784, 3782641.709053916390985 ], [ 398747.304170905379578, 3782642.014242115896195 ], [ 398747.304170905379578, 3782642.319430315401405 ], [ 398747.609359104768373, 3782642.624618514906615 ], [ 398747.609359104768373, 3782643.234994913451374 ], [ 398747.914547304157168, 3782643.540183112956583 ], [ 398747.914547304157168, 3782645.066124110016972 ], [ 398747.609359104768373, 3782645.37131230905652 ], [ 398747.609359104768373, 3782645.98168870806694 ], [ 398747.304170905379578, 3782646.28687690757215 ], [ 398747.304170905379578, 3782647.202441505622119 ], [ 398746.998982705990784, 3782647.507629705127329 ], [ 398746.998982705990784, 3782647.812817904166877 ], [ 398746.693794506601989, 3782648.118006103672087 ], [ 398746.693794506601989, 3782648.423194303177297 ], [ 398742.11597151577007, 3782648.423194303177297 ] ] ] } },
{ "type": "Feature", "properties": { "confidence": 0.4068235456943512, "class": 1, "regularized": null }, "geometry": { "type": "Polygon", "coordinates": [ [ [ 398616.378433367237449, 3782499.491353000979871 ], [ 398615.768056968459859, 3782498.880976602435112 ], [ 398615.768056968459859, 3782498.270600203424692 ], [ 398615.462868769071065, 3782497.965412003919482 ], [ 398615.15768056968227, 3782497.965412003919482 ], [ 398615.768056968459859, 3782497.355035605374724 ], [ 398615.768056968459859, 3782496.744659206364304 ], [ 398615.462868769071065, 3782496.439471007324755 ], [ 398614.852492370293476, 3782496.439471007324755 ], [ 398614.547304170904681, 3782496.134282807819545 ], [ 398613.631739572738297, 3782496.134282807819545 ], [ 398613.326551373349503, 3782495.829094608314335 ], [ 398613.326551373349503, 3782495.523906408809125 ], [ 398613.021363173960708, 3782495.218718209769577 ], [ 398612.716174974571913, 3782495.218718209769577 ], [ 398612.716174974571913, 3782494.913530010264367 ], [ 398612.410986775183119, 3782494.608341810759157 ], [ 398612.410986775183119, 3782493.997965412214398 ], [ 398612.716174974571913, 3782493.692777212709188 ], [ 398612.716174974571913, 3782493.387589013203979 ], [ 398613.021363173960708, 3782493.082400813698769 ], [ 398613.021363173960708, 3782492.47202441515401 ], [ 398625.839267548348289, 3782492.47202441515401 ], [ 398625.839267548348289, 3782492.77721261465922 ], [ 398626.144455747737084, 3782493.082400813698769 ], [ 398627.060020345903467, 3782493.082400813698769 ], [ 398627.975584944069851, 3782493.997965412214398 ], [ 398627.975584944069851, 3782495.523906408809125 ], [ 398627.670396744681057, 3782495.829094608314335 ], [ 398627.670396744681057, 3782496.439471007324755 ], [ 398627.365208545292262, 3782496.744659206364304 ], [ 398627.365208545292262, 3782497.660223804879934 ], [ 398627.060020345903467, 3782497.965412003919482 ], [ 398627.060020345903467, 3782498.270600203424692 ], [ 398626.754832146514673, 3782498.270600203424692 ], [ 398626.449643947125878, 3782498.575788402929902 ], [ 398625.534079348959494, 3782498.575788402929902 ], [ 398625.2288911495707, 3782498.880976602435112 ], [ 398623.702950152568519, 3782498.880976602435112 ], [ 398623.397761953179725, 3782499.186164801474661 ], [ 398621.261444557458162, 3782499.186164801474661 ], [ 398620.956256358069368, 3782499.491353000979871 ], [ 398616.378433367237449, 3782499.491353000979871 ] ] ] } },
{ "type": "Feature", "properties": { "confidence": 0.38260659575462341, "class": 1, "regularized": null }, "geometry": { "type": "Polygon", "coordinates": [ [ [ 398719.532044760941062, 3782502.238046795595437 ], [ 398719.226856561552268, 3782501.932858596090227 ], [ 398718.311291963385884, 3782501.932858596090227 ], [ 398717.3957273652195, 3782501.017293998040259 ], [ 398717.3957273652195, 3782500.712105798535049 ], [ 398717.090539165830705, 3782500.406917599029839 ], [ 398717.090539165830705, 3782499.79654120048508 ], [ 398716.480162767053116, 3782499.186164801474661 ], [ 398716.480162767053116, 3782498.880976602435112 ], [ 398716.174974567664322, 3782498.575788402929902 ], [ 398716.174974567664322, 3782494.303153611253947 ], [ 398716.480162767053116, 3782493.997965412214398 ], [ 398716.480162767053116, 3782493.692777212709188 ], [ 398717.3957273652195, 3782493.692777212709188 ], [ 398717.700915564608295, 3782493.387589013203979 ], [ 398721.36317395727383, 3782493.387589013203979 ], [ 398721.668362156662624, 3782493.692777212709188 ], [ 398723.194303153606597, 3782493.692777212709188 ], [ 398723.499491352995392, 3782493.997965412214398 ], [ 398723.499491352995392, 3782494.608341810759157 ], [ 398723.804679552384187, 3782494.913530010264367 ], [ 398723.804679552384187, 3782497.049847405869514 ], [ 398723.499491352995392, 3782497.355035605374724 ], [ 398723.499491352995392, 3782497.965412003919482 ], [ 398723.194303153606597, 3782498.270600203424692 ], [ 398723.194303153606597, 3782498.575788402929902 ], [ 398722.889114954217803, 3782498.880976602435112 ], [ 398722.889114954217803, 3782499.79654120048508 ], [ 398722.583926754829008, 3782500.10172939999029 ], [ 398722.583926754829008, 3782501.017293998040259 ], [ 398722.278738555440214, 3782501.322482197545469 ], [ 398722.278738555440214, 3782501.627670396585017 ], [ 398721.973550356051419, 3782501.932858596090227 ], [ 398721.057985757885035, 3782501.932858596090227 ], [ 398720.752797558496241, 3782502.238046795595437 ], [ 398719.532044760941062, 3782502.238046795595437 ] ] ] } },
{ "type": "Feature", "properties": { "confidence": 0.37559625506401062, "class": 1, "regularized": null }, "geometry": { "type": "Polygon", "coordinates": [ [ [ 398520.244150559534319, 3782593.184130213689059 ], [ 398520.244150559534319, 3782592.878942014183849 ], [ 398520.549338758923113, 3782592.573753814678639 ], [ 398520.549338758923113, 3782590.437436419073492 ], [ 398520.854526958311908, 3782590.132248219568282 ], [ 398524.516785350977443, 3782590.132248219568282 ], [ 398524.821973550366238, 3782589.827060020528734 ], [ 398525.432349949143827, 3782589.827060020528734 ], [ 398525.737538148532622, 3782590.132248219568282 ], [ 398526.042726347921416, 3782590.132248219568282 ], [ 398526.9582909460878, 3782591.047812818083912 ], [ 398526.9582909460878, 3782592.878942014183849 ], [ 398526.347914547310211, 3782592.878942014183849 ], [ 398526.042726347921416, 3782593.184130213689059 ], [ 398520.244150559534319, 3782593.184130213689059 ] ] ] } },
{ "type": "Feature", "properties": { "confidence": 0.3732340931892395, "class": 1, "regularized": null }, "geometry": { "type": "Polygon", "coordinates": [ [ [ 398610.885045778239146, 3782524.821973550133407 ], [ 398610.579857578850351, 3782524.516785351093858 ], [ 398610.579857578850351, 3782521.159715157467872 ], [ 398610.885045778239146, 3782520.854526958428323 ], [ 398611.19023397762794, 3782520.854526958428323 ], [ 398611.495422177016735, 3782520.549338758923113 ], [ 398612.716174974571913, 3782520.549338758923113 ], [ 398613.021363173960708, 3782520.244150559417903 ], [ 398616.683621566626243, 3782520.244150559417903 ], [ 398616.988809766015038, 3782519.938962359912694 ], [ 398620.956256358069368, 3782519.938962359912694 ], [ 398621.261444557458162, 3782519.633774160873145 ], [ 398623.09257375379093, 3782519.633774160873145 ], [ 398623.397761953179725, 3782519.328585961367935 ], [ 398630.722278738569003, 3782519.328585961367935 ], [ 398630.722278738569003, 3782522.38046795502305 ], [ 398629.806714140402619, 3782523.29603255353868 ], [ 398627.365208545292262, 3782523.29603255353868 ], [ 398627.060020345903467, 3782523.601220752578229 ], [ 398624.313326551346108, 3782523.601220752578229 ], [ 398624.008138351957314, 3782523.906408952083439 ], [ 398622.177009155624546, 3782523.906408952083439 ], [ 398621.871820956235752, 3782524.211597151588649 ], [ 398619.735503560514189, 3782524.211597151588649 ], [ 398619.430315361125395, 3782524.516785351093858 ], [ 398615.462868769071065, 3782524.516785351093858 ], [ 398615.15768056968227, 3782524.821973550133407 ], [ 398610.885045778239146, 3782524.821973550133407 ] ] ] } },
{ "type": "Feature", "properties": { "confidence": 0.36707386374473572, "class": 1, "regularized": null }, "geometry": { "type": "Polygon", "coordinates": [ [ [ 398898.982706002017949, 3782790.946083418093622 ], [ 398898.677517802629154, 3782790.640895218588412 ], [ 398898.37232960324036, 3782790.640895218588412 ], [ 398898.067141403851565, 3782790.335707019548863 ], [ 398898.067141403851565, 3782790.030518820043653 ], [ 398897.76195320446277, 3782789.725330620538443 ], [ 398897.76195320446277, 3782788.504577822983265 ], [ 398898.067141403851565, 3782788.199389623478055 ], [ 398898.067141403851565, 3782787.283825025428087 ], [ 398898.37232960324036, 3782786.978636825922877 ], [ 398898.37232960324036, 3782786.673448626883328 ], [ 398899.287894201406743, 3782785.757884028367698 ], [ 398899.287894201406743, 3782785.14750762982294 ], [ 398899.593082400795538, 3782785.14750762982294 ], [ 398900.203458799573127, 3782784.53713123081252 ], [ 398902.644964394683484, 3782784.53713123081252 ], [ 398902.950152594072279, 3782784.84231943031773 ], [ 398902.950152594072279, 3782785.452695828862488 ], [ 398903.255340793461073, 3782785.757884028367698 ], [ 398903.255340793461073, 3782786.978636825922877 ], [ 398902.950152594072279, 3782787.283825025428087 ], [ 398902.950152594072279, 3782788.199389623478055 ], [ 398902.644964394683484, 3782788.504577822983265 ], [ 398902.339776195294689, 3782788.504577822983265 ], [ 398901.7293997965171, 3782789.114954221993685 ], [ 398901.7293997965171, 3782789.420142421033233 ], [ 398901.119023397739511, 3782790.030518820043653 ], [ 398901.119023397739511, 3782790.335707019548863 ], [ 398900.813835198350716, 3782790.335707019548863 ], [ 398900.508646998961922, 3782790.640895218588412 ], [ 398900.203458799573127, 3782790.640895218588412 ], [ 398899.898270600184333, 3782790.946083418093622 ], [ 398898.982706002017949, 3782790.946083418093622 ] ] ] } },
{ "type": "Feature", "properties": { "confidence": 0.36703494191169739, "class": 1, "regularized": null }, "geometry": { "type": "Polygon", "coordinates": [ [ [ 398435.707019328605384, 3782633.163784333504736 ], [ 398435.707019328605384, 3782627.365208545234054 ], [ 398436.012207527994178, 3782627.060020345728844 ], [ 398436.012207527994178, 3782626.754832146689296 ], [ 398436.317395727382973, 3782626.754832146689296 ], [ 398436.622583926771767, 3782626.449643947184086 ], [ 398438.14852492371574, 3782626.449643947184086 ], [ 398438.75890132249333, 3782627.060020345728844 ], [ 398439.674465920659713, 3782627.060020345728844 ], [ 398440.284842319437303, 3782627.670396744739264 ], [ 398440.590030518826097, 3782627.670396744739264 ], [ 398440.590030518826097, 3782627.975584944244474 ], [ 398441.200406917603686, 3782628.585961342789233 ], [ 398441.200406917603686, 3782629.196337741799653 ], [ 398441.505595116992481, 3782629.501525940839201 ], [ 398441.505595116992481, 3782630.72227873839438 ], [ 398441.810783316381276, 3782631.02746693789959 ], [ 398441.810783316381276, 3782631.943031535949558 ], [ 398441.505595116992481, 3782632.248219735454768 ], [ 398441.505595116992481, 3782632.553407934959978 ], [ 398441.200406917603686, 3782632.553407934959978 ], [ 398440.895218718214892, 3782632.858596134465188 ], [ 398439.674465920659713, 3782632.858596134465188 ], [ 398439.369277721270919, 3782633.163784333504736 ], [ 398435.707019328605384, 3782633.163784333504736 ] ] ] } },
{ "type": "Feature", "properties": { "confidence": 0.36144375801086426, "class": 1, "regularized": null }, "geometry": { "type": "Polygon", "coordinates": [ [ [ 398554.425228891137522, 3782585.554425228852779 ], [ 398554.120040691748727, 3782585.249237029347569 ], [ 398554.120040691748727, 3782578.535096643026918 ], [ 398554.425228891137522, 3782578.229908443521708 ], [ 398555.951169888081495, 3782578.229908443521708 ], [ 398555.951169888081495, 3782585.554425228852779 ], [ 398554.425228891137522, 3782585.554425228852779 ] ] ] } },
{ "type": "Feature", "properties": { "confidence": 0.35815244913101196, "class": 1, "regularized": null }, "geometry": { "type": "Polygon", "coordinates": [ [ [ 398681.688708036614116, 3782525.432349949143827 ], [ 398680.773143438447732, 3782524.516785351093858 ], [ 398680.773143438447732, 3782523.29603255353868 ], [ 398681.078331637836527, 3782522.99084435403347 ], [ 398681.078331637836527, 3782522.075279755983502 ], [ 398681.688708036614116, 3782521.464903356973082 ], [ 398681.993896236002911, 3782521.464903356973082 ], [ 398682.299084435391705, 3782521.159715157467872 ], [ 398682.6042726347805, 3782521.159715157467872 ], [ 398682.909460834169295, 3782520.854526958428323 ], [ 398683.214649033558089, 3782520.854526958428323 ], [ 398683.519837232946884, 3782520.549338758923113 ], [ 398683.825025432335678, 3782520.549338758923113 ], [ 398684.130213631724473, 3782520.244150559417903 ], [ 398685.961342828057241, 3782520.244150559417903 ], [ 398685.961342828057241, 3782520.549338758923113 ], [ 398686.266531027446035, 3782520.854526958428323 ], [ 398686.266531027446035, 3782523.601220752578229 ], [ 398685.045778229890857, 3782524.821973550133407 ], [ 398683.519837232946884, 3782524.821973550133407 ], [ 398683.214649033558089, 3782525.127161749638617 ], [ 398682.299084435391705, 3782525.127161749638617 ], [ 398681.993896236002911, 3782525.432349949143827 ], [ 398681.688708036614116, 3782525.432349949143827 ] ] ] } },
{ "type": "Feature", "properties": { "confidence": 0.35523355007171631, "class": 1, "regularized": null }, "geometry": { "type": "Polygon", "coordinates": [ [ [ 398754.323499491380062, 3782568.158697863575071 ], [ 398754.018311291991267, 3782567.853509664069861 ], [ 398753.102746693766676, 3782567.853509664069861 ], [ 398752.797558494377881, 3782567.548321465030313 ], [ 398753.102746693766676, 3782567.243133265525103 ], [ 398753.102746693766676, 3782566.937945066019893 ], [ 398753.40793489315547, 3782566.632756866514683 ], [ 398753.40793489315547, 3782566.022380467969924 ], [ 398753.713123092602473, 3782565.717192268464714 ], [ 398753.713123092602473, 3782565.412004068959504 ], [ 398754.018311291991267, 3782565.106815869919956 ], [ 398754.018311291991267, 3782563.886063072364777 ], [ 398754.323499491380062, 3782563.886063072364777 ], [ 398754.628687690768857, 3782563.580874872859567 ], [ 398754.933875890157651, 3782563.580874872859567 ], [ 398755.239064089546446, 3782563.275686673354357 ], [ 398755.239064089546446, 3782562.970498473849148 ], [ 398755.54425228893524, 3782562.970498473849148 ], [ 398755.849440488324035, 3782562.665310274809599 ], [ 398761.037639877933543, 3782562.665310274809599 ], [ 398761.037639877933543, 3782562.970498473849148 ], [ 398761.342828077322338, 3782563.275686673354357 ], [ 398761.342828077322338, 3782566.937945066019893 ], [ 398761.037639877933543, 3782567.243133265525103 ], [ 398761.037639877933543, 3782567.853509664069861 ], [ 398760.732451678544749, 3782567.853509664069861 ], [ 398760.427263479155954, 3782568.158697863575071 ], [ 398754.323499491380062, 3782568.158697863575071 ] ] ] } },
{ "type": "Feature", "properties": { "confidence": 0.35508430004119873, "class": 1, "regularized": null }, "geometry": { "type": "Polygon", "coordinates": [ [ [ 398514.140386571700219, 3782841.607324516866356 ], [ 398513.224821973533835, 3782840.691759918816388 ], [ 398513.224821973533835, 3782840.386571719311178 ], [ 398512.309257375367451, 3782839.471007121261209 ], [ 398512.309257375367451, 3782839.165818921755999 ], [ 398511.088504577812273, 3782837.945066124200821 ], [ 398511.088504577812273, 3782837.639877924695611 ], [ 398510.783316378423478, 3782837.334689725190401 ], [ 398510.783316378423478, 3782836.419125127140433 ], [ 398511.088504577812273, 3782836.419125127140433 ], [ 398511.393692777201068, 3782836.113936927635223 ], [ 398511.698880976589862, 3782836.113936927635223 ], [ 398512.004069175978657, 3782836.419125127140433 ], [ 398512.919633774145041, 3782836.419125127140433 ], [ 398513.224821973533835, 3782836.113936927635223 ], [ 398514.140386571700219, 3782836.113936927635223 ], [ 398514.750762970477808, 3782836.724313326645643 ], [ 398514.750762970477808, 3782837.029501526150852 ], [ 398515.361139369255397, 3782837.639877924695611 ], [ 398515.666327568644192, 3782837.639877924695611 ], [ 398515.971515768032987, 3782837.945066124200821 ], [ 398515.971515768032987, 3782838.250254323706031 ], [ 398516.276703967421781, 3782838.555442522745579 ], [ 398516.276703967421781, 3782839.776195320300758 ], [ 398515.971515768032987, 3782840.081383519805968 ], [ 398515.971515768032987, 3782840.691759918816388 ], [ 398515.666327568644192, 3782840.996948117855936 ], [ 398515.666327568644192, 3782841.302136317361146 ], [ 398515.361139369255397, 3782841.607324516866356 ], [ 398514.140386571700219, 3782841.607324516866356 ] ] ] } },
{ "type": "Feature", "properties": { "confidence": 0.3537997305393219, "class": 1, "regularized": null }, "geometry": { "type": "Polygon", "coordinates": [ [ [ 398790.030518819927238, 3782832.756866734474897 ], [ 398789.725330620538443, 3782832.451678534969687 ], [ 398788.80976602237206, 3782832.451678534969687 ], [ 398788.19938962359447, 3782831.841302136424929 ], [ 398787.894201424205676, 3782831.841302136424929 ], [ 398787.589013224816881, 3782831.536113936919719 ], [ 398787.283825025428087, 3782831.536113936919719 ], [ 398786.978636826039292, 3782831.230925737414509 ], [ 398786.978636826039292, 3782830.92573753837496 ], [ 398786.673448626650497, 3782830.62054933886975 ], [ 398786.368260427261703, 3782830.62054933886975 ], [ 398786.368260427261703, 3782830.010172939859331 ], [ 398786.673448626650497, 3782829.704984740819782 ], [ 398786.673448626650497, 3782829.399796541314572 ], [ 398786.978636826039292, 3782829.094608341809362 ], [ 398786.978636826039292, 3782828.789420142304152 ], [ 398787.283825025428087, 3782828.484231942798942 ], [ 398787.283825025428087, 3782828.179043743759394 ], [ 398788.80976602237206, 3782826.653102746699005 ], [ 398789.114954221760854, 3782826.653102746699005 ], [ 398790.030518819927238, 3782825.737538148649037 ], [ 398790.335707019316033, 3782825.737538148649037 ], [ 398790.335707019316033, 3782832.756866734474897 ], [ 398790.030518819927238, 3782832.756866734474897 ] ] ] } },
{ "type": "Feature", "properties": { "confidence": 0.35147610306739807, "class": 1, "regularized": "rectangle" }, "geometry": { "type": "Polygon", "coordinates": [ [ [ 398448.0625, 3782493.75 ], [ 398464.75, 3782491.25 ], [ 398466.1875, 3782500.25 ], [ 398449.5, 3782502.75 ], [ 398448.0625, 3782493.75 ] ] ] } },
{ "type": "Feature", "properties": { "confidence": 0.34949904680252075, "class": 1, "regularized": null }, "geometry": { "type": "Polygon", "coordinates": [ [ [ 398763.4791454730439, 3782519.633774160873145 ], [ 398763.4791454730439, 3782517.802644964307547 ], [ 398763.784333672432695, 3782517.497456764802337 ], [ 398765.310274669376668, 3782517.497456764802337 ], [ 398765.615462868765462, 3782517.192268565762788 ], [ 398766.531027466931846, 3782517.192268565762788 ], [ 398766.836215666320641, 3782516.887080366257578 ], [ 398767.751780264487024, 3782516.887080366257578 ], [ 398768.056968463875819, 3782516.581892166752368 ], [ 398768.972533062042203, 3782516.581892166752368 ], [ 398769.277721261430997, 3782516.887080366257578 ], [ 398769.277721261430997, 3782518.718209562357515 ], [ 398768.972533062042203, 3782518.718209562357515 ], [ 398768.667344862653408, 3782519.023397761862725 ], [ 398767.751780264487024, 3782519.023397761862725 ], [ 398767.44659206509823, 3782519.328585961367935 ], [ 398766.531027466931846, 3782519.328585961367935 ], [ 398766.225839267543051, 3782519.633774160873145 ], [ 398763.4791454730439, 3782519.633774160873145 ] ] ] } },
{ "type": "Feature", "properties": { "confidence": 0.34768900275230408, "class": 1, "regularized": null }, "geometry": { "type": "Polygon", "coordinates": [ [ [ 398670.396744659228716, 3782531.230925737414509 ], [ 398670.396744659228716, 3782530.315361139364541 ], [ 398670.701932858617511, 3782530.010172939859331 ], [ 398670.701932858617511, 3782529.094608341809362 ], [ 398670.396744659228716, 3782528.789420142304152 ], [ 398670.396744659228716, 3782526.958290946204215 ], [ 398670.701932858617511, 3782526.958290946204215 ], [ 398671.007121058006305, 3782526.653102746699005 ], [ 398672.533062054950278, 3782526.653102746699005 ], [ 398672.838250254339073, 3782526.347914547193795 ], [ 398672.838250254339073, 3782525.737538148649037 ], [ 398673.143438453727867, 3782525.432349949143827 ], [ 398673.143438453727867, 3782529.094608341809362 ], [ 398672.533062054950278, 3782529.094608341809362 ], [ 398671.922685656172689, 3782529.704984740819782 ], [ 398671.922685656172689, 3782530.62054933886975 ], [ 398671.617497456783894, 3782530.92573753837496 ], [ 398671.617497456783894, 3782531.230925737414509 ], [ 398670.396744659228716, 3782531.230925737414509 ] ] ] } },
{ "type": "Feature", "properties": { "confidence": 0.3438955545425415, "class": 1, "regularized": null }, "geometry": { "type": "Polygon", "coordinates": [ [ [ 398519.938962360145524, 3782889.216683621518314 ], [ 398519.63377416075673, 3782888.911495422013104 ], [ 398519.328585961367935, 3782888.911495422013104 ], [ 398518.718209562590346, 3782888.301119023468345 ], [ 398518.718209562590346, 3782887.690742624457926 ], [ 398518.413021363201551, 3782887.385554425418377 ], [ 398518.413021363201551, 3782887.080366225913167 ], [ 398518.107833163812757, 3782886.775178026407957 ], [ 398518.107833163812757, 3782881.281790437642485 ], [ 398518.413021363201551, 3782880.976602238137275 ], [ 398518.413021363201551, 3782880.671414038632065 ], [ 398519.02339776197914, 3782880.671414038632065 ], [ 398519.328585961367935, 3782880.976602238137275 ], [ 398519.63377416075673, 3782880.976602238137275 ], [ 398520.549338758923113, 3782881.892166836187243 ], [ 398520.549338758923113, 3782882.502543235197663 ], [ 398520.854526958311908, 3782882.807731434237212 ], [ 398520.854526958311908, 3782883.723296032752842 ], [ 398521.464903357089497, 3782884.3336724312976 ], [ 398521.464903357089497, 3782884.94404883030802 ], [ 398521.770091556478292, 3782885.249237029347569 ], [ 398521.770091556478292, 3782887.385554425418377 ], [ 398521.464903357089497, 3782887.690742624457926 ], [ 398521.464903357089497, 3782888.301119023468345 ], [ 398521.159715157700703, 3782888.606307222973555 ], [ 398521.159715157700703, 3782888.911495422013104 ], [ 398520.854526958311908, 3782889.216683621518314 ], [ 398519.938962360145524, 3782889.216683621518314 ] ] ] } },
{ "type": "Feature", "properties": { "confidence": 0.34151566028594971, "class": 1, "regularized": null }, "geometry": { "type": "Polygon", "coordinates": [ [ [ 398632.858596134290565, 3782989.623601220548153 ], [ 398632.55340793490177, 3782989.318413021508604 ], [ 398632.248219735512976, 3782989.318413021508604 ], [ 398631.637843336735386, 3782988.708036622498184 ], [ 398631.027466937957797, 3782988.708036622498184 ], [ 398630.722278738569003, 3782988.402848422992975 ], [ 398630.417090539180208, 3782988.402848422992975 ], [ 398630.111902339791413, 3782988.097660223953426 ], [ 398629.19633774162503, 3782988.097660223953426 ], [ 398628.58596134284744, 3782987.487283824943006 ], [ 398628.58596134284744, 3782987.182095625437796 ], [ 398628.280773143458646, 3782986.876907426398247 ], [ 398628.280773143458646, 3782985.961342827882618 ], [ 398627.975584944069851, 3782985.656154628843069 ], [ 398627.975584944069851, 3782984.130213631782681 ], [ 398628.280773143458646, 3782983.825025432277471 ], [ 398628.280773143458646, 3782983.519837232772261 ], [ 398629.501525941013824, 3782983.519837232772261 ], [ 398629.806714140402619, 3782983.825025432277471 ], [ 398630.111902339791413, 3782983.825025432277471 ], [ 398630.722278738569003, 3782984.435401831287891 ], [ 398631.332655137346592, 3782984.435401831287891 ], [ 398631.943031536124181, 3782985.045778229832649 ], [ 398632.248219735512976, 3782985.045778229832649 ], [ 398632.858596134290565, 3782985.656154628843069 ], [ 398633.163784333679359, 3782985.656154628843069 ], [ 398634.689725330623332, 3782987.182095625437796 ], [ 398634.689725330623332, 3782987.792472024448216 ], [ 398634.384537131234538, 3782988.097660223953426 ], [ 398634.384537131234538, 3782989.318413021508604 ], [ 398634.079348931845743, 3782989.623601220548153 ], [ 398632.858596134290565, 3782989.623601220548153 ] ] ] } },
{ "type": "Feature", "properties": { "confidence": 0.33501052856445312, "class": 1, "regularized": "rectangle" }, "geometry": { "type": "Polygon", "coordinates": [ [ [ 398556.25, 3782525.5 ], [ 398574.875, 3782525.5 ], [ 398574.875, 3782534.0 ], [ 398556.25, 3782534.0 ], [ 398556.25, 3782525.5 ] ] ] } },
{ "type": "Feature", "properties": { "confidence": 0.3322339653968811, "class": 1, "regularized": null }, "geometry": { "type": "Polygon", "coordinates": [ [ [ 398408.850457782275043, 3782730.82400813838467 ], [ 398408.545269582886249, 3782730.51881993887946 ], [ 398408.545269582886249, 3782730.21363173937425 ], [ 398407.93489318410866, 3782729.603255340829492 ], [ 398406.103763987775892, 3782729.603255340829492 ], [ 398405.798575788387097, 3782729.298067141324282 ], [ 398405.798575788387097, 3782728.992878941819072 ], [ 398405.493387588998303, 3782728.687690742779523 ], [ 398405.493387588998303, 3782727.772126144263893 ], [ 398405.798575788387097, 3782727.466937945224345 ], [ 398410.376398779219016, 3782727.466937945224345 ], [ 398410.376398779219016, 3782727.772126144263893 ], [ 398410.681586978607811, 3782728.077314343769103 ], [ 398410.681586978607811, 3782728.382502543274313 ], [ 398410.376398779219016, 3782728.687690742779523 ], [ 398410.376398779219016, 3782729.603255340829492 ], [ 398409.766022380441427, 3782730.21363173937425 ], [ 398409.766022380441427, 3782730.51881993887946 ], [ 398409.460834181052633, 3782730.82400813838467 ], [ 398408.850457782275043, 3782730.82400813838467 ] ] ] } },
{ "type": "Feature", "properties": { "confidence": 0.33186185359954834, "class": 1, "regularized": null }, "geometry": { "type": "Polygon", "coordinates": [ [ [ 398672.227873855561484, 3782848.321464903187007 ], [ 398671.922685656172689, 3782848.016276704147458 ], [ 398670.091556459839921, 3782848.016276704147458 ], [ 398669.786368260451127, 3782847.711088504642248 ], [ 398669.786368260451127, 3782845.87995930807665 ], [ 398668.870803662284743, 3782844.964394710026681 ], [ 398668.870803662284743, 3782844.659206510521472 ], [ 398680.773143438447732, 3782844.659206510521472 ], [ 398680.773143438447732, 3782845.269582909531891 ], [ 398680.162767039670143, 3782845.87995930807665 ], [ 398680.162767039670143, 3782846.18514750758186 ], [ 398679.857578840281349, 3782846.49033570708707 ], [ 398679.552390640892554, 3782846.49033570708707 ], [ 398678.63682604272617, 3782847.405900305137038 ], [ 398678.331637843337376, 3782847.405900305137038 ], [ 398678.026449643948581, 3782847.711088504642248 ], [ 398675.27975584944943, 3782847.711088504642248 ], [ 398674.974567650060635, 3782848.016276704147458 ], [ 398673.143438453727867, 3782848.016276704147458 ], [ 398672.838250254339073, 3782848.321464903187007 ], [ 398672.227873855561484, 3782848.321464903187007 ] ] ] } },
{ "type": "Feature", "properties": { "confidence": 0.32193854451179504, "class": 1, "regularized": null }, "geometry": { "type": "Polygon", "coordinates": [ [ [ 398536.113936927751638, 3782800.406917599029839 ], [ 398536.113936927751638, 3782800.10172939999029 ], [ 398535.808748728362843, 3782799.79654120048508 ], [ 398536.113936927751638, 3782799.491353000979871 ], [ 398536.113936927751638, 3782798.575788402929902 ], [ 398536.419125127140433, 3782798.270600203424692 ], [ 398536.724313326529227, 3782798.270600203424692 ], [ 398537.334689725306816, 3782797.660223804879934 ], [ 398537.334689725306816, 3782795.829094608314335 ], [ 398537.945066124084406, 3782795.218718209769577 ], [ 398537.945066124084406, 3782794.608341810759157 ], [ 398538.2502543234732, 3782794.303153611253947 ], [ 398546.185147507640067, 3782794.303153611253947 ], [ 398546.490335707028862, 3782794.608341810759157 ], [ 398547.100712105806451, 3782794.608341810759157 ], [ 398547.405900305195246, 3782794.913530010264367 ], [ 398547.71108850458404, 3782794.913530010264367 ], [ 398547.71108850458404, 3782795.218718209769577 ], [ 398548.016276703972835, 3782795.523906408809125 ], [ 398548.016276703972835, 3782795.829094608314335 ], [ 398548.32146490336163, 3782796.134282807819545 ], [ 398549.237029501528013, 3782796.134282807819545 ], [ 398549.542217700916808, 3782796.439471007324755 ], [ 398551.983723296027165, 3782796.439471007324755 ], [ 398552.28891149541596, 3782796.744659206364304 ], [ 398553.814852492359933, 3782796.744659206364304 ], [ 398554.120040691748727, 3782797.049847405869514 ], [ 398554.730417090526316, 3782797.049847405869514 ], [ 398554.730417090526316, 3782797.660223804879934 ], [ 398554.425228891137522, 3782797.965412003919482 ], [ 398554.120040691748727, 3782797.965412003919482 ], [ 398553.509664292971138, 3782798.575788402929902 ], [ 398553.204476093582343, 3782798.575788402929902 ], [ 398552.899287894193549, 3782798.880976602435112 ], [ 398552.594099694804754, 3782798.880976602435112 ], [ 398552.28891149541596, 3782799.186164801474661 ], [ 398550.762970498471987, 3782799.186164801474661 ], [ 398550.457782299083192, 3782799.491353000979871 ], [ 398547.100712105806451, 3782799.491353000979871 ], [ 398546.795523906417657, 3782799.79654120048508 ], [ 398545.574771108862478, 3782799.79654120048508 ], [ 398545.269582909473684, 3782800.10172939999029 ], [ 398544.048830111918505, 3782800.10172939999029 ], [ 398543.743641912529711, 3782800.406917599029839 ], [ 398536.113936927751638, 3782800.406917599029839 ] ] ] } },
{ "type": "Feature", "properties": { "confidence": 0.31457650661468506, "class": 1, "regularized": null }, "geometry": { "type": "Polygon", "coordinates": [ [ [ 398937.436419125122484, 3782849.542217700742185 ], [ 398937.131230925733689, 3782849.237029501702636 ], [ 398936.826042726344895, 3782849.237029501702636 ], [ 398936.5208545269561, 3782848.931841302197427 ], [ 398936.215666327567305, 3782848.931841302197427 ], [ 398935.910478128178511, 3782848.626653102692217 ], [ 398935.910478128178511, 3782846.49033570708707 ], [ 398935.605289928789716, 3782846.18514750758186 ], [ 398935.605289928789716, 3782844.048830111976713 ], [ 398941.709053916565608, 3782844.048830111976713 ], [ 398941.709053916565608, 3782844.659206510521472 ], [ 398941.403865717176814, 3782844.964394710026681 ], [ 398941.403865717176814, 3782845.269582909531891 ], [ 398941.098677517788019, 3782845.574771109037101 ], [ 398941.098677517788019, 3782847.711088504642248 ], [ 398940.793489318399224, 3782847.711088504642248 ], [ 398940.48830111901043, 3782848.016276704147458 ], [ 398940.48830111901043, 3782848.321464903187007 ], [ 398939.572736520844046, 3782849.237029501702636 ], [ 398938.962360122066457, 3782849.237029501702636 ], [ 398938.657171922677662, 3782849.542217700742185 ], [ 398937.436419125122484, 3782849.542217700742185 ] ] ] } },
{ "type": "Feature", "properties": { "confidence": 0.31449237465858459, "class": 1, "regularized": null }, "geometry": { "type": "Polygon", "coordinates": [ [ [ 398412.817904374387581, 3782580.366225839126855 ], [ 398412.512716174998786, 3782580.061037640087306 ], [ 398410.376398779219016, 3782580.061037640087306 ], [ 398410.071210579830222, 3782579.755849440582097 ], [ 398410.071210579830222, 3782579.145473041571677 ], [ 398409.766022380441427, 3782578.840284842532128 ], [ 398409.766022380441427, 3782574.872838250361383 ], [ 398409.460834181052633, 3782574.567650050856173 ], [ 398409.766022380441427, 3782574.262461851350963 ], [ 398415.869786368275527, 3782574.262461851350963 ], [ 398416.174974567664322, 3782573.957273652311414 ], [ 398420.752797558496241, 3782573.957273652311414 ], [ 398420.752797558496241, 3782574.262461851350963 ], [ 398421.057985757885035, 3782574.567650050856173 ], [ 398421.057985757885035, 3782577.61953204497695 ], [ 398420.142421159718651, 3782578.535096643026918 ], [ 398419.837232960329857, 3782578.535096643026918 ], [ 398419.532044760941062, 3782578.840284842532128 ], [ 398418.921668362163473, 3782578.840284842532128 ], [ 398418.311291963385884, 3782579.450661241076887 ], [ 398418.006103763997089, 3782579.450661241076887 ], [ 398417.700915564608295, 3782579.755849440582097 ], [ 398417.3957273652195, 3782579.755849440582097 ], [ 398417.090539165830705, 3782580.061037640087306 ], [ 398415.259409969497938, 3782580.061037640087306 ], [ 398414.954221770109143, 3782580.366225839126855 ], [ 398412.817904374387581, 3782580.366225839126855 ] ] ] } },
{ "type": "Feature", "properties": { "confidence": 0.31123819947242737, "class": 1, "regularized": null }, "geometry": { "type": "Polygon", "coordinates": [ [ [ 398559.61342828074703, 3782503.763987792655826 ], [ 398559.61342828074703, 3782503.458799593150616 ], [ 398559.308240081358235, 3782503.153611393645406 ], [ 398559.308240081358235, 3782502.543234995100647 ], [ 398559.61342828074703, 3782502.238046795595437 ], [ 398559.61342828074703, 3782501.017293998040259 ], [ 398559.918616480135825, 3782500.712105798535049 ], [ 398559.918616480135825, 3782500.406917599029839 ], [ 398560.528992878913414, 3782499.79654120048508 ], [ 398561.7497456765268, 3782499.79654120048508 ], [ 398562.054933875915594, 3782499.491353000979871 ], [ 398564.801627670414746, 3782499.491353000979871 ], [ 398565.10681586980354, 3782499.79654120048508 ], [ 398565.412004069192335, 3782499.79654120048508 ], [ 398566.327568667358719, 3782500.712105798535049 ], [ 398566.632756866747513, 3782500.712105798535049 ], [ 398566.937945066136308, 3782501.017293998040259 ], [ 398566.937945066136308, 3782501.932858596090227 ], [ 398566.327568667358719, 3782502.543234995100647 ], [ 398566.022380467969924, 3782502.543234995100647 ], [ 398565.71719226858113, 3782502.848423194140196 ], [ 398565.71719226858113, 3782503.458799593150616 ], [ 398565.412004069192335, 3782503.763987792655826 ], [ 398564.191251271637157, 3782503.763987792655826 ], [ 398563.886063072248362, 3782503.458799593150616 ], [ 398562.360122075304389, 3782503.458799593150616 ], [ 398562.054933875915594, 3782503.763987792655826 ], [ 398559.61342828074703, 3782503.763987792655826 ] ] ] } },
{ "type": "Feature", "properties": { "confidence": 0.30975627899169922, "class": 1, "regularized": null }, "geometry": { "type": "Polygon", "coordinates": [ [ [ 398446.693794506601989, 3782555.340793489478528 ], [ 398446.0834181078244, 3782554.730417090468109 ], [ 398446.0834181078244, 3782554.425228890962899 ], [ 398446.388606307213195, 3782554.12004069192335 ], [ 398446.388606307213195, 3782551.983723295852542 ], [ 398446.0834181078244, 3782551.678535096812993 ], [ 398446.0834181078244, 3782549.542217700742185 ], [ 398449.440488301101141, 3782549.542217700742185 ], [ 398449.745676500489935, 3782549.237029501702636 ], [ 398451.881993896211497, 3782549.237029501702636 ], [ 398452.187182095600292, 3782549.542217700742185 ], [ 398452.187182095600292, 3782551.678535096812993 ], [ 398452.492370294989087, 3782551.983723295852542 ], [ 398452.492370294989087, 3782552.594099694862962 ], [ 398452.797558494377881, 3782552.899287894368172 ], [ 398452.797558494377881, 3782553.50966429291293 ], [ 398452.492370294989087, 3782553.81485249241814 ], [ 398452.492370294989087, 3782554.730417090468109 ], [ 398452.187182095600292, 3782555.035605289973319 ], [ 398451.271617497433908, 3782555.035605289973319 ], [ 398450.966429298045114, 3782555.340793489478528 ], [ 398446.693794506601989, 3782555.340793489478528 ] ] ] } },
{ "type": "Feature", "properties": { "confidence": 0.29455047845840454, "class": 1, "regularized": null }, "geometry": { "type": "Polygon", "coordinates": [ [ [ 398466.836215666320641, 3782830.315361139364541 ], [ 398466.531027466931846, 3782830.010172939859331 ], [ 398465.310274669376668, 3782830.010172939859331 ], [ 398464.699898270599078, 3782829.399796541314572 ], [ 398464.699898270599078, 3782828.789420142304152 ], [ 398465.005086469987873, 3782828.484231942798942 ], [ 398465.005086469987873, 3782827.263479145243764 ], [ 398465.310274669376668, 3782826.958290946204215 ], [ 398465.310274669376668, 3782825.737538148649037 ], [ 398465.005086469987873, 3782825.432349949143827 ], [ 398465.310274669376668, 3782825.127161749638617 ], [ 398465.310274669376668, 3782823.906408952083439 ], [ 398465.005086469987873, 3782823.601220752578229 ], [ 398465.310274669376668, 3782823.29603255353868 ], [ 398465.310274669376668, 3782822.99084435403347 ], [ 398465.920651068154257, 3782822.99084435403347 ], [ 398466.225839267543051, 3782822.68565615452826 ], [ 398468.972533062042203, 3782822.68565615452826 ], [ 398469.277721261430997, 3782822.99084435403347 ], [ 398469.277721261430997, 3782823.906408952083439 ], [ 398469.582909460819792, 3782824.211597151588649 ], [ 398469.582909460819792, 3782824.516785351093858 ], [ 398469.888097660208587, 3782824.821973550133407 ], [ 398469.888097660208587, 3782825.432349949143827 ], [ 398470.193285859597381, 3782825.737538148649037 ], [ 398470.193285859597381, 3782827.568667344748974 ], [ 398469.888097660208587, 3782827.873855544254184 ], [ 398469.888097660208587, 3782828.484231942798942 ], [ 398468.667344862653408, 3782829.704984740819782 ], [ 398468.056968463875819, 3782829.704984740819782 ], [ 398467.751780264487024, 3782830.010172939859331 ], [ 398467.141403865709435, 3782830.010172939859331 ], [ 398466.836215666320641, 3782830.315361139364541 ] ] ] } },
{ "type": "Feature", "properties": { "confidence": 0.29338347911834717, "class": 1, "regularized": null }, "geometry": { "type": "Polygon", "coordinates": [ [ [ 398498.880976602260489, 3782916.073245167732239 ], [ 398498.575788402871694, 3782915.76805696869269 ], [ 398498.2706002034829, 3782915.76805696869269 ], [ 398497.965412004094105, 3782915.46286876918748 ], [ 398497.660223804705311, 3782915.46286876918748 ], [ 398497.355035605316516, 3782915.15768056968227 ], [ 398496.744659206538927, 3782915.15768056968227 ], [ 398495.829094608314335, 3782914.242115971632302 ], [ 398495.523906408925541, 3782914.242115971632302 ], [ 398494.913530010147952, 3782913.631739572621882 ], [ 398494.608341810759157, 3782913.631739572621882 ], [ 398494.608341810759157, 3782913.326551373116672 ], [ 398494.303153611370362, 3782913.021363174077123 ], [ 398494.303153611370362, 3782912.410986775066704 ], [ 398493.692777212592773, 3782911.800610376521945 ], [ 398493.692777212592773, 3782911.495422177016735 ], [ 398493.387589013203979, 3782911.190233977511525 ], [ 398493.387589013203979, 3782910.885045778006315 ], [ 398492.777212614426389, 3782910.274669379461557 ], [ 398492.777212614426389, 3782909.969481179956347 ], [ 398492.472024415037595, 3782909.664292980451137 ], [ 398492.472024415037595, 3782907.22278738534078 ], [ 398493.082400813815184, 3782906.612410986796021 ], [ 398494.303153611370362, 3782906.612410986796021 ], [ 398494.608341810759157, 3782906.307222787290812 ], [ 398495.218718209536746, 3782906.307222787290812 ], [ 398495.523906408925541, 3782906.002034587785602 ], [ 398497.660223804705311, 3782906.002034587785602 ], [ 398497.965412004094105, 3782906.307222787290812 ], [ 398499.796541200426873, 3782906.307222787290812 ], [ 398500.101729399815667, 3782906.612410986796021 ], [ 398502.23804679553723, 3782906.612410986796021 ], [ 398502.543234994926024, 3782906.917599186301231 ], [ 398502.848423194314819, 3782906.917599186301231 ], [ 398503.153611393703613, 3782907.22278738534078 ], [ 398503.763987792481203, 3782907.22278738534078 ], [ 398504.069175991869997, 3782907.52797558484599 ], [ 398504.069175991869997, 3782907.8331637843512 ], [ 398504.374364191258792, 3782908.13835198385641 ], [ 398504.374364191258792, 3782909.359104781411588 ], [ 398504.069175991869997, 3782909.664292980451137 ], [ 398504.069175991869997, 3782912.716174974571913 ], [ 398504.374364191258792, 3782913.021363174077123 ], [ 398504.069175991869997, 3782913.326551373116672 ], [ 398504.069175991869997, 3782916.073245167732239 ], [ 398498.880976602260489, 3782916.073245167732239 ] ] ] } },
{ "type": "Feature", "properties": { "confidence": 0.28108292818069458, "class": 1, "regularized": null }, "geometry": { "type": "Polygon", "coordinates": [ [ [ 398748.830111902323551, 3782723.4994913530536 ], [ 398748.524923702934757, 3782723.19430315354839 ], [ 398747.914547304157168, 3782723.19430315354839 ], [ 398747.914547304157168, 3782721.668362156488001 ], [ 398748.219735503545962, 3782721.668362156488001 ], [ 398748.830111902323551, 3782721.057985757943243 ], [ 398752.797558494377881, 3782721.057985757943243 ], [ 398752.797558494377881, 3782722.88911495404318 ], [ 398752.187182095600292, 3782723.4994913530536 ], [ 398748.830111902323551, 3782723.4994913530536 ] ] ] } },
{ "type": "Feature", "properties": { "confidence": 0.27904769778251648, "class": 1, "regularized": null }, "geometry": { "type": "Polygon", "coordinates": [ [ [ 398517.192268565588165, 3782624.923702950123698 ], [ 398517.192268565588165, 3782619.735503560397774 ], [ 398517.49745676497696, 3782619.735503560397774 ], [ 398517.802644964365754, 3782619.430315361358225 ], [ 398519.63377416075673, 3782619.430315361358225 ], [ 398519.63377416075673, 3782620.345879959408194 ], [ 398519.328585961367935, 3782620.651068158913404 ], [ 398519.328585961367935, 3782624.008138352073729 ], [ 398519.02339776197914, 3782624.313326551578939 ], [ 398519.02339776197914, 3782624.618514750618488 ], [ 398518.107833163812757, 3782624.618514750618488 ], [ 398517.802644964365754, 3782624.923702950123698 ], [ 398517.192268565588165, 3782624.923702950123698 ] ] ] } },
{ "type": "Feature", "properties": { "confidence": 0.2700355052947998, "class": 1, "regularized": null }, "geometry": { "type": "Polygon", "coordinates": [ [ [ 398922.177009155624546, 3782431.434384536929429 ], [ 398921.871820956235752, 3782431.12919633788988 ], [ 398921.566632756846957, 3782431.12919633788988 ], [ 398920.956256358069368, 3782430.51881993887946 ], [ 398920.651068158680573, 3782430.51881993887946 ], [ 398920.345879959291779, 3782430.21363173937425 ], [ 398920.345879959291779, 3782429.908443540334702 ], [ 398919.735503560514189, 3782429.298067141324282 ], [ 398919.735503560514189, 3782428.992878941819072 ], [ 398919.430315361125395, 3782428.687690742779523 ], [ 398919.430315361125395, 3782428.382502543274313 ], [ 398919.1251271617366, 3782428.077314343769103 ], [ 398919.1251271617366, 3782427.772126144263893 ], [ 398919.430315361125395, 3782427.466937945224345 ], [ 398919.735503560514189, 3782427.772126144263893 ], [ 398920.345879959291779, 3782427.772126144263893 ], [ 398920.651068158680573, 3782427.466937945224345 ], [ 398922.482197355013341, 3782427.466937945224345 ], [ 398922.787385554402135, 3782427.772126144263893 ], [ 398923.09257375379093, 3782427.772126144263893 ], [ 398923.397761953179725, 3782428.077314343769103 ], [ 398923.702950152568519, 3782428.077314343769103 ], [ 398924.313326551346108, 3782428.687690742779523 ], [ 398924.313326551346108, 3782428.992878941819072 ], [ 398924.008138351957314, 3782429.298067141324282 ], [ 398924.008138351957314, 3782429.603255340829492 ], [ 398923.702950152568519, 3782429.908443540334702 ], [ 398923.702950152568519, 3782430.82400813838467 ], [ 398923.09257375379093, 3782431.434384536929429 ], [ 398922.177009155624546, 3782431.434384536929429 ] ] ] } },
{ "type": "Feature", "properties": { "confidence": 0.26897796988487244, "class": 1, "regularized": null }, "geometry": { "type": "Polygon", "coordinates": [ [ [ 398548.931841302139219, 3782501.017293998040259 ], [ 398548.32146490336163, 3782500.406917599029839 ], [ 398548.32146490336163, 3782499.491353000979871 ], [ 398548.016276703972835, 3782499.186164801474661 ], [ 398548.016276703972835, 3782496.744659206364304 ], [ 398548.32146490336163, 3782496.439471007324755 ], [ 398548.626653102750424, 3782496.439471007324755 ], [ 398548.931841302139219, 3782496.134282807819545 ], [ 398549.542217700916808, 3782496.134282807819545 ], [ 398549.847405900305603, 3782495.829094608314335 ], [ 398551.67853509663837, 3782495.829094608314335 ], [ 398551.983723296027165, 3782495.523906408809125 ], [ 398554.425228891137522, 3782495.523906408809125 ], [ 398554.425228891137522, 3782495.829094608314335 ], [ 398554.730417090526316, 3782496.134282807819545 ], [ 398554.730417090526316, 3782496.744659206364304 ], [ 398555.340793489303906, 3782497.355035605374724 ], [ 398555.340793489303906, 3782499.491353000979871 ], [ 398555.035605289915111, 3782499.79654120048508 ], [ 398555.035605289915111, 3782500.10172939999029 ], [ 398554.730417090526316, 3782500.10172939999029 ], [ 398554.425228891137522, 3782500.406917599029839 ], [ 398553.509664292971138, 3782500.406917599029839 ], [ 398553.204476093582343, 3782500.712105798535049 ], [ 398551.67853509663837, 3782500.712105798535049 ], [ 398551.373346897249576, 3782501.017293998040259 ], [ 398548.931841302139219, 3782501.017293998040259 ] ] ] } },
{ "type": "Feature", "properties": { "confidence": 0.26823464035987854, "class": 1, "regularized": null }, "geometry": { "type": "Polygon", "coordinates": [ [ [ 398781.180061037652194, 3782581.892166836187243 ], [ 398780.8748728382634, 3782581.586978636682034 ], [ 398780.8748728382634, 3782581.281790437642485 ], [ 398780.569684638874605, 3782580.976602238137275 ], [ 398780.569684638874605, 3782579.755849440582097 ], [ 398780.264496439485811, 3782579.450661241076887 ], [ 398780.264496439485811, 3782577.924720244016498 ], [ 398779.959308240097016, 3782577.61953204497695 ], [ 398779.959308240097016, 3782576.398779247421771 ], [ 398779.654120040708221, 3782576.093591047916561 ], [ 398779.654120040708221, 3782573.652085452806205 ], [ 398779.959308240097016, 3782573.346897253300995 ], [ 398780.8748728382634, 3782573.346897253300995 ], [ 398781.180061037652194, 3782573.652085452806205 ], [ 398781.790437436429784, 3782573.652085452806205 ], [ 398782.095625635818578, 3782573.957273652311414 ], [ 398783.011190233984962, 3782573.957273652311414 ], [ 398783.621566632762551, 3782574.567650050856173 ], [ 398783.621566632762551, 3782575.178026449866593 ], [ 398783.926754832151346, 3782575.483214648906142 ], [ 398783.926754832151346, 3782581.281790437642485 ], [ 398783.316378433373757, 3782581.892166836187243 ], [ 398781.180061037652194, 3782581.892166836187243 ] ] ] } },
{ "type": "Feature", "properties": { "confidence": 0.2582971453666687, "class": 1, "regularized": null }, "geometry": { "type": "Polygon", "coordinates": [ [ [ 398545.574771108862478, 3782847.405900305137038 ], [ 398545.269582909473684, 3782847.100712105631828 ], [ 398540.996948118030559, 3782847.100712105631828 ], [ 398540.691759918641765, 3782846.79552390659228 ], [ 398538.860630722250789, 3782846.79552390659228 ], [ 398538.555442522861995, 3782846.49033570708707 ], [ 398537.945066124084406, 3782846.49033570708707 ], [ 398537.639877924695611, 3782846.18514750758186 ], [ 398536.724313326529227, 3782846.18514750758186 ], [ 398536.724313326529227, 3782845.574771109037101 ], [ 398536.419125127140433, 3782845.269582909531891 ], [ 398536.419125127140433, 3782844.659206510521472 ], [ 398536.724313326529227, 3782844.354018311481923 ], [ 398536.724313326529227, 3782844.048830111976713 ], [ 398552.28891149541596, 3782844.048830111976713 ], [ 398552.28891149541596, 3782846.79552390659228 ], [ 398549.237029501528013, 3782846.79552390659228 ], [ 398548.931841302139219, 3782847.100712105631828 ], [ 398547.71108850458404, 3782847.100712105631828 ], [ 398547.405900305195246, 3782847.405900305137038 ], [ 398545.574771108862478, 3782847.405900305137038 ] ] ] } },
{ "type": "Feature", "properties": { "confidence": 0.25482916831970215, "class": 1, "regularized": null }, "geometry": { "type": "Polygon", "coordinates": [ [ [ 398457.070193285879213, 3782724.415055951103568 ], [ 398456.15462868771283, 3782723.4994913530536 ], [ 398456.15462868771283, 3782722.583926755003631 ], [ 398455.849440488324035, 3782722.278738555498421 ], [ 398455.849440488324035, 3782721.668362156488001 ], [ 398455.54425228893524, 3782721.363173957448453 ], [ 398455.54425228893524, 3782720.752797558438033 ], [ 398454.933875890157651, 3782720.142421159893274 ], [ 398454.933875890157651, 3782719.532044760882854 ], [ 398454.628687690768857, 3782719.226856561377645 ], [ 398454.628687690768857, 3782718.311291963327676 ], [ 398454.323499491380062, 3782718.006103763822466 ], [ 398454.323499491380062, 3782717.090539165772498 ], [ 398454.628687690768857, 3782716.785350966267288 ], [ 398454.628687690768857, 3782716.174974567722529 ], [ 398454.933875890157651, 3782716.174974567722529 ], [ 398455.239064089546446, 3782715.869786368217319 ], [ 398455.849440488324035, 3782715.869786368217319 ], [ 398456.15462868771283, 3782715.564598168712109 ], [ 398457.985757884045597, 3782715.564598168712109 ], [ 398458.290946083434392, 3782715.259409969672561 ], [ 398460.427263479155954, 3782715.259409969672561 ], [ 398460.732451678544749, 3782715.564598168712109 ], [ 398461.953204476099927, 3782715.564598168712109 ], [ 398462.563580874877516, 3782716.174974567722529 ], [ 398462.563580874877516, 3782716.480162767227739 ], [ 398462.868769074266311, 3782716.785350966267288 ], [ 398462.868769074266311, 3782717.090539165772498 ], [ 398463.4791454730439, 3782717.700915564782917 ], [ 398463.4791454730439, 3782718.006103763822466 ], [ 398463.784333672432695, 3782718.311291963327676 ], [ 398463.784333672432695, 3782722.278738555498421 ], [ 398463.4791454730439, 3782722.583926755003631 ], [ 398463.173957273655105, 3782722.583926755003631 ], [ 398462.868769074266311, 3782722.88911495404318 ], [ 398462.258392675488722, 3782722.88911495404318 ], [ 398461.953204476099927, 3782723.19430315354839 ], [ 398461.342828077322338, 3782723.19430315354839 ], [ 398461.037639877933543, 3782723.4994913530536 ], [ 398460.732451678544749, 3782723.4994913530536 ], [ 398460.427263479155954, 3782723.80467955255881 ], [ 398459.816887080378365, 3782723.80467955255881 ], [ 398459.51169888098957, 3782724.109867751598358 ], [ 398458.290946083434392, 3782724.109867751598358 ], [ 398457.985757884045597, 3782724.415055951103568 ], [ 398457.070193285879213, 3782724.415055951103568 ] ] ] } }
]
}
