{
"type": "FeatureCollection",
"name": "cell_00355_pre",
"crs": { "type": "name", "properties": { "name": "urn:ogc:def:crs:EPSG::32611" } },
"features": [
{ "type": "Feature", "properties": { "confidence": 0.99981170892715454, "class": 1, "regularized": "rectangle" }, "geometry": { "type": "Polygon", "coordinates": [ [ [ 394943.125, 3782448.5 ], [ 394951.375, 3782448.5 ], [ 394951.375, 3782465.5 ], [ 394943.125, 3782465.5 ], [ 394943.125, 3782448.5 ] ] ] } },
{ "type": "Feature", "properties": { "confidence": 0.99954515695571899, "class": 1, "regularized": null }, "geometry": { "type": "Polygon", "coordinates": [ [ [ 395243.743641912529711, 3782811.698880976531655 ], [ 395243.743641912529711, 3782802.848423194140196 ], [ 395244.048830111918505, 3782802.848423194140196 ], [ 395244.964394710084889, 3782801.932858596090227 ], [ 395247.405900305195246, 3782801.932858596090227 ], [ 395248.32146490336163, 3782802.848423194140196 ], [ 395248.626653102750424, 3782802.848423194140196 ], [ 395248.626653102750424, 3782804.069175991695374 ], [ 395248.931841302139219, 3782804.374364191200584 ], [ 395248.931841302139219, 3782804.679552390705794 ], [ 395249.237029501528013, 3782804.984740590211004 ], [ 395249.542217700916808, 3782804.984740590211004 ], [ 395249.542217700916808, 3782805.900305188260972 ], [ 395249.847405900305603, 3782806.205493387766182 ], [ 395249.847405900305603, 3782806.815869786310941 ], [ 395250.152594099694397, 3782807.121057985816151 ], [ 395250.152594099694397, 3782808.036622583866119 ], [ 395249.542217700916808, 3782808.646998982876539 ], [ 395249.542217700916808, 3782808.952187181916088 ], [ 395248.931841302139219, 3782809.562563580926508 ], [ 395248.931841302139219, 3782809.867751780431718 ], [ 395248.626653102750424, 3782810.172939979471266 ], [ 395248.32146490336163, 3782810.172939979471266 ], [ 395247.71108850458404, 3782810.783316378481686 ], [ 395247.405900305195246, 3782810.783316378481686 ], [ 395247.100712105806451, 3782811.088504577986896 ], [ 395246.185147507640067, 3782811.088504577986896 ], [ 395245.879959308251273, 3782811.393692777026445 ], [ 395244.964394710084889, 3782811.393692777026445 ], [ 395244.659206510696094, 3782811.698880976531655 ], [ 395243.743641912529711, 3782811.698880976531655 ] ] ] } },
{ "type": "Feature", "properties": { "confidence": 0.99948394298553467, "class": 1, "regularized": null }, "geometry": { "type": "Polygon", "coordinates": [ [ [ 395278.229908443521708, 3782545.269582909531891 ], [ 395278.229908443521708, 3782544.964394710026681 ], [ 395277.00915564596653, 3782543.743641912471503 ], [ 395277.00915564596653, 3782543.438453712966293 ], [ 395276.703967446577735, 3782543.133265513926744 ], [ 395276.703967446577735, 3782541.607324516866356 ], [ 395276.398779247188941, 3782541.302136317361146 ], [ 395276.398779247188941, 3782540.386571719311178 ], [ 395276.093591047800146, 3782540.081383519805968 ], [ 395276.093591047800146, 3782539.776195320300758 ], [ 395275.788402848411351, 3782539.471007121261209 ], [ 395275.788402848411351, 3782539.165818921755999 ], [ 395275.483214649022557, 3782538.860630722250789 ], [ 395275.483214649022557, 3782538.250254323706031 ], [ 395275.788402848411351, 3782537.945066124200821 ], [ 395275.788402848411351, 3782537.639877924695611 ], [ 395276.093591047800146, 3782537.639877924695611 ], [ 395276.703967446577735, 3782537.029501526150852 ], [ 395277.00915564596653, 3782537.029501526150852 ], [ 395277.314343845355324, 3782536.724313326645643 ], [ 395278.535096642910503, 3782536.724313326645643 ], [ 395279.145473041688092, 3782537.334689725190401 ], [ 395279.145473041688092, 3782537.945066124200821 ], [ 395280.061037639854476, 3782538.860630722250789 ], [ 395280.36622583924327, 3782538.860630722250789 ], [ 395280.97660223802086, 3782539.471007121261209 ], [ 395281.281790437409654, 3782539.471007121261209 ], [ 395281.586978636798449, 3782539.776195320300758 ], [ 395281.892166836187243, 3782539.776195320300758 ], [ 395281.892166836187243, 3782540.386571719311178 ], [ 395282.197355035634246, 3782540.691759918816388 ], [ 395282.197355035634246, 3782540.996948117855936 ], [ 395282.50254323502304, 3782541.302136317361146 ], [ 395282.50254323502304, 3782543.438453712966293 ], [ 395282.197355035634246, 3782543.438453712966293 ], [ 395281.892166836187243, 3782543.743641912471503 ], [ 395281.586978636798449, 3782543.743641912471503 ], [ 395281.281790437409654, 3782544.048830111976713 ], [ 395280.97660223802086, 3782544.048830111976713 ], [ 395280.671414038632065, 3782544.354018311481923 ], [ 395280.36622583924327, 3782544.354018311481923 ], [ 395279.450661241076887, 3782545.269582909531891 ], [ 395278.229908443521708, 3782545.269582909531891 ] ] ] } },
{ "type": "Feature", "properties": { "confidence": 0.99903905391693115, "class": 1, "regularized": null }, "geometry": { "type": "Polygon", "coordinates": [ [ [ 395247.100712105806451, 3782882.807731434237212 ], [ 395247.100712105806451, 3782882.502543235197663 ], [ 395246.795523906417657, 3782882.197355035692453 ], [ 395246.185147507640067, 3782882.197355035692453 ], [ 395245.574771108862478, 3782881.586978636682034 ], [ 395244.964394710084889, 3782881.586978636682034 ], [ 395244.3540183113073, 3782880.976602238137275 ], [ 395244.3540183113073, 3782877.924720244016498 ], [ 395244.659206510696094, 3782877.924720244016498 ], [ 395244.964394710084889, 3782877.61953204497695 ], [ 395246.185147507640067, 3782877.61953204497695 ], [ 395246.490335707028862, 3782877.31434384547174 ], [ 395247.100712105806451, 3782877.31434384547174 ], [ 395247.71108850458404, 3782876.70396744646132 ], [ 395248.016276703972835, 3782876.70396744646132 ], [ 395248.32146490336163, 3782876.398779247421771 ], [ 395248.626653102750424, 3782876.398779247421771 ], [ 395248.931841302139219, 3782876.093591047916561 ], [ 395249.237029501528013, 3782876.093591047916561 ], [ 395249.542217700916808, 3782875.788402848411351 ], [ 395251.373346897249576, 3782875.788402848411351 ], [ 395251.67853509663837, 3782876.093591047916561 ], [ 395251.983723296027165, 3782876.093591047916561 ], [ 395252.594099694804754, 3782876.70396744646132 ], [ 395252.594099694804754, 3782877.00915564596653 ], [ 395252.899287894193549, 3782877.31434384547174 ], [ 395252.899287894193549, 3782878.229908443521708 ], [ 395254.120040691748727, 3782879.450661241076887 ], [ 395254.120040691748727, 3782880.061037640087306 ], [ 395254.425228891137522, 3782880.366225839126855 ], [ 395254.425228891137522, 3782880.671414038632065 ], [ 395254.730417090526316, 3782880.976602238137275 ], [ 395254.730417090526316, 3782881.586978636682034 ], [ 395254.425228891137522, 3782881.892166836187243 ], [ 395253.814852492359933, 3782881.892166836187243 ], [ 395253.509664292971138, 3782882.197355035692453 ], [ 395252.899287894193549, 3782882.197355035692453 ], [ 395252.594099694804754, 3782882.502543235197663 ], [ 395252.594099694804754, 3782882.807731434237212 ], [ 395247.100712105806451, 3782882.807731434237212 ] ] ] } },
{ "type": "Feature", "properties": { "confidence": 0.99901604652404785, "class": 1, "regularized": null }, "geometry": { "type": "Polygon", "coordinates": [ [ [ 395252.28891149541596, 3782744.862665310502052 ], [ 395251.983723296027165, 3782744.557477110996842 ], [ 395251.373346897249576, 3782744.557477110996842 ], [ 395251.068158697860781, 3782744.252288911491632 ], [ 395250.762970498471987, 3782744.252288911491632 ], [ 395249.542217700916808, 3782743.031536113936454 ], [ 395249.542217700916808, 3782741.505595116876066 ], [ 395249.237029501528013, 3782741.200406917370856 ], [ 395249.237029501528013, 3782740.895218718331307 ], [ 395248.931841302139219, 3782740.590030518826097 ], [ 395248.931841302139219, 3782739.369277721270919 ], [ 395248.626653102750424, 3782739.064089521765709 ], [ 395248.626653102750424, 3782737.538148524705321 ], [ 395249.237029501528013, 3782736.927772126160562 ], [ 395249.542217700916808, 3782736.927772126160562 ], [ 395249.847405900305603, 3782736.622583926655352 ], [ 395250.152594099694397, 3782736.622583926655352 ], [ 395250.457782299083192, 3782736.317395727150142 ], [ 395250.762970498471987, 3782736.317395727150142 ], [ 395251.373346897249576, 3782735.707019328605384 ], [ 395251.983723296027165, 3782735.707019328605384 ], [ 395252.28891149541596, 3782735.401831129100174 ], [ 395252.594099694804754, 3782735.401831129100174 ], [ 395252.899287894193549, 3782735.096642929594964 ], [ 395253.204476093582343, 3782735.096642929594964 ], [ 395253.509664292971138, 3782734.791454730555415 ], [ 395254.120040691748727, 3782734.791454730555415 ], [ 395254.730417090526316, 3782734.181078331544995 ], [ 395255.035605289915111, 3782734.181078331544995 ], [ 395255.340793489303906, 3782733.875890132039785 ], [ 395256.866734486247879, 3782733.875890132039785 ], [ 395257.782299084414262, 3782734.791454730555415 ], [ 395257.782299084414262, 3782735.707019328605384 ], [ 395258.087487283803057, 3782736.012207528110594 ], [ 395258.087487283803057, 3782736.622583926655352 ], [ 395258.392675483191852, 3782736.927772126160562 ], [ 395258.392675483191852, 3782737.843336724210531 ], [ 395258.697863682580646, 3782738.14852492371574 ], [ 395258.697863682580646, 3782738.45371312322095 ], [ 395258.392675483191852, 3782738.758901322260499 ], [ 395258.392675483191852, 3782743.031536113936454 ], [ 395258.087487283803057, 3782743.336724313441664 ], [ 395258.087487283803057, 3782743.641912512946874 ], [ 395257.782299084414262, 3782743.947100711986423 ], [ 395257.171922685636673, 3782743.947100711986423 ], [ 395256.866734486247879, 3782744.252288911491632 ], [ 395255.951169888081495, 3782744.252288911491632 ], [ 395255.6459816886927, 3782744.557477110996842 ], [ 395253.509664292971138, 3782744.557477110996842 ], [ 395253.204476093582343, 3782744.862665310502052 ], [ 395252.28891149541596, 3782744.862665310502052 ] ] ] } },
{ "type": "Feature", "properties": { "confidence": 0.9987831711769104, "class": 1, "regularized": null }, "geometry": { "type": "Polygon", "coordinates": [ [ [ 395257.782299084414262, 3782861.749745676293969 ], [ 395257.171922685636673, 3782861.139369277749211 ], [ 395257.171922685636673, 3782860.528992878738791 ], [ 395256.866734486247879, 3782860.223804679699242 ], [ 395256.866734486247879, 3782859.308240081183612 ], [ 395256.561546286859084, 3782859.003051882144064 ], [ 395256.561546286859084, 3782858.392675483133644 ], [ 395256.256358087470289, 3782858.087487283628434 ], [ 395256.256358087470289, 3782855.035605289973319 ], [ 395256.561546286859084, 3782854.730417090468109 ], [ 395257.171922685636673, 3782854.730417090468109 ], [ 395257.477110885025468, 3782854.425228890962899 ], [ 395257.782299084414262, 3782854.425228890962899 ], [ 395258.087487283803057, 3782854.12004069192335 ], [ 395259.918616480135825, 3782854.12004069192335 ], [ 395260.223804679524619, 3782853.81485249241814 ], [ 395260.528992878913414, 3782853.81485249241814 ], [ 395260.834181078360416, 3782853.50966429291293 ], [ 395261.139369277749211, 3782853.50966429291293 ], [ 395261.7497456765268, 3782854.12004069192335 ], [ 395261.7497456765268, 3782854.425228890962899 ], [ 395262.054933875915594, 3782854.730417090468109 ], [ 395262.054933875915594, 3782857.171922685578465 ], [ 395261.7497456765268, 3782857.477110885083675 ], [ 395261.7497456765268, 3782860.223804679699242 ], [ 395261.444557477138005, 3782860.223804679699242 ], [ 395260.834181078360416, 3782860.834181078244001 ], [ 395260.528992878913414, 3782860.834181078244001 ], [ 395260.223804679524619, 3782861.139369277749211 ], [ 395259.918616480135825, 3782861.139369277749211 ], [ 395259.61342828074703, 3782861.444557477254421 ], [ 395259.003051881969441, 3782861.444557477254421 ], [ 395258.697863682580646, 3782861.749745676293969 ], [ 395257.782299084414262, 3782861.749745676293969 ] ] ] } },
{ "type": "Feature", "properties": { "confidence": 0.99874264001846313, "class": 1, "regularized": null }, "geometry": { "type": "Polygon", "coordinates": [ [ [ 395055.137334689730778, 3782853.50966429291293 ], [ 395054.832146490341984, 3782853.20447609340772 ], [ 395054.526958290953189, 3782853.20447609340772 ], [ 395054.526958290953189, 3782852.899287894368172 ], [ 395054.221770091564395, 3782852.594099694862962 ], [ 395054.221770091564395, 3782851.373346897307783 ], [ 395053.9165818921756, 3782851.068158697802573 ], [ 395053.9165818921756, 3782850.457782299257815 ], [ 395053.611393692786805, 3782850.152594099752605 ], [ 395053.611393692786805, 3782849.542217700742185 ], [ 395053.306205493398011, 3782849.237029501702636 ], [ 395053.306205493398011, 3782848.321464903187007 ], [ 395053.001017294009216, 3782848.016276704147458 ], [ 395053.001017294009216, 3782846.79552390659228 ], [ 395052.695829094620422, 3782846.49033570708707 ], [ 395052.695829094620422, 3782845.269582909531891 ], [ 395052.390640895231627, 3782844.964394710026681 ], [ 395052.390640895231627, 3782844.659206510521472 ], [ 395052.695829094620422, 3782844.354018311481923 ], [ 395052.695829094620422, 3782844.048830111976713 ], [ 395058.189216683618724, 3782844.048830111976713 ], [ 395058.189216683618724, 3782844.659206510521472 ], [ 395058.494404883007519, 3782844.964394710026681 ], [ 395058.494404883007519, 3782845.574771109037101 ], [ 395058.799593082396314, 3782845.87995930807665 ], [ 395058.799593082396314, 3782846.18514750758186 ], [ 395059.104781281785108, 3782846.49033570708707 ], [ 395059.409969481173903, 3782846.49033570708707 ], [ 395059.715157680562697, 3782846.79552390659228 ], [ 395059.715157680562697, 3782847.100712105631828 ], [ 395060.020345879951492, 3782847.405900305137038 ], [ 395060.325534079340287, 3782847.405900305137038 ], [ 395060.325534079340287, 3782847.711088504642248 ], [ 395060.630722278729081, 3782848.016276704147458 ], [ 395060.630722278729081, 3782848.321464903187007 ], [ 395061.24109867750667, 3782848.931841302197427 ], [ 395061.24109867750667, 3782849.847405900247395 ], [ 395061.546286876895465, 3782850.152594099752605 ], [ 395061.546286876895465, 3782851.068158697802573 ], [ 395060.630722278729081, 3782851.983723295852542 ], [ 395060.325534079340287, 3782851.983723295852542 ], [ 395060.020345879951492, 3782852.288911495357752 ], [ 395059.715157680562697, 3782852.288911495357752 ], [ 395059.409969481173903, 3782852.594099694862962 ], [ 395059.104781281785108, 3782852.594099694862962 ], [ 395058.799593082396314, 3782852.899287894368172 ], [ 395058.189216683618724, 3782852.899287894368172 ], [ 395057.88402848422993, 3782853.20447609340772 ], [ 395056.663275686674751, 3782853.20447609340772 ], [ 395056.358087487285957, 3782853.50966429291293 ], [ 395055.137334689730778, 3782853.50966429291293 ] ] ] } },
{ "type": "Feature", "properties": { "confidence": 0.99860244989395142, "class": 1, "regularized": null }, "geometry": { "type": "Polygon", "coordinates": [ [ [ 395267.548321464913897, 3782882.807731434237212 ], [ 395267.548321464913897, 3782882.502543235197663 ], [ 395267.243133265525103, 3782882.197355035692453 ], [ 395267.243133265525103, 3782881.892166836187243 ], [ 395266.937945066136308, 3782881.586978636682034 ], [ 395266.937945066136308, 3782880.976602238137275 ], [ 395266.632756866747513, 3782880.671414038632065 ], [ 395266.632756866747513, 3782880.366225839126855 ], [ 395266.327568667358719, 3782880.061037640087306 ], [ 395266.327568667358719, 3782878.229908443521708 ], [ 395266.022380467969924, 3782877.924720244016498 ], [ 395266.022380467969924, 3782877.00915564596653 ], [ 395265.71719226858113, 3782876.70396744646132 ], [ 395265.71719226858113, 3782875.483214648906142 ], [ 395266.022380467969924, 3782875.178026449866593 ], [ 395266.022380467969924, 3782873.957273652311414 ], [ 395266.327568667358719, 3782873.652085452806205 ], [ 395266.327568667358719, 3782873.346897253300995 ], [ 395266.632756866747513, 3782873.041709053795785 ], [ 395269.07426246185787, 3782873.041709053795785 ], [ 395269.379450661246665, 3782873.346897253300995 ], [ 395269.989827060024254, 3782873.346897253300995 ], [ 395269.989827060024254, 3782874.262461851350963 ], [ 395270.600203458801843, 3782874.872838250361383 ], [ 395270.600203458801843, 3782875.483214648906142 ], [ 395271.515768056968227, 3782876.398779247421771 ], [ 395271.515768056968227, 3782876.70396744646132 ], [ 395271.820956256357022, 3782877.00915564596653 ], [ 395271.820956256357022, 3782877.31434384547174 ], [ 395272.126144455745816, 3782877.61953204497695 ], [ 395272.126144455745816, 3782878.229908443521708 ], [ 395272.431332655134611, 3782878.535096643026918 ], [ 395272.431332655134611, 3782882.807731434237212 ], [ 395267.548321464913897, 3782882.807731434237212 ] ] ] } },
{ "type": "Feature", "properties": { "confidence": 0.99856454133987427, "class": 1, "regularized": null }, "geometry": { "type": "Polygon", "coordinates": [ [ [ 395011.80061037640553, 3782905.086469989735633 ], [ 395011.495422177016735, 3782904.781281790230423 ], [ 395010.579857578850351, 3782904.781281790230423 ], [ 395010.274669379461557, 3782904.476093591190875 ], [ 395009.969481180072762, 3782904.476093591190875 ], [ 395009.664292980683967, 3782904.170905391685665 ], [ 395009.053916581906378, 3782904.170905391685665 ], [ 395008.748728382517584, 3782903.865717192180455 ], [ 395008.443540183128789, 3782903.865717192180455 ], [ 395007.527975584962405, 3782902.950152594130486 ], [ 395007.527975584962405, 3782902.644964394625276 ], [ 395006.917599186184816, 3782902.034587996080518 ], [ 395006.917599186184816, 3782901.424211597070098 ], [ 395006.612410986796021, 3782901.119023397564888 ], [ 395006.612410986796021, 3782898.372329603414983 ], [ 395006.917599186184816, 3782898.067141403909773 ], [ 395006.917599186184816, 3782896.846388606354594 ], [ 395007.222787385573611, 3782896.541200406849384 ], [ 395011.495422177016735, 3782896.541200406849384 ], [ 395011.80061037640553, 3782896.846388606354594 ], [ 395013.326551373349503, 3782896.846388606354594 ], [ 395013.326551373349503, 3782897.151576805859804 ], [ 395013.631739572738297, 3782897.456765004899353 ], [ 395013.936927772127092, 3782897.456765004899353 ], [ 395013.936927772127092, 3782898.067141403909773 ], [ 395014.242115971515886, 3782898.372329603414983 ], [ 395014.547304170904681, 3782898.372329603414983 ], [ 395014.547304170904681, 3782898.677517802454531 ], [ 395014.852492370293476, 3782898.982706001959741 ], [ 395014.852492370293476, 3782899.287894201464951 ], [ 395015.15768056968227, 3782899.593082400970161 ], [ 395015.462868769071065, 3782899.593082400970161 ], [ 395015.462868769071065, 3782900.20345879951492 ], [ 395016.073245167848654, 3782900.813835198525339 ], [ 395016.073245167848654, 3782902.339776195120066 ], [ 395015.768056968459859, 3782902.644964394625276 ], [ 395015.768056968459859, 3782902.950152594130486 ], [ 395015.462868769071065, 3782903.255340793635696 ], [ 395015.462868769071065, 3782903.560528992675245 ], [ 395014.852492370293476, 3782903.560528992675245 ], [ 395013.631739572738297, 3782904.781281790230423 ], [ 395013.326551373349503, 3782904.781281790230423 ], [ 395013.021363173960708, 3782905.086469989735633 ], [ 395011.80061037640553, 3782905.086469989735633 ] ] ] } },
{ "type": "Feature", "properties": { "confidence": 0.99854797124862671, "class": 1, "regularized": null }, "geometry": { "type": "Polygon", "coordinates": [ [ [ 395230.620549338753335, 3782816.887080366257578 ], [ 395230.315361139364541, 3782816.581892166752368 ], [ 395230.010172939975746, 3782816.581892166752368 ], [ 395229.704984740586951, 3782816.276703967247158 ], [ 395229.704984740586951, 3782815.97151576820761 ], [ 395229.399796541198157, 3782815.6663275687024 ], [ 395229.399796541198157, 3782812.919633774086833 ], [ 395229.094608341809362, 3782812.614445574581623 ], [ 395229.094608341809362, 3782811.088504577986896 ], [ 395228.484231943031773, 3782810.478128178976476 ], [ 395228.484231943031773, 3782809.562563580926508 ], [ 395229.094608341809362, 3782808.952187181916088 ], [ 395229.704984740586951, 3782808.952187181916088 ], [ 395230.315361139364541, 3782808.341810783371329 ], [ 395230.92573753814213, 3782808.341810783371329 ], [ 395231.230925737530924, 3782808.036622583866119 ], [ 395231.841302136308514, 3782808.036622583866119 ], [ 395232.146490335697308, 3782807.731434384360909 ], [ 395233.672431332641281, 3782807.731434384360909 ], [ 395234.587995930807665, 3782808.646998982876539 ], [ 395234.587995930807665, 3782809.257375381421298 ], [ 395234.89318413019646, 3782809.562563580926508 ], [ 395234.89318413019646, 3782809.867751780431718 ], [ 395235.198372329585254, 3782810.172939979471266 ], [ 395235.198372329585254, 3782810.478128178976476 ], [ 395235.503560528974049, 3782810.783316378481686 ], [ 395235.808748728362843, 3782810.783316378481686 ], [ 395235.808748728362843, 3782811.698880976531655 ], [ 395236.113936927751638, 3782812.004069176036865 ], [ 395236.113936927751638, 3782812.614445574581623 ], [ 395236.419125127140433, 3782812.919633774086833 ], [ 395236.419125127140433, 3782814.445574771147221 ], [ 395236.113936927751638, 3782814.750762970652431 ], [ 395235.808748728362843, 3782814.750762970652431 ], [ 395235.503560528974049, 3782815.05595116969198 ], [ 395235.198372329585254, 3782815.05595116969198 ], [ 395234.28280773141887, 3782815.97151576820761 ], [ 395233.672431332641281, 3782815.97151576820761 ], [ 395233.367243133252487, 3782816.276703967247158 ], [ 395232.146490335697308, 3782816.276703967247158 ], [ 395231.841302136308514, 3782816.581892166752368 ], [ 395231.536113936919719, 3782816.581892166752368 ], [ 395231.230925737530924, 3782816.887080366257578 ], [ 395230.620549338753335, 3782816.887080366257578 ] ] ] } },
{ "type": "Feature", "properties": { "confidence": 0.9984506368637085, "class": 1, "regularized": null }, "geometry": { "type": "Polygon", "coordinates": [ [ [ 394931.230925737530924, 3782470.193285859655589 ], [ 394930.620549338753335, 3782469.582909460645169 ], [ 394930.620549338753335, 3782467.446592065040022 ], [ 394930.92573753814213, 3782467.141403865534812 ], [ 394930.92573753814213, 3782465.005086469929665 ], [ 394931.230925737530924, 3782464.699898270424455 ], [ 394931.230925737530924, 3782462.563580874819309 ], [ 394930.620549338753335, 3782461.95320447627455 ], [ 394930.620549338753335, 3782459.816887080203742 ], [ 394930.92573753814213, 3782459.511698881164193 ], [ 394930.92573753814213, 3782459.206510681658983 ], [ 394932.451678535086103, 3782457.680569684598595 ], [ 394932.451678535086103, 3782457.375381485093385 ], [ 394933.367243133252487, 3782456.459816887043417 ], [ 394933.977619532030076, 3782456.459816887043417 ], [ 394934.28280773141887, 3782456.154628687538207 ], [ 394934.89318413019646, 3782456.154628687538207 ], [ 394935.198372329585254, 3782455.849440488498658 ], [ 394935.808748728362843, 3782455.849440488498658 ], [ 394936.113936927751638, 3782455.544252288993448 ], [ 394937.029501525918022, 3782455.544252288993448 ], [ 394937.334689725306816, 3782455.239064089488238 ], [ 394938.555442522861995, 3782455.239064089488238 ], [ 394939.165818921639584, 3782455.849440488498658 ], [ 394939.165818921639584, 3782459.511698881164193 ], [ 394938.860630722250789, 3782459.816887080203742 ], [ 394938.860630722250789, 3782462.258392675314099 ], [ 394938.555442522861995, 3782462.563580874819309 ], [ 394938.555442522861995, 3782465.615462868940085 ], [ 394938.2502543234732, 3782465.920651067979634 ], [ 394938.2502543234732, 3782467.751780264545232 ], [ 394937.945066124084406, 3782468.056968464050442 ], [ 394937.945066124084406, 3782468.362156663089991 ], [ 394937.639877924695611, 3782468.667344862595201 ], [ 394934.28280773141887, 3782468.667344862595201 ], [ 394933.672431332641281, 3782469.27772126160562 ], [ 394933.367243133252487, 3782469.27772126160562 ], [ 394933.062054933863692, 3782469.582909460645169 ], [ 394932.756866734474897, 3782469.582909460645169 ], [ 394932.451678535086103, 3782469.888097660150379 ], [ 394931.536113936919719, 3782469.888097660150379 ], [ 394931.230925737530924, 3782470.193285859655589 ] ] ] } },
{ "type": "Feature", "properties": { "confidence": 0.99844604730606079, "class": 1, "regularized": "rectangle" }, "geometry": { "type": "Polygon", "coordinates": [ [ [ 395312.40625, 3782466.75 ], [ 395327.96875, 3782466.75 ], [ 395327.96875, 3782476.25 ], [ 395312.40625, 3782476.25 ], [ 395312.40625, 3782466.75 ] ] ] } },
{ "type": "Feature", "properties": { "confidence": 0.99839979410171509, "class": 1, "regularized": null }, "geometry": { "type": "Polygon", "coordinates": [ [ [ 395031.027466937957797, 3782757.375381485093385 ], [ 395030.417090539180208, 3782756.765005086548626 ], [ 395030.417090539180208, 3782756.459816887043417 ], [ 395029.806714140402619, 3782755.849440488498658 ], [ 395029.806714140402619, 3782755.239064089488238 ], [ 395029.501525941013824, 3782754.933875889983028 ], [ 395029.501525941013824, 3782754.32349949143827 ], [ 395029.19633774162503, 3782754.01831129193306 ], [ 395029.19633774162503, 3782752.797558494377881 ], [ 395029.501525941013824, 3782752.492370294872671 ], [ 395029.501525941013824, 3782751.576805696822703 ], [ 395029.806714140402619, 3782751.271617497317493 ], [ 395029.806714140402619, 3782750.661241098772734 ], [ 395030.111902339791413, 3782750.356052899267524 ], [ 395030.111902339791413, 3782750.050864699762315 ], [ 395030.417090539180208, 3782749.745676500722766 ], [ 395031.637843336735386, 3782749.745676500722766 ], [ 395031.943031536124181, 3782749.440488301217556 ], [ 395032.248219735512976, 3782749.440488301217556 ], [ 395033.468972533068154, 3782748.219735503662378 ], [ 395033.774160732456949, 3782748.219735503662378 ], [ 395034.079348931845743, 3782747.914547304157168 ], [ 395034.384537131234538, 3782747.914547304157168 ], [ 395034.689725330623332, 3782747.609359104651958 ], [ 395035.300101729400922, 3782747.609359104651958 ], [ 395035.605289928789716, 3782747.304170905612409 ], [ 395036.215666327567305, 3782747.304170905612409 ], [ 395036.826042726344895, 3782747.914547304157168 ], [ 395036.826042726344895, 3782748.524923703167588 ], [ 395037.131230925733689, 3782748.830111902207136 ], [ 395037.131230925733689, 3782749.135300101712346 ], [ 395037.436419125122484, 3782749.440488301217556 ], [ 395037.436419125122484, 3782752.187182095833123 ], [ 395037.131230925733689, 3782752.492370294872671 ], [ 395037.131230925733689, 3782753.407934893388301 ], [ 395036.826042726344895, 3782753.71312309242785 ], [ 395036.826042726344895, 3782754.01831129193306 ], [ 395035.300101729400922, 3782755.544252288993448 ], [ 395034.994913530012127, 3782755.544252288993448 ], [ 395034.689725330623332, 3782755.849440488498658 ], [ 395034.384537131234538, 3782755.849440488498658 ], [ 395033.163784333679359, 3782757.070193286053836 ], [ 395032.858596134290565, 3782757.070193286053836 ], [ 395032.55340793490177, 3782757.375381485093385 ], [ 395031.027466937957797, 3782757.375381485093385 ] ] ] } },
{ "type": "Feature", "properties": { "confidence": 0.99837541580200195, "class": 1, "regularized": null }, "geometry": { "type": "Polygon", "coordinates": [ [ [ 395025.839267548348289, 3782882.197355035692453 ], [ 395025.2288911495707, 3782881.586978636682034 ], [ 395025.2288911495707, 3782881.281790437642485 ], [ 395024.923702950123698, 3782880.976602238137275 ], [ 395024.923702950123698, 3782879.755849440582097 ], [ 395024.618514750734903, 3782879.450661241076887 ], [ 395024.618514750734903, 3782877.924720244016498 ], [ 395024.313326551346108, 3782877.61953204497695 ], [ 395024.313326551346108, 3782877.31434384547174 ], [ 395024.008138351957314, 3782877.00915564596653 ], [ 395024.008138351957314, 3782876.70396744646132 ], [ 395024.313326551346108, 3782876.398779247421771 ], [ 395024.313326551346108, 3782876.093591047916561 ], [ 395024.618514750734903, 3782875.788402848411351 ], [ 395024.923702950123698, 3782875.788402848411351 ], [ 395025.2288911495707, 3782875.483214648906142 ], [ 395025.839267548348289, 3782875.483214648906142 ], [ 395026.144455747737084, 3782875.178026449866593 ], [ 395026.449643947125878, 3782875.178026449866593 ], [ 395026.754832146514673, 3782874.872838250361383 ], [ 395027.670396744681057, 3782874.872838250361383 ], [ 395027.975584944069851, 3782874.567650050856173 ], [ 395027.975584944069851, 3782874.262461851350963 ], [ 395028.280773143458646, 3782874.262461851350963 ], [ 395028.280773143458646, 3782874.567650050856173 ], [ 395028.58596134284744, 3782874.872838250361383 ], [ 395029.19633774162503, 3782874.872838250361383 ], [ 395029.19633774162503, 3782875.178026449866593 ], [ 395029.501525941013824, 3782875.483214648906142 ], [ 395029.806714140402619, 3782875.483214648906142 ], [ 395030.111902339791413, 3782875.788402848411351 ], [ 395030.417090539180208, 3782875.788402848411351 ], [ 395030.417090539180208, 3782876.093591047916561 ], [ 395030.722278738569003, 3782876.398779247421771 ], [ 395030.722278738569003, 3782880.671414038632065 ], [ 395030.417090539180208, 3782880.976602238137275 ], [ 395030.417090539180208, 3782881.281790437642485 ], [ 395029.501525941013824, 3782882.197355035692453 ], [ 395025.839267548348289, 3782882.197355035692453 ] ] ] } },
{ "type": "Feature", "properties": { "confidence": 0.99833649396896362, "class": 1, "regularized": null }, "geometry": { "type": "Polygon", "coordinates": [ [ [ 395171.719226856541354, 3782556.256358087528497 ], [ 395171.719226856541354, 3782555.951169888023287 ], [ 395171.41403865715256, 3782555.645981688518077 ], [ 395171.108850457763765, 3782555.645981688518077 ], [ 395171.108850457763765, 3782555.035605289973319 ], [ 395170.80366225837497, 3782554.730417090468109 ], [ 395170.80366225837497, 3782554.12004069192335 ], [ 395170.498474058986176, 3782553.81485249241814 ], [ 395170.498474058986176, 3782553.20447609340772 ], [ 395170.193285859597381, 3782552.899287894368172 ], [ 395170.193285859597381, 3782550.762970498297364 ], [ 395170.498474058986176, 3782550.762970498297364 ], [ 395170.80366225837497, 3782550.457782299257815 ], [ 395171.108850457763765, 3782550.457782299257815 ], [ 395171.41403865715256, 3782550.152594099752605 ], [ 395172.024415055930149, 3782550.152594099752605 ], [ 395172.329603255318943, 3782549.847405900247395 ], [ 395172.939979654096533, 3782549.847405900247395 ], [ 395173.245167853485327, 3782549.542217700742185 ], [ 395174.7711088504293, 3782549.542217700742185 ], [ 395175.076297049876302, 3782549.237029501702636 ], [ 395175.686673448653892, 3782549.237029501702636 ], [ 395175.991861648042686, 3782549.542217700742185 ], [ 395176.90742624620907, 3782549.542217700742185 ], [ 395176.90742624620907, 3782550.152594099752605 ], [ 395177.822990844375454, 3782551.068158697802573 ], [ 395178.128179043764248, 3782551.068158697802573 ], [ 395178.433367243153043, 3782551.373346897307783 ], [ 395178.433367243153043, 3782551.678535096812993 ], [ 395178.738555442541838, 3782551.983723295852542 ], [ 395178.738555442541838, 3782552.899287894368172 ], [ 395178.433367243153043, 3782553.20447609340772 ], [ 395178.128179043764248, 3782553.20447609340772 ], [ 395177.212614445597865, 3782554.12004069192335 ], [ 395176.90742624620907, 3782554.12004069192335 ], [ 395176.602238046820275, 3782554.425228890962899 ], [ 395176.297049847431481, 3782554.425228890962899 ], [ 395175.991861648042686, 3782554.730417090468109 ], [ 395175.686673448653892, 3782554.730417090468109 ], [ 395175.381485249265097, 3782555.035605289973319 ], [ 395175.076297049876302, 3782555.035605289973319 ], [ 395174.7711088504293, 3782555.340793489478528 ], [ 395174.465920651040506, 3782555.340793489478528 ], [ 395174.160732451651711, 3782555.645981688518077 ], [ 395173.550356052874122, 3782555.645981688518077 ], [ 395173.245167853485327, 3782555.951169888023287 ], [ 395173.245167853485327, 3782556.256358087528497 ], [ 395171.719226856541354, 3782556.256358087528497 ] ] ] } },
{ "type": "Feature", "properties": { "confidence": 0.99818891286849976, "class": 1, "regularized": null }, "geometry": { "type": "Polygon", "coordinates": [ [ [ 395157.375381485268008, 3782526.347914547193795 ], [ 395157.070193285879213, 3782526.042726347688586 ], [ 395155.54425228893524, 3782526.042726347688586 ], [ 395155.239064089546446, 3782525.737538148649037 ], [ 395153.713123092602473, 3782525.737538148649037 ], [ 395153.40793489315547, 3782525.432349949143827 ], [ 395153.102746693766676, 3782525.432349949143827 ], [ 395153.102746693766676, 3782525.127161749638617 ], [ 395152.797558494377881, 3782524.821973550133407 ], [ 395153.102746693766676, 3782524.516785351093858 ], [ 395153.102746693766676, 3782523.601220752578229 ], [ 395153.40793489315547, 3782523.29603255353868 ], [ 395153.40793489315547, 3782521.770091556478292 ], [ 395153.713123092602473, 3782521.464903356973082 ], [ 395153.713123092602473, 3782520.549338758923113 ], [ 395154.018311291991267, 3782520.244150559417903 ], [ 395154.018311291991267, 3782519.938962359912694 ], [ 395154.323499491380062, 3782519.938962359912694 ], [ 395154.628687690768857, 3782519.633774160873145 ], [ 395154.628687690768857, 3782518.718209562357515 ], [ 395154.933875890157651, 3782518.413021363317966 ], [ 395155.239064089546446, 3782518.413021363317966 ], [ 395155.54425228893524, 3782518.107833163812757 ], [ 395156.459816887101624, 3782518.107833163812757 ], [ 395156.765005086490419, 3782518.413021363317966 ], [ 395161.953204476099927, 3782518.413021363317966 ], [ 395162.258392675488722, 3782518.718209562357515 ], [ 395162.868769074266311, 3782518.718209562357515 ], [ 395162.868769074266311, 3782519.328585961367935 ], [ 395163.173957273655105, 3782519.633774160873145 ], [ 395163.173957273655105, 3782524.516785351093858 ], [ 395163.4791454730439, 3782524.821973550133407 ], [ 395163.4791454730439, 3782525.432349949143827 ], [ 395163.173957273655105, 3782525.737538148649037 ], [ 395162.868769074266311, 3782525.737538148649037 ], [ 395162.563580874877516, 3782526.042726347688586 ], [ 395159.206510681600776, 3782526.042726347688586 ], [ 395158.901322482211981, 3782526.347914547193795 ], [ 395157.375381485268008, 3782526.347914547193795 ] ] ] } },
{ "type": "Feature", "properties": { "confidence": 0.99818462133407593, "class": 1, "regularized": null }, "geometry": { "type": "Polygon", "coordinates": [ [ [ 395303.560528992908075, 3782539.471007121261209 ], [ 395302.950152594072279, 3782538.860630722250789 ], [ 395302.950152594072279, 3782538.555442522745579 ], [ 395302.034587995905895, 3782537.639877924695611 ], [ 395302.034587995905895, 3782537.334689725190401 ], [ 395301.119023397739511, 3782536.419125127140433 ], [ 395301.119023397739511, 3782536.113936927635223 ], [ 395300.813835198350716, 3782535.808748728595674 ], [ 395300.508646998961922, 3782535.808748728595674 ], [ 395300.203458799573127, 3782535.503560529090464 ], [ 395300.203458799573127, 3782535.198372329585254 ], [ 395299.593082400795538, 3782534.587995931040496 ], [ 395299.593082400795538, 3782533.367243133485317 ], [ 395300.508646998961922, 3782532.451678534969687 ], [ 395300.508646998961922, 3782532.146490335930139 ], [ 395303.255340793461073, 3782532.146490335930139 ], [ 395303.560528992908075, 3782531.841302136424929 ], [ 395304.170905391685665, 3782531.841302136424929 ], [ 395304.476093591074459, 3782531.536113936919719 ], [ 395304.781281790463254, 3782531.536113936919719 ], [ 395305.086469989852048, 3782531.230925737414509 ], [ 395305.391658189240843, 3782531.230925737414509 ], [ 395306.612410986796021, 3782530.010172939859331 ], [ 395307.222787385573611, 3782530.010172939859331 ], [ 395307.527975584962405, 3782529.704984740819782 ], [ 395307.527975584962405, 3782537.945066124200821 ], [ 395307.222787385573611, 3782537.945066124200821 ], [ 395306.612410986796021, 3782538.555442522745579 ], [ 395306.612410986796021, 3782538.860630722250789 ], [ 395305.391658189240843, 3782538.860630722250789 ], [ 395305.086469989852048, 3782539.165818921755999 ], [ 395304.781281790463254, 3782539.165818921755999 ], [ 395304.476093591074459, 3782539.471007121261209 ], [ 395303.560528992908075, 3782539.471007121261209 ] ] ] } },
{ "type": "Feature", "properties": { "confidence": 0.99812978506088257, "class": 1, "regularized": null }, "geometry": { "type": "Polygon", "coordinates": [ [ [ 395317.293997965403832, 3782717.700915564782917 ], [ 395316.988809766015038, 3782717.395727365277708 ], [ 395316.683621566626243, 3782717.395727365277708 ], [ 395316.683621566626243, 3782716.785350966267288 ], [ 395316.378433367237449, 3782716.480162767227739 ], [ 395316.378433367237449, 3782715.869786368217319 ], [ 395316.073245167848654, 3782715.564598168712109 ], [ 395316.073245167848654, 3782715.259409969672561 ], [ 395315.768056968459859, 3782714.954221770167351 ], [ 395315.768056968459859, 3782714.649033570662141 ], [ 395315.462868769071065, 3782714.343845371156931 ], [ 395315.462868769071065, 3782713.733468972612172 ], [ 395315.15768056968227, 3782713.428280773106962 ], [ 395315.15768056968227, 3782712.512716175056994 ], [ 395315.462868769071065, 3782712.207527975551784 ], [ 395316.378433367237449, 3782712.207527975551784 ], [ 395316.683621566626243, 3782711.902339776046574 ], [ 395318.514750762959011, 3782711.902339776046574 ], [ 395318.819938962347806, 3782711.597151577007025 ], [ 395319.735503560514189, 3782711.597151577007025 ], [ 395320.040691759902984, 3782711.291963377501816 ], [ 395320.956256358069368, 3782711.291963377501816 ], [ 395321.261444557458162, 3782711.597151577007025 ], [ 395321.566632756846957, 3782711.597151577007025 ], [ 395322.177009155624546, 3782712.207527975551784 ], [ 395322.177009155624546, 3782712.512716175056994 ], [ 395322.482197355013341, 3782712.817904374562204 ], [ 395322.482197355013341, 3782713.428280773106962 ], [ 395323.397761953179725, 3782714.343845371156931 ], [ 395323.397761953179725, 3782714.649033570662141 ], [ 395323.702950152568519, 3782714.954221770167351 ], [ 395323.397761953179725, 3782715.259409969672561 ], [ 395323.09257375379093, 3782715.259409969672561 ], [ 395322.787385554402135, 3782715.564598168712109 ], [ 395322.482197355013341, 3782715.564598168712109 ], [ 395322.177009155624546, 3782715.869786368217319 ], [ 395321.871820956235752, 3782715.869786368217319 ], [ 395321.566632756846957, 3782716.174974567722529 ], [ 395320.956256358069368, 3782716.174974567722529 ], [ 395320.651068158680573, 3782716.480162767227739 ], [ 395320.345879959291779, 3782716.480162767227739 ], [ 395320.040691759902984, 3782716.785350966267288 ], [ 395319.735503560514189, 3782716.785350966267288 ], [ 395319.430315361125395, 3782717.090539165772498 ], [ 395319.1251271617366, 3782717.090539165772498 ], [ 395318.819938962347806, 3782717.395727365277708 ], [ 395317.904374364181422, 3782717.395727365277708 ], [ 395317.599186164792627, 3782717.700915564782917 ], [ 395317.293997965403832, 3782717.700915564782917 ] ] ] } },
{ "type": "Feature", "properties": { "confidence": 0.99812167882919312, "class": 1, "regularized": null }, "geometry": { "type": "Polygon", "coordinates": [ [ [ 395179.348931841319427, 3782896.541200406849384 ], [ 395179.043743641930632, 3782896.236012207344174 ], [ 395179.043743641930632, 3782895.930824008304626 ], [ 395178.738555442541838, 3782895.625635808799416 ], [ 395178.738555442541838, 3782895.015259409788996 ], [ 395178.433367243153043, 3782894.710071210749447 ], [ 395178.433367243153043, 3782894.404883011244237 ], [ 395178.128179043764248, 3782894.099694811739028 ], [ 395178.128179043764248, 3782893.794506612233818 ], [ 395177.822990844375454, 3782893.489318413194269 ], [ 395177.822990844375454, 3782893.184130213689059 ], [ 395177.517802644986659, 3782892.878942014183849 ], [ 395177.517802644986659, 3782892.573753814678639 ], [ 395177.212614445597865, 3782892.268565615639091 ], [ 395177.212614445597865, 3782891.963377416133881 ], [ 395176.90742624620907, 3782891.658189216628671 ], [ 395176.90742624620907, 3782890.437436419073492 ], [ 395176.602238046820275, 3782890.132248219568282 ], [ 395176.602238046820275, 3782888.911495422013104 ], [ 395177.517802644986659, 3782887.995930823963135 ], [ 395178.128179043764248, 3782887.995930823963135 ], [ 395178.433367243153043, 3782887.690742624457926 ], [ 395179.348931841319427, 3782887.690742624457926 ], [ 395179.654120040708221, 3782887.385554425418377 ], [ 395180.264496439485811, 3782887.385554425418377 ], [ 395180.569684638874605, 3782887.080366225913167 ], [ 395181.790437436429784, 3782887.080366225913167 ], [ 395182.095625635818578, 3782887.385554425418377 ], [ 395182.400813835207373, 3782887.385554425418377 ], [ 395182.706002034596168, 3782887.690742624457926 ], [ 395183.316378433373757, 3782887.690742624457926 ], [ 395183.926754832151346, 3782888.301119023468345 ], [ 395184.231943031540141, 3782888.301119023468345 ], [ 395184.84231943031773, 3782888.911495422013104 ], [ 395184.84231943031773, 3782889.216683621518314 ], [ 395185.147507629706524, 3782889.521871821023524 ], [ 395185.147507629706524, 3782893.794506612233818 ], [ 395183.926754832151346, 3782895.015259409788996 ], [ 395183.621566632762551, 3782895.015259409788996 ], [ 395183.316378433373757, 3782895.320447609294206 ], [ 395183.011190233984962, 3782895.320447609294206 ], [ 395182.706002034596168, 3782895.625635808799416 ], [ 395182.400813835207373, 3782895.625635808799416 ], [ 395182.095625635818578, 3782895.930824008304626 ], [ 395181.790437436429784, 3782895.930824008304626 ], [ 395181.485249237040989, 3782896.236012207344174 ], [ 395181.180061037652194, 3782896.236012207344174 ], [ 395180.8748728382634, 3782896.541200406849384 ], [ 395179.348931841319427, 3782896.541200406849384 ] ] ] } },
{ "type": "Feature", "properties": { "confidence": 0.99804389476776123, "class": 1, "regularized": null }, "geometry": { "type": "Polygon", "coordinates": [ [ [ 395162.563580874877516, 3782891.963377416133881 ], [ 395162.258392675488722, 3782891.658189216628671 ], [ 395161.648016276711132, 3782891.658189216628671 ], [ 395161.648016276711132, 3782891.353001017123461 ], [ 395161.037639877933543, 3782890.742624618578702 ], [ 395161.037639877933543, 3782890.437436419073492 ], [ 395160.732451678544749, 3782890.132248219568282 ], [ 395160.732451678544749, 3782889.827060020528734 ], [ 395160.122075279767159, 3782889.216683621518314 ], [ 395160.122075279767159, 3782888.911495422013104 ], [ 395159.51169888098957, 3782888.301119023468345 ], [ 395159.51169888098957, 3782887.385554425418377 ], [ 395159.206510681600776, 3782887.080366225913167 ], [ 395159.206510681600776, 3782886.469989826902747 ], [ 395158.901322482211981, 3782886.164801627863199 ], [ 395158.901322482211981, 3782885.554425228852779 ], [ 395158.596134282823186, 3782885.249237029347569 ], [ 395158.596134282823186, 3782883.723296032752842 ], [ 395158.290946083434392, 3782883.418107833247632 ], [ 395158.290946083434392, 3782881.586978636682034 ], [ 395158.596134282823186, 3782881.281790437642485 ], [ 395158.596134282823186, 3782880.976602238137275 ], [ 395158.901322482211981, 3782880.671414038632065 ], [ 395164.394710071210284, 3782880.671414038632065 ], [ 395164.699898270599078, 3782880.976602238137275 ], [ 395164.699898270599078, 3782881.586978636682034 ], [ 395165.005086469987873, 3782881.892166836187243 ], [ 395165.005086469987873, 3782882.807731434237212 ], [ 395165.310274669376668, 3782883.112919633742422 ], [ 395165.310274669376668, 3782884.94404883030802 ], [ 395165.615462868765462, 3782885.249237029347569 ], [ 395166.225839267543051, 3782885.249237029347569 ], [ 395166.531027466931846, 3782885.554425228852779 ], [ 395166.836215666320641, 3782885.554425228852779 ], [ 395167.44659206509823, 3782886.164801627863199 ], [ 395167.751780264487024, 3782886.164801627863199 ], [ 395168.362156663264614, 3782886.775178026407957 ], [ 395168.362156663264614, 3782887.690742624457926 ], [ 395168.667344862653408, 3782887.995930823963135 ], [ 395168.667344862653408, 3782888.911495422013104 ], [ 395168.362156663264614, 3782889.216683621518314 ], [ 395168.362156663264614, 3782889.521871821023524 ], [ 395166.836215666320641, 3782891.047812818083912 ], [ 395166.531027466931846, 3782891.047812818083912 ], [ 395166.225839267543051, 3782891.353001017123461 ], [ 395165.310274669376668, 3782891.353001017123461 ], [ 395165.005086469987873, 3782891.658189216628671 ], [ 395163.784333672432695, 3782891.658189216628671 ], [ 395163.4791454730439, 3782891.963377416133881 ], [ 395162.563580874877516, 3782891.963377416133881 ] ] ] } },
{ "type": "Feature", "properties": { "confidence": 0.99780315160751343, "class": 1, "regularized": null }, "geometry": { "type": "Polygon", "coordinates": [ [ [ 394813.42828077316517, 3782935.910478128120303 ], [ 394813.123092573776376, 3782935.605289928615093 ], [ 394812.512716174998786, 3782935.605289928615093 ], [ 394811.902339776221197, 3782934.994913530070335 ], [ 394811.902339776221197, 3782933.774160732515156 ], [ 394811.597151576832402, 3782933.468972533009946 ], [ 394811.902339776221197, 3782933.163784333504736 ], [ 394811.902339776221197, 3782932.248219735454768 ], [ 394811.597151576832402, 3782931.943031535949558 ], [ 394811.597151576832402, 3782931.332655137404799 ], [ 394811.291963377443608, 3782931.02746693789959 ], [ 394811.291963377443608, 3782928.891149542294443 ], [ 394810.986775178054813, 3782928.585961342789233 ], [ 394810.986775178054813, 3782927.670396744739264 ], [ 394810.681586978607811, 3782927.365208545234054 ], [ 394810.681586978607811, 3782926.449643947184086 ], [ 394810.376398779219016, 3782926.144455747678876 ], [ 394810.376398779219016, 3782925.228891149628907 ], [ 394810.986775178054813, 3782924.618514750618488 ], [ 394811.291963377443608, 3782924.618514750618488 ], [ 394811.597151576832402, 3782924.313326551578939 ], [ 394812.207527975609992, 3782924.313326551578939 ], [ 394812.512716174998786, 3782924.008138352073729 ], [ 394813.42828077316517, 3782924.008138352073729 ], [ 394814.343845371331554, 3782924.923702950123698 ], [ 394814.343845371331554, 3782925.839267548173666 ], [ 394815.259409969497938, 3782926.754832146689296 ], [ 394815.564598168886732, 3782926.754832146689296 ], [ 394815.869786368275527, 3782927.060020345728844 ], [ 394816.174974567664322, 3782927.060020345728844 ], [ 394816.785350966441911, 3782927.670396744739264 ], [ 394817.090539165830705, 3782927.670396744739264 ], [ 394817.090539165830705, 3782929.806714140344411 ], [ 394817.3957273652195, 3782930.111902339849621 ], [ 394817.3957273652195, 3782930.417090539354831 ], [ 394817.090539165830705, 3782930.72227873839438 ], [ 394817.090539165830705, 3782931.332655137404799 ], [ 394816.785350966441911, 3782931.637843336910009 ], [ 394816.480162767053116, 3782931.637843336910009 ], [ 394816.174974567664322, 3782931.943031535949558 ], [ 394816.174974567664322, 3782932.248219735454768 ], [ 394815.869786368275527, 3782932.553407934959978 ], [ 394815.869786368275527, 3782934.384537131059915 ], [ 394815.259409969497938, 3782934.994913530070335 ], [ 394814.954221770109143, 3782934.994913530070335 ], [ 394814.343845371331554, 3782935.605289928615093 ], [ 394813.733468972553965, 3782935.605289928615093 ], [ 394813.42828077316517, 3782935.910478128120303 ] ] ] } },
{ "type": "Feature", "properties": { "confidence": 0.99776113033294678, "class": 1, "regularized": null }, "geometry": { "type": "Polygon", "coordinates": [ [ [ 395278.229908443521708, 3782663.377416073344648 ], [ 395277.924720244132914, 3782663.072227873839438 ], [ 395277.619532044744119, 3782663.072227873839438 ], [ 395277.619532044744119, 3782662.461851475294679 ], [ 395277.314343845355324, 3782662.156663275789469 ], [ 395276.398779247188941, 3782662.156663275789469 ], [ 395276.093591047800146, 3782662.461851475294679 ], [ 395274.262461851467378, 3782662.461851475294679 ], [ 395273.957273652078584, 3782662.156663275789469 ], [ 395273.957273652078584, 3782661.54628687677905 ], [ 395273.0417090539122, 3782660.630722278729081 ], [ 395273.0417090539122, 3782660.020345880184323 ], [ 395272.736520854523405, 3782659.715157680679113 ], [ 395272.736520854523405, 3782658.799593082629144 ], [ 395272.431332655134611, 3782658.494404883123934 ], [ 395272.431332655134611, 3782657.578840285073966 ], [ 395272.126144455745816, 3782657.273652085568756 ], [ 395272.126144455745816, 3782656.052899288013577 ], [ 395271.820956256357022, 3782655.747711088508368 ], [ 395271.820956256357022, 3782653.916581891942769 ], [ 395272.431332655134611, 3782653.306205493398011 ], [ 395273.346897253300995, 3782653.306205493398011 ], [ 395273.652085452689789, 3782653.001017293892801 ], [ 395274.872838250244968, 3782653.001017293892801 ], [ 395275.178026449633762, 3782652.695829094387591 ], [ 395275.788402848411351, 3782652.695829094387591 ], [ 395276.093591047800146, 3782652.390640895348042 ], [ 395276.398779247188941, 3782652.390640895348042 ], [ 395276.703967446577735, 3782652.085452695842832 ], [ 395278.229908443521708, 3782652.085452695842832 ], [ 395278.840284842299297, 3782652.695829094387591 ], [ 395278.840284842299297, 3782653.001017293892801 ], [ 395279.145473041688092, 3782653.306205493398011 ], [ 395279.145473041688092, 3782654.221770091447979 ], [ 395280.061037639854476, 3782655.137334689497948 ], [ 395280.061037639854476, 3782655.747711088508368 ], [ 395280.97660223802086, 3782656.663275686558336 ], [ 395280.97660223802086, 3782657.578840285073966 ], [ 395281.281790437409654, 3782657.884028484113514 ], [ 395281.281790437409654, 3782659.715157680679113 ], [ 395280.97660223802086, 3782660.020345880184323 ], [ 395280.97660223802086, 3782660.630722278729081 ], [ 395280.671414038632065, 3782660.935910478234291 ], [ 395280.671414038632065, 3782661.54628687677905 ], [ 395280.36622583924327, 3782661.85147507628426 ], [ 395280.36622583924327, 3782662.156663275789469 ], [ 395279.450661241076887, 3782663.072227873839438 ], [ 395278.840284842299297, 3782663.072227873839438 ], [ 395278.535096642910503, 3782663.377416073344648 ], [ 395278.229908443521708, 3782663.377416073344648 ] ] ] } },
{ "type": "Feature", "properties": { "confidence": 0.99747961759567261, "class": 1, "regularized": null }, "geometry": { "type": "Polygon", "coordinates": [ [ [ 394901.017293997982051, 3782895.625635808799416 ], [ 394901.017293997982051, 3782895.320447609294206 ], [ 394900.712105798593257, 3782895.015259409788996 ], [ 394900.712105798593257, 3782894.099694811739028 ], [ 394900.406917599204462, 3782893.794506612233818 ], [ 394900.406917599204462, 3782893.184130213689059 ], [ 394900.101729399815667, 3782892.878942014183849 ], [ 394900.101729399815667, 3782892.573753814678639 ], [ 394899.796541200426873, 3782892.268565615639091 ], [ 394899.796541200426873, 3782891.658189216628671 ], [ 394899.491353001038078, 3782891.353001017123461 ], [ 394899.491353001038078, 3782890.132248219568282 ], [ 394899.796541200426873, 3782889.827060020528734 ], [ 394900.101729399815667, 3782889.827060020528734 ], [ 394900.406917599204462, 3782889.521871821023524 ], [ 394900.712105798593257, 3782889.521871821023524 ], [ 394901.017293997982051, 3782889.216683621518314 ], [ 394901.322482197370846, 3782889.216683621518314 ], [ 394901.62767039675964, 3782888.911495422013104 ], [ 394901.932858596148435, 3782888.911495422013104 ], [ 394902.23804679553723, 3782888.606307222973555 ], [ 394902.543234994926024, 3782888.606307222973555 ], [ 394902.848423194314819, 3782888.301119023468345 ], [ 394903.763987792481203, 3782888.301119023468345 ], [ 394904.069175991869997, 3782887.995930823963135 ], [ 394906.205493387591559, 3782887.995930823963135 ], [ 394906.510681586980354, 3782888.301119023468345 ], [ 394906.510681586980354, 3782888.911495422013104 ], [ 394906.815869786369149, 3782889.216683621518314 ], [ 394906.815869786369149, 3782890.437436419073492 ], [ 394907.121057985757943, 3782890.742624618578702 ], [ 394906.815869786369149, 3782891.047812818083912 ], [ 394906.815869786369149, 3782891.963377416133881 ], [ 394906.510681586980354, 3782892.268565615639091 ], [ 394906.510681586980354, 3782893.489318413194269 ], [ 394905.900305188202765, 3782894.099694811739028 ], [ 394905.59511698881397, 3782894.099694811739028 ], [ 394905.289928789425176, 3782894.404883011244237 ], [ 394904.679552390647586, 3782894.404883011244237 ], [ 394904.374364191258792, 3782894.710071210749447 ], [ 394904.069175991869997, 3782894.710071210749447 ], [ 394903.763987792481203, 3782895.015259409788996 ], [ 394903.458799593092408, 3782895.015259409788996 ], [ 394903.153611393703613, 3782895.320447609294206 ], [ 394902.848423194314819, 3782895.320447609294206 ], [ 394902.543234994926024, 3782895.625635808799416 ], [ 394901.017293997982051, 3782895.625635808799416 ] ] ] } },
{ "type": "Feature", "properties": { "confidence": 0.99744343757629395, "class": 1, "regularized": "rectangle" }, "geometry": { "type": "Polygon", "coordinates": [ [ [ 395158.1875, 3782611.0 ], [ 395169.375, 3782610.0 ], [ 395170.3125, 3782621.0 ], [ 395159.125, 3782622.0 ], [ 395158.1875, 3782611.0 ] ] ] } },
{ "type": "Feature", "properties": { "confidence": 0.99734038114547729, "class": 1, "regularized": "rectangle" }, "geometry": { "type": "Polygon", "coordinates": [ [ [ 394802.125, 3782445.75 ], [ 394816.75, 3782445.75 ], [ 394816.75, 3782457.75 ], [ 394802.125, 3782457.75 ], [ 394802.125, 3782445.75 ] ] ] } },
{ "type": "Feature", "properties": { "confidence": 0.99725300073623657, "class": 1, "regularized": null }, "geometry": { "type": "Polygon", "coordinates": [ [ [ 395279.755849440465681, 3782616.378433367237449 ], [ 395279.450661241076887, 3782616.073245167732239 ], [ 395279.450661241076887, 3782615.46286876918748 ], [ 395279.145473041688092, 3782615.15768056968227 ], [ 395278.840284842299297, 3782615.15768056968227 ], [ 395278.535096642910503, 3782614.85249237017706 ], [ 395278.535096642910503, 3782614.547304171137512 ], [ 395278.229908443521708, 3782614.242115971632302 ], [ 395278.229908443521708, 3782613.631739572621882 ], [ 395277.619532044744119, 3782613.021363174077123 ], [ 395277.00915564596653, 3782613.021363174077123 ], [ 395277.00915564596653, 3782609.664292980451137 ], [ 395282.197355035634246, 3782609.664292980451137 ], [ 395282.197355035634246, 3782611.495422177016735 ], [ 395281.892166836187243, 3782611.800610376521945 ], [ 395281.892166836187243, 3782612.716174974571913 ], [ 395281.586978636798449, 3782613.021363174077123 ], [ 395281.586978636798449, 3782614.242115971632302 ], [ 395281.281790437409654, 3782614.547304171137512 ], [ 395281.281790437409654, 3782615.15768056968227 ], [ 395280.97660223802086, 3782615.46286876918748 ], [ 395280.97660223802086, 3782615.76805696869269 ], [ 395280.36622583924327, 3782616.378433367237449 ], [ 395279.755849440465681, 3782616.378433367237449 ] ] ] } },
{ "type": "Feature", "properties": { "confidence": 0.99705052375793457, "class": 1, "regularized": "rectangle" }, "geometry": { "type": "Polygon", "coordinates": [ [ [ 395299.9375, 3782539.75 ], [ 395300.5, 3782528.75 ], [ 395315.6875, 3782529.75 ], [ 395315.125, 3782540.75 ], [ 395299.9375, 3782539.75 ] ] ] } },
{ "type": "Feature", "properties": { "confidence": 0.99690574407577515, "class": 1, "regularized": null }, "geometry": { "type": "Polygon", "coordinates": [ [ [ 394990.132248219742905, 3782477.212614445481449 ], [ 394989.827060020354111, 3782476.907426245976239 ], [ 394989.827060020354111, 3782468.97253306210041 ], [ 394989.521871820965316, 3782468.667344862595201 ], [ 394989.521871820965316, 3782466.836215666495264 ], [ 394989.827060020354111, 3782466.531027466990054 ], [ 394991.963377416075673, 3782466.531027466990054 ], [ 394992.268565615464468, 3782466.836215666495264 ], [ 394994.099694811797235, 3782466.836215666495264 ], [ 394994.40488301118603, 3782467.141403865534812 ], [ 394995.015259409963619, 3782467.141403865534812 ], [ 394995.320447609352414, 3782467.446592065040022 ], [ 394995.625635808741208, 3782467.446592065040022 ], [ 394995.930824008130003, 3782467.751780264545232 ], [ 394995.930824008130003, 3782468.056968464050442 ], [ 394996.236012207518797, 3782468.362156663089991 ], [ 394996.236012207518797, 3782468.667344862595201 ], [ 394997.76195320446277, 3782470.193285859655589 ], [ 394997.76195320446277, 3782472.024415055755526 ], [ 394998.067141403851565, 3782472.329603255260736 ], [ 394998.067141403851565, 3782472.634791454765946 ], [ 394997.456765005073976, 3782473.245167853310704 ], [ 394993.794506612408441, 3782473.245167853310704 ], [ 394993.489318413019646, 3782473.550356052815914 ], [ 394993.489318413019646, 3782474.160732451826334 ], [ 394994.40488301118603, 3782475.076297049876302 ], [ 394994.710071210574824, 3782475.076297049876302 ], [ 394995.015259409963619, 3782475.381485249381512 ], [ 394995.015259409963619, 3782476.602238046936691 ], [ 394994.40488301118603, 3782477.212614445481449 ], [ 394990.132248219742905, 3782477.212614445481449 ] ] ] } },
{ "type": "Feature", "properties": { "confidence": 0.99687552452087402, "class": 1, "regularized": null }, "geometry": { "type": "Polygon", "coordinates": [ [ [ 395379.857578840281349, 3782695.727365208324045 ], [ 395379.552390640892554, 3782695.422177009284496 ], [ 395379.552390640892554, 3782694.811800610274076 ], [ 395379.247202441503759, 3782694.506612410768867 ], [ 395379.247202441503759, 3782693.896236012224108 ], [ 395378.942014242114965, 3782693.591047812718898 ], [ 395378.942014242114965, 3782692.980671414174139 ], [ 395378.63682604272617, 3782692.67548321466893 ], [ 395378.63682604272617, 3782692.37029501516372 ], [ 395378.331637843337376, 3782692.06510681565851 ], [ 395378.331637843337376, 3782691.454730417113751 ], [ 395378.026449643948581, 3782691.149542217608541 ], [ 395378.026449643948581, 3782690.844354018103331 ], [ 395378.63682604272617, 3782690.233977619558573 ], [ 395379.247202441503759, 3782690.233977619558573 ], [ 395379.552390640892554, 3782689.928789420053363 ], [ 395380.162767039670143, 3782689.928789420053363 ], [ 395380.467955239058938, 3782689.623601220548153 ], [ 395381.078331637836527, 3782689.623601220548153 ], [ 395381.383519837225322, 3782689.318413021508604 ], [ 395381.993896236002911, 3782689.318413021508604 ], [ 395382.299084435391705, 3782689.013224822003394 ], [ 395383.214649033558089, 3782689.013224822003394 ], [ 395383.519837232946884, 3782689.318413021508604 ], [ 395383.825025432335678, 3782689.318413021508604 ], [ 395383.825025432335678, 3782689.928789420053363 ], [ 395384.130213631724473, 3782690.233977619558573 ], [ 395384.130213631724473, 3782693.591047812718898 ], [ 395384.435401831113268, 3782693.896236012224108 ], [ 395384.435401831113268, 3782694.506612410768867 ], [ 395383.825025432335678, 3782695.116988809779286 ], [ 395383.519837232946884, 3782695.116988809779286 ], [ 395383.214649033558089, 3782695.422177009284496 ], [ 395381.993896236002911, 3782695.422177009284496 ], [ 395381.688708036614116, 3782695.727365208324045 ], [ 395379.857578840281349, 3782695.727365208324045 ] ] ] } },
{ "type": "Feature", "properties": { "confidence": 0.99655163288116455, "class": 1, "regularized": null }, "geometry": { "type": "Polygon", "coordinates": [ [ [ 395034.384537131234538, 3782528.789420142304152 ], [ 395034.384537131234538, 3782519.023397761862725 ], [ 395035.300101729400922, 3782519.023397761862725 ], [ 395035.605289928789716, 3782518.718209562357515 ], [ 395038.351983723288868, 3782518.718209562357515 ], [ 395038.962360122066457, 3782519.328585961367935 ], [ 395038.962360122066457, 3782520.244150559417903 ], [ 395039.877924720232841, 3782521.159715157467872 ], [ 395040.48830111901043, 3782521.159715157467872 ], [ 395040.48830111901043, 3782521.464903356973082 ], [ 395040.793489318399224, 3782521.770091556478292 ], [ 395040.793489318399224, 3782522.68565615452826 ], [ 395040.48830111901043, 3782522.99084435403347 ], [ 395040.48830111901043, 3782523.29603255353868 ], [ 395039.877924720232841, 3782523.906408952083439 ], [ 395039.877924720232841, 3782524.211597151588649 ], [ 395039.572736520844046, 3782524.516785351093858 ], [ 395039.572736520844046, 3782526.653102746699005 ], [ 395039.877924720232841, 3782526.958290946204215 ], [ 395039.877924720232841, 3782527.568667344748974 ], [ 395039.267548321455251, 3782528.179043743759394 ], [ 395038.962360122066457, 3782528.179043743759394 ], [ 395038.657171922677662, 3782528.484231942798942 ], [ 395036.5208545269561, 3782528.484231942798942 ], [ 395036.215666327567305, 3782528.789420142304152 ], [ 395034.384537131234538, 3782528.789420142304152 ] ] ] } },
{ "type": "Feature", "properties": { "confidence": 0.99644321203231812, "class": 1, "regularized": "rectangle" }, "geometry": { "type": "Polygon", "coordinates": [ [ [ 395268.8125, 3782455.0 ], [ 395277.9375, 3782455.0 ], [ 395277.9375, 3782472.0 ], [ 395268.8125, 3782472.0 ], [ 395268.8125, 3782455.0 ] ] ] } },
{ "type": "Feature", "properties": { "confidence": 0.99636417627334595, "class": 1, "regularized": null }, "geometry": { "type": "Polygon", "coordinates": [ [ [ 395326.449643947125878, 3782647.812817904166877 ], [ 395326.144455747737084, 3782647.507629705127329 ], [ 395325.839267548348289, 3782647.507629705127329 ], [ 395325.534079348959494, 3782647.202441505622119 ], [ 395325.534079348959494, 3782646.28687690757215 ], [ 395325.2288911495707, 3782645.98168870806694 ], [ 395325.2288911495707, 3782645.066124110016972 ], [ 395324.923702950123698, 3782644.760935910511762 ], [ 395324.923702950123698, 3782643.540183112956583 ], [ 395325.2288911495707, 3782643.234994913451374 ], [ 395325.2288911495707, 3782640.793489318341017 ], [ 395324.923702950123698, 3782640.488301118835807 ], [ 395324.923702950123698, 3782639.877924720291048 ], [ 395324.618514750734903, 3782639.572736520785838 ], [ 395324.618514750734903, 3782638.04679552372545 ], [ 395324.313326551346108, 3782637.741607324685901 ], [ 395324.618514750734903, 3782637.436419125180691 ], [ 395324.618514750734903, 3782636.826042726170272 ], [ 395324.923702950123698, 3782636.520854527130723 ], [ 395327.060020345903467, 3782636.520854527130723 ], [ 395327.365208545292262, 3782636.215666327625513 ], [ 395327.975584944069851, 3782636.215666327625513 ], [ 395328.280773143458646, 3782635.910478128120303 ], [ 395328.58596134284744, 3782636.215666327625513 ], [ 395328.891149542236235, 3782636.215666327625513 ], [ 395329.19633774162503, 3782636.520854527130723 ], [ 395329.501525941013824, 3782636.520854527130723 ], [ 395329.501525941013824, 3782636.826042726170272 ], [ 395329.806714140402619, 3782637.131230925675482 ], [ 395329.806714140402619, 3782637.436419125180691 ], [ 395330.111902339791413, 3782637.741607324685901 ], [ 395330.111902339791413, 3782641.098677517846227 ], [ 395329.806714140402619, 3782641.403865717351437 ], [ 395329.806714140402619, 3782642.624618514906615 ], [ 395329.501525941013824, 3782642.929806713946164 ], [ 395329.501525941013824, 3782643.540183112956583 ], [ 395329.19633774162503, 3782643.845371312461793 ], [ 395329.19633774162503, 3782645.066124110016972 ], [ 395328.891149542236235, 3782645.37131230905652 ], [ 395328.891149542236235, 3782645.98168870806694 ], [ 395327.975584944069851, 3782646.897253306116909 ], [ 395327.975584944069851, 3782647.202441505622119 ], [ 395327.670396744681057, 3782647.202441505622119 ], [ 395327.365208545292262, 3782647.507629705127329 ], [ 395326.754832146514673, 3782647.507629705127329 ], [ 395326.449643947125878, 3782647.812817904166877 ] ] ] } },
{ "type": "Feature", "properties": { "confidence": 0.99633705615997314, "class": 1, "regularized": null }, "geometry": { "type": "Polygon", "coordinates": [ [ [ 395261.7497456765268, 3782805.289928789250553 ], [ 395261.7497456765268, 3782804.984740590211004 ], [ 395261.444557477138005, 3782804.679552390705794 ], [ 395261.444557477138005, 3782804.374364191200584 ], [ 395261.139369277749211, 3782804.069175991695374 ], [ 395261.139369277749211, 3782803.458799593150616 ], [ 395260.834181078360416, 3782803.153611393645406 ], [ 395260.834181078360416, 3782802.543234995100647 ], [ 395260.528992878913414, 3782802.238046795595437 ], [ 395260.528992878913414, 3782801.322482197545469 ], [ 395260.223804679524619, 3782801.017293998040259 ], [ 395260.223804679524619, 3782798.575788402929902 ], [ 395259.918616480135825, 3782798.270600203424692 ], [ 395259.918616480135825, 3782797.355035605374724 ], [ 395260.223804679524619, 3782797.049847405869514 ], [ 395260.223804679524619, 3782796.744659206364304 ], [ 395260.528992878913414, 3782796.439471007324755 ], [ 395260.528992878913414, 3782796.134282807819545 ], [ 395260.834181078360416, 3782795.829094608314335 ], [ 395261.139369277749211, 3782795.829094608314335 ], [ 395261.444557477138005, 3782795.523906408809125 ], [ 395261.7497456765268, 3782795.523906408809125 ], [ 395262.054933875915594, 3782795.218718209769577 ], [ 395263.886063072248362, 3782795.218718209769577 ], [ 395263.886063072248362, 3782795.523906408809125 ], [ 395264.191251271637157, 3782795.829094608314335 ], [ 395264.191251271637157, 3782796.744659206364304 ], [ 395264.496439471025951, 3782797.049847405869514 ], [ 395264.496439471025951, 3782797.660223804879934 ], [ 395264.801627670414746, 3782797.965412003919482 ], [ 395265.412004069192335, 3782797.965412003919482 ], [ 395265.71719226858113, 3782798.270600203424692 ], [ 395266.022380467969924, 3782798.270600203424692 ], [ 395266.327568667358719, 3782798.575788402929902 ], [ 395266.327568667358719, 3782798.880976602435112 ], [ 395266.632756866747513, 3782799.186164801474661 ], [ 395266.632756866747513, 3782801.932858596090227 ], [ 395266.937945066136308, 3782802.238046795595437 ], [ 395266.937945066136308, 3782802.848423194140196 ], [ 395267.243133265525103, 3782803.153611393645406 ], [ 395266.937945066136308, 3782803.458799593150616 ], [ 395266.937945066136308, 3782804.069175991695374 ], [ 395266.632756866747513, 3782804.374364191200584 ], [ 395266.022380467969924, 3782804.374364191200584 ], [ 395265.71719226858113, 3782804.679552390705794 ], [ 395264.801627670414746, 3782804.679552390705794 ], [ 395264.496439471025951, 3782804.984740590211004 ], [ 395263.886063072248362, 3782804.984740590211004 ], [ 395263.580874872859567, 3782805.289928789250553 ], [ 395261.7497456765268, 3782805.289928789250553 ] ] ] } },
{ "type": "Feature", "properties": { "confidence": 0.99618726968765259, "class": 1, "regularized": null }, "geometry": { "type": "Polygon", "coordinates": [ [ [ 395246.795523906417657, 3782933.468972533009946 ], [ 395245.879959308251273, 3782932.553407934959978 ], [ 395245.879959308251273, 3782932.248219735454768 ], [ 395244.659206510696094, 3782931.02746693789959 ], [ 395244.3540183113073, 3782931.02746693789959 ], [ 395244.3540183113073, 3782930.72227873839438 ], [ 395243.743641912529711, 3782930.111902339849621 ], [ 395243.743641912529711, 3782926.144455747678876 ], [ 395244.048830111918505, 3782925.839267548173666 ], [ 395244.3540183113073, 3782925.839267548173666 ], [ 395244.659206510696094, 3782925.534079349134117 ], [ 395245.269582909473684, 3782925.534079349134117 ], [ 395245.574771108862478, 3782925.228891149628907 ], [ 395246.185147507640067, 3782925.228891149628907 ], [ 395246.490335707028862, 3782924.923702950123698 ], [ 395247.405900305195246, 3782924.923702950123698 ], [ 395247.71108850458404, 3782924.618514750618488 ], [ 395248.32146490336163, 3782924.618514750618488 ], [ 395248.626653102750424, 3782924.313326551578939 ], [ 395248.931841302139219, 3782924.313326551578939 ], [ 395249.237029501528013, 3782924.008138352073729 ], [ 395250.152594099694397, 3782924.008138352073729 ], [ 395250.457782299083192, 3782923.702950152568519 ], [ 395251.068158697860781, 3782923.702950152568519 ], [ 395251.373346897249576, 3782924.008138352073729 ], [ 395251.983723296027165, 3782924.008138352073729 ], [ 395251.983723296027165, 3782924.313326551578939 ], [ 395252.594099694804754, 3782924.923702950123698 ], [ 395252.594099694804754, 3782926.449643947184086 ], [ 395252.899287894193549, 3782926.754832146689296 ], [ 395253.204476093582343, 3782926.754832146689296 ], [ 395253.509664292971138, 3782927.060020345728844 ], [ 395253.509664292971138, 3782929.501525940839201 ], [ 395253.204476093582343, 3782929.806714140344411 ], [ 395253.204476093582343, 3782930.72227873839438 ], [ 395252.899287894193549, 3782931.02746693789959 ], [ 395252.899287894193549, 3782931.332655137404799 ], [ 395252.594099694804754, 3782931.637843336910009 ], [ 395252.28891149541596, 3782931.637843336910009 ], [ 395251.983723296027165, 3782931.943031535949558 ], [ 395251.67853509663837, 3782931.943031535949558 ], [ 395251.373346897249576, 3782932.248219735454768 ], [ 395250.762970498471987, 3782932.248219735454768 ], [ 395250.457782299083192, 3782932.553407934959978 ], [ 395250.152594099694397, 3782932.553407934959978 ], [ 395249.847405900305603, 3782932.858596134465188 ], [ 395249.542217700916808, 3782932.858596134465188 ], [ 395249.237029501528013, 3782933.163784333504736 ], [ 395248.931841302139219, 3782933.163784333504736 ], [ 395248.626653102750424, 3782933.468972533009946 ], [ 395246.795523906417657, 3782933.468972533009946 ] ] ] } },
{ "type": "Feature", "properties": { "confidence": 0.99609142541885376, "class": 1, "regularized": null }, "geometry": { "type": "Polygon", "coordinates": [ [ [ 394935.808748728362843, 3782514.445574771147221 ], [ 394935.503560528974049, 3782514.140386571642011 ], [ 394934.89318413019646, 3782514.140386571642011 ], [ 394934.89318413019646, 3782512.614445574581623 ], [ 394935.198372329585254, 3782512.309257375542074 ], [ 394935.198372329585254, 3782510.172939979471266 ], [ 394935.503560528974049, 3782509.867751780431718 ], [ 394935.503560528974049, 3782509.257375381421298 ], [ 394937.029501525918022, 3782507.731434384360909 ], [ 394937.334689725306816, 3782507.731434384360909 ], [ 394937.639877924695611, 3782507.426246185321361 ], [ 394937.639877924695611, 3782507.121057985816151 ], [ 394941.607324516808148, 3782507.121057985816151 ], [ 394941.607324516808148, 3782507.426246185321361 ], [ 394941.912512716196943, 3782507.731434384360909 ], [ 394942.522889114974532, 3782507.731434384360909 ], [ 394943.133265513752121, 3782508.341810783371329 ], [ 394943.438453713140916, 3782508.341810783371329 ], [ 394943.743641912529711, 3782508.646998982876539 ], [ 394944.3540183113073, 3782508.646998982876539 ], [ 394944.3540183113073, 3782508.952187181916088 ], [ 394944.659206510696094, 3782509.257375381421298 ], [ 394945.269582909473684, 3782509.257375381421298 ], [ 394945.269582909473684, 3782509.867751780431718 ], [ 394946.185147507640067, 3782510.783316378481686 ], [ 394946.185147507640067, 3782512.919633774086833 ], [ 394946.490335707028862, 3782513.224821973592043 ], [ 394946.490335707028862, 3782513.835198372136801 ], [ 394946.185147507640067, 3782514.140386571642011 ], [ 394945.574771108862478, 3782514.140386571642011 ], [ 394945.269582909473684, 3782514.445574771147221 ], [ 394935.808748728362843, 3782514.445574771147221 ] ] ] } },
{ "type": "Feature", "properties": { "confidence": 0.99605846405029297, "class": 1, "regularized": null }, "geometry": { "type": "Polygon", "coordinates": [ [ [ 395160.427263479155954, 3782699.38962360098958 ], [ 395159.816887080378365, 3782698.779247202444822 ], [ 395159.816887080378365, 3782698.168870803434402 ], [ 395159.206510681600776, 3782697.558494404889643 ], [ 395159.206510681600776, 3782697.253306205384433 ], [ 395158.901322482211981, 3782696.948118005879223 ], [ 395158.901322482211981, 3782696.642929806839675 ], [ 395158.290946083434392, 3782696.032553407829255 ], [ 395158.290946083434392, 3782694.506612410768867 ], [ 395158.596134282823186, 3782694.201424211729318 ], [ 395158.901322482211981, 3782694.201424211729318 ], [ 395159.206510681600776, 3782693.896236012224108 ], [ 395159.51169888098957, 3782693.896236012224108 ], [ 395159.816887080378365, 3782693.591047812718898 ], [ 395160.122075279767159, 3782693.591047812718898 ], [ 395160.427263479155954, 3782693.285859613213688 ], [ 395160.732451678544749, 3782693.285859613213688 ], [ 395161.037639877933543, 3782692.980671414174139 ], [ 395161.953204476099927, 3782692.980671414174139 ], [ 395162.258392675488722, 3782692.67548321466893 ], [ 395163.4791454730439, 3782692.67548321466893 ], [ 395164.089521871821489, 3782693.285859613213688 ], [ 395164.089521871821489, 3782693.591047812718898 ], [ 395164.394710071210284, 3782693.896236012224108 ], [ 395164.394710071210284, 3782694.506612410768867 ], [ 395164.699898270599078, 3782694.811800610274076 ], [ 395165.005086469987873, 3782694.811800610274076 ], [ 395165.005086469987873, 3782695.116988809779286 ], [ 395165.310274669376668, 3782695.422177009284496 ], [ 395165.310274669376668, 3782696.337741607334465 ], [ 395165.615462868765462, 3782696.642929806839675 ], [ 395165.615462868765462, 3782697.558494404889643 ], [ 395165.310274669376668, 3782697.863682604394853 ], [ 395165.310274669376668, 3782698.168870803434402 ], [ 395165.005086469987873, 3782698.474059002939612 ], [ 395164.394710071210284, 3782698.474059002939612 ], [ 395164.089521871821489, 3782698.779247202444822 ], [ 395163.173957273655105, 3782698.779247202444822 ], [ 395162.868769074266311, 3782699.084435401950032 ], [ 395162.563580874877516, 3782699.084435401950032 ], [ 395162.258392675488722, 3782699.38962360098958 ], [ 395160.427263479155954, 3782699.38962360098958 ] ] ] } },
{ "type": "Feature", "properties": { "confidence": 0.99582642316818237, "class": 1, "regularized": "rectangle" }, "geometry": { "type": "Polygon", "coordinates": [ [ [ 394933.96875, 3782580.25 ], [ 394952.28125, 3782580.25 ], [ 394952.28125, 3782589.75 ], [ 394933.96875, 3782589.75 ], [ 394933.96875, 3782580.25 ] ] ] } },
{ "type": "Feature", "properties": { "confidence": 0.99537801742553711, "class": 1, "regularized": null }, "geometry": { "type": "Polygon", "coordinates": [ [ [ 395009.969481180072762, 3782466.225839267484844 ], [ 395009.664292980683967, 3782465.920651067979634 ], [ 395008.443540183128789, 3782465.920651067979634 ], [ 395008.138351983739994, 3782465.615462868940085 ], [ 395006.612410986796021, 3782465.615462868940085 ], [ 395006.307222787407227, 3782465.310274669434875 ], [ 395006.002034588018432, 3782465.310274669434875 ], [ 395006.002034588018432, 3782465.005086469929665 ], [ 395005.391658189240843, 3782464.394710071384907 ], [ 395005.391658189240843, 3782463.784333672374487 ], [ 395005.086469989852048, 3782463.479145472869277 ], [ 395005.086469989852048, 3782458.901322482153773 ], [ 395005.391658189240843, 3782458.901322482153773 ], [ 395005.696846388629638, 3782458.596134282648563 ], [ 395010.274669379461557, 3782458.596134282648563 ], [ 395010.579857578850351, 3782458.290946083609015 ], [ 395013.936927772127092, 3782458.290946083609015 ], [ 395014.242115971515886, 3782457.985757884103805 ], [ 395015.768056968459859, 3782457.985757884103805 ], [ 395016.073245167848654, 3782458.290946083609015 ], [ 395016.683621566626243, 3782458.290946083609015 ], [ 395016.683621566626243, 3782458.596134282648563 ], [ 395017.293997965403832, 3782459.206510681658983 ], [ 395017.293997965403832, 3782460.122075279708952 ], [ 395017.599186164792627, 3782460.427263479214162 ], [ 395017.599186164792627, 3782461.34282807726413 ], [ 395017.904374364181422, 3782461.64801627676934 ], [ 395017.904374364181422, 3782465.615462868940085 ], [ 395017.599186164792627, 3782465.615462868940085 ], [ 395017.293997965403832, 3782465.920651067979634 ], [ 395016.073245167848654, 3782465.920651067979634 ], [ 395015.768056968459859, 3782466.225839267484844 ], [ 395009.969481180072762, 3782466.225839267484844 ] ] ] } },
{ "type": "Feature", "properties": { "confidence": 0.99527400732040405, "class": 1, "regularized": null }, "geometry": { "type": "Polygon", "coordinates": [ [ [ 395303.560528992908075, 3782635.300101729575545 ], [ 395302.950152594072279, 3782634.689725330565125 ], [ 395302.950152594072279, 3782633.468972533009946 ], [ 395302.644964394683484, 3782633.163784333504736 ], [ 395302.644964394683484, 3782632.553407934959978 ], [ 395302.339776195294689, 3782632.248219735454768 ], [ 395302.339776195294689, 3782631.943031535949558 ], [ 395302.034587995905895, 3782631.637843336910009 ], [ 395302.034587995905895, 3782631.02746693789959 ], [ 395301.7293997965171, 3782630.72227873839438 ], [ 395301.7293997965171, 3782630.111902339849621 ], [ 395301.424211597128306, 3782629.806714140344411 ], [ 395301.424211597128306, 3782629.501525940839201 ], [ 395301.119023397739511, 3782629.196337741799653 ], [ 395301.119023397739511, 3782628.891149542294443 ], [ 395301.7293997965171, 3782628.280773143284023 ], [ 395302.034587995905895, 3782628.280773143284023 ], [ 395302.339776195294689, 3782627.975584944244474 ], [ 395303.560528992908075, 3782627.975584944244474 ], [ 395303.86571719229687, 3782627.670396744739264 ], [ 395304.476093591074459, 3782627.670396744739264 ], [ 395304.781281790463254, 3782627.365208545234054 ], [ 395305.391658189240843, 3782627.365208545234054 ], [ 395306.002034588018432, 3782626.754832146689296 ], [ 395307.527975584962405, 3782626.754832146689296 ], [ 395307.527975584962405, 3782634.384537131059915 ], [ 395306.917599186184816, 3782634.384537131059915 ], [ 395306.612410986796021, 3782634.689725330565125 ], [ 395305.696846388629638, 3782634.689725330565125 ], [ 395305.391658189240843, 3782634.994913530070335 ], [ 395304.476093591074459, 3782634.994913530070335 ], [ 395304.170905391685665, 3782635.300101729575545 ], [ 395303.560528992908075, 3782635.300101729575545 ] ] ] } },
{ "type": "Feature", "properties": { "confidence": 0.99520915746688843, "class": 1, "regularized": "rectangle" }, "geometry": { "type": "Polygon", "coordinates": [ [ [ 394860.03125, 3782412.0 ], [ 394879.71875, 3782411.5 ], [ 394879.90625, 3782420.5 ], [ 394860.21875, 3782421.0 ], [ 394860.03125, 3782412.0 ] ] ] } },
{ "type": "Feature", "properties": { "confidence": 0.99510276317596436, "class": 1, "regularized": null }, "geometry": { "type": "Polygon", "coordinates": [ [ [ 394921.770091556478292, 3782974.364191251341254 ], [ 394921.464903357089497, 3782974.059003051836044 ], [ 394921.159715157700703, 3782974.059003051836044 ], [ 394921.159715157700703, 3782973.753814852330834 ], [ 394920.854526958311908, 3782973.448626653291285 ], [ 394920.854526958311908, 3782973.143438453786075 ], [ 394920.549338758923113, 3782972.838250254280865 ], [ 394920.549338758923113, 3782972.227873855736107 ], [ 394920.244150559534319, 3782971.922685656230897 ], [ 394920.244150559534319, 3782970.396744659170508 ], [ 394919.938962360145524, 3782970.091556459665298 ], [ 394919.938962360145524, 3782969.78636826062575 ], [ 394919.63377416075673, 3782969.48118006112054 ], [ 394920.549338758923113, 3782968.565615463070571 ], [ 394920.854526958311908, 3782968.565615463070571 ], [ 394921.159715157700703, 3782968.260427263565361 ], [ 394921.464903357089497, 3782968.260427263565361 ], [ 394921.770091556478292, 3782967.955239064060152 ], [ 394922.075279755867086, 3782967.955239064060152 ], [ 394922.380467955255881, 3782967.650050864554942 ], [ 394922.99084435403347, 3782967.650050864554942 ], [ 394923.601220752811059, 3782967.039674466010183 ], [ 394924.821973550366238, 3782967.039674466010183 ], [ 394924.821973550366238, 3782967.344862665515393 ], [ 394925.127161749755032, 3782967.650050864554942 ], [ 394925.127161749755032, 3782968.565615463070571 ], [ 394926.042726347921416, 3782969.48118006112054 ], [ 394926.347914547310211, 3782969.48118006112054 ], [ 394926.347914547310211, 3782969.78636826062575 ], [ 394926.653102746699005, 3782970.091556459665298 ], [ 394926.653102746699005, 3782971.617497456725687 ], [ 394926.9582909460878, 3782971.922685656230897 ], [ 394926.9582909460878, 3782972.533062054775655 ], [ 394926.653102746699005, 3782972.533062054775655 ], [ 394926.042726347921416, 3782973.143438453786075 ], [ 394925.432349949143827, 3782973.143438453786075 ], [ 394925.127161749755032, 3782973.448626653291285 ], [ 394924.821973550366238, 3782973.448626653291285 ], [ 394924.516785350977443, 3782973.753814852330834 ], [ 394923.906408952199854, 3782973.753814852330834 ], [ 394923.601220752811059, 3782974.059003051836044 ], [ 394922.99084435403347, 3782974.059003051836044 ], [ 394922.685656154644676, 3782974.364191251341254 ], [ 394921.770091556478292, 3782974.364191251341254 ] ] ] } },
{ "type": "Feature", "properties": { "confidence": 0.99496549367904663, "class": 1, "regularized": null }, "geometry": { "type": "Polygon", "coordinates": [ [ [ 395195.829094608314335, 3782731.739572736434639 ], [ 395195.218718209536746, 3782731.12919633788988 ], [ 395195.218718209536746, 3782729.298067141324282 ], [ 395194.303153611370362, 3782728.382502543274313 ], [ 395193.997965411981568, 3782728.382502543274313 ], [ 395193.387589013203979, 3782727.772126144263893 ], [ 395193.082400813815184, 3782727.772126144263893 ], [ 395192.777212614426389, 3782727.466937945224345 ], [ 395192.777212614426389, 3782726.856561546213925 ], [ 395202.23804679553723, 3782726.856561546213925 ], [ 395202.23804679553723, 3782727.466937945224345 ], [ 395202.543234994926024, 3782727.772126144263893 ], [ 395202.543234994926024, 3782728.992878941819072 ], [ 395201.932858596148435, 3782729.603255340829492 ], [ 395201.62767039675964, 3782729.603255340829492 ], [ 395201.322482197370846, 3782729.908443540334702 ], [ 395201.017293997982051, 3782729.908443540334702 ], [ 395200.712105798593257, 3782730.21363173937425 ], [ 395200.406917599204462, 3782730.21363173937425 ], [ 395200.101729399815667, 3782730.51881993887946 ], [ 395199.491353001038078, 3782730.51881993887946 ], [ 395199.186164801649284, 3782730.82400813838467 ], [ 395198.880976602260489, 3782730.82400813838467 ], [ 395198.575788402871694, 3782731.12919633788988 ], [ 395197.965412004094105, 3782731.12919633788988 ], [ 395197.660223804705311, 3782731.434384536929429 ], [ 395197.049847405927721, 3782731.434384536929429 ], [ 395196.744659206538927, 3782731.739572736434639 ], [ 395195.829094608314335, 3782731.739572736434639 ] ] ] } },
{ "type": "Feature", "properties": { "confidence": 0.99474674463272095, "class": 1, "regularized": null }, "geometry": { "type": "Polygon", "coordinates": [ [ [ 395180.8748728382634, 3782799.79654120048508 ], [ 395180.8748728382634, 3782799.491353000979871 ], [ 395180.569684638874605, 3782799.186164801474661 ], [ 395180.264496439485811, 3782799.186164801474661 ], [ 395179.654120040708221, 3782798.575788402929902 ], [ 395179.348931841319427, 3782798.575788402929902 ], [ 395179.348931841319427, 3782798.270600203424692 ], [ 395179.043743641930632, 3782797.965412003919482 ], [ 395179.043743641930632, 3782796.439471007324755 ], [ 395179.348931841319427, 3782796.134282807819545 ], [ 395179.348931841319427, 3782795.523906408809125 ], [ 395179.959308240097016, 3782794.913530010264367 ], [ 395179.959308240097016, 3782794.608341810759157 ], [ 395180.264496439485811, 3782794.608341810759157 ], [ 395180.8748728382634, 3782793.997965412214398 ], [ 395180.8748728382634, 3782793.692777212709188 ], [ 395181.180061037652194, 3782793.387589013203979 ], [ 395181.180061037652194, 3782792.47202441515401 ], [ 395181.485249237040989, 3782792.1668362156488 ], [ 395182.095625635818578, 3782792.1668362156488 ], [ 395182.400813835207373, 3782791.86164801614359 ], [ 395183.011190233984962, 3782791.86164801614359 ], [ 395183.316378433373757, 3782791.556459817104042 ], [ 395184.537131230928935, 3782791.556459817104042 ], [ 395184.84231943031773, 3782791.86164801614359 ], [ 395185.452695829095319, 3782791.86164801614359 ], [ 395185.757884028484114, 3782792.1668362156488 ], [ 395187.283825025428087, 3782792.1668362156488 ], [ 395187.589013224816881, 3782792.47202441515401 ], [ 395187.894201424205676, 3782792.47202441515401 ], [ 395188.80976602237206, 3782793.387589013203979 ], [ 395189.114954221760854, 3782793.387589013203979 ], [ 395189.114954221760854, 3782795.829094608314335 ], [ 395188.80976602237206, 3782796.134282807819545 ], [ 395188.80976602237206, 3782796.744659206364304 ], [ 395188.504577822983265, 3782797.049847405869514 ], [ 395188.504577822983265, 3782798.880976602435112 ], [ 395188.19938962359447, 3782799.186164801474661 ], [ 395187.894201424205676, 3782799.186164801474661 ], [ 395187.589013224816881, 3782799.491353000979871 ], [ 395187.283825025428087, 3782799.186164801474661 ], [ 395186.673448626650497, 3782799.186164801474661 ], [ 395186.368260427261703, 3782798.880976602435112 ], [ 395184.231943031540141, 3782798.880976602435112 ], [ 395183.926754832151346, 3782799.186164801474661 ], [ 395183.621566632762551, 3782799.186164801474661 ], [ 395183.316378433373757, 3782799.491353000979871 ], [ 395182.706002034596168, 3782799.491353000979871 ], [ 395182.400813835207373, 3782799.79654120048508 ], [ 395180.8748728382634, 3782799.79654120048508 ] ] ] } },
{ "type": "Feature", "properties": { "confidence": 0.99473273754119873, "class": 1, "regularized": null }, "geometry": { "type": "Polygon", "coordinates": [ [ [ 395007.222787385573611, 3782882.807731434237212 ], [ 395007.222787385573611, 3782882.502543235197663 ], [ 395006.917599186184816, 3782882.197355035692453 ], [ 395006.917599186184816, 3782881.892166836187243 ], [ 395006.307222787407227, 3782881.281790437642485 ], [ 395006.307222787407227, 3782879.450661241076887 ], [ 395006.612410986796021, 3782879.450661241076887 ], [ 395006.917599186184816, 3782879.145473041571677 ], [ 395006.917599186184816, 3782878.535096643026918 ], [ 395008.138351983739994, 3782877.31434384547174 ], [ 395008.443540183128789, 3782877.31434384547174 ], [ 395008.748728382517584, 3782877.00915564596653 ], [ 395009.053916581906378, 3782877.00915564596653 ], [ 395009.359104781295173, 3782876.70396744646132 ], [ 395009.969481180072762, 3782876.70396744646132 ], [ 395010.274669379461557, 3782876.398779247421771 ], [ 395010.885045778239146, 3782876.398779247421771 ], [ 395011.19023397762794, 3782876.093591047916561 ], [ 395011.80061037640553, 3782876.093591047916561 ], [ 395012.105798575794324, 3782875.788402848411351 ], [ 395013.021363173960708, 3782875.788402848411351 ], [ 395013.326551373349503, 3782875.483214648906142 ], [ 395014.242115971515886, 3782875.483214648906142 ], [ 395014.547304170904681, 3782875.788402848411351 ], [ 395014.852492370293476, 3782875.788402848411351 ], [ 395014.852492370293476, 3782876.093591047916561 ], [ 395015.15768056968227, 3782876.398779247421771 ], [ 395015.15768056968227, 3782877.31434384547174 ], [ 395015.462868769071065, 3782877.61953204497695 ], [ 395015.462868769071065, 3782879.755849440582097 ], [ 395015.15768056968227, 3782880.061037640087306 ], [ 395015.15768056968227, 3782880.976602238137275 ], [ 395014.852492370293476, 3782880.976602238137275 ], [ 395014.547304170904681, 3782881.281790437642485 ], [ 395014.547304170904681, 3782881.586978636682034 ], [ 395014.242115971515886, 3782881.892166836187243 ], [ 395013.936927772127092, 3782881.892166836187243 ], [ 395013.631739572738297, 3782882.197355035692453 ], [ 395012.105798575794324, 3782882.197355035692453 ], [ 395011.80061037640553, 3782882.502543235197663 ], [ 395011.80061037640553, 3782882.807731434237212 ], [ 395007.222787385573611, 3782882.807731434237212 ] ] ] } },
{ "type": "Feature", "properties": { "confidence": 0.99374723434448242, "class": 1, "regularized": null }, "geometry": { "type": "Polygon", "coordinates": [ [ [ 395264.801627670414746, 3782653.001017293892801 ], [ 395264.496439471025951, 3782652.695829094387591 ], [ 395263.886063072248362, 3782652.695829094387591 ], [ 395263.580874872859567, 3782652.390640895348042 ], [ 395263.580874872859567, 3782652.085452695842832 ], [ 395263.275686673470773, 3782651.780264496337622 ], [ 395263.275686673470773, 3782651.475076296832412 ], [ 395262.970498474081978, 3782651.169888097792864 ], [ 395262.970498474081978, 3782650.864699898287654 ], [ 395262.360122075304389, 3782650.254323499277234 ], [ 395262.360122075304389, 3782649.643947100732476 ], [ 395262.054933875915594, 3782649.338758901227266 ], [ 395262.054933875915594, 3782648.728382502682507 ], [ 395261.7497456765268, 3782648.423194303177297 ], [ 395261.7497456765268, 3782648.118006103672087 ], [ 395261.444557477138005, 3782647.812817904166877 ], [ 395261.444557477138005, 3782647.507629705127329 ], [ 395260.834181078360416, 3782646.897253306116909 ], [ 395260.834181078360416, 3782643.845371312461793 ], [ 395261.444557477138005, 3782643.234994913451374 ], [ 395261.7497456765268, 3782643.234994913451374 ], [ 395262.054933875915594, 3782642.929806713946164 ], [ 395262.970498474081978, 3782642.929806713946164 ], [ 395263.275686673470773, 3782642.624618514906615 ], [ 395263.886063072248362, 3782642.624618514906615 ], [ 395264.191251271637157, 3782642.319430315401405 ], [ 395266.327568667358719, 3782642.319430315401405 ], [ 395266.937945066136308, 3782642.929806713946164 ], [ 395266.937945066136308, 3782643.234994913451374 ], [ 395267.243133265525103, 3782643.540183112956583 ], [ 395267.243133265525103, 3782643.845371312461793 ], [ 395267.853509664302692, 3782644.455747711006552 ], [ 395267.853509664302692, 3782645.066124110016972 ], [ 395268.463886063080281, 3782645.67650050856173 ], [ 395268.463886063080281, 3782647.202441505622119 ], [ 395268.769074262469076, 3782647.507629705127329 ], [ 395268.769074262469076, 3782649.033570701722056 ], [ 395268.158697863691486, 3782649.643947100732476 ], [ 395267.853509664302692, 3782649.643947100732476 ], [ 395267.548321464913897, 3782649.949135300237685 ], [ 395267.548321464913897, 3782651.475076296832412 ], [ 395266.327568667358719, 3782652.695829094387591 ], [ 395265.10681586980354, 3782652.695829094387591 ], [ 395264.801627670414746, 3782653.001017293892801 ] ] ] } },
{ "type": "Feature", "properties": { "confidence": 0.99359703063964844, "class": 1, "regularized": null }, "geometry": { "type": "Polygon", "coordinates": [ [ [ 395153.713123092602473, 3782992.980671414174139 ], [ 395152.492370294989087, 3782991.759918616618961 ], [ 395152.492370294989087, 3782991.149542217608541 ], [ 395152.187182095600292, 3782990.844354018103331 ], [ 395152.187182095600292, 3782990.233977619558573 ], [ 395151.881993896211497, 3782989.928789420053363 ], [ 395151.576805696822703, 3782989.928789420053363 ], [ 395151.576805696822703, 3782987.182095625437796 ], [ 395151.881993896211497, 3782987.182095625437796 ], [ 395152.187182095600292, 3782986.876907426398247 ], [ 395152.187182095600292, 3782985.961342827882618 ], [ 395153.40793489315547, 3782984.740590030327439 ], [ 395154.323499491380062, 3782984.740590030327439 ], [ 395154.628687690768857, 3782984.435401831287891 ], [ 395154.933875890157651, 3782984.435401831287891 ], [ 395155.239064089546446, 3782984.130213631782681 ], [ 395155.849440488324035, 3782984.130213631782681 ], [ 395155.849440488324035, 3782984.740590030327439 ], [ 395156.15462868771283, 3782985.045778229832649 ], [ 395156.15462868771283, 3782985.350966429337859 ], [ 395156.459816887101624, 3782985.656154628843069 ], [ 395156.459816887101624, 3782986.266531027387828 ], [ 395156.765005086490419, 3782986.571719226893038 ], [ 395156.765005086490419, 3782986.876907426398247 ], [ 395158.596134282823186, 3782988.708036622498184 ], [ 395158.596134282823186, 3782989.013224822003394 ], [ 395158.901322482211981, 3782989.318413021508604 ], [ 395158.901322482211981, 3782989.623601220548153 ], [ 395157.680569684656803, 3782990.844354018103331 ], [ 395157.680569684656803, 3782991.149542217608541 ], [ 395157.375381485268008, 3782991.149542217608541 ], [ 395156.15462868771283, 3782992.37029501516372 ], [ 395155.849440488324035, 3782992.37029501516372 ], [ 395155.54425228893524, 3782992.67548321466893 ], [ 395155.239064089546446, 3782992.67548321466893 ], [ 395154.933875890157651, 3782992.980671414174139 ], [ 395153.713123092602473, 3782992.980671414174139 ] ] ] } },
{ "type": "Feature", "properties": { "confidence": 0.99339699745178223, "class": 1, "regularized": null }, "geometry": { "type": "Polygon", "coordinates": [ [ [ 395239.471007121086586, 3782802.543234995100647 ], [ 395239.165818921639584, 3782802.238046795595437 ], [ 395239.165818921639584, 3782801.932858596090227 ], [ 395238.860630722250789, 3782801.627670396585017 ], [ 395238.860630722250789, 3782799.491353000979871 ], [ 395238.555442522861995, 3782799.186164801474661 ], [ 395238.555442522861995, 3782798.880976602435112 ], [ 395238.2502543234732, 3782798.575788402929902 ], [ 395238.2502543234732, 3782797.965412003919482 ], [ 395237.945066124084406, 3782797.660223804879934 ], [ 395237.945066124084406, 3782795.829094608314335 ], [ 395237.639877924695611, 3782795.523906408809125 ], [ 395237.945066124084406, 3782795.218718209769577 ], [ 395237.945066124084406, 3782794.913530010264367 ], [ 395238.860630722250789, 3782793.997965412214398 ], [ 395239.165818921639584, 3782793.997965412214398 ], [ 395239.471007121086586, 3782793.692777212709188 ], [ 395240.081383519864175, 3782793.692777212709188 ], [ 395240.38657171925297, 3782793.387589013203979 ], [ 395240.691759918641765, 3782793.387589013203979 ], [ 395240.996948118030559, 3782793.082400813698769 ], [ 395242.217700915585738, 3782793.082400813698769 ], [ 395242.522889114974532, 3782792.77721261465922 ], [ 395243.438453713140916, 3782792.77721261465922 ], [ 395244.048830111918505, 3782793.387589013203979 ], [ 395244.048830111918505, 3782795.523906408809125 ], [ 395244.3540183113073, 3782795.829094608314335 ], [ 395244.3540183113073, 3782796.744659206364304 ], [ 395244.659206510696094, 3782797.049847405869514 ], [ 395244.659206510696094, 3782797.355035605374724 ], [ 395244.964394710084889, 3782797.660223804879934 ], [ 395244.964394710084889, 3782797.965412003919482 ], [ 395245.269582909473684, 3782798.270600203424692 ], [ 395245.269582909473684, 3782798.575788402929902 ], [ 395245.574771108862478, 3782798.880976602435112 ], [ 395245.574771108862478, 3782799.491353000979871 ], [ 395245.879959308251273, 3782799.79654120048508 ], [ 395245.879959308251273, 3782800.712105798535049 ], [ 395245.574771108862478, 3782800.712105798535049 ], [ 395245.269582909473684, 3782801.017293998040259 ], [ 395244.048830111918505, 3782801.017293998040259 ], [ 395243.743641912529711, 3782801.322482197545469 ], [ 395243.133265513752121, 3782801.322482197545469 ], [ 395242.828077314363327, 3782801.627670396585017 ], [ 395241.912512716196943, 3782801.627670396585017 ], [ 395241.607324516808148, 3782801.932858596090227 ], [ 395241.302136317419354, 3782801.932858596090227 ], [ 395240.996948118030559, 3782802.238046795595437 ], [ 395240.691759918641765, 3782802.238046795595437 ], [ 395240.38657171925297, 3782802.543234995100647 ], [ 395239.471007121086586, 3782802.543234995100647 ] ] ] } },
{ "type": "Feature", "properties": { "confidence": 0.99322938919067383, "class": 1, "regularized": null }, "geometry": { "type": "Polygon", "coordinates": [ [ [ 395304.781281790463254, 3782930.72227873839438 ], [ 395304.476093591074459, 3782930.417090539354831 ], [ 395304.170905391685665, 3782930.417090539354831 ], [ 395303.86571719229687, 3782930.111902339849621 ], [ 395303.86571719229687, 3782929.806714140344411 ], [ 395303.560528992908075, 3782929.501525940839201 ], [ 395303.560528992908075, 3782928.891149542294443 ], [ 395302.950152594072279, 3782928.280773143284023 ], [ 395302.950152594072279, 3782927.670396744739264 ], [ 395302.644964394683484, 3782927.365208545234054 ], [ 395302.644964394683484, 3782926.449643947184086 ], [ 395302.339776195294689, 3782926.144455747678876 ], [ 395302.339776195294689, 3782925.534079349134117 ], [ 395302.034587995905895, 3782925.228891149628907 ], [ 395302.034587995905895, 3782924.923702950123698 ], [ 395301.7293997965171, 3782924.618514750618488 ], [ 395301.7293997965171, 3782923.397761953063309 ], [ 395301.424211597128306, 3782923.092573754023761 ], [ 395301.424211597128306, 3782921.566632756963372 ], [ 395301.7293997965171, 3782921.261444557458162 ], [ 395301.7293997965171, 3782920.956256357952952 ], [ 395302.034587995905895, 3782920.651068158913404 ], [ 395302.644964394683484, 3782920.651068158913404 ], [ 395303.255340793461073, 3782920.040691759902984 ], [ 395303.255340793461073, 3782919.430315361358225 ], [ 395302.950152594072279, 3782919.125127161853015 ], [ 395303.255340793461073, 3782919.125127161853015 ], [ 395303.560528992908075, 3782918.819938962347806 ], [ 395304.170905391685665, 3782918.819938962347806 ], [ 395304.476093591074459, 3782918.514750762842596 ], [ 395305.391658189240843, 3782918.514750762842596 ], [ 395305.696846388629638, 3782918.209562563803047 ], [ 395306.002034588018432, 3782918.209562563803047 ], [ 395306.307222787407227, 3782917.904374364297837 ], [ 395307.527975584962405, 3782917.904374364297837 ], [ 395307.527975584962405, 3782930.417090539354831 ], [ 395306.612410986796021, 3782930.417090539354831 ], [ 395306.307222787407227, 3782930.72227873839438 ], [ 395304.781281790463254, 3782930.72227873839438 ] ] ] } },
{ "type": "Feature", "properties": { "confidence": 0.99301481246948242, "class": 1, "regularized": "rectangle" }, "geometry": { "type": "Polygon", "coordinates": [ [ [ 395160.96875, 3782460.5 ], [ 395172.46875, 3782460.0 ], [ 395172.96875, 3782473.0 ], [ 395161.46875, 3782473.5 ], [ 395160.96875, 3782460.5 ] ] ] } },
{ "type": "Feature", "properties": { "confidence": 0.99282550811767578, "class": 1, "regularized": null }, "geometry": { "type": "Polygon", "coordinates": [ [ [ 395377.110885045782197, 3782587.690742624457926 ], [ 395376.805696846393403, 3782587.385554425418377 ], [ 395376.500508647004608, 3782587.385554425418377 ], [ 395376.195320447615813, 3782587.080366225913167 ], [ 395376.195320447615813, 3782586.775178026407957 ], [ 395375.890132248227019, 3782586.469989826902747 ], [ 395375.890132248227019, 3782585.859613428357989 ], [ 395375.584944048838224, 3782585.554425228852779 ], [ 395375.584944048838224, 3782585.249237029347569 ], [ 395375.27975584944943, 3782584.94404883030802 ], [ 395375.27975584944943, 3782583.723296032752842 ], [ 395375.584944048838224, 3782583.418107833247632 ], [ 395375.584944048838224, 3782583.112919633742422 ], [ 395375.890132248227019, 3782583.112919633742422 ], [ 395376.195320447615813, 3782582.807731434237212 ], [ 395376.805696846393403, 3782582.807731434237212 ], [ 395377.416073245170992, 3782582.197355035692453 ], [ 395378.331637843337376, 3782582.197355035692453 ], [ 395378.942014242114965, 3782581.586978636682034 ], [ 395379.552390640892554, 3782581.586978636682034 ], [ 395380.162767039670143, 3782582.197355035692453 ], [ 395380.162767039670143, 3782582.502543235197663 ], [ 395380.773143438447732, 3782583.112919633742422 ], [ 395381.688708036614116, 3782583.112919633742422 ], [ 395381.993896236002911, 3782583.418107833247632 ], [ 395382.299084435391705, 3782583.418107833247632 ], [ 395382.909460834169295, 3782584.02848423179239 ], [ 395382.909460834169295, 3782584.63886063080281 ], [ 395381.993896236002911, 3782585.554425228852779 ], [ 395381.688708036614116, 3782585.554425228852779 ], [ 395381.383519837225322, 3782585.859613428357989 ], [ 395381.078331637836527, 3782585.859613428357989 ], [ 395380.773143438447732, 3782586.164801627863199 ], [ 395380.162767039670143, 3782586.164801627863199 ], [ 395379.857578840281349, 3782586.469989826902747 ], [ 395379.552390640892554, 3782586.469989826902747 ], [ 395379.247202441503759, 3782586.775178026407957 ], [ 395378.942014242114965, 3782586.775178026407957 ], [ 395378.63682604272617, 3782587.080366225913167 ], [ 395378.331637843337376, 3782587.080366225913167 ], [ 395378.026449643948581, 3782587.385554425418377 ], [ 395377.721261444559786, 3782587.385554425418377 ], [ 395377.416073245170992, 3782587.690742624457926 ], [ 395377.110885045782197, 3782587.690742624457926 ] ] ] } },
{ "type": "Feature", "properties": { "confidence": 0.99277859926223755, "class": 1, "regularized": null }, "geometry": { "type": "Polygon", "coordinates": [ [ [ 394977.314343845355324, 3782701.831129196565598 ], [ 394977.00915564596653, 3782701.525940997060388 ], [ 394976.093591047800146, 3782701.525940997060388 ], [ 394975.788402848411351, 3782701.220752797555178 ], [ 394975.483214649022557, 3782701.220752797555178 ], [ 394975.178026449633762, 3782700.915564598049968 ], [ 394974.872838250244968, 3782700.915564598049968 ], [ 394974.567650050856173, 3782700.61037639901042 ], [ 394973.346897253300995, 3782700.61037639901042 ], [ 394972.736520854523405, 3782700.0 ], [ 394972.736520854523405, 3782695.116988809779286 ], [ 394973.0417090539122, 3782694.811800610274076 ], [ 394973.0417090539122, 3782689.928789420053363 ], [ 394973.346897253300995, 3782689.623601220548153 ], [ 394973.346897253300995, 3782688.708036622498184 ], [ 394973.652085452689789, 3782688.708036622498184 ], [ 394973.957273652078584, 3782688.402848422992975 ], [ 394979.450661241076887, 3782688.402848422992975 ], [ 394979.755849440465681, 3782688.708036622498184 ], [ 394979.755849440465681, 3782690.844354018103331 ], [ 394980.061037639854476, 3782691.149542217608541 ], [ 394980.061037639854476, 3782692.06510681565851 ], [ 394979.755849440465681, 3782692.37029501516372 ], [ 394979.755849440465681, 3782696.642929806839675 ], [ 394980.061037639854476, 3782696.948118005879223 ], [ 394980.061037639854476, 3782701.220752797555178 ], [ 394979.755849440465681, 3782701.525940997060388 ], [ 394978.535096642910503, 3782701.525940997060388 ], [ 394978.229908443521708, 3782701.831129196565598 ], [ 394977.314343845355324, 3782701.831129196565598 ] ] ] } },
{ "type": "Feature", "properties": { "confidence": 0.99271458387374878, "class": 1, "regularized": null }, "geometry": { "type": "Polygon", "coordinates": [ [ [ 395154.323499491380062, 3782531.230925737414509 ], [ 395154.323499491380062, 3782529.094608341809362 ], [ 395154.628687690768857, 3782529.094608341809362 ], [ 395154.933875890157651, 3782528.789420142304152 ], [ 395155.239064089546446, 3782528.789420142304152 ], [ 395155.54425228893524, 3782528.484231942798942 ], [ 395157.985757884045597, 3782528.484231942798942 ], [ 395158.290946083434392, 3782528.179043743759394 ], [ 395159.816887080378365, 3782528.179043743759394 ], [ 395160.122075279767159, 3782527.873855544254184 ], [ 395161.342828077322338, 3782527.873855544254184 ], [ 395161.648016276711132, 3782527.568667344748974 ], [ 395163.173957273655105, 3782527.568667344748974 ], [ 395163.4791454730439, 3782527.263479145243764 ], [ 395165.310274669376668, 3782527.263479145243764 ], [ 395165.615462868765462, 3782527.568667344748974 ], [ 395165.615462868765462, 3782531.230925737414509 ], [ 395154.323499491380062, 3782531.230925737414509 ] ] ] } },
{ "type": "Feature", "properties": { "confidence": 0.99270927906036377, "class": 1, "regularized": null }, "geometry": { "type": "Polygon", "coordinates": [ [ [ 395342.014242115954403, 3782732.655137334484607 ], [ 395341.403865717176814, 3782732.044760935939848 ], [ 395341.403865717176814, 3782731.434384536929429 ], [ 395340.793489318399224, 3782730.82400813838467 ], [ 395340.793489318399224, 3782730.51881993887946 ], [ 395340.183112919621635, 3782729.908443540334702 ], [ 395339.877924720232841, 3782729.908443540334702 ], [ 395339.572736520844046, 3782729.603255340829492 ], [ 395339.572736520844046, 3782728.992878941819072 ], [ 395339.267548321455251, 3782728.687690742779523 ], [ 395339.267548321455251, 3782728.077314343769103 ], [ 395338.962360122066457, 3782727.772126144263893 ], [ 395338.962360122066457, 3782726.856561546213925 ], [ 395347.812817904399708, 3782726.856561546213925 ], [ 395347.812817904399708, 3782727.161749745719135 ], [ 395348.118006103788503, 3782727.466937945224345 ], [ 395348.118006103788503, 3782729.603255340829492 ], [ 395348.423194303177297, 3782729.908443540334702 ], [ 395348.118006103788503, 3782730.21363173937425 ], [ 395348.118006103788503, 3782730.82400813838467 ], [ 395347.812817904399708, 3782730.82400813838467 ], [ 395347.202441505622119, 3782731.434384536929429 ], [ 395346.897253306233324, 3782731.434384536929429 ], [ 395346.286876907397527, 3782732.044760935939848 ], [ 395345.676500508619938, 3782732.044760935939848 ], [ 395345.371312309231143, 3782732.349949135445058 ], [ 395344.760935910453554, 3782732.349949135445058 ], [ 395344.45574771106476, 3782732.655137334484607 ], [ 395342.014242115954403, 3782732.655137334484607 ] ] ] } },
{ "type": "Feature", "properties": { "confidence": 0.99247169494628906, "class": 1, "regularized": null }, "geometry": { "type": "Polygon", "coordinates": [ [ [ 394803.051881993887946, 3782648.423194303177297 ], [ 394803.051881993887946, 3782648.118006103672087 ], [ 394802.441505595110357, 3782647.507629705127329 ], [ 394802.136317395721562, 3782647.507629705127329 ], [ 394802.136317395721562, 3782644.150559511501342 ], [ 394802.746693794499151, 3782643.540183112956583 ], [ 394802.746693794499151, 3782643.234994913451374 ], [ 394803.051881993887946, 3782642.929806713946164 ], [ 394803.357070193276741, 3782642.929806713946164 ], [ 394803.662258392665535, 3782642.624618514906615 ], [ 394803.662258392665535, 3782642.319430315401405 ], [ 394803.96744659205433, 3782642.014242115896195 ], [ 394804.272634791443124, 3782642.014242115896195 ], [ 394804.577822990831919, 3782641.709053916390985 ], [ 394805.493387588998303, 3782641.709053916390985 ], [ 394805.798575788387097, 3782641.403865717351437 ], [ 394808.240081383497454, 3782641.403865717351437 ], [ 394808.545269582886249, 3782641.709053916390985 ], [ 394808.545269582886249, 3782642.014242115896195 ], [ 394808.240081383497454, 3782642.319430315401405 ], [ 394808.240081383497454, 3782642.929806713946164 ], [ 394808.545269582886249, 3782643.234994913451374 ], [ 394808.850457782275043, 3782643.234994913451374 ], [ 394809.155645981663838, 3782643.540183112956583 ], [ 394809.460834181052633, 3782643.540183112956583 ], [ 394809.766022380441427, 3782643.845371312461793 ], [ 394810.986775178054813, 3782643.845371312461793 ], [ 394811.291963377443608, 3782644.150559511501342 ], [ 394813.123092573776376, 3782644.150559511501342 ], [ 394813.42828077316517, 3782644.455747711006552 ], [ 394813.733468972553965, 3782644.455747711006552 ], [ 394813.733468972553965, 3782647.507629705127329 ], [ 394814.343845371331554, 3782648.118006103672087 ], [ 394814.343845371331554, 3782648.423194303177297 ], [ 394803.051881993887946, 3782648.423194303177297 ] ] ] } },
{ "type": "Feature", "properties": { "confidence": 0.99202537536621094, "class": 1, "regularized": null }, "geometry": { "type": "Polygon", "coordinates": [ [ [ 394839.979654120048508, 3782591.353001017123461 ], [ 394839.979654120048508, 3782589.827060020528734 ], [ 394840.284842319437303, 3782589.521871821023524 ], [ 394840.284842319437303, 3782589.216683621518314 ], [ 394840.590030518826097, 3782588.911495422013104 ], [ 394840.590030518826097, 3782588.606307222973555 ], [ 394840.895218718214892, 3782588.301119023468345 ], [ 394840.895218718214892, 3782587.995930823963135 ], [ 394841.200406917603686, 3782587.690742624457926 ], [ 394841.200406917603686, 3782587.385554425418377 ], [ 394841.505595116992481, 3782587.080366225913167 ], [ 394841.505595116992481, 3782586.775178026407957 ], [ 394842.11597151577007, 3782586.164801627863199 ], [ 394842.11597151577007, 3782585.554425228852779 ], [ 394842.421159715158865, 3782585.249237029347569 ], [ 394843.031536113936454, 3782585.249237029347569 ], [ 394843.336724313325249, 3782584.94404883030802 ], [ 394845.473041709046811, 3782584.94404883030802 ], [ 394845.473041709046811, 3782586.775178026407957 ], [ 394845.167853509658016, 3782587.080366225913167 ], [ 394845.167853509658016, 3782590.742624618578702 ], [ 394844.862665310269222, 3782591.047812818083912 ], [ 394844.557477110880427, 3782591.047812818083912 ], [ 394844.252288911491632, 3782591.353001017123461 ], [ 394839.979654120048508, 3782591.353001017123461 ] ] ] } },
{ "type": "Feature", "properties": { "confidence": 0.99160176515579224, "class": 1, "regularized": null }, "geometry": { "type": "Polygon", "coordinates": [ [ [ 395264.191251271637157, 3782982.909460834227502 ], [ 395263.886063072248362, 3782982.604272634722292 ], [ 395263.886063072248362, 3782982.299084435217083 ], [ 395263.580874872859567, 3782981.993896236177534 ], [ 395263.580874872859567, 3782981.383519837167114 ], [ 395263.275686673470773, 3782981.078331637661904 ], [ 395263.275686673470773, 3782980.467955239117146 ], [ 395262.970498474081978, 3782980.162767039611936 ], [ 395262.970498474081978, 3782979.247202441561967 ], [ 395262.665310274693184, 3782978.942014242056757 ], [ 395262.665310274693184, 3782978.636826042551547 ], [ 395262.360122075304389, 3782978.331637843511999 ], [ 395262.360122075304389, 3782978.026449644006789 ], [ 395262.054933875915594, 3782977.721261444501579 ], [ 395262.054933875915594, 3782977.416073244996369 ], [ 395261.444557477138005, 3782976.80569684645161 ], [ 395261.444557477138005, 3782976.5005086469464 ], [ 395261.139369277749211, 3782976.19532044744119 ], [ 395261.139369277749211, 3782975.584944048896432 ], [ 395260.834181078360416, 3782975.279755849391222 ], [ 395260.834181078360416, 3782973.448626653291285 ], [ 395261.139369277749211, 3782973.143438453786075 ], [ 395261.139369277749211, 3782972.838250254280865 ], [ 395261.7497456765268, 3782972.227873855736107 ], [ 395261.7497456765268, 3782971.922685656230897 ], [ 395262.054933875915594, 3782971.922685656230897 ], [ 395263.275686673470773, 3782970.701932858675718 ], [ 395263.580874872859567, 3782970.701932858675718 ], [ 395263.886063072248362, 3782970.396744659170508 ], [ 395264.496439471025951, 3782970.396744659170508 ], [ 395264.801627670414746, 3782970.091556459665298 ], [ 395266.327568667358719, 3782970.091556459665298 ], [ 395267.243133265525103, 3782971.007121058180928 ], [ 395267.243133265525103, 3782975.279755849391222 ], [ 395267.548321464913897, 3782975.584944048896432 ], [ 395267.548321464913897, 3782976.19532044744119 ], [ 395267.853509664302692, 3782976.5005086469464 ], [ 395267.853509664302692, 3782977.721261444501579 ], [ 395268.158697863691486, 3782978.026449644006789 ], [ 395268.158697863691486, 3782979.552390641067177 ], [ 395268.463886063080281, 3782979.857578840106726 ], [ 395268.463886063080281, 3782981.688708036672324 ], [ 395268.158697863691486, 3782981.993896236177534 ], [ 395267.853509664302692, 3782981.993896236177534 ], [ 395267.548321464913897, 3782982.299084435217083 ], [ 395266.937945066136308, 3782982.299084435217083 ], [ 395266.632756866747513, 3782982.604272634722292 ], [ 395265.71719226858113, 3782982.604272634722292 ], [ 395265.412004069192335, 3782982.909460834227502 ], [ 395264.191251271637157, 3782982.909460834227502 ] ] ] } },
{ "type": "Feature", "properties": { "confidence": 0.99105691909790039, "class": 1, "regularized": null }, "geometry": { "type": "Polygon", "coordinates": [ [ [ 394872.024415055930149, 3782451.576805696822703 ], [ 394871.719226856541354, 3782451.271617497317493 ], [ 394871.719226856541354, 3782450.661241098772734 ], [ 394871.41403865715256, 3782450.356052899267524 ], [ 394871.41403865715256, 3782450.050864699762315 ], [ 394871.108850457763765, 3782449.745676500722766 ], [ 394871.108850457763765, 3782446.083418108057231 ], [ 394871.41403865715256, 3782445.778229908552021 ], [ 394871.41403865715256, 3782443.947100711986423 ], [ 394871.719226856541354, 3782443.641912512946874 ], [ 394875.686673448653892, 3782443.641912512946874 ], [ 394875.686673448653892, 3782444.252288911491632 ], [ 394875.991861648042686, 3782444.557477110996842 ], [ 394875.991861648042686, 3782444.862665310502052 ], [ 394876.297049847431481, 3782445.167853509541601 ], [ 394876.297049847431481, 3782445.473041709046811 ], [ 394876.90742624620907, 3782446.083418108057231 ], [ 394876.90742624620907, 3782447.304170905612409 ], [ 394876.602238046820275, 3782447.609359104651958 ], [ 394876.602238046820275, 3782448.524923703167588 ], [ 394876.297049847431481, 3782448.830111902207136 ], [ 394876.297049847431481, 3782449.135300101712346 ], [ 394875.991861648042686, 3782449.440488301217556 ], [ 394875.991861648042686, 3782450.356052899267524 ], [ 394875.686673448653892, 3782450.661241098772734 ], [ 394875.686673448653892, 3782450.966429298277944 ], [ 394875.381485249265097, 3782451.271617497317493 ], [ 394874.7711088504293, 3782451.271617497317493 ], [ 394874.465920651040506, 3782451.576805696822703 ], [ 394872.024415055930149, 3782451.576805696822703 ] ] ] } },
{ "type": "Feature", "properties": { "confidence": 0.99096417427062988, "class": 1, "regularized": null }, "geometry": { "type": "Polygon", "coordinates": [ [ [ 394824.415055951161776, 3782613.021363174077123 ], [ 394824.415055951161776, 3782610.274669379461557 ], [ 394824.72024415055057, 3782609.969481179956347 ], [ 394824.72024415055057, 3782609.664292980451137 ], [ 394829.908443540160079, 3782609.664292980451137 ], [ 394829.908443540160079, 3782609.969481179956347 ], [ 394830.213631739548873, 3782610.274669379461557 ], [ 394830.213631739548873, 3782612.410986775066704 ], [ 394829.908443540160079, 3782612.410986775066704 ], [ 394829.603255340771284, 3782612.716174974571913 ], [ 394829.298067141382489, 3782612.716174974571913 ], [ 394828.992878941993695, 3782613.021363174077123 ], [ 394824.415055951161776, 3782613.021363174077123 ] ] ] } },
{ "type": "Feature", "properties": { "confidence": 0.99086517095565796, "class": 1, "regularized": null }, "geometry": { "type": "Polygon", "coordinates": [ [ [ 395045.676500508619938, 3782656.663275686558336 ], [ 395044.760935910453554, 3782655.747711088508368 ], [ 395044.760935910453554, 3782655.442522889003158 ], [ 395044.150559511675965, 3782654.832146490458399 ], [ 395043.84537131228717, 3782654.832146490458399 ], [ 395043.540183112898376, 3782654.526958290953189 ], [ 395043.234994913509581, 3782654.526958290953189 ], [ 395042.929806714120787, 3782654.221770091447979 ], [ 395042.319430315343197, 3782654.221770091447979 ], [ 395042.319430315343197, 3782653.306205493398011 ], [ 395042.014242115954403, 3782653.001017293892801 ], [ 395042.014242115954403, 3782652.695829094387591 ], [ 395041.403865717176814, 3782652.085452695842832 ], [ 395041.403865717176814, 3782651.475076296832412 ], [ 395041.098677517788019, 3782651.169888097792864 ], [ 395041.098677517788019, 3782650.864699898287654 ], [ 395040.48830111901043, 3782650.254323499277234 ], [ 395040.48830111901043, 3782648.728382502682507 ], [ 395041.403865717176814, 3782647.812817904166877 ], [ 395042.624618514731992, 3782647.812817904166877 ], [ 395042.929806714120787, 3782647.507629705127329 ], [ 395044.150559511675965, 3782647.507629705127329 ], [ 395044.45574771106476, 3782647.202441505622119 ], [ 395045.676500508619938, 3782647.202441505622119 ], [ 395045.981688708008733, 3782647.507629705127329 ], [ 395046.286876907397527, 3782647.507629705127329 ], [ 395046.897253306233324, 3782648.118006103672087 ], [ 395046.897253306233324, 3782649.033570701722056 ], [ 395047.812817904399708, 3782649.949135300237685 ], [ 395047.812817904399708, 3782651.475076296832412 ], [ 395048.118006103788503, 3782651.780264496337622 ], [ 395048.118006103788503, 3782653.306205493398011 ], [ 395047.812817904399708, 3782653.611393692903221 ], [ 395047.812817904399708, 3782655.747711088508368 ], [ 395048.118006103788503, 3782656.052899288013577 ], [ 395048.118006103788503, 3782656.358087487053126 ], [ 395047.812817904399708, 3782656.358087487053126 ], [ 395047.507629705010913, 3782656.663275686558336 ], [ 395045.676500508619938, 3782656.663275686558336 ] ] ] } },
{ "type": "Feature", "properties": { "confidence": 0.99084025621414185, "class": 1, "regularized": "rectangle" }, "geometry": { "type": "Polygon", "coordinates": [ [ [ 395091.4375, 3782953.0 ], [ 395105.8125, 3782953.0 ], [ 395105.8125, 3782968.5 ], [ 395091.4375, 3782968.5 ], [ 395091.4375, 3782953.0 ] ] ] } },
{ "type": "Feature", "properties": { "confidence": 0.99075222015380859, "class": 1, "regularized": null }, "geometry": { "type": "Polygon", "coordinates": [ [ [ 395030.722278738569003, 3782658.494404883123934 ], [ 395030.111902339791413, 3782657.884028484113514 ], [ 395030.111902339791413, 3782656.663275686558336 ], [ 395029.806714140402619, 3782656.358087487053126 ], [ 395029.806714140402619, 3782656.052899288013577 ], [ 395029.501525941013824, 3782655.747711088508368 ], [ 395029.501525941013824, 3782655.442522889003158 ], [ 395029.19633774162503, 3782655.137334689497948 ], [ 395029.19633774162503, 3782654.832146490458399 ], [ 395028.891149542236235, 3782654.526958290953189 ], [ 395028.891149542236235, 3782654.221770091447979 ], [ 395029.19633774162503, 3782653.916581891942769 ], [ 395029.19633774162503, 3782653.611393692903221 ], [ 395029.501525941013824, 3782653.611393692903221 ], [ 395029.806714140402619, 3782653.306205493398011 ], [ 395030.111902339791413, 3782653.306205493398011 ], [ 395030.417090539180208, 3782653.001017293892801 ], [ 395030.722278738569003, 3782653.001017293892801 ], [ 395031.027466937957797, 3782652.695829094387591 ], [ 395031.637843336735386, 3782652.695829094387591 ], [ 395031.943031536124181, 3782652.390640895348042 ], [ 395032.858596134290565, 3782652.390640895348042 ], [ 395033.163784333679359, 3782652.085452695842832 ], [ 395035.300101729400922, 3782652.085452695842832 ], [ 395035.605289928789716, 3782652.390640895348042 ], [ 395035.605289928789716, 3782653.001017293892801 ], [ 395035.910478128178511, 3782653.306205493398011 ], [ 395035.910478128178511, 3782653.611393692903221 ], [ 395036.215666327567305, 3782653.916581891942769 ], [ 395036.215666327567305, 3782654.832146490458399 ], [ 395036.826042726344895, 3782655.442522889003158 ], [ 395036.826042726344895, 3782656.358087487053126 ], [ 395036.5208545269561, 3782656.663275686558336 ], [ 395036.5208545269561, 3782656.968463886063546 ], [ 395035.910478128178511, 3782657.578840285073966 ], [ 395035.300101729400922, 3782657.578840285073966 ], [ 395034.994913530012127, 3782657.884028484113514 ], [ 395034.079348931845743, 3782657.884028484113514 ], [ 395033.774160732456949, 3782658.189216683618724 ], [ 395032.55340793490177, 3782658.189216683618724 ], [ 395032.248219735512976, 3782658.494404883123934 ], [ 395030.722278738569003, 3782658.494404883123934 ] ] ] } },
{ "type": "Feature", "properties": { "confidence": 0.99065887928009033, "class": 1, "regularized": null }, "geometry": { "type": "Polygon", "coordinates": [ [ [ 395175.076297049876302, 3782886.775178026407957 ], [ 395174.7711088504293, 3782886.469989826902747 ], [ 395174.7711088504293, 3782886.164801627863199 ], [ 395174.465920651040506, 3782885.859613428357989 ], [ 395174.465920651040506, 3782884.94404883030802 ], [ 395174.160732451651711, 3782884.63886063080281 ], [ 395174.160732451651711, 3782883.418107833247632 ], [ 395173.855544252262916, 3782883.112919633742422 ], [ 395173.855544252262916, 3782877.31434384547174 ], [ 395174.465920651040506, 3782876.70396744646132 ], [ 395174.7711088504293, 3782876.70396744646132 ], [ 395175.076297049876302, 3782876.398779247421771 ], [ 395175.686673448653892, 3782876.398779247421771 ], [ 395175.991861648042686, 3782876.093591047916561 ], [ 395176.297049847431481, 3782876.093591047916561 ], [ 395176.602238046820275, 3782875.788402848411351 ], [ 395176.90742624620907, 3782875.788402848411351 ], [ 395177.212614445597865, 3782875.483214648906142 ], [ 395177.517802644986659, 3782875.483214648906142 ], [ 395177.822990844375454, 3782875.178026449866593 ], [ 395179.348931841319427, 3782875.178026449866593 ], [ 395179.959308240097016, 3782875.788402848411351 ], [ 395180.264496439485811, 3782875.788402848411351 ], [ 395180.569684638874605, 3782876.093591047916561 ], [ 395180.569684638874605, 3782876.70396744646132 ], [ 395181.180061037652194, 3782877.31434384547174 ], [ 395181.180061037652194, 3782877.61953204497695 ], [ 395181.485249237040989, 3782877.924720244016498 ], [ 395181.790437436429784, 3782877.924720244016498 ], [ 395182.095625635818578, 3782878.229908443521708 ], [ 395182.400813835207373, 3782878.229908443521708 ], [ 395182.400813835207373, 3782878.840284842532128 ], [ 395182.706002034596168, 3782879.145473041571677 ], [ 395182.706002034596168, 3782880.976602238137275 ], [ 395182.400813835207373, 3782881.281790437642485 ], [ 395182.400813835207373, 3782883.418107833247632 ], [ 395182.706002034596168, 3782883.723296032752842 ], [ 395182.095625635818578, 3782884.3336724312976 ], [ 395181.485249237040989, 3782884.3336724312976 ], [ 395181.180061037652194, 3782884.63886063080281 ], [ 395180.8748728382634, 3782884.63886063080281 ], [ 395180.264496439485811, 3782885.249237029347569 ], [ 395179.654120040708221, 3782885.249237029347569 ], [ 395179.348931841319427, 3782885.554425228852779 ], [ 395179.043743641930632, 3782885.554425228852779 ], [ 395178.738555442541838, 3782885.859613428357989 ], [ 395178.433367243153043, 3782885.859613428357989 ], [ 395177.822990844375454, 3782886.469989826902747 ], [ 395176.90742624620907, 3782886.469989826902747 ], [ 395176.602238046820275, 3782886.775178026407957 ], [ 395175.076297049876302, 3782886.775178026407957 ] ] ] } },
{ "type": "Feature", "properties": { "confidence": 0.99064153432846069, "class": 1, "regularized": "rectangle" }, "geometry": { "type": "Polygon", "coordinates": [ [ [ 394877.5625, 3782563.0 ], [ 394891.9375, 3782562.0 ], [ 394892.4375, 3782571.5 ], [ 394878.0625, 3782572.5 ], [ 394877.5625, 3782563.0 ] ] ] } },
{ "type": "Feature", "properties": { "confidence": 0.99039512872695923, "class": 1, "regularized": "rectangle" }, "geometry": { "type": "Polygon", "coordinates": [ [ [ 394930.90625, 3782559.25 ], [ 394931.78125, 3782550.25 ], [ 394948.71875, 3782551.75 ], [ 394947.84375, 3782560.75 ], [ 394930.90625, 3782559.25 ] ] ] } },
{ "type": "Feature", "properties": { "confidence": 0.99027329683303833, "class": 1, "regularized": null }, "geometry": { "type": "Polygon", "coordinates": [ [ [ 395286.775178026466165, 3782654.832146490458399 ], [ 395286.775178026466165, 3782654.221770091447979 ], [ 395286.46998982707737, 3782653.916581891942769 ], [ 395286.46998982707737, 3782653.611393692903221 ], [ 395286.164801627688576, 3782653.306205493398011 ], [ 395286.164801627688576, 3782652.390640895348042 ], [ 395285.859613428299781, 3782652.085452695842832 ], [ 395285.859613428299781, 3782650.864699898287654 ], [ 395285.554425228910986, 3782650.559511698782444 ], [ 395285.554425228910986, 3782645.066124110016972 ], [ 395286.164801627688576, 3782644.455747711006552 ], [ 395287.080366225854959, 3782644.455747711006552 ], [ 395287.385554425243754, 3782644.150559511501342 ], [ 395288.301119023410138, 3782644.150559511501342 ], [ 395288.606307222798932, 3782643.845371312461793 ], [ 395289.827060020354111, 3782643.845371312461793 ], [ 395290.4374364191317, 3782644.455747711006552 ], [ 395290.4374364191317, 3782647.812817904166877 ], [ 395290.132248219742905, 3782648.118006103672087 ], [ 395290.132248219742905, 3782651.169888097792864 ], [ 395290.4374364191317, 3782651.475076296832412 ], [ 395290.132248219742905, 3782651.780264496337622 ], [ 395290.132248219742905, 3782652.695829094387591 ], [ 395289.521871820965316, 3782653.306205493398011 ], [ 395289.216683621576522, 3782653.306205493398011 ], [ 395288.911495422187727, 3782653.611393692903221 ], [ 395288.606307222798932, 3782653.611393692903221 ], [ 395287.385554425243754, 3782654.832146490458399 ], [ 395286.775178026466165, 3782654.832146490458399 ] ] ] } },
{ "type": "Feature", "properties": { "confidence": 0.99021542072296143, "class": 1, "regularized": null }, "geometry": { "type": "Polygon", "coordinates": [ [ [ 395296.846388606296387, 3782855.340793489478528 ], [ 395296.541200406907592, 3782855.035605289973319 ], [ 395295.930824008130003, 3782855.035605289973319 ], [ 395295.015259409963619, 3782854.12004069192335 ], [ 395294.710071210574824, 3782854.12004069192335 ], [ 395294.099694811797235, 3782853.50966429291293 ], [ 395294.099694811797235, 3782853.20447609340772 ], [ 395293.489318413019646, 3782852.594099694862962 ], [ 395293.489318413019646, 3782851.678535096812993 ], [ 395293.184130213630851, 3782851.373346897307783 ], [ 395293.184130213630851, 3782851.068158697802573 ], [ 395293.489318413019646, 3782850.762970498297364 ], [ 395293.489318413019646, 3782848.931841302197427 ], [ 395293.184130213630851, 3782848.626653102692217 ], [ 395293.489318413019646, 3782848.321464903187007 ], [ 395293.489318413019646, 3782846.79552390659228 ], [ 395293.794506612408441, 3782846.49033570708707 ], [ 395293.794506612408441, 3782845.87995930807665 ], [ 395293.489318413019646, 3782845.574771109037101 ], [ 395293.489318413019646, 3782844.659206510521472 ], [ 395293.794506612408441, 3782844.354018311481923 ], [ 395293.794506612408441, 3782844.048830111976713 ], [ 395300.508646998961922, 3782844.048830111976713 ], [ 395300.508646998961922, 3782846.49033570708707 ], [ 395300.813835198350716, 3782846.79552390659228 ], [ 395300.813835198350716, 3782848.626653102692217 ], [ 395301.119023397739511, 3782848.931841302197427 ], [ 395301.119023397739511, 3782849.237029501702636 ], [ 395301.424211597128306, 3782849.542217700742185 ], [ 395301.424211597128306, 3782849.847405900247395 ], [ 395301.7293997965171, 3782850.152594099752605 ], [ 395301.7293997965171, 3782850.457782299257815 ], [ 395302.034587995905895, 3782850.762970498297364 ], [ 395302.034587995905895, 3782852.288911495357752 ], [ 395301.7293997965171, 3782852.594099694862962 ], [ 395301.7293997965171, 3782853.81485249241814 ], [ 395301.119023397739511, 3782854.425228890962899 ], [ 395300.813835198350716, 3782854.425228890962899 ], [ 395300.508646998961922, 3782854.730417090468109 ], [ 395300.203458799573127, 3782854.730417090468109 ], [ 395299.898270600184333, 3782855.035605289973319 ], [ 395298.982706002017949, 3782855.035605289973319 ], [ 395298.677517802629154, 3782855.340793489478528 ], [ 395296.846388606296387, 3782855.340793489478528 ] ] ] } },
{ "type": "Feature", "properties": { "confidence": 0.99021381139755249, "class": 1, "regularized": null }, "geometry": { "type": "Polygon", "coordinates": [ [ [ 395373.143438453727867, 3782758.596134282648563 ], [ 395372.533062054950278, 3782757.985757884103805 ], [ 395372.533062054950278, 3782757.680569684598595 ], [ 395372.227873855561484, 3782757.375381485093385 ], [ 395372.227873855561484, 3782756.459816887043417 ], [ 395371.922685656172689, 3782756.154628687538207 ], [ 395371.922685656172689, 3782755.544252288993448 ], [ 395371.617497456783894, 3782755.239064089488238 ], [ 395371.617497456783894, 3782753.71312309242785 ], [ 395371.3123092573951, 3782753.407934893388301 ], [ 395371.3123092573951, 3782751.271617497317493 ], [ 395371.617497456783894, 3782750.966429298277944 ], [ 395371.617497456783894, 3782750.661241098772734 ], [ 395372.227873855561484, 3782750.661241098772734 ], [ 395372.533062054950278, 3782750.356052899267524 ], [ 395373.143438453727867, 3782750.356052899267524 ], [ 395373.448626653116662, 3782750.050864699762315 ], [ 395373.753814852505457, 3782750.356052899267524 ], [ 395374.059003051894251, 3782750.356052899267524 ], [ 395374.059003051894251, 3782750.661241098772734 ], [ 395374.364191251283046, 3782750.966429298277944 ], [ 395374.364191251283046, 3782751.576805696822703 ], [ 395375.890132248227019, 3782753.102746693883091 ], [ 395376.195320447615813, 3782753.102746693883091 ], [ 395376.805696846393403, 3782753.71312309242785 ], [ 395377.110885045782197, 3782753.71312309242785 ], [ 395377.110885045782197, 3782754.62868769094348 ], [ 395377.416073245170992, 3782754.933875889983028 ], [ 395377.416073245170992, 3782756.154628687538207 ], [ 395377.721261444559786, 3782756.459816887043417 ], [ 395376.805696846393403, 3782757.375381485093385 ], [ 395376.500508647004608, 3782757.375381485093385 ], [ 395376.195320447615813, 3782757.680569684598595 ], [ 395375.890132248227019, 3782757.680569684598595 ], [ 395375.584944048838224, 3782757.985757884103805 ], [ 395375.27975584944943, 3782757.985757884103805 ], [ 395374.974567650060635, 3782758.290946083609015 ], [ 395374.66937945067184, 3782758.290946083609015 ], [ 395374.364191251283046, 3782758.596134282648563 ], [ 395373.143438453727867, 3782758.596134282648563 ] ] ] } },
{ "type": "Feature", "properties": { "confidence": 0.98995751142501831, "class": 1, "regularized": null }, "geometry": { "type": "Polygon", "coordinates": [ [ [ 395243.438453713140916, 3782735.096642929594964 ], [ 395243.133265513752121, 3782734.791454730555415 ], [ 395243.133265513752121, 3782734.486266531050205 ], [ 395242.828077314363327, 3782734.181078331544995 ], [ 395242.828077314363327, 3782733.570701933000237 ], [ 395242.217700915585738, 3782732.960325533989817 ], [ 395242.217700915585738, 3782732.655137334484607 ], [ 395241.912512716196943, 3782732.349949135445058 ], [ 395241.912512716196943, 3782732.044760935939848 ], [ 395241.607324516808148, 3782731.739572736434639 ], [ 395241.607324516808148, 3782731.434384536929429 ], [ 395241.302136317419354, 3782731.12919633788988 ], [ 395241.302136317419354, 3782730.51881993887946 ], [ 395240.996948118030559, 3782730.21363173937425 ], [ 395240.996948118030559, 3782727.772126144263893 ], [ 395240.691759918641765, 3782727.466937945224345 ], [ 395240.691759918641765, 3782726.856561546213925 ], [ 395247.405900305195246, 3782726.856561546213925 ], [ 395247.405900305195246, 3782729.908443540334702 ], [ 395247.100712105806451, 3782730.21363173937425 ], [ 395247.100712105806451, 3782730.51881993887946 ], [ 395246.795523906417657, 3782730.82400813838467 ], [ 395246.795523906417657, 3782732.655137334484607 ], [ 395246.490335707028862, 3782732.960325533989817 ], [ 395246.490335707028862, 3782734.181078331544995 ], [ 395245.879959308251273, 3782734.791454730555415 ], [ 395245.574771108862478, 3782734.791454730555415 ], [ 395245.269582909473684, 3782735.096642929594964 ], [ 395243.438453713140916, 3782735.096642929594964 ] ] ] } },
{ "type": "Feature", "properties": { "confidence": 0.98993659019470215, "class": 1, "regularized": null }, "geometry": { "type": "Polygon", "coordinates": [ [ [ 395352.085452695842832, 3782765.615462868940085 ], [ 395352.085452695842832, 3782765.310274669434875 ], [ 395351.475076297065243, 3782764.699898270424455 ], [ 395351.475076297065243, 3782762.563580874819309 ], [ 395351.780264496454038, 3782762.258392675314099 ], [ 395351.780264496454038, 3782761.95320447627455 ], [ 395352.085452695842832, 3782761.64801627676934 ], [ 395352.085452695842832, 3782761.34282807726413 ], [ 395352.390640895231627, 3782761.34282807726413 ], [ 395353.9165818921756, 3782759.816887080203742 ], [ 395354.221770091564395, 3782759.816887080203742 ], [ 395354.526958290953189, 3782759.511698881164193 ], [ 395357.88402848422993, 3782759.511698881164193 ], [ 395357.88402848422993, 3782759.816887080203742 ], [ 395358.494404883007519, 3782760.427263479214162 ], [ 395358.799593082396314, 3782760.427263479214162 ], [ 395358.799593082396314, 3782761.03763987775892 ], [ 395359.104781281785108, 3782761.34282807726413 ], [ 395359.104781281785108, 3782761.64801627676934 ], [ 395359.409969481173903, 3782761.95320447627455 ], [ 395359.409969481173903, 3782763.173957273829728 ], [ 395359.104781281785108, 3782763.479145472869277 ], [ 395359.104781281785108, 3782764.089521871879697 ], [ 395358.799593082396314, 3782764.394710071384907 ], [ 395358.189216683618724, 3782764.394710071384907 ], [ 395357.578840284841135, 3782765.005086469929665 ], [ 395356.663275686674751, 3782765.005086469929665 ], [ 395356.358087487285957, 3782765.310274669434875 ], [ 395356.358087487285957, 3782765.615462868940085 ], [ 395352.085452695842832, 3782765.615462868940085 ] ] ] } },
{ "type": "Feature", "properties": { "confidence": 0.98978126049041748, "class": 1, "regularized": null }, "geometry": { "type": "Polygon", "coordinates": [ [ [ 394952.899287894193549, 3782613.631739572621882 ], [ 394952.594099694804754, 3782613.326551373116672 ], [ 394952.594099694804754, 3782612.105798575561494 ], [ 394952.28891149541596, 3782611.800610376521945 ], [ 394952.28891149541596, 3782610.885045778006315 ], [ 394951.983723296027165, 3782610.579857578966767 ], [ 394951.983723296027165, 3782609.664292980451137 ], [ 394955.951169888081495, 3782609.664292980451137 ], [ 394955.951169888081495, 3782613.631739572621882 ], [ 394955.6459816886927, 3782613.631739572621882 ], [ 394955.340793489303906, 3782613.326551373116672 ], [ 394954.425228891137522, 3782613.326551373116672 ], [ 394954.120040691748727, 3782613.631739572621882 ], [ 394952.899287894193549, 3782613.631739572621882 ] ] ] } },
{ "type": "Feature", "properties": { "confidence": 0.98967427015304565, "class": 1, "regularized": null }, "geometry": { "type": "Polygon", "coordinates": [ [ [ 395180.264496439485811, 3782607.52797558484599 ], [ 395179.654120040708221, 3782606.917599186301231 ], [ 395179.654120040708221, 3782606.002034587785602 ], [ 395179.348931841319427, 3782605.696846388746053 ], [ 395179.348931841319427, 3782604.476093591190875 ], [ 395178.738555442541838, 3782603.865717192180455 ], [ 395178.738555442541838, 3782602.644964394625276 ], [ 395178.433367243153043, 3782602.339776195120066 ], [ 395178.433367243153043, 3782601.424211597070098 ], [ 395178.128179043764248, 3782601.119023397564888 ], [ 395178.128179043764248, 3782600.813835198525339 ], [ 395177.822990844375454, 3782600.508646999020129 ], [ 395177.822990844375454, 3782598.982706001959741 ], [ 395178.128179043764248, 3782598.677517802454531 ], [ 395178.433367243153043, 3782598.677517802454531 ], [ 395178.738555442541838, 3782598.372329603414983 ], [ 395179.043743641930632, 3782598.372329603414983 ], [ 395179.348931841319427, 3782598.067141403909773 ], [ 395179.959308240097016, 3782598.067141403909773 ], [ 395180.264496439485811, 3782597.761953204404563 ], [ 395180.569684638874605, 3782597.761953204404563 ], [ 395180.8748728382634, 3782597.456765004899353 ], [ 395181.790437436429784, 3782597.456765004899353 ], [ 395182.095625635818578, 3782597.151576805859804 ], [ 395182.706002034596168, 3782597.151576805859804 ], [ 395183.011190233984962, 3782597.456765004899353 ], [ 395183.011190233984962, 3782597.761953204404563 ], [ 395183.316378433373757, 3782598.067141403909773 ], [ 395183.316378433373757, 3782599.89827060000971 ], [ 395184.537131230928935, 3782601.119023397564888 ], [ 395184.537131230928935, 3782601.424211597070098 ], [ 395184.84231943031773, 3782601.729399796575308 ], [ 395184.84231943031773, 3782602.644964394625276 ], [ 395185.147507629706524, 3782602.950152594130486 ], [ 395185.147507629706524, 3782604.476093591190875 ], [ 395185.452695829095319, 3782604.781281790230423 ], [ 395185.452695829095319, 3782605.696846388746053 ], [ 395185.147507629706524, 3782606.002034587785602 ], [ 395184.84231943031773, 3782606.002034587785602 ], [ 395184.537131230928935, 3782606.307222787290812 ], [ 395183.926754832151346, 3782606.307222787290812 ], [ 395183.621566632762551, 3782606.612410986796021 ], [ 395183.316378433373757, 3782606.612410986796021 ], [ 395183.011190233984962, 3782606.917599186301231 ], [ 395182.706002034596168, 3782606.917599186301231 ], [ 395182.400813835207373, 3782607.22278738534078 ], [ 395181.790437436429784, 3782607.22278738534078 ], [ 395181.485249237040989, 3782607.52797558484599 ], [ 395180.264496439485811, 3782607.52797558484599 ] ] ] } },
{ "type": "Feature", "properties": { "confidence": 0.98947656154632568, "class": 1, "regularized": null }, "geometry": { "type": "Polygon", "coordinates": [ [ [ 395314.852492370293476, 3782432.960325533989817 ], [ 395314.547304170904681, 3782432.655137334484607 ], [ 395313.631739572738297, 3782432.655137334484607 ], [ 395313.326551373349503, 3782432.349949135445058 ], [ 395313.021363173960708, 3782432.349949135445058 ], [ 395313.021363173960708, 3782428.992878941819072 ], [ 395313.326551373349503, 3782428.687690742779523 ], [ 395313.326551373349503, 3782428.077314343769103 ], [ 395313.631739572738297, 3782428.077314343769103 ], [ 395313.936927772127092, 3782427.772126144263893 ], [ 395313.936927772127092, 3782426.856561546213925 ], [ 395314.242115971515886, 3782426.551373346708715 ], [ 395314.242115971515886, 3782425.635808748658746 ], [ 395316.683621566626243, 3782425.635808748658746 ], [ 395317.293997965403832, 3782426.246185147669166 ], [ 395318.819938962347806, 3782426.246185147669166 ], [ 395319.1251271617366, 3782425.940996948163956 ], [ 395321.261444557458162, 3782425.940996948163956 ], [ 395321.871820956235752, 3782426.551373346708715 ], [ 395321.871820956235752, 3782427.161749745719135 ], [ 395322.177009155624546, 3782427.466937945224345 ], [ 395322.177009155624546, 3782428.382502543274313 ], [ 395322.482197355013341, 3782428.687690742779523 ], [ 395323.09257375379093, 3782428.687690742779523 ], [ 395323.397761953179725, 3782428.992878941819072 ], [ 395326.144455747737084, 3782428.992878941819072 ], [ 395326.754832146514673, 3782429.603255340829492 ], [ 395326.754832146514673, 3782429.908443540334702 ], [ 395326.449643947125878, 3782430.21363173937425 ], [ 395326.449643947125878, 3782432.044760935939848 ], [ 395326.754832146514673, 3782432.349949135445058 ], [ 395326.449643947125878, 3782432.655137334484607 ], [ 395325.534079348959494, 3782432.655137334484607 ], [ 395325.2288911495707, 3782432.960325533989817 ], [ 395314.852492370293476, 3782432.960325533989817 ] ] ] } },
{ "type": "Feature", "properties": { "confidence": 0.98932540416717529, "class": 1, "regularized": null }, "geometry": { "type": "Polygon", "coordinates": [ [ [ 394808.240081383497454, 3782620.956256357952952 ], [ 394807.93489318410866, 3782620.651068158913404 ], [ 394807.629704984719865, 3782620.651068158913404 ], [ 394807.32451678533107, 3782620.345879959408194 ], [ 394807.32451678533107, 3782618.209562563803047 ], [ 394807.019328585942276, 3782617.904374364297837 ], [ 394807.019328585942276, 3782610.274669379461557 ], [ 394807.629704984719865, 3782610.274669379461557 ], [ 394807.93489318410866, 3782609.969481179956347 ], [ 394807.93489318410866, 3782609.664292980451137 ], [ 394809.155645981663838, 3782609.664292980451137 ], [ 394809.155645981663838, 3782609.969481179956347 ], [ 394809.460834181052633, 3782610.274669379461557 ], [ 394813.733468972553965, 3782610.274669379461557 ], [ 394814.038657171942759, 3782609.969481179956347 ], [ 394814.038657171942759, 3782609.664292980451137 ], [ 394816.174974567664322, 3782609.664292980451137 ], [ 394816.174974567664322, 3782609.969481179956347 ], [ 394816.480162767053116, 3782610.274669379461557 ], [ 394816.480162767053116, 3782613.021363174077123 ], [ 394816.174974567664322, 3782613.326551373116672 ], [ 394816.174974567664322, 3782616.378433367237449 ], [ 394815.869786368275527, 3782616.683621566742659 ], [ 394815.869786368275527, 3782620.345879959408194 ], [ 394815.564598168886732, 3782620.651068158913404 ], [ 394814.954221770109143, 3782620.651068158913404 ], [ 394814.649033570720349, 3782620.956256357952952 ], [ 394808.240081383497454, 3782620.956256357952952 ] ] ] } },
{ "type": "Feature", "properties": { "confidence": 0.98898774385452271, "class": 1, "regularized": null }, "geometry": { "type": "Polygon", "coordinates": [ [ [ 395195.218718209536746, 3782732.044760935939848 ], [ 395194.608341810759157, 3782731.434384536929429 ], [ 395194.608341810759157, 3782730.21363173937425 ], [ 395194.303153611370362, 3782729.908443540334702 ], [ 395193.997965411981568, 3782729.908443540334702 ], [ 395194.303153611370362, 3782729.603255340829492 ], [ 395194.303153611370362, 3782726.856561546213925 ], [ 395193.997965411981568, 3782726.551373346708715 ], [ 395193.997965411981568, 3782726.246185147669166 ], [ 395193.692777212592773, 3782725.940996948163956 ], [ 395193.692777212592773, 3782725.025432350113988 ], [ 395193.997965411981568, 3782724.720244150608778 ], [ 395193.997965411981568, 3782724.415055951103568 ], [ 395194.608341810759157, 3782723.80467955255881 ], [ 395194.913530010147952, 3782723.80467955255881 ], [ 395195.218718209536746, 3782723.4994913530536 ], [ 395195.523906408925541, 3782723.4994913530536 ], [ 395195.829094608314335, 3782723.19430315354839 ], [ 395196.13428280770313, 3782723.19430315354839 ], [ 395196.439471007150132, 3782722.88911495404318 ], [ 395197.049847405927721, 3782722.88911495404318 ], [ 395198.575788402871694, 3782721.363173957448453 ], [ 395198.880976602260489, 3782721.363173957448453 ], [ 395199.186164801649284, 3782721.057985757943243 ], [ 395201.017293997982051, 3782721.057985757943243 ], [ 395201.322482197370846, 3782721.363173957448453 ], [ 395201.62767039675964, 3782721.363173957448453 ], [ 395201.62767039675964, 3782721.668362156488001 ], [ 395201.932858596148435, 3782721.973550355993211 ], [ 395201.932858596148435, 3782723.4994913530536 ], [ 395202.23804679553723, 3782723.80467955255881 ], [ 395202.23804679553723, 3782726.246185147669166 ], [ 395201.932858596148435, 3782726.551373346708715 ], [ 395201.932858596148435, 3782729.908443540334702 ], [ 395201.322482197370846, 3782729.908443540334702 ], [ 395201.017293997982051, 3782730.21363173937425 ], [ 395200.712105798593257, 3782730.21363173937425 ], [ 395200.101729399815667, 3782730.82400813838467 ], [ 395199.491353001038078, 3782730.82400813838467 ], [ 395198.880976602260489, 3782731.434384536929429 ], [ 395198.575788402871694, 3782731.434384536929429 ], [ 395198.2706002034829, 3782731.739572736434639 ], [ 395197.049847405927721, 3782731.739572736434639 ], [ 395196.744659206538927, 3782732.044760935939848 ], [ 395195.218718209536746, 3782732.044760935939848 ] ] ] } },
{ "type": "Feature", "properties": { "confidence": 0.98838871717453003, "class": 1, "regularized": null }, "geometry": { "type": "Polygon", "coordinates": [ [ [ 395172.939979654096533, 3782903.255340793635696 ], [ 395172.939979654096533, 3782902.950152594130486 ], [ 395172.634791454707738, 3782902.644964394625276 ], [ 395172.939979654096533, 3782902.339776195120066 ], [ 395172.939979654096533, 3782902.034587996080518 ], [ 395173.245167853485327, 3782902.034587996080518 ], [ 395173.550356052874122, 3782901.729399796575308 ], [ 395173.550356052874122, 3782900.20345879951492 ], [ 395173.245167853485327, 3782899.89827060000971 ], [ 395173.245167853485327, 3782899.593082400970161 ], [ 395172.939979654096533, 3782899.287894201464951 ], [ 395172.939979654096533, 3782898.982706001959741 ], [ 395172.634791454707738, 3782898.677517802454531 ], [ 395172.634791454707738, 3782898.372329603414983 ], [ 395172.329603255318943, 3782898.067141403909773 ], [ 395172.329603255318943, 3782897.456765004899353 ], [ 395172.024415055930149, 3782897.151576805859804 ], [ 395172.024415055930149, 3782896.846388606354594 ], [ 395171.719226856541354, 3782896.541200406849384 ], [ 395171.719226856541354, 3782895.320447609294206 ], [ 395172.024415055930149, 3782895.015259409788996 ], [ 395172.024415055930149, 3782894.710071210749447 ], [ 395172.634791454707738, 3782894.099694811739028 ], [ 395175.381485249265097, 3782894.099694811739028 ], [ 395175.686673448653892, 3782894.404883011244237 ], [ 395175.686673448653892, 3782894.710071210749447 ], [ 395175.991861648042686, 3782895.015259409788996 ], [ 395175.991861648042686, 3782895.930824008304626 ], [ 395176.602238046820275, 3782896.541200406849384 ], [ 395176.602238046820275, 3782897.151576805859804 ], [ 395176.90742624620907, 3782897.456765004899353 ], [ 395176.90742624620907, 3782897.761953204404563 ], [ 395177.822990844375454, 3782898.677517802454531 ], [ 395177.822990844375454, 3782898.982706001959741 ], [ 395178.433367243153043, 3782899.593082400970161 ], [ 395178.433367243153043, 3782900.20345879951492 ], [ 395178.738555442541838, 3782900.508646999020129 ], [ 395178.738555442541838, 3782901.424211597070098 ], [ 395178.433367243153043, 3782901.424211597070098 ], [ 395178.128179043764248, 3782901.729399796575308 ], [ 395178.128179043764248, 3782902.034587996080518 ], [ 395177.822990844375454, 3782902.034587996080518 ], [ 395177.517802644986659, 3782902.339776195120066 ], [ 395177.212614445597865, 3782902.339776195120066 ], [ 395176.90742624620907, 3782902.644964394625276 ], [ 395175.991861648042686, 3782902.644964394625276 ], [ 395175.686673448653892, 3782902.950152594130486 ], [ 395175.076297049876302, 3782902.950152594130486 ], [ 395174.7711088504293, 3782903.255340793635696 ], [ 395172.939979654096533, 3782903.255340793635696 ] ] ] } },
{ "type": "Feature", "properties": { "confidence": 0.98834383487701416, "class": 1, "regularized": null }, "geometry": { "type": "Polygon", "coordinates": [ [ [ 394837.232960325549357, 3782450.661241098772734 ], [ 394836.927772126160562, 3782450.356052899267524 ], [ 394835.707019328605384, 3782450.356052899267524 ], [ 394835.401831129216589, 3782450.050864699762315 ], [ 394835.401831129216589, 3782444.557477110996842 ], [ 394835.707019328605384, 3782444.252288911491632 ], [ 394836.012207527994178, 3782444.252288911491632 ], [ 394836.317395727382973, 3782443.947100711986423 ], [ 394839.674465920659713, 3782443.947100711986423 ], [ 394839.979654120048508, 3782443.641912512946874 ], [ 394843.947100712102838, 3782443.641912512946874 ], [ 394843.947100712102838, 3782446.388606307096779 ], [ 394843.641912512714043, 3782446.388606307096779 ], [ 394842.421159715158865, 3782447.609359104651958 ], [ 394842.421159715158865, 3782447.914547304157168 ], [ 394842.11597151577007, 3782448.219735503662378 ], [ 394842.11597151577007, 3782448.830111902207136 ], [ 394841.810783316381276, 3782449.135300101712346 ], [ 394841.810783316381276, 3782449.745676500722766 ], [ 394841.505595116992481, 3782450.050864699762315 ], [ 394840.895218718214892, 3782450.050864699762315 ], [ 394840.590030518826097, 3782450.356052899267524 ], [ 394839.369277721270919, 3782450.356052899267524 ], [ 394839.064089521882124, 3782450.661241098772734 ], [ 394837.232960325549357, 3782450.661241098772734 ] ] ] } },
{ "type": "Feature", "properties": { "confidence": 0.9882209300994873, "class": 1, "regularized": null }, "geometry": { "type": "Polygon", "coordinates": [ [ [ 395105.188199389609508, 3782788.809766022488475 ], [ 395104.883011190220714, 3782788.504577822983265 ], [ 395104.577822990831919, 3782788.504577822983265 ], [ 395104.272634791443124, 3782788.199389623478055 ], [ 395104.272634791443124, 3782787.894201424438506 ], [ 395103.96744659205433, 3782787.589013224933296 ], [ 395103.96744659205433, 3782787.283825025428087 ], [ 395102.746693794499151, 3782786.063072227872908 ], [ 395102.746693794499151, 3782783.316378433257341 ], [ 395102.441505595110357, 3782783.011190233752131 ], [ 395102.746693794499151, 3782782.706002034712583 ], [ 395102.746693794499151, 3782782.095625635702163 ], [ 395103.357070193276741, 3782781.485249237157404 ], [ 395103.662258392665535, 3782781.485249237157404 ], [ 395104.272634791443124, 3782780.874872838146985 ], [ 395104.577822990831919, 3782780.874872838146985 ], [ 395104.883011190220714, 3782780.569684638641775 ], [ 395105.188199389609508, 3782780.569684638641775 ], [ 395105.493387588998303, 3782780.264496439602226 ], [ 395105.798575788387097, 3782780.264496439602226 ], [ 395106.103763987775892, 3782779.959308240097016 ], [ 395106.714140386553481, 3782779.959308240097016 ], [ 395107.019328585942276, 3782779.654120040591806 ], [ 395107.629704984719865, 3782779.654120040591806 ], [ 395107.93489318410866, 3782779.959308240097016 ], [ 395108.240081383497454, 3782779.959308240097016 ], [ 395108.545269582886249, 3782780.264496439602226 ], [ 395108.545269582886249, 3782781.180061037652194 ], [ 395108.850457782275043, 3782781.485249237157404 ], [ 395108.850457782275043, 3782783.011190233752131 ], [ 395109.460834181052633, 3782783.621566632762551 ], [ 395109.460834181052633, 3782783.926754832267761 ], [ 395109.766022380441427, 3782784.23194303130731 ], [ 395109.766022380441427, 3782784.53713123081252 ], [ 395110.071210579830222, 3782784.84231943031773 ], [ 395110.071210579830222, 3782785.452695828862488 ], [ 395110.376398779219016, 3782785.757884028367698 ], [ 395110.376398779219016, 3782786.063072227872908 ], [ 395110.071210579830222, 3782786.368260427378118 ], [ 395110.071210579830222, 3782786.673448626883328 ], [ 395109.460834181052633, 3782787.283825025428087 ], [ 395109.155645981663838, 3782787.283825025428087 ], [ 395108.545269582886249, 3782787.894201424438506 ], [ 395108.240081383497454, 3782787.894201424438506 ], [ 395107.93489318410866, 3782788.199389623478055 ], [ 395107.629704984719865, 3782788.199389623478055 ], [ 395107.32451678533107, 3782788.504577822983265 ], [ 395106.714140386553481, 3782788.504577822983265 ], [ 395106.408952187164687, 3782788.809766022488475 ], [ 395105.188199389609508, 3782788.809766022488475 ] ] ] } },
{ "type": "Feature", "properties": { "confidence": 0.9879571795463562, "class": 1, "regularized": null }, "geometry": { "type": "Polygon", "coordinates": [ [ [ 394989.216683621576522, 3782850.457782299257815 ], [ 394988.606307222798932, 3782849.847405900247395 ], [ 394988.606307222798932, 3782849.542217700742185 ], [ 394988.301119023410138, 3782849.237029501702636 ], [ 394988.301119023410138, 3782848.626653102692217 ], [ 394987.995930824021343, 3782848.321464903187007 ], [ 394987.995930824021343, 3782847.711088504642248 ], [ 394987.690742624632549, 3782847.405900305137038 ], [ 394987.690742624632549, 3782846.79552390659228 ], [ 394987.385554425243754, 3782846.49033570708707 ], [ 394987.385554425243754, 3782845.87995930807665 ], [ 394987.080366225854959, 3782845.574771109037101 ], [ 394987.080366225854959, 3782844.354018311481923 ], [ 394986.775178026466165, 3782844.048830111976713 ], [ 394986.775178026466165, 3782842.522889114916325 ], [ 394987.385554425243754, 3782841.912512716371566 ], [ 394987.995930824021343, 3782841.912512716371566 ], [ 394988.301119023410138, 3782841.607324516866356 ], [ 394988.911495422187727, 3782841.607324516866356 ], [ 394989.216683621576522, 3782841.302136317361146 ], [ 394989.216683621576522, 3782841.607324516866356 ], [ 394989.521871820965316, 3782841.912512716371566 ], [ 394989.521871820965316, 3782843.133265513926744 ], [ 394989.827060020354111, 3782843.438453712966293 ], [ 394989.827060020354111, 3782843.743641912471503 ], [ 394990.132248219742905, 3782844.048830111976713 ], [ 394990.4374364191317, 3782844.048830111976713 ], [ 394990.4374364191317, 3782845.269582909531891 ], [ 394990.742624618520495, 3782845.574771109037101 ], [ 394991.047812817909289, 3782845.574771109037101 ], [ 394991.658189216686878, 3782846.18514750758186 ], [ 394991.963377416075673, 3782846.18514750758186 ], [ 394992.268565615464468, 3782846.49033570708707 ], [ 394992.268565615464468, 3782846.79552390659228 ], [ 394992.573753814853262, 3782847.100712105631828 ], [ 394992.268565615464468, 3782847.405900305137038 ], [ 394992.268565615464468, 3782848.626653102692217 ], [ 394990.742624618520495, 3782850.152594099752605 ], [ 394989.827060020354111, 3782850.152594099752605 ], [ 394989.521871820965316, 3782850.457782299257815 ], [ 394989.216683621576522, 3782850.457782299257815 ] ] ] } },
{ "type": "Feature", "properties": { "confidence": 0.98783642053604126, "class": 1, "regularized": null }, "geometry": { "type": "Polygon", "coordinates": [ [ [ 395160.732451678544749, 3782983.825025432277471 ], [ 395160.427263479155954, 3782983.519837232772261 ], [ 395160.122075279767159, 3782983.519837232772261 ], [ 395160.122075279767159, 3782983.214649033732712 ], [ 395159.816887080378365, 3782982.909460834227502 ], [ 395159.816887080378365, 3782982.604272634722292 ], [ 395159.51169888098957, 3782982.299084435217083 ], [ 395159.51169888098957, 3782981.383519837167114 ], [ 395158.901322482211981, 3782980.773143438622355 ], [ 395158.901322482211981, 3782980.467955239117146 ], [ 395158.596134282823186, 3782980.162767039611936 ], [ 395158.596134282823186, 3782979.857578840106726 ], [ 395157.985757884045597, 3782979.247202441561967 ], [ 395157.985757884045597, 3782978.026449644006789 ], [ 395158.596134282823186, 3782977.416073244996369 ], [ 395160.427263479155954, 3782977.416073244996369 ], [ 395160.732451678544749, 3782977.11088504595682 ], [ 395161.648016276711132, 3782977.11088504595682 ], [ 395161.953204476099927, 3782976.80569684645161 ], [ 395162.563580874877516, 3782976.80569684645161 ], [ 395162.868769074266311, 3782976.5005086469464 ], [ 395163.784333672432695, 3782976.5005086469464 ], [ 395164.089521871821489, 3782976.19532044744119 ], [ 395164.394710071210284, 3782976.19532044744119 ], [ 395164.699898270599078, 3782976.5005086469464 ], [ 395165.615462868765462, 3782976.5005086469464 ], [ 395166.225839267543051, 3782977.11088504595682 ], [ 395166.531027466931846, 3782977.11088504595682 ], [ 395166.531027466931846, 3782978.026449644006789 ], [ 395166.836215666320641, 3782978.331637843511999 ], [ 395166.836215666320641, 3782978.636826042551547 ], [ 395167.751780264487024, 3782979.552390641067177 ], [ 395167.751780264487024, 3782980.162767039611936 ], [ 395167.44659206509823, 3782980.467955239117146 ], [ 395167.44659206509823, 3782980.773143438622355 ], [ 395166.531027466931846, 3782981.688708036672324 ], [ 395166.225839267543051, 3782981.688708036672324 ], [ 395165.920651068154257, 3782981.993896236177534 ], [ 395165.615462868765462, 3782981.993896236177534 ], [ 395165.310274669376668, 3782982.299084435217083 ], [ 395164.699898270599078, 3782982.299084435217083 ], [ 395164.394710071210284, 3782982.604272634722292 ], [ 395163.784333672432695, 3782982.604272634722292 ], [ 395163.173957273655105, 3782983.214649033732712 ], [ 395162.868769074266311, 3782983.214649033732712 ], [ 395162.563580874877516, 3782983.519837232772261 ], [ 395161.953204476099927, 3782983.519837232772261 ], [ 395161.648016276711132, 3782983.825025432277471 ], [ 395160.732451678544749, 3782983.825025432277471 ] ] ] } },
{ "type": "Feature", "properties": { "confidence": 0.98773890733718872, "class": 1, "regularized": "rectangle" }, "geometry": { "type": "Polygon", "coordinates": [ [ [ 395346.5, 3782614.25 ], [ 395357.4375, 3782612.75 ], [ 395359.375, 3782625.75 ], [ 395348.4375, 3782627.25 ], [ 395346.5, 3782614.25 ] ] ] } },
{ "type": "Feature", "properties": { "confidence": 0.98754709959030151, "class": 1, "regularized": null }, "geometry": { "type": "Polygon", "coordinates": [ [ [ 395297.76195320446277, 3782516.581892166752368 ], [ 395297.456765005073976, 3782516.276703967247158 ], [ 395293.184130213630851, 3782516.276703967247158 ], [ 395293.184130213630851, 3782512.309257375542074 ], [ 395293.489318413019646, 3782512.004069176036865 ], [ 395298.067141403851565, 3782512.004069176036865 ], [ 395298.067141403851565, 3782513.835198372136801 ], [ 395298.37232960324036, 3782514.140386571642011 ], [ 395298.37232960324036, 3782516.276703967247158 ], [ 395298.067141403851565, 3782516.276703967247158 ], [ 395297.76195320446277, 3782516.581892166752368 ] ] ] } },
{ "type": "Feature", "properties": { "confidence": 0.98727124929428101, "class": 1, "regularized": null }, "geometry": { "type": "Polygon", "coordinates": [ [ [ 394883.621566632762551, 3782621.261444557458162 ], [ 394883.316378433373757, 3782620.956256357952952 ], [ 394882.706002034596168, 3782620.956256357952952 ], [ 394882.095625635818578, 3782620.345879959408194 ], [ 394882.095625635818578, 3782620.040691759902984 ], [ 394881.180061037652194, 3782619.125127161853015 ], [ 394879.959308240097016, 3782619.125127161853015 ], [ 394879.348931841319427, 3782618.514750762842596 ], [ 394879.348931841319427, 3782617.599186164792627 ], [ 394879.654120040708221, 3782617.293997965287417 ], [ 394879.654120040708221, 3782615.46286876918748 ], [ 394879.959308240097016, 3782615.15768056968227 ], [ 394879.959308240097016, 3782614.85249237017706 ], [ 394881.180061037652194, 3782613.631739572621882 ], [ 394881.180061037652194, 3782612.716174974571913 ], [ 394881.485249237040989, 3782612.410986775066704 ], [ 394881.485249237040989, 3782612.105798575561494 ], [ 394881.790437436429784, 3782612.105798575561494 ], [ 394882.095625635818578, 3782611.800610376521945 ], [ 394888.19938962359447, 3782611.800610376521945 ], [ 394888.80976602237206, 3782612.410986775066704 ], [ 394888.80976602237206, 3782614.85249237017706 ], [ 394888.504577822983265, 3782615.15768056968227 ], [ 394888.504577822983265, 3782615.46286876918748 ], [ 394888.19938962359447, 3782615.76805696869269 ], [ 394888.19938962359447, 3782616.073245167732239 ], [ 394887.894201424205676, 3782616.073245167732239 ], [ 394887.589013224816881, 3782616.378433367237449 ], [ 394887.589013224816881, 3782616.988809766247869 ], [ 394887.894201424205676, 3782617.293997965287417 ], [ 394888.19938962359447, 3782617.293997965287417 ], [ 394889.114954221760854, 3782618.209562563803047 ], [ 394889.114954221760854, 3782618.514750762842596 ], [ 394889.420142421149649, 3782618.819938962347806 ], [ 394889.420142421149649, 3782620.651068158913404 ], [ 394889.114954221760854, 3782620.956256357952952 ], [ 394886.673448626650497, 3782620.956256357952952 ], [ 394886.368260427261703, 3782621.261444557458162 ], [ 394883.621566632762551, 3782621.261444557458162 ] ] ] } },
{ "type": "Feature", "properties": { "confidence": 0.98723208904266357, "class": 1, "regularized": null }, "geometry": { "type": "Polygon", "coordinates": [ [ [ 395185.147507629706524, 3782957.273652085568756 ], [ 395184.84231943031773, 3782956.968463886063546 ], [ 395184.537131230928935, 3782956.968463886063546 ], [ 395184.537131230928935, 3782954.832146490458399 ], [ 395184.231943031540141, 3782954.526958290953189 ], [ 395184.231943031540141, 3782954.221770091447979 ], [ 395183.926754832151346, 3782953.916581891942769 ], [ 395183.926754832151346, 3782953.611393692903221 ], [ 395182.400813835207373, 3782952.085452695842832 ], [ 395182.400813835207373, 3782951.475076296832412 ], [ 395183.011190233984962, 3782950.864699898287654 ], [ 395183.316378433373757, 3782950.864699898287654 ], [ 395183.621566632762551, 3782950.559511698782444 ], [ 395183.926754832151346, 3782950.559511698782444 ], [ 395184.231943031540141, 3782950.254323499277234 ], [ 395184.537131230928935, 3782950.254323499277234 ], [ 395184.84231943031773, 3782949.949135300237685 ], [ 395185.452695829095319, 3782949.949135300237685 ], [ 395185.757884028484114, 3782949.643947100732476 ], [ 395186.978636826039292, 3782949.643947100732476 ], [ 395187.283825025428087, 3782949.338758901227266 ], [ 395187.894201424205676, 3782949.338758901227266 ], [ 395188.19938962359447, 3782949.033570701722056 ], [ 395188.504577822983265, 3782949.033570701722056 ], [ 395188.80976602237206, 3782949.338758901227266 ], [ 395189.114954221760854, 3782949.338758901227266 ], [ 395189.725330620538443, 3782949.949135300237685 ], [ 395189.725330620538443, 3782950.559511698782444 ], [ 395190.030518819927238, 3782950.864699898287654 ], [ 395190.030518819927238, 3782951.169888097792864 ], [ 395190.335707019316033, 3782951.475076296832412 ], [ 395190.335707019316033, 3782952.085452695842832 ], [ 395190.640895218704827, 3782952.390640895348042 ], [ 395190.640895218704827, 3782954.526958290953189 ], [ 395190.030518819927238, 3782955.137334689497948 ], [ 395189.725330620538443, 3782955.137334689497948 ], [ 395188.80976602237206, 3782956.052899288013577 ], [ 395187.894201424205676, 3782956.052899288013577 ], [ 395187.283825025428087, 3782956.663275686558336 ], [ 395186.978636826039292, 3782956.663275686558336 ], [ 395186.368260427261703, 3782957.273652085568756 ], [ 395185.147507629706524, 3782957.273652085568756 ] ] ] } },
{ "type": "Feature", "properties": { "confidence": 0.98717981576919556, "class": 1, "regularized": null }, "geometry": { "type": "Polygon", "coordinates": [ [ [ 395157.375381485268008, 3782450.050864699762315 ], [ 395157.070193285879213, 3782449.745676500722766 ], [ 395156.765005086490419, 3782449.745676500722766 ], [ 395156.459816887101624, 3782449.440488301217556 ], [ 395156.459816887101624, 3782449.135300101712346 ], [ 395156.15462868771283, 3782448.830111902207136 ], [ 395156.15462868771283, 3782446.998982706107199 ], [ 395155.849440488324035, 3782446.693794506601989 ], [ 395155.54425228893524, 3782446.693794506601989 ], [ 395154.933875890157651, 3782446.083418108057231 ], [ 395154.628687690768857, 3782446.083418108057231 ], [ 395154.628687690768857, 3782443.336724313441664 ], [ 395154.933875890157651, 3782443.031536113936454 ], [ 395154.933875890157651, 3782442.421159714926034 ], [ 395155.54425228893524, 3782441.810783316381276 ], [ 395155.54425228893524, 3782441.505595116876066 ], [ 395155.849440488324035, 3782441.505595116876066 ], [ 395156.459816887101624, 3782440.895218718331307 ], [ 395156.459816887101624, 3782440.590030518826097 ], [ 395157.070193285879213, 3782439.979654119815677 ], [ 395157.070193285879213, 3782439.064089521765709 ], [ 395157.375381485268008, 3782438.758901322260499 ], [ 395157.375381485268008, 3782438.45371312322095 ], [ 395157.680569684656803, 3782438.14852492371574 ], [ 395157.985757884045597, 3782438.14852492371574 ], [ 395158.290946083434392, 3782437.843336724210531 ], [ 395161.037639877933543, 3782437.843336724210531 ], [ 395161.342828077322338, 3782438.14852492371574 ], [ 395161.953204476099927, 3782438.14852492371574 ], [ 395162.258392675488722, 3782438.45371312322095 ], [ 395162.563580874877516, 3782438.45371312322095 ], [ 395163.173957273655105, 3782439.064089521765709 ], [ 395163.173957273655105, 3782439.979654119815677 ], [ 395164.089521871821489, 3782440.895218718331307 ], [ 395164.089521871821489, 3782442.115971515886486 ], [ 395164.394710071210284, 3782442.421159714926034 ], [ 395164.394710071210284, 3782443.947100711986423 ], [ 395164.699898270599078, 3782444.252288911491632 ], [ 395164.699898270599078, 3782445.473041709046811 ], [ 395164.394710071210284, 3782445.778229908552021 ], [ 395164.394710071210284, 3782448.219735503662378 ], [ 395165.005086469987873, 3782448.830111902207136 ], [ 395165.005086469987873, 3782449.135300101712346 ], [ 395165.310274669376668, 3782449.440488301217556 ], [ 395165.005086469987873, 3782449.745676500722766 ], [ 395163.4791454730439, 3782449.745676500722766 ], [ 395163.173957273655105, 3782450.050864699762315 ], [ 395157.375381485268008, 3782450.050864699762315 ] ] ] } },
{ "type": "Feature", "properties": { "confidence": 0.98713600635528564, "class": 1, "regularized": null }, "geometry": { "type": "Polygon", "coordinates": [ [ [ 395014.242115971515886, 3782852.899287894368172 ], [ 395013.021363173960708, 3782851.678535096812993 ], [ 395013.021363173960708, 3782851.373346897307783 ], [ 395012.716174974571913, 3782851.068158697802573 ], [ 395012.716174974571913, 3782850.762970498297364 ], [ 395012.410986775183119, 3782850.457782299257815 ], [ 395012.410986775183119, 3782847.405900305137038 ], [ 395012.716174974571913, 3782847.100712105631828 ], [ 395012.716174974571913, 3782846.49033570708707 ], [ 395013.021363173960708, 3782846.18514750758186 ], [ 395013.021363173960708, 3782845.269582909531891 ], [ 395013.326551373349503, 3782845.269582909531891 ], [ 395013.631739572738297, 3782844.964394710026681 ], [ 395013.936927772127092, 3782844.964394710026681 ], [ 395014.242115971515886, 3782844.659206510521472 ], [ 395016.073245167848654, 3782844.659206510521472 ], [ 395016.378433367237449, 3782844.354018311481923 ], [ 395016.988809766015038, 3782844.354018311481923 ], [ 395017.293997965403832, 3782844.048830111976713 ], [ 395017.904374364181422, 3782844.048830111976713 ], [ 395018.209562563570216, 3782843.743641912471503 ], [ 395018.514750762959011, 3782843.743641912471503 ], [ 395018.819938962347806, 3782843.438453712966293 ], [ 395019.1251271617366, 3782843.438453712966293 ], [ 395019.430315361125395, 3782843.133265513926744 ], [ 395019.735503560514189, 3782843.133265513926744 ], [ 395020.040691759902984, 3782842.828077314421535 ], [ 395020.956256358069368, 3782842.828077314421535 ], [ 395021.261444557458162, 3782843.133265513926744 ], [ 395021.261444557458162, 3782843.743641912471503 ], [ 395021.566632756846957, 3782844.048830111976713 ], [ 395021.566632756846957, 3782846.18514750758186 ], [ 395021.871820956235752, 3782846.49033570708707 ], [ 395021.566632756846957, 3782846.79552390659228 ], [ 395021.566632756846957, 3782847.405900305137038 ], [ 395021.261444557458162, 3782847.711088504642248 ], [ 395021.261444557458162, 3782848.321464903187007 ], [ 395020.956256358069368, 3782848.626653102692217 ], [ 395020.956256358069368, 3782850.762970498297364 ], [ 395020.651068158680573, 3782851.068158697802573 ], [ 395020.345879959291779, 3782851.068158697802573 ], [ 395020.040691759902984, 3782851.373346897307783 ], [ 395019.1251271617366, 3782851.373346897307783 ], [ 395018.819938962347806, 3782851.678535096812993 ], [ 395018.514750762959011, 3782851.678535096812993 ], [ 395018.209562563570216, 3782851.983723295852542 ], [ 395017.904374364181422, 3782851.983723295852542 ], [ 395017.293997965403832, 3782852.594099694862962 ], [ 395016.683621566626243, 3782852.594099694862962 ], [ 395016.378433367237449, 3782852.899287894368172 ], [ 395014.242115971515886, 3782852.899287894368172 ] ] ] } },
{ "type": "Feature", "properties": { "confidence": 0.98688369989395142, "class": 1, "regularized": null }, "geometry": { "type": "Polygon", "coordinates": [ [ [ 395010.579857578850351, 3782432.655137334484607 ], [ 395010.274669379461557, 3782432.349949135445058 ], [ 395009.969481180072762, 3782432.349949135445058 ], [ 395009.664292980683967, 3782432.044760935939848 ], [ 395009.664292980683967, 3782431.739572736434639 ], [ 395009.053916581906378, 3782431.12919633788988 ], [ 395007.527975584962405, 3782431.12919633788988 ], [ 395007.222787385573611, 3782430.82400813838467 ], [ 395006.917599186184816, 3782430.82400813838467 ], [ 395006.917599186184816, 3782427.772126144263893 ], [ 395007.222787385573611, 3782427.466937945224345 ], [ 395007.222787385573611, 3782426.246185147669166 ], [ 395007.527975584962405, 3782425.940996948163956 ], [ 395007.527975584962405, 3782425.635808748658746 ], [ 395007.8331637843512, 3782425.635808748658746 ], [ 395008.138351983739994, 3782425.330620549153537 ], [ 395014.852492370293476, 3782425.330620549153537 ], [ 395015.15768056968227, 3782425.635808748658746 ], [ 395015.462868769071065, 3782425.635808748658746 ], [ 395015.462868769071065, 3782432.349949135445058 ], [ 395015.15768056968227, 3782432.349949135445058 ], [ 395014.852492370293476, 3782432.655137334484607 ], [ 395010.579857578850351, 3782432.655137334484607 ] ] ] } },
{ "type": "Feature", "properties": { "confidence": 0.98660975694656372, "class": 1, "regularized": null }, "geometry": { "type": "Polygon", "coordinates": [ [ [ 395080.162767039670143, 3782973.753814852330834 ], [ 395079.247202441503759, 3782972.838250254280865 ], [ 395079.247202441503759, 3782972.227873855736107 ], [ 395077.721261444559786, 3782970.701932858675718 ], [ 395077.721261444559786, 3782970.396744659170508 ], [ 395077.416073245170992, 3782970.091556459665298 ], [ 395077.110885045782197, 3782970.091556459665298 ], [ 395076.195320447615813, 3782969.17599186161533 ], [ 395076.195320447615813, 3782968.565615463070571 ], [ 395075.890132248227019, 3782968.260427263565361 ], [ 395075.890132248227019, 3782967.650050864554942 ], [ 395075.584944048838224, 3782967.344862665515393 ], [ 395075.584944048838224, 3782966.124109867960215 ], [ 395075.27975584944943, 3782965.818921668455005 ], [ 395075.27975584944943, 3782962.767039674334228 ], [ 395075.584944048838224, 3782962.461851475294679 ], [ 395075.584944048838224, 3782959.715157680679113 ], [ 395075.890132248227019, 3782959.409969481173903 ], [ 395081.383519837225322, 3782959.409969481173903 ], [ 395081.688708036614116, 3782959.715157680679113 ], [ 395082.299084435391705, 3782959.715157680679113 ], [ 395083.214649033558089, 3782960.630722278729081 ], [ 395083.214649033558089, 3782963.682604272849858 ], [ 395082.909460834169295, 3782963.987792471889406 ], [ 395082.909460834169295, 3782967.650050864554942 ], [ 395082.6042726347805, 3782967.955239064060152 ], [ 395082.6042726347805, 3782968.87080366211012 ], [ 395082.299084435391705, 3782969.17599186161533 ], [ 395082.299084435391705, 3782969.48118006112054 ], [ 395081.993896236002911, 3782969.78636826062575 ], [ 395081.993896236002911, 3782970.701932858675718 ], [ 395081.688708036614116, 3782971.007121058180928 ], [ 395081.688708036614116, 3782973.448626653291285 ], [ 395081.383519837225322, 3782973.448626653291285 ], [ 395081.078331637836527, 3782973.753814852330834 ], [ 395080.162767039670143, 3782973.753814852330834 ] ] ] } },
{ "type": "Feature", "properties": { "confidence": 0.98657554388046265, "class": 1, "regularized": null }, "geometry": { "type": "Polygon", "coordinates": [ [ [ 395179.043743641930632, 3782930.111902339849621 ], [ 395178.433367243153043, 3782929.501525940839201 ], [ 395178.433367243153043, 3782928.891149542294443 ], [ 395178.128179043764248, 3782928.585961342789233 ], [ 395178.128179043764248, 3782927.670396744739264 ], [ 395177.822990844375454, 3782927.365208545234054 ], [ 395177.822990844375454, 3782925.228891149628907 ], [ 395179.043743641930632, 3782925.228891149628907 ], [ 395179.348931841319427, 3782924.923702950123698 ], [ 395180.264496439485811, 3782924.923702950123698 ], [ 395180.569684638874605, 3782924.618514750618488 ], [ 395180.8748728382634, 3782924.618514750618488 ], [ 395181.180061037652194, 3782924.313326551578939 ], [ 395181.485249237040989, 3782924.313326551578939 ], [ 395182.400813835207373, 3782923.397761953063309 ], [ 395182.400813835207373, 3782923.092573754023761 ], [ 395183.011190233984962, 3782922.482197355013341 ], [ 395184.537131230928935, 3782922.482197355013341 ], [ 395185.452695829095319, 3782923.397761953063309 ], [ 395185.757884028484114, 3782923.397761953063309 ], [ 395186.063072227872908, 3782923.702950152568519 ], [ 395186.063072227872908, 3782924.313326551578939 ], [ 395186.368260427261703, 3782924.618514750618488 ], [ 395186.368260427261703, 3782927.060020345728844 ], [ 395186.673448626650497, 3782927.365208545234054 ], [ 395186.673448626650497, 3782927.975584944244474 ], [ 395186.368260427261703, 3782928.280773143284023 ], [ 395186.063072227872908, 3782928.280773143284023 ], [ 395185.757884028484114, 3782928.585961342789233 ], [ 395185.147507629706524, 3782928.585961342789233 ], [ 395184.84231943031773, 3782928.891149542294443 ], [ 395184.231943031540141, 3782928.891149542294443 ], [ 395183.926754832151346, 3782929.196337741799653 ], [ 395183.316378433373757, 3782929.196337741799653 ], [ 395183.011190233984962, 3782929.501525940839201 ], [ 395182.095625635818578, 3782929.501525940839201 ], [ 395181.790437436429784, 3782929.806714140344411 ], [ 395180.8748728382634, 3782929.806714140344411 ], [ 395180.569684638874605, 3782930.111902339849621 ], [ 395179.043743641930632, 3782930.111902339849621 ] ] ] } },
{ "type": "Feature", "properties": { "confidence": 0.9863160252571106, "class": 1, "regularized": null }, "geometry": { "type": "Polygon", "coordinates": [ [ [ 395211.698880976589862, 3782476.907426245976239 ], [ 395211.393692777201068, 3782476.602238046936691 ], [ 395210.478128179034684, 3782476.602238046936691 ], [ 395210.478128179034684, 3782474.160732451826334 ], [ 395210.783316378423478, 3782473.855544252321124 ], [ 395210.783316378423478, 3782472.634791454765946 ], [ 395211.088504577812273, 3782472.329603255260736 ], [ 395211.088504577812273, 3782471.414038657210767 ], [ 395211.393692777201068, 3782471.108850457705557 ], [ 395211.393692777201068, 3782470.498474059160799 ], [ 395211.698880976589862, 3782470.193285859655589 ], [ 395211.698880976589862, 3782468.056968464050442 ], [ 395212.614445574756246, 3782468.056968464050442 ], [ 395213.224821973533835, 3782468.667344862595201 ], [ 395214.140386571700219, 3782468.667344862595201 ], [ 395214.140386571700219, 3782469.888097660150379 ], [ 395214.750762970477808, 3782470.498474059160799 ], [ 395215.055951169866603, 3782470.498474059160799 ], [ 395215.055951169866603, 3782470.803662258200347 ], [ 395215.361139369255397, 3782471.108850457705557 ], [ 395215.361139369255397, 3782471.414038657210767 ], [ 395215.971515768032987, 3782472.024415055755526 ], [ 395215.971515768032987, 3782472.939979654271156 ], [ 395216.276703967421781, 3782473.245167853310704 ], [ 395216.276703967421781, 3782474.160732451826334 ], [ 395215.971515768032987, 3782474.465920650865883 ], [ 395215.971515768032987, 3782475.076297049876302 ], [ 395215.666327568644192, 3782475.381485249381512 ], [ 395215.666327568644192, 3782475.686673448421061 ], [ 395215.361139369255397, 3782475.991861647926271 ], [ 395215.055951169866603, 3782475.991861647926271 ], [ 395214.445574771089014, 3782476.602238046936691 ], [ 395213.53001017292263, 3782476.602238046936691 ], [ 395213.224821973533835, 3782476.907426245976239 ], [ 395211.698880976589862, 3782476.907426245976239 ] ] ] } },
{ "type": "Feature", "properties": { "confidence": 0.98617202043533325, "class": 1, "regularized": null }, "geometry": { "type": "Polygon", "coordinates": [ [ [ 395064.903357070172206, 3782648.423194303177297 ], [ 395064.903357070172206, 3782648.118006103672087 ], [ 395064.598168870783411, 3782647.812817904166877 ], [ 395064.292980671394616, 3782647.812817904166877 ], [ 395063.987792472005822, 3782647.507629705127329 ], [ 395063.987792472005822, 3782646.897253306116909 ], [ 395063.682604272617027, 3782646.592065106611699 ], [ 395063.682604272617027, 3782645.98168870806694 ], [ 395063.072227873839438, 3782645.37131230905652 ], [ 395063.072227873839438, 3782644.760935910511762 ], [ 395062.767039674450643, 3782644.455747711006552 ], [ 395062.767039674450643, 3782641.098677517846227 ], [ 395062.461851475061849, 3782640.793489318341017 ], [ 395062.461851475061849, 3782639.877924720291048 ], [ 395062.767039674450643, 3782639.572736520785838 ], [ 395062.767039674450643, 3782638.96236012224108 ], [ 395063.682604272617027, 3782638.04679552372545 ], [ 395063.987792472005822, 3782638.04679552372545 ], [ 395064.598168870783411, 3782637.436419125180691 ], [ 395064.903357070172206, 3782637.436419125180691 ], [ 395065.208545269561, 3782637.131230925675482 ], [ 395067.039674465893768, 3782637.131230925675482 ], [ 395067.650050864671357, 3782637.741607324685901 ], [ 395067.650050864671357, 3782639.267548321280628 ], [ 395067.344862665282562, 3782639.572736520785838 ], [ 395067.344862665282562, 3782640.793489318341017 ], [ 395067.039674465893768, 3782641.098677517846227 ], [ 395067.039674465893768, 3782642.624618514906615 ], [ 395067.955239064118359, 3782643.540183112956583 ], [ 395067.955239064118359, 3782643.845371312461793 ], [ 395068.260427263507154, 3782644.150559511501342 ], [ 395068.260427263507154, 3782646.592065106611699 ], [ 395067.344862665282562, 3782647.507629705127329 ], [ 395067.039674465893768, 3782647.507629705127329 ], [ 395066.734486266504973, 3782647.812817904166877 ], [ 395065.818921668338589, 3782647.812817904166877 ], [ 395065.513733468949795, 3782648.118006103672087 ], [ 395065.513733468949795, 3782648.423194303177297 ], [ 395064.903357070172206, 3782648.423194303177297 ] ] ] } },
{ "type": "Feature", "properties": { "confidence": 0.98475885391235352, "class": 1, "regularized": null }, "geometry": { "type": "Polygon", "coordinates": [ [ [ 395349.338758901343681, 3782590.742624618578702 ], [ 395349.033570701954886, 3782590.437436419073492 ], [ 395349.033570701954886, 3782590.132248219568282 ], [ 395348.728382502566092, 3782589.827060020528734 ], [ 395348.728382502566092, 3782589.216683621518314 ], [ 395348.423194303177297, 3782588.911495422013104 ], [ 395348.423194303177297, 3782588.606307222973555 ], [ 395348.118006103788503, 3782588.301119023468345 ], [ 395348.118006103788503, 3782587.385554425418377 ], [ 395347.812817904399708, 3782587.080366225913167 ], [ 395347.812817904399708, 3782584.3336724312976 ], [ 395348.118006103788503, 3782584.02848423179239 ], [ 395348.118006103788503, 3782583.723296032752842 ], [ 395348.423194303177297, 3782583.723296032752842 ], [ 395349.338758901343681, 3782582.807731434237212 ], [ 395349.643947100732476, 3782582.807731434237212 ], [ 395349.94913530012127, 3782582.502543235197663 ], [ 395350.254323499510065, 3782582.502543235197663 ], [ 395350.559511698898859, 3782582.197355035692453 ], [ 395354.221770091564395, 3782582.197355035692453 ], [ 395354.526958290953189, 3782582.502543235197663 ], [ 395355.137334689730778, 3782582.502543235197663 ], [ 395355.442522889119573, 3782582.807731434237212 ], [ 395355.442522889119573, 3782587.385554425418377 ], [ 395355.747711088508368, 3782587.690742624457926 ], [ 395355.747711088508368, 3782588.911495422013104 ], [ 395355.442522889119573, 3782589.216683621518314 ], [ 395354.832146490341984, 3782589.216683621518314 ], [ 395354.526958290953189, 3782589.521871821023524 ], [ 395353.611393692786805, 3782589.521871821023524 ], [ 395353.306205493398011, 3782589.827060020528734 ], [ 395352.695829094620422, 3782589.827060020528734 ], [ 395352.390640895231627, 3782590.132248219568282 ], [ 395351.780264496454038, 3782590.132248219568282 ], [ 395351.475076297065243, 3782590.437436419073492 ], [ 395351.169888097676449, 3782590.437436419073492 ], [ 395350.864699898287654, 3782590.742624618578702 ], [ 395349.338758901343681, 3782590.742624618578702 ] ] ] } },
{ "type": "Feature", "properties": { "confidence": 0.98431545495986938, "class": 1, "regularized": null }, "geometry": { "type": "Polygon", "coordinates": [ [ [ 395186.673448626650497, 3782742.421159714926034 ], [ 395186.368260427261703, 3782742.115971515886486 ], [ 395186.063072227872908, 3782742.115971515886486 ], [ 395186.063072227872908, 3782741.810783316381276 ], [ 395184.231943031540141, 3782739.979654119815677 ], [ 395184.231943031540141, 3782739.674465920776129 ], [ 395183.926754832151346, 3782739.369277721270919 ], [ 395183.926754832151346, 3782738.14852492371574 ], [ 395183.621566632762551, 3782737.843336724210531 ], [ 395183.621566632762551, 3782736.927772126160562 ], [ 395184.231943031540141, 3782736.317395727150142 ], [ 395185.147507629706524, 3782736.317395727150142 ], [ 395185.452695829095319, 3782736.012207528110594 ], [ 395185.757884028484114, 3782736.012207528110594 ], [ 395186.063072227872908, 3782735.707019328605384 ], [ 395186.673448626650497, 3782735.707019328605384 ], [ 395186.978636826039292, 3782735.401831129100174 ], [ 395188.504577822983265, 3782735.401831129100174 ], [ 395188.80976602237206, 3782735.096642929594964 ], [ 395188.80976602237206, 3782734.791454730555415 ], [ 395189.114954221760854, 3782734.486266531050205 ], [ 395189.420142421149649, 3782734.486266531050205 ], [ 395189.725330620538443, 3782734.181078331544995 ], [ 395190.335707019316033, 3782734.181078331544995 ], [ 395190.335707019316033, 3782742.115971515886486 ], [ 395189.725330620538443, 3782742.115971515886486 ], [ 395189.420142421149649, 3782742.421159714926034 ], [ 395186.673448626650497, 3782742.421159714926034 ] ] ] } },
{ "type": "Feature", "properties": { "confidence": 0.98421162366867065, "class": 1, "regularized": null }, "geometry": { "type": "Polygon", "coordinates": [ [ [ 395158.901322482211981, 3782541.912512716371566 ], [ 395158.596134282823186, 3782541.607324516866356 ], [ 395158.290946083434392, 3782541.607324516866356 ], [ 395157.680569684656803, 3782540.996948117855936 ], [ 395157.680569684656803, 3782539.471007121261209 ], [ 395157.375381485268008, 3782539.165818921755999 ], [ 395157.375381485268008, 3782538.860630722250789 ], [ 395157.070193285879213, 3782538.555442522745579 ], [ 395157.070193285879213, 3782535.808748728595674 ], [ 395157.375381485268008, 3782535.503560529090464 ], [ 395157.375381485268008, 3782534.893184130080044 ], [ 395159.51169888098957, 3782534.893184130080044 ], [ 395159.816887080378365, 3782535.198372329585254 ], [ 395161.953204476099927, 3782535.198372329585254 ], [ 395162.258392675488722, 3782535.503560529090464 ], [ 395163.173957273655105, 3782535.503560529090464 ], [ 395163.4791454730439, 3782535.808748728595674 ], [ 395163.784333672432695, 3782535.808748728595674 ], [ 395163.784333672432695, 3782537.029501526150852 ], [ 395164.394710071210284, 3782537.639877924695611 ], [ 395164.394710071210284, 3782538.860630722250789 ], [ 395164.699898270599078, 3782539.165818921755999 ], [ 395164.394710071210284, 3782539.471007121261209 ], [ 395164.394710071210284, 3782540.081383519805968 ], [ 395164.089521871821489, 3782540.386571719311178 ], [ 395163.784333672432695, 3782540.386571719311178 ], [ 395163.4791454730439, 3782540.691759918816388 ], [ 395162.868769074266311, 3782540.691759918816388 ], [ 395162.563580874877516, 3782540.996948117855936 ], [ 395161.648016276711132, 3782540.996948117855936 ], [ 395161.342828077322338, 3782541.302136317361146 ], [ 395160.732451678544749, 3782541.302136317361146 ], [ 395160.427263479155954, 3782541.607324516866356 ], [ 395160.122075279767159, 3782541.607324516866356 ], [ 395159.816887080378365, 3782541.912512716371566 ], [ 395158.901322482211981, 3782541.912512716371566 ] ] ] } },
{ "type": "Feature", "properties": { "confidence": 0.98331993818283081, "class": 1, "regularized": null }, "geometry": { "type": "Polygon", "coordinates": [ [ [ 395302.644964394683484, 3782734.486266531050205 ], [ 395302.339776195294689, 3782734.181078331544995 ], [ 395301.119023397739511, 3782734.181078331544995 ], [ 395300.813835198350716, 3782733.875890132039785 ], [ 395300.203458799573127, 3782733.875890132039785 ], [ 395300.203458799573127, 3782733.570701933000237 ], [ 395299.898270600184333, 3782733.265513733495027 ], [ 395299.898270600184333, 3782732.655137334484607 ], [ 395299.287894201406743, 3782732.044760935939848 ], [ 395299.287894201406743, 3782731.12919633788988 ], [ 395298.982706002017949, 3782730.82400813838467 ], [ 395298.677517802629154, 3782730.82400813838467 ], [ 395298.677517802629154, 3782728.687690742779523 ], [ 395299.287894201406743, 3782728.077314343769103 ], [ 395300.508646998961922, 3782728.077314343769103 ], [ 395300.813835198350716, 3782728.382502543274313 ], [ 395301.119023397739511, 3782728.382502543274313 ], [ 395301.424211597128306, 3782728.687690742779523 ], [ 395302.339776195294689, 3782728.687690742779523 ], [ 395303.255340793461073, 3782729.603255340829492 ], [ 395306.612410986796021, 3782729.603255340829492 ], [ 395306.917599186184816, 3782729.908443540334702 ], [ 395307.527975584962405, 3782729.908443540334702 ], [ 395307.527975584962405, 3782732.044760935939848 ], [ 395306.917599186184816, 3782732.044760935939848 ], [ 395306.612410986796021, 3782732.349949135445058 ], [ 395306.612410986796021, 3782733.570701933000237 ], [ 395306.917599186184816, 3782733.875890132039785 ], [ 395306.612410986796021, 3782734.181078331544995 ], [ 395306.612410986796021, 3782734.486266531050205 ], [ 395306.002034588018432, 3782734.486266531050205 ], [ 395305.696846388629638, 3782734.181078331544995 ], [ 395304.781281790463254, 3782734.181078331544995 ], [ 395304.476093591074459, 3782734.486266531050205 ], [ 395302.644964394683484, 3782734.486266531050205 ] ] ] } },
{ "type": "Feature", "properties": { "confidence": 0.98127180337905884, "class": 1, "regularized": "rectangle" }, "geometry": { "type": "Polygon", "coordinates": [ [ [ 395143.65625, 3782460.5 ], [ 395155.53125, 3782460.5 ], [ 395155.53125, 3782473.5 ], [ 395143.65625, 3782473.5 ], [ 395143.65625, 3782460.5 ] ] ] } },
{ "type": "Feature", "properties": { "confidence": 0.98097711801528931, "class": 1, "regularized": null }, "geometry": { "type": "Polygon", "coordinates": [ [ [ 395234.89318413019646, 3782924.618514750618488 ], [ 395234.89318413019646, 3782924.313326551578939 ], [ 395234.587995930807665, 3782924.008138352073729 ], [ 395234.587995930807665, 3782923.397761953063309 ], [ 395234.28280773141887, 3782923.092573754023761 ], [ 395234.28280773141887, 3782922.787385554518551 ], [ 395233.977619532030076, 3782922.482197355013341 ], [ 395233.977619532030076, 3782921.871820956468582 ], [ 395233.672431332641281, 3782921.566632756963372 ], [ 395233.672431332641281, 3782919.735503560397774 ], [ 395233.062054933863692, 3782919.125127161853015 ], [ 395233.062054933863692, 3782918.819938962347806 ], [ 395232.756866734474897, 3782918.514750762842596 ], [ 395232.756866734474897, 3782917.904374364297837 ], [ 395232.451678535086103, 3782917.599186164792627 ], [ 395232.451678535086103, 3782916.683621566742659 ], [ 395232.756866734474897, 3782916.378433367237449 ], [ 395232.756866734474897, 3782916.073245167732239 ], [ 395233.062054933863692, 3782915.76805696869269 ], [ 395233.977619532030076, 3782915.76805696869269 ], [ 395234.28280773141887, 3782915.46286876918748 ], [ 395234.89318413019646, 3782915.46286876918748 ], [ 395235.198372329585254, 3782915.15768056968227 ], [ 395237.639877924695611, 3782915.15768056968227 ], [ 395238.555442522861995, 3782916.073245167732239 ], [ 395238.555442522861995, 3782916.378433367237449 ], [ 395239.471007121086586, 3782917.293997965287417 ], [ 395239.776195320475381, 3782917.293997965287417 ], [ 395239.776195320475381, 3782917.599186164792627 ], [ 395240.38657171925297, 3782918.209562563803047 ], [ 395240.38657171925297, 3782921.566632756963372 ], [ 395240.081383519864175, 3782921.871820956468582 ], [ 395239.776195320475381, 3782921.871820956468582 ], [ 395239.471007121086586, 3782922.177009155508131 ], [ 395238.860630722250789, 3782922.177009155508131 ], [ 395237.639877924695611, 3782923.397761953063309 ], [ 395237.639877924695611, 3782924.008138352073729 ], [ 395237.029501525918022, 3782924.618514750618488 ], [ 395234.89318413019646, 3782924.618514750618488 ] ] ] } },
{ "type": "Feature", "properties": { "confidence": 0.98093605041503906, "class": 1, "regularized": null }, "geometry": { "type": "Polygon", "coordinates": [ [ [ 395059.104781281785108, 3782947.507629705127329 ], [ 395058.799593082396314, 3782947.202441505622119 ], [ 395057.88402848422993, 3782947.202441505622119 ], [ 395057.578840284841135, 3782946.897253306116909 ], [ 395056.968463886063546, 3782946.897253306116909 ], [ 395056.358087487285957, 3782946.28687690757215 ], [ 395055.442522889119573, 3782946.28687690757215 ], [ 395055.137334689730778, 3782945.98168870806694 ], [ 395054.526958290953189, 3782945.98168870806694 ], [ 395054.221770091564395, 3782945.67650050856173 ], [ 395053.9165818921756, 3782945.67650050856173 ], [ 395053.9165818921756, 3782943.540183112956583 ], [ 395053.611393692786805, 3782943.234994913451374 ], [ 395053.611393692786805, 3782941.709053916390985 ], [ 395053.306205493398011, 3782941.403865717351437 ], [ 395053.306205493398011, 3782941.098677517846227 ], [ 395053.611393692786805, 3782940.793489318341017 ], [ 395053.611393692786805, 3782940.488301118835807 ], [ 395055.137334689730778, 3782940.488301118835807 ], [ 395055.442522889119573, 3782940.183112919796258 ], [ 395056.663275686674751, 3782940.183112919796258 ], [ 395056.968463886063546, 3782939.877924720291048 ], [ 395058.494404883007519, 3782939.877924720291048 ], [ 395058.799593082396314, 3782939.572736520785838 ], [ 395060.325534079340287, 3782939.572736520785838 ], [ 395060.630722278729081, 3782939.267548321280628 ], [ 395061.546286876895465, 3782939.267548321280628 ], [ 395062.461851475061849, 3782940.183112919796258 ], [ 395062.461851475061849, 3782940.488301118835807 ], [ 395062.767039674450643, 3782940.793489318341017 ], [ 395062.767039674450643, 3782941.709053916390985 ], [ 395063.072227873839438, 3782942.014242115896195 ], [ 395063.072227873839438, 3782942.624618514906615 ], [ 395063.377416073228233, 3782942.929806713946164 ], [ 395063.377416073228233, 3782944.150559511501342 ], [ 395063.682604272617027, 3782944.455747711006552 ], [ 395063.682604272617027, 3782946.592065106611699 ], [ 395063.072227873839438, 3782947.202441505622119 ], [ 395062.156663275673054, 3782947.202441505622119 ], [ 395061.85147507628426, 3782947.507629705127329 ], [ 395059.104781281785108, 3782947.507629705127329 ] ] ] } },
{ "type": "Feature", "properties": { "confidence": 0.9808504581451416, "class": 1, "regularized": null }, "geometry": { "type": "Polygon", "coordinates": [ [ [ 395281.892166836187243, 3782534.587995931040496 ], [ 395281.586978636798449, 3782534.282807731535286 ], [ 395281.281790437409654, 3782534.282807731535286 ], [ 395280.97660223802086, 3782533.977619532030076 ], [ 395280.671414038632065, 3782533.977619532030076 ], [ 395280.36622583924327, 3782533.672431332524866 ], [ 395280.36622583924327, 3782533.367243133485317 ], [ 395280.061037639854476, 3782533.062054933980107 ], [ 395280.36622583924327, 3782532.756866734474897 ], [ 395280.36622583924327, 3782532.146490335930139 ], [ 395280.671414038632065, 3782531.841302136424929 ], [ 395280.97660223802086, 3782531.841302136424929 ], [ 395281.281790437409654, 3782531.536113936919719 ], [ 395282.197355035634246, 3782531.536113936919719 ], [ 395282.50254323502304, 3782531.230925737414509 ], [ 395283.723296032578219, 3782531.230925737414509 ], [ 395284.028484231967013, 3782530.92573753837496 ], [ 395284.638860630744603, 3782530.92573753837496 ], [ 395284.944048830133397, 3782530.62054933886975 ], [ 395285.859613428299781, 3782530.62054933886975 ], [ 395286.164801627688576, 3782530.315361139364541 ], [ 395287.995930824021343, 3782530.315361139364541 ], [ 395288.301119023410138, 3782530.62054933886975 ], [ 395288.911495422187727, 3782530.62054933886975 ], [ 395289.521871820965316, 3782531.230925737414509 ], [ 395289.521871820965316, 3782532.756866734474897 ], [ 395288.911495422187727, 3782533.367243133485317 ], [ 395288.301119023410138, 3782533.367243133485317 ], [ 395287.995930824021343, 3782533.672431332524866 ], [ 395287.385554425243754, 3782533.672431332524866 ], [ 395287.080366225854959, 3782533.977619532030076 ], [ 395286.46998982707737, 3782533.977619532030076 ], [ 395286.164801627688576, 3782534.282807731535286 ], [ 395285.249237029522192, 3782534.282807731535286 ], [ 395284.944048830133397, 3782534.587995931040496 ], [ 395281.892166836187243, 3782534.587995931040496 ] ] ] } },
{ "type": "Feature", "properties": { "confidence": 0.98074370622634888, "class": 1, "regularized": null }, "geometry": { "type": "Polygon", "coordinates": [ [ [ 395366.124109867727384, 3782838.860630722250789 ], [ 395365.818921668338589, 3782838.555442522745579 ], [ 395365.818921668338589, 3782837.945066124200821 ], [ 395365.513733468949795, 3782837.639877924695611 ], [ 395365.513733468949795, 3782837.334689725190401 ], [ 395365.208545269561, 3782837.029501526150852 ], [ 395365.208545269561, 3782836.724313326645643 ], [ 395364.903357070172206, 3782836.419125127140433 ], [ 395364.903357070172206, 3782835.503560529090464 ], [ 395364.598168870783411, 3782835.198372329585254 ], [ 395364.903357070172206, 3782834.893184130080044 ], [ 395364.903357070172206, 3782834.587995931040496 ], [ 395365.513733468949795, 3782833.977619532030076 ], [ 395366.734486266504973, 3782833.977619532030076 ], [ 395367.039674465893768, 3782833.672431332524866 ], [ 395367.955239064118359, 3782833.672431332524866 ], [ 395368.260427263507154, 3782833.367243133485317 ], [ 395369.786368260451127, 3782833.367243133485317 ], [ 395369.786368260451127, 3782833.977619532030076 ], [ 395370.701932858617511, 3782834.893184130080044 ], [ 395371.007121058006305, 3782834.893184130080044 ], [ 395371.007121058006305, 3782835.198372329585254 ], [ 395371.617497456783894, 3782835.808748728595674 ], [ 395371.617497456783894, 3782836.724313326645643 ], [ 395370.701932858617511, 3782837.639877924695611 ], [ 395370.396744659228716, 3782837.639877924695611 ], [ 395370.091556459839921, 3782837.945066124200821 ], [ 395369.481180061062332, 3782837.945066124200821 ], [ 395369.175991861673538, 3782838.250254323706031 ], [ 395368.565615462895948, 3782838.250254323706031 ], [ 395368.260427263507154, 3782838.555442522745579 ], [ 395367.650050864671357, 3782838.555442522745579 ], [ 395367.344862665282562, 3782838.860630722250789 ], [ 395366.124109867727384, 3782838.860630722250789 ] ] ] } },
{ "type": "Feature", "properties": { "confidence": 0.98052817583084106, "class": 1, "regularized": null }, "geometry": { "type": "Polygon", "coordinates": [ [ [ 395151.576805696822703, 3782473.855544252321124 ], [ 395151.576805696822703, 3782461.64801627676934 ], [ 395152.187182095600292, 3782461.64801627676934 ], [ 395152.492370294989087, 3782461.34282807726413 ], [ 395153.713123092602473, 3782461.34282807726413 ], [ 395154.018311291991267, 3782461.64801627676934 ], [ 395154.323499491380062, 3782461.64801627676934 ], [ 395154.323499491380062, 3782462.258392675314099 ], [ 395154.628687690768857, 3782462.563580874819309 ], [ 395154.933875890157651, 3782462.563580874819309 ], [ 395154.933875890157651, 3782462.868769074324518 ], [ 395155.239064089546446, 3782463.173957273829728 ], [ 395155.239064089546446, 3782463.479145472869277 ], [ 395155.54425228893524, 3782463.784333672374487 ], [ 395155.54425228893524, 3782464.699898270424455 ], [ 395155.849440488324035, 3782465.005086469929665 ], [ 395155.849440488324035, 3782472.024415055755526 ], [ 395155.54425228893524, 3782472.329603255260736 ], [ 395155.54425228893524, 3782472.939979654271156 ], [ 395154.933875890157651, 3782473.550356052815914 ], [ 395152.492370294989087, 3782473.550356052815914 ], [ 395152.187182095600292, 3782473.855544252321124 ], [ 395151.576805696822703, 3782473.855544252321124 ] ] ] } },
{ "type": "Feature", "properties": { "confidence": 0.97924602031707764, "class": 1, "regularized": null }, "geometry": { "type": "Polygon", "coordinates": [ [ [ 395243.743641912529711, 3782530.92573753837496 ], [ 395243.743641912529711, 3782527.568667344748974 ], [ 395244.048830111918505, 3782527.568667344748974 ], [ 395244.3540183113073, 3782527.263479145243764 ], [ 395244.3540183113073, 3782526.347914547193795 ], [ 395244.659206510696094, 3782526.042726347688586 ], [ 395244.659206510696094, 3782525.737538148649037 ], [ 395244.964394710084889, 3782525.432349949143827 ], [ 395244.964394710084889, 3782524.821973550133407 ], [ 395245.269582909473684, 3782524.821973550133407 ], [ 395245.574771108862478, 3782524.516785351093858 ], [ 395245.879959308251273, 3782524.516785351093858 ], [ 395246.185147507640067, 3782524.211597151588649 ], [ 395247.71108850458404, 3782524.211597151588649 ], [ 395247.71108850458404, 3782524.516785351093858 ], [ 395248.016276703972835, 3782524.821973550133407 ], [ 395249.542217700916808, 3782524.821973550133407 ], [ 395249.847405900305603, 3782524.516785351093858 ], [ 395249.847405900305603, 3782525.737538148649037 ], [ 395249.542217700916808, 3782526.042726347688586 ], [ 395249.542217700916808, 3782526.653102746699005 ], [ 395249.237029501528013, 3782526.958290946204215 ], [ 395249.237029501528013, 3782527.873855544254184 ], [ 395248.931841302139219, 3782528.179043743759394 ], [ 395248.931841302139219, 3782529.399796541314572 ], [ 395248.626653102750424, 3782529.704984740819782 ], [ 395248.626653102750424, 3782530.010172939859331 ], [ 395248.32146490336163, 3782530.315361139364541 ], [ 395247.71108850458404, 3782530.315361139364541 ], [ 395247.405900305195246, 3782530.62054933886975 ], [ 395246.795523906417657, 3782530.62054933886975 ], [ 395246.490335707028862, 3782530.92573753837496 ], [ 395243.743641912529711, 3782530.92573753837496 ] ] ] } },
{ "type": "Feature", "properties": { "confidence": 0.97914481163024902, "class": 1, "regularized": null }, "geometry": { "type": "Polygon", "coordinates": [ [ [ 394952.594099694804754, 3782613.631739572621882 ], [ 394952.28891149541596, 3782613.326551373116672 ], [ 394952.28891149541596, 3782611.800610376521945 ], [ 394951.983723296027165, 3782611.495422177016735 ], [ 394951.983723296027165, 3782609.664292980451137 ], [ 394960.528992878913414, 3782609.664292980451137 ], [ 394960.528992878913414, 3782610.885045778006315 ], [ 394960.223804679524619, 3782611.190233977511525 ], [ 394960.223804679524619, 3782612.105798575561494 ], [ 394959.918616480135825, 3782612.105798575561494 ], [ 394959.003051881969441, 3782613.021363174077123 ], [ 394958.697863682580646, 3782613.021363174077123 ], [ 394958.392675483191852, 3782613.326551373116672 ], [ 394956.866734486247879, 3782613.326551373116672 ], [ 394956.561546286859084, 3782613.631739572621882 ], [ 394952.594099694804754, 3782613.631739572621882 ] ] ] } },
{ "type": "Feature", "properties": { "confidence": 0.97908109426498413, "class": 1, "regularized": null }, "geometry": { "type": "Polygon", "coordinates": [ [ [ 395067.650050864671357, 3782663.987792471889406 ], [ 395067.344862665282562, 3782663.682604272849858 ], [ 395067.039674465893768, 3782663.682604272849858 ], [ 395067.039674465893768, 3782663.377416073344648 ], [ 395067.344862665282562, 3782663.377416073344648 ], [ 395067.650050864671357, 3782663.072227873839438 ], [ 395067.650050864671357, 3782662.156663275789469 ], [ 395067.344862665282562, 3782661.85147507628426 ], [ 395067.344862665282562, 3782660.935910478234291 ], [ 395067.039674465893768, 3782660.630722278729081 ], [ 395067.039674465893768, 3782660.020345880184323 ], [ 395066.734486266504973, 3782659.715157680679113 ], [ 395066.734486266504973, 3782658.494404883123934 ], [ 395066.429298067116179, 3782658.189216683618724 ], [ 395066.429298067116179, 3782657.884028484113514 ], [ 395065.818921668338589, 3782657.273652085568756 ], [ 395065.818921668338589, 3782656.052899288013577 ], [ 395066.124109867727384, 3782655.747711088508368 ], [ 395066.124109867727384, 3782655.442522889003158 ], [ 395066.429298067116179, 3782655.137334689497948 ], [ 395068.260427263507154, 3782655.137334689497948 ], [ 395068.565615462895948, 3782654.832146490458399 ], [ 395069.481180061062332, 3782654.832146490458399 ], [ 395069.786368260451127, 3782654.526958290953189 ], [ 395070.091556459839921, 3782654.526958290953189 ], [ 395070.701932858617511, 3782653.916581891942769 ], [ 395071.007121058006305, 3782653.916581891942769 ], [ 395071.617497456783894, 3782654.526958290953189 ], [ 395071.617497456783894, 3782655.747711088508368 ], [ 395071.922685656172689, 3782656.052899288013577 ], [ 395071.922685656172689, 3782656.358087487053126 ], [ 395072.533062054950278, 3782656.968463886063546 ], [ 395072.533062054950278, 3782657.273652085568756 ], [ 395072.838250254339073, 3782657.578840285073966 ], [ 395073.143438453727867, 3782657.578840285073966 ], [ 395073.143438453727867, 3782662.156663275789469 ], [ 395072.838250254339073, 3782662.156663275789469 ], [ 395072.533062054950278, 3782662.461851475294679 ], [ 395071.922685656172689, 3782662.461851475294679 ], [ 395071.617497456783894, 3782662.767039674334228 ], [ 395071.3123092573951, 3782662.767039674334228 ], [ 395071.007121058006305, 3782663.072227873839438 ], [ 395070.701932858617511, 3782663.072227873839438 ], [ 395070.396744659228716, 3782663.377416073344648 ], [ 395069.786368260451127, 3782663.377416073344648 ], [ 395069.481180061062332, 3782663.682604272849858 ], [ 395068.870803662284743, 3782663.682604272849858 ], [ 395068.565615462895948, 3782663.987792471889406 ], [ 395067.650050864671357, 3782663.987792471889406 ] ] ] } },
{ "type": "Feature", "properties": { "confidence": 0.97672504186630249, "class": 1, "regularized": null }, "geometry": { "type": "Polygon", "coordinates": [ [ [ 394906.205493387591559, 3782849.847405900247395 ], [ 394905.289928789425176, 3782848.931841302197427 ], [ 394905.289928789425176, 3782847.100712105631828 ], [ 394904.679552390647586, 3782846.49033570708707 ], [ 394904.679552390647586, 3782844.048830111976713 ], [ 394910.172939979645889, 3782844.048830111976713 ], [ 394910.172939979645889, 3782847.100712105631828 ], [ 394908.952187182090711, 3782848.321464903187007 ], [ 394908.646998982701916, 3782848.321464903187007 ], [ 394908.036622583924327, 3782848.931841302197427 ], [ 394907.731434384535532, 3782848.931841302197427 ], [ 394907.121057985757943, 3782849.542217700742185 ], [ 394906.815869786369149, 3782849.542217700742185 ], [ 394906.510681586980354, 3782849.847405900247395 ], [ 394906.205493387591559, 3782849.847405900247395 ] ] ] } },
{ "type": "Feature", "properties": { "confidence": 0.97624707221984863, "class": 1, "regularized": null }, "geometry": { "type": "Polygon", "coordinates": [ [ [ 395369.175991861673538, 3782830.62054933886975 ], [ 395368.870803662284743, 3782830.315361139364541 ], [ 395368.870803662284743, 3782830.010172939859331 ], [ 395368.565615462895948, 3782829.704984740819782 ], [ 395368.565615462895948, 3782829.399796541314572 ], [ 395368.260427263507154, 3782829.094608341809362 ], [ 395368.260427263507154, 3782828.484231942798942 ], [ 395367.955239064118359, 3782828.179043743759394 ], [ 395367.955239064118359, 3782827.873855544254184 ], [ 395367.650050864671357, 3782827.568667344748974 ], [ 395367.650050864671357, 3782826.653102746699005 ], [ 395368.565615462895948, 3782826.653102746699005 ], [ 395368.870803662284743, 3782826.347914547193795 ], [ 395369.175991861673538, 3782826.347914547193795 ], [ 395369.481180061062332, 3782826.042726347688586 ], [ 395370.091556459839921, 3782826.042726347688586 ], [ 395370.396744659228716, 3782825.737538148649037 ], [ 395370.701932858617511, 3782825.737538148649037 ], [ 395371.3123092573951, 3782825.127161749638617 ], [ 395371.617497456783894, 3782825.127161749638617 ], [ 395371.922685656172689, 3782824.821973550133407 ], [ 395372.533062054950278, 3782824.821973550133407 ], [ 395373.448626653116662, 3782825.737538148649037 ], [ 395373.448626653116662, 3782826.042726347688586 ], [ 395373.753814852505457, 3782826.347914547193795 ], [ 395373.753814852505457, 3782826.653102746699005 ], [ 395374.059003051894251, 3782826.958290946204215 ], [ 395374.059003051894251, 3782827.568667344748974 ], [ 395374.364191251283046, 3782827.873855544254184 ], [ 395374.364191251283046, 3782829.094608341809362 ], [ 395373.753814852505457, 3782829.704984740819782 ], [ 395373.143438453727867, 3782829.704984740819782 ], [ 395372.838250254339073, 3782830.010172939859331 ], [ 395372.227873855561484, 3782830.010172939859331 ], [ 395371.922685656172689, 3782830.315361139364541 ], [ 395371.617497456783894, 3782830.315361139364541 ], [ 395371.3123092573951, 3782830.62054933886975 ], [ 395369.175991861673538, 3782830.62054933886975 ] ] ] } },
{ "type": "Feature", "properties": { "confidence": 0.97600775957107544, "class": 1, "regularized": null }, "geometry": { "type": "Polygon", "coordinates": [ [ [ 394958.697863682580646, 3782698.474059002939612 ], [ 394958.392675483191852, 3782698.168870803434402 ], [ 394957.782299084414262, 3782698.168870803434402 ], [ 394957.782299084414262, 3782695.116988809779286 ], [ 394968.463886063080281, 3782695.116988809779286 ], [ 394968.463886063080281, 3782698.168870803434402 ], [ 394966.937945066136308, 3782698.168870803434402 ], [ 394966.632756866747513, 3782698.474059002939612 ], [ 394958.697863682580646, 3782698.474059002939612 ] ] ] } },
{ "type": "Feature", "properties": { "confidence": 0.97549337148666382, "class": 1, "regularized": null }, "geometry": { "type": "Polygon", "coordinates": [ [ [ 395096.948118006112054, 3782533.672431332524866 ], [ 395096.642929806723259, 3782533.367243133485317 ], [ 395096.337741607334465, 3782533.367243133485317 ], [ 395096.337741607334465, 3782533.062054933980107 ], [ 395096.03255340794567, 3782532.756866734474897 ], [ 395096.03255340794567, 3782530.92573753837496 ], [ 395095.727365208556876, 3782530.62054933886975 ], [ 395094.811800610390492, 3782530.62054933886975 ], [ 395094.506612411001697, 3782530.315361139364541 ], [ 395094.506612411001697, 3782528.789420142304152 ], [ 395097.863682604278438, 3782528.789420142304152 ], [ 395098.168870803667232, 3782529.094608341809362 ], [ 395100.610376398777589, 3782529.094608341809362 ], [ 395100.915564598166384, 3782528.789420142304152 ], [ 395106.408952187164687, 3782528.789420142304152 ], [ 395106.408952187164687, 3782529.094608341809362 ], [ 395106.714140386553481, 3782529.399796541314572 ], [ 395107.32451678533107, 3782529.399796541314572 ], [ 395107.629704984719865, 3782529.704984740819782 ], [ 395107.629704984719865, 3782532.146490335930139 ], [ 395106.714140386553481, 3782533.062054933980107 ], [ 395106.103763987775892, 3782533.062054933980107 ], [ 395105.798575788387097, 3782533.367243133485317 ], [ 395105.188199389609508, 3782533.367243133485317 ], [ 395104.883011190220714, 3782533.062054933980107 ], [ 395102.441505595110357, 3782533.062054933980107 ], [ 395102.136317395721562, 3782533.367243133485317 ], [ 395099.389623601222411, 3782533.367243133485317 ], [ 395099.084435401833616, 3782533.672431332524866 ], [ 395096.948118006112054, 3782533.672431332524866 ] ] ] } },
{ "type": "Feature", "properties": { "confidence": 0.97541713714599609, "class": 1, "regularized": null }, "geometry": { "type": "Polygon", "coordinates": [ [ [ 395379.857578840281349, 3782951.780264496337622 ], [ 395379.247202441503759, 3782951.169888097792864 ], [ 395379.247202441503759, 3782950.864699898287654 ], [ 395378.63682604272617, 3782950.254323499277234 ], [ 395378.63682604272617, 3782949.338758901227266 ], [ 395378.331637843337376, 3782949.033570701722056 ], [ 395378.331637843337376, 3782947.507629705127329 ], [ 395378.026449643948581, 3782947.202441505622119 ], [ 395378.026449643948581, 3782946.897253306116909 ], [ 395377.721261444559786, 3782946.592065106611699 ], [ 395377.721261444559786, 3782944.760935910511762 ], [ 395378.331637843337376, 3782944.150559511501342 ], [ 395378.331637843337376, 3782943.845371312461793 ], [ 395381.383519837225322, 3782943.845371312461793 ], [ 395381.688708036614116, 3782943.540183112956583 ], [ 395382.299084435391705, 3782943.540183112956583 ], [ 395382.6042726347805, 3782943.234994913451374 ], [ 395384.740590030502062, 3782943.234994913451374 ], [ 395384.740590030502062, 3782944.150559511501342 ], [ 395385.045778229890857, 3782944.455747711006552 ], [ 395385.045778229890857, 3782945.066124110016972 ], [ 395385.350966429279651, 3782945.37131230905652 ], [ 395385.350966429279651, 3782945.67650050856173 ], [ 395385.045778229890857, 3782945.98168870806694 ], [ 395385.045778229890857, 3782947.202441505622119 ], [ 395385.350966429279651, 3782947.507629705127329 ], [ 395385.350966429279651, 3782949.338758901227266 ], [ 395384.435401831113268, 3782950.254323499277234 ], [ 395384.130213631724473, 3782950.254323499277234 ], [ 395383.214649033558089, 3782951.169888097792864 ], [ 395382.909460834169295, 3782951.169888097792864 ], [ 395382.299084435391705, 3782951.780264496337622 ], [ 395379.857578840281349, 3782951.780264496337622 ] ] ] } },
{ "type": "Feature", "properties": { "confidence": 0.97499758005142212, "class": 1, "regularized": null }, "geometry": { "type": "Polygon", "coordinates": [ [ [ 394972.431332655134611, 3782522.075279755983502 ], [ 394972.126144455745816, 3782521.770091556478292 ], [ 394972.126144455745816, 3782517.802644964307547 ], [ 394972.431332655134611, 3782517.497456764802337 ], [ 394972.431332655134611, 3782516.887080366257578 ], [ 394972.736520854523405, 3782516.581892166752368 ], [ 394979.755849440465681, 3782516.581892166752368 ], [ 394980.061037639854476, 3782516.887080366257578 ], [ 394980.36622583924327, 3782516.887080366257578 ], [ 394980.36622583924327, 3782521.159715157467872 ], [ 394980.061037639854476, 3782521.464903356973082 ], [ 394980.061037639854476, 3782521.770091556478292 ], [ 394979.145473041688092, 3782521.770091556478292 ], [ 394978.840284842299297, 3782522.075279755983502 ], [ 394972.431332655134611, 3782522.075279755983502 ] ] ] } },
{ "type": "Feature", "properties": { "confidence": 0.9744839072227478, "class": 1, "regularized": null }, "geometry": { "type": "Polygon", "coordinates": [ [ [ 395096.337741607334465, 3782585.859613428357989 ], [ 395095.727365208556876, 3782585.249237029347569 ], [ 395095.727365208556876, 3782584.94404883030802 ], [ 395095.116988809779286, 3782584.3336724312976 ], [ 395095.116988809779286, 3782583.418107833247632 ], [ 395094.811800610390492, 3782583.112919633742422 ], [ 395094.811800610390492, 3782582.197355035692453 ], [ 395094.506612411001697, 3782581.892166836187243 ], [ 395094.506612411001697, 3782577.61953204497695 ], [ 395094.811800610390492, 3782577.31434384547174 ], [ 395096.948118006112054, 3782577.31434384547174 ], [ 395097.253306205500849, 3782577.00915564596653 ], [ 395097.863682604278438, 3782577.00915564596653 ], [ 395098.168870803667232, 3782577.31434384547174 ], [ 395099.084435401833616, 3782577.31434384547174 ], [ 395099.389623601222411, 3782577.61953204497695 ], [ 395099.389623601222411, 3782578.535096643026918 ], [ 395100.0, 3782579.145473041571677 ], [ 395100.0, 3782579.450661241076887 ], [ 395100.610376398777589, 3782580.061037640087306 ], [ 395100.610376398777589, 3782583.723296032752842 ], [ 395100.305188199388795, 3782584.02848423179239 ], [ 395100.305188199388795, 3782584.94404883030802 ], [ 395100.0, 3782584.94404883030802 ], [ 395099.694811800611205, 3782585.249237029347569 ], [ 395099.389623601222411, 3782585.249237029347569 ], [ 395099.084435401833616, 3782585.554425228852779 ], [ 395098.474059003056027, 3782585.554425228852779 ], [ 395098.168870803667232, 3782585.859613428357989 ], [ 395096.337741607334465, 3782585.859613428357989 ] ] ] } },
{ "type": "Feature", "properties": { "confidence": 0.97338753938674927, "class": 1, "regularized": "rectangle" }, "geometry": { "type": "Polygon", "coordinates": [ [ [ 394937.625, 3782529.75 ], [ 394937.625, 3782521.75 ], [ 394954.125, 3782521.75 ], [ 394954.125, 3782529.75 ], [ 394937.625, 3782529.75 ] ] ] } },
{ "type": "Feature", "properties": { "confidence": 0.97322750091552734, "class": 1, "regularized": null }, "geometry": { "type": "Polygon", "coordinates": [ [ [ 394838.14852492371574, 3782469.582909460645169 ], [ 394838.14852492371574, 3782469.27772126160562 ], [ 394837.843336724326946, 3782468.97253306210041 ], [ 394837.843336724326946, 3782468.362156663089991 ], [ 394837.538148524938151, 3782468.056968464050442 ], [ 394837.538148524938151, 3782467.751780264545232 ], [ 394837.232960325549357, 3782467.446592065040022 ], [ 394837.232960325549357, 3782462.258392675314099 ], [ 394836.927772126160562, 3782461.95320447627455 ], [ 394836.927772126160562, 3782461.03763987775892 ], [ 394837.232960325549357, 3782460.732451678719372 ], [ 394837.232960325549357, 3782459.206510681658983 ], [ 394837.843336724326946, 3782458.596134282648563 ], [ 394843.336724313325249, 3782458.596134282648563 ], [ 394843.641912512714043, 3782458.290946083609015 ], [ 394845.167853509658016, 3782458.290946083609015 ], [ 394845.473041709046811, 3782458.596134282648563 ], [ 394845.778229908435605, 3782458.596134282648563 ], [ 394846.0834181078244, 3782458.901322482153773 ], [ 394846.0834181078244, 3782469.27772126160562 ], [ 394845.778229908435605, 3782469.582909460645169 ], [ 394838.14852492371574, 3782469.582909460645169 ] ] ] } },
{ "type": "Feature", "properties": { "confidence": 0.9718252420425415, "class": 1, "regularized": null }, "geometry": { "type": "Polygon", "coordinates": [ [ [ 395224.516785350977443, 3782532.756866734474897 ], [ 395224.211597151588649, 3782532.451678534969687 ], [ 395223.906408952199854, 3782532.451678534969687 ], [ 395223.601220752811059, 3782532.146490335930139 ], [ 395222.99084435403347, 3782532.146490335930139 ], [ 395222.685656154644676, 3782531.841302136424929 ], [ 395218.413021363201551, 3782531.841302136424929 ], [ 395218.107833163812757, 3782531.536113936919719 ], [ 395218.107833163812757, 3782527.873855544254184 ], [ 395218.413021363201551, 3782527.568667344748974 ], [ 395218.413021363201551, 3782527.263479145243764 ], [ 395219.328585961367935, 3782526.347914547193795 ], [ 395219.63377416075673, 3782526.347914547193795 ], [ 395220.549338758923113, 3782525.432349949143827 ], [ 395220.854526958311908, 3782525.432349949143827 ], [ 395221.159715157700703, 3782525.127161749638617 ], [ 395221.770091556478292, 3782525.127161749638617 ], [ 395222.075279755867086, 3782524.821973550133407 ], [ 395222.685656154644676, 3782524.821973550133407 ], [ 395222.99084435403347, 3782524.516785351093858 ], [ 395226.347914547310211, 3782524.516785351093858 ], [ 395226.9582909460878, 3782525.127161749638617 ], [ 395227.263479145476595, 3782525.127161749638617 ], [ 395227.263479145476595, 3782525.432349949143827 ], [ 395227.568667344865389, 3782525.737538148649037 ], [ 395227.568667344865389, 3782526.042726347688586 ], [ 395227.873855544254184, 3782526.347914547193795 ], [ 395227.873855544254184, 3782529.399796541314572 ], [ 395227.263479145476595, 3782530.010172939859331 ], [ 395227.263479145476595, 3782530.315361139364541 ], [ 395226.347914547310211, 3782531.230925737414509 ], [ 395226.347914547310211, 3782531.536113936919719 ], [ 395225.127161749755032, 3782532.756866734474897 ], [ 395224.516785350977443, 3782532.756866734474897 ] ] ] } },
{ "type": "Feature", "properties": { "confidence": 0.97096729278564453, "class": 1, "regularized": "rectangle" }, "geometry": { "type": "Polygon", "coordinates": [ [ [ 395313.0625, 3782437.5 ], [ 395326.4375, 3782437.5 ], [ 395326.4375, 3782447.5 ], [ 395313.0625, 3782447.5 ], [ 395313.0625, 3782437.5 ] ] ] } },
{ "type": "Feature", "properties": { "confidence": 0.97085481882095337, "class": 1, "regularized": null }, "geometry": { "type": "Polygon", "coordinates": [ [ [ 395203.153611393703613, 3782952.085452695842832 ], [ 395202.848423194314819, 3782951.780264496337622 ], [ 395202.848423194314819, 3782951.475076296832412 ], [ 395202.543234994926024, 3782951.169888097792864 ], [ 395202.543234994926024, 3782947.507629705127329 ], [ 395203.458799593092408, 3782947.507629705127329 ], [ 395203.763987792481203, 3782947.202441505622119 ], [ 395204.984740590036381, 3782947.202441505622119 ], [ 395205.289928789425176, 3782946.897253306116909 ], [ 395206.815869786369149, 3782946.897253306116909 ], [ 395207.121057985757943, 3782946.592065106611699 ], [ 395208.952187182090711, 3782946.592065106611699 ], [ 395208.952187182090711, 3782946.897253306116909 ], [ 395209.257375381479505, 3782947.202441505622119 ], [ 395209.257375381479505, 3782948.118006103672087 ], [ 395208.952187182090711, 3782948.423194303177297 ], [ 395208.952187182090711, 3782949.949135300237685 ], [ 395207.121057985757943, 3782951.780264496337622 ], [ 395206.510681586980354, 3782951.780264496337622 ], [ 395206.205493387591559, 3782952.085452695842832 ], [ 395203.153611393703613, 3782952.085452695842832 ] ] ] } },
{ "type": "Feature", "properties": { "confidence": 0.97084134817123413, "class": 1, "regularized": null }, "geometry": { "type": "Polygon", "coordinates": [ [ [ 395102.441505595110357, 3782511.698880976531655 ], [ 395102.136317395721562, 3782511.393692777026445 ], [ 395102.746693794499151, 3782510.783316378481686 ], [ 395102.746693794499151, 3782507.426246185321361 ], [ 395102.441505595110357, 3782507.121057985816151 ], [ 395102.441505595110357, 3782506.510681586805731 ], [ 395102.136317395721562, 3782506.205493387766182 ], [ 395102.136317395721562, 3782504.984740590211004 ], [ 395102.441505595110357, 3782504.679552390705794 ], [ 395109.155645981663838, 3782504.679552390705794 ], [ 395109.460834181052633, 3782504.374364191200584 ], [ 395109.766022380441427, 3782504.679552390705794 ], [ 395110.071210579830222, 3782504.679552390705794 ], [ 395110.071210579830222, 3782507.121057985816151 ], [ 395109.766022380441427, 3782507.426246185321361 ], [ 395109.766022380441427, 3782510.478128178976476 ], [ 395110.071210579830222, 3782510.783316378481686 ], [ 395110.071210579830222, 3782511.088504577986896 ], [ 395109.766022380441427, 3782511.393692777026445 ], [ 395109.460834181052633, 3782511.393692777026445 ], [ 395109.155645981663838, 3782511.698880976531655 ], [ 395102.441505595110357, 3782511.698880976531655 ] ] ] } },
{ "type": "Feature", "properties": { "confidence": 0.97079718112945557, "class": 1, "regularized": null }, "geometry": { "type": "Polygon", "coordinates": [ [ [ 395078.026449643948581, 3782477.822990844491869 ], [ 395077.721261444559786, 3782477.517802644986659 ], [ 395077.416073245170992, 3782477.517802644986659 ], [ 395077.416073245170992, 3782477.212614445481449 ], [ 395077.110885045782197, 3782476.907426245976239 ], [ 395077.110885045782197, 3782475.381485249381512 ], [ 395076.805696846393403, 3782475.076297049876302 ], [ 395076.805696846393403, 3782474.465920650865883 ], [ 395076.500508647004608, 3782474.160732451826334 ], [ 395076.500508647004608, 3782473.855544252321124 ], [ 395076.195320447615813, 3782473.550356052815914 ], [ 395076.195320447615813, 3782471.108850457705557 ], [ 395075.890132248227019, 3782470.803662258200347 ], [ 395075.890132248227019, 3782464.394710071384907 ], [ 395076.195320447615813, 3782464.089521871879697 ], [ 395076.500508647004608, 3782464.394710071384907 ], [ 395078.331637843337376, 3782464.394710071384907 ], [ 395078.63682604272617, 3782464.089521871879697 ], [ 395080.162767039670143, 3782464.089521871879697 ], [ 395080.467955239058938, 3782464.394710071384907 ], [ 395080.467955239058938, 3782465.920651067979634 ], [ 395081.078331637836527, 3782466.531027466990054 ], [ 395081.383519837225322, 3782466.531027466990054 ], [ 395081.993896236002911, 3782467.141403865534812 ], [ 395081.993896236002911, 3782467.446592065040022 ], [ 395082.6042726347805, 3782468.056968464050442 ], [ 395082.6042726347805, 3782469.582909460645169 ], [ 395082.909460834169295, 3782469.888097660150379 ], [ 395082.909460834169295, 3782475.076297049876302 ], [ 395082.6042726347805, 3782475.381485249381512 ], [ 395082.299084435391705, 3782475.381485249381512 ], [ 395081.993896236002911, 3782475.686673448421061 ], [ 395081.688708036614116, 3782475.686673448421061 ], [ 395081.383519837225322, 3782475.991861647926271 ], [ 395081.078331637836527, 3782475.991861647926271 ], [ 395080.773143438447732, 3782476.297049847431481 ], [ 395080.467955239058938, 3782476.297049847431481 ], [ 395079.552390640892554, 3782477.212614445481449 ], [ 395079.552390640892554, 3782477.517802644986659 ], [ 395079.247202441503759, 3782477.517802644986659 ], [ 395078.942014242114965, 3782477.822990844491869 ], [ 395078.026449643948581, 3782477.822990844491869 ] ] ] } },
{ "type": "Feature", "properties": { "confidence": 0.97013199329376221, "class": 1, "regularized": null }, "geometry": { "type": "Polygon", "coordinates": [ [ [ 395110.071210579830222, 3782639.267548321280628 ], [ 395109.766022380441427, 3782638.96236012224108 ], [ 395109.766022380441427, 3782638.65717192273587 ], [ 395108.850457782275043, 3782637.741607324685901 ], [ 395108.850457782275043, 3782637.131230925675482 ], [ 395108.545269582886249, 3782636.826042726170272 ], [ 395108.545269582886249, 3782635.605289928615093 ], [ 395108.850457782275043, 3782635.300101729575545 ], [ 395108.850457782275043, 3782634.994913530070335 ], [ 395109.155645981663838, 3782634.689725330565125 ], [ 395109.155645981663838, 3782634.384537131059915 ], [ 395109.460834181052633, 3782634.384537131059915 ], [ 395110.376398779219016, 3782633.468972533009946 ], [ 395110.376398779219016, 3782633.163784333504736 ], [ 395111.291963377443608, 3782632.248219735454768 ], [ 395111.597151576832402, 3782632.248219735454768 ], [ 395111.902339776221197, 3782631.943031535949558 ], [ 395112.207527975609992, 3782631.943031535949558 ], [ 395112.512716174998786, 3782631.637843336910009 ], [ 395112.817904374387581, 3782631.637843336910009 ], [ 395113.123092573776376, 3782631.332655137404799 ], [ 395113.733468972553965, 3782631.332655137404799 ], [ 395114.038657171942759, 3782631.637843336910009 ], [ 395114.038657171942759, 3782631.943031535949558 ], [ 395114.343845371331554, 3782632.248219735454768 ], [ 395114.343845371331554, 3782632.553407934959978 ], [ 395114.649033570720349, 3782632.858596134465188 ], [ 395114.649033570720349, 3782633.163784333504736 ], [ 395114.954221770109143, 3782633.468972533009946 ], [ 395114.954221770109143, 3782633.774160732515156 ], [ 395115.259409969497938, 3782634.079348932020366 ], [ 395115.259409969497938, 3782634.384537131059915 ], [ 395115.564598168886732, 3782634.689725330565125 ], [ 395115.564598168886732, 3782636.520854527130723 ], [ 395115.259409969497938, 3782636.520854527130723 ], [ 395114.954221770109143, 3782636.826042726170272 ], [ 395114.649033570720349, 3782636.826042726170272 ], [ 395114.038657171942759, 3782637.436419125180691 ], [ 395113.733468972553965, 3782637.436419125180691 ], [ 395112.207527975609992, 3782638.96236012224108 ], [ 395111.291963377443608, 3782638.96236012224108 ], [ 395110.986775178054813, 3782639.267548321280628 ], [ 395110.071210579830222, 3782639.267548321280628 ] ] ] } },
{ "type": "Feature", "properties": { "confidence": 0.96897786855697632, "class": 1, "regularized": null }, "geometry": { "type": "Polygon", "coordinates": [ [ [ 394806.408952187164687, 3782945.066124110016972 ], [ 394806.103763987775892, 3782944.760935910511762 ], [ 394805.493387588998303, 3782944.760935910511762 ], [ 394805.493387588998303, 3782944.455747711006552 ], [ 394805.188199389609508, 3782944.150559511501342 ], [ 394804.577822990831919, 3782944.150559511501342 ], [ 394804.272634791443124, 3782943.845371312461793 ], [ 394803.96744659205433, 3782943.845371312461793 ], [ 394803.662258392665535, 3782943.540183112956583 ], [ 394803.662258392665535, 3782942.929806713946164 ], [ 394803.357070193276741, 3782942.624618514906615 ], [ 394803.357070193276741, 3782942.014242115896195 ], [ 394803.051881993887946, 3782941.709053916390985 ], [ 394803.051881993887946, 3782939.572736520785838 ], [ 394803.357070193276741, 3782939.267548321280628 ], [ 394803.662258392665535, 3782939.267548321280628 ], [ 394803.96744659205433, 3782938.96236012224108 ], [ 394804.883011190220714, 3782938.96236012224108 ], [ 394805.493387588998303, 3782938.35198372323066 ], [ 394805.493387588998303, 3782937.741607324685901 ], [ 394806.103763987775892, 3782937.131230925675482 ], [ 394806.714140386553481, 3782937.741607324685901 ], [ 394806.714140386553481, 3782938.35198372323066 ], [ 394807.019328585942276, 3782938.65717192273587 ], [ 394807.019328585942276, 3782939.267548321280628 ], [ 394807.93489318410866, 3782940.183112919796258 ], [ 394807.93489318410866, 3782940.488301118835807 ], [ 394808.240081383497454, 3782940.793489318341017 ], [ 394808.545269582886249, 3782940.793489318341017 ], [ 394808.545269582886249, 3782941.098677517846227 ], [ 394808.850457782275043, 3782941.403865717351437 ], [ 394808.850457782275043, 3782941.709053916390985 ], [ 394809.155645981663838, 3782942.014242115896195 ], [ 394809.155645981663838, 3782944.455747711006552 ], [ 394808.850457782275043, 3782944.760935910511762 ], [ 394808.545269582886249, 3782944.760935910511762 ], [ 394808.240081383497454, 3782945.066124110016972 ], [ 394806.408952187164687, 3782945.066124110016972 ] ] ] } },
{ "type": "Feature", "properties": { "confidence": 0.96897268295288086, "class": 1, "regularized": null }, "geometry": { "type": "Polygon", "coordinates": [ [ [ 394921.770091556478292, 3782936.520854527130723 ], [ 394921.159715157700703, 3782935.910478128120303 ], [ 394921.159715157700703, 3782934.994913530070335 ], [ 394921.464903357089497, 3782934.689725330565125 ], [ 394921.464903357089497, 3782931.637843336910009 ], [ 394921.159715157700703, 3782931.332655137404799 ], [ 394921.159715157700703, 3782930.111902339849621 ], [ 394920.854526958311908, 3782929.806714140344411 ], [ 394921.159715157700703, 3782929.501525940839201 ], [ 394921.159715157700703, 3782929.196337741799653 ], [ 394921.770091556478292, 3782928.585961342789233 ], [ 394922.075279755867086, 3782928.585961342789233 ], [ 394922.380467955255881, 3782928.280773143284023 ], [ 394922.99084435403347, 3782928.280773143284023 ], [ 394923.296032553422265, 3782927.975584944244474 ], [ 394924.211597151588649, 3782927.975584944244474 ], [ 394924.516785350977443, 3782927.670396744739264 ], [ 394925.127161749755032, 3782927.670396744739264 ], [ 394925.432349949143827, 3782927.365208545234054 ], [ 394926.347914547310211, 3782927.365208545234054 ], [ 394926.653102746699005, 3782927.060020345728844 ], [ 394927.263479145476595, 3782927.060020345728844 ], [ 394927.568667344865389, 3782927.365208545234054 ], [ 394929.399796541198157, 3782927.365208545234054 ], [ 394929.704984740586951, 3782927.670396744739264 ], [ 394930.010172939975746, 3782927.670396744739264 ], [ 394930.315361139364541, 3782927.975584944244474 ], [ 394930.620549338753335, 3782927.975584944244474 ], [ 394930.92573753814213, 3782928.280773143284023 ], [ 394930.92573753814213, 3782928.585961342789233 ], [ 394931.536113936919719, 3782929.196337741799653 ], [ 394931.536113936919719, 3782930.111902339849621 ], [ 394931.841302136308514, 3782930.417090539354831 ], [ 394931.841302136308514, 3782931.332655137404799 ], [ 394930.92573753814213, 3782932.248219735454768 ], [ 394930.315361139364541, 3782932.248219735454768 ], [ 394927.873855544254184, 3782934.689725330565125 ], [ 394927.568667344865389, 3782934.689725330565125 ], [ 394927.263479145476595, 3782934.994913530070335 ], [ 394926.9582909460878, 3782934.994913530070335 ], [ 394926.653102746699005, 3782935.300101729575545 ], [ 394925.737538148532622, 3782935.300101729575545 ], [ 394925.432349949143827, 3782935.605289928615093 ], [ 394924.821973550366238, 3782935.605289928615093 ], [ 394924.516785350977443, 3782935.910478128120303 ], [ 394924.211597151588649, 3782935.910478128120303 ], [ 394923.906408952199854, 3782936.215666327625513 ], [ 394923.296032553422265, 3782936.215666327625513 ], [ 394922.99084435403347, 3782936.520854527130723 ], [ 394921.770091556478292, 3782936.520854527130723 ] ] ] } },
{ "type": "Feature", "properties": { "confidence": 0.96878629922866821, "class": 1, "regularized": null }, "geometry": { "type": "Polygon", "coordinates": [ [ [ 395243.743641912529711, 3782735.096642929594964 ], [ 395243.743641912529711, 3782730.21363173937425 ], [ 395244.048830111918505, 3782730.21363173937425 ], [ 395244.3540183113073, 3782729.908443540334702 ], [ 395244.3540183113073, 3782729.298067141324282 ], [ 395244.048830111918505, 3782728.992878941819072 ], [ 395243.743641912529711, 3782728.992878941819072 ], [ 395243.743641912529711, 3782727.161749745719135 ], [ 395244.048830111918505, 3782727.161749745719135 ], [ 395244.3540183113073, 3782726.856561546213925 ], [ 395244.3540183113073, 3782725.635808748658746 ], [ 395244.659206510696094, 3782725.330620549153537 ], [ 395247.71108850458404, 3782725.330620549153537 ], [ 395247.71108850458404, 3782728.077314343769103 ], [ 395248.016276703972835, 3782728.382502543274313 ], [ 395248.016276703972835, 3782728.992878941819072 ], [ 395247.71108850458404, 3782729.298067141324282 ], [ 395247.71108850458404, 3782730.51881993887946 ], [ 395247.405900305195246, 3782730.82400813838467 ], [ 395247.405900305195246, 3782731.739572736434639 ], [ 395247.100712105806451, 3782732.044760935939848 ], [ 395247.100712105806451, 3782732.960325533989817 ], [ 395246.795523906417657, 3782733.265513733495027 ], [ 395246.795523906417657, 3782733.570701933000237 ], [ 395246.490335707028862, 3782733.875890132039785 ], [ 395246.490335707028862, 3782734.181078331544995 ], [ 395246.185147507640067, 3782734.486266531050205 ], [ 395245.879959308251273, 3782734.486266531050205 ], [ 395245.574771108862478, 3782734.791454730555415 ], [ 395244.964394710084889, 3782734.791454730555415 ], [ 395244.659206510696094, 3782735.096642929594964 ], [ 395243.743641912529711, 3782735.096642929594964 ] ] ] } },
{ "type": "Feature", "properties": { "confidence": 0.9686272144317627, "class": 1, "regularized": null }, "geometry": { "type": "Polygon", "coordinates": [ [ [ 395386.876907426223624, 3782739.369277721270919 ], [ 395386.57171922683483, 3782739.064089521765709 ], [ 395386.266531027446035, 3782739.064089521765709 ], [ 395385.961342828057241, 3782738.758901322260499 ], [ 395385.961342828057241, 3782738.45371312322095 ], [ 395385.656154628668446, 3782738.14852492371574 ], [ 395385.656154628668446, 3782737.843336724210531 ], [ 395385.350966429279651, 3782737.538148524705321 ], [ 395385.350966429279651, 3782737.232960325665772 ], [ 395385.045778229890857, 3782736.927772126160562 ], [ 395385.045778229890857, 3782736.317395727150142 ], [ 395384.740590030502062, 3782736.012207528110594 ], [ 395384.740590030502062, 3782735.707019328605384 ], [ 395385.045778229890857, 3782735.707019328605384 ], [ 395385.350966429279651, 3782735.401831129100174 ], [ 395386.57171922683483, 3782735.401831129100174 ], [ 395386.876907426223624, 3782735.096642929594964 ], [ 395387.182095625612419, 3782735.096642929594964 ], [ 395387.487283825001214, 3782734.791454730555415 ], [ 395388.097660223778803, 3782734.791454730555415 ], [ 395388.402848423167598, 3782734.486266531050205 ], [ 395389.318413021392189, 3782734.486266531050205 ], [ 395389.623601220780984, 3782734.181078331544995 ], [ 395389.928789420169778, 3782734.181078331544995 ], [ 395390.233977619558573, 3782733.875890132039785 ], [ 395390.539165818947367, 3782733.875890132039785 ], [ 395390.844354018336162, 3782733.570701933000237 ], [ 395391.759918616502546, 3782733.570701933000237 ], [ 395391.759918616502546, 3782733.875890132039785 ], [ 395392.06510681589134, 3782734.181078331544995 ], [ 395392.06510681589134, 3782735.707019328605384 ], [ 395391.759918616502546, 3782736.012207528110594 ], [ 395391.759918616502546, 3782738.14852492371574 ], [ 395391.454730417113751, 3782738.45371312322095 ], [ 395391.454730417113751, 3782738.758901322260499 ], [ 395391.149542217724957, 3782739.064089521765709 ], [ 395390.539165818947367, 3782739.064089521765709 ], [ 395390.233977619558573, 3782739.369277721270919 ], [ 395386.876907426223624, 3782739.369277721270919 ] ] ] } },
{ "type": "Feature", "properties": { "confidence": 0.96845364570617676, "class": 1, "regularized": null }, "geometry": { "type": "Polygon", "coordinates": [ [ [ 395147.914547304157168, 3782820.244150559417903 ], [ 395146.388606307213195, 3782818.718209562357515 ], [ 395146.388606307213195, 3782817.802644964307547 ], [ 395146.0834181078244, 3782817.497456764802337 ], [ 395146.0834181078244, 3782816.581892166752368 ], [ 395145.778229908435605, 3782816.276703967247158 ], [ 395145.778229908435605, 3782815.97151576820761 ], [ 395146.0834181078244, 3782815.6663275687024 ], [ 395146.0834181078244, 3782811.698880976531655 ], [ 395146.998982705990784, 3782810.783316378481686 ], [ 395147.609359104768373, 3782810.783316378481686 ], [ 395147.914547304157168, 3782810.478128178976476 ], [ 395148.219735503545962, 3782810.478128178976476 ], [ 395148.524923702934757, 3782810.172939979471266 ], [ 395148.830111902323551, 3782810.172939979471266 ], [ 395149.135300101712346, 3782809.867751780431718 ], [ 395152.492370294989087, 3782809.867751780431718 ], [ 395153.40793489315547, 3782810.783316378481686 ], [ 395153.40793489315547, 3782812.004069176036865 ], [ 395153.713123092602473, 3782812.309257375542074 ], [ 395153.713123092602473, 3782812.919633774086833 ], [ 395154.018311291991267, 3782813.224821973592043 ], [ 395154.018311291991267, 3782814.445574771147221 ], [ 395154.323499491380062, 3782814.750762970652431 ], [ 395154.323499491380062, 3782817.192268565762788 ], [ 395154.628687690768857, 3782817.497456764802337 ], [ 395154.323499491380062, 3782817.802644964307547 ], [ 395154.323499491380062, 3782818.107833163812757 ], [ 395154.018311291991267, 3782818.413021363317966 ], [ 395153.713123092602473, 3782818.413021363317966 ], [ 395153.102746693766676, 3782819.023397761862725 ], [ 395152.797558494377881, 3782819.023397761862725 ], [ 395152.187182095600292, 3782819.633774160873145 ], [ 395151.576805696822703, 3782819.633774160873145 ], [ 395151.271617497433908, 3782819.938962359912694 ], [ 395150.356052899267524, 3782819.938962359912694 ], [ 395150.05086469987873, 3782820.244150559417903 ], [ 395147.914547304157168, 3782820.244150559417903 ] ] ] } },
{ "type": "Feature", "properties": { "confidence": 0.96762740612030029, "class": 1, "regularized": "rectangle" }, "geometry": { "type": "Polygon", "coordinates": [ [ [ 395307.21875, 3782505.25 ], [ 395320.03125, 3782505.25 ], [ 395320.03125, 3782517.75 ], [ 395307.21875, 3782517.75 ], [ 395307.21875, 3782505.25 ] ] ] } },
{ "type": "Feature", "properties": { "confidence": 0.96722632646560669, "class": 1, "regularized": null }, "geometry": { "type": "Polygon", "coordinates": [ [ [ 395040.183112919621635, 3782584.63886063080281 ], [ 395039.877924720232841, 3782584.3336724312976 ], [ 395039.877924720232841, 3782580.976602238137275 ], [ 395040.48830111901043, 3782580.366225839126855 ], [ 395040.793489318399224, 3782580.366225839126855 ], [ 395041.098677517788019, 3782580.061037640087306 ], [ 395041.403865717176814, 3782580.061037640087306 ], [ 395042.319430315343197, 3782579.145473041571677 ], [ 395042.319430315343197, 3782578.840284842532128 ], [ 395042.624618514731992, 3782578.535096643026918 ], [ 395042.624618514731992, 3782577.924720244016498 ], [ 395042.319430315343197, 3782577.61953204497695 ], [ 395042.319430315343197, 3782576.398779247421771 ], [ 395042.624618514731992, 3782576.093591047916561 ], [ 395043.234994913509581, 3782576.093591047916561 ], [ 395043.540183112898376, 3782575.788402848411351 ], [ 395046.286876907397527, 3782575.788402848411351 ], [ 395046.59206510684453, 3782576.093591047916561 ], [ 395046.897253306233324, 3782576.093591047916561 ], [ 395047.202441505622119, 3782576.398779247421771 ], [ 395047.507629705010913, 3782576.398779247421771 ], [ 395047.812817904399708, 3782576.70396744646132 ], [ 395048.423194303177297, 3782576.70396744646132 ], [ 395048.728382502566092, 3782577.00915564596653 ], [ 395048.728382502566092, 3782577.31434384547174 ], [ 395049.033570701954886, 3782577.61953204497695 ], [ 395049.033570701954886, 3782578.229908443521708 ], [ 395049.643947100732476, 3782578.840284842532128 ], [ 395049.643947100732476, 3782579.450661241076887 ], [ 395049.94913530012127, 3782579.755849440582097 ], [ 395049.643947100732476, 3782580.061037640087306 ], [ 395049.643947100732476, 3782582.502543235197663 ], [ 395049.338758901343681, 3782582.807731434237212 ], [ 395049.033570701954886, 3782582.807731434237212 ], [ 395048.728382502566092, 3782583.112919633742422 ], [ 395047.812817904399708, 3782583.112919633742422 ], [ 395047.507629705010913, 3782583.418107833247632 ], [ 395046.59206510684453, 3782583.418107833247632 ], [ 395046.286876907397527, 3782583.723296032752842 ], [ 395045.676500508619938, 3782583.723296032752842 ], [ 395045.371312309231143, 3782584.02848423179239 ], [ 395044.45574771106476, 3782584.02848423179239 ], [ 395044.150559511675965, 3782584.3336724312976 ], [ 395042.929806714120787, 3782584.3336724312976 ], [ 395042.624618514731992, 3782584.63886063080281 ], [ 395040.183112919621635, 3782584.63886063080281 ] ] ] } },
{ "type": "Feature", "properties": { "confidence": 0.96678066253662109, "class": 1, "regularized": null }, "geometry": { "type": "Polygon", "coordinates": [ [ [ 394955.951169888081495, 3782553.20447609340772 ], [ 394955.6459816886927, 3782552.899287894368172 ], [ 394955.340793489303906, 3782552.899287894368172 ], [ 394955.951169888081495, 3782552.288911495357752 ], [ 394955.951169888081495, 3782548.931841302197427 ], [ 394955.6459816886927, 3782548.626653102692217 ], [ 394955.6459816886927, 3782548.016276704147458 ], [ 394955.951169888081495, 3782547.711088504642248 ], [ 394955.951169888081495, 3782547.100712105631828 ], [ 394956.561546286859084, 3782547.100712105631828 ], [ 394956.866734486247879, 3782546.79552390659228 ], [ 394957.477110885025468, 3782546.79552390659228 ], [ 394957.782299084414262, 3782546.49033570708707 ], [ 394958.392675483191852, 3782546.49033570708707 ], [ 394958.697863682580646, 3782546.18514750758186 ], [ 394968.158697863691486, 3782546.18514750758186 ], [ 394968.158697863691486, 3782547.100712105631828 ], [ 394968.463886063080281, 3782547.405900305137038 ], [ 394968.463886063080281, 3782550.152594099752605 ], [ 394968.158697863691486, 3782550.457782299257815 ], [ 394968.158697863691486, 3782551.068158697802573 ], [ 394966.937945066136308, 3782552.288911495357752 ], [ 394966.937945066136308, 3782552.899287894368172 ], [ 394966.632756866747513, 3782553.20447609340772 ], [ 394955.951169888081495, 3782553.20447609340772 ] ] ] } },
{ "type": "Feature", "properties": { "confidence": 0.96638375520706177, "class": 1, "regularized": null }, "geometry": { "type": "Polygon", "coordinates": [ [ [ 395034.994913530012127, 3782478.433367243036628 ], [ 395034.689725330623332, 3782478.128179043531418 ], [ 395034.384537131234538, 3782478.128179043531418 ], [ 395034.384537131234538, 3782468.667344862595201 ], [ 395038.657171922677662, 3782468.667344862595201 ], [ 395038.962360122066457, 3782468.97253306210041 ], [ 395038.962360122066457, 3782469.27772126160562 ], [ 395039.267548321455251, 3782469.582909460645169 ], [ 395039.267548321455251, 3782470.193285859655589 ], [ 395039.572736520844046, 3782470.498474059160799 ], [ 395039.572736520844046, 3782470.803662258200347 ], [ 395039.877924720232841, 3782471.108850457705557 ], [ 395039.877924720232841, 3782474.160732451826334 ], [ 395039.572736520844046, 3782474.465920650865883 ], [ 395039.572736520844046, 3782474.771108850371093 ], [ 395039.267548321455251, 3782474.771108850371093 ], [ 395038.962360122066457, 3782475.076297049876302 ], [ 395038.962360122066457, 3782475.381485249381512 ], [ 395038.657171922677662, 3782475.686673448421061 ], [ 395038.657171922677662, 3782477.517802644986659 ], [ 395038.046795523900073, 3782478.128179043531418 ], [ 395035.300101729400922, 3782478.128179043531418 ], [ 395034.994913530012127, 3782478.433367243036628 ] ] ] } },
{ "type": "Feature", "properties": { "confidence": 0.96607524156570435, "class": 1, "regularized": null }, "geometry": { "type": "Polygon", "coordinates": [ [ [ 395084.740590030502062, 3782564.496439470909536 ], [ 395084.435401831113268, 3782564.191251271404326 ], [ 395084.130213631724473, 3782564.191251271404326 ], [ 395084.130213631724473, 3782563.580874872859567 ], [ 395083.825025432335678, 3782563.275686673354357 ], [ 395083.825025432335678, 3782561.749745676293969 ], [ 395083.519837232946884, 3782561.444557477254421 ], [ 395083.519837232946884, 3782560.528992878738791 ], [ 395083.214649033558089, 3782560.223804679699242 ], [ 395083.214649033558089, 3782559.613428280688822 ], [ 395082.909460834169295, 3782559.308240081183612 ], [ 395082.909460834169295, 3782558.697863682638854 ], [ 395082.6042726347805, 3782558.392675483133644 ], [ 395082.6042726347805, 3782555.340793489478528 ], [ 395082.909460834169295, 3782555.035605289973319 ], [ 395084.130213631724473, 3782555.035605289973319 ], [ 395084.435401831113268, 3782554.730417090468109 ], [ 395085.045778229890857, 3782554.730417090468109 ], [ 395085.350966429279651, 3782554.425228890962899 ], [ 395086.57171922683483, 3782554.425228890962899 ], [ 395086.876907426223624, 3782554.12004069192335 ], [ 395087.487283825001214, 3782554.12004069192335 ], [ 395087.792472024390008, 3782554.425228890962899 ], [ 395088.097660223778803, 3782554.425228890962899 ], [ 395088.097660223778803, 3782556.561546287033707 ], [ 395088.402848423167598, 3782556.866734486073256 ], [ 395088.402848423167598, 3782557.782299084588885 ], [ 395088.708036622556392, 3782558.087487283628434 ], [ 395088.708036622556392, 3782558.697863682638854 ], [ 395089.013224821945187, 3782559.003051882144064 ], [ 395089.013224821945187, 3782559.308240081183612 ], [ 395090.233977619558573, 3782560.528992878738791 ], [ 395090.233977619558573, 3782562.665310274809599 ], [ 395089.928789420169778, 3782562.970498473849148 ], [ 395089.928789420169778, 3782563.275686673354357 ], [ 395089.623601220780984, 3782563.580874872859567 ], [ 395089.318413021392189, 3782563.580874872859567 ], [ 395089.013224821945187, 3782563.886063072364777 ], [ 395088.097660223778803, 3782563.886063072364777 ], [ 395087.792472024390008, 3782564.191251271404326 ], [ 395086.57171922683483, 3782564.191251271404326 ], [ 395086.266531027446035, 3782564.496439470909536 ], [ 395084.740590030502062, 3782564.496439470909536 ] ] ] } },
{ "type": "Feature", "properties": { "confidence": 0.9660612940788269, "class": 1, "regularized": null }, "geometry": { "type": "Polygon", "coordinates": [ [ [ 394886.673448626650497, 3782591.047812818083912 ], [ 394886.368260427261703, 3782590.742624618578702 ], [ 394884.537131230928935, 3782590.742624618578702 ], [ 394884.231943031540141, 3782590.437436419073492 ], [ 394883.621566632762551, 3782590.437436419073492 ], [ 394883.316378433373757, 3782590.132248219568282 ], [ 394883.316378433373757, 3782584.63886063080281 ], [ 394883.011190233984962, 3782584.3336724312976 ], [ 394883.011190233984962, 3782583.112919633742422 ], [ 394883.316378433373757, 3782582.807731434237212 ], [ 394883.926754832151346, 3782582.807731434237212 ], [ 394884.231943031540141, 3782582.502543235197663 ], [ 394884.231943031540141, 3782581.892166836187243 ], [ 394884.537131230928935, 3782581.892166836187243 ], [ 394884.84231943031773, 3782581.586978636682034 ], [ 394884.84231943031773, 3782577.924720244016498 ], [ 394890.640895218704827, 3782577.924720244016498 ], [ 394890.946083418093622, 3782578.229908443521708 ], [ 394890.946083418093622, 3782578.535096643026918 ], [ 394890.640895218704827, 3782578.840284842532128 ], [ 394890.640895218704827, 3782580.366225839126855 ], [ 394890.946083418093622, 3782580.671414038632065 ], [ 394890.946083418093622, 3782581.281790437642485 ], [ 394891.251271617482416, 3782581.586978636682034 ], [ 394891.251271617482416, 3782588.606307222973555 ], [ 394891.556459816871211, 3782588.911495422013104 ], [ 394891.556459816871211, 3782589.827060020528734 ], [ 394891.251271617482416, 3782590.132248219568282 ], [ 394890.640895218704827, 3782590.132248219568282 ], [ 394890.335707019316033, 3782590.437436419073492 ], [ 394889.420142421149649, 3782590.437436419073492 ], [ 394889.114954221760854, 3782590.742624618578702 ], [ 394888.19938962359447, 3782590.742624618578702 ], [ 394887.894201424205676, 3782591.047812818083912 ], [ 394886.673448626650497, 3782591.047812818083912 ] ] ] } },
{ "type": "Feature", "properties": { "confidence": 0.96521931886672974, "class": 1, "regularized": null }, "geometry": { "type": "Polygon", "coordinates": [ [ [ 395247.405900305195246, 3782582.807731434237212 ], [ 395246.490335707028862, 3782581.892166836187243 ], [ 395246.490335707028862, 3782581.586978636682034 ], [ 395246.185147507640067, 3782581.281790437642485 ], [ 395246.185147507640067, 3782580.976602238137275 ], [ 395245.879959308251273, 3782580.671414038632065 ], [ 395245.879959308251273, 3782580.366225839126855 ], [ 395245.574771108862478, 3782580.061037640087306 ], [ 395245.574771108862478, 3782579.450661241076887 ], [ 395245.269582909473684, 3782579.145473041571677 ], [ 395245.269582909473684, 3782578.535096643026918 ], [ 395244.964394710084889, 3782578.229908443521708 ], [ 395244.964394710084889, 3782577.31434384547174 ], [ 395244.659206510696094, 3782577.00915564596653 ], [ 395244.659206510696094, 3782575.788402848411351 ], [ 395244.964394710084889, 3782575.483214648906142 ], [ 395244.964394710084889, 3782574.872838250361383 ], [ 395245.879959308251273, 3782574.872838250361383 ], [ 395246.185147507640067, 3782575.178026449866593 ], [ 395246.185147507640067, 3782575.483214648906142 ], [ 395246.490335707028862, 3782575.788402848411351 ], [ 395246.795523906417657, 3782575.788402848411351 ], [ 395246.795523906417657, 3782576.70396744646132 ], [ 395248.016276703972835, 3782577.924720244016498 ], [ 395248.32146490336163, 3782577.924720244016498 ], [ 395248.931841302139219, 3782578.535096643026918 ], [ 395249.237029501528013, 3782578.535096643026918 ], [ 395249.542217700916808, 3782578.840284842532128 ], [ 395249.847405900305603, 3782578.840284842532128 ], [ 395250.152594099694397, 3782579.145473041571677 ], [ 395250.457782299083192, 3782579.145473041571677 ], [ 395251.068158697860781, 3782579.755849440582097 ], [ 395251.068158697860781, 3782581.281790437642485 ], [ 395250.762970498471987, 3782581.586978636682034 ], [ 395250.457782299083192, 3782581.586978636682034 ], [ 395250.152594099694397, 3782581.892166836187243 ], [ 395249.542217700916808, 3782581.892166836187243 ], [ 395249.237029501528013, 3782582.197355035692453 ], [ 395248.931841302139219, 3782582.197355035692453 ], [ 395248.626653102750424, 3782582.502543235197663 ], [ 395248.32146490336163, 3782582.502543235197663 ], [ 395248.016276703972835, 3782582.807731434237212 ], [ 395247.405900305195246, 3782582.807731434237212 ] ] ] } },
{ "type": "Feature", "properties": { "confidence": 0.96484392881393433, "class": 1, "regularized": null }, "geometry": { "type": "Polygon", "coordinates": [ [ [ 395054.221770091564395, 3782664.598168870899826 ], [ 395053.9165818921756, 3782664.292980671394616 ], [ 395053.611393692786805, 3782664.292980671394616 ], [ 395053.611393692786805, 3782663.987792471889406 ], [ 395053.001017294009216, 3782663.377416073344648 ], [ 395053.001017294009216, 3782662.767039674334228 ], [ 395052.695829094620422, 3782662.461851475294679 ], [ 395052.695829094620422, 3782660.325534079223871 ], [ 395053.001017294009216, 3782660.020345880184323 ], [ 395053.001017294009216, 3782659.104781281668693 ], [ 395054.526958290953189, 3782657.578840285073966 ], [ 395054.832146490341984, 3782657.578840285073966 ], [ 395055.137334689730778, 3782657.273652085568756 ], [ 395055.442522889119573, 3782657.273652085568756 ], [ 395055.747711088508368, 3782656.968463886063546 ], [ 395056.052899287897162, 3782656.968463886063546 ], [ 395056.358087487285957, 3782656.663275686558336 ], [ 395056.968463886063546, 3782656.663275686558336 ], [ 395057.273652085452341, 3782656.358087487053126 ], [ 395057.88402848422993, 3782656.358087487053126 ], [ 395058.189216683618724, 3782656.663275686558336 ], [ 395058.494404883007519, 3782656.663275686558336 ], [ 395058.494404883007519, 3782657.273652085568756 ], [ 395058.189216683618724, 3782657.578840285073966 ], [ 395058.189216683618724, 3782658.494404883123934 ], [ 395058.799593082396314, 3782659.104781281668693 ], [ 395058.799593082396314, 3782659.409969481173903 ], [ 395059.409969481173903, 3782660.020345880184323 ], [ 395059.409969481173903, 3782660.325534079223871 ], [ 395059.715157680562697, 3782660.630722278729081 ], [ 395059.715157680562697, 3782661.54628687677905 ], [ 395059.104781281785108, 3782662.156663275789469 ], [ 395059.104781281785108, 3782662.461851475294679 ], [ 395058.799593082396314, 3782662.461851475294679 ], [ 395058.189216683618724, 3782663.072227873839438 ], [ 395057.88402848422993, 3782663.072227873839438 ], [ 395057.578840284841135, 3782663.377416073344648 ], [ 395057.273652085452341, 3782663.377416073344648 ], [ 395056.968463886063546, 3782663.682604272849858 ], [ 395056.663275686674751, 3782663.682604272849858 ], [ 395056.052899287897162, 3782664.292980671394616 ], [ 395055.442522889119573, 3782664.292980671394616 ], [ 395055.137334689730778, 3782664.598168870899826 ], [ 395054.221770091564395, 3782664.598168870899826 ] ] ] } },
{ "type": "Feature", "properties": { "confidence": 0.96261322498321533, "class": 1, "regularized": null }, "geometry": { "type": "Polygon", "coordinates": [ [ [ 395190.335707019316033, 3782603.560528992675245 ], [ 395190.030518819927238, 3782603.255340793635696 ], [ 395189.725330620538443, 3782603.255340793635696 ], [ 395189.420142421149649, 3782602.950152594130486 ], [ 395188.19938962359447, 3782602.950152594130486 ], [ 395187.589013224816881, 3782602.339776195120066 ], [ 395187.283825025428087, 3782602.339776195120066 ], [ 395187.283825025428087, 3782602.034587996080518 ], [ 395186.978636826039292, 3782601.729399796575308 ], [ 395186.978636826039292, 3782601.119023397564888 ], [ 395186.673448626650497, 3782600.813835198525339 ], [ 395186.673448626650497, 3782599.89827060000971 ], [ 395186.368260427261703, 3782599.593082400970161 ], [ 395186.368260427261703, 3782598.372329603414983 ], [ 395186.673448626650497, 3782598.067141403909773 ], [ 395186.673448626650497, 3782597.761953204404563 ], [ 395186.978636826039292, 3782597.761953204404563 ], [ 395187.589013224816881, 3782597.151576805859804 ], [ 395187.894201424205676, 3782597.151576805859804 ], [ 395188.504577822983265, 3782596.541200406849384 ], [ 395189.420142421149649, 3782596.541200406849384 ], [ 395189.725330620538443, 3782596.236012207344174 ], [ 395190.335707019316033, 3782596.236012207344174 ], [ 395190.335707019316033, 3782603.560528992675245 ] ] ] } },
{ "type": "Feature", "properties": { "confidence": 0.96239817142486572, "class": 1, "regularized": null }, "geometry": { "type": "Polygon", "coordinates": [ [ [ 395375.27975584944943, 3782630.111902339849621 ], [ 395374.974567650060635, 3782629.806714140344411 ], [ 395374.974567650060635, 3782629.501525940839201 ], [ 395374.66937945067184, 3782629.196337741799653 ], [ 395374.66937945067184, 3782628.891149542294443 ], [ 395374.364191251283046, 3782628.585961342789233 ], [ 395374.364191251283046, 3782626.144455747678876 ], [ 395374.059003051894251, 3782625.839267548173666 ], [ 395374.059003051894251, 3782624.618514750618488 ], [ 395373.753814852505457, 3782624.313326551578939 ], [ 395373.753814852505457, 3782623.702950152568519 ], [ 395374.059003051894251, 3782623.397761953063309 ], [ 395374.059003051894251, 3782622.787385554518551 ], [ 395374.364191251283046, 3782622.482197355013341 ], [ 395374.364191251283046, 3782622.177009155508131 ], [ 395374.66937945067184, 3782621.871820956468582 ], [ 395376.500508647004608, 3782621.871820956468582 ], [ 395377.110885045782197, 3782622.482197355013341 ], [ 395377.110885045782197, 3782622.787385554518551 ], [ 395377.416073245170992, 3782623.092573754023761 ], [ 395377.416073245170992, 3782623.397761953063309 ], [ 395377.721261444559786, 3782623.702950152568519 ], [ 395377.721261444559786, 3782624.008138352073729 ], [ 395378.331637843337376, 3782624.618514750618488 ], [ 395378.331637843337376, 3782624.923702950123698 ], [ 395378.63682604272617, 3782625.228891149628907 ], [ 395378.63682604272617, 3782625.534079349134117 ], [ 395378.942014242114965, 3782625.839267548173666 ], [ 395378.942014242114965, 3782626.144455747678876 ], [ 395379.247202441503759, 3782626.449643947184086 ], [ 395379.247202441503759, 3782627.365208545234054 ], [ 395379.552390640892554, 3782627.670396744739264 ], [ 395379.552390640892554, 3782627.975584944244474 ], [ 395379.247202441503759, 3782628.280773143284023 ], [ 395379.247202441503759, 3782628.585961342789233 ], [ 395378.942014242114965, 3782628.891149542294443 ], [ 395378.331637843337376, 3782628.891149542294443 ], [ 395378.026449643948581, 3782629.196337741799653 ], [ 395377.416073245170992, 3782629.196337741799653 ], [ 395377.110885045782197, 3782629.501525940839201 ], [ 395376.805696846393403, 3782629.501525940839201 ], [ 395376.500508647004608, 3782629.806714140344411 ], [ 395375.890132248227019, 3782629.806714140344411 ], [ 395375.584944048838224, 3782630.111902339849621 ], [ 395375.27975584944943, 3782630.111902339849621 ] ] ] } },
{ "type": "Feature", "properties": { "confidence": 0.96074020862579346, "class": 1, "regularized": null }, "geometry": { "type": "Polygon", "coordinates": [ [ [ 395209.257375381479505, 3782509.257375381421298 ], [ 395208.952187182090711, 3782508.952187181916088 ], [ 395208.952187182090711, 3782507.731434384360909 ], [ 395208.646998982701916, 3782507.426246185321361 ], [ 395208.646998982701916, 3782505.595116988755763 ], [ 395208.952187182090711, 3782505.289928789250553 ], [ 395209.5625635808683, 3782505.289928789250553 ], [ 395209.867751780257095, 3782504.984740590211004 ], [ 395211.088504577812273, 3782504.984740590211004 ], [ 395211.393692777201068, 3782504.679552390705794 ], [ 395212.919633774145041, 3782504.679552390705794 ], [ 395213.224821973533835, 3782504.374364191200584 ], [ 395215.055951169866603, 3782504.374364191200584 ], [ 395215.361139369255397, 3782504.069175991695374 ], [ 395219.02339776197914, 3782504.069175991695374 ], [ 395219.63377416075673, 3782504.679552390705794 ], [ 395219.63377416075673, 3782504.984740590211004 ], [ 395219.938962360145524, 3782505.289928789250553 ], [ 395219.938962360145524, 3782507.426246185321361 ], [ 395219.63377416075673, 3782507.731434384360909 ], [ 395219.02339776197914, 3782507.731434384360909 ], [ 395218.718209562590346, 3782508.036622583866119 ], [ 395217.192268565588165, 3782508.036622583866119 ], [ 395216.88708036619937, 3782508.341810783371329 ], [ 395215.666327568644192, 3782508.341810783371329 ], [ 395215.361139369255397, 3782508.646998982876539 ], [ 395214.445574771089014, 3782508.646998982876539 ], [ 395214.140386571700219, 3782508.952187181916088 ], [ 395212.919633774145041, 3782508.952187181916088 ], [ 395212.614445574756246, 3782509.257375381421298 ], [ 395209.257375381479505, 3782509.257375381421298 ] ] ] } },
{ "type": "Feature", "properties": { "confidence": 0.96003752946853638, "class": 1, "regularized": null }, "geometry": { "type": "Polygon", "coordinates": [ [ [ 395097.558494404889643, 3782749.745676500722766 ], [ 395097.558494404889643, 3782748.830111902207136 ], [ 395097.863682604278438, 3782748.524923703167588 ], [ 395097.863682604278438, 3782747.609359104651958 ], [ 395098.168870803667232, 3782747.304170905612409 ], [ 395098.168870803667232, 3782746.998982706107199 ], [ 395098.779247202444822, 3782746.388606307096779 ], [ 395099.084435401833616, 3782746.388606307096779 ], [ 395099.694811800611205, 3782745.778229908552021 ], [ 395100.0, 3782745.778229908552021 ], [ 395100.305188199388795, 3782745.473041709046811 ], [ 395100.610376398777589, 3782745.473041709046811 ], [ 395101.220752797555178, 3782744.862665310502052 ], [ 395101.525940996943973, 3782744.862665310502052 ], [ 395101.831129196332768, 3782744.557477110996842 ], [ 395106.408952187164687, 3782744.557477110996842 ], [ 395106.714140386553481, 3782744.862665310502052 ], [ 395106.714140386553481, 3782747.609359104651958 ], [ 395106.408952187164687, 3782747.914547304157168 ], [ 395106.408952187164687, 3782748.219735503662378 ], [ 395106.103763987775892, 3782748.524923703167588 ], [ 395105.798575788387097, 3782748.219735503662378 ], [ 395105.188199389609508, 3782748.219735503662378 ], [ 395104.883011190220714, 3782747.914547304157168 ], [ 395103.357070193276741, 3782747.914547304157168 ], [ 395103.051881993887946, 3782748.219735503662378 ], [ 395102.441505595110357, 3782748.219735503662378 ], [ 395102.136317395721562, 3782748.524923703167588 ], [ 395101.831129196332768, 3782748.524923703167588 ], [ 395101.525940996943973, 3782748.830111902207136 ], [ 395101.220752797555178, 3782748.830111902207136 ], [ 395100.915564598166384, 3782749.135300101712346 ], [ 395100.305188199388795, 3782749.135300101712346 ], [ 395100.0, 3782749.440488301217556 ], [ 395099.389623601222411, 3782749.440488301217556 ], [ 395099.084435401833616, 3782749.745676500722766 ], [ 395097.558494404889643, 3782749.745676500722766 ] ] ] } },
{ "type": "Feature", "properties": { "confidence": 0.95975255966186523, "class": 1, "regularized": null }, "geometry": { "type": "Polygon", "coordinates": [ [ [ 394921.770091556478292, 3782414.038657172117382 ], [ 394921.464903357089497, 3782413.733468972612172 ], [ 394918.107833163812757, 3782413.733468972612172 ], [ 394917.802644964365754, 3782413.428280773106962 ], [ 394917.802644964365754, 3782409.460834180936217 ], [ 394918.107833163812757, 3782409.460834180936217 ], [ 394918.413021363201551, 3782409.155645981896669 ], [ 394918.413021363201551, 3782408.240081383381039 ], [ 394918.718209562590346, 3782408.240081383381039 ], [ 394919.02339776197914, 3782407.93489318434149 ], [ 394919.328585961367935, 3782407.93489318434149 ], [ 394919.63377416075673, 3782407.62970498483628 ], [ 394920.244150559534319, 3782407.62970498483628 ], [ 394920.549338758923113, 3782407.32451678533107 ], [ 394921.159715157700703, 3782407.32451678533107 ], [ 394921.464903357089497, 3782407.019328585825861 ], [ 394921.770091556478292, 3782407.019328585825861 ], [ 394922.380467955255881, 3782406.408952187281102 ], [ 394923.296032553422265, 3782406.408952187281102 ], [ 394923.906408952199854, 3782405.798575788270682 ], [ 394925.432349949143827, 3782405.798575788270682 ], [ 394925.432349949143827, 3782407.32451678533107 ], [ 394925.127161749755032, 3782407.62970498483628 ], [ 394925.127161749755032, 3782407.93489318434149 ], [ 394924.821973550366238, 3782408.240081383381039 ], [ 394924.821973550366238, 3782408.850457782391459 ], [ 394924.516785350977443, 3782409.155645981896669 ], [ 394924.516785350977443, 3782409.460834180936217 ], [ 394924.211597151588649, 3782409.766022380441427 ], [ 394924.211597151588649, 3782410.681586978491396 ], [ 394923.906408952199854, 3782410.986775177996606 ], [ 394923.906408952199854, 3782411.902339776046574 ], [ 394923.601220752811059, 3782412.207527975551784 ], [ 394923.601220752811059, 3782413.733468972612172 ], [ 394923.296032553422265, 3782414.038657172117382 ], [ 394921.770091556478292, 3782414.038657172117382 ] ] ] } },
{ "type": "Feature", "properties": { "confidence": 0.95862960815429688, "class": 1, "regularized": null }, "geometry": { "type": "Polygon", "coordinates": [ [ [ 395324.618514750734903, 3782730.51881993887946 ], [ 395324.313326551346108, 3782730.21363173937425 ], [ 395324.313326551346108, 3782728.992878941819072 ], [ 395324.008138351957314, 3782728.687690742779523 ], [ 395324.008138351957314, 3782728.077314343769103 ], [ 395322.787385554402135, 3782726.856561546213925 ], [ 395322.787385554402135, 3782725.940996948163956 ], [ 395323.09257375379093, 3782725.940996948163956 ], [ 395323.397761953179725, 3782725.635808748658746 ], [ 395324.008138351957314, 3782725.635808748658746 ], [ 395324.313326551346108, 3782725.330620549153537 ], [ 395325.534079348959494, 3782725.330620549153537 ], [ 395325.839267548348289, 3782725.025432350113988 ], [ 395326.144455747737084, 3782725.025432350113988 ], [ 395326.449643947125878, 3782724.720244150608778 ], [ 395326.754832146514673, 3782724.720244150608778 ], [ 395327.060020345903467, 3782724.415055951103568 ], [ 395327.365208545292262, 3782724.415055951103568 ], [ 395327.670396744681057, 3782724.109867751598358 ], [ 395328.280773143458646, 3782724.109867751598358 ], [ 395328.58596134284744, 3782723.80467955255881 ], [ 395329.19633774162503, 3782723.80467955255881 ], [ 395329.501525941013824, 3782724.109867751598358 ], [ 395329.806714140402619, 3782724.109867751598358 ], [ 395331.027466937957797, 3782725.330620549153537 ], [ 395331.027466937957797, 3782725.635808748658746 ], [ 395331.332655137346592, 3782725.940996948163956 ], [ 395331.332655137346592, 3782726.856561546213925 ], [ 395331.637843336735386, 3782727.161749745719135 ], [ 395331.637843336735386, 3782727.466937945224345 ], [ 395331.943031536124181, 3782727.772126144263893 ], [ 395331.637843336735386, 3782728.077314343769103 ], [ 395331.637843336735386, 3782728.382502543274313 ], [ 395331.027466937957797, 3782728.382502543274313 ], [ 395330.722278738569003, 3782728.687690742779523 ], [ 395330.417090539180208, 3782728.687690742779523 ], [ 395330.111902339791413, 3782728.992878941819072 ], [ 395329.501525941013824, 3782728.992878941819072 ], [ 395329.19633774162503, 3782729.298067141324282 ], [ 395328.891149542236235, 3782729.298067141324282 ], [ 395328.58596134284744, 3782729.603255340829492 ], [ 395328.280773143458646, 3782729.603255340829492 ], [ 395327.975584944069851, 3782729.908443540334702 ], [ 395327.670396744681057, 3782729.908443540334702 ], [ 395327.365208545292262, 3782730.21363173937425 ], [ 395326.754832146514673, 3782730.21363173937425 ], [ 395326.449643947125878, 3782730.51881993887946 ], [ 395324.618514750734903, 3782730.51881993887946 ] ] ] } },
{ "type": "Feature", "properties": { "confidence": 0.95718634128570557, "class": 1, "regularized": null }, "geometry": { "type": "Polygon", "coordinates": [ [ [ 394884.231943031540141, 3782949.033570701722056 ], [ 394884.231943031540141, 3782948.728382502682507 ], [ 394883.316378433373757, 3782947.812817904166877 ], [ 394883.621566632762551, 3782947.507629705127329 ], [ 394883.621566632762551, 3782946.897253306116909 ], [ 394883.316378433373757, 3782946.592065106611699 ], [ 394883.316378433373757, 3782944.760935910511762 ], [ 394883.011190233984962, 3782944.455747711006552 ], [ 394883.011190233984962, 3782943.540183112956583 ], [ 394882.400813835207373, 3782942.929806713946164 ], [ 394882.095625635818578, 3782942.929806713946164 ], [ 394882.095625635818578, 3782942.014242115896195 ], [ 394883.316378433373757, 3782940.793489318341017 ], [ 394883.621566632762551, 3782940.793489318341017 ], [ 394883.926754832151346, 3782940.488301118835807 ], [ 394885.147507629706524, 3782940.488301118835807 ], [ 394885.452695829095319, 3782940.183112919796258 ], [ 394886.673448626650497, 3782940.183112919796258 ], [ 394886.978636826039292, 3782939.877924720291048 ], [ 394889.725330620538443, 3782939.877924720291048 ], [ 394890.640895218704827, 3782940.793489318341017 ], [ 394890.640895218704827, 3782941.403865717351437 ], [ 394890.946083418093622, 3782941.709053916390985 ], [ 394890.946083418093622, 3782942.319430315401405 ], [ 394891.251271617482416, 3782942.624618514906615 ], [ 394891.251271617482416, 3782944.760935910511762 ], [ 394890.946083418093622, 3782945.066124110016972 ], [ 394890.335707019316033, 3782945.066124110016972 ], [ 394890.030518819927238, 3782945.37131230905652 ], [ 394889.420142421149649, 3782945.37131230905652 ], [ 394888.80976602237206, 3782945.98168870806694 ], [ 394888.504577822983265, 3782945.98168870806694 ], [ 394887.894201424205676, 3782946.592065106611699 ], [ 394887.894201424205676, 3782946.897253306116909 ], [ 394887.589013224816881, 3782946.897253306116909 ], [ 394887.283825025428087, 3782947.202441505622119 ], [ 394887.283825025428087, 3782947.507629705127329 ], [ 394886.978636826039292, 3782947.507629705127329 ], [ 394886.368260427261703, 3782948.118006103672087 ], [ 394886.368260427261703, 3782948.423194303177297 ], [ 394885.757884028484114, 3782948.423194303177297 ], [ 394885.452695829095319, 3782948.728382502682507 ], [ 394885.147507629706524, 3782948.728382502682507 ], [ 394884.84231943031773, 3782949.033570701722056 ], [ 394884.231943031540141, 3782949.033570701722056 ] ] ] } },
{ "type": "Feature", "properties": { "confidence": 0.9566425085067749, "class": 1, "regularized": null }, "geometry": { "type": "Polygon", "coordinates": [ [ [ 395295.015259409963619, 3782606.002034587785602 ], [ 395294.40488301118603, 3782605.391658189240843 ], [ 395294.099694811797235, 3782605.391658189240843 ], [ 395293.794506612408441, 3782605.086469989735633 ], [ 395293.794506612408441, 3782604.781281790230423 ], [ 395293.489318413019646, 3782604.476093591190875 ], [ 395293.184130213630851, 3782604.476093591190875 ], [ 395292.268565615464468, 3782603.560528992675245 ], [ 395292.268565615464468, 3782603.255340793635696 ], [ 395291.963377416075673, 3782602.950152594130486 ], [ 395291.963377416075673, 3782602.644964394625276 ], [ 395291.658189216686878, 3782602.339776195120066 ], [ 395291.658189216686878, 3782601.424211597070098 ], [ 395292.268565615464468, 3782600.813835198525339 ], [ 395292.878942014242057, 3782600.813835198525339 ], [ 395293.184130213630851, 3782600.508646999020129 ], [ 395293.794506612408441, 3782600.508646999020129 ], [ 395294.099694811797235, 3782600.20345879951492 ], [ 395294.40488301118603, 3782600.20345879951492 ], [ 395294.710071210574824, 3782599.89827060000971 ], [ 395295.625635808741208, 3782599.89827060000971 ], [ 395295.930824008130003, 3782599.593082400970161 ], [ 395295.930824008130003, 3782599.287894201464951 ], [ 395296.846388606296387, 3782599.287894201464951 ], [ 395297.151576805685181, 3782598.982706001959741 ], [ 395297.456765005073976, 3782599.287894201464951 ], [ 395297.76195320446277, 3782599.287894201464951 ], [ 395297.76195320446277, 3782599.593082400970161 ], [ 395298.067141403851565, 3782599.89827060000971 ], [ 395298.067141403851565, 3782600.508646999020129 ], [ 395298.982706002017949, 3782601.424211597070098 ], [ 395298.982706002017949, 3782601.729399796575308 ], [ 395299.287894201406743, 3782602.034587996080518 ], [ 395299.593082400795538, 3782602.034587996080518 ], [ 395299.593082400795538, 3782602.339776195120066 ], [ 395299.898270600184333, 3782602.644964394625276 ], [ 395299.898270600184333, 3782603.560528992675245 ], [ 395300.203458799573127, 3782603.865717192180455 ], [ 395300.203458799573127, 3782605.696846388746053 ], [ 395298.067141403851565, 3782605.696846388746053 ], [ 395297.76195320446277, 3782605.391658189240843 ], [ 395296.846388606296387, 3782605.391658189240843 ], [ 395296.541200406907592, 3782605.696846388746053 ], [ 395295.930824008130003, 3782605.696846388746053 ], [ 395295.625635808741208, 3782606.002034587785602 ], [ 395295.015259409963619, 3782606.002034587785602 ] ] ] } },
{ "type": "Feature", "properties": { "confidence": 0.95497965812683105, "class": 1, "regularized": null }, "geometry": { "type": "Polygon", "coordinates": [ [ [ 395081.383519837225322, 3782734.486266531050205 ], [ 395080.773143438447732, 3782733.875890132039785 ], [ 395080.773143438447732, 3782733.570701933000237 ], [ 395080.467955239058938, 3782733.265513733495027 ], [ 395080.467955239058938, 3782732.044760935939848 ], [ 395080.162767039670143, 3782731.739572736434639 ], [ 395080.162767039670143, 3782729.603255340829492 ], [ 395080.467955239058938, 3782729.603255340829492 ], [ 395081.078331637836527, 3782728.992878941819072 ], [ 395081.993896236002911, 3782728.992878941819072 ], [ 395082.299084435391705, 3782728.687690742779523 ], [ 395082.6042726347805, 3782728.687690742779523 ], [ 395083.214649033558089, 3782728.077314343769103 ], [ 395083.214649033558089, 3782726.856561546213925 ], [ 395092.06510681589134, 3782726.856561546213925 ], [ 395092.06510681589134, 3782728.077314343769103 ], [ 395091.759918616502546, 3782728.382502543274313 ], [ 395091.759918616502546, 3782728.687690742779523 ], [ 395090.844354018336162, 3782729.603255340829492 ], [ 395090.539165818947367, 3782729.603255340829492 ], [ 395090.233977619558573, 3782729.908443540334702 ], [ 395089.928789420169778, 3782729.908443540334702 ], [ 395089.318413021392189, 3782730.51881993887946 ], [ 395089.013224821945187, 3782730.51881993887946 ], [ 395088.402848423167598, 3782731.12919633788988 ], [ 395088.097660223778803, 3782731.12919633788988 ], [ 395086.876907426223624, 3782732.349949135445058 ], [ 395086.57171922683483, 3782732.349949135445058 ], [ 395085.961342828057241, 3782732.960325533989817 ], [ 395085.656154628668446, 3782732.960325533989817 ], [ 395085.350966429279651, 3782733.265513733495027 ], [ 395085.045778229890857, 3782733.265513733495027 ], [ 395084.740590030502062, 3782733.570701933000237 ], [ 395084.435401831113268, 3782733.570701933000237 ], [ 395083.825025432335678, 3782734.181078331544995 ], [ 395083.519837232946884, 3782734.181078331544995 ], [ 395083.214649033558089, 3782734.486266531050205 ], [ 395081.383519837225322, 3782734.486266531050205 ] ] ] } },
{ "type": "Feature", "properties": { "confidence": 0.95470768213272095, "class": 1, "regularized": null }, "geometry": { "type": "Polygon", "coordinates": [ [ [ 395034.384537131234538, 3782755.544252288993448 ], [ 395034.384537131234538, 3782747.609359104651958 ], [ 395034.994913530012127, 3782747.609359104651958 ], [ 395035.300101729400922, 3782747.304170905612409 ], [ 395035.910478128178511, 3782747.304170905612409 ], [ 395036.215666327567305, 3782747.609359104651958 ], [ 395036.215666327567305, 3782748.219735503662378 ], [ 395036.5208545269561, 3782748.524923703167588 ], [ 395036.5208545269561, 3782748.830111902207136 ], [ 395036.826042726344895, 3782749.135300101712346 ], [ 395036.826042726344895, 3782749.745676500722766 ], [ 395037.131230925733689, 3782750.050864699762315 ], [ 395037.131230925733689, 3782750.356052899267524 ], [ 395037.436419125122484, 3782750.661241098772734 ], [ 395037.436419125122484, 3782750.966429298277944 ], [ 395037.131230925733689, 3782751.271617497317493 ], [ 395037.131230925733689, 3782752.492370294872671 ], [ 395036.826042726344895, 3782752.797558494377881 ], [ 395036.826042726344895, 3782753.102746693883091 ], [ 395036.5208545269561, 3782753.407934893388301 ], [ 395036.5208545269561, 3782754.01831129193306 ], [ 395036.215666327567305, 3782754.32349949143827 ], [ 395036.215666327567305, 3782754.62868769094348 ], [ 395035.605289928789716, 3782755.239064089488238 ], [ 395035.300101729400922, 3782755.239064089488238 ], [ 395034.994913530012127, 3782755.544252288993448 ], [ 395034.384537131234538, 3782755.544252288993448 ] ] ] } },
{ "type": "Feature", "properties": { "confidence": 0.95435988903045654, "class": 1, "regularized": null }, "geometry": { "type": "Polygon", "coordinates": [ [ [ 394950.762970498471987, 3782472.634791454765946 ], [ 394950.457782299083192, 3782472.329603255260736 ], [ 394949.237029501528013, 3782472.329603255260736 ], [ 394948.32146490336163, 3782471.414038657210767 ], [ 394948.32146490336163, 3782470.498474059160799 ], [ 394948.626653102750424, 3782470.193285859655589 ], [ 394948.626653102750424, 3782467.751780264545232 ], [ 394948.32146490336163, 3782467.446592065040022 ], [ 394948.626653102750424, 3782467.141403865534812 ], [ 394948.626653102750424, 3782466.836215666495264 ], [ 394948.931841302139219, 3782466.531027466990054 ], [ 394948.931841302139219, 3782466.225839267484844 ], [ 394949.542217700916808, 3782466.225839267484844 ], [ 394949.847405900305603, 3782465.920651067979634 ], [ 394950.152594099694397, 3782465.920651067979634 ], [ 394950.457782299083192, 3782465.615462868940085 ], [ 394951.068158697860781, 3782465.615462868940085 ], [ 394951.67853509663837, 3782465.005086469929665 ], [ 394951.983723296027165, 3782465.005086469929665 ], [ 394952.594099694804754, 3782464.394710071384907 ], [ 394953.509664292971138, 3782464.394710071384907 ], [ 394954.120040691748727, 3782463.784333672374487 ], [ 394954.120040691748727, 3782462.258392675314099 ], [ 394955.035605289915111, 3782462.258392675314099 ], [ 394955.340793489303906, 3782462.563580874819309 ], [ 394955.340793489303906, 3782471.719226856715977 ], [ 394954.730417090526316, 3782472.329603255260736 ], [ 394952.594099694804754, 3782472.329603255260736 ], [ 394952.28891149541596, 3782472.634791454765946 ], [ 394950.762970498471987, 3782472.634791454765946 ] ] ] } },
{ "type": "Feature", "properties": { "confidence": 0.95115113258361816, "class": 1, "regularized": null }, "geometry": { "type": "Polygon", "coordinates": [ [ [ 395355.137334689730778, 3782637.436419125180691 ], [ 395354.832146490341984, 3782637.131230925675482 ], [ 395354.526958290953189, 3782637.131230925675482 ], [ 395354.221770091564395, 3782636.826042726170272 ], [ 395354.221770091564395, 3782635.910478128120303 ], [ 395353.611393692786805, 3782635.300101729575545 ], [ 395353.611393692786805, 3782634.384537131059915 ], [ 395353.001017294009216, 3782633.774160732515156 ], [ 395353.001017294009216, 3782633.468972533009946 ], [ 395352.695829094620422, 3782633.163784333504736 ], [ 395352.695829094620422, 3782632.858596134465188 ], [ 395352.085452695842832, 3782632.248219735454768 ], [ 395352.085452695842832, 3782631.637843336910009 ], [ 395351.780264496454038, 3782631.332655137404799 ], [ 395351.780264496454038, 3782630.417090539354831 ], [ 395351.475076297065243, 3782630.111902339849621 ], [ 395351.475076297065243, 3782629.806714140344411 ], [ 395351.169888097676449, 3782629.501525940839201 ], [ 395351.169888097676449, 3782628.585961342789233 ], [ 395352.695829094620422, 3782628.585961342789233 ], [ 395352.695829094620422, 3782628.891149542294443 ], [ 395353.306205493398011, 3782629.501525940839201 ], [ 395353.611393692786805, 3782629.501525940839201 ], [ 395354.221770091564395, 3782630.111902339849621 ], [ 395354.526958290953189, 3782630.111902339849621 ], [ 395354.832146490341984, 3782630.417090539354831 ], [ 395355.137334689730778, 3782630.417090539354831 ], [ 395356.052899287897162, 3782631.332655137404799 ], [ 395356.052899287897162, 3782631.637843336910009 ], [ 395356.968463886063546, 3782632.553407934959978 ], [ 395358.494404883007519, 3782632.553407934959978 ], [ 395358.799593082396314, 3782632.858596134465188 ], [ 395359.409969481173903, 3782632.858596134465188 ], [ 395359.715157680562697, 3782633.163784333504736 ], [ 395359.715157680562697, 3782633.774160732515156 ], [ 395360.020345879951492, 3782634.079348932020366 ], [ 395360.020345879951492, 3782635.605289928615093 ], [ 395359.715157680562697, 3782635.910478128120303 ], [ 395359.409969481173903, 3782635.910478128120303 ], [ 395359.104781281785108, 3782636.215666327625513 ], [ 395358.799593082396314, 3782636.215666327625513 ], [ 395358.494404883007519, 3782636.520854527130723 ], [ 395358.189216683618724, 3782636.520854527130723 ], [ 395357.88402848422993, 3782636.826042726170272 ], [ 395357.273652085452341, 3782636.826042726170272 ], [ 395356.968463886063546, 3782637.131230925675482 ], [ 395356.052899287897162, 3782637.131230925675482 ], [ 395355.747711088508368, 3782637.436419125180691 ], [ 395355.137334689730778, 3782637.436419125180691 ] ] ] } },
{ "type": "Feature", "properties": { "confidence": 0.95015478134155273, "class": 1, "regularized": null }, "geometry": { "type": "Polygon", "coordinates": [ [ [ 395187.589013224816881, 3782824.516785351093858 ], [ 395186.673448626650497, 3782823.601220752578229 ], [ 395186.673448626650497, 3782823.29603255353868 ], [ 395186.368260427261703, 3782822.99084435403347 ], [ 395186.368260427261703, 3782822.38046795502305 ], [ 395186.063072227872908, 3782822.075279755983502 ], [ 395186.063072227872908, 3782821.159715157467872 ], [ 395185.757884028484114, 3782820.854526958428323 ], [ 395185.757884028484114, 3782819.938962359912694 ], [ 395185.452695829095319, 3782819.633774160873145 ], [ 395185.452695829095319, 3782817.497456764802337 ], [ 395186.063072227872908, 3782816.887080366257578 ], [ 395187.283825025428087, 3782816.887080366257578 ], [ 395187.589013224816881, 3782816.581892166752368 ], [ 395188.80976602237206, 3782816.581892166752368 ], [ 395189.114954221760854, 3782816.276703967247158 ], [ 395190.335707019316033, 3782816.276703967247158 ], [ 395190.335707019316033, 3782824.211597151588649 ], [ 395189.420142421149649, 3782824.211597151588649 ], [ 395189.114954221760854, 3782824.516785351093858 ], [ 395187.589013224816881, 3782824.516785351093858 ] ] ] } },
{ "type": "Feature", "properties": { "confidence": 0.94965052604675293, "class": 1, "regularized": null }, "geometry": { "type": "Polygon", "coordinates": [ [ [ 395255.951169888081495, 3782413.733468972612172 ], [ 395255.6459816886927, 3782413.428280773106962 ], [ 395255.6459816886927, 3782413.123092573601753 ], [ 395255.340793489303906, 3782412.817904374562204 ], [ 395255.340793489303906, 3782411.291963377501816 ], [ 395254.730417090526316, 3782410.681586978491396 ], [ 395254.425228891137522, 3782410.681586978491396 ], [ 395254.120040691748727, 3782410.376398779451847 ], [ 395254.120040691748727, 3782408.545269582886249 ], [ 395253.814852492359933, 3782408.240081383381039 ], [ 395253.814852492359933, 3782407.32451678533107 ], [ 395254.120040691748727, 3782407.019328585825861 ], [ 395254.120040691748727, 3782404.577822990715504 ], [ 395254.425228891137522, 3782404.272634791675955 ], [ 395254.425228891137522, 3782403.357070193160325 ], [ 395254.730417090526316, 3782403.051881994120777 ], [ 395260.223804679524619, 3782403.051881994120777 ], [ 395260.223804679524619, 3782403.967446592170745 ], [ 395260.528992878913414, 3782404.272634791675955 ], [ 395260.223804679524619, 3782404.577822990715504 ], [ 395260.223804679524619, 3782405.798575788270682 ], [ 395259.918616480135825, 3782406.103763987775892 ], [ 395259.918616480135825, 3782407.32451678533107 ], [ 395259.61342828074703, 3782407.62970498483628 ], [ 395259.61342828074703, 3782409.155645981896669 ], [ 395259.308240081358235, 3782409.460834180936217 ], [ 395259.308240081358235, 3782411.291963377501816 ], [ 395259.003051881969441, 3782411.597151577007025 ], [ 395259.003051881969441, 3782412.512716175056994 ], [ 395258.697863682580646, 3782412.512716175056994 ], [ 395258.392675483191852, 3782412.817904374562204 ], [ 395258.392675483191852, 3782413.123092573601753 ], [ 395258.087487283803057, 3782413.123092573601753 ], [ 395257.782299084414262, 3782413.428280773106962 ], [ 395256.866734486247879, 3782413.428280773106962 ], [ 395256.561546286859084, 3782413.733468972612172 ], [ 395255.951169888081495, 3782413.733468972612172 ] ] ] } },
{ "type": "Feature", "properties": { "confidence": 0.9480583667755127, "class": 1, "regularized": null }, "geometry": { "type": "Polygon", "coordinates": [ [ [ 395052.390640895231627, 3782963.072227873839438 ], [ 395052.390640895231627, 3782962.767039674334228 ], [ 395052.085452695842832, 3782962.461851475294679 ], [ 395052.085452695842832, 3782961.241098677739501 ], [ 395052.390640895231627, 3782960.935910478234291 ], [ 395052.390640895231627, 3782959.104781281668693 ], [ 395052.695829094620422, 3782958.799593082629144 ], [ 395052.695829094620422, 3782957.273652085568756 ], [ 395053.306205493398011, 3782956.663275686558336 ], [ 395053.9165818921756, 3782956.663275686558336 ], [ 395054.221770091564395, 3782956.358087487053126 ], [ 395055.442522889119573, 3782956.358087487053126 ], [ 395055.747711088508368, 3782956.052899288013577 ], [ 395056.358087487285957, 3782956.052899288013577 ], [ 395056.663275686674751, 3782955.747711088508368 ], [ 395057.273652085452341, 3782955.747711088508368 ], [ 395057.578840284841135, 3782955.442522889003158 ], [ 395057.88402848422993, 3782955.442522889003158 ], [ 395058.189216683618724, 3782955.137334689497948 ], [ 395058.494404883007519, 3782955.137334689497948 ], [ 395058.799593082396314, 3782954.832146490458399 ], [ 395060.935910478117876, 3782954.832146490458399 ], [ 395061.85147507628426, 3782955.747711088508368 ], [ 395061.85147507628426, 3782956.052899288013577 ], [ 395062.156663275673054, 3782956.358087487053126 ], [ 395062.156663275673054, 3782956.663275686558336 ], [ 395062.767039674450643, 3782957.273652085568756 ], [ 395062.767039674450643, 3782957.884028484113514 ], [ 395062.461851475061849, 3782957.884028484113514 ], [ 395062.156663275673054, 3782958.189216683618724 ], [ 395061.85147507628426, 3782958.189216683618724 ], [ 395061.546286876895465, 3782958.494404883123934 ], [ 395060.935910478117876, 3782958.494404883123934 ], [ 395060.630722278729081, 3782958.799593082629144 ], [ 395060.325534079340287, 3782958.799593082629144 ], [ 395060.020345879951492, 3782959.104781281668693 ], [ 395059.409969481173903, 3782959.104781281668693 ], [ 395058.799593082396314, 3782959.715157680679113 ], [ 395058.494404883007519, 3782959.715157680679113 ], [ 395058.189216683618724, 3782960.020345880184323 ], [ 395057.88402848422993, 3782960.020345880184323 ], [ 395057.578840284841135, 3782960.325534079223871 ], [ 395057.273652085452341, 3782960.325534079223871 ], [ 395056.358087487285957, 3782961.241098677739501 ], [ 395056.358087487285957, 3782961.85147507628426 ], [ 395056.052899287897162, 3782962.156663275789469 ], [ 395056.052899287897162, 3782962.461851475294679 ], [ 395055.747711088508368, 3782962.767039674334228 ], [ 395055.442522889119573, 3782962.767039674334228 ], [ 395055.137334689730778, 3782963.072227873839438 ], [ 395052.390640895231627, 3782963.072227873839438 ] ] ] } },
{ "type": "Feature", "properties": { "confidence": 0.94763809442520142, "class": 1, "regularized": null }, "geometry": { "type": "Polygon", "coordinates": [ [ [ 395265.412004069192335, 3782790.946083418093622 ], [ 395264.801627670414746, 3782790.335707019548863 ], [ 395264.496439471025951, 3782790.335707019548863 ], [ 395264.496439471025951, 3782790.030518820043653 ], [ 395263.886063072248362, 3782789.420142421033233 ], [ 395263.886063072248362, 3782787.894201424438506 ], [ 395263.580874872859567, 3782787.589013224933296 ], [ 395263.580874872859567, 3782786.063072227872908 ], [ 395263.886063072248362, 3782785.757884028367698 ], [ 395263.886063072248362, 3782783.011190233752131 ], [ 395264.191251271637157, 3782782.706002034712583 ], [ 395264.496439471025951, 3782782.706002034712583 ], [ 395264.801627670414746, 3782782.400813835207373 ], [ 395265.10681586980354, 3782782.400813835207373 ], [ 395265.412004069192335, 3782782.095625635702163 ], [ 395268.158697863691486, 3782782.095625635702163 ], [ 395268.463886063080281, 3782782.400813835207373 ], [ 395269.379450661246665, 3782782.400813835207373 ], [ 395269.684638860635459, 3782782.706002034712583 ], [ 395269.989827060024254, 3782782.706002034712583 ], [ 395270.295015259413049, 3782783.011190233752131 ], [ 395270.295015259413049, 3782783.316378433257341 ], [ 395271.210579857579432, 3782784.23194303130731 ], [ 395271.515768056968227, 3782784.23194303130731 ], [ 395271.820956256357022, 3782784.53713123081252 ], [ 395272.126144455745816, 3782784.53713123081252 ], [ 395272.736520854523405, 3782785.14750762982294 ], [ 395272.736520854523405, 3782786.673448626883328 ], [ 395272.431332655134611, 3782786.978636825922877 ], [ 395272.431332655134611, 3782788.504577822983265 ], [ 395272.126144455745816, 3782788.504577822983265 ], [ 395271.820956256357022, 3782788.809766022488475 ], [ 395271.515768056968227, 3782788.809766022488475 ], [ 395271.210579857579432, 3782789.114954221993685 ], [ 395270.905391658190638, 3782789.114954221993685 ], [ 395270.600203458801843, 3782789.420142421033233 ], [ 395270.295015259413049, 3782789.420142421033233 ], [ 395269.989827060024254, 3782789.725330620538443 ], [ 395269.684638860635459, 3782789.725330620538443 ], [ 395269.07426246185787, 3782790.335707019548863 ], [ 395268.463886063080281, 3782790.335707019548863 ], [ 395268.158697863691486, 3782790.640895218588412 ], [ 395267.853509664302692, 3782790.640895218588412 ], [ 395267.548321464913897, 3782790.946083418093622 ], [ 395265.412004069192335, 3782790.946083418093622 ] ] ] } },
{ "type": "Feature", "properties": { "confidence": 0.94735544919967651, "class": 1, "regularized": null }, "geometry": { "type": "Polygon", "coordinates": [ [ [ 395298.677517802629154, 3782905.086469989735633 ], [ 395298.067141403851565, 3782904.476093591190875 ], [ 395298.067141403851565, 3782904.170905391685665 ], [ 395297.151576805685181, 3782903.255340793635696 ], [ 395297.151576805685181, 3782901.424211597070098 ], [ 395296.846388606296387, 3782901.119023397564888 ], [ 395296.846388606296387, 3782899.89827060000971 ], [ 395297.151576805685181, 3782899.593082400970161 ], [ 395297.151576805685181, 3782899.287894201464951 ], [ 395301.7293997965171, 3782899.287894201464951 ], [ 395302.034587995905895, 3782899.593082400970161 ], [ 395302.034587995905895, 3782899.89827060000971 ], [ 395302.644964394683484, 3782900.508646999020129 ], [ 395302.644964394683484, 3782901.424211597070098 ], [ 395302.950152594072279, 3782901.729399796575308 ], [ 395302.644964394683484, 3782902.034587996080518 ], [ 395302.644964394683484, 3782902.950152594130486 ], [ 395301.424211597128306, 3782904.170905391685665 ], [ 395301.119023397739511, 3782904.170905391685665 ], [ 395300.508646998961922, 3782904.781281790230423 ], [ 395300.203458799573127, 3782904.781281790230423 ], [ 395299.898270600184333, 3782905.086469989735633 ], [ 395298.677517802629154, 3782905.086469989735633 ] ] ] } },
{ "type": "Feature", "properties": { "confidence": 0.94670820236206055, "class": 1, "regularized": null }, "geometry": { "type": "Polygon", "coordinates": [ [ [ 395279.450661241076887, 3782616.378433367237449 ], [ 395279.145473041688092, 3782616.073245167732239 ], [ 395279.145473041688092, 3782615.46286876918748 ], [ 395278.535096642910503, 3782614.85249237017706 ], [ 395278.535096642910503, 3782614.547304171137512 ], [ 395278.229908443521708, 3782614.242115971632302 ], [ 395278.229908443521708, 3782613.936927772127092 ], [ 395277.924720244132914, 3782613.631739572621882 ], [ 395277.924720244132914, 3782613.326551373116672 ], [ 395277.619532044744119, 3782613.021363174077123 ], [ 395277.924720244132914, 3782612.716174974571913 ], [ 395277.924720244132914, 3782611.800610376521945 ], [ 395278.229908443521708, 3782611.495422177016735 ], [ 395278.229908443521708, 3782611.190233977511525 ], [ 395278.535096642910503, 3782610.885045778006315 ], [ 395279.145473041688092, 3782610.885045778006315 ], [ 395279.755849440465681, 3782611.495422177016735 ], [ 395280.671414038632065, 3782611.495422177016735 ], [ 395281.281790437409654, 3782610.885045778006315 ], [ 395281.892166836187243, 3782610.885045778006315 ], [ 395282.197355035634246, 3782610.579857578966767 ], [ 395282.807731434411835, 3782610.579857578966767 ], [ 395282.807731434411835, 3782610.885045778006315 ], [ 395283.11291963380063, 3782611.190233977511525 ], [ 395283.418107833189424, 3782611.190233977511525 ], [ 395283.418107833189424, 3782613.326551373116672 ], [ 395283.11291963380063, 3782613.631739572621882 ], [ 395283.11291963380063, 3782613.936927772127092 ], [ 395282.807731434411835, 3782614.242115971632302 ], [ 395282.807731434411835, 3782614.547304171137512 ], [ 395282.50254323502304, 3782614.85249237017706 ], [ 395282.50254323502304, 3782615.15768056968227 ], [ 395282.197355035634246, 3782615.46286876918748 ], [ 395282.197355035634246, 3782616.073245167732239 ], [ 395281.892166836187243, 3782616.073245167732239 ], [ 395281.586978636798449, 3782616.378433367237449 ], [ 395279.450661241076887, 3782616.378433367237449 ] ] ] } },
{ "type": "Feature", "properties": { "confidence": 0.94444537162780762, "class": 1, "regularized": null }, "geometry": { "type": "Polygon", "coordinates": [ [ [ 394973.0417090539122, 3782470.803662258200347 ], [ 394972.736520854523405, 3782470.498474059160799 ], [ 394970.905391658190638, 3782470.498474059160799 ], [ 394970.600203458801843, 3782470.193285859655589 ], [ 394970.295015259413049, 3782470.193285859655589 ], [ 394969.989827060024254, 3782469.888097660150379 ], [ 394969.989827060024254, 3782469.27772126160562 ], [ 394969.684638860635459, 3782468.97253306210041 ], [ 394969.684638860635459, 3782468.056968464050442 ], [ 394969.989827060024254, 3782467.751780264545232 ], [ 394969.989827060024254, 3782466.836215666495264 ], [ 394970.295015259413049, 3782466.531027466990054 ], [ 394970.295015259413049, 3782465.310274669434875 ], [ 394969.989827060024254, 3782465.005086469929665 ], [ 394969.989827060024254, 3782463.479145472869277 ], [ 394969.684638860635459, 3782463.173957273829728 ], [ 394969.989827060024254, 3782462.868769074324518 ], [ 394969.989827060024254, 3782462.563580874819309 ], [ 394970.600203458801843, 3782461.95320447627455 ], [ 394970.905391658190638, 3782461.95320447627455 ], [ 394971.210579857579432, 3782461.64801627676934 ], [ 394971.515768056968227, 3782461.64801627676934 ], [ 394971.820956256357022, 3782461.34282807726413 ], [ 394972.126144455745816, 3782461.34282807726413 ], [ 394972.431332655134611, 3782461.03763987775892 ], [ 394972.431332655134611, 3782460.732451678719372 ], [ 394972.736520854523405, 3782460.732451678719372 ], [ 394973.346897253300995, 3782460.122075279708952 ], [ 394976.093591047800146, 3782460.122075279708952 ], [ 394976.398779247188941, 3782459.816887080203742 ], [ 394977.314343845355324, 3782459.816887080203742 ], [ 394977.619532044744119, 3782460.122075279708952 ], [ 394977.924720244132914, 3782460.122075279708952 ], [ 394977.924720244132914, 3782460.427263479214162 ], [ 394978.229908443521708, 3782460.732451678719372 ], [ 394978.229908443521708, 3782461.95320447627455 ], [ 394978.535096642910503, 3782462.258392675314099 ], [ 394978.535096642910503, 3782464.394710071384907 ], [ 394978.840284842299297, 3782464.699898270424455 ], [ 394978.840284842299297, 3782469.582909460645169 ], [ 394978.535096642910503, 3782469.888097660150379 ], [ 394978.229908443521708, 3782469.888097660150379 ], [ 394977.619532044744119, 3782470.498474059160799 ], [ 394977.00915564596653, 3782470.498474059160799 ], [ 394976.703967446577735, 3782470.803662258200347 ], [ 394973.0417090539122, 3782470.803662258200347 ] ] ] } },
{ "type": "Feature", "properties": { "confidence": 0.94443321228027344, "class": 1, "regularized": null }, "geometry": { "type": "Polygon", "coordinates": [ [ [ 395388.402848423167598, 3782856.256358087528497 ], [ 395386.57171922683483, 3782854.425228890962899 ], [ 395386.57171922683483, 3782852.288911495357752 ], [ 395385.961342828057241, 3782851.678535096812993 ], [ 395385.961342828057241, 3782851.373346897307783 ], [ 395386.876907426223624, 3782850.457782299257815 ], [ 395387.182095625612419, 3782850.457782299257815 ], [ 395387.487283825001214, 3782850.152594099752605 ], [ 395388.402848423167598, 3782850.152594099752605 ], [ 395388.708036622556392, 3782849.847405900247395 ], [ 395389.318413021392189, 3782849.847405900247395 ], [ 395389.623601220780984, 3782849.542217700742185 ], [ 395389.928789420169778, 3782849.542217700742185 ], [ 395390.233977619558573, 3782849.237029501702636 ], [ 395390.844354018336162, 3782849.237029501702636 ], [ 395391.149542217724957, 3782848.931841302197427 ], [ 395391.454730417113751, 3782848.931841302197427 ], [ 395391.759918616502546, 3782848.626653102692217 ], [ 395392.370295015280135, 3782848.626653102692217 ], [ 395392.980671414057724, 3782848.016276704147458 ], [ 395393.896236012224108, 3782848.016276704147458 ], [ 395394.201424211612903, 3782847.711088504642248 ], [ 395394.811800610390492, 3782847.711088504642248 ], [ 395395.116988809779286, 3782847.405900305137038 ], [ 395396.03255340794567, 3782847.405900305137038 ], [ 395396.642929806723259, 3782848.016276704147458 ], [ 395396.948118006112054, 3782848.016276704147458 ], [ 395397.253306205500849, 3782848.321464903187007 ], [ 395397.253306205500849, 3782852.899287894368172 ], [ 395396.948118006112054, 3782853.20447609340772 ], [ 395396.642929806723259, 3782853.20447609340772 ], [ 395396.337741607334465, 3782853.50966429291293 ], [ 395396.03255340794567, 3782853.50966429291293 ], [ 395395.727365208556876, 3782853.81485249241814 ], [ 395395.422177009168081, 3782853.81485249241814 ], [ 395395.116988809779286, 3782854.12004069192335 ], [ 395394.811800610390492, 3782854.12004069192335 ], [ 395394.506612411001697, 3782854.425228890962899 ], [ 395393.896236012224108, 3782854.425228890962899 ], [ 395393.591047812835313, 3782854.730417090468109 ], [ 395392.980671414057724, 3782854.730417090468109 ], [ 395392.67548321466893, 3782855.035605289973319 ], [ 395391.759918616502546, 3782855.035605289973319 ], [ 395391.454730417113751, 3782855.340793489478528 ], [ 395390.844354018336162, 3782855.340793489478528 ], [ 395390.539165818947367, 3782855.645981688518077 ], [ 395390.233977619558573, 3782855.645981688518077 ], [ 395389.928789420169778, 3782855.951169888023287 ], [ 395388.708036622556392, 3782855.951169888023287 ], [ 395388.402848423167598, 3782856.256358087528497 ] ] ] } },
{ "type": "Feature", "properties": { "confidence": 0.94406837224960327, "class": 1, "regularized": null }, "geometry": { "type": "Polygon", "coordinates": [ [ [ 394821.973550356051419, 3782983.214649033732712 ], [ 394820.752797558496241, 3782981.993896236177534 ], [ 394820.447609359107446, 3782981.993896236177534 ], [ 394820.142421159718651, 3782981.688708036672324 ], [ 394819.226856561552268, 3782981.688708036672324 ], [ 394818.921668362163473, 3782981.383519837167114 ], [ 394818.616480162774678, 3782981.383519837167114 ], [ 394818.311291963385884, 3782981.078331637661904 ], [ 394818.311291963385884, 3782980.773143438622355 ], [ 394818.006103763997089, 3782980.467955239117146 ], [ 394818.006103763997089, 3782978.331637843511999 ], [ 394818.311291963385884, 3782978.026449644006789 ], [ 394818.311291963385884, 3782977.416073244996369 ], [ 394818.921668362163473, 3782976.80569684645161 ], [ 394818.921668362163473, 3782976.5005086469464 ], [ 394819.226856561552268, 3782976.19532044744119 ], [ 394819.226856561552268, 3782975.890132248401642 ], [ 394819.532044760941062, 3782975.890132248401642 ], [ 394819.837232960329857, 3782975.584944048896432 ], [ 394820.447609359107446, 3782975.584944048896432 ], [ 394821.057985757885035, 3782976.19532044744119 ], [ 394821.057985757885035, 3782976.80569684645161 ], [ 394821.973550356051419, 3782977.721261444501579 ], [ 394822.583926754829008, 3782977.721261444501579 ], [ 394822.889114954217803, 3782977.416073244996369 ], [ 394823.194303153606597, 3782977.416073244996369 ], [ 394824.109867751772981, 3782978.331637843511999 ], [ 394824.109867751772981, 3782978.636826042551547 ], [ 394824.415055951161776, 3782978.942014242056757 ], [ 394824.415055951161776, 3782979.247202441561967 ], [ 394824.72024415055057, 3782979.552390641067177 ], [ 394824.72024415055057, 3782980.162767039611936 ], [ 394825.33062054932816, 3782980.773143438622355 ], [ 394825.33062054932816, 3782981.383519837167114 ], [ 394825.635808748716954, 3782981.688708036672324 ], [ 394825.635808748716954, 3782982.604272634722292 ], [ 394825.33062054932816, 3782982.909460834227502 ], [ 394824.109867751772981, 3782982.909460834227502 ], [ 394823.804679552384187, 3782983.214649033732712 ], [ 394821.973550356051419, 3782983.214649033732712 ] ] ] } },
{ "type": "Feature", "properties": { "confidence": 0.94179344177246094, "class": 1, "regularized": "rectangle" }, "geometry": { "type": "Polygon", "coordinates": [ [ [ 395023.90625, 3782478.0 ], [ 395025.03125, 3782467.5 ], [ 395039.15625, 3782469.0 ], [ 395038.03125, 3782479.5 ], [ 395023.90625, 3782478.0 ] ] ] } },
{ "type": "Feature", "properties": { "confidence": 0.94084846973419189, "class": 1, "regularized": null }, "geometry": { "type": "Polygon", "coordinates": [ [ [ 395227.263479145476595, 3782741.505595116876066 ], [ 395226.9582909460878, 3782741.200406917370856 ], [ 395226.9582909460878, 3782740.895218718331307 ], [ 395226.653102746699005, 3782740.590030518826097 ], [ 395226.653102746699005, 3782739.674465920776129 ], [ 395226.347914547310211, 3782739.369277721270919 ], [ 395226.347914547310211, 3782737.538148524705321 ], [ 395226.653102746699005, 3782737.232960325665772 ], [ 395226.9582909460878, 3782737.232960325665772 ], [ 395227.263479145476595, 3782736.927772126160562 ], [ 395227.873855544254184, 3782736.927772126160562 ], [ 395228.179043743642978, 3782736.622583926655352 ], [ 395228.789420142420568, 3782736.622583926655352 ], [ 395229.094608341809362, 3782736.317395727150142 ], [ 395229.704984740586951, 3782736.317395727150142 ], [ 395230.010172939975746, 3782736.012207528110594 ], [ 395230.315361139364541, 3782736.012207528110594 ], [ 395230.620549338753335, 3782735.707019328605384 ], [ 395231.230925737530924, 3782735.707019328605384 ], [ 395231.230925737530924, 3782736.317395727150142 ], [ 395232.451678535086103, 3782737.538148524705321 ], [ 395233.062054933863692, 3782737.538148524705321 ], [ 395233.062054933863692, 3782737.843336724210531 ], [ 395233.367243133252487, 3782738.14852492371574 ], [ 395233.367243133252487, 3782739.064089521765709 ], [ 395232.756866734474897, 3782739.674465920776129 ], [ 395232.451678535086103, 3782739.674465920776129 ], [ 395232.146490335697308, 3782739.979654119815677 ], [ 395231.841302136308514, 3782739.979654119815677 ], [ 395231.536113936919719, 3782740.284842319320887 ], [ 395230.620549338753335, 3782740.284842319320887 ], [ 395230.315361139364541, 3782740.590030518826097 ], [ 395229.704984740586951, 3782740.590030518826097 ], [ 395229.399796541198157, 3782740.895218718331307 ], [ 395229.094608341809362, 3782740.895218718331307 ], [ 395228.789420142420568, 3782741.200406917370856 ], [ 395228.179043743642978, 3782741.200406917370856 ], [ 395227.873855544254184, 3782741.505595116876066 ], [ 395227.263479145476595, 3782741.505595116876066 ] ] ] } },
{ "type": "Feature", "properties": { "confidence": 0.93831098079681396, "class": 1, "regularized": null }, "geometry": { "type": "Polygon", "coordinates": [ [ [ 395271.820956256357022, 3782981.688708036672324 ], [ 395271.515768056968227, 3782981.383519837167114 ], [ 395271.210579857579432, 3782981.383519837167114 ], [ 395270.905391658190638, 3782981.078331637661904 ], [ 395270.905391658190638, 3782980.773143438622355 ], [ 395270.600203458801843, 3782980.467955239117146 ], [ 395270.600203458801843, 3782980.162767039611936 ], [ 395270.295015259413049, 3782979.857578840106726 ], [ 395270.295015259413049, 3782979.552390641067177 ], [ 395269.989827060024254, 3782979.247202441561967 ], [ 395269.989827060024254, 3782978.942014242056757 ], [ 395269.684638860635459, 3782978.636826042551547 ], [ 395269.684638860635459, 3782978.026449644006789 ], [ 395269.379450661246665, 3782977.721261444501579 ], [ 395269.379450661246665, 3782976.80569684645161 ], [ 395269.684638860635459, 3782976.5005086469464 ], [ 395269.684638860635459, 3782974.364191251341254 ], [ 395269.989827060024254, 3782974.364191251341254 ], [ 395270.295015259413049, 3782974.059003051836044 ], [ 395272.126144455745816, 3782974.059003051836044 ], [ 395272.431332655134611, 3782973.753814852330834 ], [ 395272.736520854523405, 3782973.753814852330834 ], [ 395273.0417090539122, 3782974.059003051836044 ], [ 395273.346897253300995, 3782974.059003051836044 ], [ 395273.652085452689789, 3782974.364191251341254 ], [ 395273.652085452689789, 3782974.669379450846463 ], [ 395275.483214649022557, 3782976.5005086469464 ], [ 395275.483214649022557, 3782976.80569684645161 ], [ 395275.788402848411351, 3782977.11088504595682 ], [ 395275.788402848411351, 3782977.416073244996369 ], [ 395275.483214649022557, 3782977.721261444501579 ], [ 395275.483214649022557, 3782978.026449644006789 ], [ 395275.178026449633762, 3782978.331637843511999 ], [ 395275.178026449633762, 3782979.247202441561967 ], [ 395274.872838250244968, 3782979.552390641067177 ], [ 395274.872838250244968, 3782979.857578840106726 ], [ 395274.567650050856173, 3782980.162767039611936 ], [ 395274.567650050856173, 3782981.078331637661904 ], [ 395274.262461851467378, 3782981.383519837167114 ], [ 395273.652085452689789, 3782981.383519837167114 ], [ 395273.346897253300995, 3782981.688708036672324 ], [ 395271.820956256357022, 3782981.688708036672324 ] ] ] } },
{ "type": "Feature", "properties": { "confidence": 0.93699157238006592, "class": 1, "regularized": null }, "geometry": { "type": "Polygon", "coordinates": [ [ [ 395389.318413021392189, 3782626.754832146689296 ], [ 395389.013224821945187, 3782626.449643947184086 ], [ 395389.013224821945187, 3782626.144455747678876 ], [ 395388.708036622556392, 3782625.839267548173666 ], [ 395388.708036622556392, 3782625.228891149628907 ], [ 395388.402848423167598, 3782624.923702950123698 ], [ 395388.402848423167598, 3782622.787385554518551 ], [ 395388.097660223778803, 3782622.482197355013341 ], [ 395388.097660223778803, 3782620.040691759902984 ], [ 395388.402848423167598, 3782619.735503560397774 ], [ 395388.708036622556392, 3782619.735503560397774 ], [ 395389.928789420169778, 3782618.514750762842596 ], [ 395390.233977619558573, 3782618.514750762842596 ], [ 395390.539165818947367, 3782618.209562563803047 ], [ 395391.454730417113751, 3782618.209562563803047 ], [ 395391.759918616502546, 3782617.904374364297837 ], [ 395392.370295015280135, 3782617.904374364297837 ], [ 395392.67548321466893, 3782618.209562563803047 ], [ 395392.67548321466893, 3782618.514750762842596 ], [ 395392.980671414057724, 3782618.819938962347806 ], [ 395392.980671414057724, 3782619.125127161853015 ], [ 395393.285859613446519, 3782619.430315361358225 ], [ 395393.285859613446519, 3782619.735503560397774 ], [ 395394.201424211612903, 3782620.651068158913404 ], [ 395394.201424211612903, 3782620.956256357952952 ], [ 395394.506612411001697, 3782621.261444557458162 ], [ 395394.506612411001697, 3782621.566632756963372 ], [ 395394.811800610390492, 3782621.871820956468582 ], [ 395394.811800610390492, 3782622.177009155508131 ], [ 395395.116988809779286, 3782622.482197355013341 ], [ 395395.116988809779286, 3782623.702950152568519 ], [ 395395.422177009168081, 3782624.008138352073729 ], [ 395395.422177009168081, 3782624.618514750618488 ], [ 395395.116988809779286, 3782624.923702950123698 ], [ 395394.506612411001697, 3782624.923702950123698 ], [ 395394.201424211612903, 3782625.228891149628907 ], [ 395393.591047812835313, 3782625.228891149628907 ], [ 395393.285859613446519, 3782625.534079349134117 ], [ 395392.980671414057724, 3782625.534079349134117 ], [ 395392.67548321466893, 3782625.839267548173666 ], [ 395392.370295015280135, 3782625.839267548173666 ], [ 395392.06510681589134, 3782626.144455747678876 ], [ 395391.454730417113751, 3782626.144455747678876 ], [ 395391.149542217724957, 3782626.449643947184086 ], [ 395390.844354018336162, 3782626.449643947184086 ], [ 395390.539165818947367, 3782626.754832146689296 ], [ 395389.318413021392189, 3782626.754832146689296 ] ] ] } },
{ "type": "Feature", "properties": { "confidence": 0.93505138158798218, "class": 1, "regularized": null }, "geometry": { "type": "Polygon", "coordinates": [ [ [ 395142.726347914547659, 3782822.38046795502305 ], [ 395142.421159715158865, 3782822.075279755983502 ], [ 395142.421159715158865, 3782821.770091556478292 ], [ 395142.11597151577007, 3782821.464903356973082 ], [ 395142.11597151577007, 3782821.159715157467872 ], [ 395141.810783316381276, 3782820.854526958428323 ], [ 395141.810783316381276, 3782820.244150559417903 ], [ 395141.505595116992481, 3782819.938962359912694 ], [ 395141.505595116992481, 3782819.328585961367935 ], [ 395141.200406917603686, 3782819.023397761862725 ], [ 395141.200406917603686, 3782818.413021363317966 ], [ 395140.895218718214892, 3782818.107833163812757 ], [ 395140.895218718214892, 3782817.497456764802337 ], [ 395140.590030518826097, 3782817.192268565762788 ], [ 395140.590030518826097, 3782815.36113936919719 ], [ 395140.895218718214892, 3782815.05595116969198 ], [ 395143.641912512714043, 3782815.05595116969198 ], [ 395143.947100712102838, 3782814.750762970652431 ], [ 395143.947100712102838, 3782814.445574771147221 ], [ 395144.557477110880427, 3782814.445574771147221 ], [ 395144.557477110880427, 3782815.05595116969198 ], [ 395144.862665310269222, 3782815.36113936919719 ], [ 395144.862665310269222, 3782815.6663275687024 ], [ 395145.167853509658016, 3782815.97151576820761 ], [ 395145.167853509658016, 3782816.276703967247158 ], [ 395145.778229908435605, 3782816.887080366257578 ], [ 395145.778229908435605, 3782817.497456764802337 ], [ 395146.0834181078244, 3782817.802644964307547 ], [ 395146.0834181078244, 3782818.413021363317966 ], [ 395146.388606307213195, 3782818.718209562357515 ], [ 395146.388606307213195, 3782819.328585961367935 ], [ 395146.693794506601989, 3782819.633774160873145 ], [ 395146.693794506601989, 3782820.244150559417903 ], [ 395146.998982705990784, 3782820.549338758923113 ], [ 395146.998982705990784, 3782821.159715157467872 ], [ 395146.388606307213195, 3782821.770091556478292 ], [ 395145.778229908435605, 3782821.770091556478292 ], [ 395145.473041709046811, 3782822.075279755983502 ], [ 395144.557477110880427, 3782822.075279755983502 ], [ 395144.252288911491632, 3782822.38046795502305 ], [ 395142.726347914547659, 3782822.38046795502305 ] ] ] } },
{ "type": "Feature", "properties": { "confidence": 0.93381261825561523, "class": 1, "regularized": null }, "geometry": { "type": "Polygon", "coordinates": [ [ [ 395324.923702950123698, 3782730.51881993887946 ], [ 395324.923702950123698, 3782729.908443540334702 ], [ 395324.618514750734903, 3782729.603255340829492 ], [ 395324.618514750734903, 3782729.298067141324282 ], [ 395324.313326551346108, 3782728.992878941819072 ], [ 395324.313326551346108, 3782728.382502543274313 ], [ 395324.008138351957314, 3782728.077314343769103 ], [ 395324.008138351957314, 3782727.772126144263893 ], [ 395323.702950152568519, 3782727.466937945224345 ], [ 395323.702950152568519, 3782726.856561546213925 ], [ 395331.027466937957797, 3782726.856561546213925 ], [ 395331.027466937957797, 3782727.466937945224345 ], [ 395331.332655137346592, 3782727.772126144263893 ], [ 395331.027466937957797, 3782728.077314343769103 ], [ 395331.027466937957797, 3782728.382502543274313 ], [ 395330.722278738569003, 3782728.382502543274313 ], [ 395330.417090539180208, 3782728.687690742779523 ], [ 395330.111902339791413, 3782728.687690742779523 ], [ 395329.806714140402619, 3782728.992878941819072 ], [ 395329.19633774162503, 3782728.992878941819072 ], [ 395328.891149542236235, 3782729.298067141324282 ], [ 395328.58596134284744, 3782729.298067141324282 ], [ 395328.280773143458646, 3782729.603255340829492 ], [ 395327.975584944069851, 3782729.603255340829492 ], [ 395327.670396744681057, 3782729.908443540334702 ], [ 395327.365208545292262, 3782729.908443540334702 ], [ 395327.060020345903467, 3782730.21363173937425 ], [ 395326.449643947125878, 3782730.21363173937425 ], [ 395326.144455747737084, 3782730.51881993887946 ], [ 395324.923702950123698, 3782730.51881993887946 ] ] ] } },
{ "type": "Feature", "properties": { "confidence": 0.93303501605987549, "class": 1, "regularized": null }, "geometry": { "type": "Polygon", "coordinates": [ [ [ 395258.392675483191852, 3782954.221770091447979 ], [ 395258.087487283803057, 3782953.916581891942769 ], [ 395257.477110885025468, 3782953.916581891942769 ], [ 395257.171922685636673, 3782953.611393692903221 ], [ 395256.866734486247879, 3782953.611393692903221 ], [ 395256.256358087470289, 3782953.001017293892801 ], [ 395255.951169888081495, 3782953.001017293892801 ], [ 395255.340793489303906, 3782952.390640895348042 ], [ 395255.035605289915111, 3782952.390640895348042 ], [ 395254.120040691748727, 3782951.475076296832412 ], [ 395253.814852492359933, 3782951.475076296832412 ], [ 395253.814852492359933, 3782951.169888097792864 ], [ 395253.509664292971138, 3782950.864699898287654 ], [ 395253.509664292971138, 3782950.254323499277234 ], [ 395253.204476093582343, 3782949.949135300237685 ], [ 395253.204476093582343, 3782949.338758901227266 ], [ 395252.899287894193549, 3782949.033570701722056 ], [ 395252.899287894193549, 3782948.423194303177297 ], [ 395252.594099694804754, 3782948.118006103672087 ], [ 395252.594099694804754, 3782946.592065106611699 ], [ 395253.204476093582343, 3782945.98168870806694 ], [ 395253.509664292971138, 3782945.98168870806694 ], [ 395253.814852492359933, 3782945.67650050856173 ], [ 395254.425228891137522, 3782945.67650050856173 ], [ 395254.730417090526316, 3782945.37131230905652 ], [ 395255.035605289915111, 3782945.37131230905652 ], [ 395255.340793489303906, 3782945.67650050856173 ], [ 395255.951169888081495, 3782945.67650050856173 ], [ 395256.866734486247879, 3782946.592065106611699 ], [ 395256.866734486247879, 3782946.897253306116909 ], [ 395257.171922685636673, 3782947.202441505622119 ], [ 395257.171922685636673, 3782947.507629705127329 ], [ 395257.477110885025468, 3782947.812817904166877 ], [ 395257.477110885025468, 3782948.118006103672087 ], [ 395258.697863682580646, 3782949.338758901227266 ], [ 395259.003051881969441, 3782949.338758901227266 ], [ 395259.308240081358235, 3782949.643947100732476 ], [ 395259.61342828074703, 3782949.643947100732476 ], [ 395259.918616480135825, 3782949.949135300237685 ], [ 395260.223804679524619, 3782949.949135300237685 ], [ 395260.223804679524619, 3782950.254323499277234 ], [ 395260.528992878913414, 3782950.559511698782444 ], [ 395260.528992878913414, 3782953.611393692903221 ], [ 395260.223804679524619, 3782953.611393692903221 ], [ 395259.918616480135825, 3782953.916581891942769 ], [ 395259.61342828074703, 3782953.916581891942769 ], [ 395259.308240081358235, 3782954.221770091447979 ], [ 395258.392675483191852, 3782954.221770091447979 ] ] ] } },
{ "type": "Feature", "properties": { "confidence": 0.93014764785766602, "class": 1, "regularized": null }, "geometry": { "type": "Polygon", "coordinates": [ [ [ 394921.464903357089497, 3782866.937945066019893 ], [ 394921.159715157700703, 3782866.632756866514683 ], [ 394921.159715157700703, 3782865.717192268464714 ], [ 394921.464903357089497, 3782865.412004068959504 ], [ 394921.464903357089497, 3782862.970498473849148 ], [ 394921.770091556478292, 3782862.665310274809599 ], [ 394921.770091556478292, 3782861.749745676293969 ], [ 394922.075279755867086, 3782861.444557477254421 ], [ 394922.075279755867086, 3782861.139369277749211 ], [ 394922.380467955255881, 3782860.834181078244001 ], [ 394922.380467955255881, 3782860.528992878738791 ], [ 394923.601220752811059, 3782859.308240081183612 ], [ 394923.906408952199854, 3782859.308240081183612 ], [ 394925.432349949143827, 3782857.782299084588885 ], [ 394929.399796541198157, 3782857.782299084588885 ], [ 394929.704984740586951, 3782858.087487283628434 ], [ 394929.704984740586951, 3782858.392675483133644 ], [ 394930.010172939975746, 3782858.697863682638854 ], [ 394930.010172939975746, 3782859.613428280688822 ], [ 394929.704984740586951, 3782859.918616480194032 ], [ 394929.704984740586951, 3782864.191251271404326 ], [ 394929.399796541198157, 3782864.496439470909536 ], [ 394929.399796541198157, 3782864.801627670414746 ], [ 394929.094608341809362, 3782864.801627670414746 ], [ 394928.484231943031773, 3782865.412004068959504 ], [ 394928.179043743642978, 3782865.412004068959504 ], [ 394927.873855544254184, 3782865.717192268464714 ], [ 394927.568667344865389, 3782865.717192268464714 ], [ 394927.263479145476595, 3782866.022380467969924 ], [ 394926.653102746699005, 3782866.022380467969924 ], [ 394926.347914547310211, 3782866.327568667475134 ], [ 394925.432349949143827, 3782866.327568667475134 ], [ 394925.127161749755032, 3782866.632756866514683 ], [ 394924.211597151588649, 3782866.632756866514683 ], [ 394923.906408952199854, 3782866.937945066019893 ], [ 394921.464903357089497, 3782866.937945066019893 ] ] ] } },
{ "type": "Feature", "properties": { "confidence": 0.92862677574157715, "class": 1, "regularized": null }, "geometry": { "type": "Polygon", "coordinates": [ [ [ 395171.719226856541354, 3782739.369277721270919 ], [ 395171.41403865715256, 3782739.064089521765709 ], [ 395171.41403865715256, 3782737.538148524705321 ], [ 395171.719226856541354, 3782737.232960325665772 ], [ 395171.719226856541354, 3782736.317395727150142 ], [ 395172.024415055930149, 3782736.012207528110594 ], [ 395172.024415055930149, 3782735.096642929594964 ], [ 395172.634791454707738, 3782734.486266531050205 ], [ 395172.939979654096533, 3782734.486266531050205 ], [ 395173.245167853485327, 3782734.181078331544995 ], [ 395173.550356052874122, 3782734.181078331544995 ], [ 395173.855544252262916, 3782733.875890132039785 ], [ 395174.465920651040506, 3782733.875890132039785 ], [ 395175.991861648042686, 3782732.349949135445058 ], [ 395176.297049847431481, 3782732.349949135445058 ], [ 395176.602238046820275, 3782732.044760935939848 ], [ 395177.517802644986659, 3782732.044760935939848 ], [ 395177.822990844375454, 3782732.349949135445058 ], [ 395178.128179043764248, 3782732.349949135445058 ], [ 395178.128179043764248, 3782733.265513733495027 ], [ 395178.433367243153043, 3782733.570701933000237 ], [ 395178.738555442541838, 3782733.570701933000237 ], [ 395179.348931841319427, 3782734.181078331544995 ], [ 395180.264496439485811, 3782734.181078331544995 ], [ 395180.569684638874605, 3782734.486266531050205 ], [ 395180.8748728382634, 3782734.486266531050205 ], [ 395181.180061037652194, 3782734.791454730555415 ], [ 395181.180061037652194, 3782735.707019328605384 ], [ 395180.569684638874605, 3782736.317395727150142 ], [ 395179.959308240097016, 3782736.317395727150142 ], [ 395179.654120040708221, 3782736.622583926655352 ], [ 395179.348931841319427, 3782736.622583926655352 ], [ 395179.043743641930632, 3782736.927772126160562 ], [ 395178.738555442541838, 3782736.927772126160562 ], [ 395178.433367243153043, 3782737.232960325665772 ], [ 395178.128179043764248, 3782737.232960325665772 ], [ 395177.822990844375454, 3782737.538148524705321 ], [ 395177.517802644986659, 3782737.538148524705321 ], [ 395177.212614445597865, 3782737.843336724210531 ], [ 395176.602238046820275, 3782737.843336724210531 ], [ 395176.297049847431481, 3782738.14852492371574 ], [ 395175.991861648042686, 3782738.14852492371574 ], [ 395175.686673448653892, 3782738.45371312322095 ], [ 395175.076297049876302, 3782738.45371312322095 ], [ 395174.7711088504293, 3782738.758901322260499 ], [ 395174.465920651040506, 3782738.758901322260499 ], [ 395174.160732451651711, 3782739.064089521765709 ], [ 395173.550356052874122, 3782739.064089521765709 ], [ 395173.245167853485327, 3782739.369277721270919 ], [ 395171.719226856541354, 3782739.369277721270919 ] ] ] } },
{ "type": "Feature", "properties": { "confidence": 0.9279782772064209, "class": 1, "regularized": null }, "geometry": { "type": "Polygon", "coordinates": [ [ [ 395361.24109867750667, 3782811.698880976531655 ], [ 395360.935910478117876, 3782811.393692777026445 ], [ 395360.630722278729081, 3782811.393692777026445 ], [ 395360.630722278729081, 3782807.731434384360909 ], [ 395360.935910478117876, 3782807.426246185321361 ], [ 395360.935910478117876, 3782807.121057985816151 ], [ 395361.24109867750667, 3782807.121057985816151 ], [ 395361.546286876895465, 3782806.815869786310941 ], [ 395361.546286876895465, 3782806.510681586805731 ], [ 395361.85147507628426, 3782806.205493387766182 ], [ 395361.85147507628426, 3782805.289928789250553 ], [ 395362.156663275673054, 3782805.289928789250553 ], [ 395362.461851475061849, 3782804.984740590211004 ], [ 395363.987792472005822, 3782804.984740590211004 ], [ 395364.903357070172206, 3782805.900305188260972 ], [ 395364.903357070172206, 3782806.205493387766182 ], [ 395365.208545269561, 3782806.510681586805731 ], [ 395365.208545269561, 3782808.952187181916088 ], [ 395364.903357070172206, 3782809.257375381421298 ], [ 395364.903357070172206, 3782810.478128178976476 ], [ 395364.292980671394616, 3782811.088504577986896 ], [ 395363.072227873839438, 3782811.088504577986896 ], [ 395362.767039674450643, 3782811.393692777026445 ], [ 395361.85147507628426, 3782811.393692777026445 ], [ 395361.546286876895465, 3782811.698880976531655 ], [ 395361.24109867750667, 3782811.698880976531655 ] ] ] } },
{ "type": "Feature", "properties": { "confidence": 0.92759305238723755, "class": 1, "regularized": null }, "geometry": { "type": "Polygon", "coordinates": [ [ [ 395268.769074262469076, 3782839.471007121261209 ], [ 395268.769074262469076, 3782828.789420142304152 ], [ 395269.07426246185787, 3782828.789420142304152 ], [ 395269.684638860635459, 3782829.399796541314572 ], [ 395270.905391658190638, 3782829.399796541314572 ], [ 395271.210579857579432, 3782829.094608341809362 ], [ 395271.820956256357022, 3782829.094608341809362 ], [ 395272.126144455745816, 3782828.789420142304152 ], [ 395272.736520854523405, 3782828.789420142304152 ], [ 395273.0417090539122, 3782829.094608341809362 ], [ 395273.0417090539122, 3782829.399796541314572 ], [ 395273.346897253300995, 3782829.704984740819782 ], [ 395273.0417090539122, 3782830.010172939859331 ], [ 395273.0417090539122, 3782831.230925737414509 ], [ 395273.346897253300995, 3782831.536113936919719 ], [ 395273.346897253300995, 3782832.146490335930139 ], [ 395273.0417090539122, 3782832.451678534969687 ], [ 395273.0417090539122, 3782833.062054933980107 ], [ 395272.736520854523405, 3782833.367243133485317 ], [ 395272.736520854523405, 3782833.672431332524866 ], [ 395272.431332655134611, 3782833.977619532030076 ], [ 395272.431332655134611, 3782836.724313326645643 ], [ 395272.126144455745816, 3782837.029501526150852 ], [ 395272.126144455745816, 3782837.639877924695611 ], [ 395271.820956256357022, 3782837.945066124200821 ], [ 395271.820956256357022, 3782838.250254323706031 ], [ 395271.515768056968227, 3782838.555442522745579 ], [ 395271.515768056968227, 3782838.860630722250789 ], [ 395271.210579857579432, 3782838.860630722250789 ], [ 395270.905391658190638, 3782839.165818921755999 ], [ 395270.600203458801843, 3782839.165818921755999 ], [ 395270.295015259413049, 3782839.471007121261209 ], [ 395268.769074262469076, 3782839.471007121261209 ] ] ] } },
{ "type": "Feature", "properties": { "confidence": 0.9235069751739502, "class": 1, "regularized": null }, "geometry": { "type": "Polygon", "coordinates": [ [ [ 394828.077314343827311, 3782904.781281790230423 ], [ 394828.077314343827311, 3782904.476093591190875 ], [ 394827.466937945049722, 3782903.865717192180455 ], [ 394827.466937945049722, 3782903.255340793635696 ], [ 394827.161749745660927, 3782902.950152594130486 ], [ 394827.161749745660927, 3782902.339776195120066 ], [ 394826.856561546272133, 3782902.034587996080518 ], [ 394826.856561546272133, 3782901.729399796575308 ], [ 394826.551373346883338, 3782901.424211597070098 ], [ 394826.551373346883338, 3782901.119023397564888 ], [ 394826.246185147494543, 3782900.813835198525339 ], [ 394826.246185147494543, 3782900.20345879951492 ], [ 394826.551373346883338, 3782899.89827060000971 ], [ 394826.551373346883338, 3782899.593082400970161 ], [ 394826.856561546272133, 3782899.287894201464951 ], [ 394828.077314343827311, 3782899.287894201464951 ], [ 394828.382502543216106, 3782898.982706001959741 ], [ 394828.992878941993695, 3782898.982706001959741 ], [ 394829.908443540160079, 3782898.067141403909773 ], [ 394829.908443540160079, 3782897.761953204404563 ], [ 394830.213631739548873, 3782897.761953204404563 ], [ 394830.213631739548873, 3782899.593082400970161 ], [ 394830.518819938937668, 3782899.89827060000971 ], [ 394830.518819938937668, 3782900.20345879951492 ], [ 394830.824008138326462, 3782900.508646999020129 ], [ 394830.824008138326462, 3782901.424211597070098 ], [ 394831.129196337715257, 3782901.729399796575308 ], [ 394831.129196337715257, 3782903.865717192180455 ], [ 394830.824008138326462, 3782903.865717192180455 ], [ 394830.213631739548873, 3782904.476093591190875 ], [ 394829.603255340771284, 3782904.476093591190875 ], [ 394829.298067141382489, 3782904.781281790230423 ], [ 394828.077314343827311, 3782904.781281790230423 ] ] ] } },
{ "type": "Feature", "properties": { "confidence": 0.92257082462310791, "class": 1, "regularized": null }, "geometry": { "type": "Polygon", "coordinates": [ [ [ 395306.612410986796021, 3782735.401831129100174 ], [ 395306.307222787407227, 3782735.096642929594964 ], [ 395306.307222787407227, 3782734.486266531050205 ], [ 395306.002034588018432, 3782734.181078331544995 ], [ 395305.696846388629638, 3782734.181078331544995 ], [ 395305.391658189240843, 3782733.875890132039785 ], [ 395304.170905391685665, 3782733.875890132039785 ], [ 395303.86571719229687, 3782733.570701933000237 ], [ 395303.86571719229687, 3782732.349949135445058 ], [ 395304.170905391685665, 3782732.044760935939848 ], [ 395304.170905391685665, 3782730.21363173937425 ], [ 395304.476093591074459, 3782729.908443540334702 ], [ 395304.476093591074459, 3782729.603255340829492 ], [ 395305.696846388629638, 3782729.603255340829492 ], [ 395306.002034588018432, 3782729.298067141324282 ], [ 395306.612410986796021, 3782729.298067141324282 ], [ 395307.222787385573611, 3782728.687690742779523 ], [ 395307.8331637843512, 3782728.687690742779523 ], [ 395308.138351983739994, 3782728.382502543274313 ], [ 395308.748728382517584, 3782728.382502543274313 ], [ 395309.053916581906378, 3782728.077314343769103 ], [ 395309.969481180072762, 3782728.077314343769103 ], [ 395310.274669379461557, 3782727.772126144263893 ], [ 395311.19023397762794, 3782727.772126144263893 ], [ 395311.495422177016735, 3782728.077314343769103 ], [ 395311.495422177016735, 3782728.382502543274313 ], [ 395311.80061037640553, 3782728.687690742779523 ], [ 395311.80061037640553, 3782728.992878941819072 ], [ 395312.105798575794324, 3782729.298067141324282 ], [ 395312.105798575794324, 3782729.603255340829492 ], [ 395312.410986775183119, 3782729.908443540334702 ], [ 395312.410986775183119, 3782730.51881993887946 ], [ 395312.105798575794324, 3782730.82400813838467 ], [ 395312.105798575794324, 3782731.12919633788988 ], [ 395311.80061037640553, 3782731.434384536929429 ], [ 395311.495422177016735, 3782731.434384536929429 ], [ 395310.579857578850351, 3782732.349949135445058 ], [ 395310.579857578850351, 3782732.655137334484607 ], [ 395310.274669379461557, 3782732.960325533989817 ], [ 395310.274669379461557, 3782733.875890132039785 ], [ 395309.969481180072762, 3782734.181078331544995 ], [ 395309.969481180072762, 3782734.486266531050205 ], [ 395309.664292980683967, 3782734.486266531050205 ], [ 395309.359104781295173, 3782734.791454730555415 ], [ 395308.748728382517584, 3782734.791454730555415 ], [ 395308.443540183128789, 3782735.096642929594964 ], [ 395308.138351983739994, 3782735.096642929594964 ], [ 395307.8331637843512, 3782735.401831129100174 ], [ 395306.612410986796021, 3782735.401831129100174 ] ] ] } },
{ "type": "Feature", "properties": { "confidence": 0.92221248149871826, "class": 1, "regularized": null }, "geometry": { "type": "Polygon", "coordinates": [ [ [ 395067.344862665282562, 3782735.707019328605384 ], [ 395067.344862665282562, 3782735.096642929594964 ], [ 395067.039674465893768, 3782734.791454730555415 ], [ 395067.344862665282562, 3782734.486266531050205 ], [ 395067.344862665282562, 3782733.570701933000237 ], [ 395067.039674465893768, 3782733.265513733495027 ], [ 395067.039674465893768, 3782732.655137334484607 ], [ 395066.734486266504973, 3782732.349949135445058 ], [ 395066.734486266504973, 3782731.434384536929429 ], [ 395066.429298067116179, 3782731.12919633788988 ], [ 395066.124109867727384, 3782731.12919633788988 ], [ 395066.124109867727384, 3782730.51881993887946 ], [ 395065.513733468949795, 3782729.908443540334702 ], [ 395065.513733468949795, 3782729.298067141324282 ], [ 395065.208545269561, 3782728.992878941819072 ], [ 395065.208545269561, 3782728.382502543274313 ], [ 395064.903357070172206, 3782728.077314343769103 ], [ 395064.903357070172206, 3782727.772126144263893 ], [ 395064.598168870783411, 3782727.466937945224345 ], [ 395064.598168870783411, 3782726.856561546213925 ], [ 395071.3123092573951, 3782726.856561546213925 ], [ 395071.3123092573951, 3782728.382502543274313 ], [ 395071.007121058006305, 3782728.687690742779523 ], [ 395071.007121058006305, 3782732.044760935939848 ], [ 395070.701932858617511, 3782732.349949135445058 ], [ 395070.701932858617511, 3782732.960325533989817 ], [ 395070.396744659228716, 3782733.265513733495027 ], [ 395070.396744659228716, 3782734.486266531050205 ], [ 395070.091556459839921, 3782734.791454730555415 ], [ 395070.091556459839921, 3782735.096642929594964 ], [ 395069.786368260451127, 3782735.401831129100174 ], [ 395069.175991861673538, 3782735.401831129100174 ], [ 395068.870803662284743, 3782735.707019328605384 ], [ 395067.344862665282562, 3782735.707019328605384 ] ] ] } },
{ "type": "Feature", "properties": { "confidence": 0.92120915651321411, "class": 1, "regularized": null }, "geometry": { "type": "Polygon", "coordinates": [ [ [ 394898.880976602260489, 3782907.52797558484599 ], [ 394898.575788402871694, 3782907.22278738534078 ], [ 394898.575788402871694, 3782902.950152594130486 ], [ 394898.880976602260489, 3782902.644964394625276 ], [ 394899.186164801649284, 3782902.644964394625276 ], [ 394899.796541200426873, 3782902.034587996080518 ], [ 394900.406917599204462, 3782902.034587996080518 ], [ 394900.712105798593257, 3782901.729399796575308 ], [ 394902.23804679553723, 3782901.729399796575308 ], [ 394902.543234994926024, 3782901.424211597070098 ], [ 394902.848423194314819, 3782901.729399796575308 ], [ 394903.458799593092408, 3782901.729399796575308 ], [ 394903.763987792481203, 3782901.424211597070098 ], [ 394903.763987792481203, 3782901.119023397564888 ], [ 394904.984740590036381, 3782899.89827060000971 ], [ 394905.900305188202765, 3782899.89827060000971 ], [ 394906.205493387591559, 3782899.593082400970161 ], [ 394908.646998982701916, 3782899.593082400970161 ], [ 394908.952187182090711, 3782899.287894201464951 ], [ 394910.478128179034684, 3782899.287894201464951 ], [ 394910.783316378423478, 3782899.593082400970161 ], [ 394910.783316378423478, 3782900.813835198525339 ], [ 394910.478128179034684, 3782901.119023397564888 ], [ 394910.478128179034684, 3782901.729399796575308 ], [ 394910.172939979645889, 3782902.034587996080518 ], [ 394910.172939979645889, 3782902.339776195120066 ], [ 394909.867751780257095, 3782902.644964394625276 ], [ 394909.867751780257095, 3782903.865717192180455 ], [ 394909.5625635808683, 3782904.170905391685665 ], [ 394909.5625635808683, 3782905.086469989735633 ], [ 394909.257375381479505, 3782905.391658189240843 ], [ 394909.257375381479505, 3782905.696846388746053 ], [ 394908.952187182090711, 3782906.002034587785602 ], [ 394907.731434384535532, 3782906.002034587785602 ], [ 394907.426246185146738, 3782906.307222787290812 ], [ 394906.205493387591559, 3782906.307222787290812 ], [ 394905.900305188202765, 3782906.612410986796021 ], [ 394903.153611393703613, 3782906.612410986796021 ], [ 394902.848423194314819, 3782906.917599186301231 ], [ 394902.543234994926024, 3782906.917599186301231 ], [ 394902.23804679553723, 3782907.22278738534078 ], [ 394901.017293997982051, 3782907.22278738534078 ], [ 394900.712105798593257, 3782907.52797558484599 ], [ 394898.880976602260489, 3782907.52797558484599 ] ] ] } },
{ "type": "Feature", "properties": { "confidence": 0.91942846775054932, "class": 1, "regularized": null }, "geometry": { "type": "Polygon", "coordinates": [ [ [ 394910.478128179034684, 3782882.197355035692453 ], [ 394910.172939979645889, 3782881.892166836187243 ], [ 394911.088504577812273, 3782880.976602238137275 ], [ 394911.393692777201068, 3782880.976602238137275 ], [ 394911.698880976589862, 3782880.671414038632065 ], [ 394912.309257375367451, 3782880.671414038632065 ], [ 394912.614445574756246, 3782880.366225839126855 ], [ 394913.224821973533835, 3782880.366225839126855 ], [ 394913.53001017292263, 3782880.061037640087306 ], [ 394913.835198372311424, 3782880.061037640087306 ], [ 394914.140386571700219, 3782879.755849440582097 ], [ 394915.055951169866603, 3782879.755849440582097 ], [ 394915.361139369255397, 3782879.450661241076887 ], [ 394916.276703967421781, 3782879.450661241076887 ], [ 394916.581892166810576, 3782879.145473041571677 ], [ 394918.413021363201551, 3782879.145473041571677 ], [ 394918.718209562590346, 3782879.450661241076887 ], [ 394918.718209562590346, 3782879.755849440582097 ], [ 394918.107833163812757, 3782880.366225839126855 ], [ 394917.802644964365754, 3782880.366225839126855 ], [ 394917.192268565588165, 3782880.976602238137275 ], [ 394917.192268565588165, 3782881.281790437642485 ], [ 394916.88708036619937, 3782881.281790437642485 ], [ 394916.581892166810576, 3782881.586978636682034 ], [ 394916.276703967421781, 3782881.586978636682034 ], [ 394915.971515768032987, 3782881.892166836187243 ], [ 394915.971515768032987, 3782882.197355035692453 ], [ 394915.055951169866603, 3782882.197355035692453 ], [ 394914.750762970477808, 3782881.892166836187243 ], [ 394913.224821973533835, 3782881.892166836187243 ], [ 394912.919633774145041, 3782882.197355035692453 ], [ 394910.478128179034684, 3782882.197355035692453 ] ] ] } },
{ "type": "Feature", "properties": { "confidence": 0.91785228252410889, "class": 1, "regularized": null }, "geometry": { "type": "Polygon", "coordinates": [ [ [ 395114.649033570720349, 3782950.864699898287654 ], [ 395114.343845371331554, 3782950.559511698782444 ], [ 395113.733468972553965, 3782950.559511698782444 ], [ 395113.42828077316517, 3782950.254323499277234 ], [ 395113.123092573776376, 3782950.254323499277234 ], [ 395112.207527975609992, 3782949.338758901227266 ], [ 395112.207527975609992, 3782949.033570701722056 ], [ 395111.902339776221197, 3782948.728382502682507 ], [ 395111.902339776221197, 3782948.118006103672087 ], [ 395112.207527975609992, 3782947.812817904166877 ], [ 395112.512716174998786, 3782947.812817904166877 ], [ 395112.817904374387581, 3782947.507629705127329 ], [ 395113.733468972553965, 3782947.507629705127329 ], [ 395114.038657171942759, 3782947.202441505622119 ], [ 395115.259409969497938, 3782947.202441505622119 ], [ 395115.564598168886732, 3782946.897253306116909 ], [ 395117.090539165830705, 3782946.897253306116909 ], [ 395117.3957273652195, 3782946.592065106611699 ], [ 395118.006103763997089, 3782946.592065106611699 ], [ 395118.006103763997089, 3782946.897253306116909 ], [ 395118.921668362163473, 3782947.812817904166877 ], [ 395118.921668362163473, 3782948.118006103672087 ], [ 395118.616480162774678, 3782948.423194303177297 ], [ 395118.616480162774678, 3782948.728382502682507 ], [ 395117.3957273652195, 3782949.949135300237685 ], [ 395117.090539165830705, 3782949.949135300237685 ], [ 395116.785350966441911, 3782950.254323499277234 ], [ 395115.869786368275527, 3782950.254323499277234 ], [ 395115.564598168886732, 3782950.559511698782444 ], [ 395115.259409969497938, 3782950.559511698782444 ], [ 395114.954221770109143, 3782950.864699898287654 ], [ 395114.649033570720349, 3782950.864699898287654 ] ] ] } },
{ "type": "Feature", "properties": { "confidence": 0.91777372360229492, "class": 1, "regularized": null }, "geometry": { "type": "Polygon", "coordinates": [ [ [ 395323.397761953179725, 3782754.62868769094348 ], [ 395323.09257375379093, 3782754.32349949143827 ], [ 395323.09257375379093, 3782753.71312309242785 ], [ 395323.397761953179725, 3782753.407934893388301 ], [ 395323.397761953179725, 3782752.492370294872671 ], [ 395324.923702950123698, 3782750.966429298277944 ], [ 395325.2288911495707, 3782750.966429298277944 ], [ 395325.534079348959494, 3782750.661241098772734 ], [ 395326.754832146514673, 3782750.661241098772734 ], [ 395327.365208545292262, 3782751.271617497317493 ], [ 395327.365208545292262, 3782751.576805696822703 ], [ 395327.670396744681057, 3782751.881993896327913 ], [ 395327.670396744681057, 3782753.102746693883091 ], [ 395326.754832146514673, 3782754.01831129193306 ], [ 395326.144455747737084, 3782754.01831129193306 ], [ 395325.839267548348289, 3782754.32349949143827 ], [ 395325.2288911495707, 3782754.32349949143827 ], [ 395324.923702950123698, 3782754.62868769094348 ], [ 395323.397761953179725, 3782754.62868769094348 ] ] ] } },
{ "type": "Feature", "properties": { "confidence": 0.91424077749252319, "class": 1, "regularized": null }, "geometry": { "type": "Polygon", "coordinates": [ [ [ 395253.204476093582343, 3782807.426246185321361 ], [ 395252.899287894193549, 3782807.121057985816151 ], [ 395252.594099694804754, 3782807.121057985816151 ], [ 395252.594099694804754, 3782805.900305188260972 ], [ 395252.28891149541596, 3782805.595116988755763 ], [ 395252.594099694804754, 3782805.289928789250553 ], [ 395252.594099694804754, 3782804.374364191200584 ], [ 395252.28891149541596, 3782804.069175991695374 ], [ 395252.594099694804754, 3782803.763987792655826 ], [ 395252.594099694804754, 3782802.848423194140196 ], [ 395251.983723296027165, 3782802.238046795595437 ], [ 395251.983723296027165, 3782801.322482197545469 ], [ 395252.28891149541596, 3782801.017293998040259 ], [ 395252.594099694804754, 3782801.017293998040259 ], [ 395253.204476093582343, 3782800.406917599029839 ], [ 395253.509664292971138, 3782800.406917599029839 ], [ 395253.814852492359933, 3782800.10172939999029 ], [ 395254.120040691748727, 3782800.10172939999029 ], [ 395254.425228891137522, 3782799.79654120048508 ], [ 395254.425228891137522, 3782799.491353000979871 ], [ 395255.035605289915111, 3782798.880976602435112 ], [ 395255.340793489303906, 3782798.880976602435112 ], [ 395255.6459816886927, 3782798.575788402929902 ], [ 395257.477110885025468, 3782798.575788402929902 ], [ 395257.477110885025468, 3782800.712105798535049 ], [ 395257.782299084414262, 3782801.017293998040259 ], [ 395257.782299084414262, 3782801.627670396585017 ], [ 395258.087487283803057, 3782801.932858596090227 ], [ 395258.087487283803057, 3782803.458799593150616 ], [ 395257.782299084414262, 3782803.763987792655826 ], [ 395257.782299084414262, 3782806.205493387766182 ], [ 395257.477110885025468, 3782806.205493387766182 ], [ 395257.171922685636673, 3782806.510681586805731 ], [ 395256.866734486247879, 3782806.510681586805731 ], [ 395256.561546286859084, 3782806.815869786310941 ], [ 395255.6459816886927, 3782806.815869786310941 ], [ 395255.340793489303906, 3782807.121057985816151 ], [ 395255.035605289915111, 3782807.121057985816151 ], [ 395254.730417090526316, 3782807.426246185321361 ], [ 395253.204476093582343, 3782807.426246185321361 ] ] ] } },
{ "type": "Feature", "properties": { "confidence": 0.91013067960739136, "class": 1, "regularized": null }, "geometry": { "type": "Polygon", "coordinates": [ [ [ 395135.707019328605384, 3782965.208545269444585 ], [ 395135.401831129216589, 3782964.903357070405036 ], [ 395135.096642929827794, 3782964.903357070405036 ], [ 395135.096642929827794, 3782964.598168870899826 ], [ 395134.791454730439, 3782964.292980671394616 ], [ 395134.791454730439, 3782963.987792471889406 ], [ 395134.486266531050205, 3782963.682604272849858 ], [ 395134.486266531050205, 3782963.072227873839438 ], [ 395134.181078331661411, 3782962.767039674334228 ], [ 395134.181078331661411, 3782962.156663275789469 ], [ 395133.875890132272616, 3782961.85147507628426 ], [ 395133.875890132272616, 3782961.54628687677905 ], [ 395133.570701932883821, 3782961.241098677739501 ], [ 395133.570701932883821, 3782960.630722278729081 ], [ 395133.265513733495027, 3782960.325534079223871 ], [ 395133.265513733495027, 3782959.715157680679113 ], [ 395132.960325534106232, 3782959.409969481173903 ], [ 395132.960325534106232, 3782959.104781281668693 ], [ 395132.655137334717438, 3782958.799593082629144 ], [ 395132.655137334717438, 3782958.494404883123934 ], [ 395132.960325534106232, 3782958.189216683618724 ], [ 395132.960325534106232, 3782957.884028484113514 ], [ 395133.265513733495027, 3782957.578840285073966 ], [ 395133.265513733495027, 3782957.273652085568756 ], [ 395133.875890132272616, 3782956.663275686558336 ], [ 395134.181078331661411, 3782956.663275686558336 ], [ 395134.486266531050205, 3782956.358087487053126 ], [ 395136.012207527994178, 3782956.358087487053126 ], [ 395136.622583926771767, 3782956.968463886063546 ], [ 395136.622583926771767, 3782957.273652085568756 ], [ 395136.927772126160562, 3782957.578840285073966 ], [ 395136.927772126160562, 3782958.189216683618724 ], [ 395137.232960325549357, 3782958.494404883123934 ], [ 395137.232960325549357, 3782959.409969481173903 ], [ 395137.538148524938151, 3782959.715157680679113 ], [ 395137.538148524938151, 3782960.325534079223871 ], [ 395137.843336724326946, 3782960.630722278729081 ], [ 395137.843336724326946, 3782961.54628687677905 ], [ 395138.453713123104535, 3782962.156663275789469 ], [ 395138.453713123104535, 3782962.461851475294679 ], [ 395138.75890132249333, 3782962.767039674334228 ], [ 395138.75890132249333, 3782963.072227873839438 ], [ 395138.453713123104535, 3782963.377416073344648 ], [ 395138.453713123104535, 3782963.987792471889406 ], [ 395138.14852492371574, 3782964.292980671394616 ], [ 395138.14852492371574, 3782964.598168870899826 ], [ 395137.843336724326946, 3782964.903357070405036 ], [ 395137.538148524938151, 3782964.903357070405036 ], [ 395137.232960325549357, 3782965.208545269444585 ], [ 395135.707019328605384, 3782965.208545269444585 ] ] ] } },
{ "type": "Feature", "properties": { "confidence": 0.90537762641906738, "class": 1, "regularized": null }, "geometry": { "type": "Polygon", "coordinates": [ [ [ 395010.885045778239146, 3782449.745676500722766 ], [ 395010.579857578850351, 3782449.440488301217556 ], [ 395009.359104781295173, 3782449.440488301217556 ], [ 395008.748728382517584, 3782448.830111902207136 ], [ 395008.748728382517584, 3782445.167853509541601 ], [ 395016.073245167848654, 3782445.167853509541601 ], [ 395016.378433367237449, 3782445.473041709046811 ], [ 395016.073245167848654, 3782445.778229908552021 ], [ 395016.073245167848654, 3782446.693794506601989 ], [ 395016.378433367237449, 3782446.998982706107199 ], [ 395016.378433367237449, 3782447.609359104651958 ], [ 395016.073245167848654, 3782447.914547304157168 ], [ 395016.073245167848654, 3782448.830111902207136 ], [ 395015.462868769071065, 3782449.440488301217556 ], [ 395013.021363173960708, 3782449.440488301217556 ], [ 395012.716174974571913, 3782449.745676500722766 ], [ 395010.885045778239146, 3782449.745676500722766 ] ] ] } },
{ "type": "Feature", "properties": { "confidence": 0.90511018037796021, "class": 1, "regularized": null }, "geometry": { "type": "Polygon", "coordinates": [ [ [ 395085.656154628668446, 3782577.924720244016498 ], [ 395085.350966429279651, 3782577.61953204497695 ], [ 395084.740590030502062, 3782577.61953204497695 ], [ 395084.740590030502062, 3782573.346897253300995 ], [ 395085.045778229890857, 3782573.041709053795785 ], [ 395085.045778229890857, 3782571.820956256240606 ], [ 395084.740590030502062, 3782571.515768057201058 ], [ 395084.740590030502062, 3782571.210579857695848 ], [ 395084.435401831113268, 3782570.905391658190638 ], [ 395084.435401831113268, 3782570.295015259180218 ], [ 395084.130213631724473, 3782569.989827060140669 ], [ 395084.130213631724473, 3782569.37945066113025 ], [ 395083.825025432335678, 3782569.07426246162504 ], [ 395083.825025432335678, 3782568.769074262585491 ], [ 395084.130213631724473, 3782568.769074262585491 ], [ 395084.435401831113268, 3782568.463886063080281 ], [ 395084.740590030502062, 3782568.463886063080281 ], [ 395085.045778229890857, 3782568.158697863575071 ], [ 395088.402848423167598, 3782568.158697863575071 ], [ 395089.013224821945187, 3782568.769074262585491 ], [ 395089.623601220780984, 3782568.769074262585491 ], [ 395089.928789420169778, 3782569.07426246162504 ], [ 395091.454730417113751, 3782569.07426246162504 ], [ 395091.454730417113751, 3782569.37945066113025 ], [ 395092.06510681589134, 3782569.989827060140669 ], [ 395094.506612411001697, 3782569.989827060140669 ], [ 395095.116988809779286, 3782570.600203458685428 ], [ 395095.116988809779286, 3782572.736520854756236 ], [ 395094.811800610390492, 3782573.041709053795785 ], [ 395094.811800610390492, 3782574.567650050856173 ], [ 395093.896236012224108, 3782575.483214648906142 ], [ 395093.285859613446519, 3782575.483214648906142 ], [ 395092.980671414057724, 3782575.788402848411351 ], [ 395092.370295015280135, 3782575.788402848411351 ], [ 395092.06510681589134, 3782576.093591047916561 ], [ 395091.759918616502546, 3782576.093591047916561 ], [ 395091.454730417113751, 3782576.398779247421771 ], [ 395091.149542217724957, 3782576.398779247421771 ], [ 395090.844354018336162, 3782576.70396744646132 ], [ 395090.539165818947367, 3782576.70396744646132 ], [ 395090.233977619558573, 3782577.00915564596653 ], [ 395089.623601220780984, 3782577.00915564596653 ], [ 395089.318413021392189, 3782577.31434384547174 ], [ 395088.708036622556392, 3782577.31434384547174 ], [ 395088.402848423167598, 3782577.61953204497695 ], [ 395087.182095625612419, 3782577.61953204497695 ], [ 395086.876907426223624, 3782577.924720244016498 ], [ 395085.656154628668446, 3782577.924720244016498 ] ] ] } },
{ "type": "Feature", "properties": { "confidence": 0.90485465526580811, "class": 1, "regularized": null }, "geometry": { "type": "Polygon", "coordinates": [ [ [ 395321.871820956235752, 3782985.656154628843069 ], [ 395321.566632756846957, 3782985.350966429337859 ], [ 395320.651068158680573, 3782985.350966429337859 ], [ 395318.514750762959011, 3782983.214649033732712 ], [ 395318.209562563570216, 3782983.214649033732712 ], [ 395317.599186164792627, 3782982.604272634722292 ], [ 395317.293997965403832, 3782982.604272634722292 ], [ 395316.683621566626243, 3782981.993896236177534 ], [ 395316.683621566626243, 3782981.688708036672324 ], [ 395316.073245167848654, 3782981.078331637661904 ], [ 395316.073245167848654, 3782980.162767039611936 ], [ 395315.768056968459859, 3782979.857578840106726 ], [ 395315.768056968459859, 3782979.247202441561967 ], [ 395315.462868769071065, 3782978.942014242056757 ], [ 395315.462868769071065, 3782978.026449644006789 ], [ 395315.768056968459859, 3782977.721261444501579 ], [ 395315.768056968459859, 3782977.416073244996369 ], [ 395316.073245167848654, 3782977.11088504595682 ], [ 395316.073245167848654, 3782976.80569684645161 ], [ 395316.683621566626243, 3782976.80569684645161 ], [ 395316.988809766015038, 3782976.5005086469464 ], [ 395317.599186164792627, 3782976.5005086469464 ], [ 395317.904374364181422, 3782976.80569684645161 ], [ 395320.345879959291779, 3782976.80569684645161 ], [ 395320.651068158680573, 3782977.11088504595682 ], [ 395321.261444557458162, 3782977.11088504595682 ], [ 395321.566632756846957, 3782977.416073244996369 ], [ 395321.566632756846957, 3782978.026449644006789 ], [ 395322.787385554402135, 3782979.247202441561967 ], [ 395323.09257375379093, 3782979.247202441561967 ], [ 395323.09257375379093, 3782979.552390641067177 ], [ 395323.397761953179725, 3782979.857578840106726 ], [ 395323.397761953179725, 3782981.383519837167114 ], [ 395323.702950152568519, 3782981.688708036672324 ], [ 395323.702950152568519, 3782982.604272634722292 ], [ 395324.008138351957314, 3782982.909460834227502 ], [ 395324.008138351957314, 3782984.435401831287891 ], [ 395323.702950152568519, 3782984.740590030327439 ], [ 395323.702950152568519, 3782985.045778229832649 ], [ 395323.397761953179725, 3782985.350966429337859 ], [ 395322.787385554402135, 3782985.350966429337859 ], [ 395322.482197355013341, 3782985.656154628843069 ], [ 395321.871820956235752, 3782985.656154628843069 ] ] ] } },
{ "type": "Feature", "properties": { "confidence": 0.90463274717330933, "class": 1, "regularized": null }, "geometry": { "type": "Polygon", "coordinates": [ [ [ 395330.111902339791413, 3782813.224821973592043 ], [ 395330.111902339791413, 3782812.614445574581623 ], [ 395329.806714140402619, 3782812.309257375542074 ], [ 395329.806714140402619, 3782810.783316378481686 ], [ 395330.111902339791413, 3782810.478128178976476 ], [ 395330.111902339791413, 3782806.510681586805731 ], [ 395330.417090539180208, 3782806.205493387766182 ], [ 395330.417090539180208, 3782805.900305188260972 ], [ 395330.722278738569003, 3782805.900305188260972 ], [ 395331.027466937957797, 3782805.595116988755763 ], [ 395331.332655137346592, 3782805.595116988755763 ], [ 395331.637843336735386, 3782805.289928789250553 ], [ 395334.079348931845743, 3782805.289928789250553 ], [ 395334.384537131234538, 3782805.595116988755763 ], [ 395334.384537131234538, 3782805.900305188260972 ], [ 395334.689725330623332, 3782806.205493387766182 ], [ 395334.689725330623332, 3782806.815869786310941 ], [ 395334.994913530012127, 3782807.121057985816151 ], [ 395334.994913530012127, 3782808.646998982876539 ], [ 395334.689725330623332, 3782808.952187181916088 ], [ 395334.689725330623332, 3782809.562563580926508 ], [ 395334.384537131234538, 3782809.867751780431718 ], [ 395334.384537131234538, 3782810.478128178976476 ], [ 395334.079348931845743, 3782810.783316378481686 ], [ 395334.079348931845743, 3782811.088504577986896 ], [ 395333.774160732456949, 3782811.393692777026445 ], [ 395333.774160732456949, 3782811.698880976531655 ], [ 395333.468972533068154, 3782812.004069176036865 ], [ 395333.163784333679359, 3782812.004069176036865 ], [ 395332.55340793490177, 3782812.614445574581623 ], [ 395332.248219735512976, 3782812.614445574581623 ], [ 395331.943031536124181, 3782812.919633774086833 ], [ 395331.332655137346592, 3782812.919633774086833 ], [ 395331.027466937957797, 3782813.224821973592043 ], [ 395330.111902339791413, 3782813.224821973592043 ] ] ] } },
{ "type": "Feature", "properties": { "confidence": 0.90180701017379761, "class": 1, "regularized": null }, "geometry": { "type": "Polygon", "coordinates": [ [ [ 395031.332655137346592, 3782855.951169888023287 ], [ 395031.027466937957797, 3782855.645981688518077 ], [ 395030.417090539180208, 3782855.645981688518077 ], [ 395029.501525941013824, 3782854.730417090468109 ], [ 395029.501525941013824, 3782852.594099694862962 ], [ 395029.19633774162503, 3782852.288911495357752 ], [ 395029.19633774162503, 3782851.678535096812993 ], [ 395029.501525941013824, 3782851.373346897307783 ], [ 395029.501525941013824, 3782851.068158697802573 ], [ 395030.417090539180208, 3782850.152594099752605 ], [ 395030.417090539180208, 3782849.847405900247395 ], [ 395030.722278738569003, 3782849.542217700742185 ], [ 395030.722278738569003, 3782848.626653102692217 ], [ 395031.027466937957797, 3782848.321464903187007 ], [ 395031.027466937957797, 3782848.016276704147458 ], [ 395031.332655137346592, 3782847.711088504642248 ], [ 395031.637843336735386, 3782847.711088504642248 ], [ 395031.943031536124181, 3782847.405900305137038 ], [ 395032.248219735512976, 3782847.405900305137038 ], [ 395032.55340793490177, 3782847.711088504642248 ], [ 395032.858596134290565, 3782847.711088504642248 ], [ 395032.858596134290565, 3782848.016276704147458 ], [ 395034.079348931845743, 3782849.237029501702636 ], [ 395034.079348931845743, 3782849.542217700742185 ], [ 395034.384537131234538, 3782849.847405900247395 ], [ 395034.384537131234538, 3782850.457782299257815 ], [ 395035.910478128178511, 3782851.983723295852542 ], [ 395035.910478128178511, 3782852.899287894368172 ], [ 395036.215666327567305, 3782853.20447609340772 ], [ 395035.910478128178511, 3782853.50966429291293 ], [ 395035.910478128178511, 3782854.425228890962899 ], [ 395035.300101729400922, 3782855.035605289973319 ], [ 395034.994913530012127, 3782855.035605289973319 ], [ 395034.689725330623332, 3782855.340793489478528 ], [ 395034.384537131234538, 3782855.340793489478528 ], [ 395034.079348931845743, 3782855.645981688518077 ], [ 395032.858596134290565, 3782855.645981688518077 ], [ 395032.55340793490177, 3782855.951169888023287 ], [ 395031.332655137346592, 3782855.951169888023287 ] ] ] } },
{ "type": "Feature", "properties": { "confidence": 0.90106266736984253, "class": 1, "regularized": null }, "geometry": { "type": "Polygon", "coordinates": [ [ [ 395024.313326551346108, 3782593.184130213689059 ], [ 395024.313326551346108, 3782592.573753814678639 ], [ 395023.702950152568519, 3782591.963377416133881 ], [ 395023.702950152568519, 3782591.353001017123461 ], [ 395023.09257375379093, 3782590.742624618578702 ], [ 395021.871820956235752, 3782590.742624618578702 ], [ 395021.566632756846957, 3782590.437436419073492 ], [ 395021.261444557458162, 3782590.437436419073492 ], [ 395021.261444557458162, 3782588.606307222973555 ], [ 395021.566632756846957, 3782588.301119023468345 ], [ 395021.566632756846957, 3782587.995930823963135 ], [ 395022.177009155624546, 3782587.995930823963135 ], [ 395022.482197355013341, 3782587.690742624457926 ], [ 395023.397761953179725, 3782587.690742624457926 ], [ 395023.702950152568519, 3782587.385554425418377 ], [ 395024.618514750734903, 3782587.385554425418377 ], [ 395024.923702950123698, 3782587.080366225913167 ], [ 395025.839267548348289, 3782587.080366225913167 ], [ 395026.144455747737084, 3782586.775178026407957 ], [ 395027.060020345903467, 3782586.775178026407957 ], [ 395027.365208545292262, 3782586.469989826902747 ], [ 395028.280773143458646, 3782586.469989826902747 ], [ 395028.58596134284744, 3782586.775178026407957 ], [ 395028.891149542236235, 3782586.775178026407957 ], [ 395028.891149542236235, 3782587.385554425418377 ], [ 395029.19633774162503, 3782587.690742624457926 ], [ 395029.19633774162503, 3782588.606307222973555 ], [ 395027.365208545292262, 3782590.437436419073492 ], [ 395027.365208545292262, 3782591.047812818083912 ], [ 395027.060020345903467, 3782591.353001017123461 ], [ 395027.060020345903467, 3782591.658189216628671 ], [ 395026.754832146514673, 3782591.963377416133881 ], [ 395026.449643947125878, 3782591.963377416133881 ], [ 395026.144455747737084, 3782592.268565615639091 ], [ 395026.144455747737084, 3782592.573753814678639 ], [ 395025.839267548348289, 3782592.878942014183849 ], [ 395025.839267548348289, 3782593.184130213689059 ], [ 395024.313326551346108, 3782593.184130213689059 ] ] ] } },
{ "type": "Feature", "properties": { "confidence": 0.90098083019256592, "class": 1, "regularized": null }, "geometry": { "type": "Polygon", "coordinates": [ [ [ 395289.827060020354111, 3782544.048830111976713 ], [ 395289.521871820965316, 3782543.743641912471503 ], [ 395289.216683621576522, 3782543.743641912471503 ], [ 395288.911495422187727, 3782543.438453712966293 ], [ 395288.606307222798932, 3782543.438453712966293 ], [ 395287.690742624632549, 3782542.522889114916325 ], [ 395287.690742624632549, 3782542.217700915411115 ], [ 395286.775178026466165, 3782541.302136317361146 ], [ 395286.775178026466165, 3782540.691759918816388 ], [ 395286.46998982707737, 3782540.386571719311178 ], [ 395286.46998982707737, 3782539.776195320300758 ], [ 395286.164801627688576, 3782539.471007121261209 ], [ 395286.164801627688576, 3782538.555442522745579 ], [ 395286.46998982707737, 3782538.250254323706031 ], [ 395287.690742624632549, 3782538.250254323706031 ], [ 395287.995930824021343, 3782537.945066124200821 ], [ 395288.301119023410138, 3782538.250254323706031 ], [ 395289.827060020354111, 3782538.250254323706031 ], [ 395290.742624618520495, 3782539.165818921755999 ], [ 395291.353001017298084, 3782539.165818921755999 ], [ 395291.658189216686878, 3782539.471007121261209 ], [ 395292.268565615464468, 3782539.471007121261209 ], [ 395292.573753814853262, 3782539.776195320300758 ], [ 395293.489318413019646, 3782539.776195320300758 ], [ 395294.099694811797235, 3782540.386571719311178 ], [ 395294.099694811797235, 3782542.217700915411115 ], [ 395293.794506612408441, 3782542.522889114916325 ], [ 395293.794506612408441, 3782543.133265513926744 ], [ 395293.184130213630851, 3782543.743641912471503 ], [ 395292.878942014242057, 3782543.743641912471503 ], [ 395292.573753814853262, 3782544.048830111976713 ], [ 395289.827060020354111, 3782544.048830111976713 ] ] ] } },
{ "type": "Feature", "properties": { "confidence": 0.89986944198608398, "class": 1, "regularized": null }, "geometry": { "type": "Polygon", "coordinates": [ [ [ 394988.606307222798932, 3782730.21363173937425 ], [ 394988.301119023410138, 3782729.908443540334702 ], [ 394985.554425228910986, 3782729.908443540334702 ], [ 394985.249237029522192, 3782729.603255340829492 ], [ 394984.944048830133397, 3782729.603255340829492 ], [ 394984.638860630744603, 3782729.298067141324282 ], [ 394984.333672431355808, 3782729.298067141324282 ], [ 394984.333672431355808, 3782728.687690742779523 ], [ 394984.028484231967013, 3782728.382502543274313 ], [ 394984.333672431355808, 3782728.077314343769103 ], [ 394984.333672431355808, 3782727.466937945224345 ], [ 394984.028484231967013, 3782727.161749745719135 ], [ 394984.028484231967013, 3782726.856561546213925 ], [ 394991.353001017298084, 3782726.856561546213925 ], [ 394991.353001017298084, 3782727.466937945224345 ], [ 394991.047812817909289, 3782727.772126144263893 ], [ 394991.047812817909289, 3782728.077314343769103 ], [ 394990.742624618520495, 3782728.382502543274313 ], [ 394990.742624618520495, 3782728.687690742779523 ], [ 394990.132248219742905, 3782729.298067141324282 ], [ 394990.132248219742905, 3782729.603255340829492 ], [ 394989.827060020354111, 3782729.908443540334702 ], [ 394989.521871820965316, 3782729.908443540334702 ], [ 394989.216683621576522, 3782730.21363173937425 ], [ 394988.606307222798932, 3782730.21363173937425 ] ] ] } },
{ "type": "Feature", "properties": { "confidence": 0.89675754308700562, "class": 1, "regularized": null }, "geometry": { "type": "Polygon", "coordinates": [ [ [ 395183.926754832151346, 3782613.326551373116672 ], [ 395183.926754832151346, 3782612.105798575561494 ], [ 395183.621566632762551, 3782611.800610376521945 ], [ 395183.621566632762551, 3782611.495422177016735 ], [ 395183.011190233984962, 3782610.885045778006315 ], [ 395183.011190233984962, 3782610.274669379461557 ], [ 395187.894201424205676, 3782610.274669379461557 ], [ 395187.894201424205676, 3782611.800610376521945 ], [ 395187.283825025428087, 3782612.410986775066704 ], [ 395186.978636826039292, 3782612.410986775066704 ], [ 395186.673448626650497, 3782612.716174974571913 ], [ 395186.368260427261703, 3782612.716174974571913 ], [ 395185.757884028484114, 3782613.326551373116672 ], [ 395183.926754832151346, 3782613.326551373116672 ] ] ] } },
{ "type": "Feature", "properties": { "confidence": 0.89667654037475586, "class": 1, "regularized": null }, "geometry": { "type": "Polygon", "coordinates": [ [ [ 394878.738555442541838, 3782647.812817904166877 ], [ 394878.433367243153043, 3782647.507629705127329 ], [ 394877.517802644986659, 3782647.507629705127329 ], [ 394877.212614445597865, 3782647.202441505622119 ], [ 394876.90742624620907, 3782647.202441505622119 ], [ 394876.90742624620907, 3782646.592065106611699 ], [ 394876.602238046820275, 3782646.28687690757215 ], [ 394876.602238046820275, 3782645.67650050856173 ], [ 394876.90742624620907, 3782645.37131230905652 ], [ 394876.90742624620907, 3782645.066124110016972 ], [ 394877.517802644986659, 3782644.455747711006552 ], [ 394877.822990844375454, 3782644.455747711006552 ], [ 394878.433367243153043, 3782643.845371312461793 ], [ 394878.433367243153043, 3782643.540183112956583 ], [ 394878.738555442541838, 3782643.234994913451374 ], [ 394878.738555442541838, 3782642.624618514906615 ], [ 394879.043743641930632, 3782642.319430315401405 ], [ 394881.485249237040989, 3782642.319430315401405 ], [ 394882.400813835207373, 3782641.403865717351437 ], [ 394882.400813835207373, 3782641.098677517846227 ], [ 394883.011190233984962, 3782640.488301118835807 ], [ 394886.978636826039292, 3782640.488301118835807 ], [ 394887.283825025428087, 3782640.793489318341017 ], [ 394887.589013224816881, 3782640.793489318341017 ], [ 394887.589013224816881, 3782644.760935910511762 ], [ 394887.283825025428087, 3782645.066124110016972 ], [ 394887.283825025428087, 3782645.98168870806694 ], [ 394886.978636826039292, 3782646.28687690757215 ], [ 394886.978636826039292, 3782647.202441505622119 ], [ 394886.368260427261703, 3782647.812817904166877 ], [ 394878.738555442541838, 3782647.812817904166877 ] ] ] } },
{ "type": "Feature", "properties": { "confidence": 0.89358842372894287, "class": 1, "regularized": null }, "geometry": { "type": "Polygon", "coordinates": [ [ [ 394958.392675483191852, 3782448.524923703167588 ], [ 394958.087487283803057, 3782448.219735503662378 ], [ 394957.477110885025468, 3782448.219735503662378 ], [ 394957.477110885025468, 3782447.914547304157168 ], [ 394957.171922685636673, 3782447.609359104651958 ], [ 394957.171922685636673, 3782447.304170905612409 ], [ 394957.477110885025468, 3782446.998982706107199 ], [ 394957.477110885025468, 3782440.895218718331307 ], [ 394957.782299084414262, 3782440.590030518826097 ], [ 394957.782299084414262, 3782439.674465920776129 ], [ 394958.087487283803057, 3782439.369277721270919 ], [ 394958.392675483191852, 3782439.369277721270919 ], [ 394958.697863682580646, 3782439.064089521765709 ], [ 394962.054933875915594, 3782439.064089521765709 ], [ 394962.054933875915594, 3782444.862665310502052 ], [ 394961.139369277749211, 3782445.778229908552021 ], [ 394961.139369277749211, 3782446.083418108057231 ], [ 394960.528992878913414, 3782446.693794506601989 ], [ 394960.528992878913414, 3782446.998982706107199 ], [ 394959.918616480135825, 3782447.609359104651958 ], [ 394959.918616480135825, 3782447.914547304157168 ], [ 394959.61342828074703, 3782447.914547304157168 ], [ 394959.308240081358235, 3782448.219735503662378 ], [ 394959.003051881969441, 3782448.219735503662378 ], [ 394958.697863682580646, 3782448.524923703167588 ], [ 394958.392675483191852, 3782448.524923703167588 ] ] ] } },
{ "type": "Feature", "properties": { "confidence": 0.89274746179580688, "class": 1, "regularized": null }, "geometry": { "type": "Polygon", "coordinates": [ [ [ 395304.170905391685665, 3782718.616480162832886 ], [ 395303.86571719229687, 3782718.311291963327676 ], [ 395303.86571719229687, 3782718.006103763822466 ], [ 395303.560528992908075, 3782717.700915564782917 ], [ 395303.255340793461073, 3782717.700915564782917 ], [ 395302.644964394683484, 3782717.090539165772498 ], [ 395302.339776195294689, 3782717.090539165772498 ], [ 395302.339776195294689, 3782716.785350966267288 ], [ 395301.7293997965171, 3782716.174974567722529 ], [ 395301.7293997965171, 3782715.564598168712109 ], [ 395302.034587995905895, 3782715.259409969672561 ], [ 395302.034587995905895, 3782714.343845371156931 ], [ 395301.7293997965171, 3782714.038657172117382 ], [ 395301.7293997965171, 3782713.733468972612172 ], [ 395301.424211597128306, 3782713.428280773106962 ], [ 395301.424211597128306, 3782712.817904374562204 ], [ 395301.7293997965171, 3782712.512716175056994 ], [ 395302.339776195294689, 3782712.512716175056994 ], [ 395302.644964394683484, 3782712.207527975551784 ], [ 395303.86571719229687, 3782713.428280773106962 ], [ 395303.86571719229687, 3782714.343845371156931 ], [ 395304.170905391685665, 3782714.649033570662141 ], [ 395305.086469989852048, 3782714.649033570662141 ], [ 395305.391658189240843, 3782714.343845371156931 ], [ 395305.391658189240843, 3782713.428280773106962 ], [ 395304.781281790463254, 3782712.817904374562204 ], [ 395306.002034588018432, 3782712.817904374562204 ], [ 395306.002034588018432, 3782713.733468972612172 ], [ 395306.307222787407227, 3782714.038657172117382 ], [ 395306.307222787407227, 3782715.259409969672561 ], [ 395306.612410986796021, 3782715.564598168712109 ], [ 395306.612410986796021, 3782718.006103763822466 ], [ 395306.002034588018432, 3782718.616480162832886 ], [ 395304.170905391685665, 3782718.616480162832886 ] ] ] } },
{ "type": "Feature", "properties": { "confidence": 0.8898167610168457, "class": 1, "regularized": null }, "geometry": { "type": "Polygon", "coordinates": [ [ [ 394883.316378433373757, 3782611.800610376521945 ], [ 394883.011190233984962, 3782611.495422177016735 ], [ 394881.790437436429784, 3782611.495422177016735 ], [ 394881.485249237040989, 3782611.190233977511525 ], [ 394881.180061037652194, 3782611.190233977511525 ], [ 394880.8748728382634, 3782610.885045778006315 ], [ 394880.8748728382634, 3782610.579857578966767 ], [ 394881.180061037652194, 3782610.274669379461557 ], [ 394888.19938962359447, 3782610.274669379461557 ], [ 394888.504577822983265, 3782610.579857578966767 ], [ 394887.894201424205676, 3782611.190233977511525 ], [ 394887.894201424205676, 3782611.495422177016735 ], [ 394887.283825025428087, 3782611.495422177016735 ], [ 394886.978636826039292, 3782611.800610376521945 ], [ 394883.316378433373757, 3782611.800610376521945 ] ] ] } },
{ "type": "Feature", "properties": { "confidence": 0.88840466737747192, "class": 1, "regularized": null }, "geometry": { "type": "Polygon", "coordinates": [ [ [ 395146.0834181078244, 3782845.574771109037101 ], [ 395145.778229908435605, 3782845.269582909531891 ], [ 395145.473041709046811, 3782845.269582909531891 ], [ 395145.167853509658016, 3782844.964394710026681 ], [ 395143.031536113936454, 3782844.964394710026681 ], [ 395142.421159715158865, 3782844.354018311481923 ], [ 395142.421159715158865, 3782843.133265513926744 ], [ 395142.726347914547659, 3782842.828077314421535 ], [ 395142.726347914547659, 3782842.217700915411115 ], [ 395143.031536113936454, 3782841.912512716371566 ], [ 395143.641912512714043, 3782841.912512716371566 ], [ 395143.947100712102838, 3782841.607324516866356 ], [ 395144.862665310269222, 3782841.607324516866356 ], [ 395145.167853509658016, 3782841.302136317361146 ], [ 395145.473041709046811, 3782841.607324516866356 ], [ 395146.998982705990784, 3782841.607324516866356 ], [ 395147.304170905379578, 3782841.912512716371566 ], [ 395149.440488301101141, 3782841.912512716371566 ], [ 395149.745676500489935, 3782842.217700915411115 ], [ 395149.745676500489935, 3782842.828077314421535 ], [ 395149.440488301101141, 3782843.133265513926744 ], [ 395149.440488301101141, 3782844.659206510521472 ], [ 395149.135300101712346, 3782844.964394710026681 ], [ 395148.830111902323551, 3782844.964394710026681 ], [ 395148.524923702934757, 3782845.269582909531891 ], [ 395147.609359104768373, 3782845.269582909531891 ], [ 395147.304170905379578, 3782845.574771109037101 ], [ 395146.0834181078244, 3782845.574771109037101 ] ] ] } },
{ "type": "Feature", "properties": { "confidence": 0.8868023157119751, "class": 1, "regularized": null }, "geometry": { "type": "Polygon", "coordinates": [ [ [ 395237.945066124084406, 3782989.623601220548153 ], [ 395237.639877924695611, 3782989.318413021508604 ], [ 395237.639877924695611, 3782986.571719226893038 ], [ 395237.945066124084406, 3782986.266531027387828 ], [ 395238.2502543234732, 3782986.266531027387828 ], [ 395238.555442522861995, 3782985.961342827882618 ], [ 395240.38657171925297, 3782985.961342827882618 ], [ 395241.302136317419354, 3782985.045778229832649 ], [ 395243.743641912529711, 3782985.045778229832649 ], [ 395244.048830111918505, 3782985.350966429337859 ], [ 395244.659206510696094, 3782985.350966429337859 ], [ 395244.659206510696094, 3782985.656154628843069 ], [ 395244.964394710084889, 3782985.961342827882618 ], [ 395245.269582909473684, 3782985.961342827882618 ], [ 395245.269582909473684, 3782987.182095625437796 ], [ 395244.659206510696094, 3782987.182095625437796 ], [ 395244.3540183113073, 3782987.487283824943006 ], [ 395244.048830111918505, 3782987.487283824943006 ], [ 395243.743641912529711, 3782987.792472024448216 ], [ 395243.438453713140916, 3782987.792472024448216 ], [ 395243.133265513752121, 3782988.097660223953426 ], [ 395242.522889114974532, 3782988.097660223953426 ], [ 395242.217700915585738, 3782988.402848422992975 ], [ 395241.912512716196943, 3782988.402848422992975 ], [ 395241.607324516808148, 3782988.708036622498184 ], [ 395241.302136317419354, 3782988.708036622498184 ], [ 395240.996948118030559, 3782989.013224822003394 ], [ 395240.691759918641765, 3782989.013224822003394 ], [ 395240.38657171925297, 3782989.318413021508604 ], [ 395239.776195320475381, 3782989.318413021508604 ], [ 395239.471007121086586, 3782989.623601220548153 ], [ 395237.945066124084406, 3782989.623601220548153 ] ] ] } },
{ "type": "Feature", "properties": { "confidence": 0.88342761993408203, "class": 1, "regularized": null }, "geometry": { "type": "Polygon", "coordinates": [ [ [ 395180.8748728382634, 3782621.871820956468582 ], [ 395179.348931841319427, 3782620.345879959408194 ], [ 395179.348931841319427, 3782619.735503560397774 ], [ 395178.433367243153043, 3782618.819938962347806 ], [ 395178.433367243153043, 3782618.209562563803047 ], [ 395178.128179043764248, 3782617.904374364297837 ], [ 395178.128179043764248, 3782617.599186164792627 ], [ 395177.822990844375454, 3782617.293997965287417 ], [ 395177.822990844375454, 3782616.988809766247869 ], [ 395177.517802644986659, 3782616.683621566742659 ], [ 395177.517802644986659, 3782616.378433367237449 ], [ 395176.90742624620907, 3782615.76805696869269 ], [ 395176.90742624620907, 3782614.547304171137512 ], [ 395177.212614445597865, 3782614.242115971632302 ], [ 395177.212614445597865, 3782613.936927772127092 ], [ 395178.738555442541838, 3782613.936927772127092 ], [ 395179.959308240097016, 3782615.15768056968227 ], [ 395181.485249237040989, 3782615.15768056968227 ], [ 395181.790437436429784, 3782615.46286876918748 ], [ 395182.706002034596168, 3782615.46286876918748 ], [ 395183.011190233984962, 3782615.76805696869269 ], [ 395183.011190233984962, 3782616.073245167732239 ], [ 395183.316378433373757, 3782616.378433367237449 ], [ 395183.621566632762551, 3782616.378433367237449 ], [ 395184.231943031540141, 3782616.988809766247869 ], [ 395184.84231943031773, 3782616.988809766247869 ], [ 395185.452695829095319, 3782617.599186164792627 ], [ 395185.452695829095319, 3782617.904374364297837 ], [ 395185.757884028484114, 3782618.209562563803047 ], [ 395185.757884028484114, 3782619.125127161853015 ], [ 395186.063072227872908, 3782619.430315361358225 ], [ 395185.757884028484114, 3782619.735503560397774 ], [ 395185.757884028484114, 3782620.040691759902984 ], [ 395185.452695829095319, 3782620.040691759902984 ], [ 395185.147507629706524, 3782620.345879959408194 ], [ 395184.84231943031773, 3782620.345879959408194 ], [ 395184.537131230928935, 3782620.651068158913404 ], [ 395183.926754832151346, 3782620.651068158913404 ], [ 395183.316378433373757, 3782621.261444557458162 ], [ 395183.011190233984962, 3782621.261444557458162 ], [ 395182.706002034596168, 3782621.566632756963372 ], [ 395182.400813835207373, 3782621.566632756963372 ], [ 395182.095625635818578, 3782621.871820956468582 ], [ 395180.8748728382634, 3782621.871820956468582 ] ] ] } },
{ "type": "Feature", "properties": { "confidence": 0.88272929191589355, "class": 1, "regularized": null }, "geometry": { "type": "Polygon", "coordinates": [ [ [ 394804.272634791443124, 3782515.6663275687024 ], [ 394803.96744659205433, 3782515.36113936919719 ], [ 394803.051881993887946, 3782515.36113936919719 ], [ 394802.746693794499151, 3782515.05595116969198 ], [ 394802.441505595110357, 3782515.05595116969198 ], [ 394801.831129196332768, 3782514.445574771147221 ], [ 394801.525940996943973, 3782514.445574771147221 ], [ 394800.915564598166384, 3782513.835198372136801 ], [ 394800.915564598166384, 3782511.088504577986896 ], [ 394808.240081383497454, 3782511.088504577986896 ], [ 394808.545269582886249, 3782510.783316378481686 ], [ 394812.817904374387581, 3782510.783316378481686 ], [ 394813.123092573776376, 3782511.088504577986896 ], [ 394813.42828077316517, 3782511.088504577986896 ], [ 394814.038657171942759, 3782511.698880976531655 ], [ 394814.343845371331554, 3782511.698880976531655 ], [ 394814.343845371331554, 3782514.750762970652431 ], [ 394810.986775178054813, 3782514.750762970652431 ], [ 394810.681586978607811, 3782515.05595116969198 ], [ 394810.071210579830222, 3782515.05595116969198 ], [ 394809.766022380441427, 3782515.36113936919719 ], [ 394807.93489318410866, 3782515.36113936919719 ], [ 394807.629704984719865, 3782515.6663275687024 ], [ 394804.272634791443124, 3782515.6663275687024 ] ] ] } },
{ "type": "Feature", "properties": { "confidence": 0.8818821907043457, "class": 1, "regularized": null }, "geometry": { "type": "Polygon", "coordinates": [ [ [ 395269.379450661246665, 3782885.554425228852779 ], [ 395269.07426246185787, 3782885.249237029347569 ], [ 395268.769074262469076, 3782885.249237029347569 ], [ 395268.769074262469076, 3782873.346897253300995 ], [ 395269.379450661246665, 3782873.346897253300995 ], [ 395269.684638860635459, 3782873.041709053795785 ], [ 395270.295015259413049, 3782873.652085452806205 ], [ 395270.295015259413049, 3782874.262461851350963 ], [ 395270.600203458801843, 3782874.567650050856173 ], [ 395270.600203458801843, 3782875.178026449866593 ], [ 395270.905391658190638, 3782875.483214648906142 ], [ 395270.905391658190638, 3782875.788402848411351 ], [ 395271.515768056968227, 3782876.398779247421771 ], [ 395271.515768056968227, 3782876.70396744646132 ], [ 395272.126144455745816, 3782877.31434384547174 ], [ 395272.126144455745816, 3782880.366225839126855 ], [ 395272.431332655134611, 3782880.671414038632065 ], [ 395272.431332655134611, 3782882.807731434237212 ], [ 395272.126144455745816, 3782883.112919633742422 ], [ 395272.126144455745816, 3782883.418107833247632 ], [ 395271.820956256357022, 3782883.723296032752842 ], [ 395271.820956256357022, 3782884.02848423179239 ], [ 395271.515768056968227, 3782884.3336724312976 ], [ 395271.515768056968227, 3782884.63886063080281 ], [ 395271.210579857579432, 3782884.94404883030802 ], [ 395270.295015259413049, 3782884.94404883030802 ], [ 395269.989827060024254, 3782885.249237029347569 ], [ 395269.684638860635459, 3782885.249237029347569 ], [ 395269.379450661246665, 3782885.554425228852779 ] ] ] } },
{ "type": "Feature", "properties": { "confidence": 0.87947070598602295, "class": 1, "regularized": null }, "geometry": { "type": "Polygon", "coordinates": [ [ [ 394942.522889114974532, 3782645.98168870806694 ], [ 394942.522889114974532, 3782645.67650050856173 ], [ 394942.217700915585738, 3782645.37131230905652 ], [ 394942.217700915585738, 3782642.319430315401405 ], [ 394946.185147507640067, 3782642.319430315401405 ], [ 394946.490335707028862, 3782642.624618514906615 ], [ 394946.490335707028862, 3782642.929806713946164 ], [ 394946.185147507640067, 3782643.234994913451374 ], [ 394946.185147507640067, 3782643.540183112956583 ], [ 394945.574771108862478, 3782644.150559511501342 ], [ 394945.574771108862478, 3782644.760935910511762 ], [ 394945.269582909473684, 3782645.066124110016972 ], [ 394945.269582909473684, 3782645.67650050856173 ], [ 394944.964394710084889, 3782645.67650050856173 ], [ 394944.659206510696094, 3782645.98168870806694 ], [ 394942.522889114974532, 3782645.98168870806694 ] ] ] } },
{ "type": "Feature", "properties": { "confidence": 0.87724435329437256, "class": 1, "regularized": null }, "geometry": { "type": "Polygon", "coordinates": [ [ [ 395188.19938962359447, 3782681.383519837167114 ], [ 395187.589013224816881, 3782680.773143438622355 ], [ 395187.589013224816881, 3782680.162767039611936 ], [ 395187.283825025428087, 3782679.857578840106726 ], [ 395187.283825025428087, 3782679.247202441561967 ], [ 395186.978636826039292, 3782678.942014242056757 ], [ 395186.978636826039292, 3782678.636826042551547 ], [ 395186.673448626650497, 3782678.331637843511999 ], [ 395186.673448626650497, 3782677.721261444501579 ], [ 395186.368260427261703, 3782677.416073244996369 ], [ 395186.368260427261703, 3782675.279755849391222 ], [ 395186.673448626650497, 3782674.974567649886012 ], [ 395186.673448626650497, 3782673.448626653291285 ], [ 395186.978636826039292, 3782673.143438453786075 ], [ 395187.589013224816881, 3782673.143438453786075 ], [ 395187.894201424205676, 3782672.838250254280865 ], [ 395188.504577822983265, 3782672.838250254280865 ], [ 395188.80976602237206, 3782673.143438453786075 ], [ 395189.420142421149649, 3782673.143438453786075 ], [ 395189.725330620538443, 3782672.838250254280865 ], [ 395190.335707019316033, 3782672.838250254280865 ], [ 395190.335707019316033, 3782680.773143438622355 ], [ 395190.030518819927238, 3782680.467955239117146 ], [ 395188.80976602237206, 3782680.467955239117146 ], [ 395188.504577822983265, 3782680.773143438622355 ], [ 395188.504577822983265, 3782681.078331637661904 ], [ 395188.19938962359447, 3782681.383519837167114 ] ] ] } },
{ "type": "Feature", "properties": { "confidence": 0.87653827667236328, "class": 1, "regularized": null }, "geometry": { "type": "Polygon", "coordinates": [ [ [ 395054.221770091564395, 3782743.336724313441664 ], [ 395053.9165818921756, 3782743.031536113936454 ], [ 395053.611393692786805, 3782743.031536113936454 ], [ 395053.306205493398011, 3782742.726347914431244 ], [ 395053.306205493398011, 3782742.421159714926034 ], [ 395053.001017294009216, 3782742.115971515886486 ], [ 395053.001017294009216, 3782740.895218718331307 ], [ 395052.695829094620422, 3782740.590030518826097 ], [ 395052.695829094620422, 3782739.064089521765709 ], [ 395052.390640895231627, 3782738.758901322260499 ], [ 395052.390640895231627, 3782736.317395727150142 ], [ 395052.085452695842832, 3782736.012207528110594 ], [ 395051.780264496454038, 3782736.012207528110594 ], [ 395052.085452695842832, 3782735.707019328605384 ], [ 395052.085452695842832, 3782735.401831129100174 ], [ 395052.695829094620422, 3782734.791454730555415 ], [ 395053.306205493398011, 3782734.791454730555415 ], [ 395053.611393692786805, 3782734.486266531050205 ], [ 395053.9165818921756, 3782734.486266531050205 ], [ 395054.221770091564395, 3782734.791454730555415 ], [ 395054.526958290953189, 3782734.791454730555415 ], [ 395054.832146490341984, 3782735.096642929594964 ], [ 395055.137334689730778, 3782735.096642929594964 ], [ 395055.137334689730778, 3782735.401831129100174 ], [ 395055.442522889119573, 3782735.707019328605384 ], [ 395055.442522889119573, 3782736.012207528110594 ], [ 395055.747711088508368, 3782736.317395727150142 ], [ 395056.052899287897162, 3782736.317395727150142 ], [ 395056.052899287897162, 3782736.622583926655352 ], [ 395057.578840284841135, 3782738.14852492371574 ], [ 395057.578840284841135, 3782738.45371312322095 ], [ 395057.88402848422993, 3782738.758901322260499 ], [ 395057.88402848422993, 3782739.979654119815677 ], [ 395058.494404883007519, 3782740.590030518826097 ], [ 395058.494404883007519, 3782741.200406917370856 ], [ 395057.88402848422993, 3782741.810783316381276 ], [ 395057.578840284841135, 3782741.810783316381276 ], [ 395057.273652085452341, 3782742.115971515886486 ], [ 395056.968463886063546, 3782742.115971515886486 ], [ 395056.663275686674751, 3782742.421159714926034 ], [ 395056.358087487285957, 3782742.421159714926034 ], [ 395056.052899287897162, 3782742.726347914431244 ], [ 395055.747711088508368, 3782742.726347914431244 ], [ 395055.442522889119573, 3782743.031536113936454 ], [ 395054.526958290953189, 3782743.031536113936454 ], [ 395054.221770091564395, 3782743.336724313441664 ] ] ] } },
{ "type": "Feature", "properties": { "confidence": 0.87527376413345337, "class": 1, "regularized": null }, "geometry": { "type": "Polygon", "coordinates": [ [ [ 395143.947100712102838, 3782945.066124110016972 ], [ 395143.947100712102838, 3782944.760935910511762 ], [ 395143.641912512714043, 3782944.455747711006552 ], [ 395143.641912512714043, 3782942.624618514906615 ], [ 395143.336724313325249, 3782942.319430315401405 ], [ 395143.336724313325249, 3782942.014242115896195 ], [ 395143.641912512714043, 3782941.709053916390985 ], [ 395143.641912512714043, 3782941.403865717351437 ], [ 395143.947100712102838, 3782941.098677517846227 ], [ 395144.252288911491632, 3782941.098677517846227 ], [ 395144.862665310269222, 3782940.488301118835807 ], [ 395145.167853509658016, 3782940.488301118835807 ], [ 395146.0834181078244, 3782939.572736520785838 ], [ 395146.0834181078244, 3782938.96236012224108 ], [ 395145.778229908435605, 3782938.65717192273587 ], [ 395145.778229908435605, 3782938.35198372323066 ], [ 395145.473041709046811, 3782938.04679552372545 ], [ 395145.473041709046811, 3782937.131230925675482 ], [ 395145.778229908435605, 3782936.826042726170272 ], [ 395146.0834181078244, 3782936.826042726170272 ], [ 395146.388606307213195, 3782936.520854527130723 ], [ 395147.609359104768373, 3782936.520854527130723 ], [ 395147.914547304157168, 3782936.826042726170272 ], [ 395147.914547304157168, 3782937.131230925675482 ], [ 395148.219735503545962, 3782937.436419125180691 ], [ 395148.219735503545962, 3782938.04679552372545 ], [ 395148.524923702934757, 3782938.35198372323066 ], [ 395148.524923702934757, 3782938.65717192273587 ], [ 395148.830111902323551, 3782938.96236012224108 ], [ 395148.830111902323551, 3782939.267548321280628 ], [ 395149.135300101712346, 3782939.572736520785838 ], [ 395149.135300101712346, 3782939.877924720291048 ], [ 395149.440488301101141, 3782940.183112919796258 ], [ 395149.440488301101141, 3782940.793489318341017 ], [ 395149.745676500489935, 3782941.098677517846227 ], [ 395149.745676500489935, 3782942.929806713946164 ], [ 395149.440488301101141, 3782942.929806713946164 ], [ 395149.135300101712346, 3782943.234994913451374 ], [ 395148.830111902323551, 3782943.234994913451374 ], [ 395148.524923702934757, 3782943.540183112956583 ], [ 395148.219735503545962, 3782943.540183112956583 ], [ 395147.609359104768373, 3782944.150559511501342 ], [ 395147.304170905379578, 3782944.150559511501342 ], [ 395146.998982705990784, 3782944.455747711006552 ], [ 395146.693794506601989, 3782944.455747711006552 ], [ 395146.388606307213195, 3782944.760935910511762 ], [ 395145.778229908435605, 3782944.760935910511762 ], [ 395145.473041709046811, 3782945.066124110016972 ], [ 395143.947100712102838, 3782945.066124110016972 ] ] ] } },
{ "type": "Feature", "properties": { "confidence": 0.8748939037322998, "class": 1, "regularized": null }, "geometry": { "type": "Polygon", "coordinates": [ [ [ 395223.906408952199854, 3782819.328585961367935 ], [ 395223.906408952199854, 3782818.413021363317966 ], [ 395223.601220752811059, 3782818.107833163812757 ], [ 395223.601220752811059, 3782817.192268565762788 ], [ 395223.296032553422265, 3782816.887080366257578 ], [ 395223.296032553422265, 3782815.97151576820761 ], [ 395222.99084435403347, 3782815.6663275687024 ], [ 395222.99084435403347, 3782815.36113936919719 ], [ 395222.685656154644676, 3782815.05595116969198 ], [ 395222.685656154644676, 3782814.750762970652431 ], [ 395222.380467955255881, 3782814.445574771147221 ], [ 395222.380467955255881, 3782813.530010173097253 ], [ 395222.685656154644676, 3782813.224821973592043 ], [ 395222.99084435403347, 3782813.224821973592043 ], [ 395223.296032553422265, 3782812.919633774086833 ], [ 395224.516785350977443, 3782812.919633774086833 ], [ 395224.516785350977443, 3782813.224821973592043 ], [ 395224.821973550366238, 3782813.530010173097253 ], [ 395224.821973550366238, 3782813.835198372136801 ], [ 395225.432349949143827, 3782814.445574771147221 ], [ 395225.432349949143827, 3782814.750762970652431 ], [ 395225.737538148532622, 3782815.05595116969198 ], [ 395225.737538148532622, 3782815.36113936919719 ], [ 395226.042726347921416, 3782815.6663275687024 ], [ 395226.042726347921416, 3782816.276703967247158 ], [ 395226.347914547310211, 3782816.581892166752368 ], [ 395226.347914547310211, 3782817.497456764802337 ], [ 395226.653102746699005, 3782817.802644964307547 ], [ 395226.653102746699005, 3782818.718209562357515 ], [ 395226.347914547310211, 3782818.718209562357515 ], [ 395226.042726347921416, 3782819.023397761862725 ], [ 395225.432349949143827, 3782819.023397761862725 ], [ 395225.127161749755032, 3782819.328585961367935 ], [ 395223.906408952199854, 3782819.328585961367935 ] ] ] } },
{ "type": "Feature", "properties": { "confidence": 0.87466615438461304, "class": 1, "regularized": null }, "geometry": { "type": "Polygon", "coordinates": [ [ [ 395384.740590030502062, 3782963.377416073344648 ], [ 395384.435401831113268, 3782963.072227873839438 ], [ 395384.130213631724473, 3782963.072227873839438 ], [ 395383.214649033558089, 3782962.156663275789469 ], [ 395383.214649033558089, 3782961.85147507628426 ], [ 395382.909460834169295, 3782961.54628687677905 ], [ 395382.909460834169295, 3782958.799593082629144 ], [ 395383.214649033558089, 3782958.799593082629144 ], [ 395383.519837232946884, 3782958.494404883123934 ], [ 395383.519837232946884, 3782958.189216683618724 ], [ 395385.961342828057241, 3782955.747711088508368 ], [ 395387.792472024390008, 3782955.747711088508368 ], [ 395388.097660223778803, 3782956.052899288013577 ], [ 395388.402848423167598, 3782956.052899288013577 ], [ 395388.708036622556392, 3782956.358087487053126 ], [ 395389.013224821945187, 3782956.358087487053126 ], [ 395389.318413021392189, 3782956.663275686558336 ], [ 395389.928789420169778, 3782956.663275686558336 ], [ 395390.233977619558573, 3782956.968463886063546 ], [ 395390.539165818947367, 3782956.968463886063546 ], [ 395390.844354018336162, 3782957.273652085568756 ], [ 395391.149542217724957, 3782957.273652085568756 ], [ 395391.454730417113751, 3782957.578840285073966 ], [ 395391.759918616502546, 3782957.578840285073966 ], [ 395391.454730417113751, 3782957.884028484113514 ], [ 395391.454730417113751, 3782958.189216683618724 ], [ 395391.149542217724957, 3782958.494404883123934 ], [ 395390.844354018336162, 3782958.494404883123934 ], [ 395390.539165818947367, 3782958.799593082629144 ], [ 395390.539165818947367, 3782959.104781281668693 ], [ 395390.233977619558573, 3782959.409969481173903 ], [ 395390.233977619558573, 3782961.54628687677905 ], [ 395389.928789420169778, 3782961.54628687677905 ], [ 395389.623601220780984, 3782961.85147507628426 ], [ 395389.013224821945187, 3782961.85147507628426 ], [ 395388.708036622556392, 3782962.156663275789469 ], [ 395388.402848423167598, 3782962.156663275789469 ], [ 395388.097660223778803, 3782962.461851475294679 ], [ 395387.487283825001214, 3782962.461851475294679 ], [ 395387.182095625612419, 3782962.767039674334228 ], [ 395386.57171922683483, 3782962.767039674334228 ], [ 395386.266531027446035, 3782963.072227873839438 ], [ 395385.656154628668446, 3782963.072227873839438 ], [ 395385.350966429279651, 3782963.377416073344648 ], [ 395384.740590030502062, 3782963.377416073344648 ] ] ] } },
{ "type": "Feature", "properties": { "confidence": 0.87271177768707275, "class": 1, "regularized": null }, "geometry": { "type": "Polygon", "coordinates": [ [ [ 395327.670396744681057, 3782736.012207528110594 ], [ 395327.670396744681057, 3782735.401831129100174 ], [ 395327.365208545292262, 3782735.096642929594964 ], [ 395327.365208545292262, 3782734.486266531050205 ], [ 395327.670396744681057, 3782734.181078331544995 ], [ 395327.670396744681057, 3782733.265513733495027 ], [ 395328.280773143458646, 3782732.655137334484607 ], [ 395328.58596134284744, 3782732.655137334484607 ], [ 395328.891149542236235, 3782732.349949135445058 ], [ 395329.501525941013824, 3782732.349949135445058 ], [ 395329.806714140402619, 3782732.044760935939848 ], [ 395330.111902339791413, 3782732.044760935939848 ], [ 395330.722278738569003, 3782731.434384536929429 ], [ 395331.637843336735386, 3782731.434384536929429 ], [ 395332.248219735512976, 3782730.82400813838467 ], [ 395333.163784333679359, 3782730.82400813838467 ], [ 395333.468972533068154, 3782731.12919633788988 ], [ 395333.468972533068154, 3782731.739572736434639 ], [ 395333.774160732456949, 3782732.044760935939848 ], [ 395333.774160732456949, 3782732.960325533989817 ], [ 395332.248219735512976, 3782734.486266531050205 ], [ 395332.248219735512976, 3782734.791454730555415 ], [ 395331.943031536124181, 3782735.096642929594964 ], [ 395331.332655137346592, 3782735.096642929594964 ], [ 395331.027466937957797, 3782735.401831129100174 ], [ 395330.417090539180208, 3782735.401831129100174 ], [ 395330.111902339791413, 3782735.707019328605384 ], [ 395329.501525941013824, 3782735.707019328605384 ], [ 395329.19633774162503, 3782736.012207528110594 ], [ 395327.670396744681057, 3782736.012207528110594 ] ] ] } },
{ "type": "Feature", "properties": { "confidence": 0.8721049427986145, "class": 1, "regularized": null }, "geometry": { "type": "Polygon", "coordinates": [ [ [ 394807.019328585942276, 3782474.160732451826334 ], [ 394806.714140386553481, 3782473.855544252321124 ], [ 394806.714140386553481, 3782472.329603255260736 ], [ 394807.019328585942276, 3782472.024415055755526 ], [ 394807.019328585942276, 3782471.108850457705557 ], [ 394807.629704984719865, 3782470.498474059160799 ], [ 394807.629704984719865, 3782470.193285859655589 ], [ 394808.545269582886249, 3782469.27772126160562 ], [ 394808.545269582886249, 3782468.667344862595201 ], [ 394808.850457782275043, 3782468.362156663089991 ], [ 394808.850457782275043, 3782468.056968464050442 ], [ 394812.207527975609992, 3782468.056968464050442 ], [ 394812.512716174998786, 3782468.362156663089991 ], [ 394812.512716174998786, 3782468.97253306210041 ], [ 394813.123092573776376, 3782469.582909460645169 ], [ 394814.343845371331554, 3782469.582909460645169 ], [ 394814.649033570720349, 3782469.888097660150379 ], [ 394814.954221770109143, 3782469.888097660150379 ], [ 394815.259409969497938, 3782470.193285859655589 ], [ 394815.564598168886732, 3782470.193285859655589 ], [ 394815.869786368275527, 3782470.498474059160799 ], [ 394815.869786368275527, 3782472.634791454765946 ], [ 394815.564598168886732, 3782472.939979654271156 ], [ 394815.259409969497938, 3782472.939979654271156 ], [ 394814.954221770109143, 3782473.245167853310704 ], [ 394812.817904374387581, 3782473.245167853310704 ], [ 394812.512716174998786, 3782473.550356052815914 ], [ 394811.902339776221197, 3782473.550356052815914 ], [ 394811.597151576832402, 3782473.855544252321124 ], [ 394810.681586978607811, 3782473.855544252321124 ], [ 394810.376398779219016, 3782474.160732451826334 ], [ 394807.019328585942276, 3782474.160732451826334 ] ] ] } },
{ "type": "Feature", "properties": { "confidence": 0.87165266275405884, "class": 1, "regularized": null }, "geometry": { "type": "Polygon", "coordinates": [ [ [ 394839.064089521882124, 3782740.590030518826097 ], [ 394838.75890132249333, 3782740.284842319320887 ], [ 394838.453713123104535, 3782740.284842319320887 ], [ 394838.14852492371574, 3782739.979654119815677 ], [ 394838.14852492371574, 3782737.843336724210531 ], [ 394837.843336724326946, 3782737.538148524705321 ], [ 394837.843336724326946, 3782736.622583926655352 ], [ 394837.538148524938151, 3782736.317395727150142 ], [ 394837.538148524938151, 3782732.960325533989817 ], [ 394837.843336724326946, 3782732.655137334484607 ], [ 394837.843336724326946, 3782732.044760935939848 ], [ 394838.14852492371574, 3782731.739572736434639 ], [ 394838.14852492371574, 3782731.434384536929429 ], [ 394838.75890132249333, 3782730.82400813838467 ], [ 394839.064089521882124, 3782730.82400813838467 ], [ 394839.369277721270919, 3782730.51881993887946 ], [ 394843.947100712102838, 3782730.51881993887946 ], [ 394844.252288911491632, 3782730.82400813838467 ], [ 394844.252288911491632, 3782731.434384536929429 ], [ 394844.557477110880427, 3782731.739572736434639 ], [ 394844.557477110880427, 3782732.349949135445058 ], [ 394844.862665310269222, 3782732.655137334484607 ], [ 394844.862665310269222, 3782735.096642929594964 ], [ 394845.167853509658016, 3782735.401831129100174 ], [ 394845.167853509658016, 3782736.317395727150142 ], [ 394844.862665310269222, 3782736.622583926655352 ], [ 394844.862665310269222, 3782737.538148524705321 ], [ 394845.167853509658016, 3782737.843336724210531 ], [ 394845.167853509658016, 3782738.758901322260499 ], [ 394844.862665310269222, 3782739.064089521765709 ], [ 394844.862665310269222, 3782739.369277721270919 ], [ 394844.252288911491632, 3782739.979654119815677 ], [ 394843.947100712102838, 3782739.979654119815677 ], [ 394843.641912512714043, 3782740.284842319320887 ], [ 394842.726347914547659, 3782740.284842319320887 ], [ 394842.421159715158865, 3782740.590030518826097 ], [ 394839.064089521882124, 3782740.590030518826097 ] ] ] } },
{ "type": "Feature", "properties": { "confidence": 0.8700365424156189, "class": 1, "regularized": null }, "geometry": { "type": "Polygon", "coordinates": [ [ [ 394825.635808748716954, 3782473.855544252321124 ], [ 394825.33062054932816, 3782473.550356052815914 ], [ 394825.33062054932816, 3782473.245167853310704 ], [ 394825.635808748716954, 3782472.939979654271156 ], [ 394825.635808748716954, 3782472.024415055755526 ], [ 394825.33062054932816, 3782471.719226856715977 ], [ 394825.33062054932816, 3782468.362156663089991 ], [ 394825.025432349939365, 3782468.056968464050442 ], [ 394825.025432349939365, 3782461.95320447627455 ], [ 394825.33062054932816, 3782461.95320447627455 ], [ 394825.635808748716954, 3782461.64801627676934 ], [ 394828.077314343827311, 3782461.64801627676934 ], [ 394828.382502543216106, 3782461.34282807726413 ], [ 394829.298067141382489, 3782461.34282807726413 ], [ 394829.603255340771284, 3782461.64801627676934 ], [ 394831.129196337715257, 3782461.64801627676934 ], [ 394831.434384537104052, 3782461.34282807726413 ], [ 394831.739572736492846, 3782461.64801627676934 ], [ 394831.739572736492846, 3782462.563580874819309 ], [ 394832.044760935881641, 3782462.868769074324518 ], [ 394831.739572736492846, 3782463.173957273829728 ], [ 394831.739572736492846, 3782472.024415055755526 ], [ 394832.044760935881641, 3782472.329603255260736 ], [ 394831.739572736492846, 3782472.634791454765946 ], [ 394831.739572736492846, 3782472.939979654271156 ], [ 394830.518819938937668, 3782472.939979654271156 ], [ 394830.213631739548873, 3782473.245167853310704 ], [ 394828.992878941993695, 3782473.245167853310704 ], [ 394828.6876907426049, 3782473.550356052815914 ], [ 394828.077314343827311, 3782473.550356052815914 ], [ 394827.772126144438516, 3782473.855544252321124 ], [ 394825.635808748716954, 3782473.855544252321124 ] ] ] } },
{ "type": "Feature", "properties": { "confidence": 0.86968648433685303, "class": 1, "regularized": null }, "geometry": { "type": "Polygon", "coordinates": [ [ [ 394846.0834181078244, 3782536.419125127140433 ], [ 394845.778229908435605, 3782536.113936927635223 ], [ 394843.641912512714043, 3782536.113936927635223 ], [ 394843.336724313325249, 3782535.808748728595674 ], [ 394843.336724313325249, 3782533.977619532030076 ], [ 394843.641912512714043, 3782533.672431332524866 ], [ 394843.641912512714043, 3782532.756866734474897 ], [ 394843.947100712102838, 3782532.451678534969687 ], [ 394843.947100712102838, 3782532.146490335930139 ], [ 394845.167853509658016, 3782530.92573753837496 ], [ 394845.167853509658016, 3782530.62054933886975 ], [ 394845.473041709046811, 3782530.315361139364541 ], [ 394845.473041709046811, 3782529.704984740819782 ], [ 394845.778229908435605, 3782529.399796541314572 ], [ 394845.778229908435605, 3782529.094608341809362 ], [ 394846.0834181078244, 3782528.789420142304152 ], [ 394846.0834181078244, 3782528.179043743759394 ], [ 394846.388606307213195, 3782527.873855544254184 ], [ 394846.388606307213195, 3782526.958290946204215 ], [ 394846.693794506601989, 3782526.653102746699005 ], [ 394846.693794506601989, 3782526.042726347688586 ], [ 394847.914547304157168, 3782524.821973550133407 ], [ 394848.524923702934757, 3782524.821973550133407 ], [ 394848.830111902323551, 3782524.516785351093858 ], [ 394849.440488301101141, 3782524.516785351093858 ], [ 394849.745676500489935, 3782524.821973550133407 ], [ 394850.05086469987873, 3782524.821973550133407 ], [ 394850.356052899267524, 3782525.127161749638617 ], [ 394850.356052899267524, 3782534.587995931040496 ], [ 394850.661241098656319, 3782534.893184130080044 ], [ 394850.661241098656319, 3782536.113936927635223 ], [ 394849.135300101712346, 3782536.113936927635223 ], [ 394848.830111902323551, 3782536.419125127140433 ], [ 394846.0834181078244, 3782536.419125127140433 ] ] ] } },
{ "type": "Feature", "properties": { "confidence": 0.86650598049163818, "class": 1, "regularized": null }, "geometry": { "type": "Polygon", "coordinates": [ [ [ 395391.759918616502546, 3782956.052899288013577 ], [ 395391.454730417113751, 3782955.747711088508368 ], [ 395391.149542217724957, 3782955.747711088508368 ], [ 395390.539165818947367, 3782955.137334689497948 ], [ 395390.233977619558573, 3782955.137334689497948 ], [ 395389.928789420169778, 3782954.832146490458399 ], [ 395389.623601220780984, 3782954.832146490458399 ], [ 395389.318413021392189, 3782954.526958290953189 ], [ 395389.013224821945187, 3782954.526958290953189 ], [ 395388.708036622556392, 3782954.221770091447979 ], [ 395388.097660223778803, 3782954.221770091447979 ], [ 395386.876907426223624, 3782953.001017293892801 ], [ 395386.876907426223624, 3782952.390640895348042 ], [ 395387.182095625612419, 3782952.085452695842832 ], [ 395387.182095625612419, 3782951.780264496337622 ], [ 395387.487283825001214, 3782951.780264496337622 ], [ 395387.792472024390008, 3782951.475076296832412 ], [ 395388.402848423167598, 3782951.475076296832412 ], [ 395388.708036622556392, 3782951.169888097792864 ], [ 395389.013224821945187, 3782951.169888097792864 ], [ 395389.318413021392189, 3782950.864699898287654 ], [ 395389.928789420169778, 3782950.864699898287654 ], [ 395390.539165818947367, 3782950.254323499277234 ], [ 395390.539165818947367, 3782948.728382502682507 ], [ 395390.844354018336162, 3782948.423194303177297 ], [ 395392.06510681589134, 3782948.423194303177297 ], [ 395392.370295015280135, 3782948.728382502682507 ], [ 395392.980671414057724, 3782948.728382502682507 ], [ 395393.285859613446519, 3782949.033570701722056 ], [ 395393.896236012224108, 3782949.033570701722056 ], [ 395394.201424211612903, 3782949.338758901227266 ], [ 395394.506612411001697, 3782949.338758901227266 ], [ 395394.811800610390492, 3782949.643947100732476 ], [ 395395.116988809779286, 3782949.643947100732476 ], [ 395395.727365208556876, 3782950.254323499277234 ], [ 395395.727365208556876, 3782951.169888097792864 ], [ 395396.03255340794567, 3782951.475076296832412 ], [ 395396.03255340794567, 3782952.695829094387591 ], [ 395396.337741607334465, 3782953.001017293892801 ], [ 395396.337741607334465, 3782953.916581891942769 ], [ 395396.642929806723259, 3782954.221770091447979 ], [ 395396.642929806723259, 3782954.526958290953189 ], [ 395396.337741607334465, 3782954.832146490458399 ], [ 395396.337741607334465, 3782955.442522889003158 ], [ 395396.03255340794567, 3782955.442522889003158 ], [ 395395.727365208556876, 3782955.747711088508368 ], [ 395394.506612411001697, 3782955.747711088508368 ], [ 395394.201424211612903, 3782956.052899288013577 ], [ 395391.759918616502546, 3782956.052899288013577 ] ] ] } },
{ "type": "Feature", "properties": { "confidence": 0.86625528335571289, "class": 1, "regularized": null }, "geometry": { "type": "Polygon", "coordinates": [ [ [ 395250.152594099694397, 3782937.436419125180691 ], [ 395249.847405900305603, 3782937.131230925675482 ], [ 395249.847405900305603, 3782936.826042726170272 ], [ 395249.542217700916808, 3782936.520854527130723 ], [ 395249.542217700916808, 3782936.215666327625513 ], [ 395250.152594099694397, 3782935.605289928615093 ], [ 395250.152594099694397, 3782935.300101729575545 ], [ 395250.457782299083192, 3782935.300101729575545 ], [ 395250.762970498471987, 3782934.994913530070335 ], [ 395251.67853509663837, 3782934.994913530070335 ], [ 395251.983723296027165, 3782934.689725330565125 ], [ 395252.28891149541596, 3782934.689725330565125 ], [ 395252.594099694804754, 3782934.384537131059915 ], [ 395253.204476093582343, 3782934.384537131059915 ], [ 395253.509664292971138, 3782934.079348932020366 ], [ 395253.509664292971138, 3782933.774160732515156 ], [ 395253.814852492359933, 3782933.774160732515156 ], [ 395254.120040691748727, 3782934.079348932020366 ], [ 395254.120040691748727, 3782935.910478128120303 ], [ 395252.899287894193549, 3782937.131230925675482 ], [ 395251.67853509663837, 3782937.131230925675482 ], [ 395251.373346897249576, 3782937.436419125180691 ], [ 395250.152594099694397, 3782937.436419125180691 ] ] ] } },
{ "type": "Feature", "properties": { "confidence": 0.86009013652801514, "class": 1, "regularized": null }, "geometry": { "type": "Polygon", "coordinates": [ [ [ 395117.3957273652195, 3782620.345879959408194 ], [ 395117.090539165830705, 3782620.040691759902984 ], [ 395116.785350966441911, 3782620.040691759902984 ], [ 395116.480162767053116, 3782619.735503560397774 ], [ 395116.480162767053116, 3782619.430315361358225 ], [ 395116.174974567664322, 3782619.125127161853015 ], [ 395116.174974567664322, 3782618.819938962347806 ], [ 395115.869786368275527, 3782618.514750762842596 ], [ 395115.869786368275527, 3782617.904374364297837 ], [ 395115.564598168886732, 3782617.599186164792627 ], [ 395115.564598168886732, 3782616.988809766247869 ], [ 395115.259409969497938, 3782616.683621566742659 ], [ 395115.259409969497938, 3782614.85249237017706 ], [ 395115.869786368275527, 3782614.242115971632302 ], [ 395116.174974567664322, 3782614.242115971632302 ], [ 395116.480162767053116, 3782613.936927772127092 ], [ 395117.090539165830705, 3782613.936927772127092 ], [ 395117.3957273652195, 3782613.631739572621882 ], [ 395120.447609359107446, 3782613.631739572621882 ], [ 395120.447609359107446, 3782613.936927772127092 ], [ 395120.752797558496241, 3782614.242115971632302 ], [ 395120.752797558496241, 3782614.547304171137512 ], [ 395121.057985757885035, 3782614.85249237017706 ], [ 395121.057985757885035, 3782618.819938962347806 ], [ 395120.752797558496241, 3782618.819938962347806 ], [ 395120.447609359107446, 3782619.125127161853015 ], [ 395120.142421159718651, 3782619.125127161853015 ], [ 395119.837232960329857, 3782619.430315361358225 ], [ 395119.532044760941062, 3782619.430315361358225 ], [ 395119.226856561552268, 3782619.735503560397774 ], [ 395118.921668362163473, 3782619.735503560397774 ], [ 395118.616480162774678, 3782620.040691759902984 ], [ 395117.700915564608295, 3782620.040691759902984 ], [ 395117.3957273652195, 3782620.345879959408194 ] ] ] } },
{ "type": "Feature", "properties": { "confidence": 0.85864526033401489, "class": 1, "regularized": null }, "geometry": { "type": "Polygon", "coordinates": [ [ [ 395284.333672431355808, 3782928.585961342789233 ], [ 395284.333672431355808, 3782928.280773143284023 ], [ 395284.028484231967013, 3782927.975584944244474 ], [ 395284.028484231967013, 3782927.365208545234054 ], [ 395283.723296032578219, 3782927.060020345728844 ], [ 395283.723296032578219, 3782926.449643947184086 ], [ 395283.418107833189424, 3782926.144455747678876 ], [ 395283.418107833189424, 3782925.839267548173666 ], [ 395283.723296032578219, 3782925.534079349134117 ], [ 395284.028484231967013, 3782925.534079349134117 ], [ 395284.333672431355808, 3782925.228891149628907 ], [ 395284.638860630744603, 3782925.228891149628907 ], [ 395284.944048830133397, 3782924.923702950123698 ], [ 395285.554425228910986, 3782924.923702950123698 ], [ 395285.859613428299781, 3782924.618514750618488 ], [ 395287.080366225854959, 3782924.618514750618488 ], [ 395287.385554425243754, 3782924.313326551578939 ], [ 395287.995930824021343, 3782924.313326551578939 ], [ 395288.301119023410138, 3782924.008138352073729 ], [ 395289.216683621576522, 3782924.008138352073729 ], [ 395289.827060020354111, 3782924.618514750618488 ], [ 395289.827060020354111, 3782924.923702950123698 ], [ 395290.132248219742905, 3782925.228891149628907 ], [ 395290.132248219742905, 3782925.839267548173666 ], [ 395289.827060020354111, 3782926.144455747678876 ], [ 395289.827060020354111, 3782926.449643947184086 ], [ 395289.216683621576522, 3782927.060020345728844 ], [ 395288.911495422187727, 3782927.060020345728844 ], [ 395288.301119023410138, 3782927.670396744739264 ], [ 395287.995930824021343, 3782927.670396744739264 ], [ 395287.690742624632549, 3782927.975584944244474 ], [ 395287.385554425243754, 3782927.975584944244474 ], [ 395287.080366225854959, 3782928.280773143284023 ], [ 395286.775178026466165, 3782928.280773143284023 ], [ 395286.46998982707737, 3782928.585961342789233 ], [ 395284.333672431355808, 3782928.585961342789233 ] ] ] } },
{ "type": "Feature", "properties": { "confidence": 0.85745328664779663, "class": 1, "regularized": null }, "geometry": { "type": "Polygon", "coordinates": [ [ [ 394973.0417090539122, 3782543.438453712966293 ], [ 394972.431332655134611, 3782542.828077314421535 ], [ 394972.431332655134611, 3782541.302136317361146 ], [ 394972.736520854523405, 3782540.996948117855936 ], [ 394972.736520854523405, 3782539.776195320300758 ], [ 394973.0417090539122, 3782539.471007121261209 ], [ 394973.0417090539122, 3782537.334689725190401 ], [ 394972.736520854523405, 3782537.029501526150852 ], [ 394972.736520854523405, 3782536.419125127140433 ], [ 394972.431332655134611, 3782536.113936927635223 ], [ 394972.431332655134611, 3782535.198372329585254 ], [ 394972.126144455745816, 3782534.893184130080044 ], [ 394972.126144455745816, 3782534.282807731535286 ], [ 394972.431332655134611, 3782534.282807731535286 ], [ 394972.736520854523405, 3782533.977619532030076 ], [ 394973.652085452689789, 3782533.977619532030076 ], [ 394973.957273652078584, 3782534.282807731535286 ], [ 394975.788402848411351, 3782534.282807731535286 ], [ 394976.093591047800146, 3782533.977619532030076 ], [ 394977.00915564596653, 3782533.977619532030076 ], [ 394977.619532044744119, 3782534.587995931040496 ], [ 394977.619532044744119, 3782537.945066124200821 ], [ 394977.924720244132914, 3782538.250254323706031 ], [ 394978.229908443521708, 3782538.250254323706031 ], [ 394978.229908443521708, 3782539.165818921755999 ], [ 394978.535096642910503, 3782539.471007121261209 ], [ 394978.535096642910503, 3782541.607324516866356 ], [ 394978.840284842299297, 3782541.912512716371566 ], [ 394978.840284842299297, 3782542.828077314421535 ], [ 394978.535096642910503, 3782543.133265513926744 ], [ 394973.957273652078584, 3782543.133265513926744 ], [ 394973.652085452689789, 3782543.438453712966293 ], [ 394973.0417090539122, 3782543.438453712966293 ] ] ] } },
{ "type": "Feature", "properties": { "confidence": 0.85492622852325439, "class": 1, "regularized": null }, "geometry": { "type": "Polygon", "coordinates": [ [ [ 394857.375381485268008, 3782526.347914547193795 ], [ 394857.070193285879213, 3782526.042726347688586 ], [ 394857.070193285879213, 3782523.906408952083439 ], [ 394857.985757884045597, 3782522.99084435403347 ], [ 394857.985757884045597, 3782522.075279755983502 ], [ 394857.680569684656803, 3782521.770091556478292 ], [ 394857.680569684656803, 3782520.244150559417903 ], [ 394858.290946083434392, 3782519.633774160873145 ], [ 394861.648016276711132, 3782519.633774160873145 ], [ 394861.648016276711132, 3782521.159715157467872 ], [ 394861.953204476099927, 3782521.464903356973082 ], [ 394861.953204476099927, 3782523.601220752578229 ], [ 394862.258392675488722, 3782523.906408952083439 ], [ 394862.258392675488722, 3782526.042726347688586 ], [ 394861.953204476099927, 3782526.042726347688586 ], [ 394861.648016276711132, 3782526.347914547193795 ], [ 394857.375381485268008, 3782526.347914547193795 ] ] ] } },
{ "type": "Feature", "properties": { "confidence": 0.85195821523666382, "class": 1, "regularized": null }, "geometry": { "type": "Polygon", "coordinates": [ [ [ 395026.144455747737084, 3782462.563580874819309 ], [ 395025.839267548348289, 3782462.258392675314099 ], [ 395024.923702950123698, 3782462.258392675314099 ], [ 395024.618514750734903, 3782461.95320447627455 ], [ 395024.313326551346108, 3782461.95320447627455 ], [ 395024.313326551346108, 3782459.511698881164193 ], [ 395025.839267548348289, 3782457.985757884103805 ], [ 395025.839267548348289, 3782456.459816887043417 ], [ 395026.144455747737084, 3782456.154628687538207 ], [ 395026.144455747737084, 3782455.544252288993448 ], [ 395026.449643947125878, 3782455.239064089488238 ], [ 395026.449643947125878, 3782454.32349949143827 ], [ 395026.754832146514673, 3782454.32349949143827 ], [ 395027.060020345903467, 3782454.01831129193306 ], [ 395029.501525941013824, 3782454.01831129193306 ], [ 395029.806714140402619, 3782454.32349949143827 ], [ 395031.332655137346592, 3782454.32349949143827 ], [ 395031.332655137346592, 3782454.62868769094348 ], [ 395031.943031536124181, 3782455.239064089488238 ], [ 395032.248219735512976, 3782455.239064089488238 ], [ 395032.55340793490177, 3782455.544252288993448 ], [ 395032.55340793490177, 3782455.849440488498658 ], [ 395032.858596134290565, 3782456.154628687538207 ], [ 395032.858596134290565, 3782461.34282807726413 ], [ 395033.163784333679359, 3782461.64801627676934 ], [ 395033.163784333679359, 3782462.258392675314099 ], [ 395032.858596134290565, 3782462.563580874819309 ], [ 395026.144455747737084, 3782462.563580874819309 ] ] ] } },
{ "type": "Feature", "properties": { "confidence": 0.85122787952423096, "class": 1, "regularized": null }, "geometry": { "type": "Polygon", "coordinates": [ [ [ 394911.393692777201068, 3782986.266531027387828 ], [ 394911.088504577812273, 3782985.961342827882618 ], [ 394910.478128179034684, 3782985.961342827882618 ], [ 394910.478128179034684, 3782984.740590030327439 ], [ 394910.783316378423478, 3782984.435401831287891 ], [ 394910.783316378423478, 3782982.299084435217083 ], [ 394911.088504577812273, 3782981.993896236177534 ], [ 394911.088504577812273, 3782980.773143438622355 ], [ 394911.393692777201068, 3782980.467955239117146 ], [ 394911.393692777201068, 3782979.857578840106726 ], [ 394912.004069175978657, 3782979.247202441561967 ], [ 394912.919633774145041, 3782979.247202441561967 ], [ 394913.224821973533835, 3782978.942014242056757 ], [ 394913.835198372311424, 3782978.942014242056757 ], [ 394914.140386571700219, 3782978.636826042551547 ], [ 394914.445574771089014, 3782978.636826042551547 ], [ 394914.750762970477808, 3782978.331637843511999 ], [ 394917.49745676497696, 3782978.331637843511999 ], [ 394917.802644964365754, 3782978.026449644006789 ], [ 394918.413021363201551, 3782978.026449644006789 ], [ 394918.718209562590346, 3782977.721261444501579 ], [ 394919.938962360145524, 3782977.721261444501579 ], [ 394920.244150559534319, 3782978.026449644006789 ], [ 394920.549338758923113, 3782978.026449644006789 ], [ 394920.549338758923113, 3782979.552390641067177 ], [ 394920.244150559534319, 3782979.857578840106726 ], [ 394920.244150559534319, 3782981.078331637661904 ], [ 394919.938962360145524, 3782981.383519837167114 ], [ 394919.938962360145524, 3782981.688708036672324 ], [ 394919.63377416075673, 3782981.688708036672324 ], [ 394919.328585961367935, 3782981.993896236177534 ], [ 394919.328585961367935, 3782982.909460834227502 ], [ 394918.413021363201551, 3782983.825025432277471 ], [ 394917.802644964365754, 3782983.825025432277471 ], [ 394917.49745676497696, 3782984.130213631782681 ], [ 394916.276703967421781, 3782984.130213631782681 ], [ 394915.666327568644192, 3782984.740590030327439 ], [ 394915.361139369255397, 3782984.740590030327439 ], [ 394915.055951169866603, 3782985.045778229832649 ], [ 394914.750762970477808, 3782985.045778229832649 ], [ 394914.445574771089014, 3782985.350966429337859 ], [ 394914.140386571700219, 3782985.350966429337859 ], [ 394913.835198372311424, 3782985.656154628843069 ], [ 394912.919633774145041, 3782985.656154628843069 ], [ 394912.614445574756246, 3782985.961342827882618 ], [ 394911.698880976589862, 3782985.961342827882618 ], [ 394911.393692777201068, 3782986.266531027387828 ] ] ] } },
{ "type": "Feature", "properties": { "confidence": 0.84841310977935791, "class": 1, "regularized": null }, "geometry": { "type": "Polygon", "coordinates": [ [ [ 394919.63377416075673, 3782986.876907426398247 ], [ 394919.02339776197914, 3782986.266531027387828 ], [ 394919.02339776197914, 3782985.656154628843069 ], [ 394918.718209562590346, 3782985.350966429337859 ], [ 394918.718209562590346, 3782984.435401831287891 ], [ 394917.802644964365754, 3782983.519837232772261 ], [ 394917.802644964365754, 3782982.909460834227502 ], [ 394917.49745676497696, 3782982.604272634722292 ], [ 394917.192268565588165, 3782982.604272634722292 ], [ 394917.192268565588165, 3782978.026449644006789 ], [ 394917.802644964365754, 3782978.026449644006789 ], [ 394918.107833163812757, 3782977.721261444501579 ], [ 394918.413021363201551, 3782977.721261444501579 ], [ 394918.718209562590346, 3782977.416073244996369 ], [ 394919.938962360145524, 3782977.416073244996369 ], [ 394920.549338758923113, 3782978.026449644006789 ], [ 394920.549338758923113, 3782979.552390641067177 ], [ 394921.159715157700703, 3782980.162767039611936 ], [ 394921.159715157700703, 3782980.467955239117146 ], [ 394921.770091556478292, 3782981.078331637661904 ], [ 394921.770091556478292, 3782982.299084435217083 ], [ 394921.464903357089497, 3782982.604272634722292 ], [ 394921.464903357089497, 3782985.656154628843069 ], [ 394921.159715157700703, 3782985.961342827882618 ], [ 394921.159715157700703, 3782986.266531027387828 ], [ 394920.549338758923113, 3782986.876907426398247 ], [ 394919.63377416075673, 3782986.876907426398247 ] ] ] } },
{ "type": "Feature", "properties": { "confidence": 0.8467755913734436, "class": 1, "regularized": null }, "geometry": { "type": "Polygon", "coordinates": [ [ [ 395173.855544252262916, 3782777.212614445481449 ], [ 395173.550356052874122, 3782776.907426245976239 ], [ 395172.939979654096533, 3782776.907426245976239 ], [ 395172.634791454707738, 3782776.602238046936691 ], [ 395172.634791454707738, 3782776.297049847431481 ], [ 395172.329603255318943, 3782775.991861647926271 ], [ 395172.329603255318943, 3782774.160732451826334 ], [ 395172.024415055930149, 3782773.855544252321124 ], [ 395172.329603255318943, 3782773.550356052815914 ], [ 395172.329603255318943, 3782773.245167853310704 ], [ 395172.634791454707738, 3782772.939979654271156 ], [ 395173.245167853485327, 3782772.939979654271156 ], [ 395173.550356052874122, 3782772.634791454765946 ], [ 395174.465920651040506, 3782772.634791454765946 ], [ 395174.7711088504293, 3782772.329603255260736 ], [ 395176.297049847431481, 3782772.329603255260736 ], [ 395176.602238046820275, 3782772.634791454765946 ], [ 395179.959308240097016, 3782772.634791454765946 ], [ 395180.264496439485811, 3782772.939979654271156 ], [ 395180.264496439485811, 3782774.465920650865883 ], [ 395180.569684638874605, 3782774.771108850371093 ], [ 395180.569684638874605, 3782775.381485249381512 ], [ 395180.264496439485811, 3782775.381485249381512 ], [ 395179.959308240097016, 3782775.686673448421061 ], [ 395179.348931841319427, 3782775.686673448421061 ], [ 395179.043743641930632, 3782775.991861647926271 ], [ 395178.738555442541838, 3782775.991861647926271 ], [ 395178.128179043764248, 3782776.602238046936691 ], [ 395177.517802644986659, 3782776.602238046936691 ], [ 395177.212614445597865, 3782776.907426245976239 ], [ 395176.297049847431481, 3782776.907426245976239 ], [ 395175.991861648042686, 3782777.212614445481449 ], [ 395173.855544252262916, 3782777.212614445481449 ] ] ] } },
{ "type": "Feature", "properties": { "confidence": 0.84499120712280273, "class": 1, "regularized": null }, "geometry": { "type": "Polygon", "coordinates": [ [ [ 395293.489318413019646, 3782644.760935910511762 ], [ 395293.184130213630851, 3782644.455747711006552 ], [ 395292.878942014242057, 3782644.455747711006552 ], [ 395293.184130213630851, 3782644.150559511501342 ], [ 395293.184130213630851, 3782642.929806713946164 ], [ 395293.489318413019646, 3782642.624618514906615 ], [ 395293.489318413019646, 3782641.403865717351437 ], [ 395293.794506612408441, 3782641.098677517846227 ], [ 395293.794506612408441, 3782640.793489318341017 ], [ 395294.099694811797235, 3782640.793489318341017 ], [ 395294.40488301118603, 3782640.488301118835807 ], [ 395294.40488301118603, 3782640.183112919796258 ], [ 395296.846388606296387, 3782637.741607324685901 ], [ 395296.846388606296387, 3782637.436419125180691 ], [ 395297.151576805685181, 3782637.131230925675482 ], [ 395297.151576805685181, 3782636.826042726170272 ], [ 395297.76195320446277, 3782636.215666327625513 ], [ 395298.067141403851565, 3782636.215666327625513 ], [ 395298.37232960324036, 3782636.520854527130723 ], [ 395298.677517802629154, 3782636.520854527130723 ], [ 395298.677517802629154, 3782636.826042726170272 ], [ 395298.982706002017949, 3782637.131230925675482 ], [ 395298.982706002017949, 3782637.436419125180691 ], [ 395299.287894201406743, 3782637.741607324685901 ], [ 395299.287894201406743, 3782638.04679552372545 ], [ 395300.508646998961922, 3782639.267548321280628 ], [ 395300.508646998961922, 3782639.572736520785838 ], [ 395300.813835198350716, 3782639.877924720291048 ], [ 395300.813835198350716, 3782640.488301118835807 ], [ 395301.119023397739511, 3782640.793489318341017 ], [ 395300.813835198350716, 3782641.098677517846227 ], [ 395300.813835198350716, 3782641.403865717351437 ], [ 395299.898270600184333, 3782642.319430315401405 ], [ 395299.593082400795538, 3782642.319430315401405 ], [ 395299.287894201406743, 3782642.624618514906615 ], [ 395298.677517802629154, 3782642.624618514906615 ], [ 395298.37232960324036, 3782642.929806713946164 ], [ 395298.067141403851565, 3782642.929806713946164 ], [ 395297.76195320446277, 3782643.234994913451374 ], [ 395297.456765005073976, 3782643.234994913451374 ], [ 395297.151576805685181, 3782643.540183112956583 ], [ 395296.541200406907592, 3782643.540183112956583 ], [ 395296.236012207518797, 3782643.845371312461793 ], [ 395295.930824008130003, 3782643.845371312461793 ], [ 395295.625635808741208, 3782644.150559511501342 ], [ 395295.320447609352414, 3782644.150559511501342 ], [ 395295.015259409963619, 3782644.455747711006552 ], [ 395294.710071210574824, 3782644.455747711006552 ], [ 395294.40488301118603, 3782644.760935910511762 ], [ 395293.489318413019646, 3782644.760935910511762 ] ] ] } },
{ "type": "Feature", "properties": { "confidence": 0.84235531091690063, "class": 1, "regularized": null }, "geometry": { "type": "Polygon", "coordinates": [ [ [ 395256.561546286859084, 3782900.508646999020129 ], [ 395255.951169888081495, 3782899.89827060000971 ], [ 395255.951169888081495, 3782899.287894201464951 ], [ 395255.6459816886927, 3782898.982706001959741 ], [ 395255.6459816886927, 3782898.677517802454531 ], [ 395255.340793489303906, 3782898.372329603414983 ], [ 395255.340793489303906, 3782898.067141403909773 ], [ 395255.035605289915111, 3782897.761953204404563 ], [ 395255.035605289915111, 3782895.015259409788996 ], [ 395254.730417090526316, 3782894.710071210749447 ], [ 395254.730417090526316, 3782894.099694811739028 ], [ 395254.425228891137522, 3782893.794506612233818 ], [ 395254.425228891137522, 3782890.742624618578702 ], [ 395255.035605289915111, 3782890.742624618578702 ], [ 395255.340793489303906, 3782890.437436419073492 ], [ 395255.951169888081495, 3782890.437436419073492 ], [ 395256.256358087470289, 3782890.132248219568282 ], [ 395256.561546286859084, 3782890.437436419073492 ], [ 395257.477110885025468, 3782890.437436419073492 ], [ 395257.782299084414262, 3782890.742624618578702 ], [ 395258.087487283803057, 3782890.742624618578702 ], [ 395258.087487283803057, 3782891.658189216628671 ], [ 395258.392675483191852, 3782891.963377416133881 ], [ 395258.392675483191852, 3782892.573753814678639 ], [ 395259.003051881969441, 3782893.184130213689059 ], [ 395259.308240081358235, 3782893.184130213689059 ], [ 395259.61342828074703, 3782893.489318413194269 ], [ 395259.61342828074703, 3782894.099694811739028 ], [ 395259.918616480135825, 3782894.404883011244237 ], [ 395259.918616480135825, 3782895.015259409788996 ], [ 395260.223804679524619, 3782895.320447609294206 ], [ 395260.223804679524619, 3782895.930824008304626 ], [ 395260.834181078360416, 3782896.541200406849384 ], [ 395260.834181078360416, 3782897.151576805859804 ], [ 395261.139369277749211, 3782897.456765004899353 ], [ 395261.139369277749211, 3782898.982706001959741 ], [ 395260.834181078360416, 3782899.287894201464951 ], [ 395260.834181078360416, 3782899.593082400970161 ], [ 395260.223804679524619, 3782900.20345879951492 ], [ 395259.61342828074703, 3782900.20345879951492 ], [ 395259.308240081358235, 3782900.508646999020129 ], [ 395256.561546286859084, 3782900.508646999020129 ] ] ] } },
{ "type": "Feature", "properties": { "confidence": 0.83972084522247314, "class": 1, "regularized": null }, "geometry": { "type": "Polygon", "coordinates": [ [ [ 394929.094608341809362, 3782499.186164801474661 ], [ 394928.789420142420568, 3782498.880976602435112 ], [ 394928.179043743642978, 3782498.880976602435112 ], [ 394928.179043743642978, 3782498.575788402929902 ], [ 394927.873855544254184, 3782498.270600203424692 ], [ 394927.873855544254184, 3782497.660223804879934 ], [ 394927.568667344865389, 3782497.355035605374724 ], [ 394927.568667344865389, 3782496.134282807819545 ], [ 394927.263479145476595, 3782495.829094608314335 ], [ 394927.263479145476595, 3782493.082400813698769 ], [ 394927.568667344865389, 3782493.082400813698769 ], [ 394927.873855544254184, 3782492.77721261465922 ], [ 394927.873855544254184, 3782492.47202441515401 ], [ 394933.672431332641281, 3782492.47202441515401 ], [ 394933.672431332641281, 3782492.77721261465922 ], [ 394933.977619532030076, 3782493.082400813698769 ], [ 394933.977619532030076, 3782493.387589013203979 ], [ 394934.28280773141887, 3782493.692777212709188 ], [ 394934.28280773141887, 3782494.913530010264367 ], [ 394933.977619532030076, 3782495.218718209769577 ], [ 394933.977619532030076, 3782495.523906408809125 ], [ 394933.672431332641281, 3782495.829094608314335 ], [ 394933.672431332641281, 3782496.134282807819545 ], [ 394933.367243133252487, 3782496.439471007324755 ], [ 394933.367243133252487, 3782497.049847405869514 ], [ 394933.062054933863692, 3782497.355035605374724 ], [ 394933.062054933863692, 3782497.660223804879934 ], [ 394932.756866734474897, 3782497.965412003919482 ], [ 394932.756866734474897, 3782498.575788402929902 ], [ 394932.451678535086103, 3782498.575788402929902 ], [ 394932.146490335697308, 3782498.880976602435112 ], [ 394929.399796541198157, 3782498.880976602435112 ], [ 394929.094608341809362, 3782499.186164801474661 ] ] ] } },
{ "type": "Feature", "properties": { "confidence": 0.83871501684188843, "class": 1, "regularized": null }, "geometry": { "type": "Polygon", "coordinates": [ [ [ 395270.295015259413049, 3782647.812817904166877 ], [ 395269.684638860635459, 3782647.202441505622119 ], [ 395269.684638860635459, 3782646.897253306116909 ], [ 395269.379450661246665, 3782646.592065106611699 ], [ 395269.379450661246665, 3782639.572736520785838 ], [ 395269.684638860635459, 3782639.877924720291048 ], [ 395272.126144455745816, 3782639.877924720291048 ], [ 395272.736520854523405, 3782640.488301118835807 ], [ 395273.0417090539122, 3782640.488301118835807 ], [ 395273.346897253300995, 3782640.793489318341017 ], [ 395273.957273652078584, 3782640.793489318341017 ], [ 395274.567650050856173, 3782641.403865717351437 ], [ 395274.872838250244968, 3782641.403865717351437 ], [ 395274.872838250244968, 3782641.709053916390985 ], [ 395275.178026449633762, 3782642.014242115896195 ], [ 395275.178026449633762, 3782645.37131230905652 ], [ 395274.872838250244968, 3782645.37131230905652 ], [ 395274.567650050856173, 3782645.67650050856173 ], [ 395274.262461851467378, 3782645.67650050856173 ], [ 395273.957273652078584, 3782645.98168870806694 ], [ 395273.652085452689789, 3782645.98168870806694 ], [ 395272.736520854523405, 3782646.897253306116909 ], [ 395272.736520854523405, 3782647.202441505622119 ], [ 395272.126144455745816, 3782647.202441505622119 ], [ 395271.820956256357022, 3782647.507629705127329 ], [ 395271.515768056968227, 3782647.507629705127329 ], [ 395271.210579857579432, 3782647.812817904166877 ], [ 395270.295015259413049, 3782647.812817904166877 ] ] ] } },
{ "type": "Feature", "properties": { "confidence": 0.83752846717834473, "class": 1, "regularized": null }, "geometry": { "type": "Polygon", "coordinates": [ [ [ 394885.452695829095319, 3782522.68565615452826 ], [ 394885.147507629706524, 3782522.38046795502305 ], [ 394884.537131230928935, 3782522.38046795502305 ], [ 394884.537131230928935, 3782521.464903356973082 ], [ 394884.84231943031773, 3782521.159715157467872 ], [ 394884.84231943031773, 3782518.718209562357515 ], [ 394884.537131230928935, 3782518.413021363317966 ], [ 394884.537131230928935, 3782516.276703967247158 ], [ 394885.147507629706524, 3782515.6663275687024 ], [ 394888.80976602237206, 3782515.6663275687024 ], [ 394889.114954221760854, 3782515.97151576820761 ], [ 394889.420142421149649, 3782515.97151576820761 ], [ 394889.420142421149649, 3782516.581892166752368 ], [ 394889.725330620538443, 3782516.887080366257578 ], [ 394890.335707019316033, 3782516.887080366257578 ], [ 394890.640895218704827, 3782517.192268565762788 ], [ 394891.251271617482416, 3782517.192268565762788 ], [ 394891.556459816871211, 3782517.497456764802337 ], [ 394891.556459816871211, 3782518.718209562357515 ], [ 394891.861648016260006, 3782519.023397761862725 ], [ 394891.861648016260006, 3782520.244150559417903 ], [ 394891.556459816871211, 3782520.549338758923113 ], [ 394890.946083418093622, 3782520.549338758923113 ], [ 394890.030518819927238, 3782521.464903356973082 ], [ 394890.030518819927238, 3782521.770091556478292 ], [ 394889.725330620538443, 3782522.075279755983502 ], [ 394889.420142421149649, 3782522.075279755983502 ], [ 394889.114954221760854, 3782522.38046795502305 ], [ 394888.19938962359447, 3782522.38046795502305 ], [ 394887.894201424205676, 3782522.68565615452826 ], [ 394885.452695829095319, 3782522.68565615452826 ] ] ] } },
{ "type": "Feature", "properties": { "confidence": 0.83711743354797363, "class": 1, "regularized": null }, "geometry": { "type": "Polygon", "coordinates": [ [ [ 395066.734486266504973, 3782980.773143438622355 ], [ 395066.429298067116179, 3782980.467955239117146 ], [ 395066.429298067116179, 3782979.552390641067177 ], [ 395066.124109867727384, 3782979.247202441561967 ], [ 395066.124109867727384, 3782978.636826042551547 ], [ 395066.429298067116179, 3782978.331637843511999 ], [ 395066.429298067116179, 3782976.80569684645161 ], [ 395066.734486266504973, 3782976.5005086469464 ], [ 395066.734486266504973, 3782975.890132248401642 ], [ 395067.344862665282562, 3782975.279755849391222 ], [ 395067.344862665282562, 3782974.974567649886012 ], [ 395067.650050864671357, 3782974.669379450846463 ], [ 395067.955239064118359, 3782974.669379450846463 ], [ 395068.260427263507154, 3782974.364191251341254 ], [ 395068.260427263507154, 3782974.059003051836044 ], [ 395068.870803662284743, 3782974.059003051836044 ], [ 395069.175991861673538, 3782973.753814852330834 ], [ 395070.701932858617511, 3782973.753814852330834 ], [ 395071.007121058006305, 3782974.059003051836044 ], [ 395071.3123092573951, 3782974.059003051836044 ], [ 395071.617497456783894, 3782974.364191251341254 ], [ 395071.922685656172689, 3782974.364191251341254 ], [ 395072.838250254339073, 3782975.279755849391222 ], [ 395073.143438453727867, 3782975.279755849391222 ], [ 395073.143438453727867, 3782978.942014242056757 ], [ 395072.533062054950278, 3782978.942014242056757 ], [ 395072.227873855561484, 3782979.247202441561967 ], [ 395071.617497456783894, 3782979.247202441561967 ], [ 395071.3123092573951, 3782979.552390641067177 ], [ 395071.007121058006305, 3782979.552390641067177 ], [ 395070.701932858617511, 3782979.857578840106726 ], [ 395070.396744659228716, 3782979.857578840106726 ], [ 395070.091556459839921, 3782980.162767039611936 ], [ 395069.786368260451127, 3782980.162767039611936 ], [ 395069.481180061062332, 3782980.467955239117146 ], [ 395069.175991861673538, 3782980.467955239117146 ], [ 395068.870803662284743, 3782980.773143438622355 ], [ 395066.734486266504973, 3782980.773143438622355 ] ] ] } },
{ "type": "Feature", "properties": { "confidence": 0.83099782466888428, "class": 1, "regularized": null }, "geometry": { "type": "Polygon", "coordinates": [ [ [ 394951.068158697860781, 3782449.440488301217556 ], [ 394950.762970498471987, 3782449.135300101712346 ], [ 394950.457782299083192, 3782449.135300101712346 ], [ 394949.237029501528013, 3782447.914547304157168 ], [ 394948.931841302139219, 3782447.914547304157168 ], [ 394948.626653102750424, 3782447.609359104651958 ], [ 394948.626653102750424, 3782447.304170905612409 ], [ 394948.32146490336163, 3782446.998982706107199 ], [ 394948.32146490336163, 3782446.693794506601989 ], [ 394948.016276703972835, 3782446.388606307096779 ], [ 394948.016276703972835, 3782446.083418108057231 ], [ 394947.71108850458404, 3782445.778229908552021 ], [ 394947.71108850458404, 3782445.473041709046811 ], [ 394947.405900305195246, 3782445.167853509541601 ], [ 394947.405900305195246, 3782440.590030518826097 ], [ 394947.71108850458404, 3782440.284842319320887 ], [ 394947.71108850458404, 3782439.064089521765709 ], [ 394948.016276703972835, 3782438.758901322260499 ], [ 394948.016276703972835, 3782438.14852492371574 ], [ 394948.32146490336163, 3782437.843336724210531 ], [ 394948.32146490336163, 3782436.927772126160562 ], [ 394948.931841302139219, 3782436.317395727150142 ], [ 394949.237029501528013, 3782436.317395727150142 ], [ 394949.542217700916808, 3782436.012207528110594 ], [ 394950.762970498471987, 3782436.012207528110594 ], [ 394951.068158697860781, 3782436.317395727150142 ], [ 394951.983723296027165, 3782436.317395727150142 ], [ 394952.28891149541596, 3782436.012207528110594 ], [ 394953.509664292971138, 3782436.012207528110594 ], [ 394953.509664292971138, 3782436.317395727150142 ], [ 394953.814852492359933, 3782436.622583926655352 ], [ 394953.814852492359933, 3782439.979654119815677 ], [ 394953.509664292971138, 3782440.284842319320887 ], [ 394953.509664292971138, 3782444.252288911491632 ], [ 394953.814852492359933, 3782444.557477110996842 ], [ 394953.814852492359933, 3782449.135300101712346 ], [ 394953.509664292971138, 3782449.440488301217556 ], [ 394951.068158697860781, 3782449.440488301217556 ] ] ] } },
{ "type": "Feature", "properties": { "confidence": 0.83049094676971436, "class": 1, "regularized": null }, "geometry": { "type": "Polygon", "coordinates": [ [ [ 394873.855544252262916, 3782476.297049847431481 ], [ 394873.245167853485327, 3782475.686673448421061 ], [ 394873.245167853485327, 3782474.465920650865883 ], [ 394872.939979654096533, 3782474.160732451826334 ], [ 394872.939979654096533, 3782473.855544252321124 ], [ 394872.634791454707738, 3782473.550356052815914 ], [ 394872.634791454707738, 3782473.245167853310704 ], [ 394872.329603255318943, 3782472.939979654271156 ], [ 394872.329603255318943, 3782471.719226856715977 ], [ 394872.024415055930149, 3782471.414038657210767 ], [ 394872.024415055930149, 3782464.699898270424455 ], [ 394872.329603255318943, 3782464.394710071384907 ], [ 394872.329603255318943, 3782464.089521871879697 ], [ 394873.855544252262916, 3782464.089521871879697 ], [ 394874.160732451651711, 3782464.394710071384907 ], [ 394875.381485249265097, 3782464.394710071384907 ], [ 394875.686673448653892, 3782464.699898270424455 ], [ 394875.686673448653892, 3782468.667344862595201 ], [ 394875.991861648042686, 3782468.97253306210041 ], [ 394875.991861648042686, 3782475.991861647926271 ], [ 394875.686673448653892, 3782476.297049847431481 ], [ 394873.855544252262916, 3782476.297049847431481 ] ] ] } },
{ "type": "Feature", "properties": { "confidence": 0.82976001501083374, "class": 1, "regularized": null }, "geometry": { "type": "Polygon", "coordinates": [ [ [ 395310.885045778239146, 3782648.423194303177297 ], [ 395310.885045778239146, 3782648.118006103672087 ], [ 395309.969481180072762, 3782647.202441505622119 ], [ 395309.969481180072762, 3782646.897253306116909 ], [ 395309.664292980683967, 3782646.592065106611699 ], [ 395309.664292980683967, 3782645.98168870806694 ], [ 395309.359104781295173, 3782645.67650050856173 ], [ 395309.359104781295173, 3782643.845371312461793 ], [ 395309.664292980683967, 3782643.540183112956583 ], [ 395309.664292980683967, 3782642.319430315401405 ], [ 395309.969481180072762, 3782642.014242115896195 ], [ 395310.274669379461557, 3782642.014242115896195 ], [ 395310.579857578850351, 3782641.709053916390985 ], [ 395311.19023397762794, 3782641.709053916390985 ], [ 395311.495422177016735, 3782641.403865717351437 ], [ 395313.021363173960708, 3782641.403865717351437 ], [ 395313.326551373349503, 3782641.098677517846227 ], [ 395314.852492370293476, 3782641.098677517846227 ], [ 395315.15768056968227, 3782641.403865717351437 ], [ 395316.988809766015038, 3782641.403865717351437 ], [ 395317.293997965403832, 3782641.098677517846227 ], [ 395318.819938962347806, 3782641.098677517846227 ], [ 395319.1251271617366, 3782640.793489318341017 ], [ 395319.430315361125395, 3782641.098677517846227 ], [ 395320.040691759902984, 3782641.098677517846227 ], [ 395320.345879959291779, 3782641.403865717351437 ], [ 395320.345879959291779, 3782642.014242115896195 ], [ 395320.651068158680573, 3782642.319430315401405 ], [ 395320.651068158680573, 3782647.202441505622119 ], [ 395319.735503560514189, 3782648.118006103672087 ], [ 395319.735503560514189, 3782648.423194303177297 ], [ 395310.885045778239146, 3782648.423194303177297 ] ] ] } },
{ "type": "Feature", "properties": { "confidence": 0.82938688993453979, "class": 1, "regularized": null }, "geometry": { "type": "Polygon", "coordinates": [ [ [ 395385.961342828057241, 3782616.378433367237449 ], [ 395385.656154628668446, 3782616.073245167732239 ], [ 395385.350966429279651, 3782616.073245167732239 ], [ 395385.045778229890857, 3782615.76805696869269 ], [ 395384.740590030502062, 3782615.76805696869269 ], [ 395384.435401831113268, 3782615.46286876918748 ], [ 395383.825025432335678, 3782615.46286876918748 ], [ 395383.214649033558089, 3782614.85249237017706 ], [ 395382.909460834169295, 3782614.85249237017706 ], [ 395382.909460834169295, 3782614.547304171137512 ], [ 395382.299084435391705, 3782613.936927772127092 ], [ 395382.299084435391705, 3782613.326551373116672 ], [ 395381.993896236002911, 3782613.021363174077123 ], [ 395381.993896236002911, 3782612.410986775066704 ], [ 395381.688708036614116, 3782612.105798575561494 ], [ 395381.688708036614116, 3782611.800610376521945 ], [ 395381.383519837225322, 3782611.495422177016735 ], [ 395381.383519837225322, 3782610.885045778006315 ], [ 395381.078331637836527, 3782610.579857578966767 ], [ 395381.078331637836527, 3782609.664292980451137 ], [ 395387.487283825001214, 3782609.664292980451137 ], [ 395387.487283825001214, 3782611.800610376521945 ], [ 395387.792472024390008, 3782612.105798575561494 ], [ 395387.792472024390008, 3782613.326551373116672 ], [ 395387.487283825001214, 3782613.631739572621882 ], [ 395387.487283825001214, 3782614.85249237017706 ], [ 395387.182095625612419, 3782615.15768056968227 ], [ 395387.182095625612419, 3782615.76805696869269 ], [ 395386.876907426223624, 3782616.073245167732239 ], [ 395386.57171922683483, 3782616.073245167732239 ], [ 395386.266531027446035, 3782616.378433367237449 ], [ 395385.961342828057241, 3782616.378433367237449 ] ] ] } },
{ "type": "Feature", "properties": { "confidence": 0.82415562868118286, "class": 1, "regularized": null }, "geometry": { "type": "Polygon", "coordinates": [ [ [ 395367.650050864671357, 3782739.369277721270919 ], [ 395367.344862665282562, 3782739.064089521765709 ], [ 395367.344862665282562, 3782736.927772126160562 ], [ 395367.039674465893768, 3782736.622583926655352 ], [ 395367.039674465893768, 3782736.317395727150142 ], [ 395366.734486266504973, 3782736.012207528110594 ], [ 395366.734486266504973, 3782735.401831129100174 ], [ 395366.429298067116179, 3782735.096642929594964 ], [ 395366.429298067116179, 3782732.655137334484607 ], [ 395366.734486266504973, 3782732.349949135445058 ], [ 395366.734486266504973, 3782732.044760935939848 ], [ 395367.039674465893768, 3782732.044760935939848 ], [ 395367.650050864671357, 3782731.434384536929429 ], [ 395367.955239064118359, 3782731.434384536929429 ], [ 395368.260427263507154, 3782731.12919633788988 ], [ 395368.565615462895948, 3782731.12919633788988 ], [ 395369.175991861673538, 3782730.51881993887946 ], [ 395370.396744659228716, 3782730.51881993887946 ], [ 395370.396744659228716, 3782730.82400813838467 ], [ 395370.701932858617511, 3782731.12919633788988 ], [ 395370.701932858617511, 3782731.739572736434639 ], [ 395371.922685656172689, 3782732.960325533989817 ], [ 395372.533062054950278, 3782732.960325533989817 ], [ 395372.838250254339073, 3782733.265513733495027 ], [ 395373.143438453727867, 3782733.265513733495027 ], [ 395374.059003051894251, 3782734.181078331544995 ], [ 395374.974567650060635, 3782734.181078331544995 ], [ 395374.974567650060635, 3782736.622583926655352 ], [ 395374.66937945067184, 3782736.927772126160562 ], [ 395374.66937945067184, 3782737.232960325665772 ], [ 395374.364191251283046, 3782737.538148524705321 ], [ 395374.364191251283046, 3782737.843336724210531 ], [ 395373.753814852505457, 3782737.843336724210531 ], [ 395373.143438453727867, 3782738.45371312322095 ], [ 395372.533062054950278, 3782738.45371312322095 ], [ 395372.227873855561484, 3782738.758901322260499 ], [ 395371.617497456783894, 3782738.758901322260499 ], [ 395371.3123092573951, 3782739.064089521765709 ], [ 395370.091556459839921, 3782739.064089521765709 ], [ 395369.786368260451127, 3782739.369277721270919 ], [ 395367.650050864671357, 3782739.369277721270919 ] ] ] } },
{ "type": "Feature", "properties": { "confidence": 0.82012557983398438, "class": 1, "regularized": null }, "geometry": { "type": "Polygon", "coordinates": [ [ [ 395226.9582909460878, 3782807.121057985816151 ], [ 395226.9582909460878, 3782806.815869786310941 ], [ 395226.653102746699005, 3782806.510681586805731 ], [ 395226.9582909460878, 3782806.205493387766182 ], [ 395226.9582909460878, 3782805.595116988755763 ], [ 395227.263479145476595, 3782805.289928789250553 ], [ 395227.263479145476595, 3782803.153611393645406 ], [ 395226.9582909460878, 3782802.848423194140196 ], [ 395226.9582909460878, 3782802.543234995100647 ], [ 395226.653102746699005, 3782802.238046795595437 ], [ 395226.653102746699005, 3782801.932858596090227 ], [ 395226.042726347921416, 3782801.322482197545469 ], [ 395226.042726347921416, 3782801.017293998040259 ], [ 395225.737538148532622, 3782800.712105798535049 ], [ 395225.737538148532622, 3782799.491353000979871 ], [ 395226.042726347921416, 3782799.186164801474661 ], [ 395226.347914547310211, 3782799.186164801474661 ], [ 395226.653102746699005, 3782798.880976602435112 ], [ 395226.9582909460878, 3782798.880976602435112 ], [ 395227.263479145476595, 3782798.575788402929902 ], [ 395227.873855544254184, 3782798.575788402929902 ], [ 395228.179043743642978, 3782798.270600203424692 ], [ 395230.620549338753335, 3782798.270600203424692 ], [ 395230.92573753814213, 3782798.575788402929902 ], [ 395230.92573753814213, 3782801.932858596090227 ], [ 395231.230925737530924, 3782802.238046795595437 ], [ 395231.230925737530924, 3782803.458799593150616 ], [ 395231.536113936919719, 3782803.763987792655826 ], [ 395231.536113936919719, 3782805.900305188260972 ], [ 395231.230925737530924, 3782806.205493387766182 ], [ 395230.92573753814213, 3782806.205493387766182 ], [ 395230.620549338753335, 3782806.510681586805731 ], [ 395229.094608341809362, 3782806.510681586805731 ], [ 395228.789420142420568, 3782806.815869786310941 ], [ 395227.873855544254184, 3782806.815869786310941 ], [ 395227.568667344865389, 3782807.121057985816151 ], [ 395226.9582909460878, 3782807.121057985816151 ] ] ] } },
{ "type": "Feature", "properties": { "confidence": 0.81851929426193237, "class": 1, "regularized": null }, "geometry": { "type": "Polygon", "coordinates": [ [ [ 395036.215666327567305, 3782633.774160732515156 ], [ 395035.605289928789716, 3782633.163784333504736 ], [ 395035.605289928789716, 3782632.858596134465188 ], [ 395035.300101729400922, 3782632.553407934959978 ], [ 395035.300101729400922, 3782630.111902339849621 ], [ 395034.994913530012127, 3782629.806714140344411 ], [ 395034.994913530012127, 3782628.280773143284023 ], [ 395035.300101729400922, 3782627.975584944244474 ], [ 395035.300101729400922, 3782627.670396744739264 ], [ 395035.605289928789716, 3782627.670396744739264 ], [ 395035.910478128178511, 3782627.365208545234054 ], [ 395037.131230925733689, 3782627.365208545234054 ], [ 395037.436419125122484, 3782627.060020345728844 ], [ 395038.962360122066457, 3782627.060020345728844 ], [ 395039.267548321455251, 3782627.365208545234054 ], [ 395039.572736520844046, 3782627.365208545234054 ], [ 395039.877924720232841, 3782627.670396744739264 ], [ 395040.183112919621635, 3782627.670396744739264 ], [ 395040.48830111901043, 3782627.975584944244474 ], [ 395040.793489318399224, 3782627.975584944244474 ], [ 395041.098677517788019, 3782628.280773143284023 ], [ 395041.709053916565608, 3782628.280773143284023 ], [ 395042.014242115954403, 3782628.585961342789233 ], [ 395042.014242115954403, 3782631.02746693789959 ], [ 395041.403865717176814, 3782631.637843336910009 ], [ 395041.098677517788019, 3782631.637843336910009 ], [ 395040.793489318399224, 3782631.943031535949558 ], [ 395040.48830111901043, 3782631.943031535949558 ], [ 395039.267548321455251, 3782633.163784333504736 ], [ 395038.962360122066457, 3782633.163784333504736 ], [ 395038.657171922677662, 3782633.468972533009946 ], [ 395038.046795523900073, 3782633.468972533009946 ], [ 395037.741607324511278, 3782633.774160732515156 ], [ 395036.215666327567305, 3782633.774160732515156 ] ] ] } },
{ "type": "Feature", "properties": { "confidence": 0.81698936223983765, "class": 1, "regularized": null }, "geometry": { "type": "Polygon", "coordinates": [ [ [ 394839.674465920659713, 3782475.381485249381512 ], [ 394839.369277721270919, 3782475.076297049876302 ], [ 394838.453713123104535, 3782475.076297049876302 ], [ 394838.453713123104535, 3782473.245167853310704 ], [ 394838.75890132249333, 3782472.939979654271156 ], [ 394839.369277721270919, 3782472.939979654271156 ], [ 394840.590030518826097, 3782471.719226856715977 ], [ 394840.590030518826097, 3782471.108850457705557 ], [ 394841.810783316381276, 3782471.108850457705557 ], [ 394841.810783316381276, 3782471.414038657210767 ], [ 394842.726347914547659, 3782472.329603255260736 ], [ 394843.031536113936454, 3782472.329603255260736 ], [ 394843.641912512714043, 3782472.939979654271156 ], [ 394843.947100712102838, 3782472.939979654271156 ], [ 394844.252288911491632, 3782473.245167853310704 ], [ 394844.557477110880427, 3782473.245167853310704 ], [ 394845.167853509658016, 3782473.855544252321124 ], [ 394845.167853509658016, 3782474.465920650865883 ], [ 394844.862665310269222, 3782474.771108850371093 ], [ 394844.557477110880427, 3782474.771108850371093 ], [ 394844.252288911491632, 3782475.076297049876302 ], [ 394842.726347914547659, 3782475.076297049876302 ], [ 394842.421159715158865, 3782475.381485249381512 ], [ 394839.674465920659713, 3782475.381485249381512 ] ] ] } },
{ "type": "Feature", "properties": { "confidence": 0.81692993640899658, "class": 1, "regularized": null }, "geometry": { "type": "Polygon", "coordinates": [ [ [ 394998.37232960324036, 3782458.290946083609015 ], [ 394998.067141403851565, 3782457.985757884103805 ], [ 394997.151576805685181, 3782457.985757884103805 ], [ 394996.846388606296387, 3782457.680569684598595 ], [ 394996.846388606296387, 3782457.070193286053836 ], [ 394997.151576805685181, 3782456.765005086548626 ], [ 394997.151576805685181, 3782456.459816887043417 ], [ 394997.456765005073976, 3782456.154628687538207 ], [ 394997.456765005073976, 3782455.544252288993448 ], [ 394997.76195320446277, 3782455.239064089488238 ], [ 394997.76195320446277, 3782454.01831129193306 ], [ 394997.456765005073976, 3782453.71312309242785 ], [ 394997.456765005073976, 3782451.881993896327913 ], [ 394998.067141403851565, 3782451.881993896327913 ], [ 394998.37232960324036, 3782451.576805696822703 ], [ 394999.593082400795538, 3782451.576805696822703 ], [ 394999.898270600184333, 3782451.881993896327913 ], [ 395001.424211597128306, 3782451.881993896327913 ], [ 395001.7293997965171, 3782451.576805696822703 ], [ 395002.950152594072279, 3782451.576805696822703 ], [ 395002.950152594072279, 3782452.492370294872671 ], [ 395003.255340793461073, 3782452.797558494377881 ], [ 395003.255340793461073, 3782454.32349949143827 ], [ 395002.950152594072279, 3782454.62868769094348 ], [ 395002.950152594072279, 3782457.375381485093385 ], [ 395002.644964394683484, 3782457.680569684598595 ], [ 395002.339776195294689, 3782457.680569684598595 ], [ 395002.034587995905895, 3782457.985757884103805 ], [ 395000.203458799573127, 3782457.985757884103805 ], [ 394999.898270600184333, 3782458.290946083609015 ], [ 394998.37232960324036, 3782458.290946083609015 ] ] ] } },
{ "type": "Feature", "properties": { "confidence": 0.81046158075332642, "class": 1, "regularized": null }, "geometry": { "type": "Polygon", "coordinates": [ [ [ 395276.093591047800146, 3782894.404883011244237 ], [ 395275.788402848411351, 3782894.099694811739028 ], [ 395273.346897253300995, 3782894.099694811739028 ], [ 395272.736520854523405, 3782893.489318413194269 ], [ 395272.736520854523405, 3782893.184130213689059 ], [ 395272.431332655134611, 3782892.878942014183849 ], [ 395272.431332655134611, 3782892.573753814678639 ], [ 395272.126144455745816, 3782892.268565615639091 ], [ 395272.126144455745816, 3782891.047812818083912 ], [ 395273.652085452689789, 3782889.521871821023524 ], [ 395273.652085452689789, 3782889.216683621518314 ], [ 395273.957273652078584, 3782889.216683621518314 ], [ 395274.262461851467378, 3782888.911495422013104 ], [ 395274.567650050856173, 3782888.911495422013104 ], [ 395275.178026449633762, 3782889.521871821023524 ], [ 395276.703967446577735, 3782889.521871821023524 ], [ 395277.00915564596653, 3782889.827060020528734 ], [ 395277.00915564596653, 3782890.132248219568282 ], [ 395277.924720244132914, 3782891.047812818083912 ], [ 395277.924720244132914, 3782891.353001017123461 ], [ 395278.229908443521708, 3782891.658189216628671 ], [ 395278.229908443521708, 3782891.963377416133881 ], [ 395278.535096642910503, 3782892.268565615639091 ], [ 395278.535096642910503, 3782893.489318413194269 ], [ 395278.229908443521708, 3782893.794506612233818 ], [ 395278.229908443521708, 3782894.099694811739028 ], [ 395277.619532044744119, 3782894.099694811739028 ], [ 395277.314343845355324, 3782894.404883011244237 ], [ 395276.093591047800146, 3782894.404883011244237 ] ] ] } },
{ "type": "Feature", "properties": { "confidence": 0.80680596828460693, "class": 1, "regularized": null }, "geometry": { "type": "Polygon", "coordinates": [ [ [ 394918.718209562590346, 3782848.016276704147458 ], [ 394918.413021363201551, 3782847.711088504642248 ], [ 394918.107833163812757, 3782847.711088504642248 ], [ 394917.802644964365754, 3782847.405900305137038 ], [ 394917.49745676497696, 3782847.405900305137038 ], [ 394916.88708036619937, 3782846.79552390659228 ], [ 394916.276703967421781, 3782846.79552390659228 ], [ 394915.971515768032987, 3782846.49033570708707 ], [ 394915.666327568644192, 3782846.49033570708707 ], [ 394915.361139369255397, 3782846.18514750758186 ], [ 394915.361139369255397, 3782844.964394710026681 ], [ 394915.666327568644192, 3782844.659206510521472 ], [ 394923.906408952199854, 3782844.659206510521472 ], [ 394923.601220752811059, 3782844.964394710026681 ], [ 394923.601220752811059, 3782845.87995930807665 ], [ 394923.296032553422265, 3782846.18514750758186 ], [ 394923.296032553422265, 3782846.49033570708707 ], [ 394922.99084435403347, 3782846.79552390659228 ], [ 394922.685656154644676, 3782846.79552390659228 ], [ 394921.464903357089497, 3782848.016276704147458 ], [ 394918.718209562590346, 3782848.016276704147458 ] ] ] } },
{ "type": "Feature", "properties": { "confidence": 0.80645424127578735, "class": 1, "regularized": null }, "geometry": { "type": "Polygon", "coordinates": [ [ [ 395263.580874872859567, 3782945.066124110016972 ], [ 395263.275686673470773, 3782944.760935910511762 ], [ 395262.970498474081978, 3782944.760935910511762 ], [ 395262.970498474081978, 3782944.455747711006552 ], [ 395262.360122075304389, 3782943.845371312461793 ], [ 395262.360122075304389, 3782943.540183112956583 ], [ 395261.139369277749211, 3782942.319430315401405 ], [ 395258.697863682580646, 3782942.319430315401405 ], [ 395258.392675483191852, 3782942.014242115896195 ], [ 395258.087487283803057, 3782942.014242115896195 ], [ 395258.087487283803057, 3782941.403865717351437 ], [ 395257.782299084414262, 3782941.098677517846227 ], [ 395257.782299084414262, 3782940.793489318341017 ], [ 395257.477110885025468, 3782940.488301118835807 ], [ 395257.477110885025468, 3782939.877924720291048 ], [ 395257.171922685636673, 3782939.572736520785838 ], [ 395257.171922685636673, 3782938.96236012224108 ], [ 395256.866734486247879, 3782938.65717192273587 ], [ 395256.866734486247879, 3782938.35198372323066 ], [ 395257.171922685636673, 3782938.04679552372545 ], [ 395257.171922685636673, 3782937.741607324685901 ], [ 395257.782299084414262, 3782937.741607324685901 ], [ 395258.087487283803057, 3782937.436419125180691 ], [ 395258.392675483191852, 3782937.436419125180691 ], [ 395258.697863682580646, 3782937.131230925675482 ], [ 395259.003051881969441, 3782937.131230925675482 ], [ 395259.308240081358235, 3782936.826042726170272 ], [ 395259.61342828074703, 3782936.826042726170272 ], [ 395261.444557477138005, 3782934.994913530070335 ], [ 395261.444557477138005, 3782934.689725330565125 ], [ 395261.7497456765268, 3782934.689725330565125 ], [ 395262.054933875915594, 3782934.384537131059915 ], [ 395265.412004069192335, 3782934.384537131059915 ], [ 395265.412004069192335, 3782935.605289928615093 ], [ 395265.10681586980354, 3782935.910478128120303 ], [ 395265.10681586980354, 3782937.436419125180691 ], [ 395264.801627670414746, 3782937.741607324685901 ], [ 395264.801627670414746, 3782940.183112919796258 ], [ 395265.10681586980354, 3782940.488301118835807 ], [ 395265.10681586980354, 3782942.929806713946164 ], [ 395264.801627670414746, 3782943.234994913451374 ], [ 395264.801627670414746, 3782944.150559511501342 ], [ 395263.886063072248362, 3782945.066124110016972 ], [ 395263.580874872859567, 3782945.066124110016972 ] ] ] } },
{ "type": "Feature", "properties": { "confidence": 0.80538642406463623, "class": 1, "regularized": null }, "geometry": { "type": "Polygon", "coordinates": [ [ [ 394874.7711088504293, 3782765.005086469929665 ], [ 394874.465920651040506, 3782764.699898270424455 ], [ 394873.550356052874122, 3782764.699898270424455 ], [ 394873.245167853485327, 3782764.394710071384907 ], [ 394873.245167853485327, 3782764.089521871879697 ], [ 394872.329603255318943, 3782763.173957273829728 ], [ 394872.634791454707738, 3782762.868769074324518 ], [ 394872.634791454707738, 3782762.258392675314099 ], [ 394873.245167853485327, 3782761.64801627676934 ], [ 394873.245167853485327, 3782761.03763987775892 ], [ 394873.550356052874122, 3782760.732451678719372 ], [ 394873.855544252262916, 3782760.732451678719372 ], [ 394874.160732451651711, 3782760.427263479214162 ], [ 394876.297049847431481, 3782760.427263479214162 ], [ 394876.602238046820275, 3782760.122075279708952 ], [ 394883.316378433373757, 3782760.122075279708952 ], [ 394883.621566632762551, 3782759.816887080203742 ], [ 394887.589013224816881, 3782759.816887080203742 ], [ 394887.894201424205676, 3782760.122075279708952 ], [ 394888.504577822983265, 3782760.122075279708952 ], [ 394888.80976602237206, 3782760.427263479214162 ], [ 394889.114954221760854, 3782760.427263479214162 ], [ 394889.114954221760854, 3782760.732451678719372 ], [ 394889.420142421149649, 3782761.03763987775892 ], [ 394889.420142421149649, 3782761.64801627676934 ], [ 394889.725330620538443, 3782761.95320447627455 ], [ 394889.725330620538443, 3782762.258392675314099 ], [ 394889.420142421149649, 3782762.563580874819309 ], [ 394889.420142421149649, 3782763.479145472869277 ], [ 394889.114954221760854, 3782763.784333672374487 ], [ 394889.114954221760854, 3782764.089521871879697 ], [ 394888.19938962359447, 3782765.005086469929665 ], [ 394874.7711088504293, 3782765.005086469929665 ] ] ] } },
{ "type": "Feature", "properties": { "confidence": 0.8032723069190979, "class": 1, "regularized": null }, "geometry": { "type": "Polygon", "coordinates": [ [ [ 394955.6459816886927, 3782732.960325533989817 ], [ 394955.340793489303906, 3782732.655137334484607 ], [ 394952.594099694804754, 3782732.655137334484607 ], [ 394952.28891149541596, 3782732.349949135445058 ], [ 394952.28891149541596, 3782729.298067141324282 ], [ 394951.983723296027165, 3782728.992878941819072 ], [ 394952.28891149541596, 3782728.992878941819072 ], [ 394952.899287894193549, 3782728.382502543274313 ], [ 394952.899287894193549, 3782728.077314343769103 ], [ 394953.204476093582343, 3782728.077314343769103 ], [ 394953.509664292971138, 3782727.772126144263893 ], [ 394954.120040691748727, 3782727.772126144263893 ], [ 394954.425228891137522, 3782727.466937945224345 ], [ 394955.951169888081495, 3782727.466937945224345 ], [ 394955.951169888081495, 3782732.960325533989817 ], [ 394955.6459816886927, 3782732.960325533989817 ] ] ] } },
{ "type": "Feature", "properties": { "confidence": 0.80182772874832153, "class": 1, "regularized": null }, "geometry": { "type": "Polygon", "coordinates": [ [ [ 395299.287894201406743, 3782465.310274669434875 ], [ 395298.982706002017949, 3782465.005086469929665 ], [ 395298.982706002017949, 3782464.699898270424455 ], [ 395298.677517802629154, 3782464.394710071384907 ], [ 395298.677517802629154, 3782462.868769074324518 ], [ 395298.37232960324036, 3782462.563580874819309 ], [ 395298.37232960324036, 3782462.258392675314099 ], [ 395298.067141403851565, 3782461.95320447627455 ], [ 395298.067141403851565, 3782461.34282807726413 ], [ 395297.76195320446277, 3782461.03763987775892 ], [ 395297.76195320446277, 3782458.596134282648563 ], [ 395298.067141403851565, 3782458.596134282648563 ], [ 395298.37232960324036, 3782458.290946083609015 ], [ 395302.339776195294689, 3782458.290946083609015 ], [ 395302.644964394683484, 3782457.985757884103805 ], [ 395306.612410986796021, 3782457.985757884103805 ], [ 395306.612410986796021, 3782460.122075279708952 ], [ 395306.307222787407227, 3782460.427263479214162 ], [ 395306.307222787407227, 3782461.95320447627455 ], [ 395305.086469989852048, 3782463.173957273829728 ], [ 395305.086469989852048, 3782464.394710071384907 ], [ 395304.170905391685665, 3782465.310274669434875 ], [ 395299.287894201406743, 3782465.310274669434875 ] ] ] } },
{ "type": "Feature", "properties": { "confidence": 0.79875653982162476, "class": 1, "regularized": null }, "geometry": { "type": "Polygon", "coordinates": [ [ [ 395023.397761953179725, 3782620.956256357952952 ], [ 395021.261444557458162, 3782618.819938962347806 ], [ 395021.261444557458162, 3782618.209562563803047 ], [ 395020.956256358069368, 3782617.904374364297837 ], [ 395020.956256358069368, 3782615.46286876918748 ], [ 395020.651068158680573, 3782615.15768056968227 ], [ 395020.651068158680573, 3782614.85249237017706 ], [ 395020.956256358069368, 3782614.547304171137512 ], [ 395020.956256358069368, 3782614.242115971632302 ], [ 395021.261444557458162, 3782613.936927772127092 ], [ 395021.566632756846957, 3782613.936927772127092 ], [ 395021.871820956235752, 3782613.631739572621882 ], [ 395022.177009155624546, 3782613.631739572621882 ], [ 395022.482197355013341, 3782613.326551373116672 ], [ 395023.397761953179725, 3782613.326551373116672 ], [ 395023.702950152568519, 3782613.021363174077123 ], [ 395024.313326551346108, 3782613.021363174077123 ], [ 395024.618514750734903, 3782612.716174974571913 ], [ 395025.2288911495707, 3782612.716174974571913 ], [ 395025.534079348959494, 3782612.410986775066704 ], [ 395027.365208545292262, 3782612.410986775066704 ], [ 395027.365208545292262, 3782614.547304171137512 ], [ 395027.670396744681057, 3782614.85249237017706 ], [ 395027.670396744681057, 3782615.15768056968227 ], [ 395027.975584944069851, 3782615.46286876918748 ], [ 395027.975584944069851, 3782615.76805696869269 ], [ 395028.891149542236235, 3782616.683621566742659 ], [ 395028.891149542236235, 3782616.988809766247869 ], [ 395029.19633774162503, 3782617.293997965287417 ], [ 395029.19633774162503, 3782618.209562563803047 ], [ 395028.891149542236235, 3782618.514750762842596 ], [ 395028.891149542236235, 3782618.819938962347806 ], [ 395027.975584944069851, 3782619.735503560397774 ], [ 395027.670396744681057, 3782619.735503560397774 ], [ 395027.365208545292262, 3782620.040691759902984 ], [ 395026.754832146514673, 3782620.040691759902984 ], [ 395026.449643947125878, 3782620.345879959408194 ], [ 395025.839267548348289, 3782620.345879959408194 ], [ 395025.534079348959494, 3782620.651068158913404 ], [ 395024.923702950123698, 3782620.651068158913404 ], [ 395024.618514750734903, 3782620.956256357952952 ], [ 395023.397761953179725, 3782620.956256357952952 ] ] ] } },
{ "type": "Feature", "properties": { "confidence": 0.79704523086547852, "class": 1, "regularized": null }, "geometry": { "type": "Polygon", "coordinates": [ [ [ 395389.623601220780984, 3782801.017293998040259 ], [ 395389.318413021392189, 3782800.712105798535049 ], [ 395388.708036622556392, 3782800.712105798535049 ], [ 395388.097660223778803, 3782800.10172939999029 ], [ 395388.097660223778803, 3782799.79654120048508 ], [ 395387.487283825001214, 3782799.186164801474661 ], [ 395387.487283825001214, 3782798.880976602435112 ], [ 395387.182095625612419, 3782798.575788402929902 ], [ 395387.182095625612419, 3782798.270600203424692 ], [ 395386.876907426223624, 3782797.965412003919482 ], [ 395386.876907426223624, 3782797.355035605374724 ], [ 395386.57171922683483, 3782797.049847405869514 ], [ 395386.57171922683483, 3782794.303153611253947 ], [ 395387.182095625612419, 3782793.692777212709188 ], [ 395387.792472024390008, 3782793.692777212709188 ], [ 395388.708036622556392, 3782792.77721261465922 ], [ 395388.708036622556392, 3782792.47202441515401 ], [ 395389.013224821945187, 3782792.47202441515401 ], [ 395389.318413021392189, 3782792.1668362156488 ], [ 395391.759918616502546, 3782792.1668362156488 ], [ 395392.06510681589134, 3782792.47202441515401 ], [ 395392.06510681589134, 3782793.692777212709188 ], [ 395392.370295015280135, 3782793.997965412214398 ], [ 395392.06510681589134, 3782794.303153611253947 ], [ 395392.06510681589134, 3782796.439471007324755 ], [ 395391.759918616502546, 3782796.744659206364304 ], [ 395391.759918616502546, 3782797.965412003919482 ], [ 395391.454730417113751, 3782798.270600203424692 ], [ 395391.454730417113751, 3782799.186164801474661 ], [ 395391.149542217724957, 3782799.491353000979871 ], [ 395391.149542217724957, 3782800.406917599029839 ], [ 395390.844354018336162, 3782800.712105798535049 ], [ 395390.844354018336162, 3782801.017293998040259 ], [ 395389.623601220780984, 3782801.017293998040259 ] ] ] } },
{ "type": "Feature", "properties": { "confidence": 0.78974694013595581, "class": 1, "regularized": null }, "geometry": { "type": "Polygon", "coordinates": [ [ [ 395116.480162767053116, 3782752.492370294872671 ], [ 395115.869786368275527, 3782751.881993896327913 ], [ 395115.869786368275527, 3782751.271617497317493 ], [ 395115.564598168886732, 3782750.966429298277944 ], [ 395115.564598168886732, 3782750.661241098772734 ], [ 395115.259409969497938, 3782750.356052899267524 ], [ 395115.259409969497938, 3782750.050864699762315 ], [ 395114.954221770109143, 3782749.745676500722766 ], [ 395114.954221770109143, 3782749.440488301217556 ], [ 395114.649033570720349, 3782749.135300101712346 ], [ 395114.649033570720349, 3782748.524923703167588 ], [ 395114.343845371331554, 3782748.219735503662378 ], [ 395114.343845371331554, 3782747.609359104651958 ], [ 395113.733468972553965, 3782746.998982706107199 ], [ 395113.733468972553965, 3782746.693794506601989 ], [ 395113.42828077316517, 3782746.388606307096779 ], [ 395113.42828077316517, 3782746.083418108057231 ], [ 395113.123092573776376, 3782745.778229908552021 ], [ 395113.123092573776376, 3782744.862665310502052 ], [ 395113.42828077316517, 3782744.557477110996842 ], [ 395114.343845371331554, 3782744.557477110996842 ], [ 395114.649033570720349, 3782744.252288911491632 ], [ 395115.259409969497938, 3782744.252288911491632 ], [ 395115.564598168886732, 3782744.557477110996842 ], [ 395117.090539165830705, 3782744.557477110996842 ], [ 395117.090539165830705, 3782746.388606307096779 ], [ 395117.3957273652195, 3782746.693794506601989 ], [ 395117.3957273652195, 3782746.998982706107199 ], [ 395118.006103763997089, 3782747.609359104651958 ], [ 395118.006103763997089, 3782748.219735503662378 ], [ 395118.311291963385884, 3782748.524923703167588 ], [ 395118.311291963385884, 3782749.135300101712346 ], [ 395118.616480162774678, 3782749.440488301217556 ], [ 395118.311291963385884, 3782749.745676500722766 ], [ 395118.311291963385884, 3782750.050864699762315 ], [ 395118.006103763997089, 3782750.356052899267524 ], [ 395118.006103763997089, 3782750.661241098772734 ], [ 395117.700915564608295, 3782750.966429298277944 ], [ 395117.700915564608295, 3782751.271617497317493 ], [ 395117.3957273652195, 3782751.576805696822703 ], [ 395117.3957273652195, 3782751.881993896327913 ], [ 395116.785350966441911, 3782752.492370294872671 ], [ 395116.480162767053116, 3782752.492370294872671 ] ] ] } },
{ "type": "Feature", "properties": { "confidence": 0.78787308931350708, "class": 1, "regularized": null }, "geometry": { "type": "Polygon", "coordinates": [ [ [ 395052.390640895231627, 3782497.965412003919482 ], [ 395051.780264496454038, 3782497.355035605374724 ], [ 395051.780264496454038, 3782496.134282807819545 ], [ 395051.169888097676449, 3782495.523906408809125 ], [ 395051.169888097676449, 3782495.218718209769577 ], [ 395050.864699898287654, 3782494.913530010264367 ], [ 395050.864699898287654, 3782493.082400813698769 ], [ 395057.88402848422993, 3782493.082400813698769 ], [ 395057.88402848422993, 3782493.997965412214398 ], [ 395057.578840284841135, 3782494.303153611253947 ], [ 395054.221770091564395, 3782494.303153611253947 ], [ 395053.611393692786805, 3782494.913530010264367 ], [ 395053.611393692786805, 3782495.523906408809125 ], [ 395053.9165818921756, 3782495.829094608314335 ], [ 395054.526958290953189, 3782495.829094608314335 ], [ 395054.832146490341984, 3782495.523906408809125 ], [ 395056.052899287897162, 3782495.523906408809125 ], [ 395056.358087487285957, 3782495.829094608314335 ], [ 395056.358087487285957, 3782496.134282807819545 ], [ 395056.052899287897162, 3782496.439471007324755 ], [ 395056.052899287897162, 3782496.744659206364304 ], [ 395055.442522889119573, 3782496.744659206364304 ], [ 395055.137334689730778, 3782497.049847405869514 ], [ 395054.832146490341984, 3782497.049847405869514 ], [ 395054.221770091564395, 3782497.660223804879934 ], [ 395053.9165818921756, 3782497.660223804879934 ], [ 395053.611393692786805, 3782497.965412003919482 ], [ 395052.390640895231627, 3782497.965412003919482 ] ] ] } },
{ "type": "Feature", "properties": { "confidence": 0.7873232364654541, "class": 1, "regularized": "rectangle" }, "geometry": { "type": "Polygon", "coordinates": [ [ [ 394876.0, 3782595.75 ], [ 394889.375, 3782595.75 ], [ 394889.375, 3782604.25 ], [ 394876.0, 3782604.25 ], [ 394876.0, 3782595.75 ] ] ] } },
{ "type": "Feature", "properties": { "confidence": 0.78712654113769531, "class": 1, "regularized": null }, "geometry": { "type": "Polygon", "coordinates": [ [ [ 395267.548321464913897, 3782849.847405900247395 ], [ 395267.243133265525103, 3782849.542217700742185 ], [ 395266.632756866747513, 3782849.542217700742185 ], [ 395266.327568667358719, 3782849.237029501702636 ], [ 395266.022380467969924, 3782849.237029501702636 ], [ 395265.412004069192335, 3782848.626653102692217 ], [ 395265.10681586980354, 3782848.626653102692217 ], [ 395264.801627670414746, 3782848.321464903187007 ], [ 395264.801627670414746, 3782847.711088504642248 ], [ 395264.496439471025951, 3782847.405900305137038 ], [ 395264.496439471025951, 3782847.100712105631828 ], [ 395263.580874872859567, 3782846.18514750758186 ], [ 395263.580874872859567, 3782845.87995930807665 ], [ 395263.275686673470773, 3782845.574771109037101 ], [ 395263.275686673470773, 3782844.659206510521472 ], [ 395272.736520854523405, 3782844.659206510521472 ], [ 395272.736520854523405, 3782845.269582909531891 ], [ 395273.0417090539122, 3782845.574771109037101 ], [ 395273.0417090539122, 3782845.87995930807665 ], [ 395273.346897253300995, 3782846.18514750758186 ], [ 395272.736520854523405, 3782846.79552390659228 ], [ 395272.431332655134611, 3782846.79552390659228 ], [ 395272.126144455745816, 3782847.100712105631828 ], [ 395272.126144455745816, 3782848.016276704147458 ], [ 395271.820956256357022, 3782848.321464903187007 ], [ 395271.515768056968227, 3782848.321464903187007 ], [ 395271.210579857579432, 3782848.626653102692217 ], [ 395271.210579857579432, 3782848.931841302197427 ], [ 395270.295015259413049, 3782849.847405900247395 ], [ 395267.548321464913897, 3782849.847405900247395 ] ] ] } },
{ "type": "Feature", "properties": { "confidence": 0.78553992509841919, "class": 1, "regularized": null }, "geometry": { "type": "Polygon", "coordinates": [ [ [ 395214.445574771089014, 3782749.135300101712346 ], [ 395214.140386571700219, 3782748.830111902207136 ], [ 395214.140386571700219, 3782748.524923703167588 ], [ 395213.835198372311424, 3782748.219735503662378 ], [ 395213.835198372311424, 3782747.609359104651958 ], [ 395214.140386571700219, 3782747.304170905612409 ], [ 395214.140386571700219, 3782745.473041709046811 ], [ 395213.835198372311424, 3782745.167853509541601 ], [ 395213.835198372311424, 3782744.862665310502052 ], [ 395213.53001017292263, 3782744.557477110996842 ], [ 395213.53001017292263, 3782744.252288911491632 ], [ 395213.835198372311424, 3782743.947100711986423 ], [ 395213.835198372311424, 3782743.641912512946874 ], [ 395214.445574771089014, 3782743.641912512946874 ], [ 395214.750762970477808, 3782743.336724313441664 ], [ 395215.361139369255397, 3782743.336724313441664 ], [ 395215.666327568644192, 3782743.031536113936454 ], [ 395216.276703967421781, 3782743.031536113936454 ], [ 395216.581892166810576, 3782742.726347914431244 ], [ 395218.413021363201551, 3782742.726347914431244 ], [ 395219.328585961367935, 3782743.641912512946874 ], [ 395220.854526958311908, 3782743.641912512946874 ], [ 395221.159715157700703, 3782743.947100711986423 ], [ 395221.159715157700703, 3782746.693794506601989 ], [ 395220.854526958311908, 3782746.998982706107199 ], [ 395220.549338758923113, 3782746.998982706107199 ], [ 395220.244150559534319, 3782747.304170905612409 ], [ 395219.938962360145524, 3782747.304170905612409 ], [ 395219.63377416075673, 3782747.609359104651958 ], [ 395219.328585961367935, 3782747.609359104651958 ], [ 395219.02339776197914, 3782747.914547304157168 ], [ 395218.718209562590346, 3782747.914547304157168 ], [ 395218.413021363201551, 3782748.219735503662378 ], [ 395218.107833163812757, 3782748.219735503662378 ], [ 395217.802644964365754, 3782748.524923703167588 ], [ 395217.192268565588165, 3782748.524923703167588 ], [ 395216.88708036619937, 3782748.830111902207136 ], [ 395216.581892166810576, 3782748.830111902207136 ], [ 395216.276703967421781, 3782749.135300101712346 ], [ 395214.445574771089014, 3782749.135300101712346 ] ] ] } },
{ "type": "Feature", "properties": { "confidence": 0.78371638059616089, "class": 1, "regularized": null }, "geometry": { "type": "Polygon", "coordinates": [ [ [ 394861.037639877933543, 3782537.334689725190401 ], [ 394860.732451678544749, 3782537.029501526150852 ], [ 394860.122075279767159, 3782537.029501526150852 ], [ 394860.122075279767159, 3782536.419125127140433 ], [ 394860.427263479155954, 3782536.113936927635223 ], [ 394860.427263479155954, 3782534.587995931040496 ], [ 394860.122075279767159, 3782534.282807731535286 ], [ 394860.427263479155954, 3782533.977619532030076 ], [ 394860.427263479155954, 3782531.841302136424929 ], [ 394866.225839267543051, 3782531.841302136424929 ], [ 394866.225839267543051, 3782534.893184130080044 ], [ 394866.531027466931846, 3782535.198372329585254 ], [ 394866.531027466931846, 3782536.724313326645643 ], [ 394866.225839267543051, 3782537.029501526150852 ], [ 394864.699898270599078, 3782537.029501526150852 ], [ 394864.394710071210284, 3782537.334689725190401 ], [ 394861.037639877933543, 3782537.334689725190401 ] ] ] } },
{ "type": "Feature", "properties": { "confidence": 0.78352981805801392, "class": 1, "regularized": null }, "geometry": { "type": "Polygon", "coordinates": [ [ [ 394932.146490335697308, 3782970.091556459665298 ], [ 394931.841302136308514, 3782969.78636826062575 ], [ 394931.230925737530924, 3782969.78636826062575 ], [ 394930.92573753814213, 3782969.48118006112054 ], [ 394930.315361139364541, 3782969.48118006112054 ], [ 394929.704984740586951, 3782968.87080366211012 ], [ 394929.704984740586951, 3782967.955239064060152 ], [ 394930.010172939975746, 3782967.650050864554942 ], [ 394930.010172939975746, 3782966.124109867960215 ], [ 394930.315361139364541, 3782965.818921668455005 ], [ 394930.315361139364541, 3782964.598168870899826 ], [ 394930.620549338753335, 3782964.292980671394616 ], [ 394930.620549338753335, 3782963.072227873839438 ], [ 394930.92573753814213, 3782962.767039674334228 ], [ 394930.92573753814213, 3782962.461851475294679 ], [ 394931.841302136308514, 3782961.54628687677905 ], [ 394933.062054933863692, 3782961.54628687677905 ], [ 394933.367243133252487, 3782961.241098677739501 ], [ 394933.672431332641281, 3782961.241098677739501 ], [ 394933.977619532030076, 3782961.54628687677905 ], [ 394934.587995930807665, 3782961.54628687677905 ], [ 394934.89318413019646, 3782961.85147507628426 ], [ 394934.89318413019646, 3782967.039674466010183 ], [ 394935.198372329585254, 3782967.344862665515393 ], [ 394935.198372329585254, 3782968.87080366211012 ], [ 394934.89318413019646, 3782969.17599186161533 ], [ 394934.89318413019646, 3782969.48118006112054 ], [ 394934.587995930807665, 3782969.48118006112054 ], [ 394933.977619532030076, 3782970.091556459665298 ], [ 394932.146490335697308, 3782970.091556459665298 ] ] ] } },
{ "type": "Feature", "properties": { "confidence": 0.78339964151382446, "class": 1, "regularized": null }, "geometry": { "type": "Polygon", "coordinates": [ [ [ 394959.308240081358235, 3782781.790437436196953 ], [ 394959.003051881969441, 3782781.485249237157404 ], [ 394958.697863682580646, 3782781.485249237157404 ], [ 394958.697863682580646, 3782780.569684638641775 ], [ 394958.392675483191852, 3782780.264496439602226 ], [ 394958.392675483191852, 3782779.654120040591806 ], [ 394958.087487283803057, 3782779.348931841086596 ], [ 394958.087487283803057, 3782778.433367243036628 ], [ 394957.782299084414262, 3782778.128179043531418 ], [ 394957.782299084414262, 3782777.212614445481449 ], [ 394957.477110885025468, 3782776.907426245976239 ], [ 394957.477110885025468, 3782775.991861647926271 ], [ 394958.087487283803057, 3782775.381485249381512 ], [ 394958.697863682580646, 3782775.381485249381512 ], [ 394959.003051881969441, 3782775.076297049876302 ], [ 394959.308240081358235, 3782775.076297049876302 ], [ 394959.61342828074703, 3782774.771108850371093 ], [ 394963.275686673470773, 3782774.771108850371093 ], [ 394963.275686673470773, 3782775.076297049876302 ], [ 394963.580874872859567, 3782775.381485249381512 ], [ 394963.580874872859567, 3782775.991861647926271 ], [ 394963.886063072248362, 3782776.297049847431481 ], [ 394963.886063072248362, 3782776.602238046936691 ], [ 394964.191251271637157, 3782776.907426245976239 ], [ 394964.191251271637157, 3782779.654120040591806 ], [ 394963.580874872859567, 3782780.264496439602226 ], [ 394963.275686673470773, 3782780.264496439602226 ], [ 394962.665310274693184, 3782780.874872838146985 ], [ 394962.054933875915594, 3782780.874872838146985 ], [ 394961.7497456765268, 3782781.180061037652194 ], [ 394961.444557477138005, 3782781.180061037652194 ], [ 394961.139369277749211, 3782781.485249237157404 ], [ 394960.528992878913414, 3782781.485249237157404 ], [ 394960.223804679524619, 3782781.790437436196953 ], [ 394959.308240081358235, 3782781.790437436196953 ] ] ] } },
{ "type": "Feature", "properties": { "confidence": 0.78078478574752808, "class": 1, "regularized": null }, "geometry": { "type": "Polygon", "coordinates": [ [ [ 395386.266531027446035, 3782578.229908443521708 ], [ 395386.266531027446035, 3782577.924720244016498 ], [ 395385.961342828057241, 3782577.61953204497695 ], [ 395385.961342828057241, 3782577.00915564596653 ], [ 395386.266531027446035, 3782576.70396744646132 ], [ 395386.266531027446035, 3782576.093591047916561 ], [ 395385.961342828057241, 3782575.788402848411351 ], [ 395385.961342828057241, 3782575.483214648906142 ], [ 395386.266531027446035, 3782575.178026449866593 ], [ 395386.266531027446035, 3782574.872838250361383 ], [ 395386.57171922683483, 3782574.567650050856173 ], [ 395387.487283825001214, 3782574.567650050856173 ], [ 395387.792472024390008, 3782574.262461851350963 ], [ 395388.097660223778803, 3782574.262461851350963 ], [ 395388.402848423167598, 3782573.957273652311414 ], [ 395389.318413021392189, 3782573.957273652311414 ], [ 395389.623601220780984, 3782573.652085452806205 ], [ 395389.928789420169778, 3782573.652085452806205 ], [ 395390.233977619558573, 3782573.346897253300995 ], [ 395390.539165818947367, 3782573.346897253300995 ], [ 395390.844354018336162, 3782573.041709053795785 ], [ 395392.67548321466893, 3782573.041709053795785 ], [ 395392.67548321466893, 3782575.483214648906142 ], [ 395392.370295015280135, 3782575.788402848411351 ], [ 395392.06510681589134, 3782575.788402848411351 ], [ 395391.759918616502546, 3782576.093591047916561 ], [ 395391.454730417113751, 3782576.093591047916561 ], [ 395391.149542217724957, 3782576.398779247421771 ], [ 395390.539165818947367, 3782576.398779247421771 ], [ 395390.233977619558573, 3782576.70396744646132 ], [ 395389.928789420169778, 3782576.70396744646132 ], [ 395389.318413021392189, 3782577.31434384547174 ], [ 395389.013224821945187, 3782577.31434384547174 ], [ 395388.708036622556392, 3782577.61953204497695 ], [ 395388.402848423167598, 3782577.61953204497695 ], [ 395388.097660223778803, 3782577.924720244016498 ], [ 395387.792472024390008, 3782577.924720244016498 ], [ 395387.487283825001214, 3782578.229908443521708 ], [ 395386.266531027446035, 3782578.229908443521708 ] ] ] } },
{ "type": "Feature", "properties": { "confidence": 0.7793809175491333, "class": 1, "regularized": null }, "geometry": { "type": "Polygon", "coordinates": [ [ [ 395273.346897253300995, 3782439.674465920776129 ], [ 395273.346897253300995, 3782433.875890132039785 ], [ 395273.652085452689789, 3782433.570701933000237 ], [ 395273.652085452689789, 3782432.960325533989817 ], [ 395273.957273652078584, 3782432.655137334484607 ], [ 395273.957273652078584, 3782431.739572736434639 ], [ 395274.262461851467378, 3782431.434384536929429 ], [ 395275.788402848411351, 3782431.434384536929429 ], [ 395276.093591047800146, 3782431.739572736434639 ], [ 395276.703967446577735, 3782431.739572736434639 ], [ 395277.00915564596653, 3782432.044760935939848 ], [ 395277.924720244132914, 3782432.044760935939848 ], [ 395277.924720244132914, 3782434.791454730555415 ], [ 395277.314343845355324, 3782435.401831129100174 ], [ 395276.703967446577735, 3782435.401831129100174 ], [ 395276.093591047800146, 3782436.012207528110594 ], [ 395276.093591047800146, 3782436.927772126160562 ], [ 395275.788402848411351, 3782437.232960325665772 ], [ 395275.788402848411351, 3782438.758901322260499 ], [ 395274.872838250244968, 3782439.674465920776129 ], [ 395273.346897253300995, 3782439.674465920776129 ] ] ] } },
{ "type": "Feature", "properties": { "confidence": 0.77843970060348511, "class": 1, "regularized": null }, "geometry": { "type": "Polygon", "coordinates": [ [ [ 394941.912512716196943, 3782882.807731434237212 ], [ 394941.912512716196943, 3782882.502543235197663 ], [ 394941.607324516808148, 3782882.197355035692453 ], [ 394941.607324516808148, 3782881.892166836187243 ], [ 394941.302136317419354, 3782881.586978636682034 ], [ 394941.302136317419354, 3782878.840284842532128 ], [ 394941.607324516808148, 3782878.535096643026918 ], [ 394941.607324516808148, 3782875.483214648906142 ], [ 394941.302136317419354, 3782875.178026449866593 ], [ 394941.302136317419354, 3782873.957273652311414 ], [ 394942.217700915585738, 3782873.041709053795785 ], [ 394943.438453713140916, 3782873.041709053795785 ], [ 394943.743641912529711, 3782872.736520854756236 ], [ 394944.048830111918505, 3782873.041709053795785 ], [ 394944.3540183113073, 3782873.041709053795785 ], [ 394944.3540183113073, 3782873.346897253300995 ], [ 394944.659206510696094, 3782873.652085452806205 ], [ 394946.795523906417657, 3782873.652085452806205 ], [ 394947.405900305195246, 3782874.262461851350963 ], [ 394947.405900305195246, 3782876.093591047916561 ], [ 394946.795523906417657, 3782876.70396744646132 ], [ 394946.795523906417657, 3782877.31434384547174 ], [ 394946.185147507640067, 3782877.924720244016498 ], [ 394946.185147507640067, 3782878.840284842532128 ], [ 394945.879959308251273, 3782879.145473041571677 ], [ 394945.879959308251273, 3782879.755849440582097 ], [ 394945.574771108862478, 3782880.061037640087306 ], [ 394945.574771108862478, 3782881.586978636682034 ], [ 394945.269582909473684, 3782881.892166836187243 ], [ 394945.269582909473684, 3782882.197355035692453 ], [ 394944.964394710084889, 3782882.502543235197663 ], [ 394944.964394710084889, 3782882.807731434237212 ], [ 394941.912512716196943, 3782882.807731434237212 ] ] ] } },
{ "type": "Feature", "properties": { "confidence": 0.77825242280960083, "class": 1, "regularized": "rectangle" }, "geometry": { "type": "Polygon", "coordinates": [ [ [ 395078.03125, 3782448.25 ], [ 395090.84375, 3782448.25 ], [ 395090.84375, 3782457.75 ], [ 395078.03125, 3782457.75 ], [ 395078.03125, 3782448.25 ] ] ] } },
{ "type": "Feature", "properties": { "confidence": 0.77185404300689697, "class": 1, "regularized": "rectangle" }, "geometry": { "type": "Polygon", "coordinates": [ [ [ 394801.875, 3782731.75 ], [ 394813.125, 3782731.75 ], [ 394813.125, 3782742.75 ], [ 394801.875, 3782742.75 ], [ 394801.875, 3782731.75 ] ] ] } },
{ "type": "Feature", "properties": { "confidence": 0.76909303665161133, "class": 1, "regularized": null }, "geometry": { "type": "Polygon", "coordinates": [ [ [ 395079.552390640892554, 3782551.678535096812993 ], [ 395079.552390640892554, 3782551.068158697802573 ], [ 395079.247202441503759, 3782550.762970498297364 ], [ 395079.552390640892554, 3782550.457782299257815 ], [ 395079.552390640892554, 3782549.542217700742185 ], [ 395079.857578840281349, 3782549.237029501702636 ], [ 395079.857578840281349, 3782546.49033570708707 ], [ 395080.162767039670143, 3782546.18514750758186 ], [ 395080.162767039670143, 3782545.269582909531891 ], [ 395080.467955239058938, 3782545.269582909531891 ], [ 395081.078331637836527, 3782544.659206510521472 ], [ 395081.383519837225322, 3782544.659206510521472 ], [ 395081.688708036614116, 3782544.354018311481923 ], [ 395082.299084435391705, 3782544.354018311481923 ], [ 395084.740590030502062, 3782541.912512716371566 ], [ 395084.740590030502062, 3782541.302136317361146 ], [ 395085.350966429279651, 3782540.691759918816388 ], [ 395085.350966429279651, 3782540.386571719311178 ], [ 395085.656154628668446, 3782540.386571719311178 ], [ 395085.961342828057241, 3782540.081383519805968 ], [ 395089.623601220780984, 3782540.081383519805968 ], [ 395090.233977619558573, 3782540.691759918816388 ], [ 395090.233977619558573, 3782543.133265513926744 ], [ 395090.539165818947367, 3782543.438453712966293 ], [ 395090.539165818947367, 3782544.354018311481923 ], [ 395090.233977619558573, 3782544.659206510521472 ], [ 395090.233977619558573, 3782546.18514750758186 ], [ 395089.928789420169778, 3782546.49033570708707 ], [ 395089.928789420169778, 3782547.100712105631828 ], [ 395089.623601220780984, 3782547.405900305137038 ], [ 395089.623601220780984, 3782548.321464903187007 ], [ 395089.318413021392189, 3782548.626653102692217 ], [ 395088.708036622556392, 3782548.626653102692217 ], [ 395088.402848423167598, 3782548.931841302197427 ], [ 395087.182095625612419, 3782548.931841302197427 ], [ 395086.876907426223624, 3782549.237029501702636 ], [ 395086.57171922683483, 3782549.237029501702636 ], [ 395086.266531027446035, 3782549.542217700742185 ], [ 395085.656154628668446, 3782549.542217700742185 ], [ 395084.130213631724473, 3782551.068158697802573 ], [ 395083.825025432335678, 3782551.068158697802573 ], [ 395083.519837232946884, 3782551.373346897307783 ], [ 395082.909460834169295, 3782551.373346897307783 ], [ 395082.6042726347805, 3782551.678535096812993 ], [ 395079.552390640892554, 3782551.678535096812993 ] ] ] } },
{ "type": "Feature", "properties": { "confidence": 0.76618117094039917, "class": 1, "regularized": null }, "geometry": { "type": "Polygon", "coordinates": [ [ [ 395286.164801627688576, 3782648.423194303177297 ], [ 395286.164801627688576, 3782648.118006103672087 ], [ 395285.554425228910986, 3782647.507629705127329 ], [ 395285.554425228910986, 3782645.066124110016972 ], [ 395286.164801627688576, 3782644.455747711006552 ], [ 395286.775178026466165, 3782644.455747711006552 ], [ 395287.080366225854959, 3782644.150559511501342 ], [ 395288.606307222798932, 3782644.150559511501342 ], [ 395288.911495422187727, 3782643.845371312461793 ], [ 395289.521871820965316, 3782643.845371312461793 ], [ 395289.827060020354111, 3782644.150559511501342 ], [ 395290.4374364191317, 3782644.150559511501342 ], [ 395290.4374364191317, 3782644.455747711006552 ], [ 395290.742624618520495, 3782644.760935910511762 ], [ 395290.742624618520495, 3782648.423194303177297 ], [ 395286.164801627688576, 3782648.423194303177297 ] ] ] } },
{ "type": "Feature", "properties": { "confidence": 0.76561594009399414, "class": 1, "regularized": null }, "geometry": { "type": "Polygon", "coordinates": [ [ [ 394822.278738555440214, 3782643.845371312461793 ], [ 394821.973550356051419, 3782643.540183112956583 ], [ 394821.973550356051419, 3782638.35198372323066 ], [ 394822.278738555440214, 3782638.04679552372545 ], [ 394822.278738555440214, 3782637.741607324685901 ], [ 394822.583926754829008, 3782637.436419125180691 ], [ 394825.635808748716954, 3782637.436419125180691 ], [ 394825.635808748716954, 3782637.741607324685901 ], [ 394826.246185147494543, 3782638.35198372323066 ], [ 394826.246185147494543, 3782638.65717192273587 ], [ 394827.161749745660927, 3782639.572736520785838 ], [ 394827.466937945049722, 3782639.572736520785838 ], [ 394827.466937945049722, 3782639.877924720291048 ], [ 394827.772126144438516, 3782640.183112919796258 ], [ 394827.772126144438516, 3782641.709053916390985 ], [ 394828.077314343827311, 3782642.014242115896195 ], [ 394828.077314343827311, 3782643.845371312461793 ], [ 394822.278738555440214, 3782643.845371312461793 ] ] ] } },
{ "type": "Feature", "properties": { "confidence": 0.76215511560440063, "class": 1, "regularized": null }, "geometry": { "type": "Polygon", "coordinates": [ [ [ 395133.265513733495027, 3782804.679552390705794 ], [ 395133.265513733495027, 3782803.763987792655826 ], [ 395132.960325534106232, 3782803.458799593150616 ], [ 395132.960325534106232, 3782802.848423194140196 ], [ 395130.824008138326462, 3782800.712105798535049 ], [ 395130.824008138326462, 3782800.406917599029839 ], [ 395130.518819938937668, 3782800.10172939999029 ], [ 395130.518819938937668, 3782799.491353000979871 ], [ 395131.129196337715257, 3782798.880976602435112 ], [ 395131.739572736492846, 3782798.880976602435112 ], [ 395132.044760935881641, 3782798.575788402929902 ], [ 395132.655137334717438, 3782798.575788402929902 ], [ 395132.960325534106232, 3782798.270600203424692 ], [ 395133.265513733495027, 3782798.270600203424692 ], [ 395133.570701932883821, 3782797.965412003919482 ], [ 395134.181078331661411, 3782797.965412003919482 ], [ 395134.486266531050205, 3782797.660223804879934 ], [ 395135.401831129216589, 3782797.660223804879934 ], [ 395135.707019328605384, 3782797.965412003919482 ], [ 395136.317395727382973, 3782797.965412003919482 ], [ 395136.317395727382973, 3782799.491353000979871 ], [ 395136.622583926771767, 3782799.79654120048508 ], [ 395137.232960325549357, 3782799.79654120048508 ], [ 395137.232960325549357, 3782800.10172939999029 ], [ 395137.538148524938151, 3782800.406917599029839 ], [ 395137.843336724326946, 3782800.406917599029839 ], [ 395138.14852492371574, 3782800.712105798535049 ], [ 395138.453713123104535, 3782800.712105798535049 ], [ 395139.064089521882124, 3782801.322482197545469 ], [ 395139.064089521882124, 3782801.627670396585017 ], [ 395139.369277721270919, 3782801.932858596090227 ], [ 395139.369277721270919, 3782802.543234995100647 ], [ 395139.064089521882124, 3782802.848423194140196 ], [ 395139.064089521882124, 3782803.153611393645406 ], [ 395138.75890132249333, 3782803.458799593150616 ], [ 395138.75890132249333, 3782803.763987792655826 ], [ 395137.843336724326946, 3782803.763987792655826 ], [ 395137.538148524938151, 3782804.069175991695374 ], [ 395136.927772126160562, 3782804.069175991695374 ], [ 395136.622583926771767, 3782804.374364191200584 ], [ 395136.012207527994178, 3782804.374364191200584 ], [ 395135.707019328605384, 3782804.679552390705794 ], [ 395133.265513733495027, 3782804.679552390705794 ] ] ] } },
{ "type": "Feature", "properties": { "confidence": 0.76105308532714844, "class": 1, "regularized": null }, "geometry": { "type": "Polygon", "coordinates": [ [ [ 395110.376398779219016, 3782647.812817904166877 ], [ 395110.071210579830222, 3782647.507629705127329 ], [ 395109.460834181052633, 3782647.507629705127329 ], [ 395108.850457782275043, 3782646.897253306116909 ], [ 395108.545269582886249, 3782646.897253306116909 ], [ 395108.240081383497454, 3782646.592065106611699 ], [ 395108.240081383497454, 3782646.28687690757215 ], [ 395107.93489318410866, 3782645.98168870806694 ], [ 395107.93489318410866, 3782645.67650050856173 ], [ 395107.629704984719865, 3782645.37131230905652 ], [ 395107.629704984719865, 3782645.066124110016972 ], [ 395107.019328585942276, 3782644.455747711006552 ], [ 395107.019328585942276, 3782643.540183112956583 ], [ 395106.714140386553481, 3782643.234994913451374 ], [ 395107.019328585942276, 3782642.929806713946164 ], [ 395107.019328585942276, 3782642.624618514906615 ], [ 395108.545269582886249, 3782642.624618514906615 ], [ 395108.850457782275043, 3782642.319430315401405 ], [ 395110.681586978607811, 3782642.319430315401405 ], [ 395110.986775178054813, 3782642.014242115896195 ], [ 395111.902339776221197, 3782642.014242115896195 ], [ 395112.207527975609992, 3782641.709053916390985 ], [ 395112.512716174998786, 3782641.709053916390985 ], [ 395113.123092573776376, 3782641.098677517846227 ], [ 395113.733468972553965, 3782641.098677517846227 ], [ 395114.343845371331554, 3782640.488301118835807 ], [ 395114.649033570720349, 3782640.488301118835807 ], [ 395114.954221770109143, 3782640.183112919796258 ], [ 395116.480162767053116, 3782640.183112919796258 ], [ 395116.785350966441911, 3782640.488301118835807 ], [ 395117.090539165830705, 3782640.488301118835807 ], [ 395117.090539165830705, 3782641.403865717351437 ], [ 395117.3957273652195, 3782641.709053916390985 ], [ 395117.3957273652195, 3782642.319430315401405 ], [ 395117.700915564608295, 3782642.624618514906615 ], [ 395117.700915564608295, 3782642.929806713946164 ], [ 395117.3957273652195, 3782643.234994913451374 ], [ 395117.3957273652195, 3782644.150559511501342 ], [ 395117.700915564608295, 3782644.455747711006552 ], [ 395117.3957273652195, 3782644.760935910511762 ], [ 395117.3957273652195, 3782645.67650050856173 ], [ 395117.090539165830705, 3782645.98168870806694 ], [ 395117.090539165830705, 3782646.28687690757215 ], [ 395116.785350966441911, 3782646.28687690757215 ], [ 395116.174974567664322, 3782646.897253306116909 ], [ 395116.174974567664322, 3782647.202441505622119 ], [ 395115.869786368275527, 3782647.202441505622119 ], [ 395115.564598168886732, 3782647.507629705127329 ], [ 395114.649033570720349, 3782647.507629705127329 ], [ 395114.343845371331554, 3782647.812817904166877 ], [ 395110.376398779219016, 3782647.812817904166877 ] ] ] } },
{ "type": "Feature", "properties": { "confidence": 0.75883626937866211, "class": 1, "regularized": null }, "geometry": { "type": "Polygon", "coordinates": [ [ [ 395051.475076297065243, 3782495.523906408809125 ], [ 395051.475076297065243, 3782495.218718209769577 ], [ 395050.864699898287654, 3782494.608341810759157 ], [ 395050.864699898287654, 3782493.692777212709188 ], [ 395051.169888097676449, 3782493.387589013203979 ], [ 395051.169888097676449, 3782493.082400813698769 ], [ 395051.475076297065243, 3782492.77721261465922 ], [ 395051.475076297065243, 3782492.47202441515401 ], [ 395057.88402848422993, 3782492.47202441515401 ], [ 395057.88402848422993, 3782494.303153611253947 ], [ 395057.578840284841135, 3782494.303153611253947 ], [ 395057.273652085452341, 3782494.608341810759157 ], [ 395055.747711088508368, 3782494.608341810759157 ], [ 395055.442522889119573, 3782494.303153611253947 ], [ 395053.9165818921756, 3782494.303153611253947 ], [ 395053.001017294009216, 3782495.218718209769577 ], [ 395053.001017294009216, 3782495.523906408809125 ], [ 395051.475076297065243, 3782495.523906408809125 ] ] ] } },
{ "type": "Feature", "properties": { "confidence": 0.7571527361869812, "class": 1, "regularized": null }, "geometry": { "type": "Polygon", "coordinates": [ [ [ 395232.146490335697308, 3782765.615462868940085 ], [ 395232.146490335697308, 3782765.005086469929665 ], [ 395231.841302136308514, 3782764.699898270424455 ], [ 395231.841302136308514, 3782763.784333672374487 ], [ 395232.146490335697308, 3782763.479145472869277 ], [ 395232.451678535086103, 3782763.479145472869277 ], [ 395233.062054933863692, 3782762.868769074324518 ], [ 395233.367243133252487, 3782762.868769074324518 ], [ 395233.672431332641281, 3782762.563580874819309 ], [ 395233.977619532030076, 3782762.563580874819309 ], [ 395234.28280773141887, 3782762.258392675314099 ], [ 395234.89318413019646, 3782762.258392675314099 ], [ 395235.198372329585254, 3782761.95320447627455 ], [ 395236.419125127140433, 3782761.95320447627455 ], [ 395236.419125127140433, 3782763.173957273829728 ], [ 395237.029501525918022, 3782763.784333672374487 ], [ 395237.029501525918022, 3782764.089521871879697 ], [ 395236.724313326529227, 3782764.394710071384907 ], [ 395236.724313326529227, 3782765.615462868940085 ], [ 395232.146490335697308, 3782765.615462868940085 ] ] ] } },
{ "type": "Feature", "properties": { "confidence": 0.75290662050247192, "class": 1, "regularized": null }, "geometry": { "type": "Polygon", "coordinates": [ [ [ 395300.813835198350716, 3782524.516785351093858 ], [ 395300.508646998961922, 3782524.211597151588649 ], [ 395300.508646998961922, 3782519.633774160873145 ], [ 395303.86571719229687, 3782519.633774160873145 ], [ 395304.170905391685665, 3782519.938962359912694 ], [ 395304.476093591074459, 3782519.938962359912694 ], [ 395304.781281790463254, 3782520.244150559417903 ], [ 395304.781281790463254, 3782521.159715157467872 ], [ 395305.086469989852048, 3782521.464903356973082 ], [ 395305.086469989852048, 3782522.075279755983502 ], [ 395304.781281790463254, 3782522.38046795502305 ], [ 395304.781281790463254, 3782523.906408952083439 ], [ 395304.170905391685665, 3782524.516785351093858 ], [ 395300.813835198350716, 3782524.516785351093858 ] ] ] } },
{ "type": "Feature", "properties": { "confidence": 0.75063776969909668, "class": 1, "regularized": null }, "geometry": { "type": "Polygon", "coordinates": [ [ [ 395077.110885045782197, 3782939.267548321280628 ], [ 395076.500508647004608, 3782938.65717192273587 ], [ 395076.500508647004608, 3782938.35198372323066 ], [ 395076.195320447615813, 3782938.04679552372545 ], [ 395076.195320447615813, 3782937.741607324685901 ], [ 395075.890132248227019, 3782937.436419125180691 ], [ 395075.890132248227019, 3782937.131230925675482 ], [ 395075.584944048838224, 3782936.826042726170272 ], [ 395075.584944048838224, 3782935.910478128120303 ], [ 395075.27975584944943, 3782935.605289928615093 ], [ 395075.27975584944943, 3782935.300101729575545 ], [ 395074.974567650060635, 3782934.994913530070335 ], [ 395074.974567650060635, 3782934.384537131059915 ], [ 395075.27975584944943, 3782934.079348932020366 ], [ 395075.27975584944943, 3782933.774160732515156 ], [ 395075.584944048838224, 3782933.774160732515156 ], [ 395075.890132248227019, 3782933.468972533009946 ], [ 395076.195320447615813, 3782933.468972533009946 ], [ 395076.500508647004608, 3782933.163784333504736 ], [ 395076.805696846393403, 3782933.163784333504736 ], [ 395077.110885045782197, 3782932.858596134465188 ], [ 395077.416073245170992, 3782932.858596134465188 ], [ 395077.721261444559786, 3782932.553407934959978 ], [ 395080.467955239058938, 3782932.553407934959978 ], [ 395080.773143438447732, 3782932.858596134465188 ], [ 395080.773143438447732, 3782933.468972533009946 ], [ 395081.078331637836527, 3782933.774160732515156 ], [ 395081.078331637836527, 3782934.689725330565125 ], [ 395081.383519837225322, 3782934.994913530070335 ], [ 395081.383519837225322, 3782935.605289928615093 ], [ 395081.688708036614116, 3782935.910478128120303 ], [ 395081.688708036614116, 3782937.131230925675482 ], [ 395081.383519837225322, 3782937.131230925675482 ], [ 395081.078331637836527, 3782937.436419125180691 ], [ 395080.773143438447732, 3782937.436419125180691 ], [ 395080.467955239058938, 3782937.741607324685901 ], [ 395080.467955239058938, 3782938.04679552372545 ], [ 395080.162767039670143, 3782938.35198372323066 ], [ 395080.162767039670143, 3782938.65717192273587 ], [ 395079.552390640892554, 3782939.267548321280628 ], [ 395077.110885045782197, 3782939.267548321280628 ] ] ] } },
{ "type": "Feature", "properties": { "confidence": 0.7469516396522522, "class": 1, "regularized": null }, "geometry": { "type": "Polygon", "coordinates": [ [ [ 395095.727365208556876, 3782949.033570701722056 ], [ 395095.727365208556876, 3782948.423194303177297 ], [ 395096.03255340794567, 3782948.423194303177297 ], [ 395096.337741607334465, 3782948.118006103672087 ], [ 395096.337741607334465, 3782946.28687690757215 ], [ 395096.03255340794567, 3782945.98168870806694 ], [ 395096.03255340794567, 3782945.37131230905652 ], [ 395095.727365208556876, 3782945.066124110016972 ], [ 395095.727365208556876, 3782944.760935910511762 ], [ 395095.116988809779286, 3782944.150559511501342 ], [ 395095.116988809779286, 3782942.929806713946164 ], [ 395095.422177009168081, 3782942.624618514906615 ], [ 395096.03255340794567, 3782942.624618514906615 ], [ 395096.337741607334465, 3782942.319430315401405 ], [ 395097.253306205500849, 3782942.319430315401405 ], [ 395097.558494404889643, 3782942.014242115896195 ], [ 395099.389623601222411, 3782942.014242115896195 ], [ 395099.694811800611205, 3782941.709053916390985 ], [ 395100.305188199388795, 3782941.709053916390985 ], [ 395100.305188199388795, 3782942.014242115896195 ], [ 395101.220752797555178, 3782942.929806713946164 ], [ 395101.220752797555178, 3782943.234994913451374 ], [ 395101.525940996943973, 3782943.540183112956583 ], [ 395101.831129196332768, 3782943.540183112956583 ], [ 395102.136317395721562, 3782943.845371312461793 ], [ 395102.136317395721562, 3782944.760935910511762 ], [ 395102.441505595110357, 3782945.066124110016972 ], [ 395102.441505595110357, 3782945.98168870806694 ], [ 395102.136317395721562, 3782946.28687690757215 ], [ 395102.136317395721562, 3782946.592065106611699 ], [ 395101.525940996943973, 3782947.202441505622119 ], [ 395101.220752797555178, 3782947.202441505622119 ], [ 395100.915564598166384, 3782947.507629705127329 ], [ 395100.610376398777589, 3782947.507629705127329 ], [ 395100.0, 3782948.118006103672087 ], [ 395099.389623601222411, 3782948.118006103672087 ], [ 395099.084435401833616, 3782948.423194303177297 ], [ 395098.779247202444822, 3782948.423194303177297 ], [ 395098.474059003056027, 3782948.728382502682507 ], [ 395097.253306205500849, 3782948.728382502682507 ], [ 395096.948118006112054, 3782949.033570701722056 ], [ 395095.727365208556876, 3782949.033570701722056 ] ] ] } },
{ "type": "Feature", "properties": { "confidence": 0.74621063470840454, "class": 1, "regularized": null }, "geometry": { "type": "Polygon", "coordinates": [ [ [ 395069.786368260451127, 3782832.451678534969687 ], [ 395069.481180061062332, 3782832.146490335930139 ], [ 395069.481180061062332, 3782831.841302136424929 ], [ 395069.175991861673538, 3782831.536113936919719 ], [ 395069.175991861673538, 3782830.62054933886975 ], [ 395069.481180061062332, 3782830.315361139364541 ], [ 395069.481180061062332, 3782830.010172939859331 ], [ 395069.786368260451127, 3782829.704984740819782 ], [ 395070.091556459839921, 3782829.704984740819782 ], [ 395070.396744659228716, 3782829.399796541314572 ], [ 395071.007121058006305, 3782829.399796541314572 ], [ 395071.3123092573951, 3782829.094608341809362 ], [ 395071.617497456783894, 3782829.094608341809362 ], [ 395071.922685656172689, 3782828.789420142304152 ], [ 395072.227873855561484, 3782828.789420142304152 ], [ 395072.533062054950278, 3782828.484231942798942 ], [ 395073.143438453727867, 3782828.484231942798942 ], [ 395073.143438453727867, 3782831.841302136424929 ], [ 395071.617497456783894, 3782831.841302136424929 ], [ 395071.3123092573951, 3782832.146490335930139 ], [ 395070.396744659228716, 3782832.146490335930139 ], [ 395070.091556459839921, 3782832.451678534969687 ], [ 395069.786368260451127, 3782832.451678534969687 ] ] ] } },
{ "type": "Feature", "properties": { "confidence": 0.74276822805404663, "class": 1, "regularized": null }, "geometry": { "type": "Polygon", "coordinates": [ [ [ 394955.340793489303906, 3782803.458799593150616 ], [ 394955.035605289915111, 3782803.153611393645406 ], [ 394954.425228891137522, 3782803.153611393645406 ], [ 394953.814852492359933, 3782802.543234995100647 ], [ 394953.814852492359933, 3782802.238046795595437 ], [ 394953.509664292971138, 3782801.932858596090227 ], [ 394953.509664292971138, 3782801.627670396585017 ], [ 394953.204476093582343, 3782801.322482197545469 ], [ 394953.204476093582343, 3782800.712105798535049 ], [ 394952.899287894193549, 3782800.406917599029839 ], [ 394952.899287894193549, 3782800.10172939999029 ], [ 394952.594099694804754, 3782799.79654120048508 ], [ 394952.594099694804754, 3782799.491353000979871 ], [ 394952.28891149541596, 3782799.186164801474661 ], [ 394952.28891149541596, 3782798.270600203424692 ], [ 394952.594099694804754, 3782798.270600203424692 ], [ 394952.899287894193549, 3782797.965412003919482 ], [ 394953.204476093582343, 3782797.965412003919482 ], [ 394953.509664292971138, 3782797.660223804879934 ], [ 394954.120040691748727, 3782797.660223804879934 ], [ 394954.425228891137522, 3782797.355035605374724 ], [ 394955.035605289915111, 3782797.355035605374724 ], [ 394955.6459816886927, 3782797.965412003919482 ], [ 394955.951169888081495, 3782797.965412003919482 ], [ 394955.951169888081495, 3782803.458799593150616 ], [ 394955.340793489303906, 3782803.458799593150616 ] ] ] } },
{ "type": "Feature", "properties": { "confidence": 0.74259579181671143, "class": 1, "regularized": null }, "geometry": { "type": "Polygon", "coordinates": [ [ [ 395361.85147507628426, 3782728.382502543274313 ], [ 395361.546286876895465, 3782728.077314343769103 ], [ 395361.546286876895465, 3782727.772126144263893 ], [ 395361.85147507628426, 3782727.466937945224345 ], [ 395361.85147507628426, 3782725.940996948163956 ], [ 395361.546286876895465, 3782725.635808748658746 ], [ 395361.546286876895465, 3782725.330620549153537 ], [ 395361.24109867750667, 3782725.025432350113988 ], [ 395361.24109867750667, 3782724.720244150608778 ], [ 395360.020345879951492, 3782723.4994913530536 ], [ 395359.715157680562697, 3782723.4994913530536 ], [ 395359.715157680562697, 3782722.88911495404318 ], [ 395359.409969481173903, 3782722.583926755003631 ], [ 395359.409969481173903, 3782721.668362156488001 ], [ 395359.715157680562697, 3782721.363173957448453 ], [ 395359.715157680562697, 3782720.447609358932823 ], [ 395360.020345879951492, 3782720.142421159893274 ], [ 395362.767039674450643, 3782720.142421159893274 ], [ 395363.072227873839438, 3782719.837232960388064 ], [ 395363.682604272617027, 3782719.837232960388064 ], [ 395363.987792472005822, 3782720.142421159893274 ], [ 395364.903357070172206, 3782720.142421159893274 ], [ 395365.513733468949795, 3782720.752797558438033 ], [ 395365.818921668338589, 3782720.752797558438033 ], [ 395365.818921668338589, 3782721.973550355993211 ], [ 395366.429298067116179, 3782722.583926755003631 ], [ 395366.734486266504973, 3782722.583926755003631 ], [ 395367.039674465893768, 3782722.88911495404318 ], [ 395367.344862665282562, 3782722.88911495404318 ], [ 395367.650050864671357, 3782723.19430315354839 ], [ 395367.650050864671357, 3782726.856561546213925 ], [ 395367.344862665282562, 3782727.161749745719135 ], [ 395366.734486266504973, 3782727.161749745719135 ], [ 395366.429298067116179, 3782727.466937945224345 ], [ 395365.818921668338589, 3782727.466937945224345 ], [ 395365.513733468949795, 3782727.772126144263893 ], [ 395364.903357070172206, 3782727.772126144263893 ], [ 395364.598168870783411, 3782728.077314343769103 ], [ 395363.682604272617027, 3782728.077314343769103 ], [ 395363.377416073228233, 3782728.382502543274313 ], [ 395361.85147507628426, 3782728.382502543274313 ] ] ] } },
{ "type": "Feature", "properties": { "confidence": 0.73504269123077393, "class": 1, "regularized": null }, "geometry": { "type": "Polygon", "coordinates": [ [ [ 394962.970498474081978, 3782569.684638860635459 ], [ 394962.665310274693184, 3782569.37945066113025 ], [ 394962.054933875915594, 3782569.37945066113025 ], [ 394961.444557477138005, 3782568.769074262585491 ], [ 394961.7497456765268, 3782568.463886063080281 ], [ 394961.7497456765268, 3782568.158697863575071 ], [ 394962.054933875915594, 3782567.853509664069861 ], [ 394962.054933875915594, 3782566.937945066019893 ], [ 394962.970498474081978, 3782566.022380467969924 ], [ 394962.970498474081978, 3782565.717192268464714 ], [ 394963.580874872859567, 3782565.106815869919956 ], [ 394963.580874872859567, 3782564.801627670414746 ], [ 394964.191251271637157, 3782564.801627670414746 ], [ 394964.801627670414746, 3782564.191251271404326 ], [ 394965.10681586980354, 3782564.191251271404326 ], [ 394965.412004069192335, 3782563.886063072364777 ], [ 394965.412004069192335, 3782563.580874872859567 ], [ 394966.022380467969924, 3782562.970498473849148 ], [ 394966.937945066136308, 3782562.970498473849148 ], [ 394967.243133265525103, 3782562.665310274809599 ], [ 394972.431332655134611, 3782562.665310274809599 ], [ 394973.346897253300995, 3782563.580874872859567 ], [ 394973.346897253300995, 3782564.496439470909536 ], [ 394973.652085452689789, 3782564.801627670414746 ], [ 394973.652085452689789, 3782565.412004068959504 ], [ 394973.957273652078584, 3782565.717192268464714 ], [ 394973.957273652078584, 3782567.243133265525103 ], [ 394974.262461851467378, 3782567.548321465030313 ], [ 394974.262461851467378, 3782569.37945066113025 ], [ 394971.210579857579432, 3782569.37945066113025 ], [ 394970.905391658190638, 3782569.684638860635459 ], [ 394962.970498474081978, 3782569.684638860635459 ] ] ] } },
{ "type": "Feature", "properties": { "confidence": 0.72900247573852539, "class": 1, "regularized": null }, "geometry": { "type": "Polygon", "coordinates": [ [ [ 395186.368260427261703, 3782671.617497456725687 ], [ 395186.063072227872908, 3782671.312309257220477 ], [ 395186.063072227872908, 3782670.701932858675718 ], [ 395185.452695829095319, 3782670.091556459665298 ], [ 395185.452695829095319, 3782669.48118006112054 ], [ 395185.147507629706524, 3782669.17599186161533 ], [ 395185.147507629706524, 3782668.565615463070571 ], [ 395185.757884028484114, 3782667.955239064060152 ], [ 395187.894201424205676, 3782667.955239064060152 ], [ 395188.19938962359447, 3782667.650050864554942 ], [ 395189.114954221760854, 3782667.650050864554942 ], [ 395189.420142421149649, 3782667.955239064060152 ], [ 395190.335707019316033, 3782667.955239064060152 ], [ 395190.335707019316033, 3782671.312309257220477 ], [ 395190.030518819927238, 3782671.312309257220477 ], [ 395189.725330620538443, 3782671.617497456725687 ], [ 395188.19938962359447, 3782671.617497456725687 ], [ 395187.894201424205676, 3782671.312309257220477 ], [ 395186.673448626650497, 3782671.312309257220477 ], [ 395186.368260427261703, 3782671.617497456725687 ] ] ] } },
{ "type": "Feature", "properties": { "confidence": 0.72696644067764282, "class": 1, "regularized": null }, "geometry": { "type": "Polygon", "coordinates": [ [ [ 395184.231943031540141, 3782764.394710071384907 ], [ 395184.231943031540141, 3782761.95320447627455 ], [ 395184.537131230928935, 3782761.64801627676934 ], [ 395184.537131230928935, 3782761.34282807726413 ], [ 395184.84231943031773, 3782761.34282807726413 ], [ 395185.147507629706524, 3782761.03763987775892 ], [ 395185.452695829095319, 3782761.03763987775892 ], [ 395186.063072227872908, 3782760.427263479214162 ], [ 395186.673448626650497, 3782760.427263479214162 ], [ 395186.978636826039292, 3782760.122075279708952 ], [ 395187.283825025428087, 3782760.122075279708952 ], [ 395187.589013224816881, 3782759.816887080203742 ], [ 395188.80976602237206, 3782759.816887080203742 ], [ 395189.114954221760854, 3782760.122075279708952 ], [ 395189.420142421149649, 3782760.122075279708952 ], [ 395189.420142421149649, 3782762.258392675314099 ], [ 395189.114954221760854, 3782762.563580874819309 ], [ 395189.114954221760854, 3782762.868769074324518 ], [ 395188.19938962359447, 3782763.784333672374487 ], [ 395187.589013224816881, 3782763.784333672374487 ], [ 395187.283825025428087, 3782764.089521871879697 ], [ 395186.673448626650497, 3782764.089521871879697 ], [ 395186.368260427261703, 3782764.394710071384907 ], [ 395184.231943031540141, 3782764.394710071384907 ] ] ] } },
{ "type": "Feature", "properties": { "confidence": 0.722190260887146, "class": 1, "regularized": null }, "geometry": { "type": "Polygon", "coordinates": [ [ [ 394936.419125127140433, 3782493.082400813698769 ], [ 394936.113936927751638, 3782492.77721261465922 ], [ 394935.808748728362843, 3782492.77721261465922 ], [ 394935.503560528974049, 3782492.47202441515401 ], [ 394935.198372329585254, 3782492.47202441515401 ], [ 394934.89318413019646, 3782492.1668362156488 ], [ 394933.977619532030076, 3782492.1668362156488 ], [ 394933.672431332641281, 3782491.86164801614359 ], [ 394932.756866734474897, 3782491.86164801614359 ], [ 394932.451678535086103, 3782491.556459817104042 ], [ 394932.451678535086103, 3782490.335707019548863 ], [ 394932.146490335697308, 3782490.030518820043653 ], [ 394932.146490335697308, 3782489.114954221993685 ], [ 394931.841302136308514, 3782488.809766022488475 ], [ 394931.841302136308514, 3782488.504577822983265 ], [ 394932.146490335697308, 3782488.199389623478055 ], [ 394932.146490335697308, 3782487.894201424438506 ], [ 394932.451678535086103, 3782487.589013224933296 ], [ 394933.977619532030076, 3782487.589013224933296 ], [ 394934.28280773141887, 3782487.894201424438506 ], [ 394935.198372329585254, 3782487.894201424438506 ], [ 394935.503560528974049, 3782488.199389623478055 ], [ 394936.113936927751638, 3782488.199389623478055 ], [ 394936.419125127140433, 3782488.504577822983265 ], [ 394937.029501525918022, 3782488.504577822983265 ], [ 394937.334689725306816, 3782488.199389623478055 ], [ 394937.639877924695611, 3782488.199389623478055 ], [ 394937.945066124084406, 3782487.894201424438506 ], [ 394939.165818921639584, 3782487.894201424438506 ], [ 394939.776195320475381, 3782488.504577822983265 ], [ 394939.776195320475381, 3782489.114954221993685 ], [ 394939.165818921639584, 3782489.725330620538443 ], [ 394939.165818921639584, 3782490.335707019548863 ], [ 394938.860630722250789, 3782490.640895218588412 ], [ 394938.860630722250789, 3782491.251271617598832 ], [ 394938.555442522861995, 3782491.556459817104042 ], [ 394938.555442522861995, 3782492.1668362156488 ], [ 394938.2502543234732, 3782492.47202441515401 ], [ 394938.2502543234732, 3782492.77721261465922 ], [ 394937.945066124084406, 3782493.082400813698769 ], [ 394936.419125127140433, 3782493.082400813698769 ] ] ] } },
{ "type": "Feature", "properties": { "confidence": 0.71479892730712891, "class": 1, "regularized": null }, "geometry": { "type": "Polygon", "coordinates": [ [ [ 395317.293997965403832, 3782601.119023397564888 ], [ 395316.988809766015038, 3782600.813835198525339 ], [ 395316.378433367237449, 3782600.813835198525339 ], [ 395316.073245167848654, 3782600.508646999020129 ], [ 395316.073245167848654, 3782600.20345879951492 ], [ 395315.768056968459859, 3782599.89827060000971 ], [ 395315.768056968459859, 3782599.287894201464951 ], [ 395315.462868769071065, 3782598.982706001959741 ], [ 395315.462868769071065, 3782598.067141403909773 ], [ 395315.15768056968227, 3782597.761953204404563 ], [ 395315.15768056968227, 3782597.456765004899353 ], [ 395314.852492370293476, 3782597.151576805859804 ], [ 395314.852492370293476, 3782596.541200406849384 ], [ 395314.547304170904681, 3782596.236012207344174 ], [ 395314.547304170904681, 3782594.710071210749447 ], [ 395314.852492370293476, 3782594.404883011244237 ], [ 395314.852492370293476, 3782593.794506612233818 ], [ 395314.547304170904681, 3782593.489318413194269 ], [ 395313.936927772127092, 3782593.489318413194269 ], [ 395313.631739572738297, 3782593.184130213689059 ], [ 395313.631739572738297, 3782592.878942014183849 ], [ 395313.936927772127092, 3782592.878942014183849 ], [ 395314.242115971515886, 3782592.573753814678639 ], [ 395316.073245167848654, 3782592.573753814678639 ], [ 395316.378433367237449, 3782592.878942014183849 ], [ 395317.293997965403832, 3782592.878942014183849 ], [ 395318.209562563570216, 3782593.794506612233818 ], [ 395322.177009155624546, 3782593.794506612233818 ], [ 395322.482197355013341, 3782594.099694811739028 ], [ 395322.787385554402135, 3782594.099694811739028 ], [ 395322.787385554402135, 3782594.710071210749447 ], [ 395324.008138351957314, 3782595.930824008304626 ], [ 395324.008138351957314, 3782596.236012207344174 ], [ 395324.618514750734903, 3782596.846388606354594 ], [ 395324.618514750734903, 3782597.761953204404563 ], [ 395324.008138351957314, 3782597.761953204404563 ], [ 395323.702950152568519, 3782598.067141403909773 ], [ 395323.397761953179725, 3782598.067141403909773 ], [ 395322.787385554402135, 3782598.677517802454531 ], [ 395322.787385554402135, 3782599.593082400970161 ], [ 395322.482197355013341, 3782599.593082400970161 ], [ 395321.566632756846957, 3782600.508646999020129 ], [ 395321.261444557458162, 3782600.508646999020129 ], [ 395320.956256358069368, 3782600.813835198525339 ], [ 395320.040691759902984, 3782600.813835198525339 ], [ 395319.735503560514189, 3782601.119023397564888 ], [ 395317.293997965403832, 3782601.119023397564888 ] ] ] } },
{ "type": "Feature", "properties": { "confidence": 0.71151864528656006, "class": 1, "regularized": null }, "geometry": { "type": "Polygon", "coordinates": [ [ [ 395188.80976602237206, 3782944.150559511501342 ], [ 395188.19938962359447, 3782943.540183112956583 ], [ 395188.19938962359447, 3782942.319430315401405 ], [ 395187.589013224816881, 3782941.709053916390985 ], [ 395187.589013224816881, 3782941.098677517846227 ], [ 395187.283825025428087, 3782940.793489318341017 ], [ 395187.283825025428087, 3782936.520854527130723 ], [ 395187.894201424205676, 3782936.520854527130723 ], [ 395188.19938962359447, 3782936.215666327625513 ], [ 395188.504577822983265, 3782936.215666327625513 ], [ 395188.80976602237206, 3782935.910478128120303 ], [ 395189.114954221760854, 3782935.910478128120303 ], [ 395190.030518819927238, 3782934.994913530070335 ], [ 395190.030518819927238, 3782934.689725330565125 ], [ 395190.640895218704827, 3782934.079348932020366 ], [ 395190.640895218704827, 3782933.163784333504736 ], [ 395190.946083418093622, 3782933.163784333504736 ], [ 395191.861648016260006, 3782932.248219735454768 ], [ 395193.082400813815184, 3782932.248219735454768 ], [ 395193.387589013203979, 3782932.553407934959978 ], [ 395193.692777212592773, 3782932.553407934959978 ], [ 395194.303153611370362, 3782933.163784333504736 ], [ 395194.303153611370362, 3782934.994913530070335 ], [ 395194.608341810759157, 3782935.300101729575545 ], [ 395194.608341810759157, 3782939.267548321280628 ], [ 395194.303153611370362, 3782939.572736520785838 ], [ 395194.303153611370362, 3782940.183112919796258 ], [ 395193.997965411981568, 3782940.488301118835807 ], [ 395193.997965411981568, 3782942.319430315401405 ], [ 395193.082400813815184, 3782943.234994913451374 ], [ 395192.777212614426389, 3782943.234994913451374 ], [ 395192.472024415037595, 3782943.540183112956583 ], [ 395191.861648016260006, 3782943.540183112956583 ], [ 395191.556459816871211, 3782943.845371312461793 ], [ 395190.946083418093622, 3782943.845371312461793 ], [ 395190.640895218704827, 3782944.150559511501342 ], [ 395188.80976602237206, 3782944.150559511501342 ] ] ] } },
{ "type": "Feature", "properties": { "confidence": 0.70967400074005127, "class": 1, "regularized": null }, "geometry": { "type": "Polygon", "coordinates": [ [ [ 395196.13428280770313, 3782616.988809766247869 ], [ 395195.829094608314335, 3782616.683621566742659 ], [ 395194.608341810759157, 3782616.683621566742659 ], [ 395194.303153611370362, 3782616.378433367237449 ], [ 395194.303153611370362, 3782615.46286876918748 ], [ 395193.997965411981568, 3782615.15768056968227 ], [ 395193.997965411981568, 3782614.547304171137512 ], [ 395193.387589013203979, 3782613.936927772127092 ], [ 395193.387589013203979, 3782612.716174974571913 ], [ 395193.082400813815184, 3782612.410986775066704 ], [ 395193.082400813815184, 3782611.190233977511525 ], [ 395193.387589013203979, 3782610.885045778006315 ], [ 395193.387589013203979, 3782610.579857578966767 ], [ 395193.692777212592773, 3782610.274669379461557 ], [ 395193.692777212592773, 3782609.664292980451137 ], [ 395203.458799593092408, 3782609.664292980451137 ], [ 395203.458799593092408, 3782609.969481179956347 ], [ 395203.763987792481203, 3782610.274669379461557 ], [ 395203.458799593092408, 3782610.579857578966767 ], [ 395203.458799593092408, 3782610.885045778006315 ], [ 395202.848423194314819, 3782611.495422177016735 ], [ 395202.543234994926024, 3782611.495422177016735 ], [ 395202.23804679553723, 3782611.800610376521945 ], [ 395201.322482197370846, 3782611.800610376521945 ], [ 395200.712105798593257, 3782612.410986775066704 ], [ 395200.406917599204462, 3782612.410986775066704 ], [ 395200.101729399815667, 3782612.716174974571913 ], [ 395200.101729399815667, 3782613.021363174077123 ], [ 395197.049847405927721, 3782616.073245167732239 ], [ 395197.049847405927721, 3782616.378433367237449 ], [ 395196.744659206538927, 3782616.378433367237449 ], [ 395196.13428280770313, 3782616.988809766247869 ] ] ] } },
{ "type": "Feature", "properties": { "confidence": 0.70876646041870117, "class": 1, "regularized": null }, "geometry": { "type": "Polygon", "coordinates": [ [ [ 395383.825025432335678, 3782495.829094608314335 ], [ 395383.825025432335678, 3782494.913530010264367 ], [ 395383.519837232946884, 3782494.608341810759157 ], [ 395383.519837232946884, 3782493.692777212709188 ], [ 395383.214649033558089, 3782493.387589013203979 ], [ 395383.214649033558089, 3782492.47202441515401 ], [ 395388.708036622556392, 3782492.47202441515401 ], [ 395388.708036622556392, 3782493.082400813698769 ], [ 395388.402848423167598, 3782493.387589013203979 ], [ 395388.402848423167598, 3782493.997965412214398 ], [ 395388.097660223778803, 3782494.303153611253947 ], [ 395388.097660223778803, 3782494.608341810759157 ], [ 395387.792472024390008, 3782494.913530010264367 ], [ 395387.487283825001214, 3782494.913530010264367 ], [ 395386.876907426223624, 3782495.523906408809125 ], [ 395386.57171922683483, 3782495.523906408809125 ], [ 395386.266531027446035, 3782495.829094608314335 ], [ 395383.825025432335678, 3782495.829094608314335 ] ] ] } },
{ "type": "Feature", "properties": { "confidence": 0.70529329776763916, "class": 1, "regularized": null }, "geometry": { "type": "Polygon", "coordinates": [ [ [ 394864.699898270599078, 3782472.939979654271156 ], [ 394864.394710071210284, 3782472.634791454765946 ], [ 394863.173957273655105, 3782472.634791454765946 ], [ 394863.173957273655105, 3782472.024415055755526 ], [ 394862.868769074266311, 3782471.719226856715977 ], [ 394862.868769074266311, 3782470.193285859655589 ], [ 394863.173957273655105, 3782469.888097660150379 ], [ 394863.173957273655105, 3782468.056968464050442 ], [ 394863.4791454730439, 3782468.056968464050442 ], [ 394863.784333672432695, 3782467.751780264545232 ], [ 394863.784333672432695, 3782465.615462868940085 ], [ 394863.4791454730439, 3782465.310274669434875 ], [ 394863.173957273655105, 3782465.310274669434875 ], [ 394863.173957273655105, 3782464.394710071384907 ], [ 394864.089521871821489, 3782463.479145472869277 ], [ 394866.836215666320641, 3782463.479145472869277 ], [ 394867.141403865709435, 3782463.784333672374487 ], [ 394866.836215666320641, 3782464.089521871879697 ], [ 394866.836215666320641, 3782464.699898270424455 ], [ 394866.531027466931846, 3782464.699898270424455 ], [ 394866.225839267543051, 3782465.005086469929665 ], [ 394866.225839267543051, 3782465.310274669434875 ], [ 394865.920651068154257, 3782465.615462868940085 ], [ 394865.920651068154257, 3782466.531027466990054 ], [ 394866.225839267543051, 3782466.836215666495264 ], [ 394868.972533062042203, 3782466.836215666495264 ], [ 394869.582909460819792, 3782467.446592065040022 ], [ 394869.582909460819792, 3782468.97253306210041 ], [ 394869.888097660208587, 3782469.27772126160562 ], [ 394869.888097660208587, 3782469.888097660150379 ], [ 394870.193285859597381, 3782470.193285859655589 ], [ 394870.193285859597381, 3782471.108850457705557 ], [ 394870.498474058986176, 3782471.414038657210767 ], [ 394870.498474058986176, 3782471.719226856715977 ], [ 394870.193285859597381, 3782472.024415055755526 ], [ 394870.193285859597381, 3782472.634791454765946 ], [ 394869.277721261430997, 3782472.634791454765946 ], [ 394868.972533062042203, 3782472.939979654271156 ], [ 394864.699898270599078, 3782472.939979654271156 ] ] ] } },
{ "type": "Feature", "properties": { "confidence": 0.70506930351257324, "class": 1, "regularized": null }, "geometry": { "type": "Polygon", "coordinates": [ [ [ 394887.589013224816881, 3782755.544252288993448 ], [ 394887.283825025428087, 3782755.239064089488238 ], [ 394882.400813835207373, 3782755.239064089488238 ], [ 394882.095625635818578, 3782754.933875889983028 ], [ 394881.180061037652194, 3782754.933875889983028 ], [ 394880.8748728382634, 3782754.62868769094348 ], [ 394879.959308240097016, 3782754.62868769094348 ], [ 394879.654120040708221, 3782754.32349949143827 ], [ 394879.348931841319427, 3782754.32349949143827 ], [ 394879.348931841319427, 3782751.271617497317493 ], [ 394879.959308240097016, 3782750.661241098772734 ], [ 394881.180061037652194, 3782750.661241098772734 ], [ 394881.485249237040989, 3782750.966429298277944 ], [ 394882.095625635818578, 3782750.966429298277944 ], [ 394882.400813835207373, 3782751.271617497317493 ], [ 394884.231943031540141, 3782751.271617497317493 ], [ 394884.537131230928935, 3782750.966429298277944 ], [ 394884.84231943031773, 3782750.966429298277944 ], [ 394885.147507629706524, 3782750.661241098772734 ], [ 394885.147507629706524, 3782750.356052899267524 ], [ 394885.452695829095319, 3782750.050864699762315 ], [ 394885.757884028484114, 3782750.050864699762315 ], [ 394886.673448626650497, 3782749.135300101712346 ], [ 394886.673448626650497, 3782748.830111902207136 ], [ 394886.978636826039292, 3782748.524923703167588 ], [ 394886.978636826039292, 3782748.219735503662378 ], [ 394887.283825025428087, 3782747.914547304157168 ], [ 394887.283825025428087, 3782747.609359104651958 ], [ 394887.589013224816881, 3782747.304170905612409 ], [ 394887.894201424205676, 3782747.304170905612409 ], [ 394888.19938962359447, 3782746.998982706107199 ], [ 394890.946083418093622, 3782746.998982706107199 ], [ 394891.251271617482416, 3782747.304170905612409 ], [ 394891.861648016260006, 3782747.304170905612409 ], [ 394892.1668362156488, 3782747.609359104651958 ], [ 394892.1668362156488, 3782747.914547304157168 ], [ 394892.472024415037595, 3782748.219735503662378 ], [ 394892.472024415037595, 3782748.830111902207136 ], [ 394892.777212614426389, 3782749.135300101712346 ], [ 394892.777212614426389, 3782750.050864699762315 ], [ 394893.082400813815184, 3782750.356052899267524 ], [ 394893.082400813815184, 3782752.492370294872671 ], [ 394892.777212614426389, 3782752.797558494377881 ], [ 394892.777212614426389, 3782754.62868769094348 ], [ 394892.1668362156488, 3782755.239064089488238 ], [ 394891.861648016260006, 3782755.239064089488238 ], [ 394891.556459816871211, 3782755.544252288993448 ], [ 394887.589013224816881, 3782755.544252288993448 ] ] ] } },
{ "type": "Feature", "properties": { "confidence": 0.70030581951141357, "class": 1, "regularized": null }, "geometry": { "type": "Polygon", "coordinates": [ [ [ 395097.863682604278438, 3782723.80467955255881 ], [ 395097.558494404889643, 3782723.4994913530536 ], [ 395097.253306205500849, 3782723.4994913530536 ], [ 395097.253306205500849, 3782721.973550355993211 ], [ 395097.558494404889643, 3782721.668362156488001 ], [ 395097.558494404889643, 3782720.447609358932823 ], [ 395097.863682604278438, 3782720.142421159893274 ], [ 395097.863682604278438, 3782719.532044760882854 ], [ 395098.474059003056027, 3782718.921668362338096 ], [ 395098.474059003056027, 3782718.616480162832886 ], [ 395099.084435401833616, 3782718.006103763822466 ], [ 395099.084435401833616, 3782717.700915564782917 ], [ 395099.694811800611205, 3782717.090539165772498 ], [ 395100.0, 3782717.090539165772498 ], [ 395100.305188199388795, 3782716.785350966267288 ], [ 395104.577822990831919, 3782716.785350966267288 ], [ 395104.883011190220714, 3782717.090539165772498 ], [ 395104.883011190220714, 3782717.395727365277708 ], [ 395105.188199389609508, 3782717.700915564782917 ], [ 395105.188199389609508, 3782718.006103763822466 ], [ 395105.493387588998303, 3782718.311291963327676 ], [ 395105.493387588998303, 3782718.616480162832886 ], [ 395105.188199389609508, 3782718.921668362338096 ], [ 395105.188199389609508, 3782719.226856561377645 ], [ 395104.577822990831919, 3782719.837232960388064 ], [ 395104.272634791443124, 3782719.837232960388064 ], [ 395103.662258392665535, 3782720.447609358932823 ], [ 395103.357070193276741, 3782720.447609358932823 ], [ 395102.746693794499151, 3782721.057985757943243 ], [ 395102.441505595110357, 3782721.057985757943243 ], [ 395101.831129196332768, 3782721.668362156488001 ], [ 395101.525940996943973, 3782721.668362156488001 ], [ 395100.915564598166384, 3782722.278738555498421 ], [ 395100.610376398777589, 3782722.278738555498421 ], [ 395099.694811800611205, 3782723.19430315354839 ], [ 395099.389623601222411, 3782723.19430315354839 ], [ 395099.084435401833616, 3782723.4994913530536 ], [ 395098.779247202444822, 3782723.4994913530536 ], [ 395098.474059003056027, 3782723.80467955255881 ], [ 395097.863682604278438, 3782723.80467955255881 ] ] ] } },
{ "type": "Feature", "properties": { "confidence": 0.69956976175308228, "class": 1, "regularized": null }, "geometry": { "type": "Polygon", "coordinates": [ [ [ 394953.814852492359933, 3782580.976602238137275 ], [ 394953.509664292971138, 3782580.671414038632065 ], [ 394953.204476093582343, 3782580.671414038632065 ], [ 394953.204476093582343, 3782577.61953204497695 ], [ 394953.509664292971138, 3782577.61953204497695 ], [ 394953.814852492359933, 3782577.31434384547174 ], [ 394965.10681586980354, 3782577.31434384547174 ], [ 394965.10681586980354, 3782580.671414038632065 ], [ 394964.801627670414746, 3782580.976602238137275 ], [ 394953.814852492359933, 3782580.976602238137275 ] ] ] } },
{ "type": "Feature", "properties": { "confidence": 0.69124603271484375, "class": 1, "regularized": null }, "geometry": { "type": "Polygon", "coordinates": [ [ [ 395182.400813835207373, 3782985.350966429337859 ], [ 395182.095625635818578, 3782985.045778229832649 ], [ 395181.790437436429784, 3782985.045778229832649 ], [ 395181.790437436429784, 3782984.740590030327439 ], [ 395181.485249237040989, 3782984.435401831287891 ], [ 395181.485249237040989, 3782983.825025432277471 ], [ 395181.180061037652194, 3782983.519837232772261 ], [ 395181.180061037652194, 3782982.909460834227502 ], [ 395180.8748728382634, 3782982.604272634722292 ], [ 395180.8748728382634, 3782980.467955239117146 ], [ 395181.790437436429784, 3782979.552390641067177 ], [ 395182.400813835207373, 3782979.552390641067177 ], [ 395183.316378433373757, 3782978.636826042551547 ], [ 395183.316378433373757, 3782977.721261444501579 ], [ 395183.011190233984962, 3782977.416073244996369 ], [ 395183.011190233984962, 3782976.5005086469464 ], [ 395183.926754832151346, 3782976.5005086469464 ], [ 395184.231943031540141, 3782976.19532044744119 ], [ 395185.452695829095319, 3782976.19532044744119 ], [ 395185.757884028484114, 3782975.890132248401642 ], [ 395187.894201424205676, 3782975.890132248401642 ], [ 395188.19938962359447, 3782976.19532044744119 ], [ 395187.894201424205676, 3782976.5005086469464 ], [ 395187.894201424205676, 3782976.80569684645161 ], [ 395185.757884028484114, 3782976.80569684645161 ], [ 395185.452695829095319, 3782977.11088504595682 ], [ 395185.452695829095319, 3782977.721261444501579 ], [ 395185.757884028484114, 3782978.026449644006789 ], [ 395186.978636826039292, 3782978.026449644006789 ], [ 395186.978636826039292, 3782978.942014242056757 ], [ 395187.283825025428087, 3782979.247202441561967 ], [ 395189.725330620538443, 3782979.247202441561967 ], [ 395189.725330620538443, 3782979.552390641067177 ], [ 395190.030518819927238, 3782979.857578840106726 ], [ 395190.030518819927238, 3782980.162767039611936 ], [ 395190.335707019316033, 3782980.467955239117146 ], [ 395190.335707019316033, 3782981.383519837167114 ], [ 395190.640895218704827, 3782981.688708036672324 ], [ 395190.640895218704827, 3782982.909460834227502 ], [ 395190.946083418093622, 3782983.214649033732712 ], [ 395190.946083418093622, 3782983.519837232772261 ], [ 395190.335707019316033, 3782984.130213631782681 ], [ 395189.420142421149649, 3782984.130213631782681 ], [ 395189.114954221760854, 3782984.435401831287891 ], [ 395188.80976602237206, 3782984.435401831287891 ], [ 395188.504577822983265, 3782984.740590030327439 ], [ 395187.283825025428087, 3782984.740590030327439 ], [ 395186.978636826039292, 3782985.045778229832649 ], [ 395184.84231943031773, 3782985.045778229832649 ], [ 395184.537131230928935, 3782985.350966429337859 ], [ 395182.400813835207373, 3782985.350966429337859 ] ] ] } },
{ "type": "Feature", "properties": { "confidence": 0.68851006031036377, "class": 1, "regularized": null }, "geometry": { "type": "Polygon", "coordinates": [ [ [ 395161.648016276711132, 3782565.717192268464714 ], [ 395161.648016276711132, 3782565.106815869919956 ], [ 395161.342828077322338, 3782564.801627670414746 ], [ 395161.342828077322338, 3782564.191251271404326 ], [ 395161.648016276711132, 3782563.886063072364777 ], [ 395161.648016276711132, 3782562.665310274809599 ], [ 395161.342828077322338, 3782562.360122075304389 ], [ 395161.342828077322338, 3782561.444557477254421 ], [ 395161.037639877933543, 3782561.139369277749211 ], [ 395161.037639877933543, 3782560.834181078244001 ], [ 395161.342828077322338, 3782560.528992878738791 ], [ 395161.342828077322338, 3782560.223804679699242 ], [ 395161.648016276711132, 3782559.918616480194032 ], [ 395161.953204476099927, 3782559.918616480194032 ], [ 395162.258392675488722, 3782559.613428280688822 ], [ 395162.563580874877516, 3782559.613428280688822 ], [ 395162.868769074266311, 3782559.308240081183612 ], [ 395163.173957273655105, 3782559.308240081183612 ], [ 395163.4791454730439, 3782559.003051882144064 ], [ 395164.089521871821489, 3782559.003051882144064 ], [ 395165.615462868765462, 3782557.477110885083675 ], [ 395167.141403865709435, 3782557.477110885083675 ], [ 395167.44659206509823, 3782557.782299084588885 ], [ 395167.44659206509823, 3782559.308240081183612 ], [ 395167.751780264487024, 3782559.613428280688822 ], [ 395167.751780264487024, 3782560.223804679699242 ], [ 395168.056968463875819, 3782560.528992878738791 ], [ 395168.056968463875819, 3782561.139369277749211 ], [ 395168.362156663264614, 3782561.444557477254421 ], [ 395168.362156663264614, 3782562.360122075304389 ], [ 395168.667344862653408, 3782562.665310274809599 ], [ 395168.667344862653408, 3782563.580874872859567 ], [ 395168.362156663264614, 3782563.886063072364777 ], [ 395167.44659206509823, 3782563.886063072364777 ], [ 395167.141403865709435, 3782564.191251271404326 ], [ 395166.225839267543051, 3782564.191251271404326 ], [ 395165.920651068154257, 3782564.496439470909536 ], [ 395165.615462868765462, 3782564.496439470909536 ], [ 395165.310274669376668, 3782564.801627670414746 ], [ 395164.699898270599078, 3782564.801627670414746 ], [ 395164.394710071210284, 3782565.106815869919956 ], [ 395164.089521871821489, 3782565.106815869919956 ], [ 395163.784333672432695, 3782565.412004068959504 ], [ 395163.173957273655105, 3782565.412004068959504 ], [ 395162.868769074266311, 3782565.717192268464714 ], [ 395161.648016276711132, 3782565.717192268464714 ] ] ] } },
{ "type": "Feature", "properties": { "confidence": 0.6788710355758667, "class": 1, "regularized": null }, "geometry": { "type": "Polygon", "coordinates": [ [ [ 394821.973550356051419, 3782696.337741607334465 ], [ 394821.668362156662624, 3782696.032553407829255 ], [ 394821.668362156662624, 3782694.201424211729318 ], [ 394832.655137334717438, 3782694.201424211729318 ], [ 394832.960325534106232, 3782693.896236012224108 ], [ 394833.265513733495027, 3782693.896236012224108 ], [ 394833.570701932883821, 3782694.201424211729318 ], [ 394834.486266531050205, 3782694.201424211729318 ], [ 394834.486266531050205, 3782696.337741607334465 ], [ 394821.973550356051419, 3782696.337741607334465 ] ] ] } },
{ "type": "Feature", "properties": { "confidence": 0.67878836393356323, "class": 1, "regularized": null }, "geometry": { "type": "Polygon", "coordinates": [ [ [ 394966.022380467969924, 3782709.766022380441427 ], [ 394965.71719226858113, 3782709.460834180936217 ], [ 394962.360122075304389, 3782709.460834180936217 ], [ 394961.7497456765268, 3782708.850457782391459 ], [ 394961.7497456765268, 3782707.32451678533107 ], [ 394961.444557477138005, 3782707.019328585825861 ], [ 394961.444557477138005, 3782706.714140386786312 ], [ 394961.7497456765268, 3782706.408952187281102 ], [ 394961.7497456765268, 3782705.188199389725924 ], [ 394963.886063072248362, 3782705.188199389725924 ], [ 394964.191251271637157, 3782704.883011190220714 ], [ 394968.158697863691486, 3782704.883011190220714 ], [ 394968.158697863691486, 3782706.714140386786312 ], [ 394967.853509664302692, 3782707.019328585825861 ], [ 394967.853509664302692, 3782709.460834180936217 ], [ 394967.548321464913897, 3782709.460834180936217 ], [ 394967.243133265525103, 3782709.766022380441427 ], [ 394966.022380467969924, 3782709.766022380441427 ] ] ] } },
{ "type": "Feature", "properties": { "confidence": 0.67683279514312744, "class": 1, "regularized": null }, "geometry": { "type": "Polygon", "coordinates": [ [ [ 394842.726347914547659, 3782523.601220752578229 ], [ 394842.421159715158865, 3782523.29603255353868 ], [ 394842.11597151577007, 3782523.29603255353868 ], [ 394841.810783316381276, 3782522.99084435403347 ], [ 394841.810783316381276, 3782522.38046795502305 ], [ 394841.505595116992481, 3782522.075279755983502 ], [ 394841.810783316381276, 3782521.770091556478292 ], [ 394841.810783316381276, 3782515.6663275687024 ], [ 394841.505595116992481, 3782515.36113936919719 ], [ 394841.505595116992481, 3782511.393692777026445 ], [ 394841.200406917603686, 3782511.088504577986896 ], [ 394841.200406917603686, 3782509.257375381421298 ], [ 394840.895218718214892, 3782508.952187181916088 ], [ 394840.895218718214892, 3782505.900305188260972 ], [ 394841.200406917603686, 3782505.595116988755763 ], [ 394845.473041709046811, 3782505.595116988755763 ], [ 394845.778229908435605, 3782505.900305188260972 ], [ 394845.778229908435605, 3782506.205493387766182 ], [ 394846.0834181078244, 3782506.510681586805731 ], [ 394846.0834181078244, 3782508.036622583866119 ], [ 394845.778229908435605, 3782508.341810783371329 ], [ 394845.778229908435605, 3782512.004069176036865 ], [ 394846.0834181078244, 3782512.309257375542074 ], [ 394846.0834181078244, 3782513.835198372136801 ], [ 394846.388606307213195, 3782514.140386571642011 ], [ 394846.388606307213195, 3782517.802644964307547 ], [ 394846.0834181078244, 3782518.107833163812757 ], [ 394846.0834181078244, 3782519.633774160873145 ], [ 394845.778229908435605, 3782519.938962359912694 ], [ 394845.778229908435605, 3782520.549338758923113 ], [ 394846.0834181078244, 3782520.854526958428323 ], [ 394845.778229908435605, 3782521.159715157467872 ], [ 394845.778229908435605, 3782521.770091556478292 ], [ 394846.0834181078244, 3782522.075279755983502 ], [ 394846.0834181078244, 3782522.38046795502305 ], [ 394845.778229908435605, 3782522.68565615452826 ], [ 394845.778229908435605, 3782522.99084435403347 ], [ 394845.473041709046811, 3782523.29603255353868 ], [ 394844.862665310269222, 3782523.29603255353868 ], [ 394844.557477110880427, 3782523.601220752578229 ], [ 394842.726347914547659, 3782523.601220752578229 ] ] ] } },
{ "type": "Feature", "properties": { "confidence": 0.67596787214279175, "class": 1, "regularized": null }, "geometry": { "type": "Polygon", "coordinates": [ [ [ 395380.467955239058938, 3782622.177009155508131 ], [ 395379.857578840281349, 3782621.566632756963372 ], [ 395379.857578840281349, 3782621.261444557458162 ], [ 395379.552390640892554, 3782620.956256357952952 ], [ 395379.552390640892554, 3782620.651068158913404 ], [ 395379.247202441503759, 3782620.345879959408194 ], [ 395379.247202441503759, 3782620.040691759902984 ], [ 395378.942014242114965, 3782619.735503560397774 ], [ 395378.942014242114965, 3782618.514750762842596 ], [ 395378.63682604272617, 3782618.209562563803047 ], [ 395378.63682604272617, 3782617.293997965287417 ], [ 395379.247202441503759, 3782616.683621566742659 ], [ 395379.552390640892554, 3782616.683621566742659 ], [ 395379.857578840281349, 3782616.378433367237449 ], [ 395380.162767039670143, 3782616.378433367237449 ], [ 395380.467955239058938, 3782616.073245167732239 ], [ 395381.078331637836527, 3782616.073245167732239 ], [ 395381.383519837225322, 3782615.76805696869269 ], [ 395382.299084435391705, 3782615.76805696869269 ], [ 395382.6042726347805, 3782615.46286876918748 ], [ 395383.214649033558089, 3782615.46286876918748 ], [ 395383.519837232946884, 3782615.76805696869269 ], [ 395383.825025432335678, 3782615.76805696869269 ], [ 395384.130213631724473, 3782616.073245167732239 ], [ 395384.435401831113268, 3782616.073245167732239 ], [ 395385.350966429279651, 3782616.988809766247869 ], [ 395385.656154628668446, 3782616.988809766247869 ], [ 395385.961342828057241, 3782617.293997965287417 ], [ 395386.876907426223624, 3782617.293997965287417 ], [ 395387.182095625612419, 3782617.599186164792627 ], [ 395387.182095625612419, 3782618.209562563803047 ], [ 395386.57171922683483, 3782618.819938962347806 ], [ 395386.57171922683483, 3782619.125127161853015 ], [ 395386.266531027446035, 3782619.430315361358225 ], [ 395386.266531027446035, 3782619.735503560397774 ], [ 395385.656154628668446, 3782620.345879959408194 ], [ 395385.656154628668446, 3782620.651068158913404 ], [ 395385.350966429279651, 3782620.651068158913404 ], [ 395385.045778229890857, 3782620.956256357952952 ], [ 395384.740590030502062, 3782620.956256357952952 ], [ 395384.435401831113268, 3782621.261444557458162 ], [ 395384.130213631724473, 3782621.261444557458162 ], [ 395383.825025432335678, 3782621.566632756963372 ], [ 395383.519837232946884, 3782621.566632756963372 ], [ 395383.214649033558089, 3782621.871820956468582 ], [ 395382.909460834169295, 3782621.871820956468582 ], [ 395382.6042726347805, 3782622.177009155508131 ], [ 395380.467955239058938, 3782622.177009155508131 ] ] ] } },
{ "type": "Feature", "properties": { "confidence": 0.67261016368865967, "class": 1, "regularized": null }, "geometry": { "type": "Polygon", "coordinates": [ [ [ 395133.570701932883821, 3782851.068158697802573 ], [ 395133.570701932883821, 3782850.762970498297364 ], [ 395133.265513733495027, 3782850.457782299257815 ], [ 395133.265513733495027, 3782850.152594099752605 ], [ 395132.655137334717438, 3782849.542217700742185 ], [ 395132.655137334717438, 3782849.237029501702636 ], [ 395131.434384537104052, 3782848.016276704147458 ], [ 395131.434384537104052, 3782847.405900305137038 ], [ 395131.739572736492846, 3782847.100712105631828 ], [ 395131.739572736492846, 3782846.79552390659228 ], [ 395132.044760935881641, 3782846.79552390659228 ], [ 395132.349949135328643, 3782846.49033570708707 ], [ 395132.349949135328643, 3782846.18514750758186 ], [ 395132.655137334717438, 3782845.87995930807665 ], [ 395132.960325534106232, 3782845.87995930807665 ], [ 395133.570701932883821, 3782845.269582909531891 ], [ 395133.875890132272616, 3782845.269582909531891 ], [ 395134.181078331661411, 3782844.964394710026681 ], [ 395134.486266531050205, 3782844.964394710026681 ], [ 395134.791454730439, 3782844.659206510521472 ], [ 395135.707019328605384, 3782844.659206510521472 ], [ 395135.707019328605384, 3782845.269582909531891 ], [ 395136.012207527994178, 3782845.574771109037101 ], [ 395136.012207527994178, 3782848.626653102692217 ], [ 395135.707019328605384, 3782848.931841302197427 ], [ 395135.707019328605384, 3782849.847405900247395 ], [ 395135.401831129216589, 3782850.152594099752605 ], [ 395135.401831129216589, 3782850.457782299257815 ], [ 395135.096642929827794, 3782850.762970498297364 ], [ 395134.791454730439, 3782850.762970498297364 ], [ 395134.486266531050205, 3782851.068158697802573 ], [ 395133.570701932883821, 3782851.068158697802573 ] ] ] } },
{ "type": "Feature", "properties": { "confidence": 0.66465538740158081, "class": 1, "regularized": null }, "geometry": { "type": "Polygon", "coordinates": [ [ [ 395214.750762970477808, 3782523.906408952083439 ], [ 395214.445574771089014, 3782523.601220752578229 ], [ 395213.835198372311424, 3782523.601220752578229 ], [ 395213.224821973533835, 3782522.99084435403347 ], [ 395213.224821973533835, 3782518.413021363317966 ], [ 395212.919633774145041, 3782518.107833163812757 ], [ 395212.919633774145041, 3782516.276703967247158 ], [ 395213.224821973533835, 3782516.276703967247158 ], [ 395213.53001017292263, 3782515.97151576820761 ], [ 395214.140386571700219, 3782515.97151576820761 ], [ 395214.445574771089014, 3782515.6663275687024 ], [ 395215.666327568644192, 3782515.6663275687024 ], [ 395215.971515768032987, 3782515.36113936919719 ], [ 395216.276703967421781, 3782515.36113936919719 ], [ 395216.88708036619937, 3782515.97151576820761 ], [ 395216.88708036619937, 3782516.276703967247158 ], [ 395217.192268565588165, 3782516.581892166752368 ], [ 395217.192268565588165, 3782522.68565615452826 ], [ 395217.49745676497696, 3782522.99084435403347 ], [ 395217.49745676497696, 3782523.29603255353868 ], [ 395217.192268565588165, 3782523.601220752578229 ], [ 395216.88708036619937, 3782523.601220752578229 ], [ 395216.581892166810576, 3782523.906408952083439 ], [ 395214.750762970477808, 3782523.906408952083439 ] ] ] } },
{ "type": "Feature", "properties": { "confidence": 0.66266316175460815, "class": 1, "regularized": null }, "geometry": { "type": "Polygon", "coordinates": [ [ [ 395322.177009155624546, 3782461.95320447627455 ], [ 395322.177009155624546, 3782461.03763987775892 ], [ 395322.482197355013341, 3782460.732451678719372 ], [ 395322.482197355013341, 3782460.122075279708952 ], [ 395323.09257375379093, 3782460.122075279708952 ], [ 395323.702950152568519, 3782459.511698881164193 ], [ 395323.702950152568519, 3782458.901322482153773 ], [ 395323.397761953179725, 3782458.596134282648563 ], [ 395323.09257375379093, 3782458.596134282648563 ], [ 395322.482197355013341, 3782457.985757884103805 ], [ 395322.482197355013341, 3782455.849440488498658 ], [ 395322.787385554402135, 3782455.849440488498658 ], [ 395323.09257375379093, 3782455.544252288993448 ], [ 395325.839267548348289, 3782455.544252288993448 ], [ 395326.144455747737084, 3782455.849440488498658 ], [ 395326.754832146514673, 3782455.849440488498658 ], [ 395327.060020345903467, 3782456.154628687538207 ], [ 395327.365208545292262, 3782456.154628687538207 ], [ 395327.365208545292262, 3782458.290946083609015 ], [ 395327.060020345903467, 3782458.596134282648563 ], [ 395327.060020345903467, 3782459.511698881164193 ], [ 395326.449643947125878, 3782460.122075279708952 ], [ 395325.534079348959494, 3782460.122075279708952 ], [ 395325.2288911495707, 3782459.816887080203742 ], [ 395324.618514750734903, 3782459.816887080203742 ], [ 395324.313326551346108, 3782460.122075279708952 ], [ 395324.313326551346108, 3782460.732451678719372 ], [ 395324.618514750734903, 3782461.03763987775892 ], [ 395324.313326551346108, 3782461.34282807726413 ], [ 395324.313326551346108, 3782461.64801627676934 ], [ 395323.702950152568519, 3782461.64801627676934 ], [ 395323.397761953179725, 3782461.95320447627455 ], [ 395322.177009155624546, 3782461.95320447627455 ] ] ] } },
{ "type": "Feature", "properties": { "confidence": 0.65904033184051514, "class": 1, "regularized": null }, "geometry": { "type": "Polygon", "coordinates": [ [ [ 395152.492370294989087, 3782771.414038657210767 ], [ 395152.187182095600292, 3782771.108850457705557 ], [ 395151.576805696822703, 3782771.108850457705557 ], [ 395151.576805696822703, 3782768.667344862595201 ], [ 395151.881993896211497, 3782768.667344862595201 ], [ 395152.187182095600292, 3782768.362156663089991 ], [ 395152.187182095600292, 3782768.056968464050442 ], [ 395152.492370294989087, 3782767.751780264545232 ], [ 395152.492370294989087, 3782766.836215666495264 ], [ 395152.797558494377881, 3782766.531027466990054 ], [ 395152.797558494377881, 3782766.225839267484844 ], [ 395153.102746693766676, 3782765.920651067979634 ], [ 395153.102746693766676, 3782763.479145472869277 ], [ 395153.713123092602473, 3782762.868769074324518 ], [ 395154.018311291991267, 3782762.868769074324518 ], [ 395154.628687690768857, 3782762.258392675314099 ], [ 395154.628687690768857, 3782761.03763987775892 ], [ 395154.933875890157651, 3782761.03763987775892 ], [ 395155.239064089546446, 3782760.732451678719372 ], [ 395156.15462868771283, 3782760.732451678719372 ], [ 395156.459816887101624, 3782761.03763987775892 ], [ 395156.15462868771283, 3782761.34282807726413 ], [ 395156.15462868771283, 3782763.784333672374487 ], [ 395156.459816887101624, 3782764.089521871879697 ], [ 395156.765005086490419, 3782764.089521871879697 ], [ 395156.765005086490419, 3782764.699898270424455 ], [ 395156.459816887101624, 3782765.005086469929665 ], [ 395156.459816887101624, 3782765.615462868940085 ], [ 395156.765005086490419, 3782765.920651067979634 ], [ 395157.070193285879213, 3782765.920651067979634 ], [ 395157.070193285879213, 3782766.225839267484844 ], [ 395157.375381485268008, 3782766.531027466990054 ], [ 395157.375381485268008, 3782768.667344862595201 ], [ 395157.070193285879213, 3782768.97253306210041 ], [ 395157.070193285879213, 3782769.582909460645169 ], [ 395155.849440488324035, 3782769.582909460645169 ], [ 395155.54425228893524, 3782769.27772126160562 ], [ 395154.933875890157651, 3782769.27772126160562 ], [ 395154.323499491380062, 3782769.888097660150379 ], [ 395154.323499491380062, 3782770.193285859655589 ], [ 395153.713123092602473, 3782770.803662258200347 ], [ 395153.713123092602473, 3782771.108850457705557 ], [ 395153.40793489315547, 3782771.414038657210767 ], [ 395152.492370294989087, 3782771.414038657210767 ] ] ] } },
{ "type": "Feature", "properties": { "confidence": 0.65757334232330322, "class": 1, "regularized": null }, "geometry": { "type": "Polygon", "coordinates": [ [ [ 394945.879959308251273, 3782724.415055951103568 ], [ 394945.574771108862478, 3782724.109867751598358 ], [ 394944.3540183113073, 3782724.109867751598358 ], [ 394944.048830111918505, 3782723.80467955255881 ], [ 394940.081383519864175, 3782723.80467955255881 ], [ 394939.776195320475381, 3782723.4994913530536 ], [ 394939.471007121086586, 3782723.4994913530536 ], [ 394939.165818921639584, 3782723.19430315354839 ], [ 394939.165818921639584, 3782720.447609358932823 ], [ 394939.471007121086586, 3782720.142421159893274 ], [ 394940.081383519864175, 3782720.142421159893274 ], [ 394940.38657171925297, 3782719.837232960388064 ], [ 394941.302136317419354, 3782719.837232960388064 ], [ 394941.607324516808148, 3782719.532044760882854 ], [ 394941.912512716196943, 3782719.532044760882854 ], [ 394942.217700915585738, 3782719.226856561377645 ], [ 394942.217700915585738, 3782718.921668362338096 ], [ 394942.522889114974532, 3782718.616480162832886 ], [ 394945.879959308251273, 3782718.616480162832886 ], [ 394946.490335707028862, 3782719.226856561377645 ], [ 394946.795523906417657, 3782719.226856561377645 ], [ 394947.100712105806451, 3782719.532044760882854 ], [ 394947.405900305195246, 3782719.532044760882854 ], [ 394947.71108850458404, 3782719.837232960388064 ], [ 394947.71108850458404, 3782720.752797558438033 ], [ 394948.016276703972835, 3782721.057985757943243 ], [ 394948.016276703972835, 3782721.668362156488001 ], [ 394947.71108850458404, 3782721.973550355993211 ], [ 394947.71108850458404, 3782723.19430315354839 ], [ 394946.795523906417657, 3782724.109867751598358 ], [ 394946.490335707028862, 3782724.109867751598358 ], [ 394946.185147507640067, 3782724.415055951103568 ], [ 394945.879959308251273, 3782724.415055951103568 ] ] ] } },
{ "type": "Feature", "properties": { "confidence": 0.64747458696365356, "class": 1, "regularized": null }, "geometry": { "type": "Polygon", "coordinates": [ [ [ 395104.883011190220714, 3782830.315361139364541 ], [ 395104.577822990831919, 3782830.010172939859331 ], [ 395102.746693794499151, 3782830.010172939859331 ], [ 395102.136317395721562, 3782829.399796541314572 ], [ 395102.136317395721562, 3782829.094608341809362 ], [ 395101.831129196332768, 3782828.789420142304152 ], [ 395101.831129196332768, 3782827.873855544254184 ], [ 395101.525940996943973, 3782827.568667344748974 ], [ 395101.525940996943973, 3782827.263479145243764 ], [ 395101.220752797555178, 3782826.958290946204215 ], [ 395101.220752797555178, 3782826.347914547193795 ], [ 395102.136317395721562, 3782826.347914547193795 ], [ 395102.441505595110357, 3782826.042726347688586 ], [ 395102.746693794499151, 3782826.042726347688586 ], [ 395103.051881993887946, 3782825.737538148649037 ], [ 395103.357070193276741, 3782825.737538148649037 ], [ 395103.662258392665535, 3782825.432349949143827 ], [ 395103.96744659205433, 3782825.432349949143827 ], [ 395104.272634791443124, 3782825.127161749638617 ], [ 395105.188199389609508, 3782825.127161749638617 ], [ 395105.493387588998303, 3782824.821973550133407 ], [ 395105.798575788387097, 3782824.821973550133407 ], [ 395106.103763987775892, 3782824.516785351093858 ], [ 395106.714140386553481, 3782824.516785351093858 ], [ 395107.019328585942276, 3782824.211597151588649 ], [ 395108.240081383497454, 3782824.211597151588649 ], [ 395108.545269582886249, 3782824.516785351093858 ], [ 395108.545269582886249, 3782824.821973550133407 ], [ 395108.850457782275043, 3782825.127161749638617 ], [ 395108.850457782275043, 3782826.347914547193795 ], [ 395109.155645981663838, 3782826.653102746699005 ], [ 395109.155645981663838, 3782828.484231942798942 ], [ 395108.850457782275043, 3782828.789420142304152 ], [ 395108.850457782275043, 3782829.399796541314572 ], [ 395108.545269582886249, 3782829.704984740819782 ], [ 395107.629704984719865, 3782829.704984740819782 ], [ 395107.32451678533107, 3782830.010172939859331 ], [ 395107.019328585942276, 3782830.010172939859331 ], [ 395106.714140386553481, 3782830.315361139364541 ], [ 395104.883011190220714, 3782830.315361139364541 ] ] ] } },
{ "type": "Feature", "properties": { "confidence": 0.64228522777557373, "class": 1, "regularized": null }, "geometry": { "type": "Polygon", "coordinates": [ [ [ 394803.662258392665535, 3782586.164801627863199 ], [ 394803.357070193276741, 3782585.859613428357989 ], [ 394801.831129196332768, 3782585.859613428357989 ], [ 394801.831129196332768, 3782584.02848423179239 ], [ 394802.136317395721562, 3782583.723296032752842 ], [ 394802.746693794499151, 3782583.723296032752842 ], [ 394803.051881993887946, 3782583.418107833247632 ], [ 394803.662258392665535, 3782583.418107833247632 ], [ 394803.96744659205433, 3782583.112919633742422 ], [ 394804.272634791443124, 3782583.112919633742422 ], [ 394804.577822990831919, 3782582.807731434237212 ], [ 394804.577822990831919, 3782582.502543235197663 ], [ 394805.493387588998303, 3782581.586978636682034 ], [ 394805.798575788387097, 3782581.586978636682034 ], [ 394806.103763987775892, 3782581.281790437642485 ], [ 394807.019328585942276, 3782581.281790437642485 ], [ 394807.32451678533107, 3782581.586978636682034 ], [ 394807.629704984719865, 3782581.586978636682034 ], [ 394808.240081383497454, 3782582.197355035692453 ], [ 394808.545269582886249, 3782582.197355035692453 ], [ 394808.850457782275043, 3782582.502543235197663 ], [ 394809.155645981663838, 3782582.502543235197663 ], [ 394810.071210579830222, 3782583.418107833247632 ], [ 394810.071210579830222, 3782584.3336724312976 ], [ 394809.766022380441427, 3782584.63886063080281 ], [ 394809.766022380441427, 3782584.94404883030802 ], [ 394809.460834181052633, 3782585.249237029347569 ], [ 394809.460834181052633, 3782585.554425228852779 ], [ 394809.155645981663838, 3782585.859613428357989 ], [ 394808.545269582886249, 3782585.859613428357989 ], [ 394808.240081383497454, 3782586.164801627863199 ], [ 394803.662258392665535, 3782586.164801627863199 ] ] ] } },
{ "type": "Feature", "properties": { "confidence": 0.64017444849014282, "class": 1, "regularized": null }, "geometry": { "type": "Polygon", "coordinates": [ [ [ 394821.668362156662624, 3782561.749745676293969 ], [ 394821.36317395727383, 3782561.444557477254421 ], [ 394821.057985757885035, 3782561.444557477254421 ], [ 394820.752797558496241, 3782561.139369277749211 ], [ 394820.447609359107446, 3782561.139369277749211 ], [ 394820.447609359107446, 3782559.613428280688822 ], [ 394820.752797558496241, 3782559.613428280688822 ], [ 394821.057985757885035, 3782559.308240081183612 ], [ 394821.668362156662624, 3782559.308240081183612 ], [ 394822.583926754829008, 3782558.392675483133644 ], [ 394823.194303153606597, 3782558.392675483133644 ], [ 394823.499491352995392, 3782558.697863682638854 ], [ 394823.804679552384187, 3782558.697863682638854 ], [ 394824.415055951161776, 3782559.308240081183612 ], [ 394824.72024415055057, 3782559.308240081183612 ], [ 394825.635808748716954, 3782560.223804679699242 ], [ 394825.635808748716954, 3782561.444557477254421 ], [ 394825.33062054932816, 3782561.749745676293969 ], [ 394821.668362156662624, 3782561.749745676293969 ] ] ] } },
{ "type": "Feature", "properties": { "confidence": 0.63699394464492798, "class": 1, "regularized": null }, "geometry": { "type": "Polygon", "coordinates": [ [ [ 394850.966429298045114, 3782644.760935910511762 ], [ 394850.661241098656319, 3782644.455747711006552 ], [ 394850.966429298045114, 3782644.150559511501342 ], [ 394850.966429298045114, 3782643.540183112956583 ], [ 394850.356052899267524, 3782642.929806713946164 ], [ 394850.356052899267524, 3782642.319430315401405 ], [ 394849.745676500489935, 3782641.709053916390985 ], [ 394849.745676500489935, 3782638.96236012224108 ], [ 394850.356052899267524, 3782638.35198372323066 ], [ 394861.037639877933543, 3782638.35198372323066 ], [ 394861.342828077322338, 3782638.65717192273587 ], [ 394861.953204476099927, 3782638.65717192273587 ], [ 394862.258392675488722, 3782638.96236012224108 ], [ 394862.258392675488722, 3782639.267548321280628 ], [ 394862.563580874877516, 3782639.572736520785838 ], [ 394862.563580874877516, 3782642.319430315401405 ], [ 394862.258392675488722, 3782642.624618514906615 ], [ 394862.258392675488722, 3782642.929806713946164 ], [ 394861.037639877933543, 3782642.929806713946164 ], [ 394860.732451678544749, 3782643.234994913451374 ], [ 394860.122075279767159, 3782643.234994913451374 ], [ 394859.816887080378365, 3782643.540183112956583 ], [ 394859.816887080378365, 3782643.845371312461793 ], [ 394857.375381485268008, 3782643.845371312461793 ], [ 394857.070193285879213, 3782644.150559511501342 ], [ 394855.849440488324035, 3782644.150559511501342 ], [ 394855.54425228893524, 3782644.455747711006552 ], [ 394855.239064089546446, 3782644.455747711006552 ], [ 394854.933875890157651, 3782644.760935910511762 ], [ 394850.966429298045114, 3782644.760935910511762 ] ] ] } },
{ "type": "Feature", "properties": { "confidence": 0.62832915782928467, "class": 1, "regularized": null }, "geometry": { "type": "Polygon", "coordinates": [ [ [ 395023.702950152568519, 3782529.704984740819782 ], [ 395023.397761953179725, 3782529.399796541314572 ], [ 395023.09257375379093, 3782529.399796541314572 ], [ 395023.09257375379093, 3782527.263479145243764 ], [ 395023.702950152568519, 3782526.653102746699005 ], [ 395024.313326551346108, 3782526.653102746699005 ], [ 395024.618514750734903, 3782526.347914547193795 ], [ 395026.144455747737084, 3782526.347914547193795 ], [ 395026.449643947125878, 3782526.042726347688586 ], [ 395029.19633774162503, 3782526.042726347688586 ], [ 395029.806714140402619, 3782526.653102746699005 ], [ 395029.806714140402619, 3782528.789420142304152 ], [ 395029.19633774162503, 3782529.399796541314572 ], [ 395028.58596134284744, 3782529.399796541314572 ], [ 395028.280773143458646, 3782529.704984740819782 ], [ 395023.702950152568519, 3782529.704984740819782 ] ] ] } },
{ "type": "Feature", "properties": { "confidence": 0.62724912166595459, "class": 1, "regularized": null }, "geometry": { "type": "Polygon", "coordinates": [ [ [ 395211.393692777201068, 3782460.427263479214162 ], [ 395211.088504577812273, 3782460.122075279708952 ], [ 395208.952187182090711, 3782460.122075279708952 ], [ 395208.952187182090711, 3782456.459816887043417 ], [ 395209.257375381479505, 3782456.459816887043417 ], [ 395209.867751780257095, 3782455.849440488498658 ], [ 395211.393692777201068, 3782455.849440488498658 ], [ 395211.698880976589862, 3782456.154628687538207 ], [ 395216.276703967421781, 3782456.154628687538207 ], [ 395216.581892166810576, 3782456.459816887043417 ], [ 395218.413021363201551, 3782456.459816887043417 ], [ 395218.718209562590346, 3782456.154628687538207 ], [ 395219.328585961367935, 3782456.154628687538207 ], [ 395219.63377416075673, 3782455.849440488498658 ], [ 395221.464903357089497, 3782455.849440488498658 ], [ 395221.770091556478292, 3782456.154628687538207 ], [ 395221.770091556478292, 3782456.459816887043417 ], [ 395221.464903357089497, 3782456.765005086548626 ], [ 395221.464903357089497, 3782457.375381485093385 ], [ 395221.159715157700703, 3782457.680569684598595 ], [ 395221.159715157700703, 3782459.511698881164193 ], [ 395221.464903357089497, 3782459.816887080203742 ], [ 395221.464903357089497, 3782460.122075279708952 ], [ 395217.49745676497696, 3782460.122075279708952 ], [ 395217.192268565588165, 3782460.427263479214162 ], [ 395211.393692777201068, 3782460.427263479214162 ] ] ] } },
{ "type": "Feature", "properties": { "confidence": 0.62661850452423096, "class": 1, "regularized": null }, "geometry": { "type": "Polygon", "coordinates": [ [ [ 395283.418107833189424, 3782603.255340793635696 ], [ 395283.11291963380063, 3782602.950152594130486 ], [ 395283.11291963380063, 3782602.644964394625276 ], [ 395282.807731434411835, 3782602.339776195120066 ], [ 395282.807731434411835, 3782598.372329603414983 ], [ 395283.11291963380063, 3782598.067141403909773 ], [ 395283.11291963380063, 3782595.320447609294206 ], [ 395283.418107833189424, 3782595.015259409788996 ], [ 395284.333672431355808, 3782595.015259409788996 ], [ 395284.638860630744603, 3782595.320447609294206 ], [ 395284.944048830133397, 3782595.320447609294206 ], [ 395285.859613428299781, 3782596.236012207344174 ], [ 395285.859613428299781, 3782596.541200406849384 ], [ 395286.164801627688576, 3782596.846388606354594 ], [ 395286.164801627688576, 3782597.151576805859804 ], [ 395287.385554425243754, 3782598.372329603414983 ], [ 395287.385554425243754, 3782600.508646999020129 ], [ 395287.080366225854959, 3782600.813835198525339 ], [ 395287.080366225854959, 3782601.424211597070098 ], [ 395286.46998982707737, 3782602.034587996080518 ], [ 395286.46998982707737, 3782602.339776195120066 ], [ 395286.164801627688576, 3782602.644964394625276 ], [ 395286.164801627688576, 3782602.950152594130486 ], [ 395285.859613428299781, 3782603.255340793635696 ], [ 395283.418107833189424, 3782603.255340793635696 ] ] ] } },
{ "type": "Feature", "properties": { "confidence": 0.62592023611068726, "class": 1, "regularized": null }, "geometry": { "type": "Polygon", "coordinates": [ [ [ 395149.135300101712346, 3782882.807731434237212 ], [ 395149.135300101712346, 3782882.502543235197663 ], [ 395148.219735503545962, 3782881.586978636682034 ], [ 395148.219735503545962, 3782880.976602238137275 ], [ 395147.914547304157168, 3782880.671414038632065 ], [ 395147.914547304157168, 3782880.061037640087306 ], [ 395148.219735503545962, 3782879.755849440582097 ], [ 395148.219735503545962, 3782879.145473041571677 ], [ 395148.524923702934757, 3782879.145473041571677 ], [ 395148.830111902323551, 3782878.840284842532128 ], [ 395149.135300101712346, 3782878.840284842532128 ], [ 395149.440488301101141, 3782878.535096643026918 ], [ 395149.745676500489935, 3782878.535096643026918 ], [ 395150.05086469987873, 3782878.229908443521708 ], [ 395150.05086469987873, 3782877.924720244016498 ], [ 395150.661241098656319, 3782877.31434384547174 ], [ 395150.661241098656319, 3782877.00915564596653 ], [ 395150.966429298045114, 3782876.70396744646132 ], [ 395150.966429298045114, 3782876.398779247421771 ], [ 395153.102746693766676, 3782876.398779247421771 ], [ 395153.40793489315547, 3782876.70396744646132 ], [ 395153.40793489315547, 3782877.31434384547174 ], [ 395153.713123092602473, 3782877.61953204497695 ], [ 395153.713123092602473, 3782877.924720244016498 ], [ 395154.323499491380062, 3782878.535096643026918 ], [ 395154.323499491380062, 3782882.197355035692453 ], [ 395154.018311291991267, 3782882.502543235197663 ], [ 395154.018311291991267, 3782882.807731434237212 ], [ 395149.135300101712346, 3782882.807731434237212 ] ] ] } },
{ "type": "Feature", "properties": { "confidence": 0.62449026107788086, "class": 1, "regularized": null }, "geometry": { "type": "Polygon", "coordinates": [ [ [ 394883.011190233984962, 3782471.719226856715977 ], [ 394882.706002034596168, 3782471.414038657210767 ], [ 394882.400813835207373, 3782471.414038657210767 ], [ 394882.095625635818578, 3782471.108850457705557 ], [ 394880.8748728382634, 3782471.108850457705557 ], [ 394880.569684638874605, 3782470.803662258200347 ], [ 394879.959308240097016, 3782470.803662258200347 ], [ 394879.654120040708221, 3782470.498474059160799 ], [ 394879.654120040708221, 3782470.193285859655589 ], [ 394879.043743641930632, 3782469.582909460645169 ], [ 394879.043743641930632, 3782465.920651067979634 ], [ 394878.738555442541838, 3782465.615462868940085 ], [ 394878.738555442541838, 3782464.699898270424455 ], [ 394878.433367243153043, 3782464.394710071384907 ], [ 394878.433367243153043, 3782463.479145472869277 ], [ 394878.128179043764248, 3782463.173957273829728 ], [ 394878.128179043764248, 3782462.258392675314099 ], [ 394877.822990844375454, 3782461.95320447627455 ], [ 394877.822990844375454, 3782458.290946083609015 ], [ 394878.433367243153043, 3782457.680569684598595 ], [ 394879.348931841319427, 3782457.680569684598595 ], [ 394879.654120040708221, 3782457.375381485093385 ], [ 394881.790437436429784, 3782457.375381485093385 ], [ 394882.400813835207373, 3782456.765005086548626 ], [ 394882.706002034596168, 3782456.765005086548626 ], [ 394883.316378433373757, 3782456.154628687538207 ], [ 394883.926754832151346, 3782456.154628687538207 ], [ 394884.231943031540141, 3782455.849440488498658 ], [ 394885.452695829095319, 3782455.849440488498658 ], [ 394885.452695829095319, 3782459.816887080203742 ], [ 394885.147507629706524, 3782460.122075279708952 ], [ 394885.147507629706524, 3782462.868769074324518 ], [ 394884.84231943031773, 3782463.173957273829728 ], [ 394884.84231943031773, 3782469.582909460645169 ], [ 394885.147507629706524, 3782469.888097660150379 ], [ 394885.147507629706524, 3782470.498474059160799 ], [ 394884.84231943031773, 3782470.803662258200347 ], [ 394884.84231943031773, 3782471.108850457705557 ], [ 394884.537131230928935, 3782471.414038657210767 ], [ 394884.231943031540141, 3782471.414038657210767 ], [ 394883.926754832151346, 3782471.719226856715977 ], [ 394883.011190233984962, 3782471.719226856715977 ] ] ] } },
{ "type": "Feature", "properties": { "confidence": 0.62352597713470459, "class": 1, "regularized": null }, "geometry": { "type": "Polygon", "coordinates": [ [ [ 395273.0417090539122, 3782556.256358087528497 ], [ 395273.0417090539122, 3782555.951169888023287 ], [ 395272.126144455745816, 3782555.035605289973319 ], [ 395272.126144455745816, 3782554.425228890962899 ], [ 395271.820956256357022, 3782554.12004069192335 ], [ 395271.820956256357022, 3782553.81485249241814 ], [ 395271.515768056968227, 3782553.50966429291293 ], [ 395271.515768056968227, 3782552.594099694862962 ], [ 395272.126144455745816, 3782551.983723295852542 ], [ 395272.431332655134611, 3782551.983723295852542 ], [ 395272.736520854523405, 3782551.678535096812993 ], [ 395272.736520854523405, 3782549.542217700742185 ], [ 395272.431332655134611, 3782549.237029501702636 ], [ 395272.736520854523405, 3782548.931841302197427 ], [ 395272.736520854523405, 3782548.321464903187007 ], [ 395273.0417090539122, 3782548.016276704147458 ], [ 395273.0417090539122, 3782547.711088504642248 ], [ 395273.652085452689789, 3782547.100712105631828 ], [ 395274.262461851467378, 3782547.100712105631828 ], [ 395274.567650050856173, 3782546.79552390659228 ], [ 395275.483214649022557, 3782546.79552390659228 ], [ 395275.788402848411351, 3782546.49033570708707 ], [ 395276.093591047800146, 3782546.79552390659228 ], [ 395276.398779247188941, 3782546.79552390659228 ], [ 395276.703967446577735, 3782547.100712105631828 ], [ 395276.703967446577735, 3782547.405900305137038 ], [ 395277.314343845355324, 3782548.016276704147458 ], [ 395277.619532044744119, 3782548.016276704147458 ], [ 395277.924720244132914, 3782548.321464903187007 ], [ 395280.36622583924327, 3782548.321464903187007 ], [ 395280.671414038632065, 3782548.626653102692217 ], [ 395280.97660223802086, 3782548.626653102692217 ], [ 395280.97660223802086, 3782548.931841302197427 ], [ 395281.281790437409654, 3782549.237029501702636 ], [ 395281.281790437409654, 3782550.152594099752605 ], [ 395281.586978636798449, 3782550.457782299257815 ], [ 395281.281790437409654, 3782550.762970498297364 ], [ 395281.281790437409654, 3782552.899287894368172 ], [ 395280.97660223802086, 3782553.20447609340772 ], [ 395280.671414038632065, 3782553.20447609340772 ], [ 395280.36622583924327, 3782553.50966429291293 ], [ 395280.061037639854476, 3782553.50966429291293 ], [ 395279.755849440465681, 3782553.81485249241814 ], [ 395279.450661241076887, 3782553.81485249241814 ], [ 395278.229908443521708, 3782555.035605289973319 ], [ 395278.229908443521708, 3782555.340793489478528 ], [ 395277.924720244132914, 3782555.645981688518077 ], [ 395277.00915564596653, 3782555.645981688518077 ], [ 395276.703967446577735, 3782555.951169888023287 ], [ 395276.703967446577735, 3782556.256358087528497 ], [ 395273.0417090539122, 3782556.256358087528497 ] ] ] } },
{ "type": "Feature", "properties": { "confidence": 0.62340307235717773, "class": 1, "regularized": null }, "geometry": { "type": "Polygon", "coordinates": [ [ [ 395107.32451678533107, 3782467.751780264545232 ], [ 395107.019328585942276, 3782467.446592065040022 ], [ 395106.714140386553481, 3782467.446592065040022 ], [ 395106.714140386553481, 3782466.225839267484844 ], [ 395107.019328585942276, 3782465.920651067979634 ], [ 395107.019328585942276, 3782461.34282807726413 ], [ 395107.32451678533107, 3782461.03763987775892 ], [ 395107.629704984719865, 3782461.03763987775892 ], [ 395107.93489318410866, 3782461.34282807726413 ], [ 395109.766022380441427, 3782461.34282807726413 ], [ 395110.071210579830222, 3782461.03763987775892 ], [ 395110.986775178054813, 3782461.03763987775892 ], [ 395110.986775178054813, 3782466.531027466990054 ], [ 395111.291963377443608, 3782466.836215666495264 ], [ 395111.291963377443608, 3782467.446592065040022 ], [ 395110.986775178054813, 3782467.751780264545232 ], [ 395107.32451678533107, 3782467.751780264545232 ] ] ] } },
{ "type": "Feature", "properties": { "confidence": 0.61984950304031372, "class": 1, "regularized": null }, "geometry": { "type": "Polygon", "coordinates": [ [ [ 395269.379450661246665, 3782846.49033570708707 ], [ 395269.07426246185787, 3782846.18514750758186 ], [ 395268.769074262469076, 3782846.18514750758186 ], [ 395268.769074262469076, 3782844.048830111976713 ], [ 395273.652085452689789, 3782844.048830111976713 ], [ 395273.652085452689789, 3782845.574771109037101 ], [ 395272.736520854523405, 3782846.49033570708707 ], [ 395269.379450661246665, 3782846.49033570708707 ] ] ] } },
{ "type": "Feature", "properties": { "confidence": 0.6196015477180481, "class": 1, "regularized": null }, "geometry": { "type": "Polygon", "coordinates": [ [ [ 395323.09257375379093, 3782765.615462868940085 ], [ 395323.09257375379093, 3782763.173957273829728 ], [ 395324.008138351957314, 3782762.258392675314099 ], [ 395324.008138351957314, 3782761.95320447627455 ], [ 395324.313326551346108, 3782761.64801627676934 ], [ 395324.313326551346108, 3782761.03763987775892 ], [ 395324.618514750734903, 3782760.732451678719372 ], [ 395324.618514750734903, 3782760.427263479214162 ], [ 395324.923702950123698, 3782760.122075279708952 ], [ 395324.923702950123698, 3782759.816887080203742 ], [ 395325.2288911495707, 3782759.511698881164193 ], [ 395325.534079348959494, 3782759.511698881164193 ], [ 395327.060020345903467, 3782757.985757884103805 ], [ 395327.365208545292262, 3782757.985757884103805 ], [ 395327.975584944069851, 3782757.375381485093385 ], [ 395328.891149542236235, 3782757.375381485093385 ], [ 395329.501525941013824, 3782757.985757884103805 ], [ 395329.501525941013824, 3782758.290946083609015 ], [ 395329.806714140402619, 3782758.596134282648563 ], [ 395329.806714140402619, 3782758.901322482153773 ], [ 395330.111902339791413, 3782759.206510681658983 ], [ 395330.111902339791413, 3782759.816887080203742 ], [ 395330.417090539180208, 3782760.122075279708952 ], [ 395330.417090539180208, 3782761.95320447627455 ], [ 395330.111902339791413, 3782761.95320447627455 ], [ 395329.806714140402619, 3782762.258392675314099 ], [ 395329.501525941013824, 3782762.258392675314099 ], [ 395329.19633774162503, 3782762.563580874819309 ], [ 395328.891149542236235, 3782762.563580874819309 ], [ 395328.58596134284744, 3782762.868769074324518 ], [ 395328.280773143458646, 3782762.868769074324518 ], [ 395327.975584944069851, 3782763.173957273829728 ], [ 395327.670396744681057, 3782763.173957273829728 ], [ 395327.365208545292262, 3782763.479145472869277 ], [ 395327.060020345903467, 3782763.479145472869277 ], [ 395326.144455747737084, 3782764.394710071384907 ], [ 395326.144455747737084, 3782764.699898270424455 ], [ 395325.534079348959494, 3782764.699898270424455 ], [ 395324.923702950123698, 3782765.310274669434875 ], [ 395324.923702950123698, 3782765.615462868940085 ], [ 395323.09257375379093, 3782765.615462868940085 ] ] ] } },
{ "type": "Feature", "properties": { "confidence": 0.61811953783035278, "class": 1, "regularized": null }, "geometry": { "type": "Polygon", "coordinates": [ [ [ 394948.016276703972835, 3782707.62970498483628 ], [ 394947.71108850458404, 3782707.32451678533107 ], [ 394947.71108850458404, 3782707.019328585825861 ], [ 394947.405900305195246, 3782706.714140386786312 ], [ 394947.100712105806451, 3782706.714140386786312 ], [ 394946.795523906417657, 3782706.408952187281102 ], [ 394931.230925737530924, 3782706.408952187281102 ], [ 394931.230925737530924, 3782706.103763987775892 ], [ 394930.92573753814213, 3782705.798575788270682 ], [ 394930.92573753814213, 3782704.272634791675955 ], [ 394931.230925737530924, 3782703.967446592170745 ], [ 394931.230925737530924, 3782702.746693794615567 ], [ 394932.451678535086103, 3782701.525940997060388 ], [ 394933.062054933863692, 3782701.525940997060388 ], [ 394933.367243133252487, 3782701.220752797555178 ], [ 394936.113936927751638, 3782701.220752797555178 ], [ 394936.419125127140433, 3782700.915564598049968 ], [ 394947.405900305195246, 3782700.915564598049968 ], [ 394947.71108850458404, 3782701.220752797555178 ], [ 394948.32146490336163, 3782701.220752797555178 ], [ 394948.626653102750424, 3782701.525940997060388 ], [ 394948.931841302139219, 3782701.525940997060388 ], [ 394949.237029501528013, 3782701.831129196565598 ], [ 394949.237029501528013, 3782706.408952187281102 ], [ 394948.931841302139219, 3782706.714140386786312 ], [ 394948.931841302139219, 3782707.32451678533107 ], [ 394948.626653102750424, 3782707.32451678533107 ], [ 394948.32146490336163, 3782707.62970498483628 ], [ 394948.016276703972835, 3782707.62970498483628 ] ] ] } },
{ "type": "Feature", "properties": { "confidence": 0.61590635776519775, "class": 1, "regularized": null }, "geometry": { "type": "Polygon", "coordinates": [ [ [ 394940.691759918641765, 3782745.778229908552021 ], [ 394939.776195320475381, 3782744.862665310502052 ], [ 394939.776195320475381, 3782744.252288911491632 ], [ 394939.471007121086586, 3782743.947100711986423 ], [ 394937.639877924695611, 3782743.947100711986423 ], [ 394937.334689725306816, 3782743.641912512946874 ], [ 394935.808748728362843, 3782743.641912512946874 ], [ 394935.198372329585254, 3782743.031536113936454 ], [ 394935.198372329585254, 3782742.421159714926034 ], [ 394934.89318413019646, 3782742.115971515886486 ], [ 394934.89318413019646, 3782741.200406917370856 ], [ 394935.198372329585254, 3782740.895218718331307 ], [ 394935.198372329585254, 3782737.843336724210531 ], [ 394935.503560528974049, 3782737.538148524705321 ], [ 394935.503560528974049, 3782737.232960325665772 ], [ 394935.808748728362843, 3782736.927772126160562 ], [ 394935.808748728362843, 3782736.622583926655352 ], [ 394936.113936927751638, 3782736.317395727150142 ], [ 394936.113936927751638, 3782735.707019328605384 ], [ 394936.419125127140433, 3782735.401831129100174 ], [ 394936.419125127140433, 3782735.096642929594964 ], [ 394936.724313326529227, 3782734.791454730555415 ], [ 394936.724313326529227, 3782733.570701933000237 ], [ 394937.029501525918022, 3782733.265513733495027 ], [ 394937.334689725306816, 3782733.265513733495027 ], [ 394937.639877924695611, 3782732.960325533989817 ], [ 394943.438453713140916, 3782732.960325533989817 ], [ 394943.743641912529711, 3782733.265513733495027 ], [ 394943.743641912529711, 3782734.486266531050205 ], [ 394943.438453713140916, 3782734.791454730555415 ], [ 394943.438453713140916, 3782737.232960325665772 ], [ 394943.133265513752121, 3782737.232960325665772 ], [ 394942.828077314363327, 3782737.538148524705321 ], [ 394942.217700915585738, 3782737.538148524705321 ], [ 394941.912512716196943, 3782737.843336724210531 ], [ 394940.691759918641765, 3782737.843336724210531 ], [ 394940.081383519864175, 3782738.45371312322095 ], [ 394940.081383519864175, 3782739.369277721270919 ], [ 394940.38657171925297, 3782739.674465920776129 ], [ 394941.302136317419354, 3782739.674465920776129 ], [ 394941.607324516808148, 3782739.979654119815677 ], [ 394942.217700915585738, 3782739.979654119815677 ], [ 394942.828077314363327, 3782740.590030518826097 ], [ 394943.743641912529711, 3782740.590030518826097 ], [ 394944.048830111918505, 3782740.895218718331307 ], [ 394944.048830111918505, 3782744.252288911491632 ], [ 394944.3540183113073, 3782744.557477110996842 ], [ 394944.3540183113073, 3782745.473041709046811 ], [ 394944.048830111918505, 3782745.778229908552021 ], [ 394940.691759918641765, 3782745.778229908552021 ] ] ] } },
{ "type": "Feature", "properties": { "confidence": 0.61130505800247192, "class": 1, "regularized": null }, "geometry": { "type": "Polygon", "coordinates": [ [ [ 395098.474059003056027, 3782839.165818921755999 ], [ 395098.474059003056027, 3782838.860630722250789 ], [ 395098.168870803667232, 3782838.555442522745579 ], [ 395098.168870803667232, 3782837.639877924695611 ], [ 395097.863682604278438, 3782837.334689725190401 ], [ 395097.863682604278438, 3782836.724313326645643 ], [ 395098.168870803667232, 3782836.419125127140433 ], [ 395098.168870803667232, 3782835.808748728595674 ], [ 395098.779247202444822, 3782835.198372329585254 ], [ 395098.779247202444822, 3782833.062054933980107 ], [ 395098.474059003056027, 3782832.756866734474897 ], [ 395100.305188199388795, 3782832.756866734474897 ], [ 395100.305188199388795, 3782833.672431332524866 ], [ 395101.220752797555178, 3782834.587995931040496 ], [ 395101.525940996943973, 3782834.587995931040496 ], [ 395101.525940996943973, 3782834.893184130080044 ], [ 395102.136317395721562, 3782835.503560529090464 ], [ 395102.136317395721562, 3782837.334689725190401 ], [ 395101.525940996943973, 3782837.945066124200821 ], [ 395101.525940996943973, 3782838.250254323706031 ], [ 395101.220752797555178, 3782838.250254323706031 ], [ 395100.610376398777589, 3782838.860630722250789 ], [ 395100.305188199388795, 3782838.860630722250789 ], [ 395100.0, 3782839.165818921755999 ], [ 395098.474059003056027, 3782839.165818921755999 ] ] ] } },
{ "type": "Feature", "properties": { "confidence": 0.60235112905502319, "class": 1, "regularized": null }, "geometry": { "type": "Polygon", "coordinates": [ [ [ 395374.974567650060635, 3782703.357070193160325 ], [ 395374.66937945067184, 3782703.051881994120777 ], [ 395374.364191251283046, 3782703.051881994120777 ], [ 395373.448626653116662, 3782702.136317395605147 ], [ 395373.753814852505457, 3782701.831129196565598 ], [ 395373.753814852505457, 3782700.61037639901042 ], [ 395372.533062054950278, 3782699.38962360098958 ], [ 395372.533062054950278, 3782698.779247202444822 ], [ 395374.059003051894251, 3782697.253306205384433 ], [ 395374.66937945067184, 3782697.253306205384433 ], [ 395374.974567650060635, 3782696.948118005879223 ], [ 395375.27975584944943, 3782696.948118005879223 ], [ 395375.584944048838224, 3782697.253306205384433 ], [ 395375.890132248227019, 3782697.253306205384433 ], [ 395377.416073245170992, 3782698.779247202444822 ], [ 395378.63682604272617, 3782698.779247202444822 ], [ 395378.942014242114965, 3782699.084435401950032 ], [ 395378.942014242114965, 3782699.69481180049479 ], [ 395379.247202441503759, 3782700.0 ], [ 395379.247202441503759, 3782700.30518819950521 ], [ 395379.552390640892554, 3782700.61037639901042 ], [ 395379.552390640892554, 3782702.136317395605147 ], [ 395379.247202441503759, 3782702.441505595110357 ], [ 395378.331637843337376, 3782702.441505595110357 ], [ 395377.721261444559786, 3782703.051881994120777 ], [ 395376.805696846393403, 3782703.051881994120777 ], [ 395376.500508647004608, 3782703.357070193160325 ], [ 395374.974567650060635, 3782703.357070193160325 ] ] ] } },
{ "type": "Feature", "properties": { "confidence": 0.60203850269317627, "class": 1, "regularized": null }, "geometry": { "type": "Polygon", "coordinates": [ [ [ 394889.725330620538443, 3782496.134282807819545 ], [ 394889.420142421149649, 3782495.829094608314335 ], [ 394889.420142421149649, 3782494.913530010264367 ], [ 394889.114954221760854, 3782494.608341810759157 ], [ 394889.114954221760854, 3782493.082400813698769 ], [ 394890.030518819927238, 3782493.082400813698769 ], [ 394890.335707019316033, 3782492.77721261465922 ], [ 394890.335707019316033, 3782492.47202441515401 ], [ 394894.303153611370362, 3782492.47202441515401 ], [ 394894.303153611370362, 3782492.77721261465922 ], [ 394894.608341810759157, 3782493.082400813698769 ], [ 394894.913530010147952, 3782493.082400813698769 ], [ 394894.913530010147952, 3782493.997965412214398 ], [ 394894.303153611370362, 3782494.608341810759157 ], [ 394893.997965411981568, 3782494.608341810759157 ], [ 394893.692777212592773, 3782494.913530010264367 ], [ 394893.082400813815184, 3782494.913530010264367 ], [ 394892.777212614426389, 3782495.218718209769577 ], [ 394892.472024415037595, 3782495.218718209769577 ], [ 394892.1668362156488, 3782495.523906408809125 ], [ 394891.556459816871211, 3782495.523906408809125 ], [ 394890.946083418093622, 3782496.134282807819545 ], [ 394889.725330620538443, 3782496.134282807819545 ] ] ] } },
{ "type": "Feature", "properties": { "confidence": 0.60148876905441284, "class": 1, "regularized": null }, "geometry": { "type": "Polygon", "coordinates": [ [ [ 395039.572736520844046, 3782882.807731434237212 ], [ 395039.572736520844046, 3782882.502543235197663 ], [ 395039.267548321455251, 3782882.197355035692453 ], [ 395038.962360122066457, 3782882.197355035692453 ], [ 395038.657171922677662, 3782881.892166836187243 ], [ 395038.657171922677662, 3782881.281790437642485 ], [ 395038.351983723288868, 3782880.976602238137275 ], [ 395038.351983723288868, 3782880.366225839126855 ], [ 395038.046795523900073, 3782880.061037640087306 ], [ 395038.046795523900073, 3782879.450661241076887 ], [ 395037.741607324511278, 3782879.145473041571677 ], [ 395037.741607324511278, 3782878.229908443521708 ], [ 395038.046795523900073, 3782877.924720244016498 ], [ 395038.046795523900073, 3782877.31434384547174 ], [ 395038.351983723288868, 3782877.61953204497695 ], [ 395039.267548321455251, 3782877.61953204497695 ], [ 395039.877924720232841, 3782878.229908443521708 ], [ 395040.183112919621635, 3782878.229908443521708 ], [ 395040.48830111901043, 3782878.535096643026918 ], [ 395040.793489318399224, 3782878.535096643026918 ], [ 395041.403865717176814, 3782879.145473041571677 ], [ 395041.709053916565608, 3782879.145473041571677 ], [ 395042.014242115954403, 3782879.450661241076887 ], [ 395042.014242115954403, 3782880.976602238137275 ], [ 395041.709053916565608, 3782881.281790437642485 ], [ 395041.709053916565608, 3782881.586978636682034 ], [ 395040.793489318399224, 3782882.502543235197663 ], [ 395040.793489318399224, 3782882.807731434237212 ], [ 395039.572736520844046, 3782882.807731434237212 ] ] ] } },
{ "type": "Feature", "properties": { "confidence": 0.59835857152938843, "class": 1, "regularized": null }, "geometry": { "type": "Polygon", "coordinates": [ [ [ 395037.741607324511278, 3782575.178026449866593 ], [ 395037.131230925733689, 3782574.567650050856173 ], [ 395037.131230925733689, 3782574.262461851350963 ], [ 395036.5208545269561, 3782573.652085452806205 ], [ 395036.215666327567305, 3782573.652085452806205 ], [ 395036.215666327567305, 3782573.346897253300995 ], [ 395035.910478128178511, 3782573.041709053795785 ], [ 395035.605289928789716, 3782573.041709053795785 ], [ 395035.605289928789716, 3782572.736520854756236 ], [ 395035.300101729400922, 3782572.431332655251026 ], [ 395035.300101729400922, 3782571.820956256240606 ], [ 395034.994913530012127, 3782571.515768057201058 ], [ 395034.994913530012127, 3782570.600203458685428 ], [ 395035.300101729400922, 3782570.600203458685428 ], [ 395035.605289928789716, 3782570.295015259180218 ], [ 395036.826042726344895, 3782570.295015259180218 ], [ 395037.131230925733689, 3782569.989827060140669 ], [ 395037.436419125122484, 3782569.989827060140669 ], [ 395037.741607324511278, 3782569.684638860635459 ], [ 395038.046795523900073, 3782569.684638860635459 ], [ 395038.351983723288868, 3782569.37945066113025 ], [ 395038.351983723288868, 3782569.07426246162504 ], [ 395038.657171922677662, 3782569.07426246162504 ], [ 395038.962360122066457, 3782568.769074262585491 ], [ 395040.183112919621635, 3782568.769074262585491 ], [ 395040.48830111901043, 3782568.463886063080281 ], [ 395041.403865717176814, 3782568.463886063080281 ], [ 395042.014242115954403, 3782569.07426246162504 ], [ 395042.319430315343197, 3782569.07426246162504 ], [ 395042.319430315343197, 3782569.37945066113025 ], [ 395042.624618514731992, 3782569.684638860635459 ], [ 395042.624618514731992, 3782570.600203458685428 ], [ 395042.929806714120787, 3782570.905391658190638 ], [ 395042.929806714120787, 3782573.041709053795785 ], [ 395042.624618514731992, 3782573.346897253300995 ], [ 395042.319430315343197, 3782573.346897253300995 ], [ 395042.014242115954403, 3782573.652085452806205 ], [ 395041.709053916565608, 3782573.652085452806205 ], [ 395041.403865717176814, 3782573.957273652311414 ], [ 395040.793489318399224, 3782573.957273652311414 ], [ 395040.48830111901043, 3782574.262461851350963 ], [ 395039.877924720232841, 3782574.262461851350963 ], [ 395039.267548321455251, 3782574.872838250361383 ], [ 395038.962360122066457, 3782574.872838250361383 ], [ 395038.657171922677662, 3782575.178026449866593 ], [ 395037.741607324511278, 3782575.178026449866593 ] ] ] } },
{ "type": "Feature", "properties": { "confidence": 0.59818434715270996, "class": 1, "regularized": null }, "geometry": { "type": "Polygon", "coordinates": [ [ [ 395103.357070193276741, 3782616.988809766247869 ], [ 395103.051881993887946, 3782616.683621566742659 ], [ 395102.441505595110357, 3782616.683621566742659 ], [ 395101.831129196332768, 3782616.073245167732239 ], [ 395101.831129196332768, 3782615.76805696869269 ], [ 395102.136317395721562, 3782615.76805696869269 ], [ 395102.441505595110357, 3782615.46286876918748 ], [ 395102.441505595110357, 3782615.15768056968227 ], [ 395103.051881993887946, 3782615.15768056968227 ], [ 395103.357070193276741, 3782614.85249237017706 ], [ 395103.357070193276741, 3782614.547304171137512 ], [ 395104.272634791443124, 3782614.547304171137512 ], [ 395104.577822990831919, 3782614.242115971632302 ], [ 395104.577822990831919, 3782613.936927772127092 ], [ 395105.493387588998303, 3782613.936927772127092 ], [ 395105.798575788387097, 3782613.631739572621882 ], [ 395105.798575788387097, 3782613.326551373116672 ], [ 395106.714140386553481, 3782613.326551373116672 ], [ 395107.019328585942276, 3782613.021363174077123 ], [ 395107.019328585942276, 3782612.716174974571913 ], [ 395108.850457782275043, 3782612.716174974571913 ], [ 395109.155645981663838, 3782613.021363174077123 ], [ 395109.155645981663838, 3782613.631739572621882 ], [ 395108.850457782275043, 3782613.936927772127092 ], [ 395108.850457782275043, 3782614.547304171137512 ], [ 395108.240081383497454, 3782615.15768056968227 ], [ 395107.93489318410866, 3782615.15768056968227 ], [ 395107.629704984719865, 3782615.46286876918748 ], [ 395107.32451678533107, 3782615.46286876918748 ], [ 395106.714140386553481, 3782616.073245167732239 ], [ 395106.103763987775892, 3782616.073245167732239 ], [ 395105.798575788387097, 3782616.378433367237449 ], [ 395105.188199389609508, 3782616.378433367237449 ], [ 395104.883011190220714, 3782616.683621566742659 ], [ 395104.272634791443124, 3782616.683621566742659 ], [ 395103.96744659205433, 3782616.988809766247869 ], [ 395103.357070193276741, 3782616.988809766247869 ] ] ] } },
{ "type": "Feature", "properties": { "confidence": 0.59716218709945679, "class": 1, "regularized": null }, "geometry": { "type": "Polygon", "coordinates": [ [ [ 395020.651068158680573, 3782449.745676500722766 ], [ 395020.345879959291779, 3782449.440488301217556 ], [ 395020.040691759902984, 3782449.440488301217556 ], [ 395019.735503560514189, 3782449.135300101712346 ], [ 395019.735503560514189, 3782445.778229908552021 ], [ 395020.040691759902984, 3782445.473041709046811 ], [ 395020.651068158680573, 3782445.473041709046811 ], [ 395020.956256358069368, 3782445.167853509541601 ], [ 395020.956256358069368, 3782444.862665310502052 ], [ 395021.871820956235752, 3782443.947100711986423 ], [ 395021.871820956235752, 3782443.641912512946874 ], [ 395027.365208545292262, 3782443.641912512946874 ], [ 395027.365208545292262, 3782446.693794506601989 ], [ 395027.670396744681057, 3782446.998982706107199 ], [ 395027.670396744681057, 3782449.135300101712346 ], [ 395027.365208545292262, 3782449.440488301217556 ], [ 395026.754832146514673, 3782449.440488301217556 ], [ 395026.449643947125878, 3782449.745676500722766 ], [ 395020.651068158680573, 3782449.745676500722766 ] ] ] } },
{ "type": "Feature", "properties": { "confidence": 0.59510207176208496, "class": 1, "regularized": null }, "geometry": { "type": "Polygon", "coordinates": [ [ [ 395073.143438453727867, 3782511.393692777026445 ], [ 395072.838250254339073, 3782511.088504577986896 ], [ 395072.533062054950278, 3782511.088504577986896 ], [ 395072.533062054950278, 3782510.478128178976476 ], [ 395072.838250254339073, 3782510.172939979471266 ], [ 395072.838250254339073, 3782507.426246185321361 ], [ 395073.143438453727867, 3782507.121057985816151 ], [ 395073.143438453727867, 3782506.510681586805731 ], [ 395073.448626653116662, 3782506.205493387766182 ], [ 395073.753814852505457, 3782506.205493387766182 ], [ 395074.66937945067184, 3782505.289928789250553 ], [ 395074.66937945067184, 3782504.679552390705794 ], [ 395074.974567650060635, 3782504.374364191200584 ], [ 395076.805696846393403, 3782504.374364191200584 ], [ 395078.026449643948581, 3782505.595116988755763 ], [ 395078.026449643948581, 3782505.900305188260972 ], [ 395078.331637843337376, 3782506.205493387766182 ], [ 395078.942014242114965, 3782506.205493387766182 ], [ 395079.247202441503759, 3782506.510681586805731 ], [ 395080.162767039670143, 3782506.510681586805731 ], [ 395080.467955239058938, 3782506.815869786310941 ], [ 395081.078331637836527, 3782506.815869786310941 ], [ 395081.078331637836527, 3782507.121057985816151 ], [ 395081.383519837225322, 3782507.426246185321361 ], [ 395081.383519837225322, 3782508.952187181916088 ], [ 395081.688708036614116, 3782509.257375381421298 ], [ 395081.688708036614116, 3782510.172939979471266 ], [ 395081.993896236002911, 3782510.478128178976476 ], [ 395081.993896236002911, 3782510.783316378481686 ], [ 395081.688708036614116, 3782511.088504577986896 ], [ 395081.383519837225322, 3782511.088504577986896 ], [ 395081.078331637836527, 3782511.393692777026445 ], [ 395080.162767039670143, 3782511.393692777026445 ], [ 395079.857578840281349, 3782511.088504577986896 ], [ 395078.026449643948581, 3782511.088504577986896 ], [ 395077.721261444559786, 3782510.783316378481686 ], [ 395077.110885045782197, 3782510.783316378481686 ], [ 395076.805696846393403, 3782511.088504577986896 ], [ 395076.500508647004608, 3782510.783316378481686 ], [ 395075.584944048838224, 3782510.783316378481686 ], [ 395075.27975584944943, 3782511.088504577986896 ], [ 395073.753814852505457, 3782511.088504577986896 ], [ 395073.448626653116662, 3782511.393692777026445 ], [ 395073.143438453727867, 3782511.393692777026445 ] ] ] } },
{ "type": "Feature", "properties": { "confidence": 0.59046518802642822, "class": 1, "regularized": null }, "geometry": { "type": "Polygon", "coordinates": [ [ [ 395166.531027466931846, 3782926.449643947184086 ], [ 395166.225839267543051, 3782926.144455747678876 ], [ 395165.920651068154257, 3782926.144455747678876 ], [ 395165.615462868765462, 3782925.839267548173666 ], [ 395165.615462868765462, 3782925.534079349134117 ], [ 395165.310274669376668, 3782925.228891149628907 ], [ 395165.310274669376668, 3782924.923702950123698 ], [ 395165.005086469987873, 3782924.618514750618488 ], [ 395165.005086469987873, 3782924.313326551578939 ], [ 395164.699898270599078, 3782924.008138352073729 ], [ 395164.699898270599078, 3782922.482197355013341 ], [ 395164.394710071210284, 3782922.177009155508131 ], [ 395164.394710071210284, 3782921.566632756963372 ], [ 395164.699898270599078, 3782921.261444557458162 ], [ 395164.699898270599078, 3782920.956256357952952 ], [ 395165.005086469987873, 3782920.956256357952952 ], [ 395165.310274669376668, 3782920.651068158913404 ], [ 395165.615462868765462, 3782920.651068158913404 ], [ 395165.920651068154257, 3782920.345879959408194 ], [ 395166.836215666320641, 3782920.345879959408194 ], [ 395167.141403865709435, 3782920.040691759902984 ], [ 395167.44659206509823, 3782920.040691759902984 ], [ 395167.751780264487024, 3782919.735503560397774 ], [ 395168.972533062042203, 3782919.735503560397774 ], [ 395169.582909460819792, 3782920.345879959408194 ], [ 395169.582909460819792, 3782920.651068158913404 ], [ 395169.888097660208587, 3782920.956256357952952 ], [ 395169.888097660208587, 3782921.261444557458162 ], [ 395170.193285859597381, 3782921.566632756963372 ], [ 395170.193285859597381, 3782921.871820956468582 ], [ 395170.498474058986176, 3782922.177009155508131 ], [ 395170.498474058986176, 3782924.923702950123698 ], [ 395170.193285859597381, 3782925.228891149628907 ], [ 395170.193285859597381, 3782925.534079349134117 ], [ 395169.582909460819792, 3782926.144455747678876 ], [ 395168.972533062042203, 3782926.144455747678876 ], [ 395168.667344862653408, 3782926.449643947184086 ], [ 395166.531027466931846, 3782926.449643947184086 ] ] ] } },
{ "type": "Feature", "properties": { "confidence": 0.58987700939178467, "class": 1, "regularized": null }, "geometry": { "type": "Polygon", "coordinates": [ [ [ 395070.701932858617511, 3782941.709053916390985 ], [ 395070.701932858617511, 3782940.488301118835807 ], [ 395070.396744659228716, 3782940.183112919796258 ], [ 395070.396744659228716, 3782939.877924720291048 ], [ 395069.786368260451127, 3782939.267548321280628 ], [ 395069.786368260451127, 3782938.96236012224108 ], [ 395069.481180061062332, 3782938.65717192273587 ], [ 395069.481180061062332, 3782938.35198372323066 ], [ 395069.175991861673538, 3782938.04679552372545 ], [ 395069.175991861673538, 3782937.436419125180691 ], [ 395069.481180061062332, 3782937.131230925675482 ], [ 395071.3123092573951, 3782937.131230925675482 ], [ 395071.617497456783894, 3782937.436419125180691 ], [ 395071.617497456783894, 3782938.04679552372545 ], [ 395071.922685656172689, 3782938.35198372323066 ], [ 395071.922685656172689, 3782938.65717192273587 ], [ 395072.227873855561484, 3782938.96236012224108 ], [ 395072.227873855561484, 3782939.267548321280628 ], [ 395072.533062054950278, 3782939.572736520785838 ], [ 395072.533062054950278, 3782941.709053916390985 ], [ 395070.701932858617511, 3782941.709053916390985 ] ] ] } },
{ "type": "Feature", "properties": { "confidence": 0.57700467109680176, "class": 1, "regularized": null }, "geometry": { "type": "Polygon", "coordinates": [ [ [ 395352.085452695842832, 3782596.236012207344174 ], [ 395351.475076297065243, 3782595.625635808799416 ], [ 395351.475076297065243, 3782595.320447609294206 ], [ 395351.169888097676449, 3782595.015259409788996 ], [ 395351.169888097676449, 3782594.710071210749447 ], [ 395350.864699898287654, 3782594.404883011244237 ], [ 395350.864699898287654, 3782592.573753814678639 ], [ 395351.169888097676449, 3782592.268565615639091 ], [ 395351.169888097676449, 3782591.658189216628671 ], [ 395351.475076297065243, 3782591.658189216628671 ], [ 395352.085452695842832, 3782591.047812818083912 ], [ 395353.001017294009216, 3782591.047812818083912 ], [ 395353.306205493398011, 3782590.742624618578702 ], [ 395353.611393692786805, 3782590.742624618578702 ], [ 395353.9165818921756, 3782590.437436419073492 ], [ 395356.052899287897162, 3782590.437436419073492 ], [ 395357.273652085452341, 3782591.658189216628671 ], [ 395357.578840284841135, 3782591.658189216628671 ], [ 395357.88402848422993, 3782591.963377416133881 ], [ 395357.88402848422993, 3782592.268565615639091 ], [ 395358.189216683618724, 3782592.573753814678639 ], [ 395358.189216683618724, 3782592.878942014183849 ], [ 395358.494404883007519, 3782593.184130213689059 ], [ 395358.494404883007519, 3782593.794506612233818 ], [ 395358.189216683618724, 3782594.099694811739028 ], [ 395358.189216683618724, 3782594.404883011244237 ], [ 395357.578840284841135, 3782595.015259409788996 ], [ 395356.968463886063546, 3782595.015259409788996 ], [ 395356.663275686674751, 3782595.320447609294206 ], [ 395356.358087487285957, 3782595.320447609294206 ], [ 395356.052899287897162, 3782595.625635808799416 ], [ 395354.221770091564395, 3782595.625635808799416 ], [ 395353.9165818921756, 3782595.930824008304626 ], [ 395353.306205493398011, 3782595.930824008304626 ], [ 395353.001017294009216, 3782596.236012207344174 ], [ 395352.085452695842832, 3782596.236012207344174 ] ] ] } },
{ "type": "Feature", "properties": { "confidence": 0.57631242275238037, "class": 1, "regularized": null }, "geometry": { "type": "Polygon", "coordinates": [ [ [ 395061.85147507628426, 3782992.67548321466893 ], [ 395061.85147507628426, 3782992.37029501516372 ], [ 395061.24109867750667, 3782991.759918616618961 ], [ 395061.24109867750667, 3782991.149542217608541 ], [ 395060.935910478117876, 3782990.844354018103331 ], [ 395060.935910478117876, 3782989.318413021508604 ], [ 395060.630722278729081, 3782989.013224822003394 ], [ 395060.630722278729081, 3782988.402848422992975 ], [ 395060.325534079340287, 3782988.097660223953426 ], [ 395060.325534079340287, 3782987.487283824943006 ], [ 395060.020345879951492, 3782987.182095625437796 ], [ 395060.020345879951492, 3782986.266531027387828 ], [ 395059.715157680562697, 3782985.961342827882618 ], [ 395059.715157680562697, 3782985.656154628843069 ], [ 395059.409969481173903, 3782985.350966429337859 ], [ 395059.409969481173903, 3782984.740590030327439 ], [ 395059.104781281785108, 3782984.435401831287891 ], [ 395059.104781281785108, 3782983.214649033732712 ], [ 395058.799593082396314, 3782982.909460834227502 ], [ 395058.799593082396314, 3782982.604272634722292 ], [ 395058.494404883007519, 3782982.299084435217083 ], [ 395058.494404883007519, 3782981.078331637661904 ], [ 395058.189216683618724, 3782980.773143438622355 ], [ 395058.189216683618724, 3782980.162767039611936 ], [ 395058.494404883007519, 3782979.857578840106726 ], [ 395058.494404883007519, 3782979.552390641067177 ], [ 395059.104781281785108, 3782979.552390641067177 ], [ 395059.409969481173903, 3782979.247202441561967 ], [ 395060.020345879951492, 3782979.247202441561967 ], [ 395060.325534079340287, 3782978.942014242056757 ], [ 395061.24109867750667, 3782978.942014242056757 ], [ 395061.85147507628426, 3782979.552390641067177 ], [ 395061.85147507628426, 3782981.383519837167114 ], [ 395062.156663275673054, 3782981.688708036672324 ], [ 395062.156663275673054, 3782981.993896236177534 ], [ 395062.767039674450643, 3782982.604272634722292 ], [ 395064.903357070172206, 3782982.604272634722292 ], [ 395065.208545269561, 3782982.909460834227502 ], [ 395065.208545269561, 3782983.214649033732712 ], [ 395065.513733468949795, 3782983.519837232772261 ], [ 395065.513733468949795, 3782983.825025432277471 ], [ 395065.818921668338589, 3782984.130213631782681 ], [ 395065.818921668338589, 3782989.013224822003394 ], [ 395066.124109867727384, 3782989.318413021508604 ], [ 395066.124109867727384, 3782991.759918616618961 ], [ 395065.818921668338589, 3782992.06510681565851 ], [ 395065.513733468949795, 3782992.06510681565851 ], [ 395065.208545269561, 3782992.37029501516372 ], [ 395063.682604272617027, 3782992.37029501516372 ], [ 395063.377416073228233, 3782992.67548321466893 ], [ 395061.85147507628426, 3782992.67548321466893 ] ] ] } },
{ "type": "Feature", "properties": { "confidence": 0.57532227039337158, "class": 1, "regularized": "rectangle" }, "geometry": { "type": "Polygon", "coordinates": [ [ [ 395017.46875, 3782676.25 ], [ 395026.71875, 3782676.25 ], [ 395027.15625, 3782697.75 ], [ 395017.90625, 3782697.75 ], [ 395017.46875, 3782676.25 ] ] ] } },
{ "type": "Feature", "properties": { "confidence": 0.57420939207077026, "class": 1, "regularized": null }, "geometry": { "type": "Polygon", "coordinates": [ [ [ 395009.053916581906378, 3782474.160732451826334 ], [ 395008.748728382517584, 3782473.855544252321124 ], [ 395007.222787385573611, 3782473.855544252321124 ], [ 395006.917599186184816, 3782473.550356052815914 ], [ 395006.917599186184816, 3782471.108850457705557 ], [ 395007.222787385573611, 3782470.803662258200347 ], [ 395007.527975584962405, 3782470.803662258200347 ], [ 395007.8331637843512, 3782470.498474059160799 ], [ 395011.495422177016735, 3782470.498474059160799 ], [ 395011.80061037640553, 3782470.803662258200347 ], [ 395014.852492370293476, 3782470.803662258200347 ], [ 395015.15768056968227, 3782471.108850457705557 ], [ 395015.462868769071065, 3782471.108850457705557 ], [ 395015.462868769071065, 3782473.855544252321124 ], [ 395015.15768056968227, 3782474.160732451826334 ], [ 395009.053916581906378, 3782474.160732451826334 ] ] ] } },
{ "type": "Feature", "properties": { "confidence": 0.57387709617614746, "class": 1, "regularized": null }, "geometry": { "type": "Polygon", "coordinates": [ [ [ 395388.097660223778803, 3782681.688708036672324 ], [ 395387.182095625612419, 3782680.773143438622355 ], [ 395387.182095625612419, 3782680.467955239117146 ], [ 395386.876907426223624, 3782680.162767039611936 ], [ 395386.876907426223624, 3782679.552390641067177 ], [ 395386.57171922683483, 3782679.247202441561967 ], [ 395386.57171922683483, 3782678.942014242056757 ], [ 395386.266531027446035, 3782678.636826042551547 ], [ 395386.266531027446035, 3782678.331637843511999 ], [ 395385.961342828057241, 3782678.026449644006789 ], [ 395385.961342828057241, 3782677.721261444501579 ], [ 395385.656154628668446, 3782677.416073244996369 ], [ 395385.656154628668446, 3782677.11088504595682 ], [ 395385.350966429279651, 3782676.80569684645161 ], [ 395385.350966429279651, 3782676.19532044744119 ], [ 395385.045778229890857, 3782675.890132248401642 ], [ 395385.350966429279651, 3782675.584944048896432 ], [ 395388.097660223778803, 3782675.584944048896432 ], [ 395388.402848423167598, 3782675.890132248401642 ], [ 395389.623601220780984, 3782675.890132248401642 ], [ 395389.928789420169778, 3782676.19532044744119 ], [ 395390.233977619558573, 3782676.19532044744119 ], [ 395390.844354018336162, 3782676.80569684645161 ], [ 395392.370295015280135, 3782676.80569684645161 ], [ 395392.67548321466893, 3782676.5005086469464 ], [ 395393.285859613446519, 3782676.5005086469464 ], [ 395393.591047812835313, 3782676.19532044744119 ], [ 395393.896236012224108, 3782676.19532044744119 ], [ 395394.201424211612903, 3782675.890132248401642 ], [ 395394.506612411001697, 3782675.890132248401642 ], [ 395395.116988809779286, 3782676.5005086469464 ], [ 395395.116988809779286, 3782677.416073244996369 ], [ 395394.811800610390492, 3782677.721261444501579 ], [ 395394.811800610390492, 3782678.026449644006789 ], [ 395393.896236012224108, 3782678.942014242056757 ], [ 395393.896236012224108, 3782680.467955239117146 ], [ 395393.285859613446519, 3782680.467955239117146 ], [ 395392.67548321466893, 3782681.078331637661904 ], [ 395392.06510681589134, 3782681.078331637661904 ], [ 395391.759918616502546, 3782681.383519837167114 ], [ 395391.149542217724957, 3782681.383519837167114 ], [ 395390.844354018336162, 3782681.688708036672324 ], [ 395388.097660223778803, 3782681.688708036672324 ] ] ] } },
{ "type": "Feature", "properties": { "confidence": 0.57357621192932129, "class": 1, "regularized": null }, "geometry": { "type": "Polygon", "coordinates": [ [ [ 395389.623601220780984, 3782582.502543235197663 ], [ 395389.013224821945187, 3782581.892166836187243 ], [ 395389.013224821945187, 3782581.586978636682034 ], [ 395388.708036622556392, 3782581.281790437642485 ], [ 395388.708036622556392, 3782580.366225839126855 ], [ 395389.013224821945187, 3782580.061037640087306 ], [ 395389.623601220780984, 3782580.061037640087306 ], [ 395389.928789420169778, 3782579.755849440582097 ], [ 395390.539165818947367, 3782579.755849440582097 ], [ 395390.844354018336162, 3782579.450661241076887 ], [ 395391.759918616502546, 3782579.450661241076887 ], [ 395392.06510681589134, 3782579.145473041571677 ], [ 395393.896236012224108, 3782579.145473041571677 ], [ 395393.896236012224108, 3782579.450661241076887 ], [ 395394.201424211612903, 3782579.755849440582097 ], [ 395394.201424211612903, 3782580.366225839126855 ], [ 395393.591047812835313, 3782580.976602238137275 ], [ 395393.285859613446519, 3782580.976602238137275 ], [ 395392.980671414057724, 3782581.281790437642485 ], [ 395392.67548321466893, 3782581.281790437642485 ], [ 395392.06510681589134, 3782581.892166836187243 ], [ 395391.454730417113751, 3782581.892166836187243 ], [ 395391.149542217724957, 3782582.197355035692453 ], [ 395390.844354018336162, 3782582.197355035692453 ], [ 395390.539165818947367, 3782582.502543235197663 ], [ 395389.623601220780984, 3782582.502543235197663 ] ] ] } },
{ "type": "Feature", "properties": { "confidence": 0.57120710611343384, "class": 1, "regularized": null }, "geometry": { "type": "Polygon", "coordinates": [ [ [ 394942.522889114974532, 3782598.982706001959741 ], [ 394942.217700915585738, 3782598.677517802454531 ], [ 394941.302136317419354, 3782598.677517802454531 ], [ 394940.996948118030559, 3782598.372329603414983 ], [ 394939.776195320475381, 3782598.372329603414983 ], [ 394939.471007121086586, 3782598.067141403909773 ], [ 394938.860630722250789, 3782598.067141403909773 ], [ 394937.639877924695611, 3782596.846388606354594 ], [ 394937.639877924695611, 3782596.236012207344174 ], [ 394938.555442522861995, 3782595.320447609294206 ], [ 394938.860630722250789, 3782595.320447609294206 ], [ 394939.165818921639584, 3782595.015259409788996 ], [ 394939.471007121086586, 3782595.015259409788996 ], [ 394939.776195320475381, 3782595.320447609294206 ], [ 394940.691759918641765, 3782595.320447609294206 ], [ 394941.302136317419354, 3782595.930824008304626 ], [ 394945.269582909473684, 3782595.930824008304626 ], [ 394945.574771108862478, 3782596.236012207344174 ], [ 394946.185147507640067, 3782596.236012207344174 ], [ 394946.490335707028862, 3782596.541200406849384 ], [ 394947.100712105806451, 3782596.541200406849384 ], [ 394947.405900305195246, 3782596.846388606354594 ], [ 394947.71108850458404, 3782596.846388606354594 ], [ 394948.016276703972835, 3782597.151576805859804 ], [ 394948.016276703972835, 3782597.456765004899353 ], [ 394947.71108850458404, 3782597.761953204404563 ], [ 394947.405900305195246, 3782597.761953204404563 ], [ 394947.100712105806451, 3782598.067141403909773 ], [ 394947.100712105806451, 3782598.372329603414983 ], [ 394944.659206510696094, 3782598.372329603414983 ], [ 394944.3540183113073, 3782598.677517802454531 ], [ 394943.438453713140916, 3782598.677517802454531 ], [ 394943.133265513752121, 3782598.982706001959741 ], [ 394942.522889114974532, 3782598.982706001959741 ] ] ] } },
{ "type": "Feature", "properties": { "confidence": 0.56961590051651001, "class": 1, "regularized": null }, "geometry": { "type": "Polygon", "coordinates": [ [ [ 395107.019328585942276, 3782522.38046795502305 ], [ 395106.714140386553481, 3782522.075279755983502 ], [ 395106.408952187164687, 3782522.075279755983502 ], [ 395105.188199389609508, 3782520.854526958428323 ], [ 395105.188199389609508, 3782519.633774160873145 ], [ 395105.493387588998303, 3782519.328585961367935 ], [ 395105.798575788387097, 3782519.328585961367935 ], [ 395107.019328585942276, 3782518.107833163812757 ], [ 395108.850457782275043, 3782518.107833163812757 ], [ 395109.155645981663838, 3782518.413021363317966 ], [ 395109.155645981663838, 3782518.718209562357515 ], [ 395109.460834181052633, 3782519.023397761862725 ], [ 395109.460834181052633, 3782520.244150559417903 ], [ 395109.155645981663838, 3782520.549338758923113 ], [ 395109.155645981663838, 3782521.770091556478292 ], [ 395108.545269582886249, 3782522.38046795502305 ], [ 395107.019328585942276, 3782522.38046795502305 ] ] ] } },
{ "type": "Feature", "properties": { "confidence": 0.56829339265823364, "class": 1, "regularized": null }, "geometry": { "type": "Polygon", "coordinates": [ [ [ 395306.002034588018432, 3782531.230925737414509 ], [ 395306.002034588018432, 3782529.399796541314572 ], [ 395306.307222787407227, 3782529.399796541314572 ], [ 395306.612410986796021, 3782529.094608341809362 ], [ 395307.527975584962405, 3782529.094608341809362 ], [ 395307.8331637843512, 3782528.789420142304152 ], [ 395308.138351983739994, 3782528.789420142304152 ], [ 395308.443540183128789, 3782528.484231942798942 ], [ 395309.053916581906378, 3782528.484231942798942 ], [ 395309.664292980683967, 3782527.873855544254184 ], [ 395309.664292980683967, 3782527.568667344748974 ], [ 395310.579857578850351, 3782527.568667344748974 ], [ 395310.885045778239146, 3782527.873855544254184 ], [ 395312.105798575794324, 3782527.873855544254184 ], [ 395312.105798575794324, 3782528.789420142304152 ], [ 395312.410986775183119, 3782529.094608341809362 ], [ 395312.410986775183119, 3782529.399796541314572 ], [ 395312.105798575794324, 3782529.704984740819782 ], [ 395312.105798575794324, 3782530.010172939859331 ], [ 395311.80061037640553, 3782530.010172939859331 ], [ 395311.19023397762794, 3782530.62054933886975 ], [ 395310.885045778239146, 3782530.62054933886975 ], [ 395310.579857578850351, 3782530.92573753837496 ], [ 395310.579857578850351, 3782531.230925737414509 ], [ 395306.002034588018432, 3782531.230925737414509 ] ] ] } },
{ "type": "Feature", "properties": { "confidence": 0.56794965267181396, "class": 1, "regularized": null }, "geometry": { "type": "Polygon", "coordinates": [ [ [ 394825.33062054932816, 3782932.553407934959978 ], [ 394825.025432349939365, 3782932.248219735454768 ], [ 394824.109867751772981, 3782932.248219735454768 ], [ 394823.804679552384187, 3782931.943031535949558 ], [ 394823.499491352995392, 3782931.943031535949558 ], [ 394823.194303153606597, 3782931.637843336910009 ], [ 394823.194303153606597, 3782931.332655137404799 ], [ 394822.583926754829008, 3782930.72227873839438 ], [ 394822.583926754829008, 3782929.501525940839201 ], [ 394822.278738555440214, 3782929.196337741799653 ], [ 394822.278738555440214, 3782926.144455747678876 ], [ 394821.973550356051419, 3782925.839267548173666 ], [ 394821.973550356051419, 3782925.228891149628907 ], [ 394821.36317395727383, 3782924.618514750618488 ], [ 394821.36317395727383, 3782924.313326551578939 ], [ 394821.057985757885035, 3782924.008138352073729 ], [ 394821.057985757885035, 3782923.702950152568519 ], [ 394820.752797558496241, 3782923.397761953063309 ], [ 394820.752797558496241, 3782922.482197355013341 ], [ 394820.447609359107446, 3782922.177009155508131 ], [ 394820.447609359107446, 3782921.871820956468582 ], [ 394821.057985757885035, 3782921.261444557458162 ], [ 394822.278738555440214, 3782921.261444557458162 ], [ 394822.583926754829008, 3782920.956256357952952 ], [ 394825.33062054932816, 3782920.956256357952952 ], [ 394825.33062054932816, 3782921.261444557458162 ], [ 394825.635808748716954, 3782921.566632756963372 ], [ 394825.635808748716954, 3782924.313326551578939 ], [ 394825.940996948105749, 3782924.618514750618488 ], [ 394825.940996948105749, 3782924.923702950123698 ], [ 394826.246185147494543, 3782925.228891149628907 ], [ 394826.246185147494543, 3782926.144455747678876 ], [ 394826.551373346883338, 3782926.449643947184086 ], [ 394826.551373346883338, 3782927.060020345728844 ], [ 394826.856561546272133, 3782927.365208545234054 ], [ 394826.856561546272133, 3782927.670396744739264 ], [ 394827.161749745660927, 3782927.975584944244474 ], [ 394827.161749745660927, 3782928.891149542294443 ], [ 394827.466937945049722, 3782929.196337741799653 ], [ 394827.466937945049722, 3782929.806714140344411 ], [ 394827.772126144438516, 3782930.111902339849621 ], [ 394827.772126144438516, 3782931.637843336910009 ], [ 394827.161749745660927, 3782932.248219735454768 ], [ 394826.856561546272133, 3782932.248219735454768 ], [ 394826.551373346883338, 3782932.553407934959978 ], [ 394825.33062054932816, 3782932.553407934959978 ] ] ] } },
{ "type": "Feature", "properties": { "confidence": 0.56774526834487915, "class": 1, "regularized": null }, "geometry": { "type": "Polygon", "coordinates": [ [ [ 395370.091556459839921, 3782443.947100711986423 ], [ 395369.786368260451127, 3782443.641912512946874 ], [ 395366.734486266504973, 3782443.641912512946874 ], [ 395366.429298067116179, 3782443.336724313441664 ], [ 395366.429298067116179, 3782442.726347914431244 ], [ 395366.734486266504973, 3782442.421159714926034 ], [ 395366.734486266504973, 3782440.590030518826097 ], [ 395366.429298067116179, 3782440.284842319320887 ], [ 395366.429298067116179, 3782437.232960325665772 ], [ 395371.922685656172689, 3782437.232960325665772 ], [ 395372.227873855561484, 3782437.538148524705321 ], [ 395376.195320447615813, 3782437.538148524705321 ], [ 395376.500508647004608, 3782437.843336724210531 ], [ 395376.500508647004608, 3782438.14852492371574 ], [ 395376.805696846393403, 3782438.45371312322095 ], [ 395376.805696846393403, 3782438.758901322260499 ], [ 395377.110885045782197, 3782439.064089521765709 ], [ 395377.110885045782197, 3782439.369277721270919 ], [ 395377.416073245170992, 3782439.674465920776129 ], [ 395377.416073245170992, 3782440.895218718331307 ], [ 395377.721261444559786, 3782441.200406917370856 ], [ 395377.721261444559786, 3782441.505595116876066 ], [ 395377.416073245170992, 3782441.810783316381276 ], [ 395377.416073245170992, 3782442.421159714926034 ], [ 395376.195320447615813, 3782443.641912512946874 ], [ 395374.66937945067184, 3782443.641912512946874 ], [ 395374.364191251283046, 3782443.947100711986423 ], [ 395370.091556459839921, 3782443.947100711986423 ] ] ] } },
{ "type": "Feature", "properties": { "confidence": 0.56664693355560303, "class": 1, "regularized": null }, "geometry": { "type": "Polygon", "coordinates": [ [ [ 394808.240081383497454, 3782636.520854527130723 ], [ 394807.93489318410866, 3782636.215666327625513 ], [ 394806.103763987775892, 3782636.215666327625513 ], [ 394805.798575788387097, 3782635.910478128120303 ], [ 394805.188199389609508, 3782635.910478128120303 ], [ 394804.577822990831919, 3782635.300101729575545 ], [ 394804.272634791443124, 3782635.300101729575545 ], [ 394803.96744659205433, 3782634.994913530070335 ], [ 394803.96744659205433, 3782634.689725330565125 ], [ 394803.662258392665535, 3782634.384537131059915 ], [ 394803.662258392665535, 3782634.079348932020366 ], [ 394803.357070193276741, 3782633.774160732515156 ], [ 394803.357070193276741, 3782633.468972533009946 ], [ 394803.662258392665535, 3782633.163784333504736 ], [ 394803.662258392665535, 3782632.858596134465188 ], [ 394803.96744659205433, 3782632.553407934959978 ], [ 394810.986775178054813, 3782632.553407934959978 ], [ 394811.597151576832402, 3782633.163784333504736 ], [ 394811.902339776221197, 3782633.163784333504736 ], [ 394811.902339776221197, 3782633.774160732515156 ], [ 394812.207527975609992, 3782634.079348932020366 ], [ 394812.207527975609992, 3782634.384537131059915 ], [ 394812.817904374387581, 3782634.994913530070335 ], [ 394812.817904374387581, 3782635.605289928615093 ], [ 394812.512716174998786, 3782635.605289928615093 ], [ 394812.207527975609992, 3782635.910478128120303 ], [ 394811.902339776221197, 3782635.910478128120303 ], [ 394811.597151576832402, 3782636.215666327625513 ], [ 394810.681586978607811, 3782636.215666327625513 ], [ 394810.376398779219016, 3782636.520854527130723 ], [ 394808.240081383497454, 3782636.520854527130723 ] ] ] } },
{ "type": "Feature", "properties": { "confidence": 0.56256389617919922, "class": 1, "regularized": null }, "geometry": { "type": "Polygon", "coordinates": [ [ [ 395302.339776195294689, 3782620.040691759902984 ], [ 395301.424211597128306, 3782619.125127161853015 ], [ 395301.424211597128306, 3782618.514750762842596 ], [ 395300.813835198350716, 3782617.904374364297837 ], [ 395300.813835198350716, 3782617.599186164792627 ], [ 395300.508646998961922, 3782617.293997965287417 ], [ 395300.508646998961922, 3782616.683621566742659 ], [ 395300.813835198350716, 3782616.378433367237449 ], [ 395300.813835198350716, 3782616.073245167732239 ], [ 395301.119023397739511, 3782615.76805696869269 ], [ 395301.119023397739511, 3782615.15768056968227 ], [ 395302.950152594072279, 3782613.326551373116672 ], [ 395303.560528992908075, 3782613.326551373116672 ], [ 395303.86571719229687, 3782613.631739572621882 ], [ 395303.86571719229687, 3782614.242115971632302 ], [ 395304.170905391685665, 3782614.547304171137512 ], [ 395304.170905391685665, 3782614.85249237017706 ], [ 395304.476093591074459, 3782615.15768056968227 ], [ 395304.476093591074459, 3782615.76805696869269 ], [ 395304.781281790463254, 3782616.073245167732239 ], [ 395304.781281790463254, 3782616.988809766247869 ], [ 395305.086469989852048, 3782617.293997965287417 ], [ 395305.086469989852048, 3782619.125127161853015 ], [ 395304.781281790463254, 3782619.430315361358225 ], [ 395304.781281790463254, 3782619.735503560397774 ], [ 395304.476093591074459, 3782620.040691759902984 ], [ 395302.339776195294689, 3782620.040691759902984 ] ] ] } },
{ "type": "Feature", "properties": { "confidence": 0.56203001737594604, "class": 1, "regularized": null }, "geometry": { "type": "Polygon", "coordinates": [ [ [ 394987.690742624632549, 3782790.030518820043653 ], [ 394987.385554425243754, 3782789.725330620538443 ], [ 394987.080366225854959, 3782789.725330620538443 ], [ 394987.080366225854959, 3782785.14750762982294 ], [ 394986.775178026466165, 3782784.84231943031773 ], [ 394986.775178026466165, 3782784.23194303130731 ], [ 394987.080366225854959, 3782783.926754832267761 ], [ 394987.080366225854959, 3782783.621566632762551 ], [ 394987.385554425243754, 3782783.316378433257341 ], [ 394987.995930824021343, 3782783.316378433257341 ], [ 394988.301119023410138, 3782783.011190233752131 ], [ 394988.911495422187727, 3782783.011190233752131 ], [ 394989.216683621576522, 3782782.706002034712583 ], [ 394990.4374364191317, 3782782.706002034712583 ], [ 394991.353001017298084, 3782783.621566632762551 ], [ 394993.489318413019646, 3782783.621566632762551 ], [ 394993.184130213630851, 3782783.926754832267761 ], [ 394993.184130213630851, 3782784.84231943031773 ], [ 394992.878942014242057, 3782784.84231943031773 ], [ 394992.573753814853262, 3782785.14750762982294 ], [ 394992.573753814853262, 3782785.452695828862488 ], [ 394991.963377416075673, 3782785.452695828862488 ], [ 394991.658189216686878, 3782785.14750762982294 ], [ 394991.047812817909289, 3782785.14750762982294 ], [ 394990.742624618520495, 3782785.452695828862488 ], [ 394990.742624618520495, 3782786.063072227872908 ], [ 394991.047812817909289, 3782786.368260427378118 ], [ 394991.353001017298084, 3782786.368260427378118 ], [ 394991.658189216686878, 3782786.673448626883328 ], [ 394991.963377416075673, 3782786.673448626883328 ], [ 394992.878942014242057, 3782787.589013224933296 ], [ 394992.878942014242057, 3782787.894201424438506 ], [ 394993.184130213630851, 3782788.199389623478055 ], [ 394993.184130213630851, 3782788.504577822983265 ], [ 394992.573753814853262, 3782789.114954221993685 ], [ 394991.963377416075673, 3782789.114954221993685 ], [ 394991.658189216686878, 3782789.420142421033233 ], [ 394990.742624618520495, 3782789.420142421033233 ], [ 394990.4374364191317, 3782789.725330620538443 ], [ 394989.216683621576522, 3782789.725330620538443 ], [ 394988.911495422187727, 3782790.030518820043653 ], [ 394987.690742624632549, 3782790.030518820043653 ] ] ] } },
{ "type": "Feature", "properties": { "confidence": 0.56124734878540039, "class": 1, "regularized": null }, "geometry": { "type": "Polygon", "coordinates": [ [ [ 394973.652085452689789, 3782739.064089521765709 ], [ 394973.346897253300995, 3782738.758901322260499 ], [ 394973.0417090539122, 3782738.758901322260499 ], [ 394972.126144455745816, 3782737.843336724210531 ], [ 394972.126144455745816, 3782737.232960325665772 ], [ 394971.820956256357022, 3782736.927772126160562 ], [ 394971.820956256357022, 3782736.317395727150142 ], [ 394971.515768056968227, 3782736.012207528110594 ], [ 394971.515768056968227, 3782734.486266531050205 ], [ 394971.210579857579432, 3782734.181078331544995 ], [ 394971.210579857579432, 3782732.349949135445058 ], [ 394972.431332655134611, 3782731.12919633788988 ], [ 394972.736520854523405, 3782731.12919633788988 ], [ 394973.0417090539122, 3782730.82400813838467 ], [ 394973.346897253300995, 3782730.82400813838467 ], [ 394973.652085452689789, 3782730.51881993887946 ], [ 394973.957273652078584, 3782730.51881993887946 ], [ 394974.262461851467378, 3782730.21363173937425 ], [ 394974.567650050856173, 3782730.21363173937425 ], [ 394974.872838250244968, 3782729.908443540334702 ], [ 394975.178026449633762, 3782729.908443540334702 ], [ 394975.483214649022557, 3782729.603255340829492 ], [ 394976.093591047800146, 3782729.603255340829492 ], [ 394977.924720244132914, 3782727.772126144263893 ], [ 394978.535096642910503, 3782727.772126144263893 ], [ 394978.840284842299297, 3782727.466937945224345 ], [ 394979.755849440465681, 3782727.466937945224345 ], [ 394980.061037639854476, 3782727.772126144263893 ], [ 394980.36622583924327, 3782727.772126144263893 ], [ 394981.586978636798449, 3782728.992878941819072 ], [ 394981.586978636798449, 3782729.298067141324282 ], [ 394982.50254323502304, 3782730.21363173937425 ], [ 394982.50254323502304, 3782730.51881993887946 ], [ 394982.807731434411835, 3782730.82400813838467 ], [ 394982.807731434411835, 3782734.791454730555415 ], [ 394980.97660223802086, 3782736.622583926655352 ], [ 394980.97660223802086, 3782736.927772126160562 ], [ 394979.145473041688092, 3782738.758901322260499 ], [ 394978.840284842299297, 3782738.758901322260499 ], [ 394978.535096642910503, 3782739.064089521765709 ], [ 394973.652085452689789, 3782739.064089521765709 ] ] ] } },
{ "type": "Feature", "properties": { "confidence": 0.55827295780181885, "class": 1, "regularized": null }, "geometry": { "type": "Polygon", "coordinates": [ [ [ 395186.978636826039292, 3782591.047812818083912 ], [ 395186.978636826039292, 3782590.742624618578702 ], [ 395186.673448626650497, 3782590.437436419073492 ], [ 395186.673448626650497, 3782589.216683621518314 ], [ 395187.283825025428087, 3782588.606307222973555 ], [ 395187.283825025428087, 3782588.301119023468345 ], [ 395187.589013224816881, 3782587.995930823963135 ], [ 395187.894201424205676, 3782587.995930823963135 ], [ 395188.19938962359447, 3782587.690742624457926 ], [ 395188.19938962359447, 3782587.385554425418377 ], [ 395189.420142421149649, 3782587.385554425418377 ], [ 395189.725330620538443, 3782587.690742624457926 ], [ 395190.335707019316033, 3782587.690742624457926 ], [ 395190.335707019316033, 3782590.437436419073492 ], [ 395190.030518819927238, 3782590.132248219568282 ], [ 395189.420142421149649, 3782590.132248219568282 ], [ 395189.114954221760854, 3782590.437436419073492 ], [ 395188.19938962359447, 3782590.437436419073492 ], [ 395187.894201424205676, 3782590.742624618578702 ], [ 395187.589013224816881, 3782590.742624618578702 ], [ 395187.283825025428087, 3782591.047812818083912 ], [ 395186.978636826039292, 3782591.047812818083912 ] ] ] } },
{ "type": "Feature", "properties": { "confidence": 0.55386030673980713, "class": 1, "regularized": null }, "geometry": { "type": "Polygon", "coordinates": [ [ [ 395240.996948118030559, 3782746.388606307096779 ], [ 395240.691759918641765, 3782746.083418108057231 ], [ 395240.38657171925297, 3782746.083418108057231 ], [ 395239.471007121086586, 3782745.167853509541601 ], [ 395239.471007121086586, 3782742.421159714926034 ], [ 395240.38657171925297, 3782741.505595116876066 ], [ 395240.691759918641765, 3782741.505595116876066 ], [ 395240.996948118030559, 3782741.200406917370856 ], [ 395241.302136317419354, 3782741.200406917370856 ], [ 395241.607324516808148, 3782740.895218718331307 ], [ 395242.217700915585738, 3782740.895218718331307 ], [ 395242.522889114974532, 3782740.590030518826097 ], [ 395242.828077314363327, 3782740.590030518826097 ], [ 395243.133265513752121, 3782740.284842319320887 ], [ 395243.743641912529711, 3782740.284842319320887 ], [ 395244.048830111918505, 3782739.979654119815677 ], [ 395244.3540183113073, 3782739.979654119815677 ], [ 395244.659206510696094, 3782739.674465920776129 ], [ 395246.490335707028862, 3782739.674465920776129 ], [ 395246.490335707028862, 3782739.979654119815677 ], [ 395247.100712105806451, 3782740.590030518826097 ], [ 395247.100712105806451, 3782740.895218718331307 ], [ 395247.405900305195246, 3782741.200406917370856 ], [ 395247.405900305195246, 3782741.810783316381276 ], [ 395247.71108850458404, 3782742.115971515886486 ], [ 395247.71108850458404, 3782743.641912512946874 ], [ 395247.405900305195246, 3782743.947100711986423 ], [ 395247.405900305195246, 3782744.252288911491632 ], [ 395247.100712105806451, 3782744.557477110996842 ], [ 395246.490335707028862, 3782744.557477110996842 ], [ 395246.185147507640067, 3782744.862665310502052 ], [ 395245.574771108862478, 3782744.862665310502052 ], [ 395245.269582909473684, 3782745.167853509541601 ], [ 395244.964394710084889, 3782745.167853509541601 ], [ 395244.659206510696094, 3782745.473041709046811 ], [ 395244.3540183113073, 3782745.473041709046811 ], [ 395244.048830111918505, 3782745.778229908552021 ], [ 395243.133265513752121, 3782745.778229908552021 ], [ 395242.828077314363327, 3782746.083418108057231 ], [ 395241.912512716196943, 3782746.083418108057231 ], [ 395241.607324516808148, 3782746.388606307096779 ], [ 395240.996948118030559, 3782746.388606307096779 ] ] ] } },
{ "type": "Feature", "properties": { "confidence": 0.55026358366012573, "class": 1, "regularized": null }, "geometry": { "type": "Polygon", "coordinates": [ [ [ 395375.27975584944943, 3782569.07426246162504 ], [ 395375.27975584944943, 3782568.769074262585491 ], [ 395374.974567650060635, 3782568.463886063080281 ], [ 395373.753814852505457, 3782568.463886063080281 ], [ 395373.448626653116662, 3782568.769074262585491 ], [ 395372.838250254339073, 3782568.769074262585491 ], [ 395372.533062054950278, 3782568.463886063080281 ], [ 395371.922685656172689, 3782568.463886063080281 ], [ 395371.922685656172689, 3782565.717192268464714 ], [ 395372.227873855561484, 3782565.717192268464714 ], [ 395372.533062054950278, 3782565.412004068959504 ], [ 395372.838250254339073, 3782565.412004068959504 ], [ 395373.143438453727867, 3782565.106815869919956 ], [ 395373.448626653116662, 3782565.106815869919956 ], [ 395373.753814852505457, 3782564.801627670414746 ], [ 395374.059003051894251, 3782564.801627670414746 ], [ 395374.66937945067184, 3782564.191251271404326 ], [ 395375.27975584944943, 3782564.191251271404326 ], [ 395375.584944048838224, 3782563.886063072364777 ], [ 395377.110885045782197, 3782563.886063072364777 ], [ 395377.416073245170992, 3782563.580874872859567 ], [ 395378.026449643948581, 3782563.580874872859567 ], [ 395378.331637843337376, 3782563.275686673354357 ], [ 395378.63682604272617, 3782563.275686673354357 ], [ 395378.942014242114965, 3782562.970498473849148 ], [ 395382.299084435391705, 3782562.970498473849148 ], [ 395382.6042726347805, 3782563.275686673354357 ], [ 395382.6042726347805, 3782563.580874872859567 ], [ 395383.519837232946884, 3782564.496439470909536 ], [ 395383.519837232946884, 3782564.801627670414746 ], [ 395383.825025432335678, 3782565.106815869919956 ], [ 395383.825025432335678, 3782565.412004068959504 ], [ 395384.130213631724473, 3782565.717192268464714 ], [ 395384.130213631724473, 3782566.632756866514683 ], [ 395383.519837232946884, 3782567.243133265525103 ], [ 395382.909460834169295, 3782567.243133265525103 ], [ 395382.6042726347805, 3782567.548321465030313 ], [ 395381.993896236002911, 3782567.548321465030313 ], [ 395381.688708036614116, 3782567.853509664069861 ], [ 395381.383519837225322, 3782567.853509664069861 ], [ 395380.773143438447732, 3782568.463886063080281 ], [ 395377.110885045782197, 3782568.463886063080281 ], [ 395376.500508647004608, 3782569.07426246162504 ], [ 395375.27975584944943, 3782569.07426246162504 ] ] ] } },
{ "type": "Feature", "properties": { "confidence": 0.5421520471572876, "class": 1, "regularized": null }, "geometry": { "type": "Polygon", "coordinates": [ [ [ 394872.024415055930149, 3782528.484231942798942 ], [ 394871.719226856541354, 3782528.179043743759394 ], [ 394871.108850457763765, 3782528.179043743759394 ], [ 394871.108850457763765, 3782523.906408952083439 ], [ 394871.41403865715256, 3782523.601220752578229 ], [ 394875.686673448653892, 3782523.601220752578229 ], [ 394875.991861648042686, 3782523.29603255353868 ], [ 394876.602238046820275, 3782523.29603255353868 ], [ 394877.212614445597865, 3782522.68565615452826 ], [ 394877.212614445597865, 3782522.38046795502305 ], [ 394877.822990844375454, 3782522.38046795502305 ], [ 394877.822990844375454, 3782522.99084435403347 ], [ 394878.738555442541838, 3782523.906408952083439 ], [ 394878.738555442541838, 3782525.432349949143827 ], [ 394879.043743641930632, 3782525.737538148649037 ], [ 394879.043743641930632, 3782527.568667344748974 ], [ 394879.348931841319427, 3782527.873855544254184 ], [ 394879.043743641930632, 3782528.179043743759394 ], [ 394876.90742624620907, 3782528.179043743759394 ], [ 394876.602238046820275, 3782528.484231942798942 ], [ 394872.024415055930149, 3782528.484231942798942 ] ] ] } },
{ "type": "Feature", "properties": { "confidence": 0.53893506526947021, "class": 1, "regularized": null }, "geometry": { "type": "Polygon", "coordinates": [ [ [ 394812.817904374387581, 3782494.913530010264367 ], [ 394812.512716174998786, 3782494.608341810759157 ], [ 394811.597151576832402, 3782494.608341810759157 ], [ 394811.291963377443608, 3782494.303153611253947 ], [ 394810.376398779219016, 3782494.303153611253947 ], [ 394809.460834181052633, 3782493.387589013203979 ], [ 394809.460834181052633, 3782492.47202441515401 ], [ 394816.174974567664322, 3782492.47202441515401 ], [ 394816.174974567664322, 3782493.082400813698769 ], [ 394815.869786368275527, 3782493.387589013203979 ], [ 394815.869786368275527, 3782493.997965412214398 ], [ 394814.954221770109143, 3782494.913530010264367 ], [ 394812.817904374387581, 3782494.913530010264367 ] ] ] } },
{ "type": "Feature", "properties": { "confidence": 0.53597629070281982, "class": 1, "regularized": null }, "geometry": { "type": "Polygon", "coordinates": [ [ [ 395152.187182095600292, 3782459.511698881164193 ], [ 395152.187182095600292, 3782453.71312309242785 ], [ 395152.492370294989087, 3782453.407934893388301 ], [ 395152.797558494377881, 3782453.407934893388301 ], [ 395153.40793489315547, 3782452.797558494377881 ], [ 395155.239064089546446, 3782452.797558494377881 ], [ 395155.849440488324035, 3782453.407934893388301 ], [ 395155.849440488324035, 3782453.71312309242785 ], [ 395156.15462868771283, 3782454.01831129193306 ], [ 395156.15462868771283, 3782454.32349949143827 ], [ 395156.459816887101624, 3782454.62868769094348 ], [ 395156.459816887101624, 3782454.933875889983028 ], [ 395158.901322482211981, 3782457.375381485093385 ], [ 395158.901322482211981, 3782457.985757884103805 ], [ 395155.54425228893524, 3782457.985757884103805 ], [ 395155.239064089546446, 3782458.290946083609015 ], [ 395154.018311291991267, 3782458.290946083609015 ], [ 395152.797558494377881, 3782459.511698881164193 ], [ 395152.187182095600292, 3782459.511698881164193 ] ] ] } },
{ "type": "Feature", "properties": { "confidence": 0.53286296129226685, "class": 1, "regularized": null }, "geometry": { "type": "Polygon", "coordinates": [ [ [ 395170.80366225837497, 3782730.82400813838467 ], [ 395170.498474058986176, 3782730.51881993887946 ], [ 395170.498474058986176, 3782729.298067141324282 ], [ 395170.193285859597381, 3782728.992878941819072 ], [ 395170.193285859597381, 3782728.687690742779523 ], [ 395169.888097660208587, 3782728.382502543274313 ], [ 395169.888097660208587, 3782728.077314343769103 ], [ 395169.582909460819792, 3782727.772126144263893 ], [ 395169.277721261430997, 3782727.772126144263893 ], [ 395168.667344862653408, 3782727.161749745719135 ], [ 395168.667344862653408, 3782726.856561546213925 ], [ 395175.381485249265097, 3782726.856561546213925 ], [ 395175.381485249265097, 3782729.298067141324282 ], [ 395175.076297049876302, 3782729.298067141324282 ], [ 395174.7711088504293, 3782729.603255340829492 ], [ 395173.855544252262916, 3782729.603255340829492 ], [ 395173.550356052874122, 3782729.908443540334702 ], [ 395173.245167853485327, 3782729.908443540334702 ], [ 395172.939979654096533, 3782730.21363173937425 ], [ 395172.634791454707738, 3782730.21363173937425 ], [ 395172.329603255318943, 3782730.51881993887946 ], [ 395171.719226856541354, 3782730.51881993887946 ], [ 395171.41403865715256, 3782730.82400813838467 ], [ 395170.80366225837497, 3782730.82400813838467 ] ] ] } },
{ "type": "Feature", "properties": { "confidence": 0.53012990951538086, "class": 1, "regularized": null }, "geometry": { "type": "Polygon", "coordinates": [ [ [ 395071.007121058006305, 3782534.587995931040496 ], [ 395070.701932858617511, 3782534.282807731535286 ], [ 395069.786368260451127, 3782534.282807731535286 ], [ 395069.481180061062332, 3782533.977619532030076 ], [ 395069.481180061062332, 3782532.451678534969687 ], [ 395069.786368260451127, 3782532.146490335930139 ], [ 395069.786368260451127, 3782530.010172939859331 ], [ 395070.091556459839921, 3782529.704984740819782 ], [ 395070.091556459839921, 3782529.399796541314572 ], [ 395070.396744659228716, 3782529.094608341809362 ], [ 395070.396744659228716, 3782528.789420142304152 ], [ 395070.701932858617511, 3782528.484231942798942 ], [ 395070.701932858617511, 3782528.179043743759394 ], [ 395071.007121058006305, 3782527.873855544254184 ], [ 395071.007121058006305, 3782527.568667344748974 ], [ 395072.227873855561484, 3782526.347914547193795 ], [ 395072.533062054950278, 3782526.347914547193795 ], [ 395072.838250254339073, 3782526.653102746699005 ], [ 395073.143438453727867, 3782526.653102746699005 ], [ 395073.143438453727867, 3782533.672431332524866 ], [ 395072.838250254339073, 3782533.672431332524866 ], [ 395072.227873855561484, 3782534.282807731535286 ], [ 395071.922685656172689, 3782534.282807731535286 ], [ 395071.617497456783894, 3782534.587995931040496 ], [ 395071.007121058006305, 3782534.587995931040496 ] ] ] } },
{ "type": "Feature", "properties": { "confidence": 0.51595121622085571, "class": 1, "regularized": null }, "geometry": { "type": "Polygon", "coordinates": [ [ [ 394808.850457782275043, 3782919.735503560397774 ], [ 394808.545269582886249, 3782919.430315361358225 ], [ 394807.93489318410866, 3782919.430315361358225 ], [ 394807.93489318410866, 3782919.125127161853015 ], [ 394807.629704984719865, 3782918.819938962347806 ], [ 394807.32451678533107, 3782918.819938962347806 ], [ 394807.019328585942276, 3782918.514750762842596 ], [ 394807.019328585942276, 3782918.209562563803047 ], [ 394806.714140386553481, 3782917.904374364297837 ], [ 394806.714140386553481, 3782917.293997965287417 ], [ 394806.103763987775892, 3782916.683621566742659 ], [ 394806.103763987775892, 3782916.073245167732239 ], [ 394805.798575788387097, 3782915.76805696869269 ], [ 394805.798575788387097, 3782914.547304171137512 ], [ 394806.103763987775892, 3782914.242115971632302 ], [ 394807.32451678533107, 3782914.242115971632302 ], [ 394807.629704984719865, 3782913.936927772127092 ], [ 394807.629704984719865, 3782913.631739572621882 ], [ 394808.240081383497454, 3782913.631739572621882 ], [ 394808.545269582886249, 3782913.326551373116672 ], [ 394808.545269582886249, 3782913.021363174077123 ], [ 394808.850457782275043, 3782913.021363174077123 ], [ 394809.155645981663838, 3782912.716174974571913 ], [ 394809.155645981663838, 3782912.410986775066704 ], [ 394809.460834181052633, 3782912.410986775066704 ], [ 394809.766022380441427, 3782912.105798575561494 ], [ 394810.071210579830222, 3782912.410986775066704 ], [ 394810.376398779219016, 3782912.410986775066704 ], [ 394810.376398779219016, 3782913.631739572621882 ], [ 394810.681586978607811, 3782913.936927772127092 ], [ 394810.681586978607811, 3782914.242115971632302 ], [ 394811.291963377443608, 3782914.85249237017706 ], [ 394811.291963377443608, 3782915.15768056968227 ], [ 394811.597151576832402, 3782915.46286876918748 ], [ 394811.597151576832402, 3782915.76805696869269 ], [ 394811.902339776221197, 3782916.073245167732239 ], [ 394811.902339776221197, 3782916.683621566742659 ], [ 394811.597151576832402, 3782916.988809766247869 ], [ 394811.597151576832402, 3782917.904374364297837 ], [ 394811.291963377443608, 3782917.904374364297837 ], [ 394810.986775178054813, 3782918.209562563803047 ], [ 394810.986775178054813, 3782918.514750762842596 ], [ 394810.376398779219016, 3782918.514750762842596 ], [ 394809.155645981663838, 3782919.735503560397774 ], [ 394808.850457782275043, 3782919.735503560397774 ] ] ] } },
{ "type": "Feature", "properties": { "confidence": 0.51580601930618286, "class": 1, "regularized": null }, "geometry": { "type": "Polygon", "coordinates": [ [ [ 395071.617497456783894, 3782762.563580874819309 ], [ 395071.3123092573951, 3782762.258392675314099 ], [ 395071.007121058006305, 3782762.258392675314099 ], [ 395070.701932858617511, 3782761.95320447627455 ], [ 395070.396744659228716, 3782761.95320447627455 ], [ 395070.091556459839921, 3782761.64801627676934 ], [ 395069.481180061062332, 3782761.64801627676934 ], [ 395069.481180061062332, 3782759.511698881164193 ], [ 395069.786368260451127, 3782759.206510681658983 ], [ 395070.091556459839921, 3782759.206510681658983 ], [ 395070.396744659228716, 3782758.901322482153773 ], [ 395070.701932858617511, 3782758.901322482153773 ], [ 395071.007121058006305, 3782758.596134282648563 ], [ 395071.922685656172689, 3782758.596134282648563 ], [ 395072.227873855561484, 3782758.290946083609015 ], [ 395072.533062054950278, 3782758.290946083609015 ], [ 395072.838250254339073, 3782757.985757884103805 ], [ 395073.143438453727867, 3782757.985757884103805 ], [ 395073.448626653116662, 3782757.680569684598595 ], [ 395073.753814852505457, 3782757.680569684598595 ], [ 395074.974567650060635, 3782756.459816887043417 ], [ 395075.27975584944943, 3782756.459816887043417 ], [ 395075.584944048838224, 3782756.154628687538207 ], [ 395078.026449643948581, 3782756.154628687538207 ], [ 395078.331637843337376, 3782755.849440488498658 ], [ 395080.467955239058938, 3782755.849440488498658 ], [ 395080.773143438447732, 3782756.154628687538207 ], [ 395080.773143438447732, 3782757.070193286053836 ], [ 395080.467955239058938, 3782757.375381485093385 ], [ 395080.467955239058938, 3782757.680569684598595 ], [ 395078.331637843337376, 3782759.816887080203742 ], [ 395078.331637843337376, 3782760.122075279708952 ], [ 395077.721261444559786, 3782760.732451678719372 ], [ 395077.721261444559786, 3782761.03763987775892 ], [ 395077.110885045782197, 3782761.64801627676934 ], [ 395076.805696846393403, 3782761.64801627676934 ], [ 395076.500508647004608, 3782761.95320447627455 ], [ 395076.195320447615813, 3782761.95320447627455 ], [ 395075.890132248227019, 3782762.258392675314099 ], [ 395074.974567650060635, 3782762.258392675314099 ], [ 395074.66937945067184, 3782762.563580874819309 ], [ 395071.617497456783894, 3782762.563580874819309 ] ] ] } },
{ "type": "Feature", "properties": { "confidence": 0.51461541652679443, "class": 1, "regularized": null }, "geometry": { "type": "Polygon", "coordinates": [ [ [ 395034.994913530012127, 3782799.79654120048508 ], [ 395034.994913530012127, 3782798.270600203424692 ], [ 395035.300101729400922, 3782797.965412003919482 ], [ 395035.300101729400922, 3782797.660223804879934 ], [ 395036.215666327567305, 3782796.744659206364304 ], [ 395036.215666327567305, 3782796.439471007324755 ], [ 395036.5208545269561, 3782796.134282807819545 ], [ 395036.5208545269561, 3782795.829094608314335 ], [ 395036.826042726344895, 3782795.523906408809125 ], [ 395036.826042726344895, 3782795.218718209769577 ], [ 395037.436419125122484, 3782794.608341810759157 ], [ 395037.741607324511278, 3782794.913530010264367 ], [ 395038.351983723288868, 3782794.913530010264367 ], [ 395038.351983723288868, 3782796.134282807819545 ], [ 395038.962360122066457, 3782796.744659206364304 ], [ 395038.962360122066457, 3782798.270600203424692 ], [ 395038.351983723288868, 3782798.880976602435112 ], [ 395037.741607324511278, 3782798.880976602435112 ], [ 395037.436419125122484, 3782799.186164801474661 ], [ 395036.826042726344895, 3782799.186164801474661 ], [ 395036.5208545269561, 3782799.491353000979871 ], [ 395036.215666327567305, 3782799.491353000979871 ], [ 395035.910478128178511, 3782799.79654120048508 ], [ 395034.994913530012127, 3782799.79654120048508 ] ] ] } },
{ "type": "Feature", "properties": { "confidence": 0.51160728931427002, "class": 1, "regularized": null }, "geometry": { "type": "Polygon", "coordinates": [ [ [ 395137.538148524938151, 3782518.413021363317966 ], [ 395137.232960325549357, 3782518.107833163812757 ], [ 395136.927772126160562, 3782518.107833163812757 ], [ 395136.622583926771767, 3782517.802644964307547 ], [ 395136.622583926771767, 3782517.192268565762788 ], [ 395136.927772126160562, 3782516.887080366257578 ], [ 395136.927772126160562, 3782513.835198372136801 ], [ 395137.232960325549357, 3782513.530010173097253 ], [ 395137.232960325549357, 3782512.309257375542074 ], [ 395137.538148524938151, 3782512.004069176036865 ], [ 395137.538148524938151, 3782511.393692777026445 ], [ 395137.843336724326946, 3782511.088504577986896 ], [ 395137.843336724326946, 3782510.783316378481686 ], [ 395138.14852492371574, 3782510.478128178976476 ], [ 395138.14852492371574, 3782510.172939979471266 ], [ 395139.064089521882124, 3782509.257375381421298 ], [ 395139.064089521882124, 3782508.646998982876539 ], [ 395139.369277721270919, 3782508.646998982876539 ], [ 395139.674465920659713, 3782508.341810783371329 ], [ 395143.031536113936454, 3782508.341810783371329 ], [ 395143.336724313325249, 3782508.646998982876539 ], [ 395143.641912512714043, 3782508.646998982876539 ], [ 395143.641912512714043, 3782509.257375381421298 ], [ 395143.947100712102838, 3782509.562563580926508 ], [ 395143.947100712102838, 3782511.088504577986896 ], [ 395144.252288911491632, 3782511.393692777026445 ], [ 395144.252288911491632, 3782517.802644964307547 ], [ 395143.947100712102838, 3782518.107833163812757 ], [ 395142.421159715158865, 3782518.107833163812757 ], [ 395142.11597151577007, 3782518.413021363317966 ], [ 395137.538148524938151, 3782518.413021363317966 ] ] ] } },
{ "type": "Feature", "properties": { "confidence": 0.5073053240776062, "class": 1, "regularized": null }, "geometry": { "type": "Polygon", "coordinates": [ [ [ 395233.672431332641281, 3782547.711088504642248 ], [ 395233.367243133252487, 3782547.405900305137038 ], [ 395233.367243133252487, 3782545.269582909531891 ], [ 395233.672431332641281, 3782544.964394710026681 ], [ 395233.977619532030076, 3782544.964394710026681 ], [ 395234.89318413019646, 3782544.048830111976713 ], [ 395235.198372329585254, 3782544.048830111976713 ], [ 395235.808748728362843, 3782543.438453712966293 ], [ 395236.113936927751638, 3782543.438453712966293 ], [ 395236.419125127140433, 3782543.133265513926744 ], [ 395237.945066124084406, 3782543.133265513926744 ], [ 395237.945066124084406, 3782543.743641912471503 ], [ 395238.555442522861995, 3782544.354018311481923 ], [ 395238.555442522861995, 3782544.964394710026681 ], [ 395238.860630722250789, 3782545.269582909531891 ], [ 395238.860630722250789, 3782546.79552390659228 ], [ 395237.639877924695611, 3782546.79552390659228 ], [ 395237.334689725306816, 3782547.100712105631828 ], [ 395236.419125127140433, 3782547.100712105631828 ], [ 395236.113936927751638, 3782547.405900305137038 ], [ 395235.198372329585254, 3782547.405900305137038 ], [ 395234.89318413019646, 3782547.711088504642248 ], [ 395233.672431332641281, 3782547.711088504642248 ] ] ] } },
{ "type": "Feature", "properties": { "confidence": 0.50434219837188721, "class": 1, "regularized": null }, "geometry": { "type": "Polygon", "coordinates": [ [ [ 395039.877924720232841, 3782584.63886063080281 ], [ 395039.877924720232841, 3782584.3336724312976 ], [ 395039.572736520844046, 3782584.02848423179239 ], [ 395039.572736520844046, 3782582.502543235197663 ], [ 395039.267548321455251, 3782582.197355035692453 ], [ 395039.267548321455251, 3782580.976602238137275 ], [ 395039.877924720232841, 3782580.976602238137275 ], [ 395040.183112919621635, 3782580.671414038632065 ], [ 395042.319430315343197, 3782580.671414038632065 ], [ 395042.624618514731992, 3782580.976602238137275 ], [ 395043.84537131228717, 3782580.976602238137275 ], [ 395044.150559511675965, 3782580.671414038632065 ], [ 395044.45574771106476, 3782580.671414038632065 ], [ 395044.760935910453554, 3782580.976602238137275 ], [ 395046.897253306233324, 3782580.976602238137275 ], [ 395046.897253306233324, 3782583.112919633742422 ], [ 395046.59206510684453, 3782583.418107833247632 ], [ 395046.286876907397527, 3782583.418107833247632 ], [ 395045.981688708008733, 3782583.723296032752842 ], [ 395045.371312309231143, 3782583.723296032752842 ], [ 395045.066124109842349, 3782584.02848423179239 ], [ 395044.45574771106476, 3782584.02848423179239 ], [ 395044.150559511675965, 3782584.3336724312976 ], [ 395042.319430315343197, 3782584.3336724312976 ], [ 395042.014242115954403, 3782584.63886063080281 ], [ 395039.877924720232841, 3782584.63886063080281 ] ] ] } },
{ "type": "Feature", "properties": { "confidence": 0.4905281662940979, "class": 1, "regularized": null }, "geometry": { "type": "Polygon", "coordinates": [ [ [ 394806.103763987775892, 3782494.303153611253947 ], [ 394805.493387588998303, 3782493.692777212709188 ], [ 394805.493387588998303, 3782493.387589013203979 ], [ 394805.188199389609508, 3782493.082400813698769 ], [ 394805.188199389609508, 3782491.86164801614359 ], [ 394804.883011190220714, 3782491.556459817104042 ], [ 394804.883011190220714, 3782488.809766022488475 ], [ 394805.188199389609508, 3782488.504577822983265 ], [ 394807.93489318410866, 3782488.504577822983265 ], [ 394808.240081383497454, 3782488.809766022488475 ], [ 394808.240081383497454, 3782489.114954221993685 ], [ 394808.850457782275043, 3782489.725330620538443 ], [ 394808.850457782275043, 3782490.946083418093622 ], [ 394808.545269582886249, 3782491.251271617598832 ], [ 394808.545269582886249, 3782493.387589013203979 ], [ 394808.240081383497454, 3782493.692777212709188 ], [ 394808.240081383497454, 3782493.997965412214398 ], [ 394807.93489318410866, 3782494.303153611253947 ], [ 394806.103763987775892, 3782494.303153611253947 ] ] ] } },
{ "type": "Feature", "properties": { "confidence": 0.48955348134040833, "class": 1, "regularized": null }, "geometry": { "type": "Polygon", "coordinates": [ [ [ 395271.210579857579432, 3782572.126144455745816 ], [ 395270.905391658190638, 3782571.820956256240606 ], [ 395269.379450661246665, 3782571.820956256240606 ], [ 395269.379450661246665, 3782571.515768057201058 ], [ 395269.07426246185787, 3782571.210579857695848 ], [ 395268.769074262469076, 3782571.210579857695848 ], [ 395268.769074262469076, 3782566.937945066019893 ], [ 395269.684638860635459, 3782566.937945066019893 ], [ 395271.210579857579432, 3782568.463886063080281 ], [ 395271.210579857579432, 3782568.769074262585491 ], [ 395271.515768056968227, 3782569.07426246162504 ], [ 395271.515768056968227, 3782569.37945066113025 ], [ 395271.820956256357022, 3782569.684638860635459 ], [ 395271.820956256357022, 3782572.126144455745816 ], [ 395271.210579857579432, 3782572.126144455745816 ] ] ] } },
{ "type": "Feature", "properties": { "confidence": 0.48528128862380981, "class": 1, "regularized": null }, "geometry": { "type": "Polygon", "coordinates": [ [ [ 394940.996948118030559, 3782884.94404883030802 ], [ 394940.691759918641765, 3782884.63886063080281 ], [ 394940.081383519864175, 3782884.63886063080281 ], [ 394939.776195320475381, 3782884.3336724312976 ], [ 394939.776195320475381, 3782884.02848423179239 ], [ 394939.471007121086586, 3782883.723296032752842 ], [ 394939.471007121086586, 3782882.197355035692453 ], [ 394939.776195320475381, 3782881.892166836187243 ], [ 394939.776195320475381, 3782881.281790437642485 ], [ 394940.081383519864175, 3782880.976602238137275 ], [ 394940.081383519864175, 3782880.671414038632065 ], [ 394940.38657171925297, 3782880.366225839126855 ], [ 394940.38657171925297, 3782880.061037640087306 ], [ 394940.691759918641765, 3782879.755849440582097 ], [ 394940.691759918641765, 3782879.450661241076887 ], [ 394940.996948118030559, 3782879.145473041571677 ], [ 394940.996948118030559, 3782878.229908443521708 ], [ 394941.912512716196943, 3782877.31434384547174 ], [ 394942.217700915585738, 3782877.31434384547174 ], [ 394942.828077314363327, 3782876.70396744646132 ], [ 394942.828077314363327, 3782876.398779247421771 ], [ 394943.133265513752121, 3782876.398779247421771 ], [ 394943.438453713140916, 3782876.093591047916561 ], [ 394943.438453713140916, 3782874.262461851350963 ], [ 394945.574771108862478, 3782874.262461851350963 ], [ 394945.269582909473684, 3782874.567650050856173 ], [ 394945.269582909473684, 3782875.788402848411351 ], [ 394946.185147507640067, 3782876.70396744646132 ], [ 394946.185147507640067, 3782878.840284842532128 ], [ 394945.879959308251273, 3782879.145473041571677 ], [ 394945.879959308251273, 3782879.450661241076887 ], [ 394945.574771108862478, 3782879.755849440582097 ], [ 394945.574771108862478, 3782880.366225839126855 ], [ 394945.269582909473684, 3782880.671414038632065 ], [ 394945.269582909473684, 3782881.586978636682034 ], [ 394944.964394710084889, 3782881.892166836187243 ], [ 394944.964394710084889, 3782883.112919633742422 ], [ 394944.659206510696094, 3782883.418107833247632 ], [ 394944.659206510696094, 3782883.723296032752842 ], [ 394944.3540183113073, 3782884.02848423179239 ], [ 394944.3540183113073, 3782884.3336724312976 ], [ 394944.048830111918505, 3782884.3336724312976 ], [ 394943.743641912529711, 3782884.63886063080281 ], [ 394942.828077314363327, 3782884.63886063080281 ], [ 394942.522889114974532, 3782884.94404883030802 ], [ 394940.996948118030559, 3782884.94404883030802 ] ] ] } },
{ "type": "Feature", "properties": { "confidence": 0.48015078902244568, "class": 1, "regularized": null }, "geometry": { "type": "Polygon", "coordinates": [ [ [ 395322.787385554402135, 3782788.809766022488475 ], [ 395322.177009155624546, 3782788.199389623478055 ], [ 395322.177009155624546, 3782787.894201424438506 ], [ 395321.871820956235752, 3782787.589013224933296 ], [ 395321.871820956235752, 3782786.063072227872908 ], [ 395322.482197355013341, 3782785.452695828862488 ], [ 395323.09257375379093, 3782785.452695828862488 ], [ 395323.397761953179725, 3782785.14750762982294 ], [ 395326.754832146514673, 3782785.14750762982294 ], [ 395326.754832146514673, 3782785.757884028367698 ], [ 395326.449643947125878, 3782786.063072227872908 ], [ 395326.449643947125878, 3782786.368260427378118 ], [ 395326.144455747737084, 3782786.673448626883328 ], [ 395326.144455747737084, 3782786.978636825922877 ], [ 395325.839267548348289, 3782787.283825025428087 ], [ 395325.839267548348289, 3782787.589013224933296 ], [ 395325.534079348959494, 3782787.894201424438506 ], [ 395325.534079348959494, 3782788.199389623478055 ], [ 395324.313326551346108, 3782788.199389623478055 ], [ 395324.008138351957314, 3782788.504577822983265 ], [ 395323.702950152568519, 3782788.504577822983265 ], [ 395323.397761953179725, 3782788.809766022488475 ], [ 395322.787385554402135, 3782788.809766022488475 ] ] ] } },
{ "type": "Feature", "properties": { "confidence": 0.47939646244049072, "class": 1, "regularized": null }, "geometry": { "type": "Polygon", "coordinates": [ [ [ 394939.165818921639584, 3782615.15768056968227 ], [ 394938.860630722250789, 3782614.85249237017706 ], [ 394937.945066124084406, 3782614.85249237017706 ], [ 394937.639877924695611, 3782614.547304171137512 ], [ 394937.639877924695611, 3782614.242115971632302 ], [ 394936.724313326529227, 3782613.326551373116672 ], [ 394936.724313326529227, 3782613.021363174077123 ], [ 394936.113936927751638, 3782612.410986775066704 ], [ 394936.113936927751638, 3782612.105798575561494 ], [ 394935.198372329585254, 3782611.190233977511525 ], [ 394935.198372329585254, 3782610.885045778006315 ], [ 394934.587995930807665, 3782610.274669379461557 ], [ 394934.587995930807665, 3782609.664292980451137 ], [ 394945.574771108862478, 3782609.664292980451137 ], [ 394945.574771108862478, 3782609.969481179956347 ], [ 394945.879959308251273, 3782610.274669379461557 ], [ 394945.879959308251273, 3782611.495422177016735 ], [ 394945.574771108862478, 3782611.800610376521945 ], [ 394945.574771108862478, 3782612.105798575561494 ], [ 394945.269582909473684, 3782612.410986775066704 ], [ 394944.964394710084889, 3782612.410986775066704 ], [ 394944.659206510696094, 3782612.716174974571913 ], [ 394944.048830111918505, 3782612.716174974571913 ], [ 394942.828077314363327, 3782613.936927772127092 ], [ 394942.828077314363327, 3782614.242115971632302 ], [ 394942.522889114974532, 3782614.547304171137512 ], [ 394942.522889114974532, 3782614.85249237017706 ], [ 394942.217700915585738, 3782614.85249237017706 ], [ 394941.912512716196943, 3782615.15768056968227 ], [ 394939.165818921639584, 3782615.15768056968227 ] ] ] } },
{ "type": "Feature", "properties": { "confidence": 0.47922071814537048, "class": 1, "regularized": null }, "geometry": { "type": "Polygon", "coordinates": [ [ [ 394801.220752797555178, 3782525.737538148649037 ], [ 394801.220752797555178, 3782521.159715157467872 ], [ 394801.525940996943973, 3782520.854526958428323 ], [ 394803.662258392665535, 3782520.854526958428323 ], [ 394803.96744659205433, 3782520.549338758923113 ], [ 394805.188199389609508, 3782520.549338758923113 ], [ 394805.493387588998303, 3782520.244150559417903 ], [ 394814.038657171942759, 3782520.244150559417903 ], [ 394814.954221770109143, 3782521.159715157467872 ], [ 394814.954221770109143, 3782525.432349949143827 ], [ 394814.649033570720349, 3782525.432349949143827 ], [ 394814.343845371331554, 3782525.737538148649037 ], [ 394801.220752797555178, 3782525.737538148649037 ] ] ] } },
{ "type": "Feature", "properties": { "confidence": 0.4781525731086731, "class": 1, "regularized": null }, "geometry": { "type": "Polygon", "coordinates": [ [ [ 395256.866734486247879, 3782580.671414038632065 ], [ 395256.561546286859084, 3782580.366225839126855 ], [ 395256.561546286859084, 3782579.450661241076887 ], [ 395256.256358087470289, 3782579.145473041571677 ], [ 395256.256358087470289, 3782578.229908443521708 ], [ 395255.951169888081495, 3782577.924720244016498 ], [ 395255.951169888081495, 3782576.70396744646132 ], [ 395256.256358087470289, 3782576.398779247421771 ], [ 395257.477110885025468, 3782576.398779247421771 ], [ 395258.392675483191852, 3782575.483214648906142 ], [ 395259.61342828074703, 3782575.483214648906142 ], [ 395259.918616480135825, 3782575.788402848411351 ], [ 395260.223804679524619, 3782575.788402848411351 ], [ 395260.528992878913414, 3782576.093591047916561 ], [ 395260.528992878913414, 3782576.398779247421771 ], [ 395261.139369277749211, 3782577.00915564596653 ], [ 395261.139369277749211, 3782578.535096643026918 ], [ 395260.834181078360416, 3782578.840284842532128 ], [ 395260.834181078360416, 3782579.145473041571677 ], [ 395260.223804679524619, 3782579.145473041571677 ], [ 395259.918616480135825, 3782579.450661241076887 ], [ 395259.61342828074703, 3782579.450661241076887 ], [ 395259.308240081358235, 3782579.755849440582097 ], [ 395259.003051881969441, 3782579.755849440582097 ], [ 395258.697863682580646, 3782580.061037640087306 ], [ 395258.392675483191852, 3782580.061037640087306 ], [ 395258.087487283803057, 3782580.366225839126855 ], [ 395257.782299084414262, 3782580.366225839126855 ], [ 395257.477110885025468, 3782580.671414038632065 ], [ 395256.866734486247879, 3782580.671414038632065 ] ] ] } },
{ "type": "Feature", "properties": { "confidence": 0.46990033984184265, "class": 1, "regularized": null }, "geometry": { "type": "Polygon", "coordinates": [ [ [ 395243.743641912529711, 3782646.897253306116909 ], [ 395243.743641912529711, 3782638.04679552372545 ], [ 395244.048830111918505, 3782638.04679552372545 ], [ 395244.3540183113073, 3782637.741607324685901 ], [ 395244.964394710084889, 3782638.35198372323066 ], [ 395244.964394710084889, 3782638.65717192273587 ], [ 395245.269582909473684, 3782638.96236012224108 ], [ 395245.269582909473684, 3782639.572736520785838 ], [ 395245.574771108862478, 3782639.877924720291048 ], [ 395245.574771108862478, 3782641.709053916390985 ], [ 395245.269582909473684, 3782642.014242115896195 ], [ 395245.269582909473684, 3782643.234994913451374 ], [ 395244.964394710084889, 3782643.540183112956583 ], [ 395244.964394710084889, 3782644.150559511501342 ], [ 395244.659206510696094, 3782644.455747711006552 ], [ 395244.659206510696094, 3782645.37131230905652 ], [ 395244.3540183113073, 3782645.67650050856173 ], [ 395244.3540183113073, 3782646.28687690757215 ], [ 395244.048830111918505, 3782646.592065106611699 ], [ 395244.048830111918505, 3782646.897253306116909 ], [ 395243.743641912529711, 3782646.897253306116909 ] ] ] } },
{ "type": "Feature", "properties": { "confidence": 0.46921601891517639, "class": 1, "regularized": null }, "geometry": { "type": "Polygon", "coordinates": [ [ [ 395245.574771108862478, 3782618.819938962347806 ], [ 395245.269582909473684, 3782618.514750762842596 ], [ 395245.269582909473684, 3782618.209562563803047 ], [ 395244.964394710084889, 3782617.904374364297837 ], [ 395245.269582909473684, 3782617.599186164792627 ], [ 395245.269582909473684, 3782616.988809766247869 ], [ 395245.574771108862478, 3782616.683621566742659 ], [ 395245.574771108862478, 3782616.378433367237449 ], [ 395245.879959308251273, 3782616.073245167732239 ], [ 395245.879959308251273, 3782615.76805696869269 ], [ 395246.490335707028862, 3782615.15768056968227 ], [ 395246.490335707028862, 3782614.242115971632302 ], [ 395246.795523906417657, 3782613.936927772127092 ], [ 395246.795523906417657, 3782613.326551373116672 ], [ 395247.100712105806451, 3782613.021363174077123 ], [ 395247.100712105806451, 3782612.105798575561494 ], [ 395248.931841302139219, 3782612.105798575561494 ], [ 395249.237029501528013, 3782611.800610376521945 ], [ 395249.542217700916808, 3782611.800610376521945 ], [ 395249.847405900305603, 3782611.495422177016735 ], [ 395249.847405900305603, 3782611.190233977511525 ], [ 395250.152594099694397, 3782611.190233977511525 ], [ 395250.457782299083192, 3782610.885045778006315 ], [ 395250.762970498471987, 3782610.885045778006315 ], [ 395250.762970498471987, 3782611.495422177016735 ], [ 395251.373346897249576, 3782612.105798575561494 ], [ 395251.373346897249576, 3782613.631739572621882 ], [ 395251.67853509663837, 3782613.936927772127092 ], [ 395251.67853509663837, 3782615.15768056968227 ], [ 395251.373346897249576, 3782615.46286876918748 ], [ 395251.373346897249576, 3782615.76805696869269 ], [ 395250.762970498471987, 3782616.378433367237449 ], [ 395250.762970498471987, 3782616.683621566742659 ], [ 395250.152594099694397, 3782617.293997965287417 ], [ 395250.152594099694397, 3782617.599186164792627 ], [ 395249.847405900305603, 3782617.599186164792627 ], [ 395249.542217700916808, 3782617.904374364297837 ], [ 395248.931841302139219, 3782617.904374364297837 ], [ 395248.626653102750424, 3782618.209562563803047 ], [ 395248.016276703972835, 3782618.209562563803047 ], [ 395247.71108850458404, 3782618.514750762842596 ], [ 395247.100712105806451, 3782618.514750762842596 ], [ 395246.795523906417657, 3782618.819938962347806 ], [ 395245.574771108862478, 3782618.819938962347806 ] ] ] } },
{ "type": "Feature", "properties": { "confidence": 0.46743881702423096, "class": 1, "regularized": null }, "geometry": { "type": "Polygon", "coordinates": [ [ [ 394952.899287894193549, 3782648.423194303177297 ], [ 394952.899287894193549, 3782642.929806713946164 ], [ 394953.204476093582343, 3782642.624618514906615 ], [ 394953.204476093582343, 3782642.319430315401405 ], [ 394953.509664292971138, 3782642.014242115896195 ], [ 394955.035605289915111, 3782642.014242115896195 ], [ 394955.340793489303906, 3782641.709053916390985 ], [ 394955.951169888081495, 3782641.709053916390985 ], [ 394955.951169888081495, 3782648.423194303177297 ], [ 394952.899287894193549, 3782648.423194303177297 ] ] ] } },
{ "type": "Feature", "properties": { "confidence": 0.46378520131111145, "class": 1, "regularized": null }, "geometry": { "type": "Polygon", "coordinates": [ [ [ 395338.962360122066457, 3782764.699898270424455 ], [ 395338.657171922677662, 3782764.394710071384907 ], [ 395338.046795523900073, 3782764.394710071384907 ], [ 395337.741607324511278, 3782764.089521871879697 ], [ 395336.826042726344895, 3782764.089521871879697 ], [ 395335.605289928789716, 3782762.868769074324518 ], [ 395335.605289928789716, 3782760.122075279708952 ], [ 395335.300101729400922, 3782759.816887080203742 ], [ 395335.300101729400922, 3782759.511698881164193 ], [ 395334.689725330623332, 3782758.901322482153773 ], [ 395334.689725330623332, 3782757.985757884103805 ], [ 395334.079348931845743, 3782757.375381485093385 ], [ 395334.079348931845743, 3782756.459816887043417 ], [ 395334.384537131234538, 3782756.154628687538207 ], [ 395334.384537131234538, 3782755.849440488498658 ], [ 395334.689725330623332, 3782755.544252288993448 ], [ 395334.994913530012127, 3782755.544252288993448 ], [ 395335.300101729400922, 3782755.239064089488238 ], [ 395337.741607324511278, 3782755.239064089488238 ], [ 395338.351983723288868, 3782755.849440488498658 ], [ 395338.962360122066457, 3782755.849440488498658 ], [ 395338.962360122066457, 3782756.154628687538207 ], [ 395339.267548321455251, 3782756.459816887043417 ], [ 395339.572736520844046, 3782756.459816887043417 ], [ 395339.572736520844046, 3782756.765005086548626 ], [ 395340.48830111901043, 3782757.680569684598595 ], [ 395340.48830111901043, 3782759.816887080203742 ], [ 395340.793489318399224, 3782760.122075279708952 ], [ 395340.793489318399224, 3782760.427263479214162 ], [ 395341.403865717176814, 3782761.03763987775892 ], [ 395341.403865717176814, 3782761.34282807726413 ], [ 395341.709053916565608, 3782761.64801627676934 ], [ 395341.709053916565608, 3782761.95320447627455 ], [ 395342.319430315343197, 3782762.563580874819309 ], [ 395342.319430315343197, 3782762.868769074324518 ], [ 395342.014242115954403, 3782763.173957273829728 ], [ 395342.014242115954403, 3782763.479145472869277 ], [ 395341.098677517788019, 3782764.394710071384907 ], [ 395340.183112919621635, 3782764.394710071384907 ], [ 395339.877924720232841, 3782764.699898270424455 ], [ 395338.962360122066457, 3782764.699898270424455 ] ] ] } },
{ "type": "Feature", "properties": { "confidence": 0.45689213275909424, "class": 1, "regularized": null }, "geometry": { "type": "Polygon", "coordinates": [ [ [ 395212.004069175978657, 3782634.384537131059915 ], [ 395211.698880976589862, 3782634.079348932020366 ], [ 395210.783316378423478, 3782634.079348932020366 ], [ 395210.478128179034684, 3782633.774160732515156 ], [ 395209.867751780257095, 3782633.774160732515156 ], [ 395208.952187182090711, 3782632.858596134465188 ], [ 395208.952187182090711, 3782632.248219735454768 ], [ 395209.257375381479505, 3782631.943031535949558 ], [ 395209.257375381479505, 3782631.332655137404799 ], [ 395209.5625635808683, 3782631.02746693789959 ], [ 395209.5625635808683, 3782630.417090539354831 ], [ 395211.393692777201068, 3782628.585961342789233 ], [ 395211.698880976589862, 3782628.585961342789233 ], [ 395212.309257375367451, 3782627.975584944244474 ], [ 395212.614445574756246, 3782627.975584944244474 ], [ 395212.919633774145041, 3782627.670396744739264 ], [ 395213.224821973533835, 3782627.670396744739264 ], [ 395213.53001017292263, 3782627.365208545234054 ], [ 395214.140386571700219, 3782627.365208545234054 ], [ 395214.445574771089014, 3782627.060020345728844 ], [ 395215.055951169866603, 3782627.060020345728844 ], [ 395215.666327568644192, 3782626.449643947184086 ], [ 395215.971515768032987, 3782626.449643947184086 ], [ 395216.88708036619937, 3782625.534079349134117 ], [ 395217.49745676497696, 3782625.534079349134117 ], [ 395217.802644964365754, 3782625.228891149628907 ], [ 395219.63377416075673, 3782625.228891149628907 ], [ 395220.244150559534319, 3782625.839267548173666 ], [ 395220.549338758923113, 3782625.839267548173666 ], [ 395222.075279755867086, 3782627.365208545234054 ], [ 395222.075279755867086, 3782627.670396744739264 ], [ 395222.380467955255881, 3782627.975584944244474 ], [ 395222.380467955255881, 3782631.332655137404799 ], [ 395221.770091556478292, 3782631.332655137404799 ], [ 395221.159715157700703, 3782631.943031535949558 ], [ 395220.854526958311908, 3782631.943031535949558 ], [ 395220.549338758923113, 3782632.248219735454768 ], [ 395220.244150559534319, 3782632.248219735454768 ], [ 395219.63377416075673, 3782632.858596134465188 ], [ 395219.02339776197914, 3782632.858596134465188 ], [ 395218.718209562590346, 3782633.163784333504736 ], [ 395218.413021363201551, 3782633.163784333504736 ], [ 395218.107833163812757, 3782633.468972533009946 ], [ 395217.49745676497696, 3782633.468972533009946 ], [ 395217.192268565588165, 3782633.774160732515156 ], [ 395216.276703967421781, 3782633.774160732515156 ], [ 395215.971515768032987, 3782634.079348932020366 ], [ 395215.666327568644192, 3782634.079348932020366 ], [ 395215.361139369255397, 3782634.384537131059915 ], [ 395212.004069175978657, 3782634.384537131059915 ] ] ] } },
{ "type": "Feature", "properties": { "confidence": 0.45446407794952393, "class": 1, "regularized": null }, "geometry": { "type": "Polygon", "coordinates": [ [ [ 395009.359104781295173, 3782692.980671414174139 ], [ 395008.748728382517584, 3782692.37029501516372 ], [ 395008.748728382517584, 3782691.759918616618961 ], [ 395008.443540183128789, 3782691.454730417113751 ], [ 395008.443540183128789, 3782690.844354018103331 ], [ 395008.748728382517584, 3782690.539165819063783 ], [ 395008.748728382517584, 3782690.233977619558573 ], [ 395009.053916581906378, 3782689.928789420053363 ], [ 395011.495422177016735, 3782689.928789420053363 ], [ 395011.80061037640553, 3782690.233977619558573 ], [ 395011.80061037640553, 3782691.149542217608541 ], [ 395012.105798575794324, 3782691.454730417113751 ], [ 395012.105798575794324, 3782692.67548321466893 ], [ 395011.80061037640553, 3782692.980671414174139 ], [ 395009.359104781295173, 3782692.980671414174139 ] ] ] } },
{ "type": "Feature", "properties": { "confidence": 0.45108151435852051, "class": 1, "regularized": null }, "geometry": { "type": "Polygon", "coordinates": [ [ [ 394945.574771108862478, 3782647.812817904166877 ], [ 394945.574771108862478, 3782646.592065106611699 ], [ 394944.964394710084889, 3782645.98168870806694 ], [ 394942.828077314363327, 3782645.98168870806694 ], [ 394942.522889114974532, 3782645.67650050856173 ], [ 394942.522889114974532, 3782642.319430315401405 ], [ 394942.828077314363327, 3782642.319430315401405 ], [ 394943.133265513752121, 3782642.014242115896195 ], [ 394944.964394710084889, 3782642.014242115896195 ], [ 394945.269582909473684, 3782641.709053916390985 ], [ 394947.405900305195246, 3782641.709053916390985 ], [ 394947.405900305195246, 3782643.845371312461793 ], [ 394947.71108850458404, 3782644.150559511501342 ], [ 394947.71108850458404, 3782646.897253306116909 ], [ 394946.795523906417657, 3782647.812817904166877 ], [ 394945.574771108862478, 3782647.812817904166877 ] ] ] } },
{ "type": "Feature", "properties": { "confidence": 0.44839844107627869, "class": 1, "regularized": null }, "geometry": { "type": "Polygon", "coordinates": [ [ [ 395171.41403865715256, 3782730.51881993887946 ], [ 395171.41403865715256, 3782729.908443540334702 ], [ 395171.108850457763765, 3782729.603255340829492 ], [ 395171.108850457763765, 3782725.940996948163956 ], [ 395171.41403865715256, 3782725.635808748658746 ], [ 395171.41403865715256, 3782723.4994913530536 ], [ 395171.719226856541354, 3782723.19430315354839 ], [ 395171.719226856541354, 3782722.278738555498421 ], [ 395172.024415055930149, 3782721.973550355993211 ], [ 395172.024415055930149, 3782721.057985757943243 ], [ 395172.329603255318943, 3782720.752797558438033 ], [ 395172.329603255318943, 3782720.142421159893274 ], [ 395172.634791454707738, 3782720.142421159893274 ], [ 395172.939979654096533, 3782719.837232960388064 ], [ 395174.7711088504293, 3782719.837232960388064 ], [ 395175.076297049876302, 3782720.142421159893274 ], [ 395175.381485249265097, 3782720.142421159893274 ], [ 395175.381485249265097, 3782720.447609358932823 ], [ 395175.686673448653892, 3782720.752797558438033 ], [ 395175.686673448653892, 3782721.668362156488001 ], [ 395175.991861648042686, 3782721.973550355993211 ], [ 395175.991861648042686, 3782722.583926755003631 ], [ 395176.297049847431481, 3782722.88911495404318 ], [ 395176.297049847431481, 3782723.19430315354839 ], [ 395176.602238046820275, 3782723.4994913530536 ], [ 395176.602238046820275, 3782723.80467955255881 ], [ 395176.90742624620907, 3782724.109867751598358 ], [ 395176.90742624620907, 3782724.720244150608778 ], [ 395177.212614445597865, 3782725.025432350113988 ], [ 395177.212614445597865, 3782728.992878941819072 ], [ 395176.90742624620907, 3782728.992878941819072 ], [ 395176.297049847431481, 3782729.603255340829492 ], [ 395175.686673448653892, 3782729.603255340829492 ], [ 395175.381485249265097, 3782729.908443540334702 ], [ 395173.550356052874122, 3782729.908443540334702 ], [ 395173.245167853485327, 3782730.21363173937425 ], [ 395172.634791454707738, 3782730.21363173937425 ], [ 395172.329603255318943, 3782730.51881993887946 ], [ 395171.41403865715256, 3782730.51881993887946 ] ] ] } },
{ "type": "Feature", "properties": { "confidence": 0.44701597094535828, "class": 1, "regularized": null }, "geometry": { "type": "Polygon", "coordinates": [ [ [ 395306.002034588018432, 3782909.969481179956347 ], [ 395305.696846388629638, 3782909.664292980451137 ], [ 395305.696846388629638, 3782909.053916581906378 ], [ 395305.391658189240843, 3782908.748728382401168 ], [ 395305.391658189240843, 3782906.917599186301231 ], [ 395305.086469989852048, 3782906.612410986796021 ], [ 395305.086469989852048, 3782905.086469989735633 ], [ 395305.391658189240843, 3782904.781281790230423 ], [ 395307.527975584962405, 3782904.781281790230423 ], [ 395307.527975584962405, 3782909.664292980451137 ], [ 395306.917599186184816, 3782909.664292980451137 ], [ 395306.612410986796021, 3782909.969481179956347 ], [ 395306.002034588018432, 3782909.969481179956347 ] ] ] } },
{ "type": "Feature", "properties": { "confidence": 0.44673615694046021, "class": 1, "regularized": null }, "geometry": { "type": "Polygon", "coordinates": [ [ [ 394818.921668362163473, 3782636.520854527130723 ], [ 394818.616480162774678, 3782636.215666327625513 ], [ 394818.616480162774678, 3782630.72227873839438 ], [ 394818.921668362163473, 3782630.417090539354831 ], [ 394819.226856561552268, 3782630.417090539354831 ], [ 394819.532044760941062, 3782630.111902339849621 ], [ 394819.837232960329857, 3782630.111902339849621 ], [ 394820.142421159718651, 3782630.417090539354831 ], [ 394821.973550356051419, 3782630.417090539354831 ], [ 394822.583926754829008, 3782631.02746693789959 ], [ 394822.583926754829008, 3782631.637843336910009 ], [ 394821.973550356051419, 3782632.248219735454768 ], [ 394821.973550356051419, 3782634.079348932020366 ], [ 394821.668362156662624, 3782634.384537131059915 ], [ 394821.668362156662624, 3782635.910478128120303 ], [ 394821.36317395727383, 3782636.215666327625513 ], [ 394820.752797558496241, 3782636.215666327625513 ], [ 394820.447609359107446, 3782636.520854527130723 ], [ 394818.921668362163473, 3782636.520854527130723 ] ] ] } },
{ "type": "Feature", "properties": { "confidence": 0.44497695565223694, "class": 1, "regularized": null }, "geometry": { "type": "Polygon", "coordinates": [ [ [ 395161.037639877933543, 3782556.256358087528497 ], [ 395161.037639877933543, 3782555.951169888023287 ], [ 395160.732451678544749, 3782555.645981688518077 ], [ 395159.51169888098957, 3782555.645981688518077 ], [ 395159.206510681600776, 3782555.340793489478528 ], [ 395158.290946083434392, 3782555.340793489478528 ], [ 395157.985757884045597, 3782555.035605289973319 ], [ 395157.985757884045597, 3782554.730417090468109 ], [ 395157.680569684656803, 3782554.425228890962899 ], [ 395157.985757884045597, 3782554.12004069192335 ], [ 395157.985757884045597, 3782553.50966429291293 ], [ 395158.290946083434392, 3782553.20447609340772 ], [ 395158.290946083434392, 3782551.678535096812993 ], [ 395158.596134282823186, 3782551.678535096812993 ], [ 395158.901322482211981, 3782551.373346897307783 ], [ 395159.51169888098957, 3782551.373346897307783 ], [ 395159.816887080378365, 3782551.068158697802573 ], [ 395160.427263479155954, 3782551.068158697802573 ], [ 395160.732451678544749, 3782550.762970498297364 ], [ 395161.037639877933543, 3782550.762970498297364 ], [ 395161.342828077322338, 3782550.457782299257815 ], [ 395161.953204476099927, 3782550.457782299257815 ], [ 395162.258392675488722, 3782550.152594099752605 ], [ 395163.173957273655105, 3782550.152594099752605 ], [ 395163.4791454730439, 3782550.457782299257815 ], [ 395163.4791454730439, 3782551.068158697802573 ], [ 395163.784333672432695, 3782551.373346897307783 ], [ 395163.784333672432695, 3782551.983723295852542 ], [ 395164.089521871821489, 3782552.288911495357752 ], [ 395164.089521871821489, 3782552.594099694862962 ], [ 395164.394710071210284, 3782552.899287894368172 ], [ 395164.394710071210284, 3782554.12004069192335 ], [ 395164.089521871821489, 3782554.425228890962899 ], [ 395164.089521871821489, 3782554.730417090468109 ], [ 395163.4791454730439, 3782555.340793489478528 ], [ 395163.4791454730439, 3782555.645981688518077 ], [ 395163.173957273655105, 3782555.951169888023287 ], [ 395163.173957273655105, 3782556.256358087528497 ], [ 395161.037639877933543, 3782556.256358087528497 ] ] ] } },
{ "type": "Feature", "properties": { "confidence": 0.44345664978027344, "class": 1, "regularized": null }, "geometry": { "type": "Polygon", "coordinates": [ [ [ 395244.964394710084889, 3782550.762970498297364 ], [ 395244.659206510696094, 3782550.457782299257815 ], [ 395244.3540183113073, 3782550.457782299257815 ], [ 395244.3540183113073, 3782549.847405900247395 ], [ 395244.659206510696094, 3782549.847405900247395 ], [ 395244.964394710084889, 3782549.542217700742185 ], [ 395244.964394710084889, 3782548.321464903187007 ], [ 395245.574771108862478, 3782547.711088504642248 ], [ 395245.574771108862478, 3782547.100712105631828 ], [ 395245.879959308251273, 3782546.79552390659228 ], [ 395246.490335707028862, 3782546.79552390659228 ], [ 395246.795523906417657, 3782546.49033570708707 ], [ 395248.32146490336163, 3782546.49033570708707 ], [ 395248.626653102750424, 3782546.18514750758186 ], [ 395248.931841302139219, 3782546.49033570708707 ], [ 395249.237029501528013, 3782546.49033570708707 ], [ 395249.542217700916808, 3782546.79552390659228 ], [ 395249.542217700916808, 3782547.711088504642248 ], [ 395249.237029501528013, 3782548.016276704147458 ], [ 395249.237029501528013, 3782548.321464903187007 ], [ 395248.931841302139219, 3782548.321464903187007 ], [ 395248.016276703972835, 3782549.237029501702636 ], [ 395247.71108850458404, 3782549.237029501702636 ], [ 395247.100712105806451, 3782549.847405900247395 ], [ 395246.795523906417657, 3782549.847405900247395 ], [ 395246.185147507640067, 3782550.457782299257815 ], [ 395245.269582909473684, 3782550.457782299257815 ], [ 395244.964394710084889, 3782550.762970498297364 ] ] ] } },
{ "type": "Feature", "properties": { "confidence": 0.44337600469589233, "class": 1, "regularized": null }, "geometry": { "type": "Polygon", "coordinates": [ [ [ 395244.659206510696094, 3782471.108850457705557 ], [ 395244.3540183113073, 3782470.803662258200347 ], [ 395244.3540183113073, 3782470.193285859655589 ], [ 395244.659206510696094, 3782469.888097660150379 ], [ 395244.659206510696094, 3782469.582909460645169 ], [ 395244.964394710084889, 3782469.27772126160562 ], [ 395244.964394710084889, 3782468.667344862595201 ], [ 395245.269582909473684, 3782468.362156663089991 ], [ 395245.269582909473684, 3782467.751780264545232 ], [ 395245.574771108862478, 3782467.446592065040022 ], [ 395245.574771108862478, 3782466.225839267484844 ], [ 395245.879959308251273, 3782465.920651067979634 ], [ 395245.879959308251273, 3782465.615462868940085 ], [ 395246.185147507640067, 3782465.310274669434875 ], [ 395247.100712105806451, 3782465.310274669434875 ], [ 395247.100712105806451, 3782465.615462868940085 ], [ 395247.405900305195246, 3782465.920651067979634 ], [ 395247.71108850458404, 3782465.920651067979634 ], [ 395248.016276703972835, 3782466.225839267484844 ], [ 395248.016276703972835, 3782466.836215666495264 ], [ 395248.32146490336163, 3782467.141403865534812 ], [ 395248.931841302139219, 3782467.141403865534812 ], [ 395248.931841302139219, 3782467.751780264545232 ], [ 395248.626653102750424, 3782468.056968464050442 ], [ 395248.626653102750424, 3782470.193285859655589 ], [ 395248.32146490336163, 3782470.498474059160799 ], [ 395248.32146490336163, 3782470.803662258200347 ], [ 395248.016276703972835, 3782471.108850457705557 ], [ 395244.659206510696094, 3782471.108850457705557 ] ] ] } },
{ "type": "Feature", "properties": { "confidence": 0.44098564982414246, "class": 1, "regularized": null }, "geometry": { "type": "Polygon", "coordinates": [ [ [ 395134.181078331661411, 3782551.678535096812993 ], [ 395133.570701932883821, 3782551.068158697802573 ], [ 395133.570701932883821, 3782549.542217700742185 ], [ 395134.486266531050205, 3782548.626653102692217 ], [ 395135.096642929827794, 3782548.626653102692217 ], [ 395135.401831129216589, 3782548.321464903187007 ], [ 395136.622583926771767, 3782548.321464903187007 ], [ 395136.927772126160562, 3782548.016276704147458 ], [ 395137.232960325549357, 3782548.016276704147458 ], [ 395137.538148524938151, 3782548.321464903187007 ], [ 395137.843336724326946, 3782548.321464903187007 ], [ 395137.843336724326946, 3782548.626653102692217 ], [ 395138.14852492371574, 3782548.931841302197427 ], [ 395138.14852492371574, 3782549.542217700742185 ], [ 395138.453713123104535, 3782549.847405900247395 ], [ 395138.453713123104535, 3782550.762970498297364 ], [ 395138.14852492371574, 3782551.068158697802573 ], [ 395137.843336724326946, 3782551.068158697802573 ], [ 395137.538148524938151, 3782551.373346897307783 ], [ 395136.622583926771767, 3782551.373346897307783 ], [ 395136.317395727382973, 3782551.678535096812993 ], [ 395134.181078331661411, 3782551.678535096812993 ] ] ] } },
{ "type": "Feature", "properties": { "confidence": 0.44077399373054504, "class": 1, "regularized": null }, "geometry": { "type": "Polygon", "coordinates": [ [ [ 395187.894201424205676, 3782531.230925737414509 ], [ 395187.894201424205676, 3782530.315361139364541 ], [ 395187.589013224816881, 3782530.010172939859331 ], [ 395187.589013224816881, 3782529.399796541314572 ], [ 395187.283825025428087, 3782529.094608341809362 ], [ 395187.283825025428087, 3782527.873855544254184 ], [ 395187.589013224816881, 3782527.568667344748974 ], [ 395187.894201424205676, 3782527.568667344748974 ], [ 395188.19938962359447, 3782527.263479145243764 ], [ 395188.80976602237206, 3782527.263479145243764 ], [ 395189.114954221760854, 3782526.958290946204215 ], [ 395190.335707019316033, 3782526.958290946204215 ], [ 395190.335707019316033, 3782531.230925737414509 ], [ 395187.894201424205676, 3782531.230925737414509 ] ] ] } },
{ "type": "Feature", "properties": { "confidence": 0.43947321176528931, "class": 1, "regularized": null }, "geometry": { "type": "Polygon", "coordinates": [ [ [ 395245.269582909473684, 3782771.108850457705557 ], [ 395244.964394710084889, 3782770.803662258200347 ], [ 395244.964394710084889, 3782770.193285859655589 ], [ 395245.269582909473684, 3782769.888097660150379 ], [ 395245.269582909473684, 3782769.27772126160562 ], [ 395245.574771108862478, 3782768.97253306210041 ], [ 395245.574771108862478, 3782768.667344862595201 ], [ 395247.100712105806451, 3782767.141403865534812 ], [ 395247.405900305195246, 3782767.141403865534812 ], [ 395247.71108850458404, 3782766.836215666495264 ], [ 395248.626653102750424, 3782766.836215666495264 ], [ 395248.626653102750424, 3782767.446592065040022 ], [ 395248.931841302139219, 3782767.751780264545232 ], [ 395248.931841302139219, 3782768.056968464050442 ], [ 395249.237029501528013, 3782768.362156663089991 ], [ 395249.237029501528013, 3782769.582909460645169 ], [ 395248.931841302139219, 3782769.888097660150379 ], [ 395248.626653102750424, 3782769.888097660150379 ], [ 395248.32146490336163, 3782770.193285859655589 ], [ 395248.016276703972835, 3782770.193285859655589 ], [ 395247.71108850458404, 3782770.498474059160799 ], [ 395247.405900305195246, 3782770.498474059160799 ], [ 395247.100712105806451, 3782770.803662258200347 ], [ 395246.490335707028862, 3782770.803662258200347 ], [ 395246.185147507640067, 3782771.108850457705557 ], [ 395245.269582909473684, 3782771.108850457705557 ] ] ] } },
{ "type": "Feature", "properties": { "confidence": 0.43684813380241394, "class": 1, "regularized": null }, "geometry": { "type": "Polygon", "coordinates": [ [ [ 394953.509664292971138, 3782648.423194303177297 ], [ 394953.509664292971138, 3782645.98168870806694 ], [ 394954.120040691748727, 3782645.37131230905652 ], [ 394955.951169888081495, 3782645.37131230905652 ], [ 394956.256358087470289, 3782645.066124110016972 ], [ 394956.866734486247879, 3782645.066124110016972 ], [ 394957.171922685636673, 3782644.760935910511762 ], [ 394958.392675483191852, 3782644.760935910511762 ], [ 394958.697863682580646, 3782644.455747711006552 ], [ 394959.918616480135825, 3782644.455747711006552 ], [ 394960.223804679524619, 3782644.760935910511762 ], [ 394963.275686673470773, 3782644.760935910511762 ], [ 394963.275686673470773, 3782647.202441505622119 ], [ 394962.970498474081978, 3782647.507629705127329 ], [ 394962.970498474081978, 3782648.423194303177297 ], [ 394953.509664292971138, 3782648.423194303177297 ] ] ] } },
{ "type": "Feature", "properties": { "confidence": 0.43490871787071228, "class": 1, "regularized": null }, "geometry": { "type": "Polygon", "coordinates": [ [ [ 394958.392675483191852, 3782697.558494404889643 ], [ 394958.087487283803057, 3782697.253306205384433 ], [ 394957.782299084414262, 3782697.253306205384433 ], [ 394957.782299084414262, 3782696.642929806839675 ], [ 394957.477110885025468, 3782696.337741607334465 ], [ 394957.477110885025468, 3782695.422177009284496 ], [ 394957.782299084414262, 3782695.116988809779286 ], [ 394957.782299084414262, 3782694.201424211729318 ], [ 394957.477110885025468, 3782693.896236012224108 ], [ 394957.477110885025468, 3782692.67548321466893 ], [ 394957.782299084414262, 3782692.67548321466893 ], [ 394958.087487283803057, 3782692.37029501516372 ], [ 394958.697863682580646, 3782692.37029501516372 ], [ 394959.003051881969441, 3782692.06510681565851 ], [ 394967.243133265525103, 3782692.06510681565851 ], [ 394967.243133265525103, 3782692.37029501516372 ], [ 394967.548321464913897, 3782692.67548321466893 ], [ 394967.548321464913897, 3782692.980671414174139 ], [ 394967.853509664302692, 3782693.285859613213688 ], [ 394967.853509664302692, 3782693.896236012224108 ], [ 394967.548321464913897, 3782694.201424211729318 ], [ 394967.548321464913897, 3782694.811800610274076 ], [ 394967.853509664302692, 3782695.116988809779286 ], [ 394968.158697863691486, 3782695.116988809779286 ], [ 394968.463886063080281, 3782695.422177009284496 ], [ 394968.463886063080281, 3782696.337741607334465 ], [ 394967.548321464913897, 3782697.253306205384433 ], [ 394967.548321464913897, 3782697.558494404889643 ], [ 394958.392675483191852, 3782697.558494404889643 ] ] ] } },
{ "type": "Feature", "properties": { "confidence": 0.43351078033447266, "class": 1, "regularized": "rectangle" }, "geometry": { "type": "Polygon", "coordinates": [ [ [ 395002.9375, 3782419.25 ], [ 395002.9375, 3782410.75 ], [ 395018.5, 3782410.75 ], [ 395018.5, 3782419.25 ], [ 395002.9375, 3782419.25 ] ] ] } },
{ "type": "Feature", "properties": { "confidence": 0.43052342534065247, "class": 1, "regularized": null }, "geometry": { "type": "Polygon", "coordinates": [ [ [ 395070.091556459839921, 3782531.230925737414509 ], [ 395070.091556459839921, 3782530.92573753837496 ], [ 395069.786368260451127, 3782530.62054933886975 ], [ 395069.786368260451127, 3782529.399796541314572 ], [ 395070.091556459839921, 3782529.094608341809362 ], [ 395070.091556459839921, 3782528.484231942798942 ], [ 395070.396744659228716, 3782528.179043743759394 ], [ 395070.396744659228716, 3782526.653102746699005 ], [ 395072.227873855561484, 3782526.653102746699005 ], [ 395072.533062054950278, 3782526.347914547193795 ], [ 395072.533062054950278, 3782526.042726347688586 ], [ 395073.143438453727867, 3782526.042726347688586 ], [ 395073.143438453727867, 3782531.230925737414509 ], [ 395070.091556459839921, 3782531.230925737414509 ] ] ] } },
{ "type": "Feature", "properties": { "confidence": 0.42860844731330872, "class": 1, "regularized": null }, "geometry": { "type": "Polygon", "coordinates": [ [ [ 394878.128179043764248, 3782660.325534079223871 ], [ 394877.822990844375454, 3782660.020345880184323 ], [ 394875.991861648042686, 3782660.020345880184323 ], [ 394875.686673448653892, 3782659.715157680679113 ], [ 394875.381485249265097, 3782659.715157680679113 ], [ 394875.076297049876302, 3782659.409969481173903 ], [ 394874.7711088504293, 3782659.409969481173903 ], [ 394873.855544252262916, 3782658.494404883123934 ], [ 394873.855544252262916, 3782657.884028484113514 ], [ 394874.160732451651711, 3782657.578840285073966 ], [ 394874.160732451651711, 3782657.273652085568756 ], [ 394875.686673448653892, 3782655.747711088508368 ], [ 394875.991861648042686, 3782655.747711088508368 ], [ 394876.297049847431481, 3782655.442522889003158 ], [ 394876.297049847431481, 3782655.137334689497948 ], [ 394876.90742624620907, 3782654.526958290953189 ], [ 394876.90742624620907, 3782654.221770091447979 ], [ 394877.212614445597865, 3782653.916581891942769 ], [ 394877.822990844375454, 3782653.916581891942769 ], [ 394878.128179043764248, 3782653.611393692903221 ], [ 394882.400813835207373, 3782653.611393692903221 ], [ 394883.011190233984962, 3782654.221770091447979 ], [ 394883.011190233984962, 3782655.137334689497948 ], [ 394883.316378433373757, 3782655.442522889003158 ], [ 394883.316378433373757, 3782655.747711088508368 ], [ 394883.621566632762551, 3782656.052899288013577 ], [ 394883.621566632762551, 3782656.358087487053126 ], [ 394883.926754832151346, 3782656.663275686558336 ], [ 394883.926754832151346, 3782656.968463886063546 ], [ 394883.621566632762551, 3782657.273652085568756 ], [ 394883.621566632762551, 3782659.409969481173903 ], [ 394883.316378433373757, 3782659.715157680679113 ], [ 394883.316378433373757, 3782660.020345880184323 ], [ 394883.011190233984962, 3782660.020345880184323 ], [ 394882.706002034596168, 3782660.325534079223871 ], [ 394878.128179043764248, 3782660.325534079223871 ] ] ] } },
{ "type": "Feature", "properties": { "confidence": 0.4258270263671875, "class": 1, "regularized": null }, "geometry": { "type": "Polygon", "coordinates": [ [ [ 395034.384537131234538, 3782419.532044760882854 ], [ 395034.384537131234538, 3782409.460834180936217 ], [ 395036.215666327567305, 3782409.460834180936217 ], [ 395036.826042726344895, 3782410.071210579946637 ], [ 395037.131230925733689, 3782410.071210579946637 ], [ 395037.741607324511278, 3782410.681586978491396 ], [ 395037.741607324511278, 3782411.291963377501816 ], [ 395038.046795523900073, 3782411.597151577007025 ], [ 395038.046795523900073, 3782415.259409969672561 ], [ 395038.351983723288868, 3782415.564598168712109 ], [ 395038.351983723288868, 3782418.006103763822466 ], [ 395038.046795523900073, 3782418.311291963327676 ], [ 395038.046795523900073, 3782418.616480162832886 ], [ 395037.741607324511278, 3782418.921668362338096 ], [ 395037.131230925733689, 3782418.921668362338096 ], [ 395036.826042726344895, 3782419.226856561377645 ], [ 395036.215666327567305, 3782419.226856561377645 ], [ 395035.910478128178511, 3782419.532044760882854 ], [ 395034.384537131234538, 3782419.532044760882854 ] ] ] } },
{ "type": "Feature", "properties": { "confidence": 0.42490032315254211, "class": 1, "regularized": null }, "geometry": { "type": "Polygon", "coordinates": [ [ [ 395211.698880976589862, 3782449.135300101712346 ], [ 395211.393692777201068, 3782448.830111902207136 ], [ 395211.698880976589862, 3782448.524923703167588 ], [ 395211.698880976589862, 3782445.473041709046811 ], [ 395212.004069175978657, 3782445.167853509541601 ], [ 395212.004069175978657, 3782443.947100711986423 ], [ 395212.309257375367451, 3782443.641912512946874 ], [ 395212.309257375367451, 3782443.336724313441664 ], [ 395212.614445574756246, 3782443.031536113936454 ], [ 395212.614445574756246, 3782440.590030518826097 ], [ 395212.309257375367451, 3782440.284842319320887 ], [ 395212.309257375367451, 3782439.064089521765709 ], [ 395212.919633774145041, 3782439.064089521765709 ], [ 395213.224821973533835, 3782438.758901322260499 ], [ 395223.296032553422265, 3782438.758901322260499 ], [ 395223.601220752811059, 3782439.064089521765709 ], [ 395224.211597151588649, 3782439.064089521765709 ], [ 395224.211597151588649, 3782442.726347914431244 ], [ 395223.906408952199854, 3782443.031536113936454 ], [ 395222.685656154644676, 3782443.031536113936454 ], [ 395222.380467955255881, 3782442.726347914431244 ], [ 395221.770091556478292, 3782442.726347914431244 ], [ 395221.464903357089497, 3782443.031536113936454 ], [ 395220.244150559534319, 3782443.031536113936454 ], [ 395219.938962360145524, 3782443.336724313441664 ], [ 395219.63377416075673, 3782443.336724313441664 ], [ 395219.328585961367935, 3782443.641912512946874 ], [ 395219.328585961367935, 3782445.473041709046811 ], [ 395219.63377416075673, 3782445.778229908552021 ], [ 395219.63377416075673, 3782446.693794506601989 ], [ 395219.328585961367935, 3782446.998982706107199 ], [ 395219.328585961367935, 3782447.914547304157168 ], [ 395219.63377416075673, 3782448.219735503662378 ], [ 395219.328585961367935, 3782448.524923703167588 ], [ 395219.02339776197914, 3782448.524923703167588 ], [ 395218.718209562590346, 3782448.830111902207136 ], [ 395216.88708036619937, 3782448.830111902207136 ], [ 395216.581892166810576, 3782449.135300101712346 ], [ 395211.698880976589862, 3782449.135300101712346 ] ] ] } },
{ "type": "Feature", "properties": { "confidence": 0.4221479594707489, "class": 1, "regularized": null }, "geometry": { "type": "Polygon", "coordinates": [ [ [ 394918.107833163812757, 3782895.320447609294206 ], [ 394917.802644964365754, 3782895.015259409788996 ], [ 394917.802644964365754, 3782894.404883011244237 ], [ 394917.49745676497696, 3782894.099694811739028 ], [ 394917.192268565588165, 3782894.099694811739028 ], [ 394917.192268565588165, 3782889.521871821023524 ], [ 394917.49745676497696, 3782889.521871821023524 ], [ 394918.107833163812757, 3782890.132248219568282 ], [ 394918.413021363201551, 3782890.132248219568282 ], [ 394919.02339776197914, 3782890.742624618578702 ], [ 394919.328585961367935, 3782890.742624618578702 ], [ 394919.63377416075673, 3782891.047812818083912 ], [ 394919.63377416075673, 3782893.794506612233818 ], [ 394919.328585961367935, 3782894.099694811739028 ], [ 394919.328585961367935, 3782894.404883011244237 ], [ 394919.02339776197914, 3782894.710071210749447 ], [ 394919.02339776197914, 3782895.015259409788996 ], [ 394918.718209562590346, 3782895.320447609294206 ], [ 394918.107833163812757, 3782895.320447609294206 ] ] ] } },
{ "type": "Feature", "properties": { "confidence": 0.41994273662567139, "class": 1, "regularized": null }, "geometry": { "type": "Polygon", "coordinates": [ [ [ 395298.37232960324036, 3782547.711088504642248 ], [ 395298.067141403851565, 3782547.405900305137038 ], [ 395297.456765005073976, 3782547.405900305137038 ], [ 395296.541200406907592, 3782546.49033570708707 ], [ 395296.541200406907592, 3782546.18514750758186 ], [ 395296.236012207518797, 3782545.87995930807665 ], [ 395296.236012207518797, 3782545.574771109037101 ], [ 395295.930824008130003, 3782545.269582909531891 ], [ 395295.930824008130003, 3782544.659206510521472 ], [ 395295.625635808741208, 3782544.354018311481923 ], [ 395295.625635808741208, 3782543.743641912471503 ], [ 395295.320447609352414, 3782543.438453712966293 ], [ 395295.320447609352414, 3782542.828077314421535 ], [ 395295.015259409963619, 3782542.522889114916325 ], [ 395295.320447609352414, 3782542.217700915411115 ], [ 395295.320447609352414, 3782541.912512716371566 ], [ 395295.625635808741208, 3782541.607324516866356 ], [ 395295.625635808741208, 3782541.302136317361146 ], [ 395296.236012207518797, 3782541.302136317361146 ], [ 395296.541200406907592, 3782540.996948117855936 ], [ 395297.151576805685181, 3782540.996948117855936 ], [ 395297.456765005073976, 3782540.691759918816388 ], [ 395297.76195320446277, 3782540.691759918816388 ], [ 395298.067141403851565, 3782540.386571719311178 ], [ 395298.37232960324036, 3782540.386571719311178 ], [ 395298.677517802629154, 3782540.081383519805968 ], [ 395300.508646998961922, 3782540.081383519805968 ], [ 395301.119023397739511, 3782540.691759918816388 ], [ 395300.813835198350716, 3782540.996948117855936 ], [ 395300.813835198350716, 3782543.133265513926744 ], [ 395302.034587995905895, 3782544.354018311481923 ], [ 395302.034587995905895, 3782544.659206510521472 ], [ 395302.339776195294689, 3782544.964394710026681 ], [ 395301.119023397739511, 3782546.18514750758186 ], [ 395300.813835198350716, 3782546.18514750758186 ], [ 395300.203458799573127, 3782546.79552390659228 ], [ 395299.898270600184333, 3782546.79552390659228 ], [ 395299.287894201406743, 3782547.405900305137038 ], [ 395298.677517802629154, 3782547.405900305137038 ], [ 395298.37232960324036, 3782547.711088504642248 ] ] ] } },
{ "type": "Feature", "properties": { "confidence": 0.41381558775901794, "class": 1, "regularized": null }, "geometry": { "type": "Polygon", "coordinates": [ [ [ 395188.19938962359447, 3782609.969481179956347 ], [ 395187.894201424205676, 3782609.664292980451137 ], [ 395187.589013224816881, 3782609.664292980451137 ], [ 395187.283825025428087, 3782609.359104781411588 ], [ 395186.368260427261703, 3782609.359104781411588 ], [ 395186.368260427261703, 3782608.13835198385641 ], [ 395186.673448626650497, 3782607.8331637843512 ], [ 395186.673448626650497, 3782606.612410986796021 ], [ 395186.978636826039292, 3782606.307222787290812 ], [ 395186.978636826039292, 3782606.002034587785602 ], [ 395187.283825025428087, 3782605.696846388746053 ], [ 395187.589013224816881, 3782606.002034587785602 ], [ 395187.894201424205676, 3782606.002034587785602 ], [ 395188.19938962359447, 3782606.307222787290812 ], [ 395188.504577822983265, 3782606.307222787290812 ], [ 395188.504577822983265, 3782606.612410986796021 ], [ 395188.80976602237206, 3782606.917599186301231 ], [ 395188.80976602237206, 3782607.22278738534078 ], [ 395189.420142421149649, 3782607.8331637843512 ], [ 395190.335707019316033, 3782607.8331637843512 ], [ 395190.335707019316033, 3782609.969481179956347 ], [ 395188.19938962359447, 3782609.969481179956347 ] ] ] } },
{ "type": "Feature", "properties": { "confidence": 0.4102613627910614, "class": 1, "regularized": null }, "geometry": { "type": "Polygon", "coordinates": [ [ [ 395002.644964394683484, 3782495.523906408809125 ], [ 395002.034587995905895, 3782494.913530010264367 ], [ 395001.7293997965171, 3782494.913530010264367 ], [ 395001.424211597128306, 3782494.608341810759157 ], [ 395001.424211597128306, 3782493.082400813698769 ], [ 395001.119023397739511, 3782492.77721261465922 ], [ 395001.119023397739511, 3782492.47202441515401 ], [ 395008.138351983739994, 3782492.47202441515401 ], [ 395008.138351983739994, 3782492.77721261465922 ], [ 395007.8331637843512, 3782493.082400813698769 ], [ 395007.527975584962405, 3782493.082400813698769 ], [ 395007.222787385573611, 3782493.387589013203979 ], [ 395006.917599186184816, 3782493.387589013203979 ], [ 395005.696846388629638, 3782494.608341810759157 ], [ 395005.696846388629638, 3782494.913530010264367 ], [ 395005.086469989852048, 3782494.913530010264367 ], [ 395004.781281790463254, 3782495.218718209769577 ], [ 395003.560528992849868, 3782495.218718209769577 ], [ 395003.255340793461073, 3782495.523906408809125 ], [ 395002.644964394683484, 3782495.523906408809125 ] ] ] } },
{ "type": "Feature", "properties": { "confidence": 0.40900376439094543, "class": 1, "regularized": null }, "geometry": { "type": "Polygon", "coordinates": [ [ [ 395270.905391658190638, 3782864.191251271404326 ], [ 395270.295015259413049, 3782863.580874872859567 ], [ 395270.295015259413049, 3782861.139369277749211 ], [ 395270.600203458801843, 3782860.834181078244001 ], [ 395270.600203458801843, 3782860.223804679699242 ], [ 395270.905391658190638, 3782859.918616480194032 ], [ 395271.210579857579432, 3782859.918616480194032 ], [ 395273.652085452689789, 3782857.477110885083675 ], [ 395273.957273652078584, 3782857.477110885083675 ], [ 395274.262461851467378, 3782857.171922685578465 ], [ 395275.178026449633762, 3782857.171922685578465 ], [ 395275.483214649022557, 3782856.866734486073256 ], [ 395275.788402848411351, 3782856.866734486073256 ], [ 395276.093591047800146, 3782856.561546287033707 ], [ 395277.00915564596653, 3782856.561546287033707 ], [ 395277.314343845355324, 3782856.256358087528497 ], [ 395277.619532044744119, 3782856.561546287033707 ], [ 395277.924720244132914, 3782856.561546287033707 ], [ 395277.924720244132914, 3782856.866734486073256 ], [ 395278.229908443521708, 3782857.171922685578465 ], [ 395278.229908443521708, 3782857.477110885083675 ], [ 395278.535096642910503, 3782857.782299084588885 ], [ 395278.535096642910503, 3782859.003051882144064 ], [ 395278.840284842299297, 3782859.308240081183612 ], [ 395278.840284842299297, 3782859.613428280688822 ], [ 395278.535096642910503, 3782859.918616480194032 ], [ 395278.535096642910503, 3782860.834181078244001 ], [ 395278.229908443521708, 3782861.139369277749211 ], [ 395278.229908443521708, 3782861.749745676293969 ], [ 395277.924720244132914, 3782862.054933875799179 ], [ 395277.619532044744119, 3782862.054933875799179 ], [ 395277.314343845355324, 3782862.360122075304389 ], [ 395277.00915564596653, 3782862.360122075304389 ], [ 395276.703967446577735, 3782862.665310274809599 ], [ 395276.398779247188941, 3782862.665310274809599 ], [ 395276.093591047800146, 3782862.970498473849148 ], [ 395275.788402848411351, 3782862.970498473849148 ], [ 395275.483214649022557, 3782863.275686673354357 ], [ 395274.567650050856173, 3782863.275686673354357 ], [ 395274.262461851467378, 3782863.580874872859567 ], [ 395273.957273652078584, 3782863.580874872859567 ], [ 395273.652085452689789, 3782863.886063072364777 ], [ 395272.736520854523405, 3782863.886063072364777 ], [ 395272.431332655134611, 3782864.191251271404326 ], [ 395270.905391658190638, 3782864.191251271404326 ] ] ] } },
{ "type": "Feature", "properties": { "confidence": 0.40285828709602356, "class": 1, "regularized": null }, "geometry": { "type": "Polygon", "coordinates": [ [ [ 395262.054933875915594, 3782638.04679552372545 ], [ 395261.7497456765268, 3782637.741607324685901 ], [ 395261.7497456765268, 3782637.436419125180691 ], [ 395261.444557477138005, 3782637.131230925675482 ], [ 395261.444557477138005, 3782636.520854527130723 ], [ 395261.139369277749211, 3782636.215666327625513 ], [ 395261.139369277749211, 3782635.605289928615093 ], [ 395260.834181078360416, 3782635.300101729575545 ], [ 395260.834181078360416, 3782634.689725330565125 ], [ 395260.528992878913414, 3782634.384537131059915 ], [ 395260.528992878913414, 3782633.468972533009946 ], [ 395262.665310274693184, 3782631.332655137404799 ], [ 395263.275686673470773, 3782631.332655137404799 ], [ 395263.580874872859567, 3782631.02746693789959 ], [ 395263.886063072248362, 3782631.02746693789959 ], [ 395264.191251271637157, 3782630.72227873839438 ], [ 395264.496439471025951, 3782630.72227873839438 ], [ 395264.801627670414746, 3782630.417090539354831 ], [ 395266.022380467969924, 3782630.417090539354831 ], [ 395266.327568667358719, 3782630.72227873839438 ], [ 395266.327568667358719, 3782634.689725330565125 ], [ 395266.022380467969924, 3782634.994913530070335 ], [ 395266.022380467969924, 3782636.826042726170272 ], [ 395265.71719226858113, 3782636.826042726170272 ], [ 395265.412004069192335, 3782637.131230925675482 ], [ 395264.801627670414746, 3782637.131230925675482 ], [ 395264.496439471025951, 3782637.436419125180691 ], [ 395264.191251271637157, 3782637.436419125180691 ], [ 395263.886063072248362, 3782637.741607324685901 ], [ 395263.580874872859567, 3782637.741607324685901 ], [ 395263.275686673470773, 3782638.04679552372545 ], [ 395262.054933875915594, 3782638.04679552372545 ] ] ] } },
{ "type": "Feature", "properties": { "confidence": 0.39706379175186157, "class": 1, "regularized": null }, "geometry": { "type": "Polygon", "coordinates": [ [ [ 395283.11291963380063, 3782615.46286876918748 ], [ 395283.11291963380063, 3782614.85249237017706 ], [ 395283.418107833189424, 3782614.547304171137512 ], [ 395283.418107833189424, 3782613.326551373116672 ], [ 395283.723296032578219, 3782613.021363174077123 ], [ 395283.723296032578219, 3782611.800610376521945 ], [ 395284.028484231967013, 3782611.495422177016735 ], [ 395284.028484231967013, 3782611.190233977511525 ], [ 395284.944048830133397, 3782610.274669379461557 ], [ 395285.249237029522192, 3782610.274669379461557 ], [ 395285.554425228910986, 3782609.969481179956347 ], [ 395285.859613428299781, 3782609.969481179956347 ], [ 395286.164801627688576, 3782610.274669379461557 ], [ 395286.46998982707737, 3782610.274669379461557 ], [ 395286.46998982707737, 3782610.579857578966767 ], [ 395287.385554425243754, 3782611.495422177016735 ], [ 395287.385554425243754, 3782611.800610376521945 ], [ 395288.606307222798932, 3782613.021363174077123 ], [ 395288.606307222798932, 3782613.326551373116672 ], [ 395288.301119023410138, 3782613.631739572621882 ], [ 395288.301119023410138, 3782613.936927772127092 ], [ 395287.690742624632549, 3782614.547304171137512 ], [ 395285.554425228910986, 3782614.547304171137512 ], [ 395285.249237029522192, 3782614.85249237017706 ], [ 395284.638860630744603, 3782614.85249237017706 ], [ 395284.028484231967013, 3782615.46286876918748 ], [ 395283.11291963380063, 3782615.46286876918748 ] ] ] } },
{ "type": "Feature", "properties": { "confidence": 0.39668348431587219, "class": 1, "regularized": null }, "geometry": { "type": "Polygon", "coordinates": [ [ [ 395130.518819938937668, 3782471.719226856715977 ], [ 395130.213631739548873, 3782471.414038657210767 ], [ 395129.603255340771284, 3782471.414038657210767 ], [ 395129.298067141382489, 3782471.108850457705557 ], [ 395129.298067141382489, 3782469.888097660150379 ], [ 395129.908443540160079, 3782469.27772126160562 ], [ 395129.908443540160079, 3782468.97253306210041 ], [ 395130.213631739548873, 3782468.667344862595201 ], [ 395130.213631739548873, 3782467.751780264545232 ], [ 395130.518819938937668, 3782467.446592065040022 ], [ 395130.518819938937668, 3782466.836215666495264 ], [ 395130.824008138326462, 3782466.531027466990054 ], [ 395130.824008138326462, 3782465.920651067979634 ], [ 395131.434384537104052, 3782465.310274669434875 ], [ 395131.434384537104052, 3782464.394710071384907 ], [ 395132.044760935881641, 3782463.784333672374487 ], [ 395132.044760935881641, 3782463.173957273829728 ], [ 395132.655137334717438, 3782462.563580874819309 ], [ 395132.655137334717438, 3782462.258392675314099 ], [ 395132.960325534106232, 3782461.95320447627455 ], [ 395132.960325534106232, 3782461.64801627676934 ], [ 395133.265513733495027, 3782461.34282807726413 ], [ 395133.265513733495027, 3782460.732451678719372 ], [ 395134.181078331661411, 3782459.816887080203742 ], [ 395134.486266531050205, 3782459.816887080203742 ], [ 395134.791454730439, 3782459.511698881164193 ], [ 395136.622583926771767, 3782459.511698881164193 ], [ 395136.927772126160562, 3782459.816887080203742 ], [ 395136.927772126160562, 3782467.751780264545232 ], [ 395136.622583926771767, 3782468.056968464050442 ], [ 395136.622583926771767, 3782471.108850457705557 ], [ 395136.317395727382973, 3782471.414038657210767 ], [ 395135.707019328605384, 3782471.414038657210767 ], [ 395135.401831129216589, 3782471.719226856715977 ], [ 395130.518819938937668, 3782471.719226856715977 ] ] ] } },
{ "type": "Feature", "properties": { "confidence": 0.39524403214454651, "class": 1, "regularized": null }, "geometry": { "type": "Polygon", "coordinates": [ [ [ 395353.001017294009216, 3782827.568667344748974 ], [ 395352.390640895231627, 3782826.958290946204215 ], [ 395352.085452695842832, 3782826.958290946204215 ], [ 395352.085452695842832, 3782826.653102746699005 ], [ 395351.475076297065243, 3782826.042726347688586 ], [ 395351.475076297065243, 3782825.127161749638617 ], [ 395352.390640895231627, 3782824.211597151588649 ], [ 395352.695829094620422, 3782824.211597151588649 ], [ 395353.001017294009216, 3782823.906408952083439 ], [ 395353.611393692786805, 3782823.906408952083439 ], [ 395353.9165818921756, 3782823.601220752578229 ], [ 395355.442522889119573, 3782823.601220752578229 ], [ 395355.747711088508368, 3782823.906408952083439 ], [ 395356.358087487285957, 3782823.906408952083439 ], [ 395356.663275686674751, 3782823.601220752578229 ], [ 395357.273652085452341, 3782823.601220752578229 ], [ 395357.578840284841135, 3782823.906408952083439 ], [ 395357.88402848422993, 3782823.906408952083439 ], [ 395358.189216683618724, 3782824.211597151588649 ], [ 395358.189216683618724, 3782825.432349949143827 ], [ 395357.88402848422993, 3782825.737538148649037 ], [ 395357.578840284841135, 3782825.737538148649037 ], [ 395356.663275686674751, 3782826.653102746699005 ], [ 395356.358087487285957, 3782826.653102746699005 ], [ 395355.747711088508368, 3782827.263479145243764 ], [ 395354.526958290953189, 3782827.263479145243764 ], [ 395354.221770091564395, 3782827.568667344748974 ], [ 395353.001017294009216, 3782827.568667344748974 ] ] ] } },
{ "type": "Feature", "properties": { "confidence": 0.39118251204490662, "class": 1, "regularized": null }, "geometry": { "type": "Polygon", "coordinates": [ [ [ 395238.2502543234732, 3782556.256358087528497 ], [ 395238.2502543234732, 3782555.645981688518077 ], [ 395237.945066124084406, 3782555.340793489478528 ], [ 395237.945066124084406, 3782555.035605289973319 ], [ 395237.639877924695611, 3782554.730417090468109 ], [ 395237.639877924695611, 3782554.425228890962899 ], [ 395237.334689725306816, 3782554.12004069192335 ], [ 395237.334689725306816, 3782553.81485249241814 ], [ 395237.029501525918022, 3782553.50966429291293 ], [ 395237.029501525918022, 3782553.20447609340772 ], [ 395237.334689725306816, 3782552.899287894368172 ], [ 395237.639877924695611, 3782552.899287894368172 ], [ 395238.2502543234732, 3782552.288911495357752 ], [ 395238.555442522861995, 3782552.288911495357752 ], [ 395238.860630722250789, 3782551.983723295852542 ], [ 395239.165818921639584, 3782551.983723295852542 ], [ 395239.471007121086586, 3782551.678535096812993 ], [ 395240.081383519864175, 3782551.678535096812993 ], [ 395240.38657171925297, 3782551.983723295852542 ], [ 395240.38657171925297, 3782552.288911495357752 ], [ 395240.691759918641765, 3782552.594099694862962 ], [ 395240.691759918641765, 3782552.899287894368172 ], [ 395240.996948118030559, 3782553.20447609340772 ], [ 395240.996948118030559, 3782553.81485249241814 ], [ 395241.302136317419354, 3782554.12004069192335 ], [ 395241.302136317419354, 3782554.425228890962899 ], [ 395241.607324516808148, 3782554.730417090468109 ], [ 395241.607324516808148, 3782555.340793489478528 ], [ 395240.996948118030559, 3782555.951169888023287 ], [ 395240.996948118030559, 3782556.256358087528497 ], [ 395238.2502543234732, 3782556.256358087528497 ] ] ] } },
{ "type": "Feature", "properties": { "confidence": 0.38745883107185364, "class": 1, "regularized": null }, "geometry": { "type": "Polygon", "coordinates": [ [ [ 394883.011190233984962, 3782633.774160732515156 ], [ 394882.706002034596168, 3782633.468972533009946 ], [ 394878.128179043764248, 3782633.468972533009946 ], [ 394877.822990844375454, 3782633.163784333504736 ], [ 394876.90742624620907, 3782633.163784333504736 ], [ 394875.991861648042686, 3782632.248219735454768 ], [ 394875.686673448653892, 3782632.248219735454768 ], [ 394875.381485249265097, 3782631.943031535949558 ], [ 394874.465920651040506, 3782631.943031535949558 ], [ 394874.160732451651711, 3782631.637843336910009 ], [ 394873.855544252262916, 3782631.637843336910009 ], [ 394873.855544252262916, 3782631.332655137404799 ], [ 394873.245167853485327, 3782630.72227873839438 ], [ 394873.245167853485327, 3782628.585961342789233 ], [ 394873.550356052874122, 3782628.280773143284023 ], [ 394873.550356052874122, 3782627.975584944244474 ], [ 394873.855544252262916, 3782627.670396744739264 ], [ 394874.160732451651711, 3782627.670396744739264 ], [ 394874.465920651040506, 3782627.365208545234054 ], [ 394876.602238046820275, 3782627.365208545234054 ], [ 394877.212614445597865, 3782627.975584944244474 ], [ 394877.212614445597865, 3782628.280773143284023 ], [ 394877.822990844375454, 3782628.891149542294443 ], [ 394879.654120040708221, 3782628.891149542294443 ], [ 394879.959308240097016, 3782628.585961342789233 ], [ 394880.264496439485811, 3782628.585961342789233 ], [ 394880.569684638874605, 3782628.280773143284023 ], [ 394880.8748728382634, 3782628.280773143284023 ], [ 394881.180061037652194, 3782627.975584944244474 ], [ 394882.400813835207373, 3782627.975584944244474 ], [ 394882.706002034596168, 3782628.280773143284023 ], [ 394883.011190233984962, 3782628.280773143284023 ], [ 394883.011190233984962, 3782631.943031535949558 ], [ 394883.316378433373757, 3782632.248219735454768 ], [ 394883.316378433373757, 3782633.774160732515156 ], [ 394883.011190233984962, 3782633.774160732515156 ] ] ] } },
{ "type": "Feature", "properties": { "confidence": 0.38673639297485352, "class": 1, "regularized": "rectangle" }, "geometry": { "type": "Polygon", "coordinates": [ [ [ 394832.75, 3782781.25 ], [ 394840.25, 3782780.75 ], [ 394841.125, 3782798.75 ], [ 394833.625, 3782799.25 ], [ 394832.75, 3782781.25 ] ] ] } },
{ "type": "Feature", "properties": { "confidence": 0.38666298985481262, "class": 1, "regularized": null }, "geometry": { "type": "Polygon", "coordinates": [ [ [ 395073.143438453727867, 3782908.443540182895958 ], [ 395072.838250254339073, 3782908.13835198385641 ], [ 395072.838250254339073, 3782907.8331637843512 ], [ 395071.922685656172689, 3782906.917599186301231 ], [ 395071.922685656172689, 3782906.612410986796021 ], [ 395071.617497456783894, 3782906.307222787290812 ], [ 395071.617497456783894, 3782905.696846388746053 ], [ 395071.3123092573951, 3782905.391658189240843 ], [ 395071.3123092573951, 3782902.644964394625276 ], [ 395071.007121058006305, 3782902.339776195120066 ], [ 395071.007121058006305, 3782901.729399796575308 ], [ 395070.701932858617511, 3782901.424211597070098 ], [ 395070.701932858617511, 3782900.508646999020129 ], [ 395071.007121058006305, 3782900.20345879951492 ], [ 395073.143438453727867, 3782900.20345879951492 ], [ 395073.143438453727867, 3782908.443540182895958 ] ] ] } },
{ "type": "Feature", "properties": { "confidence": 0.38538134098052979, "class": 1, "regularized": null }, "geometry": { "type": "Polygon", "coordinates": [ [ [ 395247.71108850458404, 3782872.431332655251026 ], [ 395247.71108850458404, 3782872.126144455745816 ], [ 395247.405900305195246, 3782871.820956256240606 ], [ 395247.405900305195246, 3782871.210579857695848 ], [ 395247.100712105806451, 3782870.905391658190638 ], [ 395247.100712105806451, 3782869.07426246162504 ], [ 395246.795523906417657, 3782868.769074262585491 ], [ 395246.795523906417657, 3782867.548321465030313 ], [ 395246.490335707028862, 3782867.243133265525103 ], [ 395246.490335707028862, 3782865.412004068959504 ], [ 395246.795523906417657, 3782865.412004068959504 ], [ 395247.405900305195246, 3782864.801627670414746 ], [ 395248.931841302139219, 3782864.801627670414746 ], [ 395249.237029501528013, 3782864.496439470909536 ], [ 395249.542217700916808, 3782864.496439470909536 ], [ 395249.847405900305603, 3782864.801627670414746 ], [ 395250.457782299083192, 3782864.801627670414746 ], [ 395250.457782299083192, 3782865.412004068959504 ], [ 395250.152594099694397, 3782865.717192268464714 ], [ 395250.152594099694397, 3782866.327568667475134 ], [ 395250.457782299083192, 3782866.632756866514683 ], [ 395250.457782299083192, 3782867.548321465030313 ], [ 395250.762970498471987, 3782867.853509664069861 ], [ 395250.762970498471987, 3782868.158697863575071 ], [ 395251.068158697860781, 3782868.463886063080281 ], [ 395251.068158697860781, 3782868.769074262585491 ], [ 395251.373346897249576, 3782869.07426246162504 ], [ 395251.373346897249576, 3782871.210579857695848 ], [ 395251.068158697860781, 3782871.515768057201058 ], [ 395250.762970498471987, 3782871.515768057201058 ], [ 395250.457782299083192, 3782871.820956256240606 ], [ 395250.152594099694397, 3782871.820956256240606 ], [ 395249.847405900305603, 3782872.126144455745816 ], [ 395249.542217700916808, 3782872.126144455745816 ], [ 395249.237029501528013, 3782872.431332655251026 ], [ 395247.71108850458404, 3782872.431332655251026 ] ] ] } },
{ "type": "Feature", "properties": { "confidence": 0.38294190168380737, "class": 1, "regularized": null }, "geometry": { "type": "Polygon", "coordinates": [ [ [ 394952.899287894193549, 3782987.487283824943006 ], [ 394952.594099694804754, 3782987.182095625437796 ], [ 394951.67853509663837, 3782987.182095625437796 ], [ 394951.373346897249576, 3782986.876907426398247 ], [ 394950.762970498471987, 3782986.876907426398247 ], [ 394950.457782299083192, 3782986.571719226893038 ], [ 394950.152594099694397, 3782986.571719226893038 ], [ 394949.847405900305603, 3782986.266531027387828 ], [ 394949.237029501528013, 3782986.266531027387828 ], [ 394948.931841302139219, 3782985.961342827882618 ], [ 394947.100712105806451, 3782985.961342827882618 ], [ 394946.795523906417657, 3782986.266531027387828 ], [ 394943.743641912529711, 3782986.266531027387828 ], [ 394943.133265513752121, 3782985.656154628843069 ], [ 394943.133265513752121, 3782985.045778229832649 ], [ 394942.828077314363327, 3782984.740590030327439 ], [ 394943.133265513752121, 3782984.435401831287891 ], [ 394943.133265513752121, 3782982.909460834227502 ], [ 394942.522889114974532, 3782982.299084435217083 ], [ 394942.522889114974532, 3782981.993896236177534 ], [ 394941.302136317419354, 3782980.773143438622355 ], [ 394941.302136317419354, 3782979.857578840106726 ], [ 394941.912512716196943, 3782979.247202441561967 ], [ 394942.217700915585738, 3782979.247202441561967 ], [ 394942.522889114974532, 3782978.942014242056757 ], [ 394943.743641912529711, 3782978.942014242056757 ], [ 394944.048830111918505, 3782978.636826042551547 ], [ 394944.964394710084889, 3782978.636826042551547 ], [ 394945.269582909473684, 3782978.942014242056757 ], [ 394946.490335707028862, 3782978.942014242056757 ], [ 394946.795523906417657, 3782979.247202441561967 ], [ 394947.405900305195246, 3782979.247202441561967 ], [ 394947.71108850458404, 3782979.552390641067177 ], [ 394948.016276703972835, 3782979.552390641067177 ], [ 394948.32146490336163, 3782979.857578840106726 ], [ 394949.237029501528013, 3782979.857578840106726 ], [ 394949.542217700916808, 3782980.162767039611936 ], [ 394950.152594099694397, 3782980.162767039611936 ], [ 394950.457782299083192, 3782980.467955239117146 ], [ 394950.762970498471987, 3782980.467955239117146 ], [ 394951.068158697860781, 3782980.773143438622355 ], [ 394951.67853509663837, 3782980.773143438622355 ], [ 394951.983723296027165, 3782981.078331637661904 ], [ 394952.28891149541596, 3782981.078331637661904 ], [ 394952.594099694804754, 3782981.383519837167114 ], [ 394952.594099694804754, 3782981.688708036672324 ], [ 394952.899287894193549, 3782981.993896236177534 ], [ 394952.899287894193549, 3782982.299084435217083 ], [ 394953.509664292971138, 3782982.909460834227502 ], [ 394953.509664292971138, 3782986.876907426398247 ], [ 394952.899287894193549, 3782987.487283824943006 ] ] ] } },
{ "type": "Feature", "properties": { "confidence": 0.38003048300743103, "class": 1, "regularized": null }, "geometry": { "type": "Polygon", "coordinates": [ [ [ 395251.068158697860781, 3782554.425228890962899 ], [ 395250.457782299083192, 3782553.81485249241814 ], [ 395249.847405900305603, 3782553.81485249241814 ], [ 395249.237029501528013, 3782553.20447609340772 ], [ 395249.237029501528013, 3782552.899287894368172 ], [ 395248.931841302139219, 3782552.594099694862962 ], [ 395248.931841302139219, 3782551.983723295852542 ], [ 395248.626653102750424, 3782551.678535096812993 ], [ 395248.931841302139219, 3782551.373346897307783 ], [ 395248.931841302139219, 3782551.068158697802573 ], [ 395249.847405900305603, 3782550.152594099752605 ], [ 395250.457782299083192, 3782550.152594099752605 ], [ 395250.762970498471987, 3782549.847405900247395 ], [ 395251.068158697860781, 3782549.847405900247395 ], [ 395251.373346897249576, 3782550.152594099752605 ], [ 395251.67853509663837, 3782550.152594099752605 ], [ 395251.67853509663837, 3782551.983723295852542 ], [ 395251.983723296027165, 3782552.288911495357752 ], [ 395251.983723296027165, 3782554.12004069192335 ], [ 395251.67853509663837, 3782554.425228890962899 ], [ 395251.068158697860781, 3782554.425228890962899 ] ] ] } },
{ "type": "Feature", "properties": { "confidence": 0.36865589022636414, "class": 1, "regularized": null }, "geometry": { "type": "Polygon", "coordinates": [ [ [ 394820.752797558496241, 3782442.726347914431244 ], [ 394820.447609359107446, 3782442.421159714926034 ], [ 394819.837232960329857, 3782442.421159714926034 ], [ 394819.837232960329857, 3782442.115971515886486 ], [ 394819.532044760941062, 3782441.810783316381276 ], [ 394819.532044760941062, 3782441.505595116876066 ], [ 394819.226856561552268, 3782441.200406917370856 ], [ 394819.226856561552268, 3782440.284842319320887 ], [ 394819.837232960329857, 3782439.674465920776129 ], [ 394821.36317395727383, 3782439.674465920776129 ], [ 394821.668362156662624, 3782439.979654119815677 ], [ 394823.499491352995392, 3782439.979654119815677 ], [ 394823.804679552384187, 3782439.674465920776129 ], [ 394827.161749745660927, 3782439.674465920776129 ], [ 394827.161749745660927, 3782441.505595116876066 ], [ 394826.856561546272133, 3782441.810783316381276 ], [ 394825.635808748716954, 3782441.810783316381276 ], [ 394825.33062054932816, 3782442.115971515886486 ], [ 394824.109867751772981, 3782442.115971515886486 ], [ 394823.804679552384187, 3782442.421159714926034 ], [ 394822.889114954217803, 3782442.421159714926034 ], [ 394822.583926754829008, 3782442.726347914431244 ], [ 394820.752797558496241, 3782442.726347914431244 ] ] ] } },
{ "type": "Feature", "properties": { "confidence": 0.36847180128097534, "class": 1, "regularized": null }, "geometry": { "type": "Polygon", "coordinates": [ [ [ 395246.490335707028862, 3782616.073245167732239 ], [ 395246.185147507640067, 3782615.76805696869269 ], [ 395246.490335707028862, 3782615.46286876918748 ], [ 395246.490335707028862, 3782614.242115971632302 ], [ 395246.795523906417657, 3782613.936927772127092 ], [ 395246.795523906417657, 3782611.800610376521945 ], [ 395246.490335707028862, 3782611.495422177016735 ], [ 395246.490335707028862, 3782610.579857578966767 ], [ 395246.185147507640067, 3782610.274669379461557 ], [ 395250.457782299083192, 3782610.274669379461557 ], [ 395249.847405900305603, 3782610.885045778006315 ], [ 395249.847405900305603, 3782614.85249237017706 ], [ 395248.931841302139219, 3782615.76805696869269 ], [ 395248.931841302139219, 3782616.073245167732239 ], [ 395246.490335707028862, 3782616.073245167732239 ] ] ] } },
{ "type": "Feature", "properties": { "confidence": 0.36579498648643494, "class": 1, "regularized": null }, "geometry": { "type": "Polygon", "coordinates": [ [ [ 395151.576805696822703, 3782882.807731434237212 ], [ 395151.576805696822703, 3782876.093591047916561 ], [ 395153.713123092602473, 3782876.093591047916561 ], [ 395154.018311291991267, 3782876.398779247421771 ], [ 395154.018311291991267, 3782877.00915564596653 ], [ 395154.323499491380062, 3782877.31434384547174 ], [ 395154.323499491380062, 3782877.61953204497695 ], [ 395154.628687690768857, 3782877.924720244016498 ], [ 395154.628687690768857, 3782878.229908443521708 ], [ 395154.933875890157651, 3782878.535096643026918 ], [ 395154.933875890157651, 3782878.840284842532128 ], [ 395155.239064089546446, 3782879.145473041571677 ], [ 395155.239064089546446, 3782879.755849440582097 ], [ 395155.54425228893524, 3782880.061037640087306 ], [ 395155.54425228893524, 3782882.807731434237212 ], [ 395151.576805696822703, 3782882.807731434237212 ] ] ] } },
{ "type": "Feature", "properties": { "confidence": 0.35701557993888855, "class": 1, "regularized": null }, "geometry": { "type": "Polygon", "coordinates": [ [ [ 394940.081383519864175, 3782539.776195320300758 ], [ 394939.776195320475381, 3782539.471007121261209 ], [ 394939.471007121086586, 3782539.471007121261209 ], [ 394939.471007121086586, 3782537.029501526150852 ], [ 394939.776195320475381, 3782536.724313326645643 ], [ 394940.996948118030559, 3782536.724313326645643 ], [ 394941.302136317419354, 3782536.419125127140433 ], [ 394941.607324516808148, 3782536.419125127140433 ], [ 394941.912512716196943, 3782536.113936927635223 ], [ 394942.217700915585738, 3782536.113936927635223 ], [ 394942.522889114974532, 3782535.808748728595674 ], [ 394942.522889114974532, 3782535.503560529090464 ], [ 394942.828077314363327, 3782535.198372329585254 ], [ 394942.828077314363327, 3782534.587995931040496 ], [ 394943.743641912529711, 3782533.672431332524866 ], [ 394948.931841302139219, 3782533.672431332524866 ], [ 394949.237029501528013, 3782533.977619532030076 ], [ 394950.457782299083192, 3782533.977619532030076 ], [ 394950.762970498471987, 3782534.282807731535286 ], [ 394951.373346897249576, 3782534.282807731535286 ], [ 394951.67853509663837, 3782534.587995931040496 ], [ 394952.899287894193549, 3782534.587995931040496 ], [ 394953.204476093582343, 3782534.893184130080044 ], [ 394953.509664292971138, 3782534.893184130080044 ], [ 394953.814852492359933, 3782535.198372329585254 ], [ 394953.814852492359933, 3782535.503560529090464 ], [ 394954.120040691748727, 3782535.808748728595674 ], [ 394954.120040691748727, 3782536.419125127140433 ], [ 394954.425228891137522, 3782536.724313326645643 ], [ 394954.425228891137522, 3782539.471007121261209 ], [ 394951.373346897249576, 3782539.471007121261209 ], [ 394951.068158697860781, 3782539.776195320300758 ], [ 394940.081383519864175, 3782539.776195320300758 ] ] ] } },
{ "type": "Feature", "properties": { "confidence": 0.35586684942245483, "class": 1, "regularized": null }, "geometry": { "type": "Polygon", "coordinates": [ [ [ 394857.985757884045597, 3782411.902339776046574 ], [ 394857.680569684656803, 3782411.597151577007025 ], [ 394857.680569684656803, 3782407.32451678533107 ], [ 394857.985757884045597, 3782407.019328585825861 ], [ 394857.985757884045597, 3782406.103763987775892 ], [ 394858.290946083434392, 3782406.103763987775892 ], [ 394858.596134282823186, 3782405.798575788270682 ], [ 394865.005086469987873, 3782405.798575788270682 ], [ 394865.005086469987873, 3782408.850457782391459 ], [ 394863.784333672432695, 3782410.071210579946637 ], [ 394863.784333672432695, 3782410.681586978491396 ], [ 394863.4791454730439, 3782410.986775177996606 ], [ 394863.4791454730439, 3782411.291963377501816 ], [ 394863.173957273655105, 3782411.597151577007025 ], [ 394862.563580874877516, 3782411.597151577007025 ], [ 394862.258392675488722, 3782411.902339776046574 ], [ 394857.985757884045597, 3782411.902339776046574 ] ] ] } },
{ "type": "Feature", "properties": { "confidence": 0.35288169980049133, "class": 1, "regularized": null }, "geometry": { "type": "Polygon", "coordinates": [ [ [ 395059.715157680562697, 3782874.872838250361383 ], [ 395059.104781281785108, 3782874.262461851350963 ], [ 395057.578840284841135, 3782874.262461851350963 ], [ 395057.578840284841135, 3782873.957273652311414 ], [ 395057.273652085452341, 3782873.652085452806205 ], [ 395057.273652085452341, 3782871.820956256240606 ], [ 395056.968463886063546, 3782871.515768057201058 ], [ 395056.968463886063546, 3782870.905391658190638 ], [ 395056.663275686674751, 3782870.600203458685428 ], [ 395056.663275686674751, 3782869.989827060140669 ], [ 395056.358087487285957, 3782869.684638860635459 ], [ 395056.358087487285957, 3782868.769074262585491 ], [ 395056.052899287897162, 3782868.463886063080281 ], [ 395056.052899287897162, 3782867.243133265525103 ], [ 395056.358087487285957, 3782867.243133265525103 ], [ 395056.663275686674751, 3782866.937945066019893 ], [ 395056.968463886063546, 3782866.937945066019893 ], [ 395057.273652085452341, 3782867.243133265525103 ], [ 395057.578840284841135, 3782867.243133265525103 ], [ 395057.578840284841135, 3782867.548321465030313 ], [ 395058.189216683618724, 3782868.158697863575071 ], [ 395058.189216683618724, 3782868.463886063080281 ], [ 395058.494404883007519, 3782868.769074262585491 ], [ 395058.799593082396314, 3782868.769074262585491 ], [ 395060.325534079340287, 3782870.295015259180218 ], [ 395060.325534079340287, 3782870.600203458685428 ], [ 395060.630722278729081, 3782870.905391658190638 ], [ 395060.630722278729081, 3782871.210579857695848 ], [ 395061.546286876895465, 3782872.126144455745816 ], [ 395061.546286876895465, 3782873.957273652311414 ], [ 395061.24109867750667, 3782874.262461851350963 ], [ 395061.24109867750667, 3782874.567650050856173 ], [ 395060.935910478117876, 3782874.567650050856173 ], [ 395060.630722278729081, 3782874.872838250361383 ], [ 395059.715157680562697, 3782874.872838250361383 ] ] ] } },
{ "type": "Feature", "properties": { "confidence": 0.35156404972076416, "class": 1, "regularized": null }, "geometry": { "type": "Polygon", "coordinates": [ [ [ 395155.54425228893524, 3782906.002034587785602 ], [ 395155.239064089546446, 3782905.696846388746053 ], [ 395155.239064089546446, 3782905.391658189240843 ], [ 395154.933875890157651, 3782905.086469989735633 ], [ 395154.933875890157651, 3782904.170905391685665 ], [ 395155.239064089546446, 3782903.865717192180455 ], [ 395155.54425228893524, 3782903.865717192180455 ], [ 395155.849440488324035, 3782903.560528992675245 ], [ 395156.15462868771283, 3782903.560528992675245 ], [ 395156.459816887101624, 3782903.255340793635696 ], [ 395157.070193285879213, 3782903.255340793635696 ], [ 395157.375381485268008, 3782902.950152594130486 ], [ 395157.680569684656803, 3782902.950152594130486 ], [ 395157.985757884045597, 3782902.644964394625276 ], [ 395158.290946083434392, 3782902.644964394625276 ], [ 395158.596134282823186, 3782902.339776195120066 ], [ 395160.427263479155954, 3782902.339776195120066 ], [ 395160.427263479155954, 3782903.255340793635696 ], [ 395158.901322482211981, 3782904.781281790230423 ], [ 395158.596134282823186, 3782904.781281790230423 ], [ 395158.290946083434392, 3782905.086469989735633 ], [ 395157.985757884045597, 3782905.086469989735633 ], [ 395157.375381485268008, 3782905.696846388746053 ], [ 395157.070193285879213, 3782905.696846388746053 ], [ 395156.765005086490419, 3782906.002034587785602 ], [ 395155.54425228893524, 3782906.002034587785602 ] ] ] } },
{ "type": "Feature", "properties": { "confidence": 0.35081145167350769, "class": 1, "regularized": null }, "geometry": { "type": "Polygon", "coordinates": [ [ [ 395303.560528992908075, 3782818.413021363317966 ], [ 395303.255340793461073, 3782818.107833163812757 ], [ 395302.950152594072279, 3782818.107833163812757 ], [ 395302.950152594072279, 3782816.276703967247158 ], [ 395302.644964394683484, 3782815.97151576820761 ], [ 395302.950152594072279, 3782815.6663275687024 ], [ 395302.950152594072279, 3782814.445574771147221 ], [ 395303.255340793461073, 3782814.140386571642011 ], [ 395305.391658189240843, 3782814.140386571642011 ], [ 395305.696846388629638, 3782814.445574771147221 ], [ 395306.002034588018432, 3782814.445574771147221 ], [ 395306.612410986796021, 3782815.05595116969198 ], [ 395306.612410986796021, 3782817.192268565762788 ], [ 395306.002034588018432, 3782817.802644964307547 ], [ 395305.391658189240843, 3782817.802644964307547 ], [ 395305.086469989852048, 3782818.107833163812757 ], [ 395303.86571719229687, 3782818.107833163812757 ], [ 395303.560528992908075, 3782818.413021363317966 ] ] ] } },
{ "type": "Feature", "properties": { "confidence": 0.3475075364112854, "class": 1, "regularized": null }, "geometry": { "type": "Polygon", "coordinates": [ [ [ 395303.86571719229687, 3782727.161749745719135 ], [ 395303.86571719229687, 3782726.856561546213925 ], [ 395303.560528992908075, 3782726.551373346708715 ], [ 395303.560528992908075, 3782725.025432350113988 ], [ 395303.255340793461073, 3782724.720244150608778 ], [ 395303.560528992908075, 3782724.415055951103568 ], [ 395303.560528992908075, 3782724.109867751598358 ], [ 395303.86571719229687, 3782724.109867751598358 ], [ 395304.170905391685665, 3782723.80467955255881 ], [ 395304.476093591074459, 3782723.80467955255881 ], [ 395304.781281790463254, 3782723.4994913530536 ], [ 395305.086469989852048, 3782723.4994913530536 ], [ 395305.391658189240843, 3782723.19430315354839 ], [ 395306.002034588018432, 3782723.19430315354839 ], [ 395306.917599186184816, 3782722.278738555498421 ], [ 395307.527975584962405, 3782722.278738555498421 ], [ 395307.527975584962405, 3782726.551373346708715 ], [ 395306.917599186184816, 3782726.551373346708715 ], [ 395306.612410986796021, 3782726.856561546213925 ], [ 395306.002034588018432, 3782726.856561546213925 ], [ 395305.696846388629638, 3782727.161749745719135 ], [ 395303.86571719229687, 3782727.161749745719135 ] ] ] } },
{ "type": "Feature", "properties": { "confidence": 0.34646451473236084, "class": 1, "regularized": null }, "geometry": { "type": "Polygon", "coordinates": [ [ [ 395152.492370294989087, 3782689.013224822003394 ], [ 395152.492370294989087, 3782683.825025432277471 ], [ 395152.187182095600292, 3782683.519837232772261 ], [ 395152.187182095600292, 3782682.604272634722292 ], [ 395151.881993896211497, 3782682.299084435217083 ], [ 395151.576805696822703, 3782682.299084435217083 ], [ 395151.576805696822703, 3782680.162767039611936 ], [ 395151.881993896211497, 3782680.162767039611936 ], [ 395152.187182095600292, 3782679.857578840106726 ], [ 395152.187182095600292, 3782678.026449644006789 ], [ 395152.492370294989087, 3782677.721261444501579 ], [ 395152.492370294989087, 3782677.416073244996369 ], [ 395152.797558494377881, 3782677.416073244996369 ], [ 395154.018311291991267, 3782678.636826042551547 ], [ 395154.018311291991267, 3782678.942014242056757 ], [ 395154.628687690768857, 3782679.552390641067177 ], [ 395154.628687690768857, 3782679.857578840106726 ], [ 395156.15462868771283, 3782681.383519837167114 ], [ 395156.15462868771283, 3782681.688708036672324 ], [ 395156.459816887101624, 3782681.993896236177534 ], [ 395156.765005086490419, 3782681.993896236177534 ], [ 395156.765005086490419, 3782682.299084435217083 ], [ 395157.070193285879213, 3782682.604272634722292 ], [ 395157.375381485268008, 3782682.604272634722292 ], [ 395157.375381485268008, 3782682.909460834227502 ], [ 395157.985757884045597, 3782683.519837232772261 ], [ 395157.985757884045597, 3782684.130213631782681 ], [ 395158.596134282823186, 3782684.740590030327439 ], [ 395158.596134282823186, 3782685.350966429337859 ], [ 395158.901322482211981, 3782685.656154628843069 ], [ 395158.901322482211981, 3782686.266531027387828 ], [ 395158.290946083434392, 3782686.876907426398247 ], [ 395157.985757884045597, 3782686.876907426398247 ], [ 395157.375381485268008, 3782687.487283824943006 ], [ 395157.070193285879213, 3782687.487283824943006 ], [ 395156.765005086490419, 3782687.792472024448216 ], [ 395156.459816887101624, 3782687.792472024448216 ], [ 395155.849440488324035, 3782688.402848422992975 ], [ 395155.239064089546446, 3782688.402848422992975 ], [ 395154.933875890157651, 3782688.708036622498184 ], [ 395154.018311291991267, 3782688.708036622498184 ], [ 395153.713123092602473, 3782689.013224822003394 ], [ 395152.492370294989087, 3782689.013224822003394 ] ] ] } },
{ "type": "Feature", "properties": { "confidence": 0.34301513433456421, "class": 1, "regularized": null }, "geometry": { "type": "Polygon", "coordinates": [ [ [ 395269.989827060024254, 3782910.579857578966767 ], [ 395269.989827060024254, 3782910.274669379461557 ], [ 395269.684638860635459, 3782909.969481179956347 ], [ 395269.684638860635459, 3782909.664292980451137 ], [ 395269.379450661246665, 3782909.359104781411588 ], [ 395269.379450661246665, 3782908.748728382401168 ], [ 395269.07426246185787, 3782908.443540182895958 ], [ 395268.769074262469076, 3782908.443540182895958 ], [ 395268.769074262469076, 3782895.930824008304626 ], [ 395269.07426246185787, 3782895.930824008304626 ], [ 395269.989827060024254, 3782896.846388606354594 ], [ 395269.989827060024254, 3782897.151576805859804 ], [ 395270.295015259413049, 3782897.456765004899353 ], [ 395270.295015259413049, 3782897.761953204404563 ], [ 395270.600203458801843, 3782898.067141403909773 ], [ 395270.600203458801843, 3782898.982706001959741 ], [ 395270.905391658190638, 3782899.287894201464951 ], [ 395270.905391658190638, 3782905.391658189240843 ], [ 395271.210579857579432, 3782905.696846388746053 ], [ 395271.210579857579432, 3782907.8331637843512 ], [ 395270.905391658190638, 3782908.13835198385641 ], [ 395270.905391658190638, 3782908.748728382401168 ], [ 395270.600203458801843, 3782909.053916581906378 ], [ 395270.600203458801843, 3782909.969481179956347 ], [ 395269.989827060024254, 3782910.579857578966767 ] ] ] } },
{ "type": "Feature", "properties": { "confidence": 0.33815014362335205, "class": 1, "regularized": null }, "geometry": { "type": "Polygon", "coordinates": [ [ [ 394954.730417090526316, 3782495.829094608314335 ], [ 394954.120040691748727, 3782495.218718209769577 ], [ 394953.204476093582343, 3782495.218718209769577 ], [ 394952.594099694804754, 3782494.608341810759157 ], [ 394952.594099694804754, 3782494.303153611253947 ], [ 394952.28891149541596, 3782493.997965412214398 ], [ 394952.28891149541596, 3782493.082400813698769 ], [ 394951.983723296027165, 3782492.77721261465922 ], [ 394951.983723296027165, 3782492.47202441515401 ], [ 394955.951169888081495, 3782492.47202441515401 ], [ 394955.951169888081495, 3782495.829094608314335 ], [ 394954.730417090526316, 3782495.829094608314335 ] ] ] } },
{ "type": "Feature", "properties": { "confidence": 0.33511832356452942, "class": 1, "regularized": null }, "geometry": { "type": "Polygon", "coordinates": [ [ [ 395210.478128179034684, 3782496.134282807819545 ], [ 395210.172939979645889, 3782495.829094608314335 ], [ 395209.257375381479505, 3782495.829094608314335 ], [ 395208.952187182090711, 3782495.523906408809125 ], [ 395208.646998982701916, 3782495.523906408809125 ], [ 395208.341810783313122, 3782495.218718209769577 ], [ 395208.036622583924327, 3782495.218718209769577 ], [ 395207.731434384535532, 3782494.913530010264367 ], [ 395207.731434384535532, 3782494.303153611253947 ], [ 395207.121057985757943, 3782493.692777212709188 ], [ 395207.121057985757943, 3782493.387589013203979 ], [ 395206.815869786369149, 3782493.082400813698769 ], [ 395215.666327568644192, 3782493.082400813698769 ], [ 395215.666327568644192, 3782493.387589013203979 ], [ 395215.361139369255397, 3782493.692777212709188 ], [ 395215.361139369255397, 3782493.997965412214398 ], [ 395215.055951169866603, 3782494.303153611253947 ], [ 395214.140386571700219, 3782494.303153611253947 ], [ 395213.53001017292263, 3782494.913530010264367 ], [ 395213.224821973533835, 3782494.913530010264367 ], [ 395212.919633774145041, 3782495.218718209769577 ], [ 395212.614445574756246, 3782495.218718209769577 ], [ 395212.309257375367451, 3782495.523906408809125 ], [ 395212.004069175978657, 3782495.523906408809125 ], [ 395211.393692777201068, 3782496.134282807819545 ], [ 395210.478128179034684, 3782496.134282807819545 ] ] ] } },
{ "type": "Feature", "properties": { "confidence": 0.32863008975982666, "class": 1, "regularized": null }, "geometry": { "type": "Polygon", "coordinates": [ [ [ 395375.27975584944943, 3782450.661241098772734 ], [ 395374.974567650060635, 3782450.356052899267524 ], [ 395374.059003051894251, 3782450.356052899267524 ], [ 395373.753814852505457, 3782450.050864699762315 ], [ 395372.533062054950278, 3782450.050864699762315 ], [ 395372.227873855561484, 3782449.745676500722766 ], [ 395370.396744659228716, 3782449.745676500722766 ], [ 395370.396744659228716, 3782447.609359104651958 ], [ 395370.091556459839921, 3782447.304170905612409 ], [ 395369.786368260451127, 3782447.304170905612409 ], [ 395369.481180061062332, 3782446.998982706107199 ], [ 395369.481180061062332, 3782445.473041709046811 ], [ 395369.175991861673538, 3782445.167853509541601 ], [ 395369.175991861673538, 3782444.862665310502052 ], [ 395369.481180061062332, 3782444.557477110996842 ], [ 395371.3123092573951, 3782444.557477110996842 ], [ 395371.617497456783894, 3782444.252288911491632 ], [ 395376.500508647004608, 3782444.252288911491632 ], [ 395376.805696846393403, 3782444.557477110996842 ], [ 395377.110885045782197, 3782444.557477110996842 ], [ 395377.110885045782197, 3782445.167853509541601 ], [ 395377.721261444559786, 3782445.778229908552021 ], [ 395378.331637843337376, 3782445.778229908552021 ], [ 395378.942014242114965, 3782446.388606307096779 ], [ 395378.942014242114965, 3782446.998982706107199 ], [ 395379.247202441503759, 3782447.304170905612409 ], [ 395379.247202441503759, 3782449.440488301217556 ], [ 395378.942014242114965, 3782449.745676500722766 ], [ 395378.331637843337376, 3782449.745676500722766 ], [ 395378.026449643948581, 3782450.050864699762315 ], [ 395377.416073245170992, 3782450.050864699762315 ], [ 395376.805696846393403, 3782450.661241098772734 ], [ 395375.27975584944943, 3782450.661241098772734 ] ] ] } },
{ "type": "Feature", "properties": { "confidence": 0.32612448930740356, "class": 1, "regularized": null }, "geometry": { "type": "Polygon", "coordinates": [ [ [ 395246.490335707028862, 3782616.378433367237449 ], [ 395246.490335707028862, 3782615.76805696869269 ], [ 395246.185147507640067, 3782615.46286876918748 ], [ 395246.185147507640067, 3782614.547304171137512 ], [ 395246.490335707028862, 3782614.242115971632302 ], [ 395246.490335707028862, 3782612.105798575561494 ], [ 395246.795523906417657, 3782612.105798575561494 ], [ 395247.100712105806451, 3782611.800610376521945 ], [ 395247.100712105806451, 3782610.885045778006315 ], [ 395247.71108850458404, 3782610.274669379461557 ], [ 395247.71108850458404, 3782609.664292980451137 ], [ 395248.626653102750424, 3782608.748728382401168 ], [ 395250.762970498471987, 3782608.748728382401168 ], [ 395251.068158697860781, 3782609.053916581906378 ], [ 395251.373346897249576, 3782609.053916581906378 ], [ 395251.373346897249576, 3782610.579857578966767 ], [ 395251.67853509663837, 3782610.885045778006315 ], [ 395251.67853509663837, 3782614.242115971632302 ], [ 395251.373346897249576, 3782614.547304171137512 ], [ 395251.373346897249576, 3782614.85249237017706 ], [ 395251.068158697860781, 3782615.15768056968227 ], [ 395250.762970498471987, 3782615.15768056968227 ], [ 395250.152594099694397, 3782615.76805696869269 ], [ 395249.847405900305603, 3782615.76805696869269 ], [ 395249.542217700916808, 3782616.073245167732239 ], [ 395248.626653102750424, 3782616.073245167732239 ], [ 395248.32146490336163, 3782616.378433367237449 ], [ 395246.490335707028862, 3782616.378433367237449 ] ] ] } },
{ "type": "Feature", "properties": { "confidence": 0.32611453533172607, "class": 1, "regularized": null }, "geometry": { "type": "Polygon", "coordinates": [ [ [ 395078.331637843337376, 3782408.545269582886249 ], [ 395078.026449643948581, 3782408.240081383381039 ], [ 395076.500508647004608, 3782408.240081383381039 ], [ 395076.500508647004608, 3782406.103763987775892 ], [ 395076.805696846393403, 3782405.798575788270682 ], [ 395076.805696846393403, 3782405.493387589231133 ], [ 395077.110885045782197, 3782405.493387589231133 ], [ 395077.416073245170992, 3782405.188199389725924 ], [ 395077.721261444559786, 3782405.188199389725924 ], [ 395078.026449643948581, 3782404.883011190220714 ], [ 395078.63682604272617, 3782404.883011190220714 ], [ 395078.942014242114965, 3782404.577822990715504 ], [ 395081.383519837225322, 3782404.577822990715504 ], [ 395081.993896236002911, 3782403.967446592170745 ], [ 395082.299084435391705, 3782403.967446592170745 ], [ 395082.909460834169295, 3782403.357070193160325 ], [ 395087.487283825001214, 3782403.357070193160325 ], [ 395087.487283825001214, 3782403.967446592170745 ], [ 395087.792472024390008, 3782404.272634791675955 ], [ 395087.792472024390008, 3782407.93489318434149 ], [ 395087.487283825001214, 3782407.93489318434149 ], [ 395087.182095625612419, 3782408.240081383381039 ], [ 395080.162767039670143, 3782408.240081383381039 ], [ 395079.857578840281349, 3782408.545269582886249 ], [ 395078.331637843337376, 3782408.545269582886249 ] ] ] } },
{ "type": "Feature", "properties": { "confidence": 0.3238273561000824, "class": 1, "regularized": null }, "geometry": { "type": "Polygon", "coordinates": [ [ [ 395272.736520854523405, 3782841.912512716371566 ], [ 395271.515768056968227, 3782840.691759918816388 ], [ 395271.515768056968227, 3782839.471007121261209 ], [ 395271.210579857579432, 3782839.165818921755999 ], [ 395271.515768056968227, 3782838.860630722250789 ], [ 395271.515768056968227, 3782838.555442522745579 ], [ 395271.820956256357022, 3782838.250254323706031 ], [ 395271.820956256357022, 3782837.334689725190401 ], [ 395272.126144455745816, 3782837.334689725190401 ], [ 395272.431332655134611, 3782837.029501526150852 ], [ 395272.431332655134611, 3782836.724313326645643 ], [ 395272.736520854523405, 3782836.724313326645643 ], [ 395273.0417090539122, 3782836.419125127140433 ], [ 395273.0417090539122, 3782835.808748728595674 ], [ 395273.346897253300995, 3782835.503560529090464 ], [ 395273.957273652078584, 3782835.503560529090464 ], [ 395274.262461851467378, 3782835.198372329585254 ], [ 395274.567650050856173, 3782835.198372329585254 ], [ 395274.872838250244968, 3782834.893184130080044 ], [ 395275.788402848411351, 3782834.893184130080044 ], [ 395276.093591047800146, 3782835.198372329585254 ], [ 395276.093591047800146, 3782835.808748728595674 ], [ 395276.398779247188941, 3782836.113936927635223 ], [ 395276.398779247188941, 3782838.250254323706031 ], [ 395276.093591047800146, 3782838.555442522745579 ], [ 395276.093591047800146, 3782838.860630722250789 ], [ 395275.788402848411351, 3782838.860630722250789 ], [ 395275.483214649022557, 3782839.165818921755999 ], [ 395275.483214649022557, 3782839.471007121261209 ], [ 395275.178026449633762, 3782839.776195320300758 ], [ 395275.178026449633762, 3782840.081383519805968 ], [ 395274.567650050856173, 3782840.691759918816388 ], [ 395274.567650050856173, 3782840.996948117855936 ], [ 395273.957273652078584, 3782841.607324516866356 ], [ 395273.957273652078584, 3782841.912512716371566 ], [ 395272.736520854523405, 3782841.912512716371566 ] ] ] } },
{ "type": "Feature", "properties": { "confidence": 0.32129508256912231, "class": 1, "regularized": null }, "geometry": { "type": "Polygon", "coordinates": [ [ [ 395240.996948118030559, 3782765.005086469929665 ], [ 395240.996948118030559, 3782764.699898270424455 ], [ 395240.691759918641765, 3782764.394710071384907 ], [ 395240.38657171925297, 3782764.394710071384907 ], [ 395240.081383519864175, 3782764.089521871879697 ], [ 395240.081383519864175, 3782763.784333672374487 ], [ 395239.776195320475381, 3782763.479145472869277 ], [ 395239.776195320475381, 3782762.868769074324518 ], [ 395239.471007121086586, 3782762.563580874819309 ], [ 395239.471007121086586, 3782761.03763987775892 ], [ 395239.776195320475381, 3782760.732451678719372 ], [ 395239.776195320475381, 3782760.427263479214162 ], [ 395240.081383519864175, 3782760.427263479214162 ], [ 395240.38657171925297, 3782760.122075279708952 ], [ 395244.048830111918505, 3782760.122075279708952 ], [ 395244.659206510696094, 3782760.732451678719372 ], [ 395244.659206510696094, 3782761.03763987775892 ], [ 395244.964394710084889, 3782761.34282807726413 ], [ 395244.964394710084889, 3782761.64801627676934 ], [ 395245.269582909473684, 3782761.95320447627455 ], [ 395245.269582909473684, 3782762.868769074324518 ], [ 395244.659206510696094, 3782763.479145472869277 ], [ 395244.3540183113073, 3782763.479145472869277 ], [ 395243.743641912529711, 3782764.089521871879697 ], [ 395243.133265513752121, 3782764.089521871879697 ], [ 395242.828077314363327, 3782764.394710071384907 ], [ 395242.217700915585738, 3782764.394710071384907 ], [ 395241.912512716196943, 3782764.699898270424455 ], [ 395241.302136317419354, 3782764.699898270424455 ], [ 395240.996948118030559, 3782765.005086469929665 ] ] ] } },
{ "type": "Feature", "properties": { "confidence": 0.31295332312583923, "class": 1, "regularized": null }, "geometry": { "type": "Polygon", "coordinates": [ [ [ 394836.622583926771767, 3782596.846388606354594 ], [ 394836.317395727382973, 3782596.541200406849384 ], [ 394833.265513733495027, 3782596.541200406849384 ], [ 394832.960325534106232, 3782596.236012207344174 ], [ 394831.434384537104052, 3782596.236012207344174 ], [ 394831.129196337715257, 3782595.930824008304626 ], [ 394831.129196337715257, 3782593.184130213689059 ], [ 394831.434384537104052, 3782592.878942014183849 ], [ 394840.590030518826097, 3782592.878942014183849 ], [ 394840.895218718214892, 3782593.184130213689059 ], [ 394842.11597151577007, 3782593.184130213689059 ], [ 394842.11597151577007, 3782593.489318413194269 ], [ 394842.421159715158865, 3782593.794506612233818 ], [ 394842.421159715158865, 3782595.625635808799416 ], [ 394841.810783316381276, 3782596.236012207344174 ], [ 394841.505595116992481, 3782596.236012207344174 ], [ 394841.200406917603686, 3782596.541200406849384 ], [ 394838.14852492371574, 3782596.541200406849384 ], [ 394837.843336724326946, 3782596.846388606354594 ], [ 394836.622583926771767, 3782596.846388606354594 ] ] ] } },
{ "type": "Feature", "properties": { "confidence": 0.30458834767341614, "class": 1, "regularized": null }, "geometry": { "type": "Polygon", "coordinates": [ [ [ 395146.693794506601989, 3782832.146490335930139 ], [ 395146.0834181078244, 3782831.536113936919719 ], [ 395146.0834181078244, 3782829.399796541314572 ], [ 395145.778229908435605, 3782829.094608341809362 ], [ 395145.778229908435605, 3782826.653102746699005 ], [ 395146.388606307213195, 3782826.042726347688586 ], [ 395147.609359104768373, 3782826.042726347688586 ], [ 395147.914547304157168, 3782825.737538148649037 ], [ 395148.830111902323551, 3782825.737538148649037 ], [ 395149.135300101712346, 3782826.042726347688586 ], [ 395149.135300101712346, 3782826.347914547193795 ], [ 395149.440488301101141, 3782826.653102746699005 ], [ 395149.440488301101141, 3782826.958290946204215 ], [ 395149.745676500489935, 3782827.263479145243764 ], [ 395149.745676500489935, 3782827.568667344748974 ], [ 395150.05086469987873, 3782827.873855544254184 ], [ 395150.05086469987873, 3782828.484231942798942 ], [ 395150.356052899267524, 3782828.789420142304152 ], [ 395150.356052899267524, 3782829.094608341809362 ], [ 395150.966429298045114, 3782829.704984740819782 ], [ 395150.966429298045114, 3782831.230925737414509 ], [ 395150.661241098656319, 3782831.230925737414509 ], [ 395150.05086469987873, 3782831.841302136424929 ], [ 395149.135300101712346, 3782831.841302136424929 ], [ 395148.830111902323551, 3782832.146490335930139 ], [ 395146.693794506601989, 3782832.146490335930139 ] ] ] } },
{ "type": "Feature", "properties": { "confidence": 0.30257481336593628, "class": 1, "regularized": null }, "geometry": { "type": "Polygon", "coordinates": [ [ [ 395035.910478128178511, 3782559.308240081183612 ], [ 395035.910478128178511, 3782559.003051882144064 ], [ 395035.605289928789716, 3782558.697863682638854 ], [ 395035.605289928789716, 3782558.087487283628434 ], [ 395035.300101729400922, 3782557.782299084588885 ], [ 395035.300101729400922, 3782557.171922685578465 ], [ 395035.605289928789716, 3782556.866734486073256 ], [ 395035.605289928789716, 3782556.561546287033707 ], [ 395035.910478128178511, 3782556.256358087528497 ], [ 395035.910478128178511, 3782553.50966429291293 ], [ 395036.215666327567305, 3782553.50966429291293 ], [ 395036.5208545269561, 3782553.20447609340772 ], [ 395036.5208545269561, 3782552.288911495357752 ], [ 395037.131230925733689, 3782552.899287894368172 ], [ 395038.657171922677662, 3782552.899287894368172 ], [ 395038.962360122066457, 3782553.20447609340772 ], [ 395039.877924720232841, 3782553.20447609340772 ], [ 395040.183112919621635, 3782552.899287894368172 ], [ 395040.48830111901043, 3782552.899287894368172 ], [ 395040.793489318399224, 3782552.594099694862962 ], [ 395041.098677517788019, 3782552.899287894368172 ], [ 395041.403865717176814, 3782552.899287894368172 ], [ 395042.014242115954403, 3782553.50966429291293 ], [ 395042.014242115954403, 3782554.12004069192335 ], [ 395042.319430315343197, 3782554.425228890962899 ], [ 395042.319430315343197, 3782555.035605289973319 ], [ 395042.624618514731992, 3782555.340793489478528 ], [ 395042.624618514731992, 3782556.866734486073256 ], [ 395042.319430315343197, 3782557.171922685578465 ], [ 395042.319430315343197, 3782558.087487283628434 ], [ 395042.014242115954403, 3782558.392675483133644 ], [ 395041.709053916565608, 3782558.392675483133644 ], [ 395041.403865717176814, 3782558.697863682638854 ], [ 395040.48830111901043, 3782558.697863682638854 ], [ 395040.183112919621635, 3782559.003051882144064 ], [ 395038.962360122066457, 3782559.003051882144064 ], [ 395038.657171922677662, 3782559.308240081183612 ], [ 395035.910478128178511, 3782559.308240081183612 ] ] ] } },
{ "type": "Feature", "properties": { "confidence": 0.30094742774963379, "class": 1, "regularized": null }, "geometry": { "type": "Polygon", "coordinates": [ [ [ 395017.599186164792627, 3782540.691759918816388 ], [ 395017.599186164792627, 3782540.386571719311178 ], [ 395017.293997965403832, 3782540.081383519805968 ], [ 395015.15768056968227, 3782540.081383519805968 ], [ 395014.852492370293476, 3782540.386571719311178 ], [ 395013.936927772127092, 3782540.386571719311178 ], [ 395013.631739572738297, 3782540.081383519805968 ], [ 395013.021363173960708, 3782540.081383519805968 ], [ 395013.021363173960708, 3782539.776195320300758 ], [ 395012.716174974571913, 3782539.471007121261209 ], [ 395012.716174974571913, 3782538.555442522745579 ], [ 395013.021363173960708, 3782538.250254323706031 ], [ 395013.021363173960708, 3782537.029501526150852 ], [ 395013.326551373349503, 3782536.724313326645643 ], [ 395013.631739572738297, 3782536.724313326645643 ], [ 395013.936927772127092, 3782536.419125127140433 ], [ 395016.073245167848654, 3782536.419125127140433 ], [ 395016.378433367237449, 3782536.113936927635223 ], [ 395016.988809766015038, 3782536.113936927635223 ], [ 395017.293997965403832, 3782535.808748728595674 ], [ 395017.293997965403832, 3782534.587995931040496 ], [ 395017.599186164792627, 3782534.282807731535286 ], [ 395017.599186164792627, 3782533.367243133485317 ], [ 395017.293997965403832, 3782533.062054933980107 ], [ 395017.599186164792627, 3782532.756866734474897 ], [ 395017.599186164792627, 3782532.451678534969687 ], [ 395017.904374364181422, 3782532.451678534969687 ], [ 395018.209562563570216, 3782532.146490335930139 ], [ 395022.177009155624546, 3782532.146490335930139 ], [ 395022.482197355013341, 3782532.451678534969687 ], [ 395022.482197355013341, 3782533.977619532030076 ], [ 395023.09257375379093, 3782534.587995931040496 ], [ 395023.09257375379093, 3782535.198372329585254 ], [ 395022.787385554402135, 3782535.503560529090464 ], [ 395022.482197355013341, 3782535.503560529090464 ], [ 395022.177009155624546, 3782535.808748728595674 ], [ 395021.566632756846957, 3782535.808748728595674 ], [ 395021.261444557458162, 3782536.113936927635223 ], [ 395021.261444557458162, 3782537.945066124200821 ], [ 395021.566632756846957, 3782538.250254323706031 ], [ 395021.261444557458162, 3782538.250254323706031 ], [ 395020.956256358069368, 3782538.555442522745579 ], [ 395020.651068158680573, 3782538.555442522745579 ], [ 395020.040691759902984, 3782539.165818921755999 ], [ 395019.735503560514189, 3782539.165818921755999 ], [ 395018.514750762959011, 3782540.386571719311178 ], [ 395018.514750762959011, 3782540.691759918816388 ], [ 395017.599186164792627, 3782540.691759918816388 ] ] ] } },
{ "type": "Feature", "properties": { "confidence": 0.29920852184295654, "class": 1, "regularized": null }, "geometry": { "type": "Polygon", "coordinates": [ [ [ 394958.697863682580646, 3782603.865717192180455 ], [ 394958.392675483191852, 3782603.560528992675245 ], [ 394958.392675483191852, 3782601.119023397564888 ], [ 394962.665310274693184, 3782601.119023397564888 ], [ 394963.580874872859567, 3782602.034587996080518 ], [ 394963.580874872859567, 3782602.339776195120066 ], [ 394963.886063072248362, 3782602.644964394625276 ], [ 394963.886063072248362, 3782603.560528992675245 ], [ 394963.580874872859567, 3782603.865717192180455 ], [ 394958.697863682580646, 3782603.865717192180455 ] ] ] } },
{ "type": "Feature", "properties": { "confidence": 0.29805666208267212, "class": 1, "regularized": null }, "geometry": { "type": "Polygon", "coordinates": [ [ [ 395177.822990844375454, 3782946.897253306116909 ], [ 395177.822990844375454, 3782946.28687690757215 ], [ 395177.517802644986659, 3782945.98168870806694 ], [ 395177.517802644986659, 3782945.066124110016972 ], [ 395177.212614445597865, 3782944.760935910511762 ], [ 395177.212614445597865, 3782940.488301118835807 ], [ 395177.822990844375454, 3782939.877924720291048 ], [ 395179.043743641930632, 3782939.877924720291048 ], [ 395179.654120040708221, 3782939.267548321280628 ], [ 395179.959308240097016, 3782939.267548321280628 ], [ 395180.569684638874605, 3782938.65717192273587 ], [ 395180.8748728382634, 3782938.65717192273587 ], [ 395181.790437436429784, 3782937.741607324685901 ], [ 395181.790437436429784, 3782937.436419125180691 ], [ 395182.095625635818578, 3782937.436419125180691 ], [ 395182.400813835207373, 3782937.131230925675482 ], [ 395183.011190233984962, 3782937.131230925675482 ], [ 395183.316378433373757, 3782937.436419125180691 ], [ 395183.316378433373757, 3782937.741607324685901 ], [ 395183.621566632762551, 3782938.04679552372545 ], [ 395183.621566632762551, 3782938.65717192273587 ], [ 395183.926754832151346, 3782938.96236012224108 ], [ 395183.926754832151346, 3782939.572736520785838 ], [ 395183.621566632762551, 3782939.877924720291048 ], [ 395183.621566632762551, 3782940.488301118835807 ], [ 395183.926754832151346, 3782940.793489318341017 ], [ 395183.926754832151346, 3782941.709053916390985 ], [ 395184.231943031540141, 3782942.014242115896195 ], [ 395184.231943031540141, 3782943.845371312461793 ], [ 395183.926754832151346, 3782944.150559511501342 ], [ 395183.926754832151346, 3782944.455747711006552 ], [ 395183.621566632762551, 3782944.760935910511762 ], [ 395183.621566632762551, 3782945.066124110016972 ], [ 395183.316378433373757, 3782945.066124110016972 ], [ 395182.706002034596168, 3782945.67650050856173 ], [ 395182.400813835207373, 3782945.67650050856173 ], [ 395182.095625635818578, 3782945.98168870806694 ], [ 395181.180061037652194, 3782945.98168870806694 ], [ 395180.8748728382634, 3782946.28687690757215 ], [ 395180.264496439485811, 3782946.28687690757215 ], [ 395179.959308240097016, 3782946.592065106611699 ], [ 395179.654120040708221, 3782946.592065106611699 ], [ 395179.348931841319427, 3782946.897253306116909 ], [ 395177.822990844375454, 3782946.897253306116909 ] ] ] } },
{ "type": "Feature", "properties": { "confidence": 0.29787713289260864, "class": 1, "regularized": null }, "geometry": { "type": "Polygon", "coordinates": [ [ [ 395105.493387588998303, 3782765.615462868940085 ], [ 395105.493387588998303, 3782765.310274669434875 ], [ 395104.883011190220714, 3782764.699898270424455 ], [ 395104.883011190220714, 3782764.394710071384907 ], [ 395104.577822990831919, 3782764.089521871879697 ], [ 395104.577822990831919, 3782761.95320447627455 ], [ 395104.883011190220714, 3782761.64801627676934 ], [ 395104.883011190220714, 3782761.34282807726413 ], [ 395105.188199389609508, 3782761.34282807726413 ], [ 395105.493387588998303, 3782761.03763987775892 ], [ 395106.103763987775892, 3782761.03763987775892 ], [ 395106.408952187164687, 3782760.732451678719372 ], [ 395107.019328585942276, 3782760.732451678719372 ], [ 395107.32451678533107, 3782760.427263479214162 ], [ 395108.240081383497454, 3782760.427263479214162 ], [ 395108.545269582886249, 3782760.122075279708952 ], [ 395108.850457782275043, 3782760.122075279708952 ], [ 395109.155645981663838, 3782759.816887080203742 ], [ 395111.291963377443608, 3782759.816887080203742 ], [ 395111.597151576832402, 3782759.511698881164193 ], [ 395113.733468972553965, 3782759.511698881164193 ], [ 395114.038657171942759, 3782759.816887080203742 ], [ 395114.038657171942759, 3782760.732451678719372 ], [ 395114.343845371331554, 3782761.03763987775892 ], [ 395114.343845371331554, 3782761.95320447627455 ], [ 395114.038657171942759, 3782762.258392675314099 ], [ 395114.038657171942759, 3782762.868769074324518 ], [ 395113.733468972553965, 3782763.173957273829728 ], [ 395113.733468972553965, 3782763.479145472869277 ], [ 395113.42828077316517, 3782763.784333672374487 ], [ 395113.42828077316517, 3782764.089521871879697 ], [ 395113.123092573776376, 3782764.089521871879697 ], [ 395112.512716174998786, 3782764.699898270424455 ], [ 395111.291963377443608, 3782764.699898270424455 ], [ 395110.986775178054813, 3782765.005086469929665 ], [ 395110.681586978607811, 3782764.699898270424455 ], [ 395108.850457782275043, 3782764.699898270424455 ], [ 395108.545269582886249, 3782765.005086469929665 ], [ 395106.714140386553481, 3782765.005086469929665 ], [ 395106.408952187164687, 3782765.310274669434875 ], [ 395106.408952187164687, 3782765.615462868940085 ], [ 395105.493387588998303, 3782765.615462868940085 ] ] ] } },
{ "type": "Feature", "properties": { "confidence": 0.29205694794654846, "class": 1, "regularized": null }, "geometry": { "type": "Polygon", "coordinates": [ [ [ 394805.798575788387097, 3782679.857578840106726 ], [ 394805.798575788387097, 3782679.247202441561967 ], [ 394805.493387588998303, 3782678.942014242056757 ], [ 394805.493387588998303, 3782678.636826042551547 ], [ 394805.188199389609508, 3782678.331637843511999 ], [ 394805.188199389609508, 3782675.890132248401642 ], [ 394805.493387588998303, 3782675.584944048896432 ], [ 394805.493387588998303, 3782673.448626653291285 ], [ 394805.188199389609508, 3782673.143438453786075 ], [ 394805.188199389609508, 3782672.227873855736107 ], [ 394805.493387588998303, 3782671.922685656230897 ], [ 394805.493387588998303, 3782671.312309257220477 ], [ 394805.188199389609508, 3782671.007121058180928 ], [ 394804.883011190220714, 3782671.007121058180928 ], [ 394804.883011190220714, 3782670.701932858675718 ], [ 394804.577822990831919, 3782670.396744659170508 ], [ 394804.883011190220714, 3782670.091556459665298 ], [ 394807.019328585942276, 3782670.091556459665298 ], [ 394807.32451678533107, 3782669.78636826062575 ], [ 394813.123092573776376, 3782669.78636826062575 ], [ 394813.42828077316517, 3782670.091556459665298 ], [ 394814.343845371331554, 3782670.091556459665298 ], [ 394814.343845371331554, 3782672.533062054775655 ], [ 394814.038657171942759, 3782672.838250254280865 ], [ 394814.038657171942759, 3782673.448626653291285 ], [ 394813.733468972553965, 3782673.753814852330834 ], [ 394813.733468972553965, 3782674.059003051836044 ], [ 394813.42828077316517, 3782674.364191251341254 ], [ 394813.42828077316517, 3782674.974567649886012 ], [ 394813.123092573776376, 3782675.279755849391222 ], [ 394813.123092573776376, 3782675.584944048896432 ], [ 394812.817904374387581, 3782675.890132248401642 ], [ 394812.817904374387581, 3782676.19532044744119 ], [ 394812.512716174998786, 3782676.5005086469464 ], [ 394812.512716174998786, 3782676.80569684645161 ], [ 394812.207527975609992, 3782677.11088504595682 ], [ 394812.207527975609992, 3782677.721261444501579 ], [ 394811.902339776221197, 3782678.026449644006789 ], [ 394811.902339776221197, 3782679.247202441561967 ], [ 394811.597151576832402, 3782679.247202441561967 ], [ 394811.291963377443608, 3782679.552390641067177 ], [ 394808.850457782275043, 3782679.552390641067177 ], [ 394808.545269582886249, 3782679.857578840106726 ], [ 394805.798575788387097, 3782679.857578840106726 ] ] ] } },
{ "type": "Feature", "properties": { "confidence": 0.29029276967048645, "class": 1, "regularized": null }, "geometry": { "type": "Polygon", "coordinates": [ [ [ 395042.319430315343197, 3782539.165818921755999 ], [ 395042.014242115954403, 3782538.860630722250789 ], [ 395041.709053916565608, 3782538.860630722250789 ], [ 395041.098677517788019, 3782538.250254323706031 ], [ 395041.098677517788019, 3782537.029501526150852 ], [ 395041.403865717176814, 3782536.724313326645643 ], [ 395041.403865717176814, 3782536.419125127140433 ], [ 395041.709053916565608, 3782536.419125127140433 ], [ 395043.84537131228717, 3782534.282807731535286 ], [ 395043.84537131228717, 3782533.672431332524866 ], [ 395044.150559511675965, 3782533.367243133485317 ], [ 395048.118006103788503, 3782533.367243133485317 ], [ 395048.423194303177297, 3782533.062054933980107 ], [ 395049.94913530012127, 3782533.062054933980107 ], [ 395050.254323499510065, 3782533.367243133485317 ], [ 395050.559511698898859, 3782533.367243133485317 ], [ 395050.559511698898859, 3782533.672431332524866 ], [ 395050.864699898287654, 3782533.977619532030076 ], [ 395050.864699898287654, 3782535.503560529090464 ], [ 395050.559511698898859, 3782535.808748728595674 ], [ 395050.559511698898859, 3782536.113936927635223 ], [ 395049.033570701954886, 3782537.639877924695611 ], [ 395048.118006103788503, 3782537.639877924695611 ], [ 395047.812817904399708, 3782537.945066124200821 ], [ 395046.897253306233324, 3782537.945066124200821 ], [ 395046.59206510684453, 3782538.250254323706031 ], [ 395045.981688708008733, 3782538.250254323706031 ], [ 395045.371312309231143, 3782538.860630722250789 ], [ 395044.45574771106476, 3782538.860630722250789 ], [ 395044.150559511675965, 3782539.165818921755999 ], [ 395042.319430315343197, 3782539.165818921755999 ] ] ] } },
{ "type": "Feature", "properties": { "confidence": 0.28963202238082886, "class": 1, "regularized": null }, "geometry": { "type": "Polygon", "coordinates": [ [ [ 395100.0, 3782771.108850457705557 ], [ 395099.389623601222411, 3782770.498474059160799 ], [ 395099.389623601222411, 3782769.582909460645169 ], [ 395099.084435401833616, 3782769.27772126160562 ], [ 395098.168870803667232, 3782769.27772126160562 ], [ 395097.863682604278438, 3782768.97253306210041 ], [ 395096.642929806723259, 3782768.97253306210041 ], [ 395096.337741607334465, 3782768.667344862595201 ], [ 395096.03255340794567, 3782768.667344862595201 ], [ 395096.03255340794567, 3782768.362156663089991 ], [ 395095.727365208556876, 3782768.056968464050442 ], [ 395095.727365208556876, 3782767.141403865534812 ], [ 395096.03255340794567, 3782766.836215666495264 ], [ 395096.03255340794567, 3782765.920651067979634 ], [ 395095.727365208556876, 3782765.615462868940085 ], [ 395095.727365208556876, 3782765.310274669434875 ], [ 395095.422177009168081, 3782765.005086469929665 ], [ 395096.03255340794567, 3782764.394710071384907 ], [ 395096.03255340794567, 3782763.784333672374487 ], [ 395096.337741607334465, 3782763.784333672374487 ], [ 395096.642929806723259, 3782763.479145472869277 ], [ 395097.558494404889643, 3782763.479145472869277 ], [ 395098.168870803667232, 3782764.089521871879697 ], [ 395098.168870803667232, 3782764.394710071384907 ], [ 395099.084435401833616, 3782765.310274669434875 ], [ 395099.389623601222411, 3782765.310274669434875 ], [ 395099.694811800611205, 3782765.615462868940085 ], [ 395100.0, 3782765.615462868940085 ], [ 395100.305188199388795, 3782765.920651067979634 ], [ 395100.305188199388795, 3782766.225839267484844 ], [ 395100.610376398777589, 3782766.531027466990054 ], [ 395100.610376398777589, 3782766.836215666495264 ], [ 395101.220752797555178, 3782767.446592065040022 ], [ 395101.220752797555178, 3782768.056968464050442 ], [ 395102.746693794499151, 3782769.582909460645169 ], [ 395102.746693794499151, 3782769.888097660150379 ], [ 395102.441505595110357, 3782770.193285859655589 ], [ 395101.831129196332768, 3782770.193285859655589 ], [ 395101.220752797555178, 3782770.803662258200347 ], [ 395100.915564598166384, 3782770.803662258200347 ], [ 395100.610376398777589, 3782771.108850457705557 ], [ 395100.0, 3782771.108850457705557 ] ] ] } },
{ "type": "Feature", "properties": { "confidence": 0.2819766104221344, "class": 1, "regularized": "rectangle" }, "geometry": { "type": "Polygon", "coordinates": [ [ [ 394934.59375, 3782682.0 ], [ 394934.59375, 3782672.5 ], [ 394955.03125, 3782672.5 ], [ 394955.03125, 3782682.0 ], [ 394934.59375, 3782682.0 ] ] ] } },
{ "type": "Feature", "properties": { "confidence": 0.28002288937568665, "class": 1, "regularized": null }, "geometry": { "type": "Polygon", "coordinates": [ [ [ 394860.732451678544749, 3782537.029501526150852 ], [ 394860.732451678544749, 3782534.282807731535286 ], [ 394863.4791454730439, 3782534.282807731535286 ], [ 394863.784333672432695, 3782533.977619532030076 ], [ 394865.615462868765462, 3782533.977619532030076 ], [ 394865.920651068154257, 3782534.282807731535286 ], [ 394865.920651068154257, 3782536.724313326645643 ], [ 394865.615462868765462, 3782536.724313326645643 ], [ 394865.310274669376668, 3782537.029501526150852 ], [ 394860.732451678544749, 3782537.029501526150852 ] ] ] } },
{ "type": "Feature", "properties": { "confidence": 0.27636507153511047, "class": 1, "regularized": null }, "geometry": { "type": "Polygon", "coordinates": [ [ [ 394955.6459816886927, 3782558.697863682638854 ], [ 394955.035605289915111, 3782558.087487283628434 ], [ 394954.730417090526316, 3782558.087487283628434 ], [ 394954.425228891137522, 3782557.782299084588885 ], [ 394954.425228891137522, 3782557.477110885083675 ], [ 394954.120040691748727, 3782557.171922685578465 ], [ 394953.509664292971138, 3782557.171922685578465 ], [ 394952.899287894193549, 3782557.782299084588885 ], [ 394952.899287894193549, 3782557.171922685578465 ], [ 394952.594099694804754, 3782556.866734486073256 ], [ 394952.594099694804754, 3782555.340793489478528 ], [ 394952.899287894193549, 3782555.035605289973319 ], [ 394952.899287894193549, 3782554.425228890962899 ], [ 394953.509664292971138, 3782554.425228890962899 ], [ 394953.814852492359933, 3782554.730417090468109 ], [ 394954.730417090526316, 3782554.730417090468109 ], [ 394955.035605289915111, 3782554.425228890962899 ], [ 394955.035605289915111, 3782554.12004069192335 ], [ 394955.340793489303906, 3782553.81485249241814 ], [ 394955.951169888081495, 3782553.81485249241814 ], [ 394955.951169888081495, 3782558.697863682638854 ], [ 394955.6459816886927, 3782558.697863682638854 ] ] ] } },
{ "type": "Feature", "properties": { "confidence": 0.27628436684608459, "class": 1, "regularized": null }, "geometry": { "type": "Polygon", "coordinates": [ [ [ 395096.948118006112054, 3782531.230925737414509 ], [ 395096.948118006112054, 3782530.62054933886975 ], [ 395096.642929806723259, 3782530.315361139364541 ], [ 395096.642929806723259, 3782529.094608341809362 ], [ 395096.948118006112054, 3782528.789420142304152 ], [ 395101.220752797555178, 3782528.789420142304152 ], [ 395101.525940996943973, 3782528.484231942798942 ], [ 395103.662258392665535, 3782528.484231942798942 ], [ 395103.96744659205433, 3782528.179043743759394 ], [ 395106.714140386553481, 3782528.179043743759394 ], [ 395107.019328585942276, 3782528.484231942798942 ], [ 395107.019328585942276, 3782529.704984740819782 ], [ 395106.714140386553481, 3782530.010172939859331 ], [ 395106.408952187164687, 3782530.010172939859331 ], [ 395105.798575788387097, 3782530.62054933886975 ], [ 395105.798575788387097, 3782531.230925737414509 ], [ 395096.948118006112054, 3782531.230925737414509 ] ] ] } },
{ "type": "Feature", "properties": { "confidence": 0.27537640929222107, "class": 1, "regularized": null }, "geometry": { "type": "Polygon", "coordinates": [ [ [ 395173.550356052874122, 3782560.223804679699242 ], [ 395173.245167853485327, 3782559.918616480194032 ], [ 395173.245167853485327, 3782559.613428280688822 ], [ 395172.939979654096533, 3782559.308240081183612 ], [ 395172.939979654096533, 3782558.392675483133644 ], [ 395172.634791454707738, 3782558.087487283628434 ], [ 395172.634791454707738, 3782557.782299084588885 ], [ 395172.329603255318943, 3782557.477110885083675 ], [ 395172.329603255318943, 3782556.561546287033707 ], [ 395172.024415055930149, 3782556.256358087528497 ], [ 395171.719226856541354, 3782556.256358087528497 ], [ 395171.41403865715256, 3782555.951169888023287 ], [ 395174.465920651040506, 3782555.951169888023287 ], [ 395174.7711088504293, 3782555.645981688518077 ], [ 395175.381485249265097, 3782555.645981688518077 ], [ 395175.686673448653892, 3782555.340793489478528 ], [ 395177.212614445597865, 3782555.340793489478528 ], [ 395177.517802644986659, 3782555.645981688518077 ], [ 395177.517802644986659, 3782555.951169888023287 ], [ 395178.128179043764248, 3782556.561546287033707 ], [ 395178.128179043764248, 3782557.171922685578465 ], [ 395178.433367243153043, 3782557.477110885083675 ], [ 395178.433367243153043, 3782559.308240081183612 ], [ 395178.128179043764248, 3782559.613428280688822 ], [ 395177.822990844375454, 3782559.613428280688822 ], [ 395177.517802644986659, 3782559.918616480194032 ], [ 395176.297049847431481, 3782559.918616480194032 ], [ 395175.991861648042686, 3782560.223804679699242 ], [ 395173.550356052874122, 3782560.223804679699242 ] ] ] } },
{ "type": "Feature", "properties": { "confidence": 0.26978665590286255, "class": 1, "regularized": null }, "geometry": { "type": "Polygon", "coordinates": [ [ [ 395081.383519837225322, 3782532.756866734474897 ], [ 395081.078331637836527, 3782532.451678534969687 ], [ 395081.078331637836527, 3782531.230925737414509 ], [ 395080.773143438447732, 3782530.92573753837496 ], [ 395080.773143438447732, 3782529.399796541314572 ], [ 395081.383519837225322, 3782528.789420142304152 ], [ 395081.383519837225322, 3782528.484231942798942 ], [ 395081.993896236002911, 3782527.873855544254184 ], [ 395081.993896236002911, 3782527.568667344748974 ], [ 395082.299084435391705, 3782527.568667344748974 ], [ 395082.6042726347805, 3782527.263479145243764 ], [ 395082.6042726347805, 3782526.042726347688586 ], [ 395084.435401831113268, 3782526.042726347688586 ], [ 395084.740590030502062, 3782526.347914547193795 ], [ 395084.740590030502062, 3782526.958290946204215 ], [ 395085.045778229890857, 3782527.263479145243764 ], [ 395085.045778229890857, 3782527.568667344748974 ], [ 395085.350966429279651, 3782527.873855544254184 ], [ 395085.350966429279651, 3782528.179043743759394 ], [ 395085.656154628668446, 3782528.484231942798942 ], [ 395085.656154628668446, 3782528.789420142304152 ], [ 395085.961342828057241, 3782529.094608341809362 ], [ 395086.266531027446035, 3782529.094608341809362 ], [ 395086.57171922683483, 3782529.399796541314572 ], [ 395088.708036622556392, 3782529.399796541314572 ], [ 395089.013224821945187, 3782529.704984740819782 ], [ 395089.013224821945187, 3782530.92573753837496 ], [ 395088.708036622556392, 3782531.230925737414509 ], [ 395088.708036622556392, 3782532.146490335930139 ], [ 395088.402848423167598, 3782532.146490335930139 ], [ 395088.097660223778803, 3782532.451678534969687 ], [ 395085.961342828057241, 3782532.451678534969687 ], [ 395085.656154628668446, 3782532.756866734474897 ], [ 395081.383519837225322, 3782532.756866734474897 ] ] ] } },
{ "type": "Feature", "properties": { "confidence": 0.26704010367393494, "class": 1, "regularized": null }, "geometry": { "type": "Polygon", "coordinates": [ [ [ 395116.480162767053116, 3782736.927772126160562 ], [ 395116.174974567664322, 3782736.622583926655352 ], [ 395116.174974567664322, 3782736.317395727150142 ], [ 395115.869786368275527, 3782736.012207528110594 ], [ 395115.869786368275527, 3782734.791454730555415 ], [ 395116.174974567664322, 3782734.486266531050205 ], [ 395116.174974567664322, 3782733.265513733495027 ], [ 395116.480162767053116, 3782732.960325533989817 ], [ 395116.480162767053116, 3782731.739572736434639 ], [ 395116.785350966441911, 3782731.739572736434639 ], [ 395117.090539165830705, 3782731.434384536929429 ], [ 395117.090539165830705, 3782730.51881993887946 ], [ 395117.700915564608295, 3782729.908443540334702 ], [ 395117.700915564608295, 3782729.603255340829492 ], [ 395118.006103763997089, 3782729.298067141324282 ], [ 395118.006103763997089, 3782728.687690742779523 ], [ 395118.311291963385884, 3782728.687690742779523 ], [ 395118.616480162774678, 3782728.382502543274313 ], [ 395118.616480162774678, 3782727.772126144263893 ], [ 395121.668362156662624, 3782727.772126144263893 ], [ 395121.973550356051419, 3782728.077314343769103 ], [ 395121.973550356051419, 3782730.82400813838467 ], [ 395122.278738555440214, 3782731.12919633788988 ], [ 395122.278738555440214, 3782731.434384536929429 ], [ 395122.583926754829008, 3782731.739572736434639 ], [ 395122.889114954217803, 3782731.739572736434639 ], [ 395122.889114954217803, 3782732.349949135445058 ], [ 395123.194303153606597, 3782732.655137334484607 ], [ 395123.194303153606597, 3782732.960325533989817 ], [ 395123.499491352995392, 3782733.265513733495027 ], [ 395123.194303153606597, 3782733.570701933000237 ], [ 395122.889114954217803, 3782733.570701933000237 ], [ 395120.447609359107446, 3782736.012207528110594 ], [ 395120.142421159718651, 3782736.012207528110594 ], [ 395119.532044760941062, 3782736.622583926655352 ], [ 395118.616480162774678, 3782736.622583926655352 ], [ 395118.311291963385884, 3782736.927772126160562 ], [ 395116.480162767053116, 3782736.927772126160562 ] ] ] } },
{ "type": "Feature", "properties": { "confidence": 0.26609829068183899, "class": 1, "regularized": null }, "geometry": { "type": "Polygon", "coordinates": [ [ [ 395261.139369277749211, 3782822.99084435403347 ], [ 395260.834181078360416, 3782822.68565615452826 ], [ 395260.223804679524619, 3782822.68565615452826 ], [ 395260.223804679524619, 3782822.38046795502305 ], [ 395259.918616480135825, 3782822.075279755983502 ], [ 395259.918616480135825, 3782821.159715157467872 ], [ 395260.223804679524619, 3782820.854526958428323 ], [ 395260.223804679524619, 3782816.581892166752368 ], [ 395260.528992878913414, 3782816.276703967247158 ], [ 395260.528992878913414, 3782815.36113936919719 ], [ 395261.7497456765268, 3782814.140386571642011 ], [ 395261.7497456765268, 3782813.835198372136801 ], [ 395262.054933875915594, 3782813.530010173097253 ], [ 395262.360122075304389, 3782813.530010173097253 ], [ 395263.275686673470773, 3782812.614445574581623 ], [ 395263.580874872859567, 3782812.614445574581623 ], [ 395263.886063072248362, 3782812.309257375542074 ], [ 395263.886063072248362, 3782812.004069176036865 ], [ 395264.191251271637157, 3782811.698880976531655 ], [ 395266.327568667358719, 3782811.698880976531655 ], [ 395266.327568667358719, 3782814.750762970652431 ], [ 395266.022380467969924, 3782815.05595116969198 ], [ 395266.022380467969924, 3782815.6663275687024 ], [ 395265.71719226858113, 3782815.97151576820761 ], [ 395265.71719226858113, 3782816.581892166752368 ], [ 395265.412004069192335, 3782816.887080366257578 ], [ 395265.412004069192335, 3782818.413021363317966 ], [ 395265.10681586980354, 3782818.718209562357515 ], [ 395265.10681586980354, 3782820.854526958428323 ], [ 395264.801627670414746, 3782821.159715157467872 ], [ 395264.801627670414746, 3782821.770091556478292 ], [ 395264.496439471025951, 3782822.075279755983502 ], [ 395264.496439471025951, 3782822.38046795502305 ], [ 395264.191251271637157, 3782822.38046795502305 ], [ 395263.886063072248362, 3782822.68565615452826 ], [ 395263.580874872859567, 3782822.68565615452826 ], [ 395263.275686673470773, 3782822.99084435403347 ], [ 395261.139369277749211, 3782822.99084435403347 ] ] ] } },
{ "type": "Feature", "properties": { "confidence": 0.26607140898704529, "class": 1, "regularized": null }, "geometry": { "type": "Polygon", "coordinates": [ [ [ 394879.043743641930632, 3782728.687690742779523 ], [ 394878.738555442541838, 3782728.382502543274313 ], [ 394878.128179043764248, 3782728.382502543274313 ], [ 394878.128179043764248, 3782726.856561546213925 ], [ 394888.19938962359447, 3782726.856561546213925 ], [ 394888.19938962359447, 3782727.161749745719135 ], [ 394888.504577822983265, 3782727.466937945224345 ], [ 394889.114954221760854, 3782727.466937945224345 ], [ 394889.114954221760854, 3782727.772126144263893 ], [ 394889.420142421149649, 3782728.077314343769103 ], [ 394890.640895218704827, 3782728.077314343769103 ], [ 394890.335707019316033, 3782728.382502543274313 ], [ 394889.420142421149649, 3782728.382502543274313 ], [ 394889.114954221760854, 3782728.687690742779523 ], [ 394879.043743641930632, 3782728.687690742779523 ] ] ] } },
{ "type": "Feature", "properties": { "confidence": 0.26265475153923035, "class": 1, "regularized": null }, "geometry": { "type": "Polygon", "coordinates": [ [ [ 395268.769074262469076, 3782882.807731434237212 ], [ 395268.769074262469076, 3782873.346897253300995 ], [ 395269.684638860635459, 3782873.346897253300995 ], [ 395269.684638860635459, 3782873.652085452806205 ], [ 395269.989827060024254, 3782873.957273652311414 ], [ 395269.989827060024254, 3782875.483214648906142 ], [ 395270.295015259413049, 3782875.788402848411351 ], [ 395270.295015259413049, 3782881.281790437642485 ], [ 395269.989827060024254, 3782881.586978636682034 ], [ 395269.989827060024254, 3782882.807731434237212 ], [ 395268.769074262469076, 3782882.807731434237212 ] ] ] } },
{ "type": "Feature", "properties": { "confidence": 0.25904443860054016, "class": 1, "regularized": null }, "geometry": { "type": "Polygon", "coordinates": [ [ [ 395212.614445574756246, 3782742.726347914431244 ], [ 395212.309257375367451, 3782742.421159714926034 ], [ 395212.309257375367451, 3782742.115971515886486 ], [ 395212.004069175978657, 3782741.810783316381276 ], [ 395212.004069175978657, 3782740.895218718331307 ], [ 395212.309257375367451, 3782740.590030518826097 ], [ 395212.309257375367451, 3782739.064089521765709 ], [ 395212.004069175978657, 3782738.758901322260499 ], [ 395212.004069175978657, 3782738.45371312322095 ], [ 395211.698880976589862, 3782738.14852492371574 ], [ 395211.698880976589862, 3782736.927772126160562 ], [ 395211.393692777201068, 3782736.622583926655352 ], [ 395211.393692777201068, 3782735.707019328605384 ], [ 395211.698880976589862, 3782735.707019328605384 ], [ 395212.309257375367451, 3782735.096642929594964 ], [ 395212.614445574756246, 3782735.096642929594964 ], [ 395212.919633774145041, 3782734.791454730555415 ], [ 395213.53001017292263, 3782734.791454730555415 ], [ 395213.835198372311424, 3782734.486266531050205 ], [ 395215.055951169866603, 3782734.486266531050205 ], [ 395215.361139369255397, 3782734.181078331544995 ], [ 395216.276703967421781, 3782734.181078331544995 ], [ 395216.581892166810576, 3782733.875890132039785 ], [ 395216.88708036619937, 3782734.181078331544995 ], [ 395217.192268565588165, 3782734.181078331544995 ], [ 395217.192268565588165, 3782735.707019328605384 ], [ 395216.88708036619937, 3782736.012207528110594 ], [ 395216.88708036619937, 3782736.317395727150142 ], [ 395216.276703967421781, 3782736.927772126160562 ], [ 395216.276703967421781, 3782739.064089521765709 ], [ 395216.88708036619937, 3782739.674465920776129 ], [ 395216.88708036619937, 3782739.979654119815677 ], [ 395217.49745676497696, 3782740.590030518826097 ], [ 395217.49745676497696, 3782740.895218718331307 ], [ 395217.192268565588165, 3782741.200406917370856 ], [ 395217.192268565588165, 3782741.810783316381276 ], [ 395216.88708036619937, 3782742.115971515886486 ], [ 395216.581892166810576, 3782742.115971515886486 ], [ 395216.276703967421781, 3782742.421159714926034 ], [ 395215.666327568644192, 3782742.421159714926034 ], [ 395215.361139369255397, 3782742.726347914431244 ], [ 395212.614445574756246, 3782742.726347914431244 ] ] ] } },
{ "type": "Feature", "properties": { "confidence": 0.25895264744758606, "class": 1, "regularized": null }, "geometry": { "type": "Polygon", "coordinates": [ [ [ 394954.425228891137522, 3782732.960325533989817 ], [ 394954.120040691748727, 3782732.655137334484607 ], [ 394953.814852492359933, 3782732.655137334484607 ], [ 394953.814852492359933, 3782729.298067141324282 ], [ 394954.120040691748727, 3782728.992878941819072 ], [ 394954.425228891137522, 3782728.992878941819072 ], [ 394955.035605289915111, 3782728.382502543274313 ], [ 394955.035605289915111, 3782728.077314343769103 ], [ 394955.951169888081495, 3782728.077314343769103 ], [ 394955.951169888081495, 3782732.960325533989817 ], [ 394954.425228891137522, 3782732.960325533989817 ] ] ] } },
{ "type": "Feature", "properties": { "confidence": 0.25881305336952209, "class": 1, "regularized": null }, "geometry": { "type": "Polygon", "coordinates": [ [ [ 395335.300101729400922, 3782631.332655137404799 ], [ 395334.994913530012127, 3782631.02746693789959 ], [ 395334.689725330623332, 3782631.02746693789959 ], [ 395334.689725330623332, 3782629.501525940839201 ], [ 395334.994913530012127, 3782629.196337741799653 ], [ 395334.994913530012127, 3782627.365208545234054 ], [ 395335.300101729400922, 3782627.060020345728844 ], [ 395335.300101729400922, 3782626.449643947184086 ], [ 395335.605289928789716, 3782626.144455747678876 ], [ 395335.605289928789716, 3782625.839267548173666 ], [ 395335.910478128178511, 3782625.534079349134117 ], [ 395336.826042726344895, 3782625.534079349134117 ], [ 395337.131230925733689, 3782625.228891149628907 ], [ 395338.046795523900073, 3782625.228891149628907 ], [ 395339.267548321455251, 3782626.449643947184086 ], [ 395339.877924720232841, 3782626.449643947184086 ], [ 395340.183112919621635, 3782626.754832146689296 ], [ 395340.183112919621635, 3782627.060020345728844 ], [ 395340.48830111901043, 3782627.365208545234054 ], [ 395340.48830111901043, 3782628.280773143284023 ], [ 395340.183112919621635, 3782628.585961342789233 ], [ 395340.183112919621635, 3782629.196337741799653 ], [ 395339.572736520844046, 3782629.806714140344411 ], [ 395339.267548321455251, 3782629.806714140344411 ], [ 395338.657171922677662, 3782630.417090539354831 ], [ 395338.351983723288868, 3782630.417090539354831 ], [ 395338.046795523900073, 3782630.72227873839438 ], [ 395337.741607324511278, 3782630.72227873839438 ], [ 395337.436419125122484, 3782631.02746693789959 ], [ 395336.215666327567305, 3782631.02746693789959 ], [ 395335.910478128178511, 3782631.332655137404799 ], [ 395335.300101729400922, 3782631.332655137404799 ] ] ] } },
{ "type": "Feature", "properties": { "confidence": 0.25877878069877625, "class": 1, "regularized": null }, "geometry": { "type": "Polygon", "coordinates": [ [ [ 395246.185147507640067, 3782730.51881993887946 ], [ 395245.879959308251273, 3782730.21363173937425 ], [ 395245.574771108862478, 3782730.21363173937425 ], [ 395245.269582909473684, 3782729.908443540334702 ], [ 395244.964394710084889, 3782729.908443540334702 ], [ 395244.659206510696094, 3782729.603255340829492 ], [ 395243.743641912529711, 3782729.603255340829492 ], [ 395243.743641912529711, 3782727.466937945224345 ], [ 395244.3540183113073, 3782727.466937945224345 ], [ 395244.659206510696094, 3782727.161749745719135 ], [ 395244.659206510696094, 3782726.856561546213925 ], [ 395247.100712105806451, 3782726.856561546213925 ], [ 395247.100712105806451, 3782727.161749745719135 ], [ 395247.405900305195246, 3782727.466937945224345 ], [ 395247.405900305195246, 3782729.603255340829492 ], [ 395246.490335707028862, 3782730.51881993887946 ], [ 395246.185147507640067, 3782730.51881993887946 ] ] ] } },
{ "type": "Feature", "properties": { "confidence": 0.2577207088470459, "class": 1, "regularized": null }, "geometry": { "type": "Polygon", "coordinates": [ [ [ 395160.732451678544749, 3782557.477110885083675 ], [ 395160.427263479155954, 3782557.171922685578465 ], [ 395160.122075279767159, 3782557.171922685578465 ], [ 395160.122075279767159, 3782556.866734486073256 ], [ 395159.816887080378365, 3782556.561546287033707 ], [ 395159.816887080378365, 3782555.340793489478528 ], [ 395160.732451678544749, 3782554.425228890962899 ], [ 395161.342828077322338, 3782554.425228890962899 ], [ 395161.648016276711132, 3782554.12004069192335 ], [ 395161.953204476099927, 3782554.12004069192335 ], [ 395162.258392675488722, 3782553.81485249241814 ], [ 395164.089521871821489, 3782553.81485249241814 ], [ 395164.394710071210284, 3782554.12004069192335 ], [ 395164.699898270599078, 3782554.12004069192335 ], [ 395165.005086469987873, 3782554.425228890962899 ], [ 395165.310274669376668, 3782554.425228890962899 ], [ 395165.615462868765462, 3782554.730417090468109 ], [ 395165.615462868765462, 3782555.340793489478528 ], [ 395165.310274669376668, 3782555.645981688518077 ], [ 395165.310274669376668, 3782555.951169888023287 ], [ 395165.005086469987873, 3782556.256358087528497 ], [ 395165.005086469987873, 3782556.561546287033707 ], [ 395164.394710071210284, 3782557.171922685578465 ], [ 395164.089521871821489, 3782557.171922685578465 ], [ 395163.784333672432695, 3782557.477110885083675 ], [ 395160.732451678544749, 3782557.477110885083675 ] ] ] } },
{ "type": "Feature", "properties": { "confidence": 0.25702288746833801, "class": 1, "regularized": null }, "geometry": { "type": "Polygon", "coordinates": [ [ [ 395376.195320447615813, 3782941.098677517846227 ], [ 395375.890132248227019, 3782940.793489318341017 ], [ 395375.890132248227019, 3782939.267548321280628 ], [ 395376.500508647004608, 3782938.65717192273587 ], [ 395376.805696846393403, 3782938.65717192273587 ], [ 395377.110885045782197, 3782938.35198372323066 ], [ 395377.416073245170992, 3782938.35198372323066 ], [ 395377.721261444559786, 3782938.04679552372545 ], [ 395378.026449643948581, 3782938.04679552372545 ], [ 395378.331637843337376, 3782937.741607324685901 ], [ 395378.942014242114965, 3782937.741607324685901 ], [ 395379.247202441503759, 3782937.436419125180691 ], [ 395379.552390640892554, 3782937.436419125180691 ], [ 395379.857578840281349, 3782937.131230925675482 ], [ 395381.383519837225322, 3782937.131230925675482 ], [ 395381.078331637836527, 3782937.436419125180691 ], [ 395381.078331637836527, 3782937.741607324685901 ], [ 395380.467955239058938, 3782938.35198372323066 ], [ 395380.467955239058938, 3782938.65717192273587 ], [ 395379.857578840281349, 3782939.267548321280628 ], [ 395379.857578840281349, 3782939.877924720291048 ], [ 395379.552390640892554, 3782939.877924720291048 ], [ 395378.942014242114965, 3782940.488301118835807 ], [ 395378.331637843337376, 3782940.488301118835807 ], [ 395378.026449643948581, 3782940.793489318341017 ], [ 395377.416073245170992, 3782940.793489318341017 ], [ 395377.110885045782197, 3782941.098677517846227 ], [ 395376.195320447615813, 3782941.098677517846227 ] ] ] } },
{ "type": "Feature", "properties": { "confidence": 0.25323140621185303, "class": 1, "regularized": null }, "geometry": { "type": "Polygon", "coordinates": [ [ [ 394979.450661241076887, 3782656.968463886063546 ], [ 394979.145473041688092, 3782656.663275686558336 ], [ 394979.145473041688092, 3782654.526958290953189 ], [ 394979.450661241076887, 3782654.221770091447979 ], [ 394979.450661241076887, 3782653.916581891942769 ], [ 394982.50254323502304, 3782653.916581891942769 ], [ 394982.807731434411835, 3782654.221770091447979 ], [ 394983.11291963380063, 3782654.221770091447979 ], [ 394983.11291963380063, 3782655.442522889003158 ], [ 394982.807731434411835, 3782655.747711088508368 ], [ 394982.807731434411835, 3782656.052899288013577 ], [ 394982.197355035634246, 3782656.663275686558336 ], [ 394981.586978636798449, 3782656.663275686558336 ], [ 394981.281790437409654, 3782656.968463886063546 ], [ 394979.450661241076887, 3782656.968463886063546 ] ] ] } },
{ "type": "Feature", "properties": { "confidence": 0.25307098031044006, "class": 1, "regularized": null }, "geometry": { "type": "Polygon", "coordinates": [ [ [ 394920.549338758923113, 3782781.180061037652194 ], [ 394920.244150559534319, 3782780.874872838146985 ], [ 394920.244150559534319, 3782780.569684638641775 ], [ 394919.938962360145524, 3782780.264496439602226 ], [ 394919.63377416075673, 3782780.264496439602226 ], [ 394919.328585961367935, 3782779.959308240097016 ], [ 394919.328585961367935, 3782776.602238046936691 ], [ 394919.02339776197914, 3782776.297049847431481 ], [ 394919.02339776197914, 3782775.991861647926271 ], [ 394918.718209562590346, 3782775.686673448421061 ], [ 394918.718209562590346, 3782774.771108850371093 ], [ 394918.413021363201551, 3782774.465920650865883 ], [ 394918.413021363201551, 3782773.855544252321124 ], [ 394918.718209562590346, 3782773.550356052815914 ], [ 394918.718209562590346, 3782769.888097660150379 ], [ 394919.02339776197914, 3782769.582909460645169 ], [ 394919.02339776197914, 3782769.27772126160562 ], [ 394920.854526958311908, 3782769.27772126160562 ], [ 394921.159715157700703, 3782769.582909460645169 ], [ 394921.464903357089497, 3782769.582909460645169 ], [ 394922.075279755867086, 3782770.193285859655589 ], [ 394922.075279755867086, 3782770.498474059160799 ], [ 394922.380467955255881, 3782770.803662258200347 ], [ 394922.685656154644676, 3782770.803662258200347 ], [ 394922.685656154644676, 3782771.719226856715977 ], [ 394922.99084435403347, 3782772.024415055755526 ], [ 394923.601220752811059, 3782772.024415055755526 ], [ 394923.906408952199854, 3782772.329603255260736 ], [ 394923.906408952199854, 3782772.634791454765946 ], [ 394924.211597151588649, 3782772.939979654271156 ], [ 394924.211597151588649, 3782773.550356052815914 ], [ 394924.516785350977443, 3782773.855544252321124 ], [ 394924.516785350977443, 3782776.907426245976239 ], [ 394923.906408952199854, 3782777.517802644986659 ], [ 394923.906408952199854, 3782777.822990844491869 ], [ 394923.601220752811059, 3782777.822990844491869 ], [ 394923.296032553422265, 3782778.128179043531418 ], [ 394923.296032553422265, 3782778.433367243036628 ], [ 394922.380467955255881, 3782779.348931841086596 ], [ 394922.380467955255881, 3782779.654120040591806 ], [ 394922.075279755867086, 3782779.959308240097016 ], [ 394922.075279755867086, 3782780.264496439602226 ], [ 394921.464903357089497, 3782780.874872838146985 ], [ 394921.464903357089497, 3782781.180061037652194 ], [ 394920.549338758923113, 3782781.180061037652194 ] ] ] } },
{ "type": "Feature", "properties": { "confidence": 0.25253269076347351, "class": 1, "regularized": null }, "geometry": { "type": "Polygon", "coordinates": [ [ [ 395122.278738555440214, 3782455.849440488498658 ], [ 395121.973550356051419, 3782455.544252288993448 ], [ 395121.973550356051419, 3782455.239064089488238 ], [ 395121.668362156662624, 3782454.933875889983028 ], [ 395121.668362156662624, 3782452.492370294872671 ], [ 395121.973550356051419, 3782452.187182095833123 ], [ 395121.973550356051419, 3782451.881993896327913 ], [ 395122.583926754829008, 3782451.271617497317493 ], [ 395125.635808748716954, 3782451.271617497317493 ], [ 395125.940996948105749, 3782451.576805696822703 ], [ 395125.940996948105749, 3782454.933875889983028 ], [ 395125.635808748716954, 3782455.239064089488238 ], [ 395125.635808748716954, 3782455.544252288993448 ], [ 395125.33062054932816, 3782455.544252288993448 ], [ 395125.025432349939365, 3782455.849440488498658 ], [ 395122.278738555440214, 3782455.849440488498658 ] ] ] } },
{ "type": "Feature", "properties": { "confidence": 0.2511710524559021, "class": 1, "regularized": null }, "geometry": { "type": "Polygon", "coordinates": [ [ [ 395077.721261444559786, 3782774.465920650865883 ], [ 395077.416073245170992, 3782774.160732451826334 ], [ 395076.500508647004608, 3782774.160732451826334 ], [ 395076.195320447615813, 3782773.855544252321124 ], [ 395075.890132248227019, 3782773.855544252321124 ], [ 395075.27975584944943, 3782773.245167853310704 ], [ 395075.27975584944943, 3782772.939979654271156 ], [ 395074.974567650060635, 3782772.634791454765946 ], [ 395074.974567650060635, 3782772.329603255260736 ], [ 395074.66937945067184, 3782772.024415055755526 ], [ 395074.66937945067184, 3782771.414038657210767 ], [ 395074.364191251283046, 3782771.108850457705557 ], [ 395074.66937945067184, 3782770.803662258200347 ], [ 395074.66937945067184, 3782769.888097660150379 ], [ 395075.584944048838224, 3782768.97253306210041 ], [ 395077.721261444559786, 3782771.108850457705557 ], [ 395078.026449643948581, 3782771.108850457705557 ], [ 395078.331637843337376, 3782771.414038657210767 ], [ 395078.63682604272617, 3782771.414038657210767 ], [ 395079.247202441503759, 3782772.024415055755526 ], [ 395079.552390640892554, 3782772.024415055755526 ], [ 395079.552390640892554, 3782772.329603255260736 ], [ 395079.857578840281349, 3782772.634791454765946 ], [ 395079.857578840281349, 3782773.855544252321124 ], [ 395079.247202441503759, 3782774.465920650865883 ], [ 395077.721261444559786, 3782774.465920650865883 ] ] ] } }
]
}
