variable,coefficient
Fence_ratios_std,0.008717563956675846
Sand_ratios_std,0.00800406108429032
Service Lane_ratios_std,0.005981766419917981
Bike Rack_ratios_mean,-0.003812504431264813
Curb_ratios_std,0.0025522885961276904
Bird_ratios_mean,0.0018908675209531088
Guard Rail_counts_std,0.0008843144005778837
Traffic Sign Frame_counts_mean,0.000644895783307271
Bike Rack_counts_mean,-0.0002030233400109902
Fence_counts_std,0.00018269608683331808
Utility Pole_counts_std,0.0001692836320995672
