{
"type": "FeatureCollection",
"name": "cell_00365_pre",
"crs": { "type": "name", "properties": { "name": "urn:ogc:def:crs:EPSG::32611" } },
"features": [
{ "type": "Feature", "properties": { "confidence": 0.99952507019042969, "class": 1, "regularized": null }, "geometry": { "type": "Polygon", "coordinates": [ [ [ 395965.818921668338589, 3783324.109867751598358 ], [ 395965.513733468949795, 3783323.80467955255881 ], [ 395961.85147507628426, 3783323.80467955255881 ], [ 395961.85147507628426, 3783323.4994913530536 ], [ 395961.546286876895465, 3783323.19430315354839 ], [ 395961.546286876895465, 3783322.278738555498421 ], [ 395961.85147507628426, 3783321.973550355993211 ], [ 395961.85147507628426, 3783316.174974567722529 ], [ 395969.481180061062332, 3783316.174974567722529 ], [ 395970.091556459839921, 3783316.785350966267288 ], [ 395970.396744659228716, 3783316.785350966267288 ], [ 395970.396744659228716, 3783317.090539165772498 ], [ 395970.701932858617511, 3783317.395727365277708 ], [ 395970.701932858617511, 3783317.700915564782917 ], [ 395971.007121058006305, 3783318.006103763822466 ], [ 395971.007121058006305, 3783318.616480162832886 ], [ 395971.3123092573951, 3783318.921668362338096 ], [ 395971.3123092573951, 3783321.668362156488001 ], [ 395971.007121058006305, 3783321.973550355993211 ], [ 395971.007121058006305, 3783323.19430315354839 ], [ 395970.396744659228716, 3783323.80467955255881 ], [ 395967.344862665282562, 3783323.80467955255881 ], [ 395967.039674465893768, 3783324.109867751598358 ], [ 395965.818921668338589, 3783324.109867751598358 ] ] ] } },
{ "type": "Feature", "properties": { "confidence": 0.99940121173858643, "class": 1, "regularized": null }, "geometry": { "type": "Polygon", "coordinates": [ [ [ 395780.8748728382634, 3783463.886063072364777 ], [ 395780.569684638874605, 3783463.580874872859567 ], [ 395779.959308240097016, 3783463.580874872859567 ], [ 395779.654120040708221, 3783463.275686673354357 ], [ 395779.654120040708221, 3783462.970498473849148 ], [ 395779.348931841319427, 3783462.665310274809599 ], [ 395779.348931841319427, 3783458.087487283628434 ], [ 395779.654120040708221, 3783457.782299084588885 ], [ 395779.654120040708221, 3783456.866734486073256 ], [ 395786.978636826039292, 3783456.866734486073256 ], [ 395787.283825025428087, 3783456.561546287033707 ], [ 395788.19938962359447, 3783456.561546287033707 ], [ 395788.504577822983265, 3783456.866734486073256 ], [ 395789.725330620538443, 3783456.866734486073256 ], [ 395789.725330620538443, 3783457.171922685578465 ], [ 395790.030518819927238, 3783457.477110885083675 ], [ 395790.335707019316033, 3783457.477110885083675 ], [ 395790.335707019316033, 3783462.360122075304389 ], [ 395790.030518819927238, 3783462.360122075304389 ], [ 395789.725330620538443, 3783462.665310274809599 ], [ 395789.725330620538443, 3783462.970498473849148 ], [ 395789.114954221760854, 3783463.580874872859567 ], [ 395788.80976602237206, 3783463.580874872859567 ], [ 395788.504577822983265, 3783463.886063072364777 ], [ 395780.8748728382634, 3783463.886063072364777 ] ] ] } },
{ "type": "Feature", "properties": { "confidence": 0.99938726425170898, "class": 1, "regularized": null }, "geometry": { "type": "Polygon", "coordinates": [ [ [ 395864.191251271637157, 3783477.924720244016498 ], [ 395863.886063072248362, 3783477.61953204497695 ], [ 395863.886063072248362, 3783477.00915564596653 ], [ 395862.970498474081978, 3783476.093591047916561 ], [ 395861.444557477138005, 3783476.093591047916561 ], [ 395861.139369277749211, 3783475.788402848411351 ], [ 395861.139369277749211, 3783473.957273652311414 ], [ 395860.834181078360416, 3783473.652085452806205 ], [ 395860.834181078360416, 3783468.769074262585491 ], [ 395861.444557477138005, 3783468.769074262585491 ], [ 395861.7497456765268, 3783469.07426246162504 ], [ 395862.054933875915594, 3783469.07426246162504 ], [ 395862.054933875915594, 3783469.37945066113025 ], [ 395862.360122075304389, 3783469.684638860635459 ], [ 395862.665310274693184, 3783469.684638860635459 ], [ 395863.275686673470773, 3783470.295015259180218 ], [ 395863.580874872859567, 3783470.295015259180218 ], [ 395863.886063072248362, 3783470.600203458685428 ], [ 395864.191251271637157, 3783470.600203458685428 ], [ 395864.801627670414746, 3783471.210579857695848 ], [ 395866.632756866747513, 3783471.210579857695848 ], [ 395866.937945066136308, 3783471.515768057201058 ], [ 395866.937945066136308, 3783476.093591047916561 ], [ 395866.632756866747513, 3783476.398779247421771 ], [ 395866.632756866747513, 3783477.00915564596653 ], [ 395866.327568667358719, 3783477.31434384547174 ], [ 395866.327568667358719, 3783477.61953204497695 ], [ 395866.022380467969924, 3783477.61953204497695 ], [ 395865.71719226858113, 3783477.924720244016498 ], [ 395864.191251271637157, 3783477.924720244016498 ] ] ] } },
{ "type": "Feature", "properties": { "confidence": 0.99878150224685669, "class": 1, "regularized": "rectangle" }, "geometry": { "type": "Polygon", "coordinates": [ [ [ 395892.5625, 3783475.5 ], [ 395892.5625, 3783464.5 ], [ 395902.9375, 3783464.5 ], [ 395902.9375, 3783475.5 ], [ 395892.5625, 3783475.5 ] ] ] } },
{ "type": "Feature", "properties": { "confidence": 0.99877446889877319, "class": 1, "regularized": null }, "geometry": { "type": "Polygon", "coordinates": [ [ [ 395970.396744659228716, 3783156.256358087528497 ], [ 395970.396744659228716, 3783155.951169888023287 ], [ 395970.701932858617511, 3783155.645981688518077 ], [ 395970.701932858617511, 3783151.373346897307783 ], [ 395971.007121058006305, 3783151.068158697802573 ], [ 395971.007121058006305, 3783148.626653102692217 ], [ 395971.3123092573951, 3783148.321464903187007 ], [ 395971.3123092573951, 3783148.016276704147458 ], [ 395971.617497456783894, 3783147.711088504642248 ], [ 395971.922685656172689, 3783147.711088504642248 ], [ 395972.227873855561484, 3783147.405900305137038 ], [ 395974.364191251283046, 3783147.405900305137038 ], [ 395974.66937945067184, 3783147.100712105631828 ], [ 395975.584944048838224, 3783147.100712105631828 ], [ 395975.890132248227019, 3783146.79552390659228 ], [ 395978.331637843337376, 3783146.79552390659228 ], [ 395978.63682604272617, 3783147.100712105631828 ], [ 395979.247202441503759, 3783147.100712105631828 ], [ 395979.857578840281349, 3783147.711088504642248 ], [ 395979.857578840281349, 3783148.016276704147458 ], [ 395980.162767039670143, 3783148.321464903187007 ], [ 395980.162767039670143, 3783148.931841302197427 ], [ 395980.467955239058938, 3783149.237029501702636 ], [ 395980.467955239058938, 3783151.068158697802573 ], [ 395980.162767039670143, 3783151.373346897307783 ], [ 395980.162767039670143, 3783153.50966429291293 ], [ 395979.857578840281349, 3783153.81485249241814 ], [ 395979.857578840281349, 3783156.256358087528497 ], [ 395970.396744659228716, 3783156.256358087528497 ] ] ] } },
{ "type": "Feature", "properties": { "confidence": 0.99864882230758667, "class": 1, "regularized": "rectangle" }, "geometry": { "type": "Polygon", "coordinates": [ [ [ 395843.75, 3783361.75 ], [ 395852.625, 3783361.75 ], [ 395852.625, 3783377.75 ], [ 395843.75, 3783377.75 ], [ 395843.75, 3783361.75 ] ] ] } },
{ "type": "Feature", "properties": { "confidence": 0.99789422750473022, "class": 1, "regularized": null }, "geometry": { "type": "Polygon", "coordinates": [ [ [ 395708.240081383497454, 3783449.237029501702636 ], [ 395708.240081383497454, 3783448.931841302197427 ], [ 395707.93489318410866, 3783448.626653102692217 ], [ 395707.93489318410866, 3783447.711088504642248 ], [ 395707.629704984719865, 3783447.405900305137038 ], [ 395707.629704984719865, 3783446.79552390659228 ], [ 395707.019328585942276, 3783446.18514750758186 ], [ 395707.019328585942276, 3783445.87995930807665 ], [ 395706.714140386553481, 3783445.574771109037101 ], [ 395706.714140386553481, 3783445.269582909531891 ], [ 395706.103763987775892, 3783444.659206510521472 ], [ 395706.103763987775892, 3783444.048830111976713 ], [ 395716.480162767053116, 3783444.048830111976713 ], [ 395716.480162767053116, 3783444.659206510521472 ], [ 395716.785350966441911, 3783444.964394710026681 ], [ 395716.785350966441911, 3783446.18514750758186 ], [ 395716.480162767053116, 3783446.18514750758186 ], [ 395715.869786368275527, 3783446.79552390659228 ], [ 395715.564598168886732, 3783446.79552390659228 ], [ 395714.954221770109143, 3783447.405900305137038 ], [ 395714.343845371331554, 3783447.405900305137038 ], [ 395714.038657171942759, 3783447.711088504642248 ], [ 395713.733468972553965, 3783447.711088504642248 ], [ 395713.42828077316517, 3783448.016276704147458 ], [ 395713.123092573776376, 3783448.016276704147458 ], [ 395712.817904374387581, 3783448.321464903187007 ], [ 395712.207527975609992, 3783448.321464903187007 ], [ 395711.902339776221197, 3783448.626653102692217 ], [ 395711.597151576832402, 3783448.626653102692217 ], [ 395711.291963377443608, 3783448.931841302197427 ], [ 395710.681586978607811, 3783448.931841302197427 ], [ 395710.376398779219016, 3783449.237029501702636 ], [ 395708.240081383497454, 3783449.237029501702636 ] ] ] } },
{ "type": "Feature", "properties": { "confidence": 0.99789303541183472, "class": 1, "regularized": "rectangle" }, "geometry": { "type": "Polygon", "coordinates": [ [ [ 395541.3125, 3783348.5 ], [ 395552.5625, 3783348.5 ], [ 395552.5625, 3783359.5 ], [ 395541.3125, 3783359.5 ], [ 395541.3125, 3783348.5 ] ] ] } },
{ "type": "Feature", "properties": { "confidence": 0.99744081497192383, "class": 1, "regularized": null }, "geometry": { "type": "Polygon", "coordinates": [ [ [ 395692.980671414057724, 3783303.967446592170745 ], [ 395690.844354018336162, 3783301.831129196565598 ], [ 395690.844354018336162, 3783299.084435401950032 ], [ 395691.149542217724957, 3783298.779247202444822 ], [ 395691.149542217724957, 3783298.168870803434402 ], [ 395691.454730417113751, 3783297.863682604394853 ], [ 395692.06510681589134, 3783297.863682604394853 ], [ 395692.370295015280135, 3783297.558494404889643 ], [ 395692.370295015280135, 3783295.422177009284496 ], [ 395692.67548321466893, 3783295.116988809779286 ], [ 395694.201424211612903, 3783295.116988809779286 ], [ 395694.506612411001697, 3783295.422177009284496 ], [ 395695.116988809779286, 3783295.422177009284496 ], [ 395695.727365208556876, 3783296.032553407829255 ], [ 395695.727365208556876, 3783297.863682604394853 ], [ 395696.642929806723259, 3783298.779247202444822 ], [ 395697.863682604278438, 3783298.779247202444822 ], [ 395698.168870803667232, 3783299.084435401950032 ], [ 395698.474059003056027, 3783299.084435401950032 ], [ 395698.779247202444822, 3783299.38962360098958 ], [ 395698.779247202444822, 3783299.69481180049479 ], [ 395699.084435401833616, 3783300.0 ], [ 395699.084435401833616, 3783300.30518819950521 ], [ 395699.389623601222411, 3783300.61037639901042 ], [ 395699.389623601222411, 3783301.831129196565598 ], [ 395699.084435401833616, 3783302.136317395605147 ], [ 395699.084435401833616, 3783302.441505595110357 ], [ 395697.558494404889643, 3783303.967446592170745 ], [ 395692.980671414057724, 3783303.967446592170745 ] ] ] } },
{ "type": "Feature", "properties": { "confidence": 0.99679476022720337, "class": 1, "regularized": null }, "geometry": { "type": "Polygon", "coordinates": [ [ [ 395942.319430315343197, 3783516.988809766247869 ], [ 395942.014242115954403, 3783516.683621566742659 ], [ 395941.709053916565608, 3783516.683621566742659 ], [ 395941.709053916565608, 3783513.936927772127092 ], [ 395942.014242115954403, 3783513.631739572621882 ], [ 395942.014242115954403, 3783513.326551373116672 ], [ 395942.929806714120787, 3783512.410986775066704 ], [ 395943.234994913509581, 3783512.410986775066704 ], [ 395944.150559511675965, 3783511.495422177016735 ], [ 395944.150559511675965, 3783511.190233977511525 ], [ 395944.45574771106476, 3783510.885045778006315 ], [ 395944.760935910453554, 3783510.885045778006315 ], [ 395945.981688708008733, 3783509.664292980451137 ], [ 395945.981688708008733, 3783509.359104781411588 ], [ 395946.59206510684453, 3783508.748728382401168 ], [ 395946.59206510684453, 3783508.13835198385641 ], [ 395946.286876907397527, 3783507.8331637843512 ], [ 395945.676500508619938, 3783507.8331637843512 ], [ 395945.676500508619938, 3783506.917599186301231 ], [ 395945.981688708008733, 3783506.917599186301231 ], [ 395946.286876907397527, 3783506.612410986796021 ], [ 395946.59206510684453, 3783506.612410986796021 ], [ 395946.897253306233324, 3783506.917599186301231 ], [ 395948.728382502566092, 3783506.917599186301231 ], [ 395949.033570701954886, 3783506.612410986796021 ], [ 395949.338758901343681, 3783506.612410986796021 ], [ 395949.643947100732476, 3783506.917599186301231 ], [ 395949.94913530012127, 3783506.917599186301231 ], [ 395949.94913530012127, 3783507.52797558484599 ], [ 395950.254323499510065, 3783507.8331637843512 ], [ 395950.254323499510065, 3783508.13835198385641 ], [ 395949.94913530012127, 3783508.443540182895958 ], [ 395949.94913530012127, 3783509.664292980451137 ], [ 395949.643947100732476, 3783509.969481179956347 ], [ 395949.643947100732476, 3783510.274669379461557 ], [ 395949.338758901343681, 3783510.579857578966767 ], [ 395949.338758901343681, 3783511.190233977511525 ], [ 395949.033570701954886, 3783511.495422177016735 ], [ 395949.033570701954886, 3783512.105798575561494 ], [ 395948.728382502566092, 3783512.410986775066704 ], [ 395948.728382502566092, 3783512.716174974571913 ], [ 395948.423194303177297, 3783513.021363174077123 ], [ 395948.423194303177297, 3783514.242115971632302 ], [ 395948.118006103788503, 3783514.547304171137512 ], [ 395948.118006103788503, 3783516.683621566742659 ], [ 395947.812817904399708, 3783516.988809766247869 ], [ 395942.319430315343197, 3783516.988809766247869 ] ] ] } },
{ "type": "Feature", "properties": { "confidence": 0.99676114320755005, "class": 1, "regularized": null }, "geometry": { "type": "Polygon", "coordinates": [ [ [ 395552.594099694804754, 3783502.339776195120066 ], [ 395552.28891149541596, 3783502.034587996080518 ], [ 395551.983723296027165, 3783502.034587996080518 ], [ 395551.67853509663837, 3783501.729399796575308 ], [ 395551.67853509663837, 3783501.424211597070098 ], [ 395551.373346897249576, 3783501.119023397564888 ], [ 395551.373346897249576, 3783500.20345879951492 ], [ 395551.068158697860781, 3783499.89827060000971 ], [ 395551.068158697860781, 3783499.287894201464951 ], [ 395550.762970498471987, 3783498.982706001959741 ], [ 395550.762970498471987, 3783498.372329603414983 ], [ 395550.152594099694397, 3783497.761953204404563 ], [ 395550.152594099694397, 3783497.151576805859804 ], [ 395549.847405900305603, 3783496.846388606354594 ], [ 395549.847405900305603, 3783495.320447609294206 ], [ 395549.542217700916808, 3783495.015259409788996 ], [ 395549.542217700916808, 3783494.710071210749447 ], [ 395549.847405900305603, 3783494.404883011244237 ], [ 395549.847405900305603, 3783494.099694811739028 ], [ 395550.152594099694397, 3783493.794506612233818 ], [ 395550.762970498471987, 3783493.794506612233818 ], [ 395551.068158697860781, 3783493.489318413194269 ], [ 395551.67853509663837, 3783493.489318413194269 ], [ 395551.983723296027165, 3783493.184130213689059 ], [ 395552.899287894193549, 3783493.184130213689059 ], [ 395553.204476093582343, 3783492.878942014183849 ], [ 395554.730417090526316, 3783492.878942014183849 ], [ 395555.035605289915111, 3783493.184130213689059 ], [ 395555.6459816886927, 3783493.184130213689059 ], [ 395555.6459816886927, 3783493.489318413194269 ], [ 395555.951169888081495, 3783493.794506612233818 ], [ 395555.951169888081495, 3783494.710071210749447 ], [ 395556.561546286859084, 3783495.320447609294206 ], [ 395556.561546286859084, 3783496.541200406849384 ], [ 395556.866734486247879, 3783496.846388606354594 ], [ 395556.866734486247879, 3783499.593082400970161 ], [ 395557.171922685636673, 3783499.89827060000971 ], [ 395557.171922685636673, 3783500.20345879951492 ], [ 395556.866734486247879, 3783500.508646999020129 ], [ 395556.866734486247879, 3783501.119023397564888 ], [ 395556.561546286859084, 3783501.119023397564888 ], [ 395556.256358087470289, 3783501.424211597070098 ], [ 395555.951169888081495, 3783501.424211597070098 ], [ 395555.6459816886927, 3783501.729399796575308 ], [ 395555.035605289915111, 3783501.729399796575308 ], [ 395554.425228891137522, 3783502.339776195120066 ], [ 395552.594099694804754, 3783502.339776195120066 ] ] ] } },
{ "type": "Feature", "properties": { "confidence": 0.99668377637863159, "class": 1, "regularized": null }, "geometry": { "type": "Polygon", "coordinates": [ [ [ 395625.2288911495707, 3783495.625635808799416 ], [ 395624.618514750734903, 3783495.015259409788996 ], [ 395622.482197355013341, 3783495.015259409788996 ], [ 395622.482197355013341, 3783492.878942014183849 ], [ 395622.177009155624546, 3783492.573753814678639 ], [ 395621.871820956235752, 3783492.573753814678639 ], [ 395621.871820956235752, 3783492.268565615639091 ], [ 395621.566632756846957, 3783491.963377416133881 ], [ 395621.261444557458162, 3783491.963377416133881 ], [ 395621.261444557458162, 3783488.301119023468345 ], [ 395621.566632756846957, 3783487.995930823963135 ], [ 395621.566632756846957, 3783487.690742624457926 ], [ 395621.871820956235752, 3783487.690742624457926 ], [ 395622.177009155624546, 3783487.385554425418377 ], [ 395624.923702950123698, 3783487.385554425418377 ], [ 395625.2288911495707, 3783487.690742624457926 ], [ 395625.534079348959494, 3783487.690742624457926 ], [ 395625.534079348959494, 3783488.301119023468345 ], [ 395625.839267548348289, 3783488.606307222973555 ], [ 395626.144455747737084, 3783488.606307222973555 ], [ 395626.144455747737084, 3783488.911495422013104 ], [ 395626.449643947125878, 3783489.216683621518314 ], [ 395626.754832146514673, 3783489.216683621518314 ], [ 395626.754832146514673, 3783489.521871821023524 ], [ 395627.670396744681057, 3783490.437436419073492 ], [ 395627.975584944069851, 3783490.437436419073492 ], [ 395627.975584944069851, 3783490.742624618578702 ], [ 395628.280773143458646, 3783491.047812818083912 ], [ 395628.280773143458646, 3783491.963377416133881 ], [ 395628.58596134284744, 3783492.268565615639091 ], [ 395628.58596134284744, 3783493.794506612233818 ], [ 395628.891149542236235, 3783494.099694811739028 ], [ 395628.891149542236235, 3783495.015259409788996 ], [ 395628.58596134284744, 3783495.015259409788996 ], [ 395628.280773143458646, 3783495.320447609294206 ], [ 395627.365208545292262, 3783495.320447609294206 ], [ 395627.060020345903467, 3783495.625635808799416 ], [ 395625.2288911495707, 3783495.625635808799416 ] ] ] } },
{ "type": "Feature", "properties": { "confidence": 0.99645870923995972, "class": 1, "regularized": null }, "geometry": { "type": "Polygon", "coordinates": [ [ [ 395424.72024415055057, 3783478.535096643026918 ], [ 395424.415055951161776, 3783478.229908443521708 ], [ 395424.109867751772981, 3783478.229908443521708 ], [ 395423.804679552384187, 3783477.924720244016498 ], [ 395423.804679552384187, 3783477.00915564596653 ], [ 395424.109867751772981, 3783476.70396744646132 ], [ 395424.109867751772981, 3783475.788402848411351 ], [ 395424.415055951161776, 3783475.483214648906142 ], [ 395424.415055951161776, 3783474.567650050856173 ], [ 395424.72024415055057, 3783474.567650050856173 ], [ 395425.025432349939365, 3783474.262461851350963 ], [ 395425.025432349939365, 3783473.957273652311414 ], [ 395425.33062054932816, 3783473.652085452806205 ], [ 395425.33062054932816, 3783473.346897253300995 ], [ 395425.635808748716954, 3783473.041709053795785 ], [ 395425.635808748716954, 3783472.736520854756236 ], [ 395426.856561546272133, 3783471.515768057201058 ], [ 395427.466937945049722, 3783471.515768057201058 ], [ 395427.772126144438516, 3783471.210579857695848 ], [ 395428.077314343827311, 3783471.210579857695848 ], [ 395428.382502543216106, 3783470.905391658190638 ], [ 395429.603255340771284, 3783470.905391658190638 ], [ 395429.603255340771284, 3783471.210579857695848 ], [ 395430.213631739548873, 3783471.820956256240606 ], [ 395430.518819938937668, 3783471.820956256240606 ], [ 395430.824008138326462, 3783472.126144455745816 ], [ 395430.824008138326462, 3783472.431332655251026 ], [ 395431.129196337715257, 3783472.736520854756236 ], [ 395431.129196337715257, 3783475.483214648906142 ], [ 395430.824008138326462, 3783475.788402848411351 ], [ 395430.824008138326462, 3783476.093591047916561 ], [ 395430.518819938937668, 3783476.093591047916561 ], [ 395429.603255340771284, 3783477.00915564596653 ], [ 395429.298067141382489, 3783477.00915564596653 ], [ 395428.992878941993695, 3783477.31434384547174 ], [ 395428.6876907426049, 3783477.31434384547174 ], [ 395428.382502543216106, 3783477.61953204497695 ], [ 395428.077314343827311, 3783477.61953204497695 ], [ 395427.772126144438516, 3783477.924720244016498 ], [ 395426.856561546272133, 3783477.924720244016498 ], [ 395426.551373346883338, 3783478.229908443521708 ], [ 395425.33062054932816, 3783478.229908443521708 ], [ 395425.025432349939365, 3783478.535096643026918 ], [ 395424.72024415055057, 3783478.535096643026918 ] ] ] } },
{ "type": "Feature", "properties": { "confidence": 0.99627953767776489, "class": 1, "regularized": null }, "geometry": { "type": "Polygon", "coordinates": [ [ [ 395858.087487283803057, 3783562.156663275789469 ], [ 395857.782299084414262, 3783561.85147507628426 ], [ 395857.477110885025468, 3783561.85147507628426 ], [ 395857.477110885025468, 3783558.494404883123934 ], [ 395857.171922685636673, 3783558.189216683618724 ], [ 395857.171922685636673, 3783556.052899288013577 ], [ 395857.477110885025468, 3783555.747711088508368 ], [ 395864.496439471025951, 3783555.747711088508368 ], [ 395864.801627670414746, 3783555.442522889003158 ], [ 395865.10681586980354, 3783555.747711088508368 ], [ 395865.71719226858113, 3783555.747711088508368 ], [ 395865.71719226858113, 3783556.052899288013577 ], [ 395866.022380467969924, 3783556.358087487053126 ], [ 395866.022380467969924, 3783558.799593082629144 ], [ 395866.327568667358719, 3783559.104781281668693 ], [ 395866.327568667358719, 3783560.325534079223871 ], [ 395866.022380467969924, 3783560.630722278729081 ], [ 395866.022380467969924, 3783560.935910478234291 ], [ 395863.886063072248362, 3783560.935910478234291 ], [ 395863.580874872859567, 3783561.241098677739501 ], [ 395862.665310274693184, 3783561.241098677739501 ], [ 395862.054933875915594, 3783561.85147507628426 ], [ 395861.7497456765268, 3783561.85147507628426 ], [ 395861.444557477138005, 3783562.156663275789469 ], [ 395858.087487283803057, 3783562.156663275789469 ] ] ] } },
{ "type": "Feature", "properties": { "confidence": 0.99622488021850586, "class": 1, "regularized": null }, "geometry": { "type": "Polygon", "coordinates": [ [ [ 395938.351983723288868, 3783498.677517802454531 ], [ 395938.046795523900073, 3783498.372329603414983 ], [ 395933.774160732456949, 3783498.372329603414983 ], [ 395933.163784333679359, 3783497.761953204404563 ], [ 395933.163784333679359, 3783496.236012207344174 ], [ 395933.468972533068154, 3783495.930824008304626 ], [ 395933.468972533068154, 3783494.710071210749447 ], [ 395933.163784333679359, 3783494.404883011244237 ], [ 395933.468972533068154, 3783494.099694811739028 ], [ 395933.468972533068154, 3783493.489318413194269 ], [ 395933.774160732456949, 3783493.184130213689059 ], [ 395933.774160732456949, 3783492.878942014183849 ], [ 395934.079348931845743, 3783492.878942014183849 ], [ 395934.384537131234538, 3783492.573753814678639 ], [ 395935.300101729400922, 3783492.573753814678639 ], [ 395935.605289928789716, 3783492.268565615639091 ], [ 395936.826042726344895, 3783492.268565615639091 ], [ 395937.131230925733689, 3783491.963377416133881 ], [ 395945.066124109842349, 3783491.963377416133881 ], [ 395945.371312309231143, 3783492.268565615639091 ], [ 395945.371312309231143, 3783494.404883011244237 ], [ 395945.066124109842349, 3783494.710071210749447 ], [ 395945.066124109842349, 3783495.320447609294206 ], [ 395944.760935910453554, 3783495.625635808799416 ], [ 395944.760935910453554, 3783496.236012207344174 ], [ 395944.45574771106476, 3783496.541200406849384 ], [ 395944.45574771106476, 3783498.067141403909773 ], [ 395944.150559511675965, 3783498.372329603414983 ], [ 395943.234994913509581, 3783498.372329603414983 ], [ 395942.929806714120787, 3783498.677517802454531 ], [ 395938.351983723288868, 3783498.677517802454531 ] ] ] } },
{ "type": "Feature", "properties": { "confidence": 0.99618405103683472, "class": 1, "regularized": "rectangle" }, "geometry": { "type": "Polygon", "coordinates": [ [ [ 395887.4375, 3783311.5 ], [ 395888.375, 3783301.0 ], [ 395904.3125, 3783302.5 ], [ 395903.375, 3783313.0 ], [ 395887.4375, 3783311.5 ] ] ] } },
{ "type": "Feature", "properties": { "confidence": 0.99615037441253662, "class": 1, "regularized": null }, "geometry": { "type": "Polygon", "coordinates": [ [ [ 395642.319430315343197, 3783097.660223804879934 ], [ 395642.014242115954403, 3783097.355035605374724 ], [ 395641.098677517788019, 3783097.355035605374724 ], [ 395641.098677517788019, 3783097.049847405869514 ], [ 395640.793489318399224, 3783096.744659206364304 ], [ 395640.793489318399224, 3783096.439471007324755 ], [ 395640.48830111901043, 3783096.134282807819545 ], [ 395640.48830111901043, 3783095.523906408809125 ], [ 395640.183112919621635, 3783095.218718209769577 ], [ 395640.183112919621635, 3783094.913530010264367 ], [ 395639.877924720232841, 3783094.608341810759157 ], [ 395639.877924720232841, 3783093.997965412214398 ], [ 395639.572736520844046, 3783093.692777212709188 ], [ 395639.572736520844046, 3783092.47202441515401 ], [ 395649.643947100732476, 3783092.47202441515401 ], [ 395649.643947100732476, 3783093.082400813698769 ], [ 395649.94913530012127, 3783093.387589013203979 ], [ 395649.94913530012127, 3783094.303153611253947 ], [ 395649.643947100732476, 3783094.608341810759157 ], [ 395649.643947100732476, 3783094.913530010264367 ], [ 395649.033570701954886, 3783095.523906408809125 ], [ 395648.728382502566092, 3783095.523906408809125 ], [ 395648.118006103788503, 3783096.134282807819545 ], [ 395647.812817904399708, 3783096.134282807819545 ], [ 395647.202441505622119, 3783096.744659206364304 ], [ 395645.981688708008733, 3783096.744659206364304 ], [ 395645.676500508619938, 3783097.049847405869514 ], [ 395644.45574771106476, 3783097.049847405869514 ], [ 395644.150559511675965, 3783097.355035605374724 ], [ 395642.624618514731992, 3783097.355035605374724 ], [ 395642.319430315343197, 3783097.660223804879934 ] ] ] } },
{ "type": "Feature", "properties": { "confidence": 0.99584949016571045, "class": 1, "regularized": null }, "geometry": { "type": "Polygon", "coordinates": [ [ [ 395812.309257375367451, 3783383.011190233752131 ], [ 395812.004069175978657, 3783382.706002034712583 ], [ 395811.088504577812273, 3783382.706002034712583 ], [ 395810.783316378423478, 3783382.400813835207373 ], [ 395810.478128179034684, 3783382.400813835207373 ], [ 395809.867751780257095, 3783381.790437436196953 ], [ 395809.867751780257095, 3783378.433367243036628 ], [ 395810.172939979645889, 3783378.128179043531418 ], [ 395810.172939979645889, 3783376.297049847431481 ], [ 395810.478128179034684, 3783375.991861647926271 ], [ 395818.107833163812757, 3783375.991861647926271 ], [ 395818.413021363201551, 3783376.297049847431481 ], [ 395818.718209562590346, 3783376.297049847431481 ], [ 395818.718209562590346, 3783376.602238046936691 ], [ 395819.328585961367935, 3783377.212614445481449 ], [ 395819.328585961367935, 3783380.874872838146985 ], [ 395819.02339776197914, 3783381.180061037652194 ], [ 395819.02339776197914, 3783381.790437436196953 ], [ 395818.413021363201551, 3783382.400813835207373 ], [ 395818.107833163812757, 3783382.400813835207373 ], [ 395817.802644964365754, 3783382.706002034712583 ], [ 395817.49745676497696, 3783382.706002034712583 ], [ 395817.192268565588165, 3783383.011190233752131 ], [ 395812.309257375367451, 3783383.011190233752131 ] ] ] } },
{ "type": "Feature", "properties": { "confidence": 0.99552971124649048, "class": 1, "regularized": null }, "geometry": { "type": "Polygon", "coordinates": [ [ [ 395560.528992878913414, 3783569.17599186161533 ], [ 395559.918616480135825, 3783568.565615463070571 ], [ 395559.61342828074703, 3783568.565615463070571 ], [ 395559.308240081358235, 3783568.260427263565361 ], [ 395559.003051881969441, 3783568.260427263565361 ], [ 395558.087487283803057, 3783567.344862665515393 ], [ 395558.087487283803057, 3783567.039674466010183 ], [ 395557.782299084414262, 3783566.734486266504973 ], [ 395557.782299084414262, 3783566.124109867960215 ], [ 395557.477110885025468, 3783565.818921668455005 ], [ 395557.477110885025468, 3783565.513733468949795 ], [ 395556.866734486247879, 3783564.903357070405036 ], [ 395556.866734486247879, 3783564.598168870899826 ], [ 395556.561546286859084, 3783564.292980671394616 ], [ 395556.561546286859084, 3783563.377416073344648 ], [ 395556.256358087470289, 3783563.072227873839438 ], [ 395556.256358087470289, 3783562.461851475294679 ], [ 395555.951169888081495, 3783562.156663275789469 ], [ 395555.951169888081495, 3783560.630722278729081 ], [ 395556.256358087470289, 3783560.325534079223871 ], [ 395556.256358087470289, 3783560.020345880184323 ], [ 395556.561546286859084, 3783559.715157680679113 ], [ 395556.866734486247879, 3783559.715157680679113 ], [ 395557.171922685636673, 3783559.409969481173903 ], [ 395558.392675483191852, 3783559.409969481173903 ], [ 395558.697863682580646, 3783559.715157680679113 ], [ 395559.003051881969441, 3783559.715157680679113 ], [ 395559.308240081358235, 3783560.020345880184323 ], [ 395559.61342828074703, 3783560.020345880184323 ], [ 395559.918616480135825, 3783560.325534079223871 ], [ 395559.918616480135825, 3783560.630722278729081 ], [ 395560.528992878913414, 3783561.241098677739501 ], [ 395560.528992878913414, 3783561.54628687677905 ], [ 395560.834181078360416, 3783561.85147507628426 ], [ 395561.139369277749211, 3783561.85147507628426 ], [ 395561.444557477138005, 3783562.156663275789469 ], [ 395561.7497456765268, 3783562.156663275789469 ], [ 395562.970498474081978, 3783563.377416073344648 ], [ 395562.970498474081978, 3783563.682604272849858 ], [ 395563.275686673470773, 3783563.987792471889406 ], [ 395563.275686673470773, 3783564.598168870899826 ], [ 395563.580874872859567, 3783564.903357070405036 ], [ 395563.580874872859567, 3783566.734486266504973 ], [ 395563.886063072248362, 3783567.039674466010183 ], [ 395563.886063072248362, 3783568.260427263565361 ], [ 395563.580874872859567, 3783568.565615463070571 ], [ 395563.580874872859567, 3783568.87080366211012 ], [ 395563.275686673470773, 3783569.17599186161533 ], [ 395560.528992878913414, 3783569.17599186161533 ] ] ] } },
{ "type": "Feature", "properties": { "confidence": 0.99520808458328247, "class": 1, "regularized": null }, "geometry": { "type": "Polygon", "coordinates": [ [ [ 395762.868769074266311, 3783180.976602238137275 ], [ 395762.563580874877516, 3783180.671414038632065 ], [ 395762.258392675488722, 3783180.671414038632065 ], [ 395761.953204476099927, 3783180.366225839126855 ], [ 395761.648016276711132, 3783180.366225839126855 ], [ 395761.648016276711132, 3783180.061037640087306 ], [ 395761.342828077322338, 3783179.755849440582097 ], [ 395761.342828077322338, 3783179.450661241076887 ], [ 395761.037639877933543, 3783179.145473041571677 ], [ 395761.037639877933543, 3783172.431332655251026 ], [ 395761.342828077322338, 3783172.126144455745816 ], [ 395761.648016276711132, 3783172.126144455745816 ], [ 395761.953204476099927, 3783171.820956256240606 ], [ 395763.173957273655105, 3783171.820956256240606 ], [ 395763.4791454730439, 3783172.126144455745816 ], [ 395770.193285859597381, 3783172.126144455745816 ], [ 395770.80366225837497, 3783172.736520854756236 ], [ 395770.80366225837497, 3783173.041709053795785 ], [ 395771.108850457763765, 3783173.346897253300995 ], [ 395771.108850457763765, 3783177.61953204497695 ], [ 395770.80366225837497, 3783177.924720244016498 ], [ 395770.80366225837497, 3783179.450661241076887 ], [ 395770.498474058986176, 3783179.450661241076887 ], [ 395770.193285859597381, 3783179.755849440582097 ], [ 395766.836215666320641, 3783179.755849440582097 ], [ 395766.531027466931846, 3783180.061037640087306 ], [ 395765.920651068154257, 3783180.061037640087306 ], [ 395765.615462868765462, 3783180.366225839126855 ], [ 395765.310274669376668, 3783180.366225839126855 ], [ 395765.005086469987873, 3783180.671414038632065 ], [ 395764.699898270599078, 3783180.671414038632065 ], [ 395764.394710071210284, 3783180.976602238137275 ], [ 395762.868769074266311, 3783180.976602238137275 ] ] ] } },
{ "type": "Feature", "properties": { "confidence": 0.99492079019546509, "class": 1, "regularized": null }, "geometry": { "type": "Polygon", "coordinates": [ [ [ 395906.917599186184816, 3783424.211597151588649 ], [ 395906.612410986796021, 3783423.906408952083439 ], [ 395906.612410986796021, 3783420.244150559417903 ], [ 395909.053916581906378, 3783420.244150559417903 ], [ 395909.359104781295173, 3783419.938962359912694 ], [ 395917.904374364181422, 3783419.938962359912694 ], [ 395918.209562563570216, 3783420.244150559417903 ], [ 395918.209562563570216, 3783422.075279755983502 ], [ 395918.514750762959011, 3783422.38046795502305 ], [ 395918.514750762959011, 3783423.906408952083439 ], [ 395917.599186164792627, 3783423.906408952083439 ], [ 395917.293997965403832, 3783424.211597151588649 ], [ 395906.917599186184816, 3783424.211597151588649 ] ] ] } },
{ "type": "Feature", "properties": { "confidence": 0.9948609471321106, "class": 1, "regularized": null }, "geometry": { "type": "Polygon", "coordinates": [ [ [ 395947.202441505622119, 3783399.79654120048508 ], [ 395947.202441505622119, 3783397.355035605374724 ], [ 395946.897253306233324, 3783397.049847405869514 ], [ 395946.897253306233324, 3783393.387589013203979 ], [ 395947.202441505622119, 3783393.082400813698769 ], [ 395947.202441505622119, 3783392.77721261465922 ], [ 395952.695829094620422, 3783392.77721261465922 ], [ 395952.695829094620422, 3783398.270600203424692 ], [ 395952.390640895231627, 3783398.575788402929902 ], [ 395952.390640895231627, 3783399.491353000979871 ], [ 395952.085452695842832, 3783399.79654120048508 ], [ 395947.202441505622119, 3783399.79654120048508 ] ] ] } },
{ "type": "Feature", "properties": { "confidence": 0.99482780694961548, "class": 1, "regularized": null }, "geometry": { "type": "Polygon", "coordinates": [ [ [ 395537.334689725306816, 3783519.735503560397774 ], [ 395537.029501525918022, 3783519.430315361358225 ], [ 395537.029501525918022, 3783518.819938962347806 ], [ 395537.334689725306816, 3783518.514750762842596 ], [ 395537.334689725306816, 3783515.15768056968227 ], [ 395537.639877924695611, 3783514.85249237017706 ], [ 395537.639877924695611, 3783514.547304171137512 ], [ 395537.945066124084406, 3783514.242115971632302 ], [ 395537.945066124084406, 3783513.936927772127092 ], [ 395539.165818921639584, 3783512.716174974571913 ], [ 395539.471007121086586, 3783512.716174974571913 ], [ 395539.776195320475381, 3783512.410986775066704 ], [ 395540.38657171925297, 3783512.410986775066704 ], [ 395540.691759918641765, 3783512.105798575561494 ], [ 395543.438453713140916, 3783512.105798575561494 ], [ 395544.048830111918505, 3783512.716174974571913 ], [ 395544.048830111918505, 3783513.021363174077123 ], [ 395545.269582909473684, 3783514.242115971632302 ], [ 395545.574771108862478, 3783514.242115971632302 ], [ 395545.574771108862478, 3783514.547304171137512 ], [ 395545.879959308251273, 3783514.85249237017706 ], [ 395545.879959308251273, 3783515.46286876918748 ], [ 395546.185147507640067, 3783515.76805696869269 ], [ 395546.185147507640067, 3783516.378433367237449 ], [ 395545.574771108862478, 3783516.988809766247869 ], [ 395544.964394710084889, 3783516.988809766247869 ], [ 395544.3540183113073, 3783517.599186164792627 ], [ 395544.048830111918505, 3783517.599186164792627 ], [ 395543.743641912529711, 3783517.904374364297837 ], [ 395543.438453713140916, 3783517.904374364297837 ], [ 395543.133265513752121, 3783518.209562563803047 ], [ 395542.828077314363327, 3783518.209562563803047 ], [ 395542.522889114974532, 3783518.514750762842596 ], [ 395542.217700915585738, 3783518.514750762842596 ], [ 395541.912512716196943, 3783518.819938962347806 ], [ 395541.302136317419354, 3783518.819938962347806 ], [ 395540.996948118030559, 3783519.125127161853015 ], [ 395540.081383519864175, 3783519.125127161853015 ], [ 395539.776195320475381, 3783519.430315361358225 ], [ 395538.555442522861995, 3783519.430315361358225 ], [ 395538.2502543234732, 3783519.735503560397774 ], [ 395537.334689725306816, 3783519.735503560397774 ] ] ] } },
{ "type": "Feature", "properties": { "confidence": 0.99472469091415405, "class": 1, "regularized": null }, "geometry": { "type": "Polygon", "coordinates": [ [ [ 395668.870803662284743, 3783248.423194303177297 ], [ 395668.870803662284743, 3783247.507629705127329 ], [ 395668.565615462895948, 3783247.202441505622119 ], [ 395668.565615462895948, 3783246.592065106611699 ], [ 395668.260427263507154, 3783246.28687690757215 ], [ 395668.260427263507154, 3783245.98168870806694 ], [ 395667.955239064118359, 3783245.67650050856173 ], [ 395667.955239064118359, 3783244.760935910511762 ], [ 395667.650050864671357, 3783244.455747711006552 ], [ 395667.650050864671357, 3783243.845371312461793 ], [ 395667.344862665282562, 3783243.540183112956583 ], [ 395667.344862665282562, 3783243.234994913451374 ], [ 395667.039674465893768, 3783242.929806713946164 ], [ 395667.039674465893768, 3783241.709053916390985 ], [ 395666.734486266504973, 3783241.403865717351437 ], [ 395666.734486266504973, 3783240.488301118835807 ], [ 395666.429298067116179, 3783240.183112919796258 ], [ 395666.429298067116179, 3783238.96236012224108 ], [ 395667.039674465893768, 3783238.35198372323066 ], [ 395667.344862665282562, 3783238.35198372323066 ], [ 395667.650050864671357, 3783238.04679552372545 ], [ 395667.955239064118359, 3783238.04679552372545 ], [ 395668.260427263507154, 3783237.741607324685901 ], [ 395668.565615462895948, 3783237.741607324685901 ], [ 395669.175991861673538, 3783237.131230925675482 ], [ 395669.786368260451127, 3783237.131230925675482 ], [ 395670.091556459839921, 3783236.826042726170272 ], [ 395670.396744659228716, 3783236.826042726170272 ], [ 395670.701932858617511, 3783236.520854527130723 ], [ 395671.3123092573951, 3783236.520854527130723 ], [ 395671.617497456783894, 3783236.215666327625513 ], [ 395673.143438453727867, 3783236.215666327625513 ], [ 395673.143438453727867, 3783248.423194303177297 ], [ 395668.870803662284743, 3783248.423194303177297 ] ] ] } },
{ "type": "Feature", "properties": { "confidence": 0.99445539712905884, "class": 1, "regularized": null }, "geometry": { "type": "Polygon", "coordinates": [ [ [ 395675.584944048838224, 3783078.738555442541838 ], [ 395675.27975584944943, 3783078.433367243036628 ], [ 395675.27975584944943, 3783076.907426245976239 ], [ 395674.974567650060635, 3783076.602238046936691 ], [ 395674.974567650060635, 3783075.991861647926271 ], [ 395674.66937945067184, 3783075.686673448421061 ], [ 395674.66937945067184, 3783074.160732451826334 ], [ 395674.364191251283046, 3783073.855544252321124 ], [ 395674.364191251283046, 3783072.634791454765946 ], [ 395674.059003051894251, 3783072.329603255260736 ], [ 395674.059003051894251, 3783071.414038657210767 ], [ 395674.364191251283046, 3783071.108850457705557 ], [ 395674.364191251283046, 3783070.803662258200347 ], [ 395674.974567650060635, 3783070.803662258200347 ], [ 395675.27975584944943, 3783070.498474059160799 ], [ 395677.721261444559786, 3783070.498474059160799 ], [ 395678.026449643948581, 3783070.803662258200347 ], [ 395678.331637843337376, 3783070.803662258200347 ], [ 395678.63682604272617, 3783071.108850457705557 ], [ 395679.247202441503759, 3783071.108850457705557 ], [ 395679.247202441503759, 3783071.414038657210767 ], [ 395679.552390640892554, 3783071.719226856715977 ], [ 395679.552390640892554, 3783072.329603255260736 ], [ 395679.857578840281349, 3783072.634791454765946 ], [ 395679.857578840281349, 3783072.939979654271156 ], [ 395680.467955239058938, 3783073.550356052815914 ], [ 395680.467955239058938, 3783074.465920650865883 ], [ 395680.773143438447732, 3783074.771108850371093 ], [ 395680.773143438447732, 3783076.907426245976239 ], [ 395680.467955239058938, 3783077.212614445481449 ], [ 395680.467955239058938, 3783077.517802644986659 ], [ 395680.162767039670143, 3783077.517802644986659 ], [ 395679.857578840281349, 3783077.822990844491869 ], [ 395679.857578840281349, 3783078.128179043531418 ], [ 395679.552390640892554, 3783078.128179043531418 ], [ 395679.247202441503759, 3783078.433367243036628 ], [ 395678.63682604272617, 3783078.433367243036628 ], [ 395678.331637843337376, 3783078.738555442541838 ], [ 395675.584944048838224, 3783078.738555442541838 ] ] ] } },
{ "type": "Feature", "properties": { "confidence": 0.99436837434768677, "class": 1, "regularized": null }, "geometry": { "type": "Polygon", "coordinates": [ [ [ 395556.561546286859084, 3783516.988809766247869 ], [ 395555.340793489303906, 3783515.76805696869269 ], [ 395555.340793489303906, 3783515.46286876918748 ], [ 395555.035605289915111, 3783515.15768056968227 ], [ 395555.035605289915111, 3783514.547304171137512 ], [ 395554.730417090526316, 3783514.242115971632302 ], [ 395554.730417090526316, 3783513.021363174077123 ], [ 395554.120040691748727, 3783512.410986775066704 ], [ 395554.120040691748727, 3783512.105798575561494 ], [ 395553.204476093582343, 3783511.190233977511525 ], [ 395553.204476093582343, 3783509.359104781411588 ], [ 395553.814852492359933, 3783508.748728382401168 ], [ 395554.120040691748727, 3783508.748728382401168 ], [ 395554.425228891137522, 3783508.443540182895958 ], [ 395554.730417090526316, 3783508.443540182895958 ], [ 395555.035605289915111, 3783508.13835198385641 ], [ 395556.866734486247879, 3783508.13835198385641 ], [ 395557.171922685636673, 3783507.8331637843512 ], [ 395557.171922685636673, 3783507.52797558484599 ], [ 395557.477110885025468, 3783507.22278738534078 ], [ 395557.477110885025468, 3783506.917599186301231 ], [ 395558.087487283803057, 3783506.307222787290812 ], [ 395558.087487283803057, 3783506.002034587785602 ], [ 395560.834181078360416, 3783506.002034587785602 ], [ 395561.139369277749211, 3783506.307222787290812 ], [ 395561.139369277749211, 3783508.748728382401168 ], [ 395560.834181078360416, 3783509.053916581906378 ], [ 395560.834181078360416, 3783509.664292980451137 ], [ 395560.528992878913414, 3783509.969481179956347 ], [ 395560.528992878913414, 3783513.936927772127092 ], [ 395560.834181078360416, 3783514.242115971632302 ], [ 395560.834181078360416, 3783514.85249237017706 ], [ 395560.528992878913414, 3783515.15768056968227 ], [ 395560.528992878913414, 3783515.76805696869269 ], [ 395560.223804679524619, 3783516.073245167732239 ], [ 395560.223804679524619, 3783516.378433367237449 ], [ 395559.918616480135825, 3783516.378433367237449 ], [ 395559.61342828074703, 3783516.683621566742659 ], [ 395559.003051881969441, 3783516.683621566742659 ], [ 395558.697863682580646, 3783516.988809766247869 ], [ 395556.561546286859084, 3783516.988809766247869 ] ] ] } },
{ "type": "Feature", "properties": { "confidence": 0.99432915449142456, "class": 1, "regularized": null }, "geometry": { "type": "Polygon", "coordinates": [ [ [ 395422.278738555440214, 3783502.339776195120066 ], [ 395421.668362156662624, 3783501.729399796575308 ], [ 395421.668362156662624, 3783500.813835198525339 ], [ 395421.36317395727383, 3783500.508646999020129 ], [ 395421.36317395727383, 3783500.20345879951492 ], [ 395421.057985757885035, 3783499.89827060000971 ], [ 395421.057985757885035, 3783499.287894201464951 ], [ 395420.752797558496241, 3783498.982706001959741 ], [ 395420.752797558496241, 3783498.677517802454531 ], [ 395420.447609359107446, 3783498.372329603414983 ], [ 395420.447609359107446, 3783497.761953204404563 ], [ 395420.142421159718651, 3783497.456765004899353 ], [ 395420.142421159718651, 3783497.151576805859804 ], [ 395420.752797558496241, 3783496.541200406849384 ], [ 395421.36317395727383, 3783496.541200406849384 ], [ 395421.973550356051419, 3783495.930824008304626 ], [ 395421.973550356051419, 3783495.625635808799416 ], [ 395422.278738555440214, 3783495.625635808799416 ], [ 395422.583926754829008, 3783495.320447609294206 ], [ 395422.889114954217803, 3783495.320447609294206 ], [ 395423.499491352995392, 3783494.710071210749447 ], [ 395423.804679552384187, 3783494.710071210749447 ], [ 395424.109867751772981, 3783494.404883011244237 ], [ 395424.415055951161776, 3783494.404883011244237 ], [ 395424.72024415055057, 3783494.099694811739028 ], [ 395425.33062054932816, 3783494.099694811739028 ], [ 395425.635808748716954, 3783493.794506612233818 ], [ 395426.856561546272133, 3783493.794506612233818 ], [ 395427.161749745660927, 3783494.099694811739028 ], [ 395427.161749745660927, 3783496.236012207344174 ], [ 395427.466937945049722, 3783496.541200406849384 ], [ 395427.772126144438516, 3783496.541200406849384 ], [ 395427.772126144438516, 3783496.846388606354594 ], [ 395428.077314343827311, 3783497.151576805859804 ], [ 395428.077314343827311, 3783498.067141403909773 ], [ 395428.382502543216106, 3783498.372329603414983 ], [ 395428.382502543216106, 3783499.593082400970161 ], [ 395427.772126144438516, 3783500.20345879951492 ], [ 395427.161749745660927, 3783500.20345879951492 ], [ 395426.856561546272133, 3783500.508646999020129 ], [ 395426.551373346883338, 3783500.508646999020129 ], [ 395426.246185147494543, 3783500.813835198525339 ], [ 395425.635808748716954, 3783500.813835198525339 ], [ 395425.025432349939365, 3783501.424211597070098 ], [ 395424.72024415055057, 3783501.424211597070098 ], [ 395424.415055951161776, 3783501.729399796575308 ], [ 395423.804679552384187, 3783501.729399796575308 ], [ 395423.499491352995392, 3783502.034587996080518 ], [ 395423.194303153606597, 3783502.034587996080518 ], [ 395422.889114954217803, 3783502.339776195120066 ], [ 395422.278738555440214, 3783502.339776195120066 ] ] ] } },
{ "type": "Feature", "properties": { "confidence": 0.99402034282684326, "class": 1, "regularized": null }, "geometry": { "type": "Polygon", "coordinates": [ [ [ 395413.42828077316517, 3783557.578840285073966 ], [ 395413.123092573776376, 3783557.273652085568756 ], [ 395413.123092573776376, 3783555.442522889003158 ], [ 395413.42828077316517, 3783555.137334689497948 ], [ 395413.42828077316517, 3783553.916581891942769 ], [ 395414.038657171942759, 3783553.306205493398011 ], [ 395414.343845371331554, 3783553.306205493398011 ], [ 395414.649033570720349, 3783553.001017293892801 ], [ 395414.649033570720349, 3783552.695829094387591 ], [ 395415.259409969497938, 3783552.085452695842832 ], [ 395415.564598168886732, 3783552.085452695842832 ], [ 395415.869786368275527, 3783551.780264496337622 ], [ 395417.3957273652195, 3783551.780264496337622 ], [ 395417.700915564608295, 3783552.085452695842832 ], [ 395419.226856561552268, 3783552.085452695842832 ], [ 395419.532044760941062, 3783552.390640895348042 ], [ 395419.532044760941062, 3783552.695829094387591 ], [ 395419.837232960329857, 3783553.001017293892801 ], [ 395419.837232960329857, 3783555.442522889003158 ], [ 395419.226856561552268, 3783556.052899288013577 ], [ 395418.311291963385884, 3783556.052899288013577 ], [ 395418.006103763997089, 3783556.358087487053126 ], [ 395417.090539165830705, 3783556.358087487053126 ], [ 395416.785350966441911, 3783556.663275686558336 ], [ 395416.480162767053116, 3783556.663275686558336 ], [ 395416.174974567664322, 3783556.968463886063546 ], [ 395415.869786368275527, 3783556.968463886063546 ], [ 395415.564598168886732, 3783557.273652085568756 ], [ 395414.954221770109143, 3783557.273652085568756 ], [ 395414.649033570720349, 3783557.578840285073966 ], [ 395413.42828077316517, 3783557.578840285073966 ] ] ] } },
{ "type": "Feature", "properties": { "confidence": 0.99165934324264526, "class": 1, "regularized": null }, "geometry": { "type": "Polygon", "coordinates": [ [ [ 395870.600203458801843, 3783514.85249237017706 ], [ 395870.295015259413049, 3783514.547304171137512 ], [ 395869.684638860635459, 3783514.547304171137512 ], [ 395869.379450661246665, 3783514.242115971632302 ], [ 395864.191251271637157, 3783514.242115971632302 ], [ 395863.886063072248362, 3783513.936927772127092 ], [ 395863.580874872859567, 3783513.936927772127092 ], [ 395863.580874872859567, 3783507.52797558484599 ], [ 395863.886063072248362, 3783507.22278738534078 ], [ 395863.886063072248362, 3783506.307222787290812 ], [ 395864.191251271637157, 3783506.002034587785602 ], [ 395864.191251271637157, 3783505.696846388746053 ], [ 395864.801627670414746, 3783505.086469989735633 ], [ 395865.10681586980354, 3783505.086469989735633 ], [ 395865.412004069192335, 3783504.781281790230423 ], [ 395869.379450661246665, 3783504.781281790230423 ], [ 395869.684638860635459, 3783505.086469989735633 ], [ 395870.295015259413049, 3783505.086469989735633 ], [ 395870.600203458801843, 3783505.391658189240843 ], [ 395871.210579857579432, 3783505.391658189240843 ], [ 395871.515768056968227, 3783505.696846388746053 ], [ 395872.126144455745816, 3783505.696846388746053 ], [ 395873.0417090539122, 3783506.612410986796021 ], [ 395873.0417090539122, 3783507.8331637843512 ], [ 395873.346897253300995, 3783508.13835198385641 ], [ 395873.346897253300995, 3783511.495422177016735 ], [ 395873.0417090539122, 3783511.800610376521945 ], [ 395873.0417090539122, 3783512.105798575561494 ], [ 395871.820956256357022, 3783513.326551373116672 ], [ 395871.820956256357022, 3783513.631739572621882 ], [ 395871.515768056968227, 3783513.936927772127092 ], [ 395871.515768056968227, 3783514.547304171137512 ], [ 395871.210579857579432, 3783514.85249237017706 ], [ 395870.600203458801843, 3783514.85249237017706 ] ] ] } },
{ "type": "Feature", "properties": { "confidence": 0.99165743589401245, "class": 1, "regularized": null }, "geometry": { "type": "Polygon", "coordinates": [ [ [ 395974.364191251283046, 3783375.991861647926271 ], [ 395974.059003051894251, 3783375.686673448421061 ], [ 395973.448626653116662, 3783375.686673448421061 ], [ 395973.143438453727867, 3783375.381485249381512 ], [ 395972.838250254339073, 3783375.381485249381512 ], [ 395972.227873855561484, 3783374.771108850371093 ], [ 395972.227873855561484, 3783374.465920650865883 ], [ 395971.922685656172689, 3783374.160732451826334 ], [ 395971.922685656172689, 3783373.245167853310704 ], [ 395972.227873855561484, 3783372.939979654271156 ], [ 395972.227873855561484, 3783372.024415055755526 ], [ 395971.922685656172689, 3783371.719226856715977 ], [ 395971.922685656172689, 3783366.836215666495264 ], [ 395972.533062054950278, 3783366.225839267484844 ], [ 395972.533062054950278, 3783365.920651067979634 ], [ 395973.448626653116662, 3783365.005086469929665 ], [ 395976.195320447615813, 3783365.005086469929665 ], [ 395976.500508647004608, 3783364.699898270424455 ], [ 395977.416073245170992, 3783364.699898270424455 ], [ 395977.721261444559786, 3783365.005086469929665 ], [ 395978.942014242114965, 3783365.005086469929665 ], [ 395979.247202441503759, 3783365.310274669434875 ], [ 395980.162767039670143, 3783365.310274669434875 ], [ 395980.467955239058938, 3783365.005086469929665 ], [ 395980.467955239058938, 3783366.225839267484844 ], [ 395980.773143438447732, 3783366.531027466990054 ], [ 395980.773143438447732, 3783368.056968464050442 ], [ 395980.467955239058938, 3783368.362156663089991 ], [ 395980.467955239058938, 3783369.582909460645169 ], [ 395980.162767039670143, 3783369.582909460645169 ], [ 395979.857578840281349, 3783369.888097660150379 ], [ 395979.857578840281349, 3783371.414038657210767 ], [ 395979.552390640892554, 3783371.719226856715977 ], [ 395979.552390640892554, 3783372.634791454765946 ], [ 395979.247202441503759, 3783372.939979654271156 ], [ 395979.247202441503759, 3783373.855544252321124 ], [ 395979.552390640892554, 3783374.160732451826334 ], [ 395979.552390640892554, 3783375.381485249381512 ], [ 395979.247202441503759, 3783375.686673448421061 ], [ 395978.331637843337376, 3783375.686673448421061 ], [ 395978.026449643948581, 3783375.991861647926271 ], [ 395974.364191251283046, 3783375.991861647926271 ] ] ] } },
{ "type": "Feature", "properties": { "confidence": 0.99139034748077393, "class": 1, "regularized": null }, "geometry": { "type": "Polygon", "coordinates": [ [ [ 395634.384537131234538, 3783018.006103763822466 ], [ 395634.384537131234538, 3783007.019328585825861 ], [ 395634.994913530012127, 3783007.019328585825861 ], [ 395635.300101729400922, 3783007.32451678533107 ], [ 395635.300101729400922, 3783007.93489318434149 ], [ 395635.605289928789716, 3783008.240081383381039 ], [ 395635.605289928789716, 3783008.850457782391459 ], [ 395635.910478128178511, 3783009.155645981896669 ], [ 395635.910478128178511, 3783009.766022380441427 ], [ 395636.215666327567305, 3783010.071210579946637 ], [ 395636.215666327567305, 3783010.376398779451847 ], [ 395636.826042726344895, 3783010.986775177996606 ], [ 395636.826042726344895, 3783011.291963377501816 ], [ 395638.962360122066457, 3783013.428280773106962 ], [ 395638.962360122066457, 3783015.869786368217319 ], [ 395638.657171922677662, 3783016.174974567722529 ], [ 395638.657171922677662, 3783016.480162767227739 ], [ 395638.351983723288868, 3783016.785350966267288 ], [ 395638.046795523900073, 3783016.785350966267288 ], [ 395637.741607324511278, 3783017.090539165772498 ], [ 395637.131230925733689, 3783017.090539165772498 ], [ 395636.826042726344895, 3783017.395727365277708 ], [ 395636.5208545269561, 3783017.395727365277708 ], [ 395636.215666327567305, 3783017.700915564782917 ], [ 395635.605289928789716, 3783017.700915564782917 ], [ 395635.300101729400922, 3783018.006103763822466 ], [ 395634.384537131234538, 3783018.006103763822466 ] ] ] } },
{ "type": "Feature", "properties": { "confidence": 0.99056410789489746, "class": 1, "regularized": null }, "geometry": { "type": "Polygon", "coordinates": [ [ [ 395871.210579857579432, 3783514.85249237017706 ], [ 395870.905391658190638, 3783514.547304171137512 ], [ 395870.295015259413049, 3783514.547304171137512 ], [ 395869.989827060024254, 3783514.242115971632302 ], [ 395868.769074262469076, 3783514.242115971632302 ], [ 395868.769074262469076, 3783506.002034587785602 ], [ 395869.07426246185787, 3783506.002034587785602 ], [ 395869.379450661246665, 3783505.696846388746053 ], [ 395869.379450661246665, 3783505.391658189240843 ], [ 395872.126144455745816, 3783505.391658189240843 ], [ 395872.431332655134611, 3783505.696846388746053 ], [ 395873.0417090539122, 3783505.696846388746053 ], [ 395873.652085452689789, 3783506.307222787290812 ], [ 395873.652085452689789, 3783507.22278738534078 ], [ 395873.957273652078584, 3783507.52797558484599 ], [ 395873.957273652078584, 3783510.885045778006315 ], [ 395873.652085452689789, 3783511.190233977511525 ], [ 395873.652085452689789, 3783511.495422177016735 ], [ 395873.346897253300995, 3783511.800610376521945 ], [ 395873.346897253300995, 3783512.105798575561494 ], [ 395871.820956256357022, 3783513.631739572621882 ], [ 395871.820956256357022, 3783513.936927772127092 ], [ 395871.515768056968227, 3783514.242115971632302 ], [ 395871.515768056968227, 3783514.547304171137512 ], [ 395871.210579857579432, 3783514.85249237017706 ] ] ] } },
{ "type": "Feature", "properties": { "confidence": 0.99016410112380981, "class": 1, "regularized": null }, "geometry": { "type": "Polygon", "coordinates": [ [ [ 395900.813835198350716, 3783111.393692777026445 ], [ 395900.813835198350716, 3783101.932858596090227 ], [ 395901.119023397739511, 3783101.627670396585017 ], [ 395901.119023397739511, 3783101.322482197545469 ], [ 395901.424211597128306, 3783101.322482197545469 ], [ 395902.034587995905895, 3783100.712105798535049 ], [ 395902.339776195294689, 3783100.712105798535049 ], [ 395902.644964394683484, 3783100.406917599029839 ], [ 395903.560528992908075, 3783100.406917599029839 ], [ 395903.86571719229687, 3783100.10172939999029 ], [ 395907.527975584962405, 3783100.10172939999029 ], [ 395907.527975584962405, 3783111.393692777026445 ], [ 395900.813835198350716, 3783111.393692777026445 ] ] ] } },
{ "type": "Feature", "properties": { "confidence": 0.98986560106277466, "class": 1, "regularized": null }, "geometry": { "type": "Polygon", "coordinates": [ [ [ 395960.325534079340287, 3783236.826042726170272 ], [ 395960.325534079340287, 3783236.520854527130723 ], [ 395960.020345879951492, 3783236.215666327625513 ], [ 395956.968463886063546, 3783236.215666327625513 ], [ 395956.663275686674751, 3783235.910478128120303 ], [ 395956.052899287897162, 3783235.910478128120303 ], [ 395955.747711088508368, 3783235.605289928615093 ], [ 395955.747711088508368, 3783230.111902339849621 ], [ 395956.052899287897162, 3783229.806714140344411 ], [ 395956.052899287897162, 3783229.196337741799653 ], [ 395956.358087487285957, 3783228.891149542294443 ], [ 395956.358087487285957, 3783228.585961342789233 ], [ 395956.663275686674751, 3783228.585961342789233 ], [ 395956.968463886063546, 3783228.280773143284023 ], [ 395960.630722278729081, 3783228.280773143284023 ], [ 395960.935910478117876, 3783227.975584944244474 ], [ 395962.156663275673054, 3783227.975584944244474 ], [ 395962.767039674450643, 3783228.585961342789233 ], [ 395963.987792472005822, 3783228.585961342789233 ], [ 395964.292980671394616, 3783228.891149542294443 ], [ 395964.598168870783411, 3783228.891149542294443 ], [ 395964.903357070172206, 3783229.196337741799653 ], [ 395965.208545269561, 3783229.196337741799653 ], [ 395966.124109867727384, 3783230.111902339849621 ], [ 395966.124109867727384, 3783230.417090539354831 ], [ 395966.429298067116179, 3783230.72227873839438 ], [ 395966.429298067116179, 3783232.248219735454768 ], [ 395965.513733468949795, 3783233.163784333504736 ], [ 395965.208545269561, 3783233.163784333504736 ], [ 395963.987792472005822, 3783234.384537131059915 ], [ 395963.987792472005822, 3783235.300101729575545 ], [ 395963.377416073228233, 3783235.910478128120303 ], [ 395962.461851475061849, 3783235.910478128120303 ], [ 395962.156663275673054, 3783236.215666327625513 ], [ 395961.546286876895465, 3783236.215666327625513 ], [ 395961.24109867750667, 3783236.520854527130723 ], [ 395961.24109867750667, 3783236.826042726170272 ], [ 395960.325534079340287, 3783236.826042726170272 ] ] ] } },
{ "type": "Feature", "properties": { "confidence": 0.98945659399032593, "class": 1, "regularized": null }, "geometry": { "type": "Polygon", "coordinates": [ [ [ 395671.3123092573951, 3783051.576805696822703 ], [ 395671.617497456783894, 3783051.271617497317493 ], [ 395671.617497456783894, 3783050.356052899267524 ], [ 395670.396744659228716, 3783049.135300101712346 ], [ 395670.091556459839921, 3783049.135300101712346 ], [ 395669.481180061062332, 3783048.524923703167588 ], [ 395669.481180061062332, 3783048.219735503662378 ], [ 395668.870803662284743, 3783047.609359104651958 ], [ 395668.870803662284743, 3783047.304170905612409 ], [ 395668.565615462895948, 3783046.998982706107199 ], [ 395668.565615462895948, 3783045.778229908552021 ], [ 395668.260427263507154, 3783045.473041709046811 ], [ 395668.260427263507154, 3783042.421159714926034 ], [ 395668.870803662284743, 3783041.810783316381276 ], [ 395669.786368260451127, 3783041.810783316381276 ], [ 395670.091556459839921, 3783041.505595116876066 ], [ 395670.396744659228716, 3783041.505595116876066 ], [ 395670.701932858617511, 3783041.200406917370856 ], [ 395673.143438453727867, 3783041.200406917370856 ], [ 395673.143438453727867, 3783050.661241098772734 ], [ 395672.838250254339073, 3783050.661241098772734 ], [ 395672.227873855561484, 3783051.271617497317493 ], [ 395672.227873855561484, 3783051.576805696822703 ], [ 395671.3123092573951, 3783051.576805696822703 ] ] ] } },
{ "type": "Feature", "properties": { "confidence": 0.9891776442527771, "class": 1, "regularized": "rectangle" }, "geometry": { "type": "Polygon", "coordinates": [ [ [ 395901.4375, 3783099.5 ], [ 395920.6875, 3783099.5 ], [ 395920.6875, 3783111.5 ], [ 395901.4375, 3783111.5 ], [ 395901.4375, 3783099.5 ] ] ] } },
{ "type": "Feature", "properties": { "confidence": 0.98906737565994263, "class": 1, "regularized": null }, "geometry": { "type": "Polygon", "coordinates": [ [ [ 395669.481180061062332, 3783037.843336724210531 ], [ 395669.175991861673538, 3783037.538148524705321 ], [ 395669.175991861673538, 3783036.927772126160562 ], [ 395668.870803662284743, 3783036.622583926655352 ], [ 395668.870803662284743, 3783036.012207528110594 ], [ 395668.565615462895948, 3783035.707019328605384 ], [ 395668.565615462895948, 3783035.096642929594964 ], [ 395668.260427263507154, 3783034.791454730555415 ], [ 395668.260427263507154, 3783032.960325533989817 ], [ 395668.870803662284743, 3783032.349949135445058 ], [ 395670.091556459839921, 3783032.349949135445058 ], [ 395670.396744659228716, 3783032.044760935939848 ], [ 395670.701932858617511, 3783032.044760935939848 ], [ 395671.007121058006305, 3783031.739572736434639 ], [ 395671.007121058006305, 3783031.434384536929429 ], [ 395671.922685656172689, 3783031.434384536929429 ], [ 395671.922685656172689, 3783032.655137334484607 ], [ 395672.533062054950278, 3783033.265513733495027 ], [ 395673.143438453727867, 3783033.265513733495027 ], [ 395673.143438453727867, 3783037.232960325665772 ], [ 395671.922685656172689, 3783037.232960325665772 ], [ 395671.617497456783894, 3783037.538148524705321 ], [ 395671.007121058006305, 3783037.538148524705321 ], [ 395670.701932858617511, 3783037.843336724210531 ], [ 395669.481180061062332, 3783037.843336724210531 ] ] ] } },
{ "type": "Feature", "properties": { "confidence": 0.98859930038452148, "class": 1, "regularized": "rectangle" }, "geometry": { "type": "Polygon", "coordinates": [ [ [ 395889.53125, 3783271.0 ], [ 395904.15625, 3783271.0 ], [ 395904.15625, 3783283.0 ], [ 395889.53125, 3783283.0 ], [ 395889.53125, 3783271.0 ] ] ] } },
{ "type": "Feature", "properties": { "confidence": 0.98858368396759033, "class": 1, "regularized": null }, "geometry": { "type": "Polygon", "coordinates": [ [ [ 395590.132248219742905, 3783197.456765004899353 ], [ 395589.827060020354111, 3783197.151576805859804 ], [ 395589.521871820965316, 3783197.151576805859804 ], [ 395588.911495422187727, 3783196.541200406849384 ], [ 395588.301119023410138, 3783196.541200406849384 ], [ 395587.995930824021343, 3783196.236012207344174 ], [ 395587.080366225854959, 3783196.236012207344174 ], [ 395586.775178026466165, 3783196.541200406849384 ], [ 395585.859613428299781, 3783195.625635808799416 ], [ 395585.859613428299781, 3783193.184130213689059 ], [ 395586.164801627688576, 3783192.878942014183849 ], [ 395586.164801627688576, 3783191.963377416133881 ], [ 395586.46998982707737, 3783191.658189216628671 ], [ 395586.46998982707737, 3783191.047812818083912 ], [ 395586.775178026466165, 3783190.742624618578702 ], [ 395586.775178026466165, 3783190.437436419073492 ], [ 395587.385554425243754, 3783189.827060020528734 ], [ 395587.385554425243754, 3783189.521871821023524 ], [ 395588.301119023410138, 3783188.606307222973555 ], [ 395588.301119023410138, 3783188.301119023468345 ], [ 395588.606307222798932, 3783187.995930823963135 ], [ 395588.606307222798932, 3783187.690742624457926 ], [ 395591.047812817909289, 3783185.249237029347569 ], [ 395591.047812817909289, 3783184.94404883030802 ], [ 395592.573753814853262, 3783183.418107833247632 ], [ 395593.489318413019646, 3783183.418107833247632 ], [ 395594.40488301118603, 3783184.3336724312976 ], [ 395594.40488301118603, 3783185.859613428357989 ], [ 395594.099694811797235, 3783186.164801627863199 ], [ 395594.099694811797235, 3783187.080366225913167 ], [ 395593.794506612408441, 3783187.385554425418377 ], [ 395593.794506612408441, 3783187.995930823963135 ], [ 395594.099694811797235, 3783188.301119023468345 ], [ 395594.099694811797235, 3783189.216683621518314 ], [ 395594.40488301118603, 3783189.521871821023524 ], [ 395594.40488301118603, 3783195.930824008304626 ], [ 395593.794506612408441, 3783196.541200406849384 ], [ 395593.184130213630851, 3783196.541200406849384 ], [ 395592.878942014242057, 3783196.846388606354594 ], [ 395592.573753814853262, 3783196.846388606354594 ], [ 395592.268565615464468, 3783197.151576805859804 ], [ 395591.963377416075673, 3783197.151576805859804 ], [ 395591.658189216686878, 3783197.456765004899353 ], [ 395590.132248219742905, 3783197.456765004899353 ] ] ] } },
{ "type": "Feature", "properties": { "confidence": 0.98788559436798096, "class": 1, "regularized": null }, "geometry": { "type": "Polygon", "coordinates": [ [ [ 395528.484231943031773, 3783279.857578840106726 ], [ 395527.873855544254184, 3783279.247202441561967 ], [ 395527.873855544254184, 3783278.942014242056757 ], [ 395527.568667344865389, 3783278.636826042551547 ], [ 395527.568667344865389, 3783278.026449644006789 ], [ 395527.263479145476595, 3783277.721261444501579 ], [ 395527.263479145476595, 3783277.416073244996369 ], [ 395526.653102746699005, 3783276.80569684645161 ], [ 395526.653102746699005, 3783274.974567649886012 ], [ 395526.9582909460878, 3783274.669379450846463 ], [ 395527.263479145476595, 3783274.669379450846463 ], [ 395527.568667344865389, 3783274.364191251341254 ], [ 395528.179043743642978, 3783274.364191251341254 ], [ 395528.484231943031773, 3783274.059003051836044 ], [ 395528.789420142420568, 3783274.059003051836044 ], [ 395529.399796541198157, 3783273.448626653291285 ], [ 395529.704984740586951, 3783273.448626653291285 ], [ 395530.010172939975746, 3783273.143438453786075 ], [ 395530.315361139364541, 3783273.143438453786075 ], [ 395530.92573753814213, 3783272.533062054775655 ], [ 395531.230925737530924, 3783272.533062054775655 ], [ 395531.536113936919719, 3783272.227873855736107 ], [ 395532.146490335697308, 3783272.227873855736107 ], [ 395532.451678535086103, 3783271.922685656230897 ], [ 395533.062054933863692, 3783271.922685656230897 ], [ 395533.367243133252487, 3783271.617497456725687 ], [ 395533.977619532030076, 3783271.617497456725687 ], [ 395534.28280773141887, 3783271.312309257220477 ], [ 395536.419125127140433, 3783271.312309257220477 ], [ 395536.724313326529227, 3783271.617497456725687 ], [ 395536.724313326529227, 3783273.753814852330834 ], [ 395536.419125127140433, 3783274.059003051836044 ], [ 395536.419125127140433, 3783274.364191251341254 ], [ 395536.113936927751638, 3783274.364191251341254 ], [ 395535.808748728362843, 3783274.669379450846463 ], [ 395535.503560528974049, 3783274.669379450846463 ], [ 395534.587995930807665, 3783275.584944048896432 ], [ 395534.587995930807665, 3783277.11088504595682 ], [ 395534.89318413019646, 3783277.416073244996369 ], [ 395534.89318413019646, 3783277.721261444501579 ], [ 395533.672431332641281, 3783278.942014242056757 ], [ 395533.062054933863692, 3783278.942014242056757 ], [ 395532.756866734474897, 3783279.247202441561967 ], [ 395531.841302136308514, 3783279.247202441561967 ], [ 395531.536113936919719, 3783279.552390641067177 ], [ 395530.315361139364541, 3783279.552390641067177 ], [ 395530.010172939975746, 3783279.857578840106726 ], [ 395528.484231943031773, 3783279.857578840106726 ] ] ] } },
{ "type": "Feature", "properties": { "confidence": 0.98709273338317871, "class": 1, "regularized": null }, "geometry": { "type": "Polygon", "coordinates": [ [ [ 395945.371312309231143, 3783416.581892166752368 ], [ 395945.066124109842349, 3783416.276703967247158 ], [ 395939.572736520844046, 3783416.276703967247158 ], [ 395939.267548321455251, 3783415.97151576820761 ], [ 395938.962360122066457, 3783415.97151576820761 ], [ 395938.657171922677662, 3783415.6663275687024 ], [ 395938.657171922677662, 3783413.530010173097253 ], [ 395938.962360122066457, 3783413.224821973592043 ], [ 395938.962360122066457, 3783408.341810783371329 ], [ 395938.657171922677662, 3783408.036622583866119 ], [ 395938.657171922677662, 3783406.815869786310941 ], [ 395938.962360122066457, 3783406.510681586805731 ], [ 395938.962360122066457, 3783405.900305188260972 ], [ 395939.877924720232841, 3783405.900305188260972 ], [ 395940.183112919621635, 3783406.205493387766182 ], [ 395940.793489318399224, 3783406.205493387766182 ], [ 395941.098677517788019, 3783406.510681586805731 ], [ 395943.234994913509581, 3783406.510681586805731 ], [ 395943.540183112898376, 3783406.205493387766182 ], [ 395945.066124109842349, 3783406.205493387766182 ], [ 395945.371312309231143, 3783406.510681586805731 ], [ 395945.676500508619938, 3783406.510681586805731 ], [ 395945.981688708008733, 3783406.815869786310941 ], [ 395946.897253306233324, 3783406.815869786310941 ], [ 395947.202441505622119, 3783407.121057985816151 ], [ 395947.507629705010913, 3783407.121057985816151 ], [ 395947.507629705010913, 3783415.6663275687024 ], [ 395947.202441505622119, 3783415.97151576820761 ], [ 395947.202441505622119, 3783416.276703967247158 ], [ 395945.981688708008733, 3783416.276703967247158 ], [ 395945.676500508619938, 3783416.581892166752368 ], [ 395945.371312309231143, 3783416.581892166752368 ] ] ] } },
{ "type": "Feature", "properties": { "confidence": 0.98681032657623291, "class": 1, "regularized": null }, "geometry": { "type": "Polygon", "coordinates": [ [ [ 395901.119023397739511, 3783483.723296032752842 ], [ 395900.813835198350716, 3783483.418107833247632 ], [ 395900.813835198350716, 3783478.229908443521708 ], [ 395901.119023397739511, 3783477.924720244016498 ], [ 395902.034587995905895, 3783477.924720244016498 ], [ 395902.339776195294689, 3783477.61953204497695 ], [ 395905.391658189240843, 3783477.61953204497695 ], [ 395906.002034588018432, 3783478.229908443521708 ], [ 395906.002034588018432, 3783479.145473041571677 ], [ 395906.307222787407227, 3783479.450661241076887 ], [ 395906.307222787407227, 3783483.112919633742422 ], [ 395906.002034588018432, 3783483.418107833247632 ], [ 395905.696846388629638, 3783483.418107833247632 ], [ 395905.391658189240843, 3783483.723296032752842 ], [ 395901.119023397739511, 3783483.723296032752842 ] ] ] } },
{ "type": "Feature", "properties": { "confidence": 0.98641544580459595, "class": 1, "regularized": null }, "geometry": { "type": "Polygon", "coordinates": [ [ [ 395490.335707019316033, 3783156.256358087528497 ], [ 395490.335707019316033, 3783155.951169888023287 ], [ 395489.725330620538443, 3783155.340793489478528 ], [ 395489.725330620538443, 3783155.035605289973319 ], [ 395489.420142421149649, 3783154.730417090468109 ], [ 395489.420142421149649, 3783154.12004069192335 ], [ 395489.114954221760854, 3783153.81485249241814 ], [ 395489.114954221760854, 3783153.50966429291293 ], [ 395488.80976602237206, 3783153.20447609340772 ], [ 395488.80976602237206, 3783152.288911495357752 ], [ 395488.504577822983265, 3783151.983723295852542 ], [ 395488.504577822983265, 3783150.762970498297364 ], [ 395490.335707019316033, 3783150.762970498297364 ], [ 395490.640895218704827, 3783150.457782299257815 ], [ 395492.1668362156488, 3783150.457782299257815 ], [ 395492.472024415037595, 3783150.762970498297364 ], [ 395492.777212614426389, 3783150.762970498297364 ], [ 395492.777212614426389, 3783151.068158697802573 ], [ 395493.082400813815184, 3783151.373346897307783 ], [ 395493.082400813815184, 3783151.983723295852542 ], [ 395493.387589013203979, 3783152.288911495357752 ], [ 395493.387589013203979, 3783152.594099694862962 ], [ 395493.692777212592773, 3783152.899287894368172 ], [ 395493.692777212592773, 3783154.425228890962899 ], [ 395493.997965411981568, 3783154.730417090468109 ], [ 395493.997965411981568, 3783155.645981688518077 ], [ 395494.303153611370362, 3783155.951169888023287 ], [ 395494.303153611370362, 3783156.256358087528497 ], [ 395490.335707019316033, 3783156.256358087528497 ] ] ] } },
{ "type": "Feature", "properties": { "confidence": 0.98625063896179199, "class": 1, "regularized": null }, "geometry": { "type": "Polygon", "coordinates": [ [ [ 395848.626653102750424, 3783400.712105798535049 ], [ 395848.32146490336163, 3783400.406917599029839 ], [ 395848.016276703972835, 3783400.406917599029839 ], [ 395847.71108850458404, 3783400.10172939999029 ], [ 395847.405900305195246, 3783400.10172939999029 ], [ 395846.795523906417657, 3783399.491353000979871 ], [ 395846.490335707028862, 3783399.491353000979871 ], [ 395845.879959308251273, 3783398.880976602435112 ], [ 395845.574771108862478, 3783398.880976602435112 ], [ 395845.269582909473684, 3783398.575788402929902 ], [ 395844.659206510696094, 3783398.575788402929902 ], [ 395844.048830111918505, 3783397.965412003919482 ], [ 395843.743641912529711, 3783397.965412003919482 ], [ 395843.743641912529711, 3783394.913530010264367 ], [ 395844.048830111918505, 3783394.913530010264367 ], [ 395844.3540183113073, 3783394.608341810759157 ], [ 395844.659206510696094, 3783394.608341810759157 ], [ 395844.964394710084889, 3783394.303153611253947 ], [ 395848.32146490336163, 3783394.303153611253947 ], [ 395848.626653102750424, 3783394.608341810759157 ], [ 395848.626653102750424, 3783394.913530010264367 ], [ 395849.237029501528013, 3783395.523906408809125 ], [ 395849.237029501528013, 3783396.439471007324755 ], [ 395849.542217700916808, 3783396.744659206364304 ], [ 395849.542217700916808, 3783397.965412003919482 ], [ 395849.847405900305603, 3783398.270600203424692 ], [ 395849.847405900305603, 3783400.406917599029839 ], [ 395849.542217700916808, 3783400.712105798535049 ], [ 395848.626653102750424, 3783400.712105798535049 ] ] ] } },
{ "type": "Feature", "properties": { "confidence": 0.9862293004989624, "class": 1, "regularized": null }, "geometry": { "type": "Polygon", "coordinates": [ [ [ 395677.721261444559786, 3783131.230925737414509 ], [ 395677.721261444559786, 3783128.179043743759394 ], [ 395678.026449643948581, 3783127.873855544254184 ], [ 395678.026449643948581, 3783126.653102746699005 ], [ 395678.331637843337376, 3783126.347914547193795 ], [ 395678.331637843337376, 3783126.042726347688586 ], [ 395678.63682604272617, 3783125.737538148649037 ], [ 395678.942014242114965, 3783125.737538148649037 ], [ 395679.247202441503759, 3783125.432349949143827 ], [ 395679.552390640892554, 3783125.432349949143827 ], [ 395679.857578840281349, 3783125.127161749638617 ], [ 395680.162767039670143, 3783125.127161749638617 ], [ 395680.467955239058938, 3783124.821973550133407 ], [ 395680.773143438447732, 3783124.821973550133407 ], [ 395681.078331637836527, 3783124.516785351093858 ], [ 395681.688708036614116, 3783124.516785351093858 ], [ 395681.993896236002911, 3783124.211597151588649 ], [ 395682.6042726347805, 3783124.211597151588649 ], [ 395682.909460834169295, 3783123.906408952083439 ], [ 395683.214649033558089, 3783123.906408952083439 ], [ 395683.519837232946884, 3783123.601220752578229 ], [ 395684.130213631724473, 3783123.601220752578229 ], [ 395684.435401831113268, 3783123.29603255353868 ], [ 395685.656154628668446, 3783123.29603255353868 ], [ 395685.961342828057241, 3783123.601220752578229 ], [ 395686.266531027446035, 3783123.601220752578229 ], [ 395686.266531027446035, 3783123.906408952083439 ], [ 395686.57171922683483, 3783124.211597151588649 ], [ 395686.57171922683483, 3783124.516785351093858 ], [ 395686.876907426223624, 3783124.821973550133407 ], [ 395686.876907426223624, 3783125.127161749638617 ], [ 395687.182095625612419, 3783125.432349949143827 ], [ 395687.182095625612419, 3783125.737538148649037 ], [ 395687.487283825001214, 3783126.042726347688586 ], [ 395687.792472024390008, 3783126.042726347688586 ], [ 395687.792472024390008, 3783128.484231942798942 ], [ 395687.487283825001214, 3783128.789420142304152 ], [ 395687.487283825001214, 3783130.010172939859331 ], [ 395687.182095625612419, 3783130.315361139364541 ], [ 395687.182095625612419, 3783130.62054933886975 ], [ 395686.876907426223624, 3783130.92573753837496 ], [ 395686.876907426223624, 3783131.230925737414509 ], [ 395677.721261444559786, 3783131.230925737414509 ] ] ] } },
{ "type": "Feature", "properties": { "confidence": 0.98617595434188843, "class": 1, "regularized": null }, "geometry": { "type": "Polygon", "coordinates": [ [ [ 395643.84537131228717, 3783447.405900305137038 ], [ 395643.540183112898376, 3783447.100712105631828 ], [ 395643.234994913509581, 3783447.100712105631828 ], [ 395642.929806714120787, 3783446.79552390659228 ], [ 395642.319430315343197, 3783446.79552390659228 ], [ 395642.014242115954403, 3783446.49033570708707 ], [ 395641.709053916565608, 3783446.49033570708707 ], [ 395640.793489318399224, 3783445.574771109037101 ], [ 395640.793489318399224, 3783444.048830111976713 ], [ 395649.338758901343681, 3783444.048830111976713 ], [ 395649.338758901343681, 3783444.354018311481923 ], [ 395649.033570701954886, 3783444.659206510521472 ], [ 395649.033570701954886, 3783445.574771109037101 ], [ 395648.423194303177297, 3783446.18514750758186 ], [ 395647.507629705010913, 3783446.18514750758186 ], [ 395647.202441505622119, 3783446.49033570708707 ], [ 395646.59206510684453, 3783446.49033570708707 ], [ 395646.286876907397527, 3783446.79552390659228 ], [ 395645.981688708008733, 3783446.79552390659228 ], [ 395645.676500508619938, 3783447.100712105631828 ], [ 395645.676500508619938, 3783447.405900305137038 ], [ 395643.84537131228717, 3783447.405900305137038 ] ] ] } },
{ "type": "Feature", "properties": { "confidence": 0.98520827293395996, "class": 1, "regularized": "rectangle" }, "geometry": { "type": "Polygon", "coordinates": [ [ [ 395810.5, 3783000.25 ], [ 395819.625, 3783000.25 ], [ 395819.625, 3783016.75 ], [ 395810.5, 3783016.75 ], [ 395810.5, 3783000.25 ] ] ] } },
{ "type": "Feature", "properties": { "confidence": 0.98365849256515503, "class": 1, "regularized": null }, "geometry": { "type": "Polygon", "coordinates": [ [ [ 395456.765005086490419, 3783571.617497456725687 ], [ 395456.765005086490419, 3783567.039674466010183 ], [ 395456.459816887101624, 3783566.734486266504973 ], [ 395456.15462868771283, 3783566.734486266504973 ], [ 395456.15462868771283, 3783566.429298066999763 ], [ 395456.459816887101624, 3783566.124109867960215 ], [ 395456.459816887101624, 3783565.818921668455005 ], [ 395456.765005086490419, 3783565.513733468949795 ], [ 395456.765005086490419, 3783565.208545269444585 ], [ 395457.070193285879213, 3783564.903357070405036 ], [ 395457.375381485268008, 3783564.903357070405036 ], [ 395457.680569684656803, 3783564.598168870899826 ], [ 395457.985757884045597, 3783564.598168870899826 ], [ 395458.290946083434392, 3783564.292980671394616 ], [ 395459.51169888098957, 3783564.292980671394616 ], [ 395459.816887080378365, 3783563.987792471889406 ], [ 395461.037639877933543, 3783563.987792471889406 ], [ 395461.342828077322338, 3783564.292980671394616 ], [ 395461.953204476099927, 3783564.292980671394616 ], [ 395461.953204476099927, 3783564.598168870899826 ], [ 395462.258392675488722, 3783564.903357070405036 ], [ 395462.563580874877516, 3783564.903357070405036 ], [ 395462.563580874877516, 3783565.208545269444585 ], [ 395462.868769074266311, 3783565.513733468949795 ], [ 395463.784333672432695, 3783565.513733468949795 ], [ 395463.784333672432695, 3783565.818921668455005 ], [ 395464.089521871821489, 3783566.124109867960215 ], [ 395464.394710071210284, 3783566.124109867960215 ], [ 395464.394710071210284, 3783566.429298066999763 ], [ 395465.005086469987873, 3783567.039674466010183 ], [ 395465.310274669376668, 3783567.039674466010183 ], [ 395465.310274669376668, 3783567.344862665515393 ], [ 395465.615462868765462, 3783567.650050864554942 ], [ 395465.615462868765462, 3783569.78636826062575 ], [ 395462.563580874877516, 3783569.78636826062575 ], [ 395462.258392675488722, 3783570.091556459665298 ], [ 395461.648016276711132, 3783570.091556459665298 ], [ 395461.342828077322338, 3783570.396744659170508 ], [ 395460.732451678544749, 3783570.396744659170508 ], [ 395460.427263479155954, 3783570.701932858675718 ], [ 395459.816887080378365, 3783570.701932858675718 ], [ 395459.51169888098957, 3783571.007121058180928 ], [ 395458.290946083434392, 3783571.007121058180928 ], [ 395457.985757884045597, 3783571.312309257220477 ], [ 395457.375381485268008, 3783571.312309257220477 ], [ 395457.070193285879213, 3783571.617497456725687 ], [ 395456.765005086490419, 3783571.617497456725687 ] ] ] } },
{ "type": "Feature", "properties": { "confidence": 0.98269456624984741, "class": 1, "regularized": null }, "geometry": { "type": "Polygon", "coordinates": [ [ [ 395681.688708036614116, 3783100.10172939999029 ], [ 395681.383519837225322, 3783099.79654120048508 ], [ 395681.078331637836527, 3783099.79654120048508 ], [ 395680.467955239058938, 3783099.186164801474661 ], [ 395680.467955239058938, 3783098.880976602435112 ], [ 395680.162767039670143, 3783098.575788402929902 ], [ 395680.162767039670143, 3783096.439471007324755 ], [ 395680.467955239058938, 3783096.134282807819545 ], [ 395681.078331637836527, 3783096.134282807819545 ], [ 395681.383519837225322, 3783095.829094608314335 ], [ 395681.993896236002911, 3783095.829094608314335 ], [ 395682.299084435391705, 3783095.523906408809125 ], [ 395683.825025432335678, 3783095.523906408809125 ], [ 395684.130213631724473, 3783095.218718209769577 ], [ 395685.656154628668446, 3783095.218718209769577 ], [ 395685.961342828057241, 3783094.913530010264367 ], [ 395686.876907426223624, 3783094.913530010264367 ], [ 395687.792472024390008, 3783095.829094608314335 ], [ 395687.792472024390008, 3783096.134282807819545 ], [ 395688.402848423167598, 3783096.744659206364304 ], [ 395688.402848423167598, 3783097.965412003919482 ], [ 395688.097660223778803, 3783098.270600203424692 ], [ 395687.182095625612419, 3783098.270600203424692 ], [ 395686.876907426223624, 3783098.575788402929902 ], [ 395686.266531027446035, 3783098.575788402929902 ], [ 395685.961342828057241, 3783098.880976602435112 ], [ 395685.350966429279651, 3783098.880976602435112 ], [ 395685.045778229890857, 3783099.186164801474661 ], [ 395684.435401831113268, 3783099.186164801474661 ], [ 395684.130213631724473, 3783099.491353000979871 ], [ 395683.825025432335678, 3783099.491353000979871 ], [ 395683.519837232946884, 3783099.79654120048508 ], [ 395682.6042726347805, 3783099.79654120048508 ], [ 395682.299084435391705, 3783100.10172939999029 ], [ 395681.688708036614116, 3783100.10172939999029 ] ] ] } },
{ "type": "Feature", "properties": { "confidence": 0.98232585191726685, "class": 1, "regularized": null }, "geometry": { "type": "Polygon", "coordinates": [ [ [ 395776.297049847431481, 3783417.192268565762788 ], [ 395775.686673448653892, 3783416.581892166752368 ], [ 395775.686673448653892, 3783405.289928789250553 ], [ 395775.991861648042686, 3783404.984740590211004 ], [ 395775.991861648042686, 3783404.374364191200584 ], [ 395776.602238046820275, 3783403.763987792655826 ], [ 395781.485249237040989, 3783403.763987792655826 ], [ 395781.485249237040989, 3783406.205493387766182 ], [ 395781.790437436429784, 3783406.510681586805731 ], [ 395781.790437436429784, 3783408.646998982876539 ], [ 395782.095625635818578, 3783408.952187181916088 ], [ 395782.095625635818578, 3783411.393692777026445 ], [ 395782.400813835207373, 3783411.698880976531655 ], [ 395782.400813835207373, 3783415.6663275687024 ], [ 395782.706002034596168, 3783415.97151576820761 ], [ 395782.400813835207373, 3783416.276703967247158 ], [ 395782.400813835207373, 3783416.581892166752368 ], [ 395782.095625635818578, 3783416.887080366257578 ], [ 395781.180061037652194, 3783416.887080366257578 ], [ 395780.8748728382634, 3783416.581892166752368 ], [ 395779.043743641930632, 3783416.581892166752368 ], [ 395778.738555442541838, 3783416.887080366257578 ], [ 395777.517802644986659, 3783416.887080366257578 ], [ 395777.212614445597865, 3783417.192268565762788 ], [ 395776.297049847431481, 3783417.192268565762788 ] ] ] } },
{ "type": "Feature", "properties": { "confidence": 0.98134571313858032, "class": 1, "regularized": null }, "geometry": { "type": "Polygon", "coordinates": [ [ [ 395808.646998982701916, 3783308.545269582886249 ], [ 395808.341810783313122, 3783308.240081383381039 ], [ 395808.036622583924327, 3783308.240081383381039 ], [ 395807.426246185146738, 3783307.62970498483628 ], [ 395807.121057985757943, 3783307.62970498483628 ], [ 395806.510681586980354, 3783307.019328585825861 ], [ 395806.205493387591559, 3783307.019328585825861 ], [ 395805.59511698881397, 3783306.408952187281102 ], [ 395805.289928789425176, 3783306.408952187281102 ], [ 395804.984740590036381, 3783306.103763987775892 ], [ 395804.679552390647586, 3783306.103763987775892 ], [ 395804.374364191258792, 3783305.798575788270682 ], [ 395803.763987792481203, 3783305.798575788270682 ], [ 395803.458799593092408, 3783305.493387589231133 ], [ 395802.848423194314819, 3783305.493387589231133 ], [ 395802.23804679553723, 3783304.883011190220714 ], [ 395802.23804679553723, 3783304.577822990715504 ], [ 395802.543234994926024, 3783304.272634791675955 ], [ 395802.543234994926024, 3783303.967446592170745 ], [ 395802.848423194314819, 3783303.967446592170745 ], [ 395803.153611393703613, 3783303.662258392665535 ], [ 395804.069175991869997, 3783303.662258392665535 ], [ 395804.374364191258792, 3783303.357070193160325 ], [ 395805.289928789425176, 3783303.357070193160325 ], [ 395805.59511698881397, 3783303.051881994120777 ], [ 395807.121057985757943, 3783303.051881994120777 ], [ 395807.426246185146738, 3783302.746693794615567 ], [ 395808.036622583924327, 3783302.746693794615567 ], [ 395808.341810783313122, 3783302.441505595110357 ], [ 395809.257375381479505, 3783302.441505595110357 ], [ 395809.5625635808683, 3783302.746693794615567 ], [ 395809.5625635808683, 3783304.272634791675955 ], [ 395809.257375381479505, 3783304.577822990715504 ], [ 395809.257375381479505, 3783307.32451678533107 ], [ 395809.5625635808683, 3783307.62970498483628 ], [ 395809.5625635808683, 3783308.545269582886249 ], [ 395808.646998982701916, 3783308.545269582886249 ] ] ] } },
{ "type": "Feature", "properties": { "confidence": 0.98118549585342407, "class": 1, "regularized": "rectangle" }, "geometry": { "type": "Polygon", "coordinates": [ [ [ 395931.03125, 3783221.0 ], [ 395946.59375, 3783221.0 ], [ 395946.59375, 3783230.0 ], [ 395931.03125, 3783230.0 ], [ 395931.03125, 3783221.0 ] ] ] } },
{ "type": "Feature", "properties": { "confidence": 0.97935813665390015, "class": 1, "regularized": null }, "geometry": { "type": "Polygon", "coordinates": [ [ [ 395912.410986775183119, 3783556.663275686558336 ], [ 395912.105798575794324, 3783556.358087487053126 ], [ 395911.495422177016735, 3783556.358087487053126 ], [ 395911.19023397762794, 3783556.052899288013577 ], [ 395910.579857578850351, 3783556.052899288013577 ], [ 395910.274669379461557, 3783555.747711088508368 ], [ 395907.527975584962405, 3783555.747711088508368 ], [ 395907.222787385573611, 3783555.442522889003158 ], [ 395906.917599186184816, 3783555.442522889003158 ], [ 395906.917599186184816, 3783555.137334689497948 ], [ 395906.612410986796021, 3783554.832146490458399 ], [ 395906.612410986796021, 3783553.306205493398011 ], [ 395906.917599186184816, 3783553.001017293892801 ], [ 395906.917599186184816, 3783552.390640895348042 ], [ 395908.138351983739994, 3783551.169888097792864 ], [ 395908.138351983739994, 3783550.864699898287654 ], [ 395908.443540183128789, 3783550.864699898287654 ], [ 395909.053916581906378, 3783550.254323499277234 ], [ 395909.359104781295173, 3783550.254323499277234 ], [ 395909.664292980683967, 3783549.949135300237685 ], [ 395909.969481180072762, 3783549.949135300237685 ], [ 395910.579857578850351, 3783549.338758901227266 ], [ 395910.885045778239146, 3783549.338758901227266 ], [ 395912.410986775183119, 3783547.812817904166877 ], [ 395912.716174974571913, 3783547.812817904166877 ], [ 395913.021363173960708, 3783547.507629705127329 ], [ 395913.631739572738297, 3783547.507629705127329 ], [ 395913.936927772127092, 3783547.202441505622119 ], [ 395914.547304170904681, 3783547.202441505622119 ], [ 395914.852492370293476, 3783547.507629705127329 ], [ 395915.462868769071065, 3783547.507629705127329 ], [ 395915.768056968459859, 3783547.812817904166877 ], [ 395916.378433367237449, 3783547.812817904166877 ], [ 395916.683621566626243, 3783548.118006103672087 ], [ 395917.599186164792627, 3783548.118006103672087 ], [ 395917.904374364181422, 3783548.423194303177297 ], [ 395917.904374364181422, 3783548.728382502682507 ], [ 395918.209562563570216, 3783549.033570701722056 ], [ 395918.209562563570216, 3783554.832146490458399 ], [ 395917.293997965403832, 3783554.832146490458399 ], [ 395916.988809766015038, 3783555.137334689497948 ], [ 395916.073245167848654, 3783555.137334689497948 ], [ 395915.768056968459859, 3783555.442522889003158 ], [ 395915.768056968459859, 3783555.747711088508368 ], [ 395915.462868769071065, 3783556.052899288013577 ], [ 395915.15768056968227, 3783556.052899288013577 ], [ 395914.547304170904681, 3783556.663275686558336 ], [ 395912.410986775183119, 3783556.663275686558336 ] ] ] } },
{ "type": "Feature", "properties": { "confidence": 0.97866940498352051, "class": 1, "regularized": null }, "geometry": { "type": "Polygon", "coordinates": [ [ [ 395858.697863682580646, 3783365.615462868940085 ], [ 395858.697863682580646, 3783365.310274669434875 ], [ 395858.392675483191852, 3783365.005086469929665 ], [ 395858.392675483191852, 3783364.699898270424455 ], [ 395858.087487283803057, 3783364.394710071384907 ], [ 395858.087487283803057, 3783360.122075279708952 ], [ 395858.392675483191852, 3783360.122075279708952 ], [ 395858.697863682580646, 3783359.816887080203742 ], [ 395862.360122075304389, 3783359.816887080203742 ], [ 395862.665310274693184, 3783360.122075279708952 ], [ 395863.580874872859567, 3783360.122075279708952 ], [ 395863.886063072248362, 3783360.427263479214162 ], [ 395864.496439471025951, 3783360.427263479214162 ], [ 395864.801627670414746, 3783360.122075279708952 ], [ 395866.022380467969924, 3783360.122075279708952 ], [ 395866.327568667358719, 3783360.427263479214162 ], [ 395867.243133265525103, 3783360.427263479214162 ], [ 395867.548321464913897, 3783360.732451678719372 ], [ 395867.853509664302692, 3783360.732451678719372 ], [ 395868.158697863691486, 3783361.03763987775892 ], [ 395868.158697863691486, 3783365.615462868940085 ], [ 395858.697863682580646, 3783365.615462868940085 ] ] ] } },
{ "type": "Feature", "properties": { "confidence": 0.97814446687698364, "class": 1, "regularized": null }, "geometry": { "type": "Polygon", "coordinates": [ [ [ 395850.152594099694397, 3783280.162767039611936 ], [ 395849.847405900305603, 3783279.857578840106726 ], [ 395849.542217700916808, 3783279.857578840106726 ], [ 395849.542217700916808, 3783277.416073244996369 ], [ 395849.237029501528013, 3783277.11088504595682 ], [ 395849.237029501528013, 3783276.19532044744119 ], [ 395850.152594099694397, 3783275.279755849391222 ], [ 395851.068158697860781, 3783275.279755849391222 ], [ 395851.373346897249576, 3783274.974567649886012 ], [ 395851.983723296027165, 3783274.974567649886012 ], [ 395852.594099694804754, 3783274.364191251341254 ], [ 395853.509664292971138, 3783274.364191251341254 ], [ 395853.814852492359933, 3783274.059003051836044 ], [ 395854.120040691748727, 3783274.364191251341254 ], [ 395854.730417090526316, 3783274.364191251341254 ], [ 395855.035605289915111, 3783274.059003051836044 ], [ 395855.6459816886927, 3783274.059003051836044 ], [ 395855.951169888081495, 3783273.753814852330834 ], [ 395855.951169888081495, 3783273.448626653291285 ], [ 395856.256358087470289, 3783273.143438453786075 ], [ 395856.256358087470289, 3783272.227873855736107 ], [ 395856.561546286859084, 3783271.922685656230897 ], [ 395857.171922685636673, 3783271.922685656230897 ], [ 395857.477110885025468, 3783271.617497456725687 ], [ 395859.918616480135825, 3783271.617497456725687 ], [ 395860.223804679524619, 3783271.922685656230897 ], [ 395860.223804679524619, 3783273.448626653291285 ], [ 395860.528992878913414, 3783273.753814852330834 ], [ 395860.528992878913414, 3783274.059003051836044 ], [ 395860.834181078360416, 3783274.364191251341254 ], [ 395860.834181078360416, 3783276.5005086469464 ], [ 395860.528992878913414, 3783276.80569684645161 ], [ 395860.528992878913414, 3783277.416073244996369 ], [ 395860.223804679524619, 3783277.721261444501579 ], [ 395860.223804679524619, 3783278.331637843511999 ], [ 395859.918616480135825, 3783278.636826042551547 ], [ 395859.918616480135825, 3783279.247202441561967 ], [ 395859.61342828074703, 3783279.552390641067177 ], [ 395859.61342828074703, 3783279.857578840106726 ], [ 395853.509664292971138, 3783279.857578840106726 ], [ 395853.204476093582343, 3783280.162767039611936 ], [ 395850.152594099694397, 3783280.162767039611936 ] ] ] } },
{ "type": "Feature", "properties": { "confidence": 0.97758913040161133, "class": 1, "regularized": null }, "geometry": { "type": "Polygon", "coordinates": [ [ [ 395553.814852492359933, 3783131.230925737414509 ], [ 395553.814852492359933, 3783130.92573753837496 ], [ 395553.509664292971138, 3783130.62054933886975 ], [ 395553.509664292971138, 3783129.704984740819782 ], [ 395552.899287894193549, 3783129.094608341809362 ], [ 395552.899287894193549, 3783128.789420142304152 ], [ 395552.28891149541596, 3783128.179043743759394 ], [ 395552.28891149541596, 3783127.568667344748974 ], [ 395551.983723296027165, 3783127.263479145243764 ], [ 395551.983723296027165, 3783126.958290946204215 ], [ 395551.67853509663837, 3783126.653102746699005 ], [ 395551.67853509663837, 3783125.432349949143827 ], [ 395551.373346897249576, 3783125.127161749638617 ], [ 395551.373346897249576, 3783124.516785351093858 ], [ 395551.068158697860781, 3783124.211597151588649 ], [ 395551.068158697860781, 3783123.29603255353868 ], [ 395550.762970498471987, 3783122.99084435403347 ], [ 395550.762970498471987, 3783121.770091556478292 ], [ 395552.594099694804754, 3783121.770091556478292 ], [ 395552.899287894193549, 3783122.075279755983502 ], [ 395553.204476093582343, 3783122.075279755983502 ], [ 395553.204476093582343, 3783122.38046795502305 ], [ 395554.120040691748727, 3783123.29603255353868 ], [ 395554.120040691748727, 3783123.906408952083439 ], [ 395554.425228891137522, 3783124.211597151588649 ], [ 395554.425228891137522, 3783124.821973550133407 ], [ 395554.730417090526316, 3783125.127161749638617 ], [ 395554.730417090526316, 3783125.432349949143827 ], [ 395555.035605289915111, 3783125.737538148649037 ], [ 395555.951169888081495, 3783125.737538148649037 ], [ 395555.951169888081495, 3783131.230925737414509 ], [ 395553.814852492359933, 3783131.230925737414509 ] ] ] } },
{ "type": "Feature", "properties": { "confidence": 0.976753830909729, "class": 1, "regularized": null }, "geometry": { "type": "Polygon", "coordinates": [ [ [ 395954.526958290953189, 3783169.684638860635459 ], [ 395954.221770091564395, 3783169.37945066113025 ], [ 395953.9165818921756, 3783169.37945066113025 ], [ 395953.611393692786805, 3783169.07426246162504 ], [ 395953.306205493398011, 3783169.07426246162504 ], [ 395953.306205493398011, 3783168.769074262585491 ], [ 395953.001017294009216, 3783168.463886063080281 ], [ 395953.001017294009216, 3783168.158697863575071 ], [ 395953.306205493398011, 3783167.853509664069861 ], [ 395953.306205493398011, 3783162.665310274809599 ], [ 395953.9165818921756, 3783162.054933875799179 ], [ 395954.526958290953189, 3783162.054933875799179 ], [ 395955.442522889119573, 3783161.139369277749211 ], [ 395955.442522889119573, 3783159.918616480194032 ], [ 395955.137334689730778, 3783159.613428280688822 ], [ 395955.137334689730778, 3783159.308240081183612 ], [ 395955.442522889119573, 3783159.003051882144064 ], [ 395955.442522889119573, 3783158.697863682638854 ], [ 395956.968463886063546, 3783157.171922685578465 ], [ 395956.968463886063546, 3783155.951169888023287 ], [ 395957.273652085452341, 3783155.645981688518077 ], [ 395957.273652085452341, 3783154.730417090468109 ], [ 395957.578840284841135, 3783154.425228890962899 ], [ 395958.799593082396314, 3783154.425228890962899 ], [ 395959.104781281785108, 3783154.730417090468109 ], [ 395959.104781281785108, 3783155.035605289973319 ], [ 395958.799593082396314, 3783155.340793489478528 ], [ 395958.799593082396314, 3783157.171922685578465 ], [ 395959.104781281785108, 3783157.477110885083675 ], [ 395959.409969481173903, 3783157.477110885083675 ], [ 395959.409969481173903, 3783157.782299084588885 ], [ 395960.020345879951492, 3783158.392675483133644 ], [ 395960.325534079340287, 3783158.392675483133644 ], [ 395960.630722278729081, 3783158.697863682638854 ], [ 395960.935910478117876, 3783158.697863682638854 ], [ 395960.935910478117876, 3783160.223804679699242 ], [ 395961.24109867750667, 3783160.528992878738791 ], [ 395961.24109867750667, 3783163.275686673354357 ], [ 395960.935910478117876, 3783163.580874872859567 ], [ 395960.935910478117876, 3783165.412004068959504 ], [ 395961.24109867750667, 3783165.717192268464714 ], [ 395961.24109867750667, 3783168.769074262585491 ], [ 395960.935910478117876, 3783169.07426246162504 ], [ 395960.935910478117876, 3783169.37945066113025 ], [ 395960.630722278729081, 3783169.684638860635459 ], [ 395954.526958290953189, 3783169.684638860635459 ] ] ] } },
{ "type": "Feature", "properties": { "confidence": 0.97646278142929077, "class": 1, "regularized": "rectangle" }, "geometry": { "type": "Polygon", "coordinates": [ [ [ 395889.1875, 3783317.0 ], [ 395906.3125, 3783317.0 ], [ 395906.3125, 3783328.0 ], [ 395889.1875, 3783328.0 ], [ 395889.1875, 3783317.0 ] ] ] } },
{ "type": "Feature", "properties": { "confidence": 0.97607564926147461, "class": 1, "regularized": null }, "geometry": { "type": "Polygon", "coordinates": [ [ [ 395622.482197355013341, 3783440.996948117855936 ], [ 395621.871820956235752, 3783440.386571719311178 ], [ 395621.871820956235752, 3783440.081383519805968 ], [ 395620.956256358069368, 3783439.165818921755999 ], [ 395620.956256358069368, 3783438.860630722250789 ], [ 395619.735503560514189, 3783437.639877924695611 ], [ 395619.735503560514189, 3783437.029501526150852 ], [ 395619.430315361125395, 3783436.724313326645643 ], [ 395619.430315361125395, 3783435.503560529090464 ], [ 395619.1251271617366, 3783435.198372329585254 ], [ 395619.1251271617366, 3783434.282807731535286 ], [ 395619.430315361125395, 3783433.977619532030076 ], [ 395619.430315361125395, 3783433.672431332524866 ], [ 395619.735503560514189, 3783433.367243133485317 ], [ 395620.040691759902984, 3783433.367243133485317 ], [ 395620.345879959291779, 3783433.062054933980107 ], [ 395620.651068158680573, 3783433.062054933980107 ], [ 395621.261444557458162, 3783433.672431332524866 ], [ 395621.871820956235752, 3783433.672431332524866 ], [ 395622.177009155624546, 3783433.367243133485317 ], [ 395622.177009155624546, 3783433.062054933980107 ], [ 395622.482197355013341, 3783432.756866734474897 ], [ 395622.482197355013341, 3783432.451678534969687 ], [ 395623.702950152568519, 3783432.451678534969687 ], [ 395623.702950152568519, 3783432.756866734474897 ], [ 395624.008138351957314, 3783433.062054933980107 ], [ 395625.2288911495707, 3783433.062054933980107 ], [ 395625.2288911495707, 3783433.367243133485317 ], [ 395625.839267548348289, 3783433.977619532030076 ], [ 395625.839267548348289, 3783435.808748728595674 ], [ 395625.534079348959494, 3783436.113936927635223 ], [ 395625.534079348959494, 3783437.639877924695611 ], [ 395625.839267548348289, 3783437.945066124200821 ], [ 395625.839267548348289, 3783439.776195320300758 ], [ 395625.2288911495707, 3783440.386571719311178 ], [ 395624.923702950123698, 3783440.386571719311178 ], [ 395624.618514750734903, 3783440.691759918816388 ], [ 395623.702950152568519, 3783440.691759918816388 ], [ 395623.397761953179725, 3783440.996948117855936 ], [ 395622.482197355013341, 3783440.996948117855936 ] ] ] } },
{ "type": "Feature", "properties": { "confidence": 0.97603058815002441, "class": 1, "regularized": "rectangle" }, "geometry": { "type": "Polygon", "coordinates": [ [ [ 395760.125, 3783158.0 ], [ 395770.5, 3783158.0 ], [ 395770.5, 3783169.0 ], [ 395760.125, 3783169.0 ], [ 395760.125, 3783158.0 ] ] ] } },
{ "type": "Feature", "properties": { "confidence": 0.97504037618637085, "class": 1, "regularized": "rectangle" }, "geometry": { "type": "Polygon", "coordinates": [ [ [ 395877.9375, 3783500.0 ], [ 395886.4375, 3783500.0 ], [ 395886.4375, 3783515.5 ], [ 395877.9375, 3783515.5 ], [ 395877.9375, 3783500.0 ] ] ] } },
{ "type": "Feature", "properties": { "confidence": 0.97390943765640259, "class": 1, "regularized": "rectangle" }, "geometry": { "type": "Polygon", "coordinates": [ [ [ 395848.3125, 3783516.5 ], [ 395848.3125, 3783503.5 ], [ 395859.875, 3783503.5 ], [ 395859.875, 3783516.5 ], [ 395848.3125, 3783516.5 ] ] ] } },
{ "type": "Feature", "properties": { "confidence": 0.97180724143981934, "class": 1, "regularized": null }, "geometry": { "type": "Polygon", "coordinates": [ [ [ 395653.001017294009216, 3783424.821973550133407 ], [ 395652.390640895231627, 3783424.211597151588649 ], [ 395652.390640895231627, 3783423.906408952083439 ], [ 395652.085452695842832, 3783423.601220752578229 ], [ 395652.085452695842832, 3783422.68565615452826 ], [ 395651.780264496454038, 3783422.38046795502305 ], [ 395651.780264496454038, 3783421.159715157467872 ], [ 395652.085452695842832, 3783421.159715157467872 ], [ 395652.695829094620422, 3783420.549338758923113 ], [ 395653.001017294009216, 3783420.549338758923113 ], [ 395653.611393692786805, 3783419.938962359912694 ], [ 395653.9165818921756, 3783419.938962359912694 ], [ 395654.221770091564395, 3783419.633774160873145 ], [ 395655.442522889119573, 3783419.633774160873145 ], [ 395655.747711088508368, 3783419.938962359912694 ], [ 395656.052899287897162, 3783419.938962359912694 ], [ 395656.358087487285957, 3783420.244150559417903 ], [ 395656.358087487285957, 3783420.854526958428323 ], [ 395656.663275686674751, 3783421.159715157467872 ], [ 395656.663275686674751, 3783423.906408952083439 ], [ 395656.358087487285957, 3783424.211597151588649 ], [ 395656.052899287897162, 3783424.211597151588649 ], [ 395655.747711088508368, 3783424.516785351093858 ], [ 395655.137334689730778, 3783424.516785351093858 ], [ 395654.832146490341984, 3783424.821973550133407 ], [ 395653.001017294009216, 3783424.821973550133407 ] ] ] } },
{ "type": "Feature", "properties": { "confidence": 0.97101956605911255, "class": 1, "regularized": null }, "geometry": { "type": "Polygon", "coordinates": [ [ [ 395439.369277721270919, 3783578.331637843511999 ], [ 395438.75890132249333, 3783577.721261444501579 ], [ 395438.75890132249333, 3783577.416073244996369 ], [ 395438.453713123104535, 3783577.11088504595682 ], [ 395438.453713123104535, 3783576.19532044744119 ], [ 395438.14852492371574, 3783575.890132248401642 ], [ 395438.14852492371574, 3783575.279755849391222 ], [ 395437.843336724326946, 3783574.974567649886012 ], [ 395437.843336724326946, 3783574.364191251341254 ], [ 395437.538148524938151, 3783574.059003051836044 ], [ 395437.538148524938151, 3783573.753814852330834 ], [ 395437.232960325549357, 3783573.448626653291285 ], [ 395437.232960325549357, 3783572.838250254280865 ], [ 395437.538148524938151, 3783572.533062054775655 ], [ 395438.14852492371574, 3783572.533062054775655 ], [ 395438.453713123104535, 3783572.227873855736107 ], [ 395439.064089521882124, 3783572.227873855736107 ], [ 395439.369277721270919, 3783572.533062054775655 ], [ 395439.674465920659713, 3783572.533062054775655 ], [ 395440.590030518826097, 3783573.448626653291285 ], [ 395440.895218718214892, 3783573.448626653291285 ], [ 395442.421159715158865, 3783574.974567649886012 ], [ 395442.726347914547659, 3783574.974567649886012 ], [ 395443.031536113936454, 3783575.279755849391222 ], [ 395443.336724313325249, 3783575.279755849391222 ], [ 395443.641912512714043, 3783575.584944048896432 ], [ 395443.947100712102838, 3783575.584944048896432 ], [ 395444.252288911491632, 3783575.890132248401642 ], [ 395444.252288911491632, 3783578.026449644006789 ], [ 395442.421159715158865, 3783578.026449644006789 ], [ 395442.11597151577007, 3783578.331637843511999 ], [ 395439.369277721270919, 3783578.331637843511999 ] ] ] } },
{ "type": "Feature", "properties": { "confidence": 0.97090065479278564, "class": 1, "regularized": null }, "geometry": { "type": "Polygon", "coordinates": [ [ [ 395851.983723296027165, 3783267.650050864554942 ], [ 395851.67853509663837, 3783267.344862665515393 ], [ 395850.457782299083192, 3783267.344862665515393 ], [ 395850.152594099694397, 3783267.039674466010183 ], [ 395849.847405900305603, 3783267.039674466010183 ], [ 395849.542217700916808, 3783266.734486266504973 ], [ 395849.542217700916808, 3783266.124109867960215 ], [ 395849.237029501528013, 3783265.818921668455005 ], [ 395849.237029501528013, 3783265.513733468949795 ], [ 395848.931841302139219, 3783265.208545269444585 ], [ 395848.32146490336163, 3783265.208545269444585 ], [ 395848.016276703972835, 3783264.903357070405036 ], [ 395847.100712105806451, 3783264.903357070405036 ], [ 395846.490335707028862, 3783264.292980671394616 ], [ 395846.490335707028862, 3783258.494404883123934 ], [ 395846.795523906417657, 3783258.189216683618724 ], [ 395846.795523906417657, 3783257.884028484113514 ], [ 395847.405900305195246, 3783257.273652085568756 ], [ 395849.847405900305603, 3783257.273652085568756 ], [ 395850.152594099694397, 3783257.578840285073966 ], [ 395851.67853509663837, 3783257.578840285073966 ], [ 395852.28891149541596, 3783258.189216683618724 ], [ 395852.28891149541596, 3783258.494404883123934 ], [ 395852.594099694804754, 3783258.799593082629144 ], [ 395852.594099694804754, 3783259.104781281668693 ], [ 395852.899287894193549, 3783259.409969481173903 ], [ 395852.899287894193549, 3783259.715157680679113 ], [ 395853.204476093582343, 3783260.020345880184323 ], [ 395853.204476093582343, 3783260.325534079223871 ], [ 395853.509664292971138, 3783260.630722278729081 ], [ 395853.509664292971138, 3783261.54628687677905 ], [ 395853.814852492359933, 3783261.85147507628426 ], [ 395853.509664292971138, 3783262.156663275789469 ], [ 395853.509664292971138, 3783263.682604272849858 ], [ 395853.814852492359933, 3783263.987792471889406 ], [ 395853.814852492359933, 3783264.292980671394616 ], [ 395854.120040691748727, 3783264.598168870899826 ], [ 395854.120040691748727, 3783264.903357070405036 ], [ 395854.425228891137522, 3783265.208545269444585 ], [ 395854.425228891137522, 3783265.818921668455005 ], [ 395854.730417090526316, 3783266.124109867960215 ], [ 395854.730417090526316, 3783267.344862665515393 ], [ 395854.425228891137522, 3783267.650050864554942 ], [ 395851.983723296027165, 3783267.650050864554942 ] ] ] } },
{ "type": "Feature", "properties": { "confidence": 0.97085648775100708, "class": 1, "regularized": null }, "geometry": { "type": "Polygon", "coordinates": [ [ [ 395960.935910478117876, 3783180.671414038632065 ], [ 395960.630722278729081, 3783180.366225839126855 ], [ 395959.409969481173903, 3783180.366225839126855 ], [ 395959.104781281785108, 3783180.061037640087306 ], [ 395958.799593082396314, 3783180.061037640087306 ], [ 395958.799593082396314, 3783177.31434384547174 ], [ 395958.494404883007519, 3783177.00915564596653 ], [ 395958.494404883007519, 3783176.093591047916561 ], [ 395958.189216683618724, 3783175.788402848411351 ], [ 395958.189216683618724, 3783173.957273652311414 ], [ 395958.494404883007519, 3783173.652085452806205 ], [ 395961.24109867750667, 3783173.652085452806205 ], [ 395961.546286876895465, 3783173.957273652311414 ], [ 395962.156663275673054, 3783173.957273652311414 ], [ 395962.156663275673054, 3783174.872838250361383 ], [ 395962.461851475061849, 3783175.178026449866593 ], [ 395962.461851475061849, 3783175.483214648906142 ], [ 395963.072227873839438, 3783176.093591047916561 ], [ 395963.072227873839438, 3783176.398779247421771 ], [ 395963.377416073228233, 3783176.70396744646132 ], [ 395963.377416073228233, 3783179.145473041571677 ], [ 395963.682604272617027, 3783179.450661241076887 ], [ 395963.682604272617027, 3783180.366225839126855 ], [ 395963.377416073228233, 3783180.671414038632065 ], [ 395960.935910478117876, 3783180.671414038632065 ] ] ] } },
{ "type": "Feature", "properties": { "confidence": 0.97071301937103271, "class": 1, "regularized": null }, "geometry": { "type": "Polygon", "coordinates": [ [ [ 395895.320447609352414, 3783560.020345880184323 ], [ 395895.015259409963619, 3783559.715157680679113 ], [ 395891.963377416075673, 3783559.715157680679113 ], [ 395891.658189216686878, 3783559.409969481173903 ], [ 395890.742624618520495, 3783559.409969481173903 ], [ 395890.4374364191317, 3783559.104781281668693 ], [ 395889.827060020354111, 3783559.104781281668693 ], [ 395888.911495422187727, 3783558.189216683618724 ], [ 395888.911495422187727, 3783557.884028484113514 ], [ 395888.606307222798932, 3783557.578840285073966 ], [ 395888.606307222798932, 3783555.747711088508368 ], [ 395888.301119023410138, 3783555.442522889003158 ], [ 395888.301119023410138, 3783552.390640895348042 ], [ 395887.995930824021343, 3783552.085452695842832 ], [ 395887.995930824021343, 3783549.033570701722056 ], [ 395888.301119023410138, 3783548.728382502682507 ], [ 395888.301119023410138, 3783547.812817904166877 ], [ 395891.353001017298084, 3783547.812817904166877 ], [ 395891.658189216686878, 3783548.118006103672087 ], [ 395892.268565615464468, 3783548.118006103672087 ], [ 395892.573753814853262, 3783548.423194303177297 ], [ 395892.878942014242057, 3783548.423194303177297 ], [ 395893.184130213630851, 3783548.728382502682507 ], [ 395894.099694811797235, 3783548.728382502682507 ], [ 395894.40488301118603, 3783549.033570701722056 ], [ 395896.236012207518797, 3783549.033570701722056 ], [ 395896.846388606296387, 3783549.643947100732476 ], [ 395896.846388606296387, 3783549.949135300237685 ], [ 395897.151576805685181, 3783550.254323499277234 ], [ 395897.151576805685181, 3783550.559511698782444 ], [ 395897.456765005073976, 3783550.864699898287654 ], [ 395897.456765005073976, 3783551.169888097792864 ], [ 395897.76195320446277, 3783551.475076296832412 ], [ 395897.76195320446277, 3783553.306205493398011 ], [ 395897.456765005073976, 3783553.611393692903221 ], [ 395897.456765005073976, 3783555.137334689497948 ], [ 395897.151576805685181, 3783555.442522889003158 ], [ 395897.151576805685181, 3783556.052899288013577 ], [ 395896.846388606296387, 3783556.358087487053126 ], [ 395896.541200406907592, 3783556.358087487053126 ], [ 395895.625635808741208, 3783557.273652085568756 ], [ 395895.625635808741208, 3783558.799593082629144 ], [ 395895.930824008130003, 3783559.104781281668693 ], [ 395895.930824008130003, 3783559.715157680679113 ], [ 395895.625635808741208, 3783560.020345880184323 ], [ 395895.320447609352414, 3783560.020345880184323 ] ] ] } },
{ "type": "Feature", "properties": { "confidence": 0.9693407416343689, "class": 1, "regularized": null }, "geometry": { "type": "Polygon", "coordinates": [ [ [ 395501.017293997982051, 3783507.8331637843512 ], [ 395500.712105798593257, 3783507.52797558484599 ], [ 395500.712105798593257, 3783506.917599186301231 ], [ 395501.017293997982051, 3783506.612410986796021 ], [ 395501.017293997982051, 3783503.865717192180455 ], [ 395500.712105798593257, 3783503.560528992675245 ], [ 395501.017293997982051, 3783503.255340793635696 ], [ 395501.017293997982051, 3783502.950152594130486 ], [ 395501.932858596148435, 3783502.034587996080518 ], [ 395502.23804679553723, 3783502.034587996080518 ], [ 395502.543234994926024, 3783501.729399796575308 ], [ 395502.848423194314819, 3783501.729399796575308 ], [ 395503.153611393703613, 3783501.424211597070098 ], [ 395503.763987792481203, 3783501.424211597070098 ], [ 395504.069175991869997, 3783501.119023397564888 ], [ 395504.374364191258792, 3783501.119023397564888 ], [ 395504.679552390647586, 3783500.813835198525339 ], [ 395505.289928789425176, 3783500.813835198525339 ], [ 395505.59511698881397, 3783500.508646999020129 ], [ 395506.510681586980354, 3783500.508646999020129 ], [ 395506.815869786369149, 3783500.20345879951492 ], [ 395508.952187182090711, 3783500.20345879951492 ], [ 395509.257375381479505, 3783500.508646999020129 ], [ 395510.478128179034684, 3783500.508646999020129 ], [ 395510.783316378423478, 3783500.20345879951492 ], [ 395512.309257375367451, 3783500.20345879951492 ], [ 395512.614445574756246, 3783499.89827060000971 ], [ 395512.919633774145041, 3783500.20345879951492 ], [ 395513.53001017292263, 3783500.20345879951492 ], [ 395513.835198372311424, 3783500.508646999020129 ], [ 395513.835198372311424, 3783501.729399796575308 ], [ 395513.53001017292263, 3783502.034587996080518 ], [ 395513.53001017292263, 3783503.560528992675245 ], [ 395512.919633774145041, 3783504.170905391685665 ], [ 395512.309257375367451, 3783504.170905391685665 ], [ 395512.004069175978657, 3783504.476093591190875 ], [ 395511.393692777201068, 3783504.476093591190875 ], [ 395511.088504577812273, 3783504.781281790230423 ], [ 395510.478128179034684, 3783504.781281790230423 ], [ 395510.172939979645889, 3783505.086469989735633 ], [ 395509.5625635808683, 3783505.086469989735633 ], [ 395509.257375381479505, 3783505.391658189240843 ], [ 395508.646998982701916, 3783505.391658189240843 ], [ 395508.341810783313122, 3783505.696846388746053 ], [ 395504.374364191258792, 3783505.696846388746053 ], [ 395503.763987792481203, 3783506.307222787290812 ], [ 395503.763987792481203, 3783506.612410986796021 ], [ 395502.848423194314819, 3783507.52797558484599 ], [ 395502.543234994926024, 3783507.52797558484599 ], [ 395502.23804679553723, 3783507.8331637843512 ], [ 395501.017293997982051, 3783507.8331637843512 ] ] ] } },
{ "type": "Feature", "properties": { "confidence": 0.96720004081726074, "class": 1, "regularized": null }, "geometry": { "type": "Polygon", "coordinates": [ [ [ 395829.704984740586951, 3783479.755849440582097 ], [ 395829.399796541198157, 3783479.450661241076887 ], [ 395829.399796541198157, 3783476.093591047916561 ], [ 395829.704984740586951, 3783475.788402848411351 ], [ 395829.704984740586951, 3783473.652085452806205 ], [ 395829.399796541198157, 3783473.346897253300995 ], [ 395829.399796541198157, 3783471.820956256240606 ], [ 395829.704984740586951, 3783471.515768057201058 ], [ 395836.724313326529227, 3783471.515768057201058 ], [ 395837.029501525918022, 3783471.820956256240606 ], [ 395837.029501525918022, 3783472.431332655251026 ], [ 395837.334689725306816, 3783472.736520854756236 ], [ 395837.334689725306816, 3783478.840284842532128 ], [ 395837.029501525918022, 3783479.145473041571677 ], [ 395837.029501525918022, 3783479.450661241076887 ], [ 395836.724313326529227, 3783479.450661241076887 ], [ 395836.419125127140433, 3783479.755849440582097 ], [ 395829.704984740586951, 3783479.755849440582097 ] ] ] } },
{ "type": "Feature", "properties": { "confidence": 0.96691107749938965, "class": 1, "regularized": null }, "geometry": { "type": "Polygon", "coordinates": [ [ [ 395843.743641912529711, 3783365.615462868940085 ], [ 395843.743641912529711, 3783361.95320447627455 ], [ 395844.964394710084889, 3783361.95320447627455 ], [ 395845.269582909473684, 3783361.64801627676934 ], [ 395847.405900305195246, 3783361.64801627676934 ], [ 395847.71108850458404, 3783361.95320447627455 ], [ 395848.32146490336163, 3783361.95320447627455 ], [ 395848.626653102750424, 3783362.258392675314099 ], [ 395851.068158697860781, 3783362.258392675314099 ], [ 395851.373346897249576, 3783362.563580874819309 ], [ 395851.67853509663837, 3783362.563580874819309 ], [ 395851.67853509663837, 3783363.479145472869277 ], [ 395851.983723296027165, 3783363.784333672374487 ], [ 395851.983723296027165, 3783365.615462868940085 ], [ 395843.743641912529711, 3783365.615462868940085 ] ] ] } },
{ "type": "Feature", "properties": { "confidence": 0.96673375368118286, "class": 1, "regularized": null }, "geometry": { "type": "Polygon", "coordinates": [ [ [ 395912.716174974571913, 3783574.059003051836044 ], [ 395912.410986775183119, 3783573.753814852330834 ], [ 395912.105798575794324, 3783573.753814852330834 ], [ 395912.105798575794324, 3783571.007121058180928 ], [ 395912.410986775183119, 3783570.701932858675718 ], [ 395912.410986775183119, 3783570.396744659170508 ], [ 395913.936927772127092, 3783570.396744659170508 ], [ 395914.242115971515886, 3783570.091556459665298 ], [ 395920.651068158680573, 3783570.091556459665298 ], [ 395920.651068158680573, 3783573.448626653291285 ], [ 395920.345879959291779, 3783573.753814852330834 ], [ 395918.209562563570216, 3783573.753814852330834 ], [ 395917.904374364181422, 3783574.059003051836044 ], [ 395912.716174974571913, 3783574.059003051836044 ] ] ] } },
{ "type": "Feature", "properties": { "confidence": 0.96621787548065186, "class": 1, "regularized": null }, "geometry": { "type": "Polygon", "coordinates": [ [ [ 395690.233977619558573, 3783500.508646999020129 ], [ 395689.928789420169778, 3783500.20345879951492 ], [ 395689.623601220780984, 3783500.20345879951492 ], [ 395689.623601220780984, 3783499.593082400970161 ], [ 395689.318413021392189, 3783499.287894201464951 ], [ 395689.318413021392189, 3783498.677517802454531 ], [ 395689.013224821945187, 3783498.372329603414983 ], [ 395689.013224821945187, 3783498.067141403909773 ], [ 395688.708036622556392, 3783497.761953204404563 ], [ 395688.708036622556392, 3783496.846388606354594 ], [ 395688.402848423167598, 3783496.541200406849384 ], [ 395688.402848423167598, 3783495.930824008304626 ], [ 395688.097660223778803, 3783495.625635808799416 ], [ 395688.097660223778803, 3783495.015259409788996 ], [ 395687.792472024390008, 3783494.710071210749447 ], [ 395687.792472024390008, 3783493.184130213689059 ], [ 395688.402848423167598, 3783492.573753814678639 ], [ 395689.013224821945187, 3783492.573753814678639 ], [ 395689.318413021392189, 3783492.268565615639091 ], [ 395689.623601220780984, 3783492.268565615639091 ], [ 395689.928789420169778, 3783491.963377416133881 ], [ 395690.539165818947367, 3783491.963377416133881 ], [ 395690.844354018336162, 3783491.658189216628671 ], [ 395691.454730417113751, 3783491.658189216628671 ], [ 395691.759918616502546, 3783491.353001017123461 ], [ 395692.67548321466893, 3783491.353001017123461 ], [ 395693.591047812835313, 3783492.268565615639091 ], [ 395693.591047812835313, 3783492.878942014183849 ], [ 395694.201424211612903, 3783493.489318413194269 ], [ 395694.201424211612903, 3783493.794506612233818 ], [ 395694.506612411001697, 3783494.099694811739028 ], [ 395694.506612411001697, 3783494.404883011244237 ], [ 395695.116988809779286, 3783495.015259409788996 ], [ 395695.116988809779286, 3783495.930824008304626 ], [ 395695.422177009168081, 3783496.236012207344174 ], [ 395695.422177009168081, 3783496.846388606354594 ], [ 395695.727365208556876, 3783497.151576805859804 ], [ 395695.727365208556876, 3783498.067141403909773 ], [ 395695.422177009168081, 3783498.372329603414983 ], [ 395695.422177009168081, 3783498.677517802454531 ], [ 395695.116988809779286, 3783498.677517802454531 ], [ 395694.811800610390492, 3783498.982706001959741 ], [ 395694.506612411001697, 3783498.982706001959741 ], [ 395693.896236012224108, 3783499.593082400970161 ], [ 395693.591047812835313, 3783499.593082400970161 ], [ 395693.285859613446519, 3783499.89827060000971 ], [ 395692.980671414057724, 3783499.89827060000971 ], [ 395692.67548321466893, 3783500.20345879951492 ], [ 395692.370295015280135, 3783500.20345879951492 ], [ 395692.06510681589134, 3783500.508646999020129 ], [ 395690.233977619558573, 3783500.508646999020129 ] ] ] } },
{ "type": "Feature", "properties": { "confidence": 0.9645964503288269, "class": 1, "regularized": null }, "geometry": { "type": "Polygon", "coordinates": [ [ [ 395534.587995930807665, 3783096.134282807819545 ], [ 395534.28280773141887, 3783095.829094608314335 ], [ 395534.28280773141887, 3783095.523906408809125 ], [ 395533.977619532030076, 3783095.218718209769577 ], [ 395533.977619532030076, 3783093.997965412214398 ], [ 395533.672431332641281, 3783093.692777212709188 ], [ 395533.672431332641281, 3783093.082400813698769 ], [ 395533.367243133252487, 3783092.77721261465922 ], [ 395533.367243133252487, 3783092.1668362156488 ], [ 395533.062054933863692, 3783091.86164801614359 ], [ 395533.062054933863692, 3783090.946083418093622 ], [ 395533.367243133252487, 3783090.640895218588412 ], [ 395533.672431332641281, 3783090.640895218588412 ], [ 395533.977619532030076, 3783090.335707019548863 ], [ 395534.28280773141887, 3783090.335707019548863 ], [ 395534.587995930807665, 3783090.030518820043653 ], [ 395534.89318413019646, 3783090.030518820043653 ], [ 395535.503560528974049, 3783089.420142421033233 ], [ 395536.113936927751638, 3783089.420142421033233 ], [ 395536.724313326529227, 3783088.809766022488475 ], [ 395537.945066124084406, 3783088.809766022488475 ], [ 395537.945066124084406, 3783089.114954221993685 ], [ 395538.2502543234732, 3783089.420142421033233 ], [ 395538.2502543234732, 3783090.946083418093622 ], [ 395538.555442522861995, 3783091.251271617598832 ], [ 395538.555442522861995, 3783091.556459817104042 ], [ 395538.860630722250789, 3783091.86164801614359 ], [ 395538.860630722250789, 3783092.1668362156488 ], [ 395539.165818921639584, 3783092.47202441515401 ], [ 395539.165818921639584, 3783092.77721261465922 ], [ 395539.471007121086586, 3783093.082400813698769 ], [ 395539.471007121086586, 3783093.997965412214398 ], [ 395539.776195320475381, 3783094.303153611253947 ], [ 395539.776195320475381, 3783094.608341810759157 ], [ 395539.471007121086586, 3783094.913530010264367 ], [ 395539.471007121086586, 3783095.218718209769577 ], [ 395538.555442522861995, 3783095.218718209769577 ], [ 395538.2502543234732, 3783094.913530010264367 ], [ 395536.724313326529227, 3783094.913530010264367 ], [ 395536.419125127140433, 3783095.218718209769577 ], [ 395536.113936927751638, 3783095.218718209769577 ], [ 395535.198372329585254, 3783096.134282807819545 ], [ 395534.587995930807665, 3783096.134282807819545 ] ] ] } },
{ "type": "Feature", "properties": { "confidence": 0.96432644128799438, "class": 1, "regularized": null }, "geometry": { "type": "Polygon", "coordinates": [ [ [ 395752.187182095600292, 3783482.807731434237212 ], [ 395752.187182095600292, 3783477.924720244016498 ], [ 395765.005086469987873, 3783477.924720244016498 ], [ 395765.310274669376668, 3783478.229908443521708 ], [ 395765.615462868765462, 3783478.229908443521708 ], [ 395765.615462868765462, 3783478.535096643026918 ], [ 395765.920651068154257, 3783478.840284842532128 ], [ 395765.920651068154257, 3783481.586978636682034 ], [ 395765.310274669376668, 3783482.197355035692453 ], [ 395765.310274669376668, 3783482.807731434237212 ], [ 395752.187182095600292, 3783482.807731434237212 ] ] ] } },
{ "type": "Feature", "properties": { "confidence": 0.963337242603302, "class": 1, "regularized": null }, "geometry": { "type": "Polygon", "coordinates": [ [ [ 395905.086469989852048, 3783195.625635808799416 ], [ 395904.781281790463254, 3783195.320447609294206 ], [ 395904.170905391685665, 3783195.320447609294206 ], [ 395903.560528992908075, 3783194.710071210749447 ], [ 395903.560528992908075, 3783194.099694811739028 ], [ 395903.255340793461073, 3783193.794506612233818 ], [ 395903.255340793461073, 3783190.437436419073492 ], [ 395903.560528992908075, 3783190.132248219568282 ], [ 395903.560528992908075, 3783188.606307222973555 ], [ 395903.86571719229687, 3783188.301119023468345 ], [ 395904.476093591074459, 3783188.301119023468345 ], [ 395904.781281790463254, 3783187.995930823963135 ], [ 395911.495422177016735, 3783187.995930823963135 ], [ 395911.80061037640553, 3783188.301119023468345 ], [ 395911.80061037640553, 3783188.911495422013104 ], [ 395911.495422177016735, 3783189.216683621518314 ], [ 395911.495422177016735, 3783191.963377416133881 ], [ 395911.19023397762794, 3783192.268565615639091 ], [ 395911.19023397762794, 3783193.184130213689059 ], [ 395910.885045778239146, 3783193.489318413194269 ], [ 395910.885045778239146, 3783194.099694811739028 ], [ 395910.274669379461557, 3783194.710071210749447 ], [ 395909.969481180072762, 3783194.710071210749447 ], [ 395909.359104781295173, 3783195.320447609294206 ], [ 395908.443540183128789, 3783195.320447609294206 ], [ 395908.138351983739994, 3783195.625635808799416 ], [ 395905.086469989852048, 3783195.625635808799416 ] ] ] } },
{ "type": "Feature", "properties": { "confidence": 0.96252912282943726, "class": 1, "regularized": null }, "geometry": { "type": "Polygon", "coordinates": [ [ [ 395924.008138351957314, 3783373.550356052815914 ], [ 395923.397761953179725, 3783372.939979654271156 ], [ 395923.397761953179725, 3783366.531027466990054 ], [ 395929.19633774162503, 3783366.531027466990054 ], [ 395929.501525941013824, 3783366.836215666495264 ], [ 395929.806714140402619, 3783366.836215666495264 ], [ 395929.806714140402619, 3783367.446592065040022 ], [ 395930.111902339791413, 3783367.751780264545232 ], [ 395930.111902339791413, 3783368.056968464050442 ], [ 395930.417090539180208, 3783368.362156663089991 ], [ 395930.417090539180208, 3783368.97253306210041 ], [ 395930.111902339791413, 3783369.27772126160562 ], [ 395930.111902339791413, 3783371.108850457705557 ], [ 395929.806714140402619, 3783371.414038657210767 ], [ 395929.806714140402619, 3783373.245167853310704 ], [ 395929.501525941013824, 3783373.245167853310704 ], [ 395929.19633774162503, 3783373.550356052815914 ], [ 395924.008138351957314, 3783373.550356052815914 ] ] ] } },
{ "type": "Feature", "properties": { "confidence": 0.96203142404556274, "class": 1, "regularized": null }, "geometry": { "type": "Polygon", "coordinates": [ [ [ 395647.507629705010913, 3783074.771108850371093 ], [ 395647.202441505622119, 3783074.465920650865883 ], [ 395646.897253306233324, 3783074.465920650865883 ], [ 395646.897253306233324, 3783074.160732451826334 ], [ 395646.59206510684453, 3783073.855544252321124 ], [ 395646.59206510684453, 3783072.939979654271156 ], [ 395646.286876907397527, 3783072.634791454765946 ], [ 395646.286876907397527, 3783071.719226856715977 ], [ 395645.981688708008733, 3783071.414038657210767 ], [ 395645.981688708008733, 3783070.803662258200347 ], [ 395645.676500508619938, 3783070.498474059160799 ], [ 395645.676500508619938, 3783070.193285859655589 ], [ 395645.371312309231143, 3783069.888097660150379 ], [ 395645.371312309231143, 3783069.582909460645169 ], [ 395645.981688708008733, 3783069.582909460645169 ], [ 395646.286876907397527, 3783069.27772126160562 ], [ 395646.897253306233324, 3783069.27772126160562 ], [ 395647.202441505622119, 3783068.97253306210041 ], [ 395647.507629705010913, 3783068.97253306210041 ], [ 395647.812817904399708, 3783068.667344862595201 ], [ 395648.423194303177297, 3783068.667344862595201 ], [ 395649.033570701954886, 3783068.056968464050442 ], [ 395649.643947100732476, 3783068.056968464050442 ], [ 395649.94913530012127, 3783067.751780264545232 ], [ 395651.169888097676449, 3783067.751780264545232 ], [ 395651.780264496454038, 3783068.362156663089991 ], [ 395651.780264496454038, 3783071.108850457705557 ], [ 395652.085452695842832, 3783071.414038657210767 ], [ 395652.085452695842832, 3783072.939979654271156 ], [ 395651.780264496454038, 3783073.245167853310704 ], [ 395651.475076297065243, 3783073.245167853310704 ], [ 395651.169888097676449, 3783073.550356052815914 ], [ 395650.864699898287654, 3783073.550356052815914 ], [ 395650.559511698898859, 3783073.855544252321124 ], [ 395649.94913530012127, 3783073.855544252321124 ], [ 395649.643947100732476, 3783074.160732451826334 ], [ 395649.033570701954886, 3783074.160732451826334 ], [ 395648.728382502566092, 3783074.465920650865883 ], [ 395648.118006103788503, 3783074.465920650865883 ], [ 395647.812817904399708, 3783074.771108850371093 ], [ 395647.507629705010913, 3783074.771108850371093 ] ] ] } },
{ "type": "Feature", "properties": { "confidence": 0.96110886335372925, "class": 1, "regularized": null }, "geometry": { "type": "Polygon", "coordinates": [ [ [ 395635.910478128178511, 3783537.131230925675482 ], [ 395635.300101729400922, 3783536.520854527130723 ], [ 395635.300101729400922, 3783533.774160732515156 ], [ 395634.994913530012127, 3783533.468972533009946 ], [ 395634.994913530012127, 3783532.858596134465188 ], [ 395634.689725330623332, 3783532.553407934959978 ], [ 395634.384537131234538, 3783532.553407934959978 ], [ 395634.384537131234538, 3783520.040691759902984 ], [ 395634.689725330623332, 3783520.040691759902984 ], [ 395634.994913530012127, 3783520.345879959408194 ], [ 395635.300101729400922, 3783520.345879959408194 ], [ 395635.300101729400922, 3783520.651068158913404 ], [ 395636.5208545269561, 3783521.871820956468582 ], [ 395636.5208545269561, 3783522.482197355013341 ], [ 395637.131230925733689, 3783523.092573754023761 ], [ 395637.131230925733689, 3783523.702950152568519 ], [ 395637.436419125122484, 3783524.008138352073729 ], [ 395637.436419125122484, 3783524.313326551578939 ], [ 395637.741607324511278, 3783524.618514750618488 ], [ 395637.741607324511278, 3783525.534079349134117 ], [ 395638.046795523900073, 3783525.839267548173666 ], [ 395638.046795523900073, 3783526.449643947184086 ], [ 395638.657171922677662, 3783527.060020345728844 ], [ 395638.657171922677662, 3783527.670396744739264 ], [ 395639.877924720232841, 3783528.891149542294443 ], [ 395639.877924720232841, 3783529.806714140344411 ], [ 395640.183112919621635, 3783530.111902339849621 ], [ 395640.183112919621635, 3783530.72227873839438 ], [ 395640.48830111901043, 3783531.02746693789959 ], [ 395640.48830111901043, 3783531.637843336910009 ], [ 395640.793489318399224, 3783531.943031535949558 ], [ 395640.793489318399224, 3783532.248219735454768 ], [ 395641.098677517788019, 3783532.553407934959978 ], [ 395641.098677517788019, 3783533.163784333504736 ], [ 395641.403865717176814, 3783533.468972533009946 ], [ 395641.403865717176814, 3783535.300101729575545 ], [ 395641.098677517788019, 3783535.300101729575545 ], [ 395640.793489318399224, 3783535.605289928615093 ], [ 395640.48830111901043, 3783535.605289928615093 ], [ 395640.183112919621635, 3783535.910478128120303 ], [ 395639.877924720232841, 3783535.910478128120303 ], [ 395639.572736520844046, 3783536.215666327625513 ], [ 395638.962360122066457, 3783536.215666327625513 ], [ 395638.657171922677662, 3783536.520854527130723 ], [ 395638.351983723288868, 3783536.520854527130723 ], [ 395638.046795523900073, 3783536.826042726170272 ], [ 395637.131230925733689, 3783536.826042726170272 ], [ 395636.826042726344895, 3783537.131230925675482 ], [ 395635.910478128178511, 3783537.131230925675482 ] ] ] } },
{ "type": "Feature", "properties": { "confidence": 0.9601789116859436, "class": 1, "regularized": null }, "geometry": { "type": "Polygon", "coordinates": [ [ [ 395965.208545269561, 3783486.469989826902747 ], [ 395964.903357070172206, 3783486.164801627863199 ], [ 395964.598168870783411, 3783486.164801627863199 ], [ 395964.598168870783411, 3783480.671414038632065 ], [ 395967.650050864671357, 3783480.671414038632065 ], [ 395967.955239064118359, 3783480.366225839126855 ], [ 395969.481180061062332, 3783480.366225839126855 ], [ 395969.786368260451127, 3783480.671414038632065 ], [ 395969.786368260451127, 3783481.281790437642485 ], [ 395969.481180061062332, 3783481.586978636682034 ], [ 395969.481180061062332, 3783483.418107833247632 ], [ 395969.175991861673538, 3783483.723296032752842 ], [ 395969.175991861673538, 3783484.94404883030802 ], [ 395968.870803662284743, 3783485.249237029347569 ], [ 395968.870803662284743, 3783485.859613428357989 ], [ 395968.565615462895948, 3783486.164801627863199 ], [ 395968.260427263507154, 3783486.164801627863199 ], [ 395967.955239064118359, 3783486.469989826902747 ], [ 395965.208545269561, 3783486.469989826902747 ] ] ] } },
{ "type": "Feature", "properties": { "confidence": 0.95975345373153687, "class": 1, "regularized": null }, "geometry": { "type": "Polygon", "coordinates": [ [ [ 395969.786368260451127, 3783564.903357070405036 ], [ 395969.481180061062332, 3783564.598168870899826 ], [ 395968.870803662284743, 3783564.598168870899826 ], [ 395968.870803662284743, 3783564.292980671394616 ], [ 395968.260427263507154, 3783563.682604272849858 ], [ 395968.260427263507154, 3783563.072227873839438 ], [ 395967.955239064118359, 3783562.767039674334228 ], [ 395967.955239064118359, 3783562.156663275789469 ], [ 395968.260427263507154, 3783561.85147507628426 ], [ 395968.260427263507154, 3783561.54628687677905 ], [ 395968.565615462895948, 3783561.54628687677905 ], [ 395968.870803662284743, 3783561.241098677739501 ], [ 395971.3123092573951, 3783561.241098677739501 ], [ 395971.617497456783894, 3783560.935910478234291 ], [ 395972.838250254339073, 3783560.935910478234291 ], [ 395973.143438453727867, 3783561.241098677739501 ], [ 395974.059003051894251, 3783561.241098677739501 ], [ 395974.364191251283046, 3783561.54628687677905 ], [ 395974.66937945067184, 3783561.54628687677905 ], [ 395974.974567650060635, 3783561.85147507628426 ], [ 395975.27975584944943, 3783561.85147507628426 ], [ 395975.584944048838224, 3783562.156663275789469 ], [ 395975.584944048838224, 3783562.461851475294679 ], [ 395975.890132248227019, 3783562.767039674334228 ], [ 395975.890132248227019, 3783564.292980671394616 ], [ 395975.584944048838224, 3783564.598168870899826 ], [ 395974.974567650060635, 3783564.598168870899826 ], [ 395974.66937945067184, 3783564.903357070405036 ], [ 395969.786368260451127, 3783564.903357070405036 ] ] ] } },
{ "type": "Feature", "properties": { "confidence": 0.95971602201461792, "class": 1, "regularized": null }, "geometry": { "type": "Polygon", "coordinates": [ [ [ 395833.672431332641281, 3783285.350966429337859 ], [ 395833.367243133252487, 3783285.045778229832649 ], [ 395833.062054933863692, 3783285.045778229832649 ], [ 395832.756866734474897, 3783284.740590030327439 ], [ 395832.756866734474897, 3783284.130213631782681 ], [ 395832.451678535086103, 3783283.825025432277471 ], [ 395832.756866734474897, 3783283.519837232772261 ], [ 395832.756866734474897, 3783282.604272634722292 ], [ 395832.451678535086103, 3783282.299084435217083 ], [ 395832.451678535086103, 3783279.552390641067177 ], [ 395832.756866734474897, 3783279.247202441561967 ], [ 395836.113936927751638, 3783279.247202441561967 ], [ 395836.419125127140433, 3783278.942014242056757 ], [ 395839.471007121086586, 3783278.942014242056757 ], [ 395839.776195320475381, 3783279.247202441561967 ], [ 395840.081383519864175, 3783279.247202441561967 ], [ 395840.081383519864175, 3783279.552390641067177 ], [ 395840.38657171925297, 3783279.857578840106726 ], [ 395840.38657171925297, 3783280.162767039611936 ], [ 395840.691759918641765, 3783280.467955239117146 ], [ 395840.691759918641765, 3783281.383519837167114 ], [ 395840.996948118030559, 3783281.688708036672324 ], [ 395840.996948118030559, 3783284.435401831287891 ], [ 395840.691759918641765, 3783284.435401831287891 ], [ 395840.38657171925297, 3783284.740590030327439 ], [ 395838.2502543234732, 3783284.740590030327439 ], [ 395837.945066124084406, 3783285.045778229832649 ], [ 395836.419125127140433, 3783285.045778229832649 ], [ 395836.113936927751638, 3783285.350966429337859 ], [ 395833.672431332641281, 3783285.350966429337859 ] ] ] } },
{ "type": "Feature", "properties": { "confidence": 0.95832931995391846, "class": 1, "regularized": null }, "geometry": { "type": "Polygon", "coordinates": [ [ [ 395920.651068158680573, 3783163.275686673354357 ], [ 395920.345879959291779, 3783162.970498473849148 ], [ 395919.735503560514189, 3783162.970498473849148 ], [ 395919.735503560514189, 3783162.665310274809599 ], [ 395919.430315361125395, 3783162.360122075304389 ], [ 395919.430315361125395, 3783161.749745676293969 ], [ 395919.735503560514189, 3783161.444557477254421 ], [ 395919.735503560514189, 3783160.834181078244001 ], [ 395919.430315361125395, 3783160.528992878738791 ], [ 395919.430315361125395, 3783160.223804679699242 ], [ 395919.735503560514189, 3783160.223804679699242 ], [ 395920.040691759902984, 3783159.918616480194032 ], [ 395920.956256358069368, 3783159.918616480194032 ], [ 395921.261444557458162, 3783159.613428280688822 ], [ 395929.501525941013824, 3783159.613428280688822 ], [ 395929.501525941013824, 3783161.444557477254421 ], [ 395929.19633774162503, 3783161.749745676293969 ], [ 395928.58596134284744, 3783161.749745676293969 ], [ 395928.280773143458646, 3783162.054933875799179 ], [ 395927.975584944069851, 3783162.054933875799179 ], [ 395927.670396744681057, 3783162.360122075304389 ], [ 395927.060020345903467, 3783162.360122075304389 ], [ 395926.754832146514673, 3783162.665310274809599 ], [ 395925.534079348959494, 3783162.665310274809599 ], [ 395925.2288911495707, 3783162.970498473849148 ], [ 395924.008138351957314, 3783162.970498473849148 ], [ 395923.702950152568519, 3783163.275686673354357 ], [ 395920.651068158680573, 3783163.275686673354357 ] ] ] } },
{ "type": "Feature", "properties": { "confidence": 0.95641154050827026, "class": 1, "regularized": null }, "geometry": { "type": "Polygon", "coordinates": [ [ [ 395526.9582909460878, 3783465.412004068959504 ], [ 395526.653102746699005, 3783465.106815869919956 ], [ 395526.347914547310211, 3783465.106815869919956 ], [ 395526.042726347921416, 3783464.801627670414746 ], [ 395526.042726347921416, 3783464.191251271404326 ], [ 395525.737538148532622, 3783463.886063072364777 ], [ 395525.737538148532622, 3783463.580874872859567 ], [ 395525.432349949143827, 3783463.275686673354357 ], [ 395525.432349949143827, 3783462.970498473849148 ], [ 395525.127161749755032, 3783462.665310274809599 ], [ 395525.127161749755032, 3783462.360122075304389 ], [ 395524.821973550366238, 3783462.054933875799179 ], [ 395524.821973550366238, 3783461.749745676293969 ], [ 395524.516785350977443, 3783461.444557477254421 ], [ 395524.516785350977443, 3783461.139369277749211 ], [ 395524.211597151588649, 3783460.834181078244001 ], [ 395524.211597151588649, 3783460.528992878738791 ], [ 395523.906408952199854, 3783460.223804679699242 ], [ 395523.906408952199854, 3783459.003051882144064 ], [ 395524.516785350977443, 3783458.392675483133644 ], [ 395524.516785350977443, 3783458.087487283628434 ], [ 395524.821973550366238, 3783458.087487283628434 ], [ 395525.127161749755032, 3783457.782299084588885 ], [ 395525.127161749755032, 3783457.477110885083675 ], [ 395525.432349949143827, 3783457.171922685578465 ], [ 395526.653102746699005, 3783457.171922685578465 ], [ 395526.9582909460878, 3783456.866734486073256 ], [ 395527.263479145476595, 3783456.866734486073256 ], [ 395527.568667344865389, 3783456.561546287033707 ], [ 395527.568667344865389, 3783456.256358087528497 ], [ 395529.094608341809362, 3783456.256358087528497 ], [ 395529.399796541198157, 3783456.561546287033707 ], [ 395530.010172939975746, 3783456.561546287033707 ], [ 395530.315361139364541, 3783456.866734486073256 ], [ 395530.620549338753335, 3783456.866734486073256 ], [ 395531.230925737530924, 3783457.477110885083675 ], [ 395531.230925737530924, 3783457.782299084588885 ], [ 395531.536113936919719, 3783458.087487283628434 ], [ 395531.536113936919719, 3783458.392675483133644 ], [ 395532.756866734474897, 3783459.613428280688822 ], [ 395532.756866734474897, 3783461.139369277749211 ], [ 395531.536113936919719, 3783462.360122075304389 ], [ 395531.230925737530924, 3783462.360122075304389 ], [ 395530.620549338753335, 3783462.970498473849148 ], [ 395530.620549338753335, 3783463.275686673354357 ], [ 395530.315361139364541, 3783463.580874872859567 ], [ 395530.315361139364541, 3783464.191251271404326 ], [ 395530.010172939975746, 3783464.496439470909536 ], [ 395530.010172939975746, 3783464.801627670414746 ], [ 395529.399796541198157, 3783465.412004068959504 ], [ 395526.9582909460878, 3783465.412004068959504 ] ] ] } },
{ "type": "Feature", "properties": { "confidence": 0.95156461000442505, "class": 1, "regularized": null }, "geometry": { "type": "Polygon", "coordinates": [ [ [ 395810.172939979645889, 3783390.335707019548863 ], [ 395809.867751780257095, 3783390.030518820043653 ], [ 395808.952187182090711, 3783390.030518820043653 ], [ 395808.646998982701916, 3783389.725330620538443 ], [ 395808.646998982701916, 3783389.420142421033233 ], [ 395808.341810783313122, 3783389.114954221993685 ], [ 395808.341810783313122, 3783388.809766022488475 ], [ 395807.731434384535532, 3783388.199389623478055 ], [ 395807.731434384535532, 3783387.894201424438506 ], [ 395807.426246185146738, 3783387.589013224933296 ], [ 395807.426246185146738, 3783386.063072227872908 ], [ 395807.731434384535532, 3783385.757884028367698 ], [ 395808.036622583924327, 3783385.757884028367698 ], [ 395808.341810783313122, 3783385.452695828862488 ], [ 395808.646998982701916, 3783385.757884028367698 ], [ 395809.5625635808683, 3783385.757884028367698 ], [ 395809.867751780257095, 3783385.452695828862488 ], [ 395817.192268565588165, 3783385.452695828862488 ], [ 395817.49745676497696, 3783385.757884028367698 ], [ 395817.49745676497696, 3783387.894201424438506 ], [ 395817.802644964365754, 3783388.199389623478055 ], [ 395817.49745676497696, 3783388.504577822983265 ], [ 395817.49745676497696, 3783389.420142421033233 ], [ 395816.88708036619937, 3783390.030518820043653 ], [ 395816.276703967421781, 3783390.030518820043653 ], [ 395815.971515768032987, 3783390.335707019548863 ], [ 395810.172939979645889, 3783390.335707019548863 ] ] ] } },
{ "type": "Feature", "properties": { "confidence": 0.95038312673568726, "class": 1, "regularized": null }, "geometry": { "type": "Polygon", "coordinates": [ [ [ 395931.637843336735386, 3783404.984740590211004 ], [ 395931.332655137346592, 3783404.679552390705794 ], [ 395931.332655137346592, 3783404.069175991695374 ], [ 395931.637843336735386, 3783403.763987792655826 ], [ 395931.637843336735386, 3783401.627670396585017 ], [ 395931.943031536124181, 3783401.322482197545469 ], [ 395931.943031536124181, 3783399.186164801474661 ], [ 395932.248219735512976, 3783398.880976602435112 ], [ 395932.248219735512976, 3783398.575788402929902 ], [ 395936.826042726344895, 3783398.575788402929902 ], [ 395936.826042726344895, 3783403.763987792655826 ], [ 395936.5208545269561, 3783404.069175991695374 ], [ 395936.215666327567305, 3783404.069175991695374 ], [ 395935.910478128178511, 3783404.374364191200584 ], [ 395935.300101729400922, 3783404.374364191200584 ], [ 395934.994913530012127, 3783404.679552390705794 ], [ 395934.079348931845743, 3783404.679552390705794 ], [ 395933.774160732456949, 3783404.984740590211004 ], [ 395931.637843336735386, 3783404.984740590211004 ] ] ] } },
{ "type": "Feature", "properties": { "confidence": 0.94316166639328003, "class": 1, "regularized": null }, "geometry": { "type": "Polygon", "coordinates": [ [ [ 395963.377416073228233, 3783214.242115971632302 ], [ 395963.072227873839438, 3783213.936927772127092 ], [ 395959.715157680562697, 3783213.936927772127092 ], [ 395959.715157680562697, 3783211.800610376521945 ], [ 395960.020345879951492, 3783211.495422177016735 ], [ 395960.020345879951492, 3783211.190233977511525 ], [ 395960.325534079340287, 3783210.885045778006315 ], [ 395960.325534079340287, 3783210.274669379461557 ], [ 395960.630722278729081, 3783209.969481179956347 ], [ 395960.630722278729081, 3783209.664292980451137 ], [ 395978.331637843337376, 3783209.664292980451137 ], [ 395978.331637843337376, 3783209.969481179956347 ], [ 395978.026449643948581, 3783210.274669379461557 ], [ 395978.026449643948581, 3783211.800610376521945 ], [ 395977.721261444559786, 3783212.105798575561494 ], [ 395977.721261444559786, 3783213.326551373116672 ], [ 395977.110885045782197, 3783213.326551373116672 ], [ 395976.805696846393403, 3783213.631739572621882 ], [ 395974.66937945067184, 3783213.631739572621882 ], [ 395974.364191251283046, 3783213.936927772127092 ], [ 395968.260427263507154, 3783213.936927772127092 ], [ 395967.955239064118359, 3783214.242115971632302 ], [ 395963.377416073228233, 3783214.242115971632302 ] ] ] } },
{ "type": "Feature", "properties": { "confidence": 0.94185131788253784, "class": 1, "regularized": null }, "geometry": { "type": "Polygon", "coordinates": [ [ [ 395860.223804679524619, 3783372.634791454765946 ], [ 395859.918616480135825, 3783372.329603255260736 ], [ 395859.308240081358235, 3783372.329603255260736 ], [ 395859.308240081358235, 3783371.414038657210767 ], [ 395859.61342828074703, 3783371.108850457705557 ], [ 395859.61342828074703, 3783367.751780264545232 ], [ 395859.308240081358235, 3783367.446592065040022 ], [ 395859.308240081358235, 3783366.836215666495264 ], [ 395859.003051881969441, 3783366.531027466990054 ], [ 395859.003051881969441, 3783366.225839267484844 ], [ 395859.308240081358235, 3783365.920651067979634 ], [ 395859.308240081358235, 3783365.615462868940085 ], [ 395860.223804679524619, 3783365.615462868940085 ], [ 395860.528992878913414, 3783365.310274669434875 ], [ 395865.71719226858113, 3783365.310274669434875 ], [ 395866.022380467969924, 3783365.615462868940085 ], [ 395866.327568667358719, 3783365.615462868940085 ], [ 395866.327568667358719, 3783365.920651067979634 ], [ 395866.632756866747513, 3783366.225839267484844 ], [ 395866.632756866747513, 3783366.531027466990054 ], [ 395867.243133265525103, 3783367.141403865534812 ], [ 395867.243133265525103, 3783367.751780264545232 ], [ 395867.548321464913897, 3783368.056968464050442 ], [ 395867.548321464913897, 3783372.329603255260736 ], [ 395867.243133265525103, 3783372.634791454765946 ], [ 395865.10681586980354, 3783372.634791454765946 ], [ 395864.801627670414746, 3783372.329603255260736 ], [ 395861.139369277749211, 3783372.329603255260736 ], [ 395860.834181078360416, 3783372.634791454765946 ], [ 395860.223804679524619, 3783372.634791454765946 ] ] ] } },
{ "type": "Feature", "properties": { "confidence": 0.9416574239730835, "class": 1, "regularized": null }, "geometry": { "type": "Polygon", "coordinates": [ [ [ 395958.494404883007519, 3783344.252288911491632 ], [ 395958.189216683618724, 3783343.947100711986423 ], [ 395957.273652085452341, 3783343.947100711986423 ], [ 395956.968463886063546, 3783343.641912512946874 ], [ 395956.968463886063546, 3783341.810783316381276 ], [ 395957.273652085452341, 3783341.505595116876066 ], [ 395957.273652085452341, 3783340.284842319320887 ], [ 395957.578840284841135, 3783339.979654119815677 ], [ 395957.578840284841135, 3783339.674465920776129 ], [ 395957.88402848422993, 3783339.369277721270919 ], [ 395957.88402848422993, 3783339.064089521765709 ], [ 395958.189216683618724, 3783338.758901322260499 ], [ 395958.189216683618724, 3783338.14852492371574 ], [ 395958.494404883007519, 3783337.843336724210531 ], [ 395958.494404883007519, 3783337.232960325665772 ], [ 395958.799593082396314, 3783336.927772126160562 ], [ 395958.799593082396314, 3783336.317395727150142 ], [ 395959.409969481173903, 3783335.707019328605384 ], [ 395959.409969481173903, 3783335.096642929594964 ], [ 395959.715157680562697, 3783334.791454730555415 ], [ 395959.715157680562697, 3783334.181078331544995 ], [ 395960.020345879951492, 3783333.875890132039785 ], [ 395960.020345879951492, 3783333.570701933000237 ], [ 395960.630722278729081, 3783332.960325533989817 ], [ 395963.987792472005822, 3783332.960325533989817 ], [ 395963.987792472005822, 3783335.096642929594964 ], [ 395963.682604272617027, 3783335.401831129100174 ], [ 395963.682604272617027, 3783336.012207528110594 ], [ 395963.377416073228233, 3783336.317395727150142 ], [ 395963.377416073228233, 3783336.622583926655352 ], [ 395963.072227873839438, 3783336.927772126160562 ], [ 395963.072227873839438, 3783337.232960325665772 ], [ 395962.767039674450643, 3783337.538148524705321 ], [ 395962.767039674450643, 3783338.14852492371574 ], [ 395962.461851475061849, 3783338.45371312322095 ], [ 395962.461851475061849, 3783339.064089521765709 ], [ 395962.156663275673054, 3783339.369277721270919 ], [ 395962.156663275673054, 3783339.979654119815677 ], [ 395961.85147507628426, 3783340.284842319320887 ], [ 395961.85147507628426, 3783340.895218718331307 ], [ 395961.546286876895465, 3783341.200406917370856 ], [ 395961.546286876895465, 3783341.810783316381276 ], [ 395961.24109867750667, 3783342.115971515886486 ], [ 395961.24109867750667, 3783342.421159714926034 ], [ 395960.935910478117876, 3783342.421159714926034 ], [ 395960.630722278729081, 3783342.726347914431244 ], [ 395960.630722278729081, 3783343.031536113936454 ], [ 395959.715157680562697, 3783343.947100711986423 ], [ 395959.104781281785108, 3783343.947100711986423 ], [ 395958.799593082396314, 3783344.252288911491632 ], [ 395958.494404883007519, 3783344.252288911491632 ] ] ] } },
{ "type": "Feature", "properties": { "confidence": 0.94065111875534058, "class": 1, "regularized": null }, "geometry": { "type": "Polygon", "coordinates": [ [ [ 395527.263479145476595, 3783134.587995931040496 ], [ 395526.9582909460878, 3783134.282807731535286 ], [ 395526.653102746699005, 3783134.282807731535286 ], [ 395526.653102746699005, 3783133.977619532030076 ], [ 395526.347914547310211, 3783133.672431332524866 ], [ 395526.347914547310211, 3783132.756866734474897 ], [ 395526.042726347921416, 3783132.451678534969687 ], [ 395526.042726347921416, 3783131.841302136424929 ], [ 395525.737538148532622, 3783131.536113936919719 ], [ 395525.737538148532622, 3783130.315361139364541 ], [ 395526.042726347921416, 3783130.315361139364541 ], [ 395526.347914547310211, 3783130.010172939859331 ], [ 395526.9582909460878, 3783130.010172939859331 ], [ 395527.263479145476595, 3783129.704984740819782 ], [ 395528.179043743642978, 3783129.704984740819782 ], [ 395528.484231943031773, 3783129.399796541314572 ], [ 395528.789420142420568, 3783129.399796541314572 ], [ 395529.094608341809362, 3783129.094608341809362 ], [ 395529.704984740586951, 3783129.094608341809362 ], [ 395530.010172939975746, 3783128.789420142304152 ], [ 395530.620549338753335, 3783128.789420142304152 ], [ 395530.92573753814213, 3783128.484231942798942 ], [ 395532.146490335697308, 3783128.484231942798942 ], [ 395532.451678535086103, 3783128.179043743759394 ], [ 395532.756866734474897, 3783128.179043743759394 ], [ 395533.367243133252487, 3783128.789420142304152 ], [ 395533.367243133252487, 3783129.094608341809362 ], [ 395533.672431332641281, 3783129.399796541314572 ], [ 395533.977619532030076, 3783129.399796541314572 ], [ 395534.587995930807665, 3783130.010172939859331 ], [ 395534.28280773141887, 3783130.315361139364541 ], [ 395534.28280773141887, 3783130.62054933886975 ], [ 395533.977619532030076, 3783130.62054933886975 ], [ 395533.062054933863692, 3783131.536113936919719 ], [ 395533.062054933863692, 3783131.841302136424929 ], [ 395532.451678535086103, 3783132.451678534969687 ], [ 395532.146490335697308, 3783132.451678534969687 ], [ 395531.536113936919719, 3783133.062054933980107 ], [ 395531.230925737530924, 3783133.062054933980107 ], [ 395530.92573753814213, 3783133.367243133485317 ], [ 395530.315361139364541, 3783133.367243133485317 ], [ 395530.010172939975746, 3783133.672431332524866 ], [ 395529.704984740586951, 3783133.672431332524866 ], [ 395529.399796541198157, 3783133.977619532030076 ], [ 395529.094608341809362, 3783133.977619532030076 ], [ 395528.789420142420568, 3783134.282807731535286 ], [ 395527.873855544254184, 3783134.282807731535286 ], [ 395527.568667344865389, 3783134.587995931040496 ], [ 395527.263479145476595, 3783134.587995931040496 ] ] ] } },
{ "type": "Feature", "properties": { "confidence": 0.9382053017616272, "class": 1, "regularized": null }, "geometry": { "type": "Polygon", "coordinates": [ [ [ 395412.512716174998786, 3783394.303153611253947 ], [ 395412.207527975609992, 3783393.997965412214398 ], [ 395411.291963377443608, 3783393.997965412214398 ], [ 395410.986775178054813, 3783393.692777212709188 ], [ 395410.681586978607811, 3783393.692777212709188 ], [ 395410.681586978607811, 3783393.387589013203979 ], [ 395410.376398779219016, 3783393.082400813698769 ], [ 395410.376398779219016, 3783392.1668362156488 ], [ 395410.071210579830222, 3783391.86164801614359 ], [ 395410.071210579830222, 3783391.251271617598832 ], [ 395409.766022380441427, 3783390.946083418093622 ], [ 395409.766022380441427, 3783390.335707019548863 ], [ 395409.460834181052633, 3783390.030518820043653 ], [ 395409.460834181052633, 3783389.725330620538443 ], [ 395410.071210579830222, 3783389.114954221993685 ], [ 395410.681586978607811, 3783389.114954221993685 ], [ 395410.986775178054813, 3783388.809766022488475 ], [ 395411.291963377443608, 3783388.809766022488475 ], [ 395411.902339776221197, 3783388.199389623478055 ], [ 395412.512716174998786, 3783388.199389623478055 ], [ 395412.817904374387581, 3783387.894201424438506 ], [ 395413.42828077316517, 3783387.894201424438506 ], [ 395413.733468972553965, 3783387.589013224933296 ], [ 395417.090539165830705, 3783387.589013224933296 ], [ 395417.700915564608295, 3783388.199389623478055 ], [ 395417.700915564608295, 3783388.809766022488475 ], [ 395418.006103763997089, 3783389.114954221993685 ], [ 395418.006103763997089, 3783389.420142421033233 ], [ 395418.311291963385884, 3783389.725330620538443 ], [ 395418.311291963385884, 3783390.030518820043653 ], [ 395418.616480162774678, 3783390.335707019548863 ], [ 395418.616480162774678, 3783390.946083418093622 ], [ 395418.921668362163473, 3783391.251271617598832 ], [ 395418.921668362163473, 3783391.556459817104042 ], [ 395419.226856561552268, 3783391.86164801614359 ], [ 395419.226856561552268, 3783392.1668362156488 ], [ 395419.532044760941062, 3783392.47202441515401 ], [ 395419.532044760941062, 3783393.692777212709188 ], [ 395419.226856561552268, 3783393.692777212709188 ], [ 395418.921668362163473, 3783393.997965412214398 ], [ 395418.311291963385884, 3783393.997965412214398 ], [ 395418.006103763997089, 3783393.692777212709188 ], [ 395416.480162767053116, 3783393.692777212709188 ], [ 395416.174974567664322, 3783393.387589013203979 ], [ 395414.954221770109143, 3783393.387589013203979 ], [ 395414.649033570720349, 3783393.692777212709188 ], [ 395414.038657171942759, 3783393.692777212709188 ], [ 395413.733468972553965, 3783393.997965412214398 ], [ 395412.817904374387581, 3783393.997965412214398 ], [ 395412.512716174998786, 3783394.303153611253947 ] ] ] } },
{ "type": "Feature", "properties": { "confidence": 0.93811297416687012, "class": 1, "regularized": null }, "geometry": { "type": "Polygon", "coordinates": [ [ [ 395844.964394710084889, 3783560.325534079223871 ], [ 395844.659206510696094, 3783560.020345880184323 ], [ 395841.607324516808148, 3783560.020345880184323 ], [ 395841.302136317419354, 3783559.715157680679113 ], [ 395840.996948118030559, 3783559.715157680679113 ], [ 395840.996948118030559, 3783555.442522889003158 ], [ 395841.302136317419354, 3783555.137334689497948 ], [ 395841.302136317419354, 3783554.832146490458399 ], [ 395841.607324516808148, 3783554.526958290953189 ], [ 395841.607324516808148, 3783554.221770091447979 ], [ 395841.912512716196943, 3783553.916581891942769 ], [ 395842.217700915585738, 3783553.916581891942769 ], [ 395842.522889114974532, 3783553.611393692903221 ], [ 395846.185147507640067, 3783553.611393692903221 ], [ 395846.185147507640067, 3783554.526958290953189 ], [ 395847.100712105806451, 3783555.442522889003158 ], [ 395847.100712105806451, 3783559.715157680679113 ], [ 395846.795523906417657, 3783560.020345880184323 ], [ 395845.879959308251273, 3783560.020345880184323 ], [ 395845.574771108862478, 3783560.325534079223871 ], [ 395844.964394710084889, 3783560.325534079223871 ] ] ] } },
{ "type": "Feature", "properties": { "confidence": 0.9359472393989563, "class": 1, "regularized": null }, "geometry": { "type": "Polygon", "coordinates": [ [ [ 395694.811800610390492, 3783248.423194303177297 ], [ 395694.811800610390492, 3783247.507629705127329 ], [ 395695.422177009168081, 3783246.897253306116909 ], [ 395696.03255340794567, 3783246.897253306116909 ], [ 395696.337741607334465, 3783246.592065106611699 ], [ 395696.948118006112054, 3783246.592065106611699 ], [ 395697.253306205500849, 3783246.28687690757215 ], [ 395697.863682604278438, 3783246.28687690757215 ], [ 395698.168870803667232, 3783245.98168870806694 ], [ 395698.474059003056027, 3783245.98168870806694 ], [ 395698.779247202444822, 3783245.67650050856173 ], [ 395699.389623601222411, 3783245.67650050856173 ], [ 395699.694811800611205, 3783245.37131230905652 ], [ 395700.610376398777589, 3783245.37131230905652 ], [ 395700.915564598166384, 3783245.066124110016972 ], [ 395701.220752797555178, 3783245.066124110016972 ], [ 395701.525940996943973, 3783244.760935910511762 ], [ 395702.441505595110357, 3783244.760935910511762 ], [ 395702.746693794499151, 3783244.455747711006552 ], [ 395705.798575788387097, 3783244.455747711006552 ], [ 395705.798575788387097, 3783245.37131230905652 ], [ 395706.103763987775892, 3783245.67650050856173 ], [ 395706.103763987775892, 3783245.98168870806694 ], [ 395705.798575788387097, 3783245.98168870806694 ], [ 395704.883011190220714, 3783246.897253306116909 ], [ 395704.272634791443124, 3783246.897253306116909 ], [ 395703.96744659205433, 3783247.202441505622119 ], [ 395703.662258392665535, 3783247.202441505622119 ], [ 395703.357070193276741, 3783247.507629705127329 ], [ 395703.357070193276741, 3783248.423194303177297 ], [ 395694.811800610390492, 3783248.423194303177297 ] ] ] } },
{ "type": "Feature", "properties": { "confidence": 0.93349528312683105, "class": 1, "regularized": null }, "geometry": { "type": "Polygon", "coordinates": [ [ [ 395787.894201424205676, 3783531.943031535949558 ], [ 395787.589013224816881, 3783531.637843336910009 ], [ 395787.283825025428087, 3783531.637843336910009 ], [ 395786.673448626650497, 3783531.02746693789959 ], [ 395786.673448626650497, 3783530.72227873839438 ], [ 395786.368260427261703, 3783530.417090539354831 ], [ 395786.673448626650497, 3783530.111902339849621 ], [ 395786.673448626650497, 3783529.196337741799653 ], [ 395786.978636826039292, 3783528.891149542294443 ], [ 395786.978636826039292, 3783527.365208545234054 ], [ 395787.283825025428087, 3783527.060020345728844 ], [ 395787.283825025428087, 3783525.228891149628907 ], [ 395787.894201424205676, 3783524.618514750618488 ], [ 395788.19938962359447, 3783524.618514750618488 ], [ 395788.504577822983265, 3783524.313326551578939 ], [ 395792.472024415037595, 3783524.313326551578939 ], [ 395792.777212614426389, 3783524.618514750618488 ], [ 395796.744659206538927, 3783524.618514750618488 ], [ 395797.049847405927721, 3783524.923702950123698 ], [ 395797.660223804705311, 3783524.923702950123698 ], [ 395799.186164801649284, 3783526.449643947184086 ], [ 395799.186164801649284, 3783526.754832146689296 ], [ 395799.491353001038078, 3783527.060020345728844 ], [ 395799.491353001038078, 3783527.670396744739264 ], [ 395799.796541200426873, 3783527.975584944244474 ], [ 395799.796541200426873, 3783530.417090539354831 ], [ 395798.880976602260489, 3783530.417090539354831 ], [ 395798.575788402871694, 3783530.72227873839438 ], [ 395798.2706002034829, 3783530.72227873839438 ], [ 395797.965412004094105, 3783531.02746693789959 ], [ 395795.829094608314335, 3783531.02746693789959 ], [ 395795.523906408925541, 3783531.332655137404799 ], [ 395795.218718209536746, 3783531.02746693789959 ], [ 395794.608341810759157, 3783531.02746693789959 ], [ 395794.303153611370362, 3783531.332655137404799 ], [ 395793.082400813815184, 3783531.332655137404799 ], [ 395792.777212614426389, 3783531.637843336910009 ], [ 395792.1668362156488, 3783531.637843336910009 ], [ 395791.861648016260006, 3783531.943031535949558 ], [ 395787.894201424205676, 3783531.943031535949558 ] ] ] } },
{ "type": "Feature", "properties": { "confidence": 0.93007928133010864, "class": 1, "regularized": null }, "geometry": { "type": "Polygon", "coordinates": [ [ [ 395507.731434384535532, 3783401.932858596090227 ], [ 395507.426246185146738, 3783401.627670396585017 ], [ 395505.289928789425176, 3783401.627670396585017 ], [ 395504.984740590036381, 3783401.322482197545469 ], [ 395501.62767039675964, 3783401.322482197545469 ], [ 395501.322482197370846, 3783401.017293998040259 ], [ 395500.712105798593257, 3783401.017293998040259 ], [ 395500.406917599204462, 3783400.712105798535049 ], [ 395500.406917599204462, 3783397.049847405869514 ], [ 395501.017293997982051, 3783396.439471007324755 ], [ 395501.017293997982051, 3783396.134282807819545 ], [ 395501.322482197370846, 3783395.829094608314335 ], [ 395501.62767039675964, 3783395.829094608314335 ], [ 395502.23804679553723, 3783395.218718209769577 ], [ 395502.848423194314819, 3783395.218718209769577 ], [ 395503.153611393703613, 3783394.913530010264367 ], [ 395504.069175991869997, 3783394.913530010264367 ], [ 395504.374364191258792, 3783394.608341810759157 ], [ 395507.426246185146738, 3783394.608341810759157 ], [ 395507.731434384535532, 3783394.303153611253947 ], [ 395507.731434384535532, 3783393.997965412214398 ], [ 395508.341810783313122, 3783393.387589013203979 ], [ 395508.341810783313122, 3783393.082400813698769 ], [ 395508.646998982701916, 3783392.77721261465922 ], [ 395508.952187182090711, 3783392.77721261465922 ], [ 395509.5625635808683, 3783392.1668362156488 ], [ 395510.478128179034684, 3783392.1668362156488 ], [ 395510.783316378423478, 3783391.86164801614359 ], [ 395511.088504577812273, 3783392.1668362156488 ], [ 395512.309257375367451, 3783392.1668362156488 ], [ 395512.309257375367451, 3783393.997965412214398 ], [ 395512.614445574756246, 3783394.303153611253947 ], [ 395512.614445574756246, 3783394.608341810759157 ], [ 395512.919633774145041, 3783394.913530010264367 ], [ 395512.919633774145041, 3783395.523906408809125 ], [ 395513.224821973533835, 3783395.829094608314335 ], [ 395513.224821973533835, 3783397.355035605374724 ], [ 395513.53001017292263, 3783397.660223804879934 ], [ 395513.53001017292263, 3783398.880976602435112 ], [ 395513.835198372311424, 3783399.186164801474661 ], [ 395513.835198372311424, 3783400.712105798535049 ], [ 395513.53001017292263, 3783401.017293998040259 ], [ 395513.224821973533835, 3783401.017293998040259 ], [ 395512.919633774145041, 3783401.322482197545469 ], [ 395512.614445574756246, 3783401.322482197545469 ], [ 395512.309257375367451, 3783401.627670396585017 ], [ 395511.393692777201068, 3783401.627670396585017 ], [ 395511.088504577812273, 3783401.932858596090227 ], [ 395507.731434384535532, 3783401.932858596090227 ] ] ] } },
{ "type": "Feature", "properties": { "confidence": 0.92962324619293213, "class": 1, "regularized": null }, "geometry": { "type": "Polygon", "coordinates": [ [ [ 395807.121057985757943, 3783402.238046795595437 ], [ 395806.815869786369149, 3783401.932858596090227 ], [ 395805.900305188202765, 3783401.932858596090227 ], [ 395805.59511698881397, 3783401.627670396585017 ], [ 395805.289928789425176, 3783401.627670396585017 ], [ 395805.289928789425176, 3783401.322482197545469 ], [ 395803.763987792481203, 3783399.79654120048508 ], [ 395803.458799593092408, 3783399.79654120048508 ], [ 395803.153611393703613, 3783399.491353000979871 ], [ 395803.153611393703613, 3783397.660223804879934 ], [ 395802.848423194314819, 3783397.355035605374724 ], [ 395802.543234994926024, 3783397.355035605374724 ], [ 395802.23804679553723, 3783397.049847405869514 ], [ 395801.932858596148435, 3783397.049847405869514 ], [ 395801.932858596148435, 3783394.913530010264367 ], [ 395801.62767039675964, 3783394.608341810759157 ], [ 395801.62767039675964, 3783393.692777212709188 ], [ 395801.932858596148435, 3783393.387589013203979 ], [ 395801.932858596148435, 3783392.77721261465922 ], [ 395802.848423194314819, 3783392.77721261465922 ], [ 395803.153611393703613, 3783392.47202441515401 ], [ 395806.815869786369149, 3783392.47202441515401 ], [ 395807.121057985757943, 3783392.77721261465922 ], [ 395807.121057985757943, 3783393.082400813698769 ], [ 395807.426246185146738, 3783393.387589013203979 ], [ 395807.426246185146738, 3783393.692777212709188 ], [ 395807.731434384535532, 3783393.997965412214398 ], [ 395807.731434384535532, 3783394.913530010264367 ], [ 395808.036622583924327, 3783395.218718209769577 ], [ 395808.036622583924327, 3783399.491353000979871 ], [ 395807.731434384535532, 3783399.79654120048508 ], [ 395807.731434384535532, 3783401.932858596090227 ], [ 395807.426246185146738, 3783401.932858596090227 ], [ 395807.121057985757943, 3783402.238046795595437 ] ] ] } },
{ "type": "Feature", "properties": { "confidence": 0.92871612310409546, "class": 1, "regularized": null }, "geometry": { "type": "Polygon", "coordinates": [ [ [ 395871.820956256357022, 3783500.20345879951492 ], [ 395871.515768056968227, 3783499.89827060000971 ], [ 395870.600203458801843, 3783499.89827060000971 ], [ 395870.600203458801843, 3783498.677517802454531 ], [ 395870.905391658190638, 3783498.372329603414983 ], [ 395870.905391658190638, 3783497.456765004899353 ], [ 395871.210579857579432, 3783497.151576805859804 ], [ 395871.515768056968227, 3783497.151576805859804 ], [ 395871.820956256357022, 3783496.846388606354594 ], [ 395875.788402848411351, 3783496.846388606354594 ], [ 395875.788402848411351, 3783499.89827060000971 ], [ 395873.652085452689789, 3783499.89827060000971 ], [ 395873.346897253300995, 3783500.20345879951492 ], [ 395871.820956256357022, 3783500.20345879951492 ] ] ] } },
{ "type": "Feature", "properties": { "confidence": 0.92768186330795288, "class": 1, "regularized": null }, "geometry": { "type": "Polygon", "coordinates": [ [ [ 395648.118006103788503, 3783019.837232960388064 ], [ 395647.507629705010913, 3783019.226856561377645 ], [ 395647.507629705010913, 3783018.311291963327676 ], [ 395647.202441505622119, 3783018.006103763822466 ], [ 395647.202441505622119, 3783015.259409969672561 ], [ 395648.118006103788503, 3783014.343845371156931 ], [ 395648.423194303177297, 3783014.343845371156931 ], [ 395648.728382502566092, 3783014.038657172117382 ], [ 395649.643947100732476, 3783014.038657172117382 ], [ 395649.94913530012127, 3783013.733468972612172 ], [ 395651.169888097676449, 3783013.733468972612172 ], [ 395651.475076297065243, 3783013.428280773106962 ], [ 395651.475076297065243, 3783013.123092573601753 ], [ 395652.390640895231627, 3783013.123092573601753 ], [ 395652.695829094620422, 3783012.817904374562204 ], [ 395653.001017294009216, 3783012.817904374562204 ], [ 395653.306205493398011, 3783013.123092573601753 ], [ 395653.611393692786805, 3783013.123092573601753 ], [ 395653.306205493398011, 3783013.428280773106962 ], [ 395653.306205493398011, 3783014.038657172117382 ], [ 395653.9165818921756, 3783014.649033570662141 ], [ 395654.832146490341984, 3783014.649033570662141 ], [ 395655.442522889119573, 3783015.259409969672561 ], [ 395655.442522889119573, 3783015.564598168712109 ], [ 395655.747711088508368, 3783015.869786368217319 ], [ 395655.747711088508368, 3783016.480162767227739 ], [ 395654.526958290953189, 3783016.480162767227739 ], [ 395654.221770091564395, 3783016.785350966267288 ], [ 395654.221770091564395, 3783017.090539165772498 ], [ 395653.9165818921756, 3783017.395727365277708 ], [ 395653.9165818921756, 3783017.700915564782917 ], [ 395653.001017294009216, 3783018.616480162832886 ], [ 395652.695829094620422, 3783018.616480162832886 ], [ 395652.390640895231627, 3783018.921668362338096 ], [ 395652.085452695842832, 3783018.921668362338096 ], [ 395651.780264496454038, 3783019.226856561377645 ], [ 395651.169888097676449, 3783019.226856561377645 ], [ 395650.864699898287654, 3783019.532044760882854 ], [ 395649.643947100732476, 3783019.532044760882854 ], [ 395649.338758901343681, 3783019.837232960388064 ], [ 395648.118006103788503, 3783019.837232960388064 ] ] ] } },
{ "type": "Feature", "properties": { "confidence": 0.9152839183807373, "class": 1, "regularized": null }, "geometry": { "type": "Polygon", "coordinates": [ [ [ 395737.843336724326946, 3783170.295015259180218 ], [ 395737.843336724326946, 3783169.989827060140669 ], [ 395737.538148524938151, 3783169.684638860635459 ], [ 395737.538148524938151, 3783168.463886063080281 ], [ 395737.232960325549357, 3783168.158697863575071 ], [ 395737.232960325549357, 3783161.444557477254421 ], [ 395737.538148524938151, 3783161.139369277749211 ], [ 395737.538148524938151, 3783160.223804679699242 ], [ 395738.14852492371574, 3783159.613428280688822 ], [ 395740.895218718214892, 3783159.613428280688822 ], [ 395741.200406917603686, 3783159.308240081183612 ], [ 395743.336724313325249, 3783159.308240081183612 ], [ 395743.641912512714043, 3783159.613428280688822 ], [ 395744.557477110880427, 3783159.613428280688822 ], [ 395744.862665310269222, 3783159.918616480194032 ], [ 395744.862665310269222, 3783166.937945066019893 ], [ 395744.557477110880427, 3783167.243133265525103 ], [ 395744.557477110880427, 3783168.158697863575071 ], [ 395744.252288911491632, 3783168.463886063080281 ], [ 395744.252288911491632, 3783169.37945066113025 ], [ 395743.641912512714043, 3783169.989827060140669 ], [ 395742.726347914547659, 3783169.989827060140669 ], [ 395742.421159715158865, 3783170.295015259180218 ], [ 395737.843336724326946, 3783170.295015259180218 ] ] ] } },
{ "type": "Feature", "properties": { "confidence": 0.91461449861526489, "class": 1, "regularized": null }, "geometry": { "type": "Polygon", "coordinates": [ [ [ 395869.989827060024254, 3783165.412004068959504 ], [ 395869.379450661246665, 3783164.801627670414746 ], [ 395869.379450661246665, 3783163.275686673354357 ], [ 395869.684638860635459, 3783162.970498473849148 ], [ 395869.684638860635459, 3783161.444557477254421 ], [ 395869.989827060024254, 3783161.139369277749211 ], [ 395869.989827060024254, 3783160.528992878738791 ], [ 395870.295015259413049, 3783160.528992878738791 ], [ 395870.905391658190638, 3783159.918616480194032 ], [ 395870.905391658190638, 3783158.087487283628434 ], [ 395871.210579857579432, 3783157.782299084588885 ], [ 395871.210579857579432, 3783157.171922685578465 ], [ 395872.126144455745816, 3783157.171922685578465 ], [ 395872.431332655134611, 3783156.866734486073256 ], [ 395873.346897253300995, 3783156.866734486073256 ], [ 395873.957273652078584, 3783156.256358087528497 ], [ 395874.262461851467378, 3783156.256358087528497 ], [ 395874.567650050856173, 3783155.951169888023287 ], [ 395874.567650050856173, 3783155.645981688518077 ], [ 395874.872838250244968, 3783155.340793489478528 ], [ 395874.872838250244968, 3783155.035605289973319 ], [ 395875.178026449633762, 3783154.730417090468109 ], [ 395875.178026449633762, 3783154.12004069192335 ], [ 395876.703967446577735, 3783154.12004069192335 ], [ 395877.00915564596653, 3783154.425228890962899 ], [ 395877.00915564596653, 3783154.730417090468109 ], [ 395877.314343845355324, 3783155.035605289973319 ], [ 395877.314343845355324, 3783162.054933875799179 ], [ 395877.619532044744119, 3783162.360122075304389 ], [ 395877.619532044744119, 3783164.496439470909536 ], [ 395877.00915564596653, 3783165.106815869919956 ], [ 395875.483214649022557, 3783165.106815869919956 ], [ 395875.178026449633762, 3783165.412004068959504 ], [ 395869.989827060024254, 3783165.412004068959504 ] ] ] } },
{ "type": "Feature", "properties": { "confidence": 0.91369169950485229, "class": 1, "regularized": null }, "geometry": { "type": "Polygon", "coordinates": [ [ [ 395734.486266531050205, 3783070.498474059160799 ], [ 395734.181078331661411, 3783070.193285859655589 ], [ 395733.570701932883821, 3783070.193285859655589 ], [ 395733.265513733495027, 3783069.888097660150379 ], [ 395733.265513733495027, 3783068.97253306210041 ], [ 395733.570701932883821, 3783068.667344862595201 ], [ 395733.570701932883821, 3783066.531027466990054 ], [ 395733.265513733495027, 3783066.225839267484844 ], [ 395733.265513733495027, 3783065.615462868940085 ], [ 395733.570701932883821, 3783065.310274669434875 ], [ 395733.570701932883821, 3783065.005086469929665 ], [ 395733.875890132272616, 3783064.699898270424455 ], [ 395733.875890132272616, 3783063.784333672374487 ], [ 395734.486266531050205, 3783063.173957273829728 ], [ 395736.927772126160562, 3783063.173957273829728 ], [ 395737.232960325549357, 3783063.479145472869277 ], [ 395738.14852492371574, 3783063.479145472869277 ], [ 395738.453713123104535, 3783063.173957273829728 ], [ 395739.369277721270919, 3783063.173957273829728 ], [ 395739.674465920659713, 3783062.868769074324518 ], [ 395739.979654120048508, 3783063.173957273829728 ], [ 395740.895218718214892, 3783063.173957273829728 ], [ 395741.200406917603686, 3783063.479145472869277 ], [ 395741.505595116992481, 3783063.479145472869277 ], [ 395741.810783316381276, 3783063.784333672374487 ], [ 395741.810783316381276, 3783068.056968464050442 ], [ 395741.505595116992481, 3783068.362156663089991 ], [ 395741.505595116992481, 3783069.888097660150379 ], [ 395740.895218718214892, 3783070.498474059160799 ], [ 395734.486266531050205, 3783070.498474059160799 ] ] ] } },
{ "type": "Feature", "properties": { "confidence": 0.91333991289138794, "class": 1, "regularized": "rectangle" }, "geometry": { "type": "Polygon", "coordinates": [ [ [ 395971.625, 3783147.5 ], [ 395981.125, 3783147.5 ], [ 395981.125, 3783171.5 ], [ 395971.625, 3783171.5 ], [ 395971.625, 3783147.5 ] ] ] } },
{ "type": "Feature", "properties": { "confidence": 0.91321194171905518, "class": 1, "regularized": "rectangle" }, "geometry": { "type": "Polygon", "coordinates": [ [ [ 395826.03125, 3783025.0 ], [ 395833.96875, 3783025.0 ], [ 395833.96875, 3783041.0 ], [ 395826.03125, 3783041.0 ], [ 395826.03125, 3783025.0 ] ] ] } },
{ "type": "Feature", "properties": { "confidence": 0.91246426105499268, "class": 1, "regularized": null }, "geometry": { "type": "Polygon", "coordinates": [ [ [ 395958.494404883007519, 3783483.723296032752842 ], [ 395958.189216683618724, 3783483.418107833247632 ], [ 395958.189216683618724, 3783482.502543235197663 ], [ 395957.88402848422993, 3783482.197355035692453 ], [ 395957.88402848422993, 3783481.281790437642485 ], [ 395958.189216683618724, 3783480.976602238137275 ], [ 395962.767039674450643, 3783480.976602238137275 ], [ 395962.767039674450643, 3783483.418107833247632 ], [ 395962.461851475061849, 3783483.723296032752842 ], [ 395958.494404883007519, 3783483.723296032752842 ] ] ] } },
{ "type": "Feature", "properties": { "confidence": 0.91047018766403198, "class": 1, "regularized": null }, "geometry": { "type": "Polygon", "coordinates": [ [ [ 395613.021363173960708, 3783168.158697863575071 ], [ 395613.021363173960708, 3783167.853509664069861 ], [ 395612.716174974571913, 3783167.548321465030313 ], [ 395612.716174974571913, 3783166.327568667475134 ], [ 395613.021363173960708, 3783166.022380467969924 ], [ 395613.021363173960708, 3783162.665310274809599 ], [ 395612.716174974571913, 3783162.360122075304389 ], [ 395612.716174974571913, 3783162.054933875799179 ], [ 395613.021363173960708, 3783161.749745676293969 ], [ 395613.021363173960708, 3783160.223804679699242 ], [ 395613.326551373349503, 3783159.918616480194032 ], [ 395613.326551373349503, 3783159.613428280688822 ], [ 395613.631739572738297, 3783159.613428280688822 ], [ 395613.936927772127092, 3783159.308240081183612 ], [ 395614.547304170904681, 3783159.308240081183612 ], [ 395614.852492370293476, 3783159.003051882144064 ], [ 395616.378433367237449, 3783159.003051882144064 ], [ 395616.683621566626243, 3783159.308240081183612 ], [ 395616.988809766015038, 3783159.308240081183612 ], [ 395616.988809766015038, 3783159.613428280688822 ], [ 395617.293997965403832, 3783159.918616480194032 ], [ 395617.293997965403832, 3783160.834181078244001 ], [ 395617.599186164792627, 3783161.139369277749211 ], [ 395617.599186164792627, 3783162.054933875799179 ], [ 395617.904374364181422, 3783162.360122075304389 ], [ 395618.209562563570216, 3783162.360122075304389 ], [ 395618.209562563570216, 3783162.970498473849148 ], [ 395618.819938962347806, 3783163.580874872859567 ], [ 395618.819938962347806, 3783164.801627670414746 ], [ 395619.1251271617366, 3783165.106815869919956 ], [ 395619.1251271617366, 3783166.022380467969924 ], [ 395619.430315361125395, 3783166.327568667475134 ], [ 395619.430315361125395, 3783166.632756866514683 ], [ 395619.1251271617366, 3783166.937945066019893 ], [ 395618.209562563570216, 3783166.937945066019893 ], [ 395617.904374364181422, 3783167.243133265525103 ], [ 395617.293997965403832, 3783167.243133265525103 ], [ 395616.988809766015038, 3783167.548321465030313 ], [ 395616.073245167848654, 3783167.548321465030313 ], [ 395615.768056968459859, 3783167.853509664069861 ], [ 395614.852492370293476, 3783167.853509664069861 ], [ 395614.547304170904681, 3783168.158697863575071 ], [ 395613.021363173960708, 3783168.158697863575071 ] ] ] } },
{ "type": "Feature", "properties": { "confidence": 0.90985596179962158, "class": 1, "regularized": null }, "geometry": { "type": "Polygon", "coordinates": [ [ [ 395642.929806714120787, 3783447.100712105631828 ], [ 395642.624618514731992, 3783446.79552390659228 ], [ 395642.014242115954403, 3783446.79552390659228 ], [ 395641.709053916565608, 3783446.49033570708707 ], [ 395641.098677517788019, 3783446.49033570708707 ], [ 395640.793489318399224, 3783446.18514750758186 ], [ 395640.183112919621635, 3783446.18514750758186 ], [ 395639.877924720232841, 3783445.87995930807665 ], [ 395639.267548321455251, 3783445.87995930807665 ], [ 395638.962360122066457, 3783445.574771109037101 ], [ 395638.962360122066457, 3783445.269582909531891 ], [ 395638.657171922677662, 3783444.964394710026681 ], [ 395638.657171922677662, 3783443.743641912471503 ], [ 395638.962360122066457, 3783443.438453712966293 ], [ 395638.962360122066457, 3783441.607324516866356 ], [ 395639.572736520844046, 3783440.996948117855936 ], [ 395639.572736520844046, 3783440.386571719311178 ], [ 395639.877924720232841, 3783440.081383519805968 ], [ 395639.877924720232841, 3783439.776195320300758 ], [ 395640.48830111901043, 3783439.165818921755999 ], [ 395640.48830111901043, 3783438.860630722250789 ], [ 395640.793489318399224, 3783438.555442522745579 ], [ 395641.098677517788019, 3783438.555442522745579 ], [ 395641.709053916565608, 3783437.945066124200821 ], [ 395642.014242115954403, 3783437.945066124200821 ], [ 395642.319430315343197, 3783437.639877924695611 ], [ 395642.624618514731992, 3783437.639877924695611 ], [ 395642.929806714120787, 3783437.334689725190401 ], [ 395645.371312309231143, 3783437.334689725190401 ], [ 395645.371312309231143, 3783437.639877924695611 ], [ 395645.981688708008733, 3783438.250254323706031 ], [ 395645.981688708008733, 3783439.165818921755999 ], [ 395646.286876907397527, 3783439.471007121261209 ], [ 395646.286876907397527, 3783439.776195320300758 ], [ 395646.897253306233324, 3783440.386571719311178 ], [ 395646.897253306233324, 3783440.691759918816388 ], [ 395647.812817904399708, 3783441.607324516866356 ], [ 395647.812817904399708, 3783441.912512716371566 ], [ 395648.423194303177297, 3783442.522889114916325 ], [ 395648.423194303177297, 3783443.133265513926744 ], [ 395648.728382502566092, 3783443.438453712966293 ], [ 395648.728382502566092, 3783445.87995930807665 ], [ 395648.423194303177297, 3783446.18514750758186 ], [ 395648.118006103788503, 3783446.18514750758186 ], [ 395647.812817904399708, 3783446.49033570708707 ], [ 395645.676500508619938, 3783446.49033570708707 ], [ 395645.371312309231143, 3783446.79552390659228 ], [ 395644.760935910453554, 3783446.79552390659228 ], [ 395644.45574771106476, 3783447.100712105631828 ], [ 395642.929806714120787, 3783447.100712105631828 ] ] ] } },
{ "type": "Feature", "properties": { "confidence": 0.90298610925674438, "class": 1, "regularized": null }, "geometry": { "type": "Polygon", "coordinates": [ [ [ 395962.156663275673054, 3783402.848423194140196 ], [ 395961.85147507628426, 3783402.543234995100647 ], [ 395961.546286876895465, 3783402.543234995100647 ], [ 395961.24109867750667, 3783402.238046795595437 ], [ 395961.24109867750667, 3783399.491353000979871 ], [ 395961.546286876895465, 3783399.186164801474661 ], [ 395961.546286876895465, 3783398.880976602435112 ], [ 395961.85147507628426, 3783398.575788402929902 ], [ 395961.85147507628426, 3783397.965412003919482 ], [ 395962.156663275673054, 3783397.660223804879934 ], [ 395962.156663275673054, 3783397.049847405869514 ], [ 395962.461851475061849, 3783396.744659206364304 ], [ 395966.429298067116179, 3783396.744659206364304 ], [ 395966.429298067116179, 3783397.355035605374724 ], [ 395966.734486266504973, 3783397.660223804879934 ], [ 395966.734486266504973, 3783397.965412003919482 ], [ 395967.955239064118359, 3783399.186164801474661 ], [ 395968.260427263507154, 3783399.186164801474661 ], [ 395968.260427263507154, 3783399.491353000979871 ], [ 395968.565615462895948, 3783399.79654120048508 ], [ 395968.565615462895948, 3783402.543234995100647 ], [ 395968.260427263507154, 3783402.848423194140196 ], [ 395962.156663275673054, 3783402.848423194140196 ] ] ] } },
{ "type": "Feature", "properties": { "confidence": 0.90263462066650391, "class": 1, "regularized": null }, "geometry": { "type": "Polygon", "coordinates": [ [ [ 395874.567650050856173, 3783188.911495422013104 ], [ 395874.262461851467378, 3783188.606307222973555 ], [ 395873.652085452689789, 3783188.606307222973555 ], [ 395873.346897253300995, 3783188.301119023468345 ], [ 395869.379450661246665, 3783188.301119023468345 ], [ 395869.379450661246665, 3783183.112919633742422 ], [ 395869.989827060024254, 3783182.502543235197663 ], [ 395870.600203458801843, 3783182.502543235197663 ], [ 395870.905391658190638, 3783182.197355035692453 ], [ 395873.346897253300995, 3783182.197355035692453 ], [ 395873.652085452689789, 3783181.892166836187243 ], [ 395879.755849440465681, 3783181.892166836187243 ], [ 395880.061037639854476, 3783182.197355035692453 ], [ 395880.061037639854476, 3783182.502543235197663 ], [ 395880.36622583924327, 3783182.807731434237212 ], [ 395880.36622583924327, 3783183.723296032752842 ], [ 395880.061037639854476, 3783184.02848423179239 ], [ 395880.061037639854476, 3783184.94404883030802 ], [ 395879.755849440465681, 3783185.249237029347569 ], [ 395879.755849440465681, 3783186.775178026407957 ], [ 395880.061037639854476, 3783187.080366225913167 ], [ 395880.061037639854476, 3783188.301119023468345 ], [ 395879.755849440465681, 3783188.606307222973555 ], [ 395877.00915564596653, 3783188.606307222973555 ], [ 395876.703967446577735, 3783188.911495422013104 ], [ 395874.567650050856173, 3783188.911495422013104 ] ] ] } },
{ "type": "Feature", "properties": { "confidence": 0.90144973993301392, "class": 1, "regularized": null }, "geometry": { "type": "Polygon", "coordinates": [ [ [ 395816.88708036619937, 3783514.547304171137512 ], [ 395816.276703967421781, 3783513.936927772127092 ], [ 395816.276703967421781, 3783513.631739572621882 ], [ 395816.581892166810576, 3783513.326551373116672 ], [ 395816.581892166810576, 3783512.716174974571913 ], [ 395816.88708036619937, 3783512.410986775066704 ], [ 395816.88708036619937, 3783510.885045778006315 ], [ 395816.581892166810576, 3783510.579857578966767 ], [ 395816.581892166810576, 3783510.274669379461557 ], [ 395816.276703967421781, 3783509.969481179956347 ], [ 395816.276703967421781, 3783509.359104781411588 ], [ 395815.666327568644192, 3783508.748728382401168 ], [ 395815.666327568644192, 3783507.8331637843512 ], [ 395815.971515768032987, 3783507.8331637843512 ], [ 395816.276703967421781, 3783507.52797558484599 ], [ 395817.802644964365754, 3783507.52797558484599 ], [ 395818.107833163812757, 3783507.8331637843512 ], [ 395821.159715157700703, 3783507.8331637843512 ], [ 395821.464903357089497, 3783508.13835198385641 ], [ 395821.159715157700703, 3783508.443540182895958 ], [ 395821.159715157700703, 3783509.053916581906378 ], [ 395821.464903357089497, 3783509.359104781411588 ], [ 395821.464903357089497, 3783509.664292980451137 ], [ 395821.770091556478292, 3783509.969481179956347 ], [ 395822.075279755867086, 3783509.969481179956347 ], [ 395822.380467955255881, 3783510.274669379461557 ], [ 395822.99084435403347, 3783510.274669379461557 ], [ 395823.296032553422265, 3783509.969481179956347 ], [ 395823.601220752811059, 3783510.274669379461557 ], [ 395823.601220752811059, 3783510.579857578966767 ], [ 395823.906408952199854, 3783510.885045778006315 ], [ 395823.601220752811059, 3783511.190233977511525 ], [ 395823.601220752811059, 3783513.936927772127092 ], [ 395823.296032553422265, 3783514.242115971632302 ], [ 395822.685656154644676, 3783514.242115971632302 ], [ 395822.380467955255881, 3783514.547304171137512 ], [ 395816.88708036619937, 3783514.547304171137512 ] ] ] } },
{ "type": "Feature", "properties": { "confidence": 0.89710688591003418, "class": 1, "regularized": null }, "geometry": { "type": "Polygon", "coordinates": [ [ [ 395517.192268565588165, 3783527.060020345728844 ], [ 395516.88708036619937, 3783526.754832146689296 ], [ 395516.581892166810576, 3783526.754832146689296 ], [ 395514.750762970477808, 3783524.923702950123698 ], [ 395514.750762970477808, 3783524.618514750618488 ], [ 395513.53001017292263, 3783523.397761953063309 ], [ 395513.53001017292263, 3783523.092573754023761 ], [ 395513.224821973533835, 3783522.787385554518551 ], [ 395513.224821973533835, 3783522.482197355013341 ], [ 395512.919633774145041, 3783522.177009155508131 ], [ 395512.919633774145041, 3783521.871820956468582 ], [ 395512.309257375367451, 3783521.261444557458162 ], [ 395512.309257375367451, 3783520.956256357952952 ], [ 395512.004069175978657, 3783520.651068158913404 ], [ 395512.004069175978657, 3783520.040691759902984 ], [ 395511.698880976589862, 3783519.735503560397774 ], [ 395511.698880976589862, 3783519.430315361358225 ], [ 395511.393692777201068, 3783519.125127161853015 ], [ 395511.393692777201068, 3783518.514750762842596 ], [ 395511.088504577812273, 3783518.209562563803047 ], [ 395511.393692777201068, 3783517.904374364297837 ], [ 395511.393692777201068, 3783517.599186164792627 ], [ 395511.698880976589862, 3783517.599186164792627 ], [ 395512.004069175978657, 3783517.293997965287417 ], [ 395514.750762970477808, 3783517.293997965287417 ], [ 395515.055951169866603, 3783517.599186164792627 ], [ 395515.361139369255397, 3783517.599186164792627 ], [ 395515.971515768032987, 3783518.209562563803047 ], [ 395515.971515768032987, 3783518.514750762842596 ], [ 395516.276703967421781, 3783518.819938962347806 ], [ 395516.276703967421781, 3783519.125127161853015 ], [ 395516.581892166810576, 3783519.430315361358225 ], [ 395516.581892166810576, 3783519.735503560397774 ], [ 395517.49745676497696, 3783520.651068158913404 ], [ 395517.49745676497696, 3783520.956256357952952 ], [ 395517.802644964365754, 3783521.261444557458162 ], [ 395517.802644964365754, 3783521.566632756963372 ], [ 395518.413021363201551, 3783522.177009155508131 ], [ 395518.413021363201551, 3783522.482197355013341 ], [ 395518.718209562590346, 3783522.787385554518551 ], [ 395518.718209562590346, 3783523.397761953063309 ], [ 395519.02339776197914, 3783523.702950152568519 ], [ 395519.02339776197914, 3783524.313326551578939 ], [ 395519.328585961367935, 3783524.618514750618488 ], [ 395519.328585961367935, 3783526.144455747678876 ], [ 395519.02339776197914, 3783526.449643947184086 ], [ 395519.02339776197914, 3783526.754832146689296 ], [ 395518.718209562590346, 3783526.754832146689296 ], [ 395518.413021363201551, 3783527.060020345728844 ], [ 395517.192268565588165, 3783527.060020345728844 ] ] ] } },
{ "type": "Feature", "properties": { "confidence": 0.89349955320358276, "class": 1, "regularized": null }, "geometry": { "type": "Polygon", "coordinates": [ [ [ 395672.533062054950278, 3783454.425228890962899 ], [ 395672.227873855561484, 3783454.12004069192335 ], [ 395672.227873855561484, 3783453.81485249241814 ], [ 395671.617497456783894, 3783453.20447609340772 ], [ 395671.3123092573951, 3783453.20447609340772 ], [ 395671.3123092573951, 3783452.899287894368172 ], [ 395670.701932858617511, 3783452.288911495357752 ], [ 395670.701932858617511, 3783451.983723295852542 ], [ 395669.786368260451127, 3783451.068158697802573 ], [ 395669.786368260451127, 3783450.762970498297364 ], [ 395669.481180061062332, 3783450.457782299257815 ], [ 395669.481180061062332, 3783448.931841302197427 ], [ 395669.175991861673538, 3783448.626653102692217 ], [ 395669.175991861673538, 3783447.405900305137038 ], [ 395668.870803662284743, 3783447.100712105631828 ], [ 395668.870803662284743, 3783445.87995930807665 ], [ 395668.565615462895948, 3783445.574771109037101 ], [ 395668.565615462895948, 3783444.659206510521472 ], [ 395668.260427263507154, 3783444.354018311481923 ], [ 395668.260427263507154, 3783444.048830111976713 ], [ 395669.481180061062332, 3783444.048830111976713 ], [ 395669.481180061062332, 3783444.354018311481923 ], [ 395669.786368260451127, 3783444.659206510521472 ], [ 395669.786368260451127, 3783444.964394710026681 ], [ 395670.091556459839921, 3783445.269582909531891 ], [ 395670.091556459839921, 3783445.574771109037101 ], [ 395670.396744659228716, 3783445.87995930807665 ], [ 395670.396744659228716, 3783446.49033570708707 ], [ 395670.701932858617511, 3783446.79552390659228 ], [ 395670.701932858617511, 3783447.100712105631828 ], [ 395671.3123092573951, 3783447.711088504642248 ], [ 395671.617497456783894, 3783447.711088504642248 ], [ 395671.617497456783894, 3783448.016276704147458 ], [ 395672.227873855561484, 3783448.626653102692217 ], [ 395672.227873855561484, 3783448.931841302197427 ], [ 395672.838250254339073, 3783449.542217700742185 ], [ 395673.143438453727867, 3783449.542217700742185 ], [ 395673.143438453727867, 3783454.425228890962899 ], [ 395672.533062054950278, 3783454.425228890962899 ] ] ] } },
{ "type": "Feature", "properties": { "confidence": 0.89324009418487549, "class": 1, "regularized": null }, "geometry": { "type": "Polygon", "coordinates": [ [ [ 395550.762970498471987, 3783386.673448626883328 ], [ 395550.457782299083192, 3783386.368260427378118 ], [ 395549.847405900305603, 3783386.368260427378118 ], [ 395549.542217700916808, 3783386.063072227872908 ], [ 395549.542217700916808, 3783385.452695828862488 ], [ 395549.237029501528013, 3783385.14750762982294 ], [ 395549.237029501528013, 3783384.23194303130731 ], [ 395549.542217700916808, 3783383.926754832267761 ], [ 395549.542217700916808, 3783380.569684638641775 ], [ 395549.847405900305603, 3783380.264496439602226 ], [ 395549.847405900305603, 3783379.959308240097016 ], [ 395550.457782299083192, 3783379.348931841086596 ], [ 395550.762970498471987, 3783379.348931841086596 ], [ 395551.373346897249576, 3783378.738555442541838 ], [ 395551.67853509663837, 3783378.738555442541838 ], [ 395551.983723296027165, 3783378.433367243036628 ], [ 395552.28891149541596, 3783378.433367243036628 ], [ 395552.594099694804754, 3783378.128179043531418 ], [ 395555.035605289915111, 3783378.128179043531418 ], [ 395555.6459816886927, 3783378.738555442541838 ], [ 395555.951169888081495, 3783378.738555442541838 ], [ 395556.561546286859084, 3783379.348931841086596 ], [ 395556.866734486247879, 3783379.348931841086596 ], [ 395556.866734486247879, 3783379.654120040591806 ], [ 395557.477110885025468, 3783380.264496439602226 ], [ 395557.477110885025468, 3783381.180061037652194 ], [ 395557.171922685636673, 3783381.485249237157404 ], [ 395557.171922685636673, 3783383.011190233752131 ], [ 395556.561546286859084, 3783383.621566632762551 ], [ 395556.561546286859084, 3783383.926754832267761 ], [ 395556.256358087470289, 3783384.23194303130731 ], [ 395556.256358087470289, 3783384.84231943031773 ], [ 395555.951169888081495, 3783385.14750762982294 ], [ 395555.951169888081495, 3783385.452695828862488 ], [ 395555.035605289915111, 3783386.368260427378118 ], [ 395552.28891149541596, 3783386.368260427378118 ], [ 395551.983723296027165, 3783386.673448626883328 ], [ 395550.762970498471987, 3783386.673448626883328 ] ] ] } },
{ "type": "Feature", "properties": { "confidence": 0.89241975545883179, "class": 1, "regularized": null }, "geometry": { "type": "Polygon", "coordinates": [ [ [ 395919.735503560514189, 3783500.20345879951492 ], [ 395919.430315361125395, 3783499.89827060000971 ], [ 395918.209562563570216, 3783499.89827060000971 ], [ 395918.209562563570216, 3783499.593082400970161 ], [ 395917.904374364181422, 3783499.287894201464951 ], [ 395917.599186164792627, 3783499.287894201464951 ], [ 395917.293997965403832, 3783498.982706001959741 ], [ 395915.462868769071065, 3783498.982706001959741 ], [ 395915.15768056968227, 3783498.677517802454531 ], [ 395914.547304170904681, 3783498.677517802454531 ], [ 395914.547304170904681, 3783498.372329603414983 ], [ 395914.242115971515886, 3783498.067141403909773 ], [ 395914.547304170904681, 3783497.761953204404563 ], [ 395914.547304170904681, 3783496.541200406849384 ], [ 395914.852492370293476, 3783496.236012207344174 ], [ 395914.852492370293476, 3783495.930824008304626 ], [ 395915.15768056968227, 3783495.625635808799416 ], [ 395915.15768056968227, 3783495.320447609294206 ], [ 395915.462868769071065, 3783495.015259409788996 ], [ 395915.462868769071065, 3783494.710071210749447 ], [ 395915.768056968459859, 3783494.404883011244237 ], [ 395915.768056968459859, 3783494.099694811739028 ], [ 395916.073245167848654, 3783493.794506612233818 ], [ 395916.073245167848654, 3783493.489318413194269 ], [ 395916.378433367237449, 3783493.184130213689059 ], [ 395916.683621566626243, 3783493.184130213689059 ], [ 395916.988809766015038, 3783492.878942014183849 ], [ 395919.1251271617366, 3783492.878942014183849 ], [ 395919.430315361125395, 3783492.573753814678639 ], [ 395920.040691759902984, 3783492.573753814678639 ], [ 395920.345879959291779, 3783492.268565615639091 ], [ 395923.397761953179725, 3783492.268565615639091 ], [ 395923.397761953179725, 3783492.573753814678639 ], [ 395923.702950152568519, 3783492.878942014183849 ], [ 395923.702950152568519, 3783493.794506612233818 ], [ 395924.008138351957314, 3783494.099694811739028 ], [ 395924.008138351957314, 3783497.456765004899353 ], [ 395923.702950152568519, 3783497.761953204404563 ], [ 395923.702950152568519, 3783498.067141403909773 ], [ 395923.397761953179725, 3783498.372329603414983 ], [ 395923.397761953179725, 3783498.677517802454531 ], [ 395923.09257375379093, 3783498.982706001959741 ], [ 395923.09257375379093, 3783499.287894201464951 ], [ 395922.787385554402135, 3783499.593082400970161 ], [ 395921.566632756846957, 3783499.593082400970161 ], [ 395921.261444557458162, 3783499.89827060000971 ], [ 395920.040691759902984, 3783499.89827060000971 ], [ 395919.735503560514189, 3783500.20345879951492 ] ] ] } },
{ "type": "Feature", "properties": { "confidence": 0.8920789361000061, "class": 1, "regularized": null }, "geometry": { "type": "Polygon", "coordinates": [ [ [ 395620.040691759902984, 3783182.502543235197663 ], [ 395619.735503560514189, 3783182.197355035692453 ], [ 395619.1251271617366, 3783182.197355035692453 ], [ 395618.819938962347806, 3783181.892166836187243 ], [ 395618.819938962347806, 3783180.671414038632065 ], [ 395619.1251271617366, 3783180.366225839126855 ], [ 395619.1251271617366, 3783178.840284842532128 ], [ 395618.819938962347806, 3783178.535096643026918 ], [ 395618.819938962347806, 3783177.924720244016498 ], [ 395619.430315361125395, 3783177.31434384547174 ], [ 395620.040691759902984, 3783177.31434384547174 ], [ 395620.345879959291779, 3783177.00915564596653 ], [ 395621.566632756846957, 3783177.00915564596653 ], [ 395621.871820956235752, 3783176.70396744646132 ], [ 395621.871820956235752, 3783175.483214648906142 ], [ 395622.177009155624546, 3783175.178026449866593 ], [ 395624.923702950123698, 3783175.178026449866593 ], [ 395625.2288911495707, 3783175.483214648906142 ], [ 395624.923702950123698, 3783175.788402848411351 ], [ 395624.923702950123698, 3783177.00915564596653 ], [ 395625.534079348959494, 3783177.61953204497695 ], [ 395625.839267548348289, 3783177.61953204497695 ], [ 395625.839267548348289, 3783177.924720244016498 ], [ 395626.144455747737084, 3783178.229908443521708 ], [ 395626.144455747737084, 3783181.281790437642485 ], [ 395625.534079348959494, 3783181.892166836187243 ], [ 395621.871820956235752, 3783181.892166836187243 ], [ 395621.566632756846957, 3783182.197355035692453 ], [ 395620.345879959291779, 3783182.197355035692453 ], [ 395620.040691759902984, 3783182.502543235197663 ] ] ] } },
{ "type": "Feature", "properties": { "confidence": 0.89079618453979492, "class": 1, "regularized": null }, "geometry": { "type": "Polygon", "coordinates": [ [ [ 395751.576805696822703, 3783211.800610376521945 ], [ 395751.576805696822703, 3783209.664292980451137 ], [ 395757.375381485268008, 3783209.664292980451137 ], [ 395757.375381485268008, 3783210.885045778006315 ], [ 395756.765005086490419, 3783211.495422177016735 ], [ 395752.187182095600292, 3783211.495422177016735 ], [ 395751.881993896211497, 3783211.800610376521945 ], [ 395751.576805696822703, 3783211.800610376521945 ] ] ] } },
{ "type": "Feature", "properties": { "confidence": 0.8848799467086792, "class": 1, "regularized": null }, "geometry": { "type": "Polygon", "coordinates": [ [ [ 395606.612410986796021, 3783190.132248219568282 ], [ 395606.002034588018432, 3783189.521871821023524 ], [ 395606.002034588018432, 3783189.216683621518314 ], [ 395605.696846388629638, 3783188.911495422013104 ], [ 395605.696846388629638, 3783188.301119023468345 ], [ 395605.391658189240843, 3783187.995930823963135 ], [ 395605.391658189240843, 3783187.080366225913167 ], [ 395605.086469989852048, 3783186.775178026407957 ], [ 395605.086469989852048, 3783186.469989826902747 ], [ 395604.781281790463254, 3783186.164801627863199 ], [ 395604.781281790463254, 3783185.554425228852779 ], [ 395604.476093591074459, 3783185.249237029347569 ], [ 395604.476093591074459, 3783184.63886063080281 ], [ 395604.170905391685665, 3783184.3336724312976 ], [ 395604.170905391685665, 3783182.807731434237212 ], [ 395604.476093591074459, 3783182.807731434237212 ], [ 395604.781281790463254, 3783182.502543235197663 ], [ 395605.086469989852048, 3783182.502543235197663 ], [ 395605.391658189240843, 3783182.197355035692453 ], [ 395606.917599186184816, 3783182.197355035692453 ], [ 395607.222787385573611, 3783182.502543235197663 ], [ 395607.222787385573611, 3783182.807731434237212 ], [ 395607.527975584962405, 3783183.112919633742422 ], [ 395607.527975584962405, 3783183.723296032752842 ], [ 395607.8331637843512, 3783184.02848423179239 ], [ 395607.8331637843512, 3783184.3336724312976 ], [ 395608.443540183128789, 3783184.94404883030802 ], [ 395608.443540183128789, 3783185.249237029347569 ], [ 395608.748728382517584, 3783185.554425228852779 ], [ 395608.748728382517584, 3783185.859613428357989 ], [ 395609.053916581906378, 3783186.164801627863199 ], [ 395609.053916581906378, 3783186.775178026407957 ], [ 395609.359104781295173, 3783187.080366225913167 ], [ 395609.359104781295173, 3783187.690742624457926 ], [ 395609.664292980683967, 3783187.995930823963135 ], [ 395609.664292980683967, 3783188.301119023468345 ], [ 395609.359104781295173, 3783188.606307222973555 ], [ 395609.359104781295173, 3783188.911495422013104 ], [ 395609.053916581906378, 3783189.216683621518314 ], [ 395608.748728382517584, 3783189.216683621518314 ], [ 395608.443540183128789, 3783189.521871821023524 ], [ 395608.138351983739994, 3783189.521871821023524 ], [ 395607.8331637843512, 3783189.827060020528734 ], [ 395607.222787385573611, 3783189.827060020528734 ], [ 395606.917599186184816, 3783190.132248219568282 ], [ 395606.612410986796021, 3783190.132248219568282 ] ] ] } },
{ "type": "Feature", "properties": { "confidence": 0.88341140747070312, "class": 1, "regularized": null }, "geometry": { "type": "Polygon", "coordinates": [ [ [ 395905.086469989852048, 3783201.424211597070098 ], [ 395904.781281790463254, 3783201.119023397564888 ], [ 395904.170905391685665, 3783201.119023397564888 ], [ 395904.170905391685665, 3783198.982706001959741 ], [ 395904.476093591074459, 3783198.677517802454531 ], [ 395904.476093591074459, 3783197.456765004899353 ], [ 395905.086469989852048, 3783196.846388606354594 ], [ 395906.002034588018432, 3783196.846388606354594 ], [ 395906.307222787407227, 3783196.541200406849384 ], [ 395909.053916581906378, 3783196.541200406849384 ], [ 395909.359104781295173, 3783196.236012207344174 ], [ 395911.80061037640553, 3783196.236012207344174 ], [ 395912.105798575794324, 3783196.541200406849384 ], [ 395912.105798575794324, 3783200.20345879951492 ], [ 395911.80061037640553, 3783200.508646999020129 ], [ 395911.80061037640553, 3783200.813835198525339 ], [ 395909.359104781295173, 3783200.813835198525339 ], [ 395909.053916581906378, 3783201.119023397564888 ], [ 395906.002034588018432, 3783201.119023397564888 ], [ 395905.696846388629638, 3783201.424211597070098 ], [ 395905.086469989852048, 3783201.424211597070098 ] ] ] } },
{ "type": "Feature", "properties": { "confidence": 0.88339674472808838, "class": 1, "regularized": null }, "geometry": { "type": "Polygon", "coordinates": [ [ [ 395447.914547304157168, 3783422.99084435403347 ], [ 395447.609359104768373, 3783422.68565615452826 ], [ 395447.304170905379578, 3783422.68565615452826 ], [ 395447.304170905379578, 3783422.38046795502305 ], [ 395446.998982705990784, 3783422.075279755983502 ], [ 395446.998982705990784, 3783420.244150559417903 ], [ 395447.304170905379578, 3783419.938962359912694 ], [ 395447.304170905379578, 3783419.328585961367935 ], [ 395447.914547304157168, 3783418.718209562357515 ], [ 395448.219735503545962, 3783418.718209562357515 ], [ 395449.135300101712346, 3783417.802644964307547 ], [ 395449.135300101712346, 3783417.497456764802337 ], [ 395449.440488301101141, 3783417.192268565762788 ], [ 395449.440488301101141, 3783416.276703967247158 ], [ 395449.745676500489935, 3783415.97151576820761 ], [ 395449.745676500489935, 3783415.6663275687024 ], [ 395450.661241098656319, 3783414.750762970652431 ], [ 395450.966429298045114, 3783414.750762970652431 ], [ 395451.271617497433908, 3783414.445574771147221 ], [ 395451.881993896211497, 3783414.445574771147221 ], [ 395452.187182095600292, 3783414.140386571642011 ], [ 395453.713123092602473, 3783414.140386571642011 ], [ 395454.933875890157651, 3783415.36113936919719 ], [ 395454.933875890157651, 3783416.581892166752368 ], [ 395455.54425228893524, 3783417.192268565762788 ], [ 395455.54425228893524, 3783417.497456764802337 ], [ 395455.849440488324035, 3783417.802644964307547 ], [ 395455.849440488324035, 3783418.413021363317966 ], [ 395455.54425228893524, 3783418.718209562357515 ], [ 395455.54425228893524, 3783419.938962359912694 ], [ 395455.239064089546446, 3783420.244150559417903 ], [ 395454.933875890157651, 3783420.244150559417903 ], [ 395454.628687690768857, 3783420.549338758923113 ], [ 395454.323499491380062, 3783420.549338758923113 ], [ 395454.018311291991267, 3783420.854526958428323 ], [ 395453.713123092602473, 3783420.854526958428323 ], [ 395453.40793489315547, 3783421.159715157467872 ], [ 395453.102746693766676, 3783421.159715157467872 ], [ 395452.797558494377881, 3783421.464903356973082 ], [ 395452.492370294989087, 3783421.464903356973082 ], [ 395452.187182095600292, 3783421.770091556478292 ], [ 395451.881993896211497, 3783421.770091556478292 ], [ 395451.576805696822703, 3783422.075279755983502 ], [ 395451.271617497433908, 3783422.075279755983502 ], [ 395450.661241098656319, 3783422.68565615452826 ], [ 395450.356052899267524, 3783422.68565615452826 ], [ 395450.05086469987873, 3783422.99084435403347 ], [ 395447.914547304157168, 3783422.99084435403347 ] ] ] } },
{ "type": "Feature", "properties": { "confidence": 0.87912076711654663, "class": 1, "regularized": null }, "geometry": { "type": "Polygon", "coordinates": [ [ [ 395425.33062054932816, 3783027.161749745719135 ], [ 395424.72024415055057, 3783026.551373346708715 ], [ 395424.72024415055057, 3783025.635808748658746 ], [ 395424.415055951161776, 3783025.330620549153537 ], [ 395424.415055951161776, 3783025.025432350113988 ], [ 395424.109867751772981, 3783024.720244150608778 ], [ 395424.109867751772981, 3783024.415055951103568 ], [ 395423.804679552384187, 3783024.109867751598358 ], [ 395423.804679552384187, 3783023.80467955255881 ], [ 395423.499491352995392, 3783023.4994913530536 ], [ 395423.499491352995392, 3783023.19430315354839 ], [ 395423.804679552384187, 3783022.88911495404318 ], [ 395424.109867751772981, 3783022.88911495404318 ], [ 395424.72024415055057, 3783022.278738555498421 ], [ 395425.33062054932816, 3783022.278738555498421 ], [ 395425.635808748716954, 3783021.973550355993211 ], [ 395426.856561546272133, 3783021.973550355993211 ], [ 395427.161749745660927, 3783022.278738555498421 ], [ 395427.466937945049722, 3783022.278738555498421 ], [ 395428.6876907426049, 3783023.4994913530536 ], [ 395428.6876907426049, 3783023.80467955255881 ], [ 395428.992878941993695, 3783024.109867751598358 ], [ 395428.992878941993695, 3783024.415055951103568 ], [ 395429.298067141382489, 3783024.720244150608778 ], [ 395429.298067141382489, 3783025.940996948163956 ], [ 395428.992878941993695, 3783026.246185147669166 ], [ 395428.6876907426049, 3783026.246185147669166 ], [ 395428.382502543216106, 3783026.551373346708715 ], [ 395427.772126144438516, 3783026.551373346708715 ], [ 395427.466937945049722, 3783026.856561546213925 ], [ 395426.856561546272133, 3783026.856561546213925 ], [ 395426.551373346883338, 3783027.161749745719135 ], [ 395425.33062054932816, 3783027.161749745719135 ] ] ] } },
{ "type": "Feature", "properties": { "confidence": 0.8788716197013855, "class": 1, "regularized": null }, "geometry": { "type": "Polygon", "coordinates": [ [ [ 395903.86571719229687, 3783196.541200406849384 ], [ 395903.86571719229687, 3783195.930824008304626 ], [ 395903.560528992908075, 3783195.625635808799416 ], [ 395903.560528992908075, 3783189.827060020528734 ], [ 395903.86571719229687, 3783189.521871821023524 ], [ 395903.86571719229687, 3783188.606307222973555 ], [ 395904.476093591074459, 3783187.995930823963135 ], [ 395904.781281790463254, 3783187.995930823963135 ], [ 395905.086469989852048, 3783187.690742624457926 ], [ 395905.391658189240843, 3783187.690742624457926 ], [ 395906.002034588018432, 3783187.080366225913167 ], [ 395906.307222787407227, 3783187.080366225913167 ], [ 395906.612410986796021, 3783186.775178026407957 ], [ 395907.527975584962405, 3783186.775178026407957 ], [ 395907.527975584962405, 3783196.236012207344174 ], [ 395906.917599186184816, 3783196.236012207344174 ], [ 395906.612410986796021, 3783196.541200406849384 ], [ 395903.86571719229687, 3783196.541200406849384 ] ] ] } },
{ "type": "Feature", "properties": { "confidence": 0.87619119882583618, "class": 1, "regularized": null }, "geometry": { "type": "Polygon", "coordinates": [ [ [ 395536.419125127140433, 3783020.142421159893274 ], [ 395535.503560528974049, 3783019.226856561377645 ], [ 395535.503560528974049, 3783018.921668362338096 ], [ 395534.89318413019646, 3783018.311291963327676 ], [ 395534.89318413019646, 3783017.700915564782917 ], [ 395534.587995930807665, 3783017.395727365277708 ], [ 395534.587995930807665, 3783016.785350966267288 ], [ 395534.28280773141887, 3783016.480162767227739 ], [ 395534.28280773141887, 3783016.174974567722529 ], [ 395533.977619532030076, 3783015.869786368217319 ], [ 395533.977619532030076, 3783015.259409969672561 ], [ 395533.672431332641281, 3783014.954221770167351 ], [ 395533.672431332641281, 3783012.817904374562204 ], [ 395533.367243133252487, 3783012.512716175056994 ], [ 395533.367243133252487, 3783008.850457782391459 ], [ 395533.672431332641281, 3783008.545269582886249 ], [ 395534.28280773141887, 3783008.545269582886249 ], [ 395534.89318413019646, 3783007.93489318434149 ], [ 395536.113936927751638, 3783007.93489318434149 ], [ 395536.113936927751638, 3783008.545269582886249 ], [ 395536.419125127140433, 3783008.850457782391459 ], [ 395536.419125127140433, 3783009.155645981896669 ], [ 395536.724313326529227, 3783009.460834180936217 ], [ 395536.724313326529227, 3783009.766022380441427 ], [ 395537.029501525918022, 3783010.071210579946637 ], [ 395537.029501525918022, 3783010.376398779451847 ], [ 395537.639877924695611, 3783010.986775177996606 ], [ 395537.639877924695611, 3783011.597151577007025 ], [ 395537.945066124084406, 3783011.902339776046574 ], [ 395537.945066124084406, 3783012.207527975551784 ], [ 395538.2502543234732, 3783012.512716175056994 ], [ 395538.2502543234732, 3783012.817904374562204 ], [ 395538.555442522861995, 3783013.123092573601753 ], [ 395538.555442522861995, 3783013.733468972612172 ], [ 395538.860630722250789, 3783014.038657172117382 ], [ 395538.860630722250789, 3783014.343845371156931 ], [ 395539.165818921639584, 3783014.649033570662141 ], [ 395539.165818921639584, 3783015.259409969672561 ], [ 395539.471007121086586, 3783015.564598168712109 ], [ 395539.471007121086586, 3783016.480162767227739 ], [ 395539.776195320475381, 3783016.785350966267288 ], [ 395539.776195320475381, 3783018.921668362338096 ], [ 395539.471007121086586, 3783019.226856561377645 ], [ 395539.165818921639584, 3783019.226856561377645 ], [ 395538.860630722250789, 3783019.532044760882854 ], [ 395538.555442522861995, 3783019.532044760882854 ], [ 395538.2502543234732, 3783019.837232960388064 ], [ 395537.639877924695611, 3783019.837232960388064 ], [ 395537.334689725306816, 3783020.142421159893274 ], [ 395536.419125127140433, 3783020.142421159893274 ] ] ] } },
{ "type": "Feature", "properties": { "confidence": 0.87191373109817505, "class": 1, "regularized": null }, "geometry": { "type": "Polygon", "coordinates": [ [ [ 395629.19633774162503, 3783330.21363173937425 ], [ 395628.58596134284744, 3783329.603255340829492 ], [ 395628.58596134284744, 3783328.687690742779523 ], [ 395628.280773143458646, 3783328.382502543274313 ], [ 395628.280773143458646, 3783327.772126144263893 ], [ 395627.975584944069851, 3783327.466937945224345 ], [ 395627.975584944069851, 3783326.856561546213925 ], [ 395637.436419125122484, 3783326.856561546213925 ], [ 395637.436419125122484, 3783327.466937945224345 ], [ 395637.131230925733689, 3783327.466937945224345 ], [ 395636.5208545269561, 3783328.077314343769103 ], [ 395634.994913530012127, 3783328.077314343769103 ], [ 395634.689725330623332, 3783328.382502543274313 ], [ 395634.079348931845743, 3783328.382502543274313 ], [ 395633.774160732456949, 3783328.687690742779523 ], [ 395633.163784333679359, 3783328.687690742779523 ], [ 395632.858596134290565, 3783328.992878941819072 ], [ 395632.55340793490177, 3783328.992878941819072 ], [ 395632.248219735512976, 3783329.298067141324282 ], [ 395631.943031536124181, 3783329.298067141324282 ], [ 395631.637843336735386, 3783329.603255340829492 ], [ 395631.332655137346592, 3783329.603255340829492 ], [ 395631.027466937957797, 3783329.908443540334702 ], [ 395630.722278738569003, 3783329.908443540334702 ], [ 395630.417090539180208, 3783330.21363173937425 ], [ 395629.19633774162503, 3783330.21363173937425 ] ] ] } },
{ "type": "Feature", "properties": { "confidence": 0.87153416872024536, "class": 1, "regularized": null }, "geometry": { "type": "Polygon", "coordinates": [ [ [ 395545.574771108862478, 3783489.216683621518314 ], [ 395545.269582909473684, 3783488.911495422013104 ], [ 395544.964394710084889, 3783488.911495422013104 ], [ 395544.659206510696094, 3783488.606307222973555 ], [ 395544.048830111918505, 3783488.606307222973555 ], [ 395543.743641912529711, 3783488.301119023468345 ], [ 395542.828077314363327, 3783488.301119023468345 ], [ 395542.522889114974532, 3783487.995930823963135 ], [ 395542.522889114974532, 3783487.690742624457926 ], [ 395542.217700915585738, 3783487.385554425418377 ], [ 395542.217700915585738, 3783485.249237029347569 ], [ 395542.522889114974532, 3783484.94404883030802 ], [ 395542.522889114974532, 3783483.112919633742422 ], [ 395542.828077314363327, 3783482.807731434237212 ], [ 395542.828077314363327, 3783482.502543235197663 ], [ 395543.133265513752121, 3783482.197355035692453 ], [ 395543.133265513752121, 3783481.586978636682034 ], [ 395543.438453713140916, 3783481.281790437642485 ], [ 395543.438453713140916, 3783480.976602238137275 ], [ 395543.743641912529711, 3783480.671414038632065 ], [ 395545.574771108862478, 3783480.671414038632065 ], [ 395545.879959308251273, 3783480.976602238137275 ], [ 395546.185147507640067, 3783480.976602238137275 ], [ 395546.490335707028862, 3783481.281790437642485 ], [ 395547.405900305195246, 3783481.281790437642485 ], [ 395547.71108850458404, 3783481.586978636682034 ], [ 395548.32146490336163, 3783481.586978636682034 ], [ 395548.626653102750424, 3783481.892166836187243 ], [ 395548.626653102750424, 3783482.197355035692453 ], [ 395548.931841302139219, 3783482.502543235197663 ], [ 395548.931841302139219, 3783482.807731434237212 ], [ 395549.237029501528013, 3783483.112919633742422 ], [ 395549.237029501528013, 3783483.418107833247632 ], [ 395549.847405900305603, 3783484.02848423179239 ], [ 395549.847405900305603, 3783484.63886063080281 ], [ 395551.373346897249576, 3783486.164801627863199 ], [ 395551.67853509663837, 3783486.164801627863199 ], [ 395551.67853509663837, 3783487.690742624457926 ], [ 395551.373346897249576, 3783487.690742624457926 ], [ 395551.068158697860781, 3783487.995930823963135 ], [ 395550.762970498471987, 3783487.995930823963135 ], [ 395550.457782299083192, 3783488.301119023468345 ], [ 395549.847405900305603, 3783488.301119023468345 ], [ 395549.542217700916808, 3783488.606307222973555 ], [ 395548.931841302139219, 3783488.606307222973555 ], [ 395548.626653102750424, 3783488.911495422013104 ], [ 395547.71108850458404, 3783488.911495422013104 ], [ 395547.405900305195246, 3783489.216683621518314 ], [ 395545.574771108862478, 3783489.216683621518314 ] ] ] } },
{ "type": "Feature", "properties": { "confidence": 0.87020021677017212, "class": 1, "regularized": null }, "geometry": { "type": "Polygon", "coordinates": [ [ [ 395545.269582909473684, 3783133.062054933980107 ], [ 395545.269582909473684, 3783132.146490335930139 ], [ 395544.964394710084889, 3783131.841302136424929 ], [ 395544.964394710084889, 3783130.62054933886975 ], [ 395544.659206510696094, 3783130.315361139364541 ], [ 395544.659206510696094, 3783129.399796541314572 ], [ 395544.3540183113073, 3783129.094608341809362 ], [ 395544.3540183113073, 3783128.789420142304152 ], [ 395544.048830111918505, 3783128.484231942798942 ], [ 395544.048830111918505, 3783127.873855544254184 ], [ 395544.3540183113073, 3783127.568667344748974 ], [ 395544.659206510696094, 3783127.568667344748974 ], [ 395544.964394710084889, 3783127.263479145243764 ], [ 395545.879959308251273, 3783127.263479145243764 ], [ 395546.185147507640067, 3783126.958290946204215 ], [ 395547.71108850458404, 3783126.958290946204215 ], [ 395548.016276703972835, 3783127.263479145243764 ], [ 395548.32146490336163, 3783127.263479145243764 ], [ 395548.32146490336163, 3783127.568667344748974 ], [ 395548.626653102750424, 3783127.873855544254184 ], [ 395548.931841302139219, 3783127.873855544254184 ], [ 395549.847405900305603, 3783128.789420142304152 ], [ 395549.847405900305603, 3783129.094608341809362 ], [ 395550.152594099694397, 3783129.399796541314572 ], [ 395550.152594099694397, 3783130.92573753837496 ], [ 395549.237029501528013, 3783131.841302136424929 ], [ 395548.931841302139219, 3783131.841302136424929 ], [ 395548.626653102750424, 3783132.146490335930139 ], [ 395548.32146490336163, 3783132.146490335930139 ], [ 395548.016276703972835, 3783132.451678534969687 ], [ 395547.405900305195246, 3783132.451678534969687 ], [ 395547.100712105806451, 3783132.756866734474897 ], [ 395546.795523906417657, 3783132.756866734474897 ], [ 395546.490335707028862, 3783133.062054933980107 ], [ 395545.269582909473684, 3783133.062054933980107 ] ] ] } },
{ "type": "Feature", "properties": { "confidence": 0.86376106739044189, "class": 1, "regularized": null }, "geometry": { "type": "Polygon", "coordinates": [ [ [ 395904.781281790463254, 3783176.398779247421771 ], [ 395904.476093591074459, 3783176.093591047916561 ], [ 395904.476093591074459, 3783170.295015259180218 ], [ 395905.086469989852048, 3783169.684638860635459 ], [ 395912.410986775183119, 3783169.684638860635459 ], [ 395912.716174974571913, 3783169.989827060140669 ], [ 395912.716174974571913, 3783171.210579857695848 ], [ 395913.021363173960708, 3783171.515768057201058 ], [ 395913.021363173960708, 3783171.820956256240606 ], [ 395913.631739572738297, 3783172.431332655251026 ], [ 395913.631739572738297, 3783173.346897253300995 ], [ 395913.936927772127092, 3783173.652085452806205 ], [ 395913.936927772127092, 3783174.872838250361383 ], [ 395913.631739572738297, 3783175.178026449866593 ], [ 395913.631739572738297, 3783175.483214648906142 ], [ 395913.326551373349503, 3783175.483214648906142 ], [ 395913.021363173960708, 3783175.788402848411351 ], [ 395912.716174974571913, 3783175.788402848411351 ], [ 395912.410986775183119, 3783176.093591047916561 ], [ 395911.80061037640553, 3783176.093591047916561 ], [ 395911.495422177016735, 3783176.398779247421771 ], [ 395904.781281790463254, 3783176.398779247421771 ] ] ] } },
{ "type": "Feature", "properties": { "confidence": 0.86063492298126221, "class": 1, "regularized": null }, "geometry": { "type": "Polygon", "coordinates": [ [ [ 395904.170905391685665, 3783365.615462868940085 ], [ 395904.170905391685665, 3783365.310274669434875 ], [ 395904.476093591074459, 3783365.005086469929665 ], [ 395904.476093591074459, 3783364.394710071384907 ], [ 395904.170905391685665, 3783364.089521871879697 ], [ 395904.170905391685665, 3783361.03763987775892 ], [ 395906.307222787407227, 3783361.03763987775892 ], [ 395906.612410986796021, 3783360.732451678719372 ], [ 395907.527975584962405, 3783360.732451678719372 ], [ 395907.527975584962405, 3783365.615462868940085 ], [ 395904.170905391685665, 3783365.615462868940085 ] ] ] } },
{ "type": "Feature", "properties": { "confidence": 0.85752499103546143, "class": 1, "regularized": null }, "geometry": { "type": "Polygon", "coordinates": [ [ [ 395848.016276703972835, 3783251.169888097792864 ], [ 395847.71108850458404, 3783250.864699898287654 ], [ 395847.405900305195246, 3783250.864699898287654 ], [ 395847.405900305195246, 3783250.559511698782444 ], [ 395847.100712105806451, 3783250.254323499277234 ], [ 395847.100712105806451, 3783247.507629705127329 ], [ 395846.795523906417657, 3783247.202441505622119 ], [ 395847.100712105806451, 3783246.897253306116909 ], [ 395847.100712105806451, 3783246.592065106611699 ], [ 395847.405900305195246, 3783246.28687690757215 ], [ 395847.405900305195246, 3783244.760935910511762 ], [ 395847.71108850458404, 3783244.760935910511762 ], [ 395848.016276703972835, 3783244.455747711006552 ], [ 395851.373346897249576, 3783244.455747711006552 ], [ 395851.67853509663837, 3783244.760935910511762 ], [ 395851.983723296027165, 3783244.760935910511762 ], [ 395852.28891149541596, 3783245.066124110016972 ], [ 395852.594099694804754, 3783245.066124110016972 ], [ 395853.204476093582343, 3783245.67650050856173 ], [ 395854.120040691748727, 3783245.67650050856173 ], [ 395854.730417090526316, 3783246.28687690757215 ], [ 395854.730417090526316, 3783246.592065106611699 ], [ 395855.6459816886927, 3783247.507629705127329 ], [ 395855.6459816886927, 3783247.812817904166877 ], [ 395855.951169888081495, 3783248.118006103672087 ], [ 395855.340793489303906, 3783248.728382502682507 ], [ 395855.340793489303906, 3783249.033570701722056 ], [ 395854.730417090526316, 3783249.643947100732476 ], [ 395854.730417090526316, 3783250.254323499277234 ], [ 395854.120040691748727, 3783250.864699898287654 ], [ 395853.814852492359933, 3783250.864699898287654 ], [ 395853.509664292971138, 3783251.169888097792864 ], [ 395848.016276703972835, 3783251.169888097792864 ] ] ] } },
{ "type": "Feature", "properties": { "confidence": 0.8524327278137207, "class": 1, "regularized": null }, "geometry": { "type": "Polygon", "coordinates": [ [ [ 395819.63377416075673, 3783400.712105798535049 ], [ 395819.328585961367935, 3783400.406917599029839 ], [ 395817.49745676497696, 3783400.406917599029839 ], [ 395816.88708036619937, 3783399.79654120048508 ], [ 395816.88708036619937, 3783398.880976602435112 ], [ 395816.581892166810576, 3783398.575788402929902 ], [ 395816.581892166810576, 3783397.355035605374724 ], [ 395816.276703967421781, 3783397.049847405869514 ], [ 395816.276703967421781, 3783396.744659206364304 ], [ 395815.971515768032987, 3783396.439471007324755 ], [ 395815.971515768032987, 3783395.829094608314335 ], [ 395816.276703967421781, 3783395.523906408809125 ], [ 395816.581892166810576, 3783395.523906408809125 ], [ 395816.88708036619937, 3783395.218718209769577 ], [ 395819.328585961367935, 3783395.218718209769577 ], [ 395819.63377416075673, 3783395.523906408809125 ], [ 395820.244150559534319, 3783395.523906408809125 ], [ 395820.549338758923113, 3783395.829094608314335 ], [ 395822.075279755867086, 3783395.829094608314335 ], [ 395822.380467955255881, 3783395.523906408809125 ], [ 395825.432349949143827, 3783395.523906408809125 ], [ 395825.737538148532622, 3783395.829094608314335 ], [ 395825.737538148532622, 3783400.10172939999029 ], [ 395825.432349949143827, 3783400.406917599029839 ], [ 395825.127161749755032, 3783400.406917599029839 ], [ 395824.821973550366238, 3783400.712105798535049 ], [ 395819.63377416075673, 3783400.712105798535049 ] ] ] } },
{ "type": "Feature", "properties": { "confidence": 0.85139238834381104, "class": 1, "regularized": null }, "geometry": { "type": "Polygon", "coordinates": [ [ [ 395847.100712105806451, 3783179.450661241076887 ], [ 395846.795523906417657, 3783179.145473041571677 ], [ 395846.490335707028862, 3783179.145473041571677 ], [ 395845.879959308251273, 3783178.535096643026918 ], [ 395845.879959308251273, 3783176.093591047916561 ], [ 395846.185147507640067, 3783175.788402848411351 ], [ 395846.185147507640067, 3783174.872838250361383 ], [ 395846.490335707028862, 3783174.567650050856173 ], [ 395846.490335707028862, 3783169.37945066113025 ], [ 395846.795523906417657, 3783169.07426246162504 ], [ 395846.795523906417657, 3783168.769074262585491 ], [ 395847.100712105806451, 3783168.463886063080281 ], [ 395847.100712105806451, 3783167.853509664069861 ], [ 395847.405900305195246, 3783167.853509664069861 ], [ 395847.71108850458404, 3783167.548321465030313 ], [ 395847.71108850458404, 3783166.937945066019893 ], [ 395848.016276703972835, 3783166.937945066019893 ], [ 395848.32146490336163, 3783166.632756866514683 ], [ 395848.32146490336163, 3783166.327568667475134 ], [ 395848.626653102750424, 3783166.327568667475134 ], [ 395848.931841302139219, 3783166.022380467969924 ], [ 395849.542217700916808, 3783166.022380467969924 ], [ 395850.152594099694397, 3783166.632756866514683 ], [ 395850.152594099694397, 3783167.548321465030313 ], [ 395850.457782299083192, 3783167.853509664069861 ], [ 395850.762970498471987, 3783167.853509664069861 ], [ 395850.762970498471987, 3783168.158697863575071 ], [ 395851.068158697860781, 3783168.463886063080281 ], [ 395851.373346897249576, 3783168.463886063080281 ], [ 395851.373346897249576, 3783168.769074262585491 ], [ 395851.983723296027165, 3783169.37945066113025 ], [ 395851.983723296027165, 3783170.295015259180218 ], [ 395852.28891149541596, 3783170.600203458685428 ], [ 395852.28891149541596, 3783174.567650050856173 ], [ 395852.594099694804754, 3783174.872838250361383 ], [ 395852.594099694804754, 3783178.840284842532128 ], [ 395852.899287894193549, 3783179.145473041571677 ], [ 395852.594099694804754, 3783179.145473041571677 ], [ 395852.28891149541596, 3783179.450661241076887 ], [ 395847.100712105806451, 3783179.450661241076887 ] ] ] } },
{ "type": "Feature", "properties": { "confidence": 0.84562480449676514, "class": 1, "regularized": null }, "geometry": { "type": "Polygon", "coordinates": [ [ [ 395899.287894201406743, 3783571.007121058180928 ], [ 395898.677517802629154, 3783570.396744659170508 ], [ 395898.677517802629154, 3783565.208545269444585 ], [ 395898.982706002017949, 3783564.903357070405036 ], [ 395898.982706002017949, 3783564.292980671394616 ], [ 395899.287894201406743, 3783563.987792471889406 ], [ 395899.898270600184333, 3783563.987792471889406 ], [ 395900.203458799573127, 3783563.682604272849858 ], [ 395901.424211597128306, 3783563.682604272849858 ], [ 395901.7293997965171, 3783563.377416073344648 ], [ 395903.560528992908075, 3783563.377416073344648 ], [ 395903.86571719229687, 3783563.682604272849858 ], [ 395904.476093591074459, 3783563.682604272849858 ], [ 395904.781281790463254, 3783563.987792471889406 ], [ 395905.086469989852048, 3783563.987792471889406 ], [ 395905.086469989852048, 3783564.292980671394616 ], [ 395905.391658189240843, 3783564.598168870899826 ], [ 395905.391658189240843, 3783570.396744659170508 ], [ 395905.086469989852048, 3783570.701932858675718 ], [ 395904.476093591074459, 3783570.701932858675718 ], [ 395904.170905391685665, 3783571.007121058180928 ], [ 395899.287894201406743, 3783571.007121058180928 ] ] ] } },
{ "type": "Feature", "properties": { "confidence": 0.84521222114562988, "class": 1, "regularized": null }, "geometry": { "type": "Polygon", "coordinates": [ [ [ 395641.709053916565608, 3783097.660223804879934 ], [ 395641.403865717176814, 3783097.355035605374724 ], [ 395641.098677517788019, 3783097.355035605374724 ], [ 395640.48830111901043, 3783096.744659206364304 ], [ 395640.48830111901043, 3783096.134282807819545 ], [ 395640.183112919621635, 3783095.829094608314335 ], [ 395640.183112919621635, 3783094.913530010264367 ], [ 395639.877924720232841, 3783094.608341810759157 ], [ 395639.877924720232841, 3783090.030518820043653 ], [ 395640.183112919621635, 3783089.725330620538443 ], [ 395640.183112919621635, 3783089.114954221993685 ], [ 395640.793489318399224, 3783088.504577822983265 ], [ 395641.403865717176814, 3783088.504577822983265 ], [ 395641.709053916565608, 3783088.199389623478055 ], [ 395644.150559511675965, 3783088.199389623478055 ], [ 395644.45574771106476, 3783087.894201424438506 ], [ 395644.45574771106476, 3783087.283825025428087 ], [ 395645.981688708008733, 3783087.283825025428087 ], [ 395646.286876907397527, 3783086.978636825922877 ], [ 395646.286876907397527, 3783086.368260427378118 ], [ 395647.812817904399708, 3783086.368260427378118 ], [ 395647.507629705010913, 3783086.673448626883328 ], [ 395647.507629705010913, 3783088.199389623478055 ], [ 395648.118006103788503, 3783088.809766022488475 ], [ 395648.423194303177297, 3783088.809766022488475 ], [ 395649.338758901343681, 3783089.725330620538443 ], [ 395649.338758901343681, 3783090.030518820043653 ], [ 395649.643947100732476, 3783090.335707019548863 ], [ 395649.643947100732476, 3783090.946083418093622 ], [ 395649.94913530012127, 3783091.251271617598832 ], [ 395649.94913530012127, 3783093.692777212709188 ], [ 395649.643947100732476, 3783093.997965412214398 ], [ 395649.643947100732476, 3783094.913530010264367 ], [ 395649.338758901343681, 3783095.218718209769577 ], [ 395649.338758901343681, 3783095.523906408809125 ], [ 395649.033570701954886, 3783095.523906408809125 ], [ 395648.118006103788503, 3783096.439471007324755 ], [ 395647.812817904399708, 3783096.439471007324755 ], [ 395647.507629705010913, 3783096.744659206364304 ], [ 395646.897253306233324, 3783096.744659206364304 ], [ 395646.59206510684453, 3783097.049847405869514 ], [ 395645.676500508619938, 3783097.049847405869514 ], [ 395645.371312309231143, 3783097.355035605374724 ], [ 395643.540183112898376, 3783097.355035605374724 ], [ 395643.234994913509581, 3783097.660223804879934 ], [ 395641.709053916565608, 3783097.660223804879934 ] ] ] } },
{ "type": "Feature", "properties": { "confidence": 0.84459501504898071, "class": 1, "regularized": null }, "geometry": { "type": "Polygon", "coordinates": [ [ [ 395885.249237029522192, 3783216.683621566742659 ], [ 395884.944048830133397, 3783216.378433367237449 ], [ 395883.723296032578219, 3783216.378433367237449 ], [ 395883.11291963380063, 3783215.76805696869269 ], [ 395883.11291963380063, 3783215.15768056968227 ], [ 395883.418107833189424, 3783214.85249237017706 ], [ 395883.418107833189424, 3783214.242115971632302 ], [ 395883.723296032578219, 3783213.936927772127092 ], [ 395883.723296032578219, 3783213.021363174077123 ], [ 395884.028484231967013, 3783212.716174974571913 ], [ 395884.028484231967013, 3783211.190233977511525 ], [ 395884.333672431355808, 3783210.885045778006315 ], [ 395884.333672431355808, 3783210.579857578966767 ], [ 395886.164801627688576, 3783210.579857578966767 ], [ 395886.775178026466165, 3783211.190233977511525 ], [ 395890.132248219742905, 3783211.190233977511525 ], [ 395890.4374364191317, 3783211.495422177016735 ], [ 395890.742624618520495, 3783211.495422177016735 ], [ 395891.047812817909289, 3783211.800610376521945 ], [ 395891.658189216686878, 3783211.800610376521945 ], [ 395891.963377416075673, 3783212.105798575561494 ], [ 395891.963377416075673, 3783213.936927772127092 ], [ 395891.658189216686878, 3783214.242115971632302 ], [ 395891.658189216686878, 3783214.547304171137512 ], [ 395891.353001017298084, 3783214.547304171137512 ], [ 395891.047812817909289, 3783214.85249237017706 ], [ 395887.995930824021343, 3783214.85249237017706 ], [ 395887.690742624632549, 3783215.15768056968227 ], [ 395887.385554425243754, 3783215.15768056968227 ], [ 395887.080366225854959, 3783215.46286876918748 ], [ 395887.080366225854959, 3783216.378433367237449 ], [ 395886.775178026466165, 3783216.378433367237449 ], [ 395886.46998982707737, 3783216.683621566742659 ], [ 395885.249237029522192, 3783216.683621566742659 ] ] ] } },
{ "type": "Feature", "properties": { "confidence": 0.83921933174133301, "class": 1, "regularized": null }, "geometry": { "type": "Polygon", "coordinates": [ [ [ 395753.102746693766676, 3783125.432349949143827 ], [ 395752.797558494377881, 3783125.127161749638617 ], [ 395751.576805696822703, 3783125.127161749638617 ], [ 395751.576805696822703, 3783120.854526958428323 ], [ 395752.187182095600292, 3783120.854526958428323 ], [ 395752.492370294989087, 3783120.549338758923113 ], [ 395755.54425228893524, 3783120.549338758923113 ], [ 395755.849440488324035, 3783120.854526958428323 ], [ 395755.849440488324035, 3783122.075279755983502 ], [ 395755.54425228893524, 3783122.38046795502305 ], [ 395755.54425228893524, 3783122.68565615452826 ], [ 395755.239064089546446, 3783122.99084435403347 ], [ 395755.239064089546446, 3783123.29603255353868 ], [ 395754.933875890157651, 3783123.601220752578229 ], [ 395754.933875890157651, 3783123.906408952083439 ], [ 395754.018311291991267, 3783124.821973550133407 ], [ 395754.018311291991267, 3783125.127161749638617 ], [ 395753.713123092602473, 3783125.127161749638617 ], [ 395753.40793489315547, 3783125.432349949143827 ], [ 395753.102746693766676, 3783125.432349949143827 ] ] ] } },
{ "type": "Feature", "properties": { "confidence": 0.83912193775177002, "class": 1, "regularized": null }, "geometry": { "type": "Polygon", "coordinates": [ [ [ 395882.807731434411835, 3783422.38046795502305 ], [ 395882.197355035634246, 3783421.770091556478292 ], [ 395881.892166836187243, 3783421.770091556478292 ], [ 395881.586978636798449, 3783421.464903356973082 ], [ 395878.229908443521708, 3783421.464903356973082 ], [ 395877.924720244132914, 3783421.159715157467872 ], [ 395877.619532044744119, 3783421.159715157467872 ], [ 395877.619532044744119, 3783420.549338758923113 ], [ 395877.314343845355324, 3783420.244150559417903 ], [ 395877.314343845355324, 3783417.802644964307547 ], [ 395877.619532044744119, 3783417.497456764802337 ], [ 395879.145473041688092, 3783417.497456764802337 ], [ 395879.450661241076887, 3783417.802644964307547 ], [ 395881.892166836187243, 3783417.802644964307547 ], [ 395882.50254323502304, 3783417.192268565762788 ], [ 395885.249237029522192, 3783417.192268565762788 ], [ 395885.249237029522192, 3783417.497456764802337 ], [ 395885.554425228910986, 3783417.802644964307547 ], [ 395885.859613428299781, 3783417.802644964307547 ], [ 395886.164801627688576, 3783418.107833163812757 ], [ 395886.46998982707737, 3783418.107833163812757 ], [ 395886.775178026466165, 3783418.413021363317966 ], [ 395887.080366225854959, 3783418.413021363317966 ], [ 395887.080366225854959, 3783418.718209562357515 ], [ 395887.385554425243754, 3783419.023397761862725 ], [ 395887.385554425243754, 3783422.38046795502305 ], [ 395882.807731434411835, 3783422.38046795502305 ] ] ] } },
{ "type": "Feature", "properties": { "confidence": 0.83598774671554565, "class": 1, "regularized": null }, "geometry": { "type": "Polygon", "coordinates": [ [ [ 395906.002034588018432, 3783176.70396744646132 ], [ 395906.002034588018432, 3783176.398779247421771 ], [ 395905.696846388629638, 3783176.093591047916561 ], [ 395905.696846388629638, 3783169.684638860635459 ], [ 395907.527975584962405, 3783169.684638860635459 ], [ 395907.527975584962405, 3783176.70396744646132 ], [ 395906.002034588018432, 3783176.70396744646132 ] ] ] } },
{ "type": "Feature", "properties": { "confidence": 0.83580136299133301, "class": 1, "regularized": null }, "geometry": { "type": "Polygon", "coordinates": [ [ [ 395547.100712105806451, 3783504.170905391685665 ], [ 395546.795523906417657, 3783503.865717192180455 ], [ 395546.185147507640067, 3783503.865717192180455 ], [ 395545.574771108862478, 3783503.255340793635696 ], [ 395545.574771108862478, 3783502.644964394625276 ], [ 395545.269582909473684, 3783502.339776195120066 ], [ 395545.269582909473684, 3783501.729399796575308 ], [ 395544.964394710084889, 3783501.424211597070098 ], [ 395544.964394710084889, 3783499.287894201464951 ], [ 395545.269582909473684, 3783498.982706001959741 ], [ 395545.269582909473684, 3783497.761953204404563 ], [ 395545.879959308251273, 3783497.151576805859804 ], [ 395545.879959308251273, 3783496.846388606354594 ], [ 395546.795523906417657, 3783495.930824008304626 ], [ 395548.626653102750424, 3783495.930824008304626 ], [ 395548.626653102750424, 3783496.236012207344174 ], [ 395548.931841302139219, 3783496.541200406849384 ], [ 395548.931841302139219, 3783497.456765004899353 ], [ 395549.237029501528013, 3783497.761953204404563 ], [ 395549.237029501528013, 3783498.372329603414983 ], [ 395549.542217700916808, 3783498.677517802454531 ], [ 395549.542217700916808, 3783499.89827060000971 ], [ 395549.847405900305603, 3783500.20345879951492 ], [ 395549.847405900305603, 3783500.813835198525339 ], [ 395550.152594099694397, 3783501.119023397564888 ], [ 395550.152594099694397, 3783502.644964394625276 ], [ 395549.847405900305603, 3783502.950152594130486 ], [ 395549.847405900305603, 3783503.255340793635696 ], [ 395549.542217700916808, 3783503.255340793635696 ], [ 395549.237029501528013, 3783503.560528992675245 ], [ 395549.237029501528013, 3783503.865717192180455 ], [ 395548.931841302139219, 3783504.170905391685665 ], [ 395547.100712105806451, 3783504.170905391685665 ] ] ] } },
{ "type": "Feature", "properties": { "confidence": 0.83500432968139648, "class": 1, "regularized": null }, "geometry": { "type": "Polygon", "coordinates": [ [ [ 395646.59206510684453, 3783203.255340793635696 ], [ 395645.981688708008733, 3783202.644964394625276 ], [ 395645.981688708008733, 3783202.339776195120066 ], [ 395645.371312309231143, 3783201.729399796575308 ], [ 395645.371312309231143, 3783200.508646999020129 ], [ 395645.066124109842349, 3783200.20345879951492 ], [ 395645.066124109842349, 3783199.593082400970161 ], [ 395644.760935910453554, 3783199.287894201464951 ], [ 395644.760935910453554, 3783198.982706001959741 ], [ 395644.45574771106476, 3783198.677517802454531 ], [ 395644.45574771106476, 3783194.404883011244237 ], [ 395644.150559511675965, 3783194.099694811739028 ], [ 395644.150559511675965, 3783193.794506612233818 ], [ 395644.45574771106476, 3783193.489318413194269 ], [ 395644.45574771106476, 3783192.268565615639091 ], [ 395645.066124109842349, 3783191.658189216628671 ], [ 395645.676500508619938, 3783191.658189216628671 ], [ 395645.981688708008733, 3783191.353001017123461 ], [ 395646.59206510684453, 3783191.353001017123461 ], [ 395647.202441505622119, 3783191.963377416133881 ], [ 395647.202441505622119, 3783192.573753814678639 ], [ 395647.507629705010913, 3783192.878942014183849 ], [ 395647.507629705010913, 3783193.489318413194269 ], [ 395647.812817904399708, 3783193.794506612233818 ], [ 395647.812817904399708, 3783194.404883011244237 ], [ 395648.118006103788503, 3783194.710071210749447 ], [ 395648.118006103788503, 3783195.320447609294206 ], [ 395648.423194303177297, 3783195.625635808799416 ], [ 395648.423194303177297, 3783196.236012207344174 ], [ 395648.728382502566092, 3783196.541200406849384 ], [ 395648.728382502566092, 3783196.846388606354594 ], [ 395649.338758901343681, 3783197.456765004899353 ], [ 395649.338758901343681, 3783197.761953204404563 ], [ 395649.643947100732476, 3783198.067141403909773 ], [ 395649.643947100732476, 3783202.339776195120066 ], [ 395649.338758901343681, 3783202.339776195120066 ], [ 395649.033570701954886, 3783202.644964394625276 ], [ 395648.728382502566092, 3783202.644964394625276 ], [ 395648.423194303177297, 3783202.950152594130486 ], [ 395647.507629705010913, 3783202.950152594130486 ], [ 395647.202441505622119, 3783203.255340793635696 ], [ 395646.59206510684453, 3783203.255340793635696 ] ] ] } },
{ "type": "Feature", "properties": { "confidence": 0.8290410041809082, "class": 1, "regularized": null }, "geometry": { "type": "Polygon", "coordinates": [ [ [ 395889.521871820965316, 3783587.792472024448216 ], [ 395889.521871820965316, 3783587.487283824943006 ], [ 395889.827060020354111, 3783587.182095625437796 ], [ 395889.827060020354111, 3783585.961342827882618 ], [ 395889.521871820965316, 3783585.656154628843069 ], [ 395889.521871820965316, 3783584.740590030327439 ], [ 395889.827060020354111, 3783584.740590030327439 ], [ 395890.132248219742905, 3783584.435401831287891 ], [ 395898.677517802629154, 3783584.435401831287891 ], [ 395898.982706002017949, 3783584.130213631782681 ], [ 395899.287894201406743, 3783584.130213631782681 ], [ 395899.593082400795538, 3783584.435401831287891 ], [ 395900.508646998961922, 3783584.435401831287891 ], [ 395900.508646998961922, 3783587.487283824943006 ], [ 395900.203458799573127, 3783587.792472024448216 ], [ 395889.521871820965316, 3783587.792472024448216 ] ] ] } },
{ "type": "Feature", "properties": { "confidence": 0.82601040601730347, "class": 1, "regularized": null }, "geometry": { "type": "Polygon", "coordinates": [ [ [ 395522.685656154644676, 3783127.263479145243764 ], [ 395522.075279755867086, 3783126.653102746699005 ], [ 395522.075279755867086, 3783122.99084435403347 ], [ 395521.770091556478292, 3783122.68565615452826 ], [ 395522.075279755867086, 3783122.38046795502305 ], [ 395522.075279755867086, 3783122.075279755983502 ], [ 395522.380467955255881, 3783121.770091556478292 ], [ 395522.685656154644676, 3783121.770091556478292 ], [ 395522.99084435403347, 3783121.464903356973082 ], [ 395523.601220752811059, 3783121.464903356973082 ], [ 395523.906408952199854, 3783121.159715157467872 ], [ 395524.211597151588649, 3783121.159715157467872 ], [ 395524.516785350977443, 3783120.854526958428323 ], [ 395525.127161749755032, 3783120.854526958428323 ], [ 395525.432349949143827, 3783120.549338758923113 ], [ 395526.653102746699005, 3783120.549338758923113 ], [ 395526.9582909460878, 3783120.854526958428323 ], [ 395527.263479145476595, 3783120.854526958428323 ], [ 395530.315361139364541, 3783123.906408952083439 ], [ 395530.010172939975746, 3783124.211597151588649 ], [ 395529.704984740586951, 3783124.211597151588649 ], [ 395529.094608341809362, 3783124.821973550133407 ], [ 395528.484231943031773, 3783124.821973550133407 ], [ 395527.873855544254184, 3783125.432349949143827 ], [ 395527.263479145476595, 3783125.432349949143827 ], [ 395526.9582909460878, 3783125.737538148649037 ], [ 395526.653102746699005, 3783125.737538148649037 ], [ 395526.347914547310211, 3783126.042726347688586 ], [ 395526.042726347921416, 3783126.042726347688586 ], [ 395525.737538148532622, 3783126.347914547193795 ], [ 395525.432349949143827, 3783126.347914547193795 ], [ 395525.127161749755032, 3783126.653102746699005 ], [ 395524.516785350977443, 3783126.653102746699005 ], [ 395524.211597151588649, 3783126.958290946204215 ], [ 395522.99084435403347, 3783126.958290946204215 ], [ 395522.685656154644676, 3783127.263479145243764 ] ] ] } },
{ "type": "Feature", "properties": { "confidence": 0.82499754428863525, "class": 1, "regularized": null }, "geometry": { "type": "Polygon", "coordinates": [ [ [ 395902.339776195294689, 3783093.387589013203979 ], [ 395902.034587995905895, 3783093.082400813698769 ], [ 395902.034587995905895, 3783083.316378433257341 ], [ 395902.339776195294689, 3783083.011190233752131 ], [ 395902.339776195294689, 3783082.400813835207373 ], [ 395902.644964394683484, 3783082.095625635702163 ], [ 395905.391658189240843, 3783082.095625635702163 ], [ 395905.391658189240843, 3783085.14750762982294 ], [ 395905.696846388629638, 3783085.452695828862488 ], [ 395905.696846388629638, 3783088.199389623478055 ], [ 395906.002034588018432, 3783088.504577822983265 ], [ 395906.002034588018432, 3783091.251271617598832 ], [ 395905.696846388629638, 3783091.556459817104042 ], [ 395905.696846388629638, 3783093.387589013203979 ], [ 395902.339776195294689, 3783093.387589013203979 ] ] ] } },
{ "type": "Feature", "properties": { "confidence": 0.82122343778610229, "class": 1, "regularized": null }, "geometry": { "type": "Polygon", "coordinates": [ [ [ 395544.048830111918505, 3783119.633774160873145 ], [ 395544.048830111918505, 3783119.328585961367935 ], [ 395543.743641912529711, 3783119.023397761862725 ], [ 395543.743641912529711, 3783118.413021363317966 ], [ 395543.133265513752121, 3783117.802644964307547 ], [ 395543.133265513752121, 3783116.887080366257578 ], [ 395542.828077314363327, 3783116.581892166752368 ], [ 395542.828077314363327, 3783115.6663275687024 ], [ 395542.522889114974532, 3783115.36113936919719 ], [ 395542.522889114974532, 3783115.05595116969198 ], [ 395542.217700915585738, 3783114.750762970652431 ], [ 395542.217700915585738, 3783113.224821973592043 ], [ 395542.828077314363327, 3783112.614445574581623 ], [ 395543.438453713140916, 3783112.614445574581623 ], [ 395543.743641912529711, 3783112.309257375542074 ], [ 395544.3540183113073, 3783112.309257375542074 ], [ 395544.659206510696094, 3783112.004069176036865 ], [ 395544.964394710084889, 3783112.004069176036865 ], [ 395545.269582909473684, 3783111.698880976531655 ], [ 395545.574771108862478, 3783111.698880976531655 ], [ 395545.879959308251273, 3783111.393692777026445 ], [ 395546.185147507640067, 3783111.393692777026445 ], [ 395546.795523906417657, 3783110.783316378481686 ], [ 395547.100712105806451, 3783110.783316378481686 ], [ 395547.405900305195246, 3783110.478128178976476 ], [ 395549.237029501528013, 3783110.478128178976476 ], [ 395549.542217700916808, 3783110.783316378481686 ], [ 395549.847405900305603, 3783110.783316378481686 ], [ 395549.847405900305603, 3783111.088504577986896 ], [ 395550.457782299083192, 3783111.698880976531655 ], [ 395550.762970498471987, 3783111.698880976531655 ], [ 395551.67853509663837, 3783112.614445574581623 ], [ 395551.67853509663837, 3783113.835198372136801 ], [ 395551.983723296027165, 3783114.140386571642011 ], [ 395551.983723296027165, 3783115.6663275687024 ], [ 395551.67853509663837, 3783115.97151576820761 ], [ 395551.67853509663837, 3783117.497456764802337 ], [ 395551.068158697860781, 3783117.497456764802337 ], [ 395550.457782299083192, 3783118.107833163812757 ], [ 395549.847405900305603, 3783118.107833163812757 ], [ 395549.542217700916808, 3783118.413021363317966 ], [ 395548.931841302139219, 3783118.413021363317966 ], [ 395548.626653102750424, 3783118.718209562357515 ], [ 395548.32146490336163, 3783118.718209562357515 ], [ 395548.016276703972835, 3783119.023397761862725 ], [ 395547.405900305195246, 3783119.023397761862725 ], [ 395547.100712105806451, 3783119.328585961367935 ], [ 395546.490335707028862, 3783119.328585961367935 ], [ 395546.185147507640067, 3783119.633774160873145 ], [ 395544.048830111918505, 3783119.633774160873145 ] ] ] } },
{ "type": "Feature", "properties": { "confidence": 0.82004016637802124, "class": 1, "regularized": null }, "geometry": { "type": "Polygon", "coordinates": [ [ [ 395439.064089521882124, 3783592.37029501516372 ], [ 395438.75890132249333, 3783592.06510681565851 ], [ 395438.75890132249333, 3783589.623601220548153 ], [ 395439.064089521882124, 3783589.318413021508604 ], [ 395439.674465920659713, 3783589.318413021508604 ], [ 395439.979654120048508, 3783589.013224822003394 ], [ 395440.284842319437303, 3783589.013224822003394 ], [ 395440.590030518826097, 3783588.708036622498184 ], [ 395440.895218718214892, 3783588.708036622498184 ], [ 395442.11597151577007, 3783587.487283824943006 ], [ 395442.11597151577007, 3783587.182095625437796 ], [ 395442.726347914547659, 3783586.571719226893038 ], [ 395445.473041709046811, 3783586.571719226893038 ], [ 395445.473041709046811, 3783586.876907426398247 ], [ 395445.778229908435605, 3783587.182095625437796 ], [ 395446.0834181078244, 3783587.182095625437796 ], [ 395446.388606307213195, 3783587.487283824943006 ], [ 395446.388606307213195, 3783588.097660223953426 ], [ 395446.693794506601989, 3783588.402848422992975 ], [ 395446.693794506601989, 3783589.623601220548153 ], [ 395446.998982705990784, 3783589.928789420053363 ], [ 395446.693794506601989, 3783590.233977619558573 ], [ 395445.167853509658016, 3783590.233977619558573 ], [ 395444.862665310269222, 3783590.539165819063783 ], [ 395444.252288911491632, 3783590.539165819063783 ], [ 395443.947100712102838, 3783590.844354018103331 ], [ 395443.641912512714043, 3783590.844354018103331 ], [ 395443.336724313325249, 3783591.149542217608541 ], [ 395443.031536113936454, 3783591.149542217608541 ], [ 395442.726347914547659, 3783591.454730417113751 ], [ 395442.11597151577007, 3783591.454730417113751 ], [ 395441.810783316381276, 3783591.759918616618961 ], [ 395441.505595116992481, 3783591.759918616618961 ], [ 395441.200406917603686, 3783592.06510681565851 ], [ 395440.284842319437303, 3783592.06510681565851 ], [ 395439.979654120048508, 3783592.37029501516372 ], [ 395439.064089521882124, 3783592.37029501516372 ] ] ] } },
{ "type": "Feature", "properties": { "confidence": 0.81923717260360718, "class": 1, "regularized": null }, "geometry": { "type": "Polygon", "coordinates": [ [ [ 395931.943031536124181, 3783230.417090539354831 ], [ 395931.637843336735386, 3783230.111902339849621 ], [ 395931.027466937957797, 3783230.111902339849621 ], [ 395931.027466937957797, 3783228.891149542294443 ], [ 395930.722278738569003, 3783228.585961342789233 ], [ 395930.722278738569003, 3783226.754832146689296 ], [ 395931.332655137346592, 3783226.754832146689296 ], [ 395931.637843336735386, 3783226.449643947184086 ], [ 395932.55340793490177, 3783226.449643947184086 ], [ 395932.858596134290565, 3783226.144455747678876 ], [ 395943.540183112898376, 3783226.144455747678876 ], [ 395943.84537131228717, 3783225.839267548173666 ], [ 395945.066124109842349, 3783225.839267548173666 ], [ 395945.676500508619938, 3783225.228891149628907 ], [ 395945.676500508619938, 3783227.670396744739264 ], [ 395945.371312309231143, 3783227.975584944244474 ], [ 395945.371312309231143, 3783229.501525940839201 ], [ 395945.066124109842349, 3783229.806714140344411 ], [ 395944.150559511675965, 3783229.806714140344411 ], [ 395943.84537131228717, 3783230.111902339849621 ], [ 395942.014242115954403, 3783230.111902339849621 ], [ 395941.709053916565608, 3783229.806714140344411 ], [ 395937.741607324511278, 3783229.806714140344411 ], [ 395937.436419125122484, 3783230.111902339849621 ], [ 395934.079348931845743, 3783230.111902339849621 ], [ 395933.774160732456949, 3783230.417090539354831 ], [ 395931.943031536124181, 3783230.417090539354831 ] ] ] } },
{ "type": "Feature", "properties": { "confidence": 0.81868129968643188, "class": 1, "regularized": null }, "geometry": { "type": "Polygon", "coordinates": [ [ [ 395845.574771108862478, 3783469.07426246162504 ], [ 395845.269582909473684, 3783468.769074262585491 ], [ 395844.964394710084889, 3783468.769074262585491 ], [ 395844.964394710084889, 3783467.853509664069861 ], [ 395845.269582909473684, 3783467.548321465030313 ], [ 395845.269582909473684, 3783464.191251271404326 ], [ 395849.847405900305603, 3783464.191251271404326 ], [ 395849.847405900305603, 3783464.801627670414746 ], [ 395850.152594099694397, 3783465.106815869919956 ], [ 395850.152594099694397, 3783465.412004068959504 ], [ 395850.457782299083192, 3783465.717192268464714 ], [ 395850.457782299083192, 3783466.632756866514683 ], [ 395851.373346897249576, 3783467.548321465030313 ], [ 395851.67853509663837, 3783467.548321465030313 ], [ 395851.67853509663837, 3783469.07426246162504 ], [ 395845.574771108862478, 3783469.07426246162504 ] ] ] } },
{ "type": "Feature", "properties": { "confidence": 0.81669825315475464, "class": 1, "regularized": null }, "geometry": { "type": "Polygon", "coordinates": [ [ [ 395536.113936927751638, 3783343.031536113936454 ], [ 395535.808748728362843, 3783342.726347914431244 ], [ 395535.198372329585254, 3783342.726347914431244 ], [ 395535.198372329585254, 3783342.421159714926034 ], [ 395534.587995930807665, 3783341.810783316381276 ], [ 395534.587995930807665, 3783340.590030518826097 ], [ 395534.28280773141887, 3783340.284842319320887 ], [ 395534.587995930807665, 3783339.979654119815677 ], [ 395534.587995930807665, 3783339.064089521765709 ], [ 395534.89318413019646, 3783338.758901322260499 ], [ 395534.89318413019646, 3783338.45371312322095 ], [ 395535.503560528974049, 3783337.843336724210531 ], [ 395535.808748728362843, 3783337.843336724210531 ], [ 395536.113936927751638, 3783337.538148524705321 ], [ 395536.419125127140433, 3783337.538148524705321 ], [ 395537.029501525918022, 3783336.927772126160562 ], [ 395537.334689725306816, 3783336.927772126160562 ], [ 395537.945066124084406, 3783336.317395727150142 ], [ 395538.2502543234732, 3783336.317395727150142 ], [ 395538.555442522861995, 3783336.012207528110594 ], [ 395538.860630722250789, 3783336.012207528110594 ], [ 395539.165818921639584, 3783335.707019328605384 ], [ 395540.996948118030559, 3783335.707019328605384 ], [ 395541.302136317419354, 3783336.012207528110594 ], [ 395541.607324516808148, 3783336.012207528110594 ], [ 395541.912512716196943, 3783336.317395727150142 ], [ 395541.912512716196943, 3783336.622583926655352 ], [ 395542.217700915585738, 3783336.927772126160562 ], [ 395542.217700915585738, 3783337.538148524705321 ], [ 395541.912512716196943, 3783337.843336724210531 ], [ 395541.912512716196943, 3783338.758901322260499 ], [ 395541.607324516808148, 3783339.064089521765709 ], [ 395541.607324516808148, 3783339.674465920776129 ], [ 395541.302136317419354, 3783339.979654119815677 ], [ 395541.302136317419354, 3783340.590030518826097 ], [ 395540.996948118030559, 3783340.895218718331307 ], [ 395540.996948118030559, 3783341.200406917370856 ], [ 395540.691759918641765, 3783341.505595116876066 ], [ 395540.38657171925297, 3783341.505595116876066 ], [ 395540.081383519864175, 3783341.810783316381276 ], [ 395539.471007121086586, 3783341.810783316381276 ], [ 395539.165818921639584, 3783342.115971515886486 ], [ 395538.860630722250789, 3783342.115971515886486 ], [ 395538.555442522861995, 3783342.421159714926034 ], [ 395537.945066124084406, 3783342.421159714926034 ], [ 395537.639877924695611, 3783342.726347914431244 ], [ 395536.724313326529227, 3783342.726347914431244 ], [ 395536.419125127140433, 3783343.031536113936454 ], [ 395536.113936927751638, 3783343.031536113936454 ] ] ] } },
{ "type": "Feature", "properties": { "confidence": 0.80818444490432739, "class": 1, "regularized": null }, "geometry": { "type": "Polygon", "coordinates": [ [ [ 395555.951169888081495, 3783515.46286876918748 ], [ 395555.6459816886927, 3783515.15768056968227 ], [ 395554.730417090526316, 3783515.15768056968227 ], [ 395553.204476093582343, 3783513.631739572621882 ], [ 395553.204476093582343, 3783513.326551373116672 ], [ 395551.67853509663837, 3783511.800610376521945 ], [ 395551.67853509663837, 3783511.190233977511525 ], [ 395551.373346897249576, 3783510.885045778006315 ], [ 395551.373346897249576, 3783510.274669379461557 ], [ 395551.983723296027165, 3783509.664292980451137 ], [ 395552.28891149541596, 3783509.664292980451137 ], [ 395552.594099694804754, 3783509.359104781411588 ], [ 395553.204476093582343, 3783509.359104781411588 ], [ 395553.509664292971138, 3783509.053916581906378 ], [ 395554.120040691748727, 3783509.053916581906378 ], [ 395554.425228891137522, 3783508.748728382401168 ], [ 395555.951169888081495, 3783508.748728382401168 ], [ 395555.951169888081495, 3783515.46286876918748 ] ] ] } },
{ "type": "Feature", "properties": { "confidence": 0.80799233913421631, "class": 1, "regularized": null }, "geometry": { "type": "Polygon", "coordinates": [ [ [ 395790.030518819927238, 3783532.553407934959978 ], [ 395789.725330620538443, 3783532.248219735454768 ], [ 395787.894201424205676, 3783532.248219735454768 ], [ 395787.589013224816881, 3783531.943031535949558 ], [ 395786.673448626650497, 3783531.943031535949558 ], [ 395786.368260427261703, 3783531.637843336910009 ], [ 395786.368260427261703, 3783528.891149542294443 ], [ 395787.283825025428087, 3783527.975584944244474 ], [ 395787.283825025428087, 3783524.923702950123698 ], [ 395787.894201424205676, 3783524.313326551578939 ], [ 395790.335707019316033, 3783524.313326551578939 ], [ 395790.335707019316033, 3783532.553407934959978 ], [ 395790.030518819927238, 3783532.553407934959978 ] ] ] } },
{ "type": "Feature", "properties": { "confidence": 0.8041263222694397, "class": 1, "regularized": null }, "geometry": { "type": "Polygon", "coordinates": [ [ [ 395520.549338758923113, 3783086.368260427378118 ], [ 395520.244150559534319, 3783086.063072227872908 ], [ 395519.938962360145524, 3783086.063072227872908 ], [ 395519.328585961367935, 3783085.452695828862488 ], [ 395519.328585961367935, 3783084.84231943031773 ], [ 395519.02339776197914, 3783084.53713123081252 ], [ 395519.02339776197914, 3783084.23194303130731 ], [ 395518.413021363201551, 3783083.621566632762551 ], [ 395518.413021363201551, 3783083.316378433257341 ], [ 395517.802644964365754, 3783082.706002034712583 ], [ 395517.802644964365754, 3783080.264496439602226 ], [ 395517.49745676497696, 3783079.959308240097016 ], [ 395517.192268565588165, 3783079.959308240097016 ], [ 395517.192268565588165, 3783075.686673448421061 ], [ 395517.49745676497696, 3783075.686673448421061 ], [ 395517.802644964365754, 3783075.991861647926271 ], [ 395518.413021363201551, 3783075.991861647926271 ], [ 395519.328585961367935, 3783076.907426245976239 ], [ 395519.328585961367935, 3783077.212614445481449 ], [ 395519.63377416075673, 3783077.517802644986659 ], [ 395519.938962360145524, 3783077.517802644986659 ], [ 395520.549338758923113, 3783078.128179043531418 ], [ 395521.464903357089497, 3783078.128179043531418 ], [ 395521.770091556478292, 3783077.822990844491869 ], [ 395521.770091556478292, 3783077.212614445481449 ], [ 395522.075279755867086, 3783077.517802644986659 ], [ 395522.075279755867086, 3783078.738555442541838 ], [ 395521.770091556478292, 3783079.043743642047048 ], [ 395521.770091556478292, 3783079.654120040591806 ], [ 395522.075279755867086, 3783079.959308240097016 ], [ 395522.075279755867086, 3783080.569684638641775 ], [ 395522.380467955255881, 3783080.874872838146985 ], [ 395522.380467955255881, 3783081.180061037652194 ], [ 395522.685656154644676, 3783081.485249237157404 ], [ 395522.685656154644676, 3783081.790437436196953 ], [ 395523.296032553422265, 3783082.400813835207373 ], [ 395523.296032553422265, 3783083.011190233752131 ], [ 395523.601220752811059, 3783083.316378433257341 ], [ 395523.601220752811059, 3783084.23194303130731 ], [ 395523.906408952199854, 3783084.53713123081252 ], [ 395523.906408952199854, 3783084.84231943031773 ], [ 395523.601220752811059, 3783085.14750762982294 ], [ 395523.601220752811059, 3783085.452695828862488 ], [ 395523.296032553422265, 3783085.757884028367698 ], [ 395523.296032553422265, 3783086.063072227872908 ], [ 395522.99084435403347, 3783086.368260427378118 ], [ 395520.549338758923113, 3783086.368260427378118 ] ] ] } },
{ "type": "Feature", "properties": { "confidence": 0.80061739683151245, "class": 1, "regularized": null }, "geometry": { "type": "Polygon", "coordinates": [ [ [ 395925.534079348959494, 3783263.072227873839438 ], [ 395925.2288911495707, 3783262.767039674334228 ], [ 395924.923702950123698, 3783262.767039674334228 ], [ 395924.618514750734903, 3783262.461851475294679 ], [ 395924.313326551346108, 3783262.461851475294679 ], [ 395924.313326551346108, 3783261.85147507628426 ], [ 395924.008138351957314, 3783261.54628687677905 ], [ 395924.008138351957314, 3783259.409969481173903 ], [ 395923.702950152568519, 3783259.104781281668693 ], [ 395923.702950152568519, 3783253.916581891942769 ], [ 395924.008138351957314, 3783253.611393692903221 ], [ 395924.008138351957314, 3783252.390640895348042 ], [ 395928.891149542236235, 3783252.390640895348042 ], [ 395929.806714140402619, 3783253.306205493398011 ], [ 395929.806714140402619, 3783255.442522889003158 ], [ 395930.111902339791413, 3783255.747711088508368 ], [ 395930.111902339791413, 3783257.884028484113514 ], [ 395929.806714140402619, 3783258.189216683618724 ], [ 395929.806714140402619, 3783262.461851475294679 ], [ 395929.19633774162503, 3783263.072227873839438 ], [ 395925.534079348959494, 3783263.072227873839438 ] ] ] } },
{ "type": "Feature", "properties": { "confidence": 0.79328763484954834, "class": 1, "regularized": null }, "geometry": { "type": "Polygon", "coordinates": [ [ [ 395509.5625635808683, 3783417.192268565762788 ], [ 395509.257375381479505, 3783416.887080366257578 ], [ 395509.257375381479505, 3783416.276703967247158 ], [ 395508.952187182090711, 3783415.97151576820761 ], [ 395508.952187182090711, 3783415.6663275687024 ], [ 395508.341810783313122, 3783415.05595116969198 ], [ 395508.341810783313122, 3783414.750762970652431 ], [ 395508.036622583924327, 3783414.445574771147221 ], [ 395507.731434384535532, 3783414.445574771147221 ], [ 395507.731434384535532, 3783414.140386571642011 ], [ 395507.121057985757943, 3783413.530010173097253 ], [ 395507.121057985757943, 3783413.224821973592043 ], [ 395506.815869786369149, 3783412.919633774086833 ], [ 395506.815869786369149, 3783410.783316378481686 ], [ 395506.510681586980354, 3783410.478128178976476 ], [ 395506.510681586980354, 3783410.172939979471266 ], [ 395506.815869786369149, 3783409.867751780431718 ], [ 395506.815869786369149, 3783409.562563580926508 ], [ 395507.426246185146738, 3783408.952187181916088 ], [ 395507.731434384535532, 3783408.952187181916088 ], [ 395508.341810783313122, 3783408.341810783371329 ], [ 395508.646998982701916, 3783408.341810783371329 ], [ 395509.257375381479505, 3783407.731434384360909 ], [ 395509.5625635808683, 3783407.731434384360909 ], [ 395509.867751780257095, 3783407.426246185321361 ], [ 395510.478128179034684, 3783407.426246185321361 ], [ 395510.783316378423478, 3783407.121057985816151 ], [ 395511.393692777201068, 3783407.121057985816151 ], [ 395511.698880976589862, 3783406.815869786310941 ], [ 395512.004069175978657, 3783406.815869786310941 ], [ 395512.309257375367451, 3783406.510681586805731 ], [ 395513.835198372311424, 3783406.510681586805731 ], [ 395514.140386571700219, 3783406.815869786310941 ], [ 395514.140386571700219, 3783407.121057985816151 ], [ 395514.445574771089014, 3783407.426246185321361 ], [ 395514.445574771089014, 3783410.478128178976476 ], [ 395514.140386571700219, 3783410.783316378481686 ], [ 395514.140386571700219, 3783413.224821973592043 ], [ 395513.835198372311424, 3783413.530010173097253 ], [ 395513.835198372311424, 3783415.36113936919719 ], [ 395513.53001017292263, 3783415.6663275687024 ], [ 395513.53001017292263, 3783415.97151576820761 ], [ 395512.614445574756246, 3783416.887080366257578 ], [ 395511.393692777201068, 3783416.887080366257578 ], [ 395511.088504577812273, 3783417.192268565762788 ], [ 395509.5625635808683, 3783417.192268565762788 ] ] ] } },
{ "type": "Feature", "properties": { "confidence": 0.79083496332168579, "class": 1, "regularized": null }, "geometry": { "type": "Polygon", "coordinates": [ [ [ 395904.170905391685665, 3783201.119023397564888 ], [ 395903.86571719229687, 3783200.813835198525339 ], [ 395903.86571719229687, 3783197.151576805859804 ], [ 395904.170905391685665, 3783196.846388606354594 ], [ 395904.170905391685665, 3783196.541200406849384 ], [ 395905.391658189240843, 3783196.541200406849384 ], [ 395905.696846388629638, 3783196.236012207344174 ], [ 395907.527975584962405, 3783196.236012207344174 ], [ 395907.527975584962405, 3783201.119023397564888 ], [ 395904.170905391685665, 3783201.119023397564888 ] ] ] } },
{ "type": "Feature", "properties": { "confidence": 0.78885364532470703, "class": 1, "regularized": null }, "geometry": { "type": "Polygon", "coordinates": [ [ [ 395478.128179043764248, 3783159.003051882144064 ], [ 395477.822990844375454, 3783158.697863682638854 ], [ 395477.822990844375454, 3783158.392675483133644 ], [ 395477.517802644986659, 3783158.087487283628434 ], [ 395477.517802644986659, 3783157.171922685578465 ], [ 395477.212614445597865, 3783156.866734486073256 ], [ 395477.212614445597865, 3783156.256358087528497 ], [ 395476.90742624620907, 3783155.951169888023287 ], [ 395476.90742624620907, 3783155.645981688518077 ], [ 395476.602238046820275, 3783155.340793489478528 ], [ 395476.602238046820275, 3783154.730417090468109 ], [ 395477.212614445597865, 3783154.12004069192335 ], [ 395477.517802644986659, 3783154.12004069192335 ], [ 395477.822990844375454, 3783153.81485249241814 ], [ 395478.128179043764248, 3783153.81485249241814 ], [ 395478.433367243153043, 3783153.50966429291293 ], [ 395479.654120040708221, 3783153.50966429291293 ], [ 395479.654120040708221, 3783153.81485249241814 ], [ 395479.959308240097016, 3783154.12004069192335 ], [ 395480.264496439485811, 3783154.12004069192335 ], [ 395480.8748728382634, 3783154.730417090468109 ], [ 395481.180061037652194, 3783154.730417090468109 ], [ 395481.485249237040989, 3783155.035605289973319 ], [ 395481.790437436429784, 3783155.035605289973319 ], [ 395482.095625635818578, 3783155.340793489478528 ], [ 395482.095625635818578, 3783157.477110885083675 ], [ 395481.790437436429784, 3783157.477110885083675 ], [ 395481.485249237040989, 3783157.782299084588885 ], [ 395481.485249237040989, 3783158.087487283628434 ], [ 395481.180061037652194, 3783158.087487283628434 ], [ 395480.8748728382634, 3783158.392675483133644 ], [ 395480.8748728382634, 3783158.697863682638854 ], [ 395480.264496439485811, 3783158.697863682638854 ], [ 395479.959308240097016, 3783159.003051882144064 ], [ 395478.128179043764248, 3783159.003051882144064 ] ] ] } },
{ "type": "Feature", "properties": { "confidence": 0.78137379884719849, "class": 1, "regularized": null }, "geometry": { "type": "Polygon", "coordinates": [ [ [ 395894.710071210574824, 3783515.76805696869269 ], [ 395894.710071210574824, 3783513.631739572621882 ], [ 395895.015259409963619, 3783513.326551373116672 ], [ 395895.015259409963619, 3783511.495422177016735 ], [ 395895.320447609352414, 3783511.190233977511525 ], [ 395895.320447609352414, 3783508.748728382401168 ], [ 395895.625635808741208, 3783508.443540182895958 ], [ 395895.625635808741208, 3783506.917599186301231 ], [ 395895.930824008130003, 3783506.612410986796021 ], [ 395895.930824008130003, 3783506.002034587785602 ], [ 395896.236012207518797, 3783506.002034587785602 ], [ 395896.846388606296387, 3783505.391658189240843 ], [ 395896.846388606296387, 3783505.086469989735633 ], [ 395897.76195320446277, 3783505.086469989735633 ], [ 395898.067141403851565, 3783504.781281790230423 ], [ 395898.067141403851565, 3783504.476093591190875 ], [ 395899.287894201406743, 3783504.476093591190875 ], [ 395899.593082400795538, 3783504.781281790230423 ], [ 395899.898270600184333, 3783504.781281790230423 ], [ 395900.203458799573127, 3783505.086469989735633 ], [ 395900.203458799573127, 3783505.696846388746053 ], [ 395900.508646998961922, 3783506.002034587785602 ], [ 395900.813835198350716, 3783506.002034587785602 ], [ 395900.813835198350716, 3783506.612410986796021 ], [ 395901.119023397739511, 3783506.917599186301231 ], [ 395901.424211597128306, 3783506.917599186301231 ], [ 395901.424211597128306, 3783507.52797558484599 ], [ 395901.7293997965171, 3783507.8331637843512 ], [ 395901.7293997965171, 3783508.443540182895958 ], [ 395902.034587995905895, 3783508.748728382401168 ], [ 395902.034587995905895, 3783509.053916581906378 ], [ 395902.339776195294689, 3783509.359104781411588 ], [ 395902.339776195294689, 3783510.274669379461557 ], [ 395902.644964394683484, 3783510.579857578966767 ], [ 395902.644964394683484, 3783511.495422177016735 ], [ 395902.950152594072279, 3783511.800610376521945 ], [ 395902.950152594072279, 3783515.15768056968227 ], [ 395903.255340793461073, 3783515.46286876918748 ], [ 395902.644964394683484, 3783515.46286876918748 ], [ 395902.339776195294689, 3783515.76805696869269 ], [ 395894.710071210574824, 3783515.76805696869269 ] ] ] } },
{ "type": "Feature", "properties": { "confidence": 0.78113818168640137, "class": 1, "regularized": null }, "geometry": { "type": "Polygon", "coordinates": [ [ [ 395829.399796541198157, 3783057.375381485093385 ], [ 395829.094608341809362, 3783057.070193286053836 ], [ 395827.873855544254184, 3783057.070193286053836 ], [ 395827.873855544254184, 3783056.765005086548626 ], [ 395827.568667344865389, 3783056.459816887043417 ], [ 395827.568667344865389, 3783054.01831129193306 ], [ 395827.263479145476595, 3783053.71312309242785 ], [ 395827.263479145476595, 3783050.661241098772734 ], [ 395826.9582909460878, 3783050.356052899267524 ], [ 395826.9582909460878, 3783048.830111902207136 ], [ 395827.568667344865389, 3783048.219735503662378 ], [ 395833.367243133252487, 3783048.219735503662378 ], [ 395833.672431332641281, 3783048.524923703167588 ], [ 395833.672431332641281, 3783052.797558494377881 ], [ 395833.367243133252487, 3783053.102746693883091 ], [ 395833.367243133252487, 3783055.239064089488238 ], [ 395833.062054933863692, 3783055.544252288993448 ], [ 395833.062054933863692, 3783056.154628687538207 ], [ 395832.756866734474897, 3783056.459816887043417 ], [ 395832.756866734474897, 3783056.765005086548626 ], [ 395832.146490335697308, 3783057.375381485093385 ], [ 395829.399796541198157, 3783057.375381485093385 ] ] ] } },
{ "type": "Feature", "properties": { "confidence": 0.78087800741195679, "class": 1, "regularized": null }, "geometry": { "type": "Polygon", "coordinates": [ [ [ 395648.728382502566092, 3783561.54628687677905 ], [ 395648.423194303177297, 3783561.241098677739501 ], [ 395648.118006103788503, 3783561.241098677739501 ], [ 395647.812817904399708, 3783560.935910478234291 ], [ 395647.812817904399708, 3783560.325534079223871 ], [ 395647.507629705010913, 3783560.020345880184323 ], [ 395647.507629705010913, 3783559.409969481173903 ], [ 395647.202441505622119, 3783559.104781281668693 ], [ 395647.202441505622119, 3783557.578840285073966 ], [ 395647.507629705010913, 3783557.273652085568756 ], [ 395648.728382502566092, 3783557.273652085568756 ], [ 395649.033570701954886, 3783557.578840285073966 ], [ 395649.338758901343681, 3783557.578840285073966 ], [ 395650.559511698898859, 3783558.799593082629144 ], [ 395650.559511698898859, 3783559.104781281668693 ], [ 395650.864699898287654, 3783559.409969481173903 ], [ 395650.864699898287654, 3783559.715157680679113 ], [ 395651.475076297065243, 3783560.325534079223871 ], [ 395651.475076297065243, 3783560.630722278729081 ], [ 395651.169888097676449, 3783560.935910478234291 ], [ 395650.864699898287654, 3783560.935910478234291 ], [ 395650.559511698898859, 3783561.241098677739501 ], [ 395649.643947100732476, 3783561.241098677739501 ], [ 395649.338758901343681, 3783561.54628687677905 ], [ 395648.728382502566092, 3783561.54628687677905 ] ] ] } },
{ "type": "Feature", "properties": { "confidence": 0.76711136102676392, "class": 1, "regularized": null }, "geometry": { "type": "Polygon", "coordinates": [ [ [ 395511.393692777201068, 3783245.37131230905652 ], [ 395510.783316378423478, 3783244.760935910511762 ], [ 395510.783316378423478, 3783244.150559511501342 ], [ 395511.088504577812273, 3783243.845371312461793 ], [ 395511.088504577812273, 3783242.014242115896195 ], [ 395510.783316378423478, 3783241.709053916390985 ], [ 395510.783316378423478, 3783240.793489318341017 ], [ 395512.004069175978657, 3783239.572736520785838 ], [ 395512.309257375367451, 3783239.572736520785838 ], [ 395512.614445574756246, 3783239.267548321280628 ], [ 395513.224821973533835, 3783239.267548321280628 ], [ 395513.53001017292263, 3783238.96236012224108 ], [ 395513.835198372311424, 3783238.96236012224108 ], [ 395514.140386571700219, 3783238.65717192273587 ], [ 395514.445574771089014, 3783238.65717192273587 ], [ 395514.750762970477808, 3783238.35198372323066 ], [ 395515.055951169866603, 3783238.35198372323066 ], [ 395515.361139369255397, 3783238.04679552372545 ], [ 395518.718209562590346, 3783238.04679552372545 ], [ 395519.02339776197914, 3783238.35198372323066 ], [ 395519.02339776197914, 3783238.65717192273587 ], [ 395519.328585961367935, 3783238.96236012224108 ], [ 395519.328585961367935, 3783239.877924720291048 ], [ 395519.63377416075673, 3783240.183112919796258 ], [ 395519.63377416075673, 3783242.319430315401405 ], [ 395519.02339776197914, 3783242.929806713946164 ], [ 395518.718209562590346, 3783242.929806713946164 ], [ 395518.413021363201551, 3783243.234994913451374 ], [ 395517.802644964365754, 3783243.234994913451374 ], [ 395517.49745676497696, 3783243.540183112956583 ], [ 395517.192268565588165, 3783243.540183112956583 ], [ 395516.88708036619937, 3783243.845371312461793 ], [ 395516.276703967421781, 3783243.845371312461793 ], [ 395515.971515768032987, 3783244.150559511501342 ], [ 395515.361139369255397, 3783244.150559511501342 ], [ 395515.055951169866603, 3783244.455747711006552 ], [ 395514.750762970477808, 3783244.455747711006552 ], [ 395514.445574771089014, 3783244.760935910511762 ], [ 395513.835198372311424, 3783244.760935910511762 ], [ 395513.53001017292263, 3783245.066124110016972 ], [ 395512.919633774145041, 3783245.066124110016972 ], [ 395512.614445574756246, 3783245.37131230905652 ], [ 395511.393692777201068, 3783245.37131230905652 ] ] ] } },
{ "type": "Feature", "properties": { "confidence": 0.76535516977310181, "class": 1, "regularized": null }, "geometry": { "type": "Polygon", "coordinates": [ [ [ 395799.491353001038078, 3783371.108850457705557 ], [ 395799.186164801649284, 3783370.803662258200347 ], [ 395799.186164801649284, 3783369.888097660150379 ], [ 395798.880976602260489, 3783369.582909460645169 ], [ 395798.880976602260489, 3783369.27772126160562 ], [ 395798.575788402871694, 3783368.97253306210041 ], [ 395798.2706002034829, 3783368.97253306210041 ], [ 395797.965412004094105, 3783368.667344862595201 ], [ 395797.355035605316516, 3783368.667344862595201 ], [ 395797.049847405927721, 3783368.362156663089991 ], [ 395792.472024415037595, 3783368.362156663089991 ], [ 395792.1668362156488, 3783368.056968464050442 ], [ 395791.861648016260006, 3783368.056968464050442 ], [ 395791.861648016260006, 3783365.005086469929665 ], [ 395791.556459816871211, 3783364.699898270424455 ], [ 395791.556459816871211, 3783362.563580874819309 ], [ 395791.861648016260006, 3783362.258392675314099 ], [ 395792.1668362156488, 3783362.258392675314099 ], [ 395792.472024415037595, 3783361.95320447627455 ], [ 395793.082400813815184, 3783361.95320447627455 ], [ 395793.387589013203979, 3783361.64801627676934 ], [ 395794.303153611370362, 3783361.64801627676934 ], [ 395794.608341810759157, 3783361.95320447627455 ], [ 395794.608341810759157, 3783362.563580874819309 ], [ 395795.218718209536746, 3783363.173957273829728 ], [ 395795.829094608314335, 3783363.173957273829728 ], [ 395796.13428280770313, 3783363.479145472869277 ], [ 395798.2706002034829, 3783363.479145472869277 ], [ 395798.575788402871694, 3783363.173957273829728 ], [ 395798.880976602260489, 3783363.479145472869277 ], [ 395798.880976602260489, 3783364.089521871879697 ], [ 395799.186164801649284, 3783364.394710071384907 ], [ 395799.491353001038078, 3783364.394710071384907 ], [ 395799.491353001038078, 3783364.699898270424455 ], [ 395800.101729399815667, 3783365.310274669434875 ], [ 395800.101729399815667, 3783366.225839267484844 ], [ 395800.406917599204462, 3783366.531027466990054 ], [ 395800.406917599204462, 3783367.446592065040022 ], [ 395801.017293997982051, 3783368.056968464050442 ], [ 395801.017293997982051, 3783371.108850457705557 ], [ 395799.491353001038078, 3783371.108850457705557 ] ] ] } },
{ "type": "Feature", "properties": { "confidence": 0.76374673843383789, "class": 1, "regularized": null }, "geometry": { "type": "Polygon", "coordinates": [ [ [ 395777.517802644986659, 3783364.394710071384907 ], [ 395777.212614445597865, 3783364.089521871879697 ], [ 395775.686673448653892, 3783364.089521871879697 ], [ 395775.381485249265097, 3783363.784333672374487 ], [ 395775.076297049876302, 3783363.784333672374487 ], [ 395775.076297049876302, 3783361.64801627676934 ], [ 395775.686673448653892, 3783361.03763987775892 ], [ 395775.686673448653892, 3783360.427263479214162 ], [ 395775.991861648042686, 3783360.122075279708952 ], [ 395775.991861648042686, 3783359.206510681658983 ], [ 395775.686673448653892, 3783358.901322482153773 ], [ 395775.686673448653892, 3783358.290946083609015 ], [ 395775.381485249265097, 3783357.985757884103805 ], [ 395775.381485249265097, 3783357.680569684598595 ], [ 395775.076297049876302, 3783357.375381485093385 ], [ 395775.076297049876302, 3783354.62868769094348 ], [ 395775.381485249265097, 3783354.32349949143827 ], [ 395779.348931841319427, 3783354.32349949143827 ], [ 395779.654120040708221, 3783354.01831129193306 ], [ 395780.569684638874605, 3783354.01831129193306 ], [ 395780.8748728382634, 3783354.32349949143827 ], [ 395782.400813835207373, 3783354.32349949143827 ], [ 395782.706002034596168, 3783354.62868769094348 ], [ 395783.316378433373757, 3783354.62868769094348 ], [ 395783.621566632762551, 3783354.933875889983028 ], [ 395783.621566632762551, 3783355.544252288993448 ], [ 395783.926754832151346, 3783355.849440488498658 ], [ 395783.926754832151346, 3783357.375381485093385 ], [ 395783.621566632762551, 3783357.680569684598595 ], [ 395783.621566632762551, 3783360.122075279708952 ], [ 395783.316378433373757, 3783360.427263479214162 ], [ 395783.316378433373757, 3783362.258392675314099 ], [ 395783.011190233984962, 3783362.563580874819309 ], [ 395783.011190233984962, 3783363.173957273829728 ], [ 395782.706002034596168, 3783363.479145472869277 ], [ 395782.706002034596168, 3783363.784333672374487 ], [ 395782.400813835207373, 3783364.089521871879697 ], [ 395781.180061037652194, 3783364.089521871879697 ], [ 395780.8748728382634, 3783364.394710071384907 ], [ 395777.517802644986659, 3783364.394710071384907 ] ] ] } },
{ "type": "Feature", "properties": { "confidence": 0.76117801666259766, "class": 1, "regularized": null }, "geometry": { "type": "Polygon", "coordinates": [ [ [ 395506.815869786369149, 3783434.893184130080044 ], [ 395506.510681586980354, 3783434.587995931040496 ], [ 395506.510681586980354, 3783431.841302136424929 ], [ 395506.205493387591559, 3783431.536113936919719 ], [ 395506.205493387591559, 3783429.704984740819782 ], [ 395506.510681586980354, 3783429.399796541314572 ], [ 395506.510681586980354, 3783428.789420142304152 ], [ 395507.121057985757943, 3783428.179043743759394 ], [ 395507.731434384535532, 3783428.179043743759394 ], [ 395508.036622583924327, 3783427.873855544254184 ], [ 395508.341810783313122, 3783427.873855544254184 ], [ 395508.646998982701916, 3783427.568667344748974 ], [ 395509.257375381479505, 3783427.568667344748974 ], [ 395509.5625635808683, 3783427.263479145243764 ], [ 395510.783316378423478, 3783427.263479145243764 ], [ 395511.088504577812273, 3783427.568667344748974 ], [ 395511.088504577812273, 3783428.179043743759394 ], [ 395511.393692777201068, 3783428.484231942798942 ], [ 395515.055951169866603, 3783428.484231942798942 ], [ 395515.055951169866603, 3783429.094608341809362 ], [ 395515.361139369255397, 3783429.399796541314572 ], [ 395515.361139369255397, 3783430.315361139364541 ], [ 395515.055951169866603, 3783430.62054933886975 ], [ 395515.055951169866603, 3783430.92573753837496 ], [ 395514.750762970477808, 3783431.230925737414509 ], [ 395514.445574771089014, 3783431.230925737414509 ], [ 395511.393692777201068, 3783434.282807731535286 ], [ 395511.088504577812273, 3783434.282807731535286 ], [ 395510.783316378423478, 3783434.587995931040496 ], [ 395510.172939979645889, 3783434.587995931040496 ], [ 395509.867751780257095, 3783434.893184130080044 ], [ 395506.815869786369149, 3783434.893184130080044 ] ] ] } },
{ "type": "Feature", "properties": { "confidence": 0.76074934005737305, "class": 1, "regularized": null }, "geometry": { "type": "Polygon", "coordinates": [ [ [ 395845.574771108862478, 3783450.457782299257815 ], [ 395845.269582909473684, 3783450.152594099752605 ], [ 395844.964394710084889, 3783450.152594099752605 ], [ 395844.659206510696094, 3783449.847405900247395 ], [ 395844.659206510696094, 3783448.931841302197427 ], [ 395844.3540183113073, 3783448.626653102692217 ], [ 395844.3540183113073, 3783448.016276704147458 ], [ 395844.659206510696094, 3783447.711088504642248 ], [ 395844.659206510696094, 3783442.828077314421535 ], [ 395844.964394710084889, 3783442.522889114916325 ], [ 395844.964394710084889, 3783442.217700915411115 ], [ 395845.269582909473684, 3783441.912512716371566 ], [ 395845.269582909473684, 3783441.302136317361146 ], [ 395846.185147507640067, 3783440.386571719311178 ], [ 395846.795523906417657, 3783440.386571719311178 ], [ 395847.100712105806451, 3783440.081383519805968 ], [ 395847.405900305195246, 3783440.081383519805968 ], [ 395847.71108850458404, 3783439.776195320300758 ], [ 395850.152594099694397, 3783439.776195320300758 ], [ 395850.457782299083192, 3783440.081383519805968 ], [ 395850.457782299083192, 3783440.386571719311178 ], [ 395850.762970498471987, 3783440.691759918816388 ], [ 395850.762970498471987, 3783444.354018311481923 ], [ 395850.457782299083192, 3783444.659206510521472 ], [ 395850.457782299083192, 3783445.574771109037101 ], [ 395850.152594099694397, 3783445.87995930807665 ], [ 395850.152594099694397, 3783446.49033570708707 ], [ 395849.847405900305603, 3783446.79552390659228 ], [ 395849.847405900305603, 3783447.100712105631828 ], [ 395848.931841302139219, 3783448.016276704147458 ], [ 395848.626653102750424, 3783448.016276704147458 ], [ 395847.100712105806451, 3783449.542217700742185 ], [ 395846.795523906417657, 3783449.542217700742185 ], [ 395846.490335707028862, 3783449.847405900247395 ], [ 395846.490335707028862, 3783450.152594099752605 ], [ 395846.185147507640067, 3783450.152594099752605 ], [ 395845.879959308251273, 3783450.457782299257815 ], [ 395845.574771108862478, 3783450.457782299257815 ] ] ] } },
{ "type": "Feature", "properties": { "confidence": 0.75780665874481201, "class": 1, "regularized": null }, "geometry": { "type": "Polygon", "coordinates": [ [ [ 395953.9165818921756, 3783274.364191251341254 ], [ 395953.9165818921756, 3783274.059003051836044 ], [ 395953.611393692786805, 3783273.753814852330834 ], [ 395953.611393692786805, 3783269.78636826062575 ], [ 395953.9165818921756, 3783269.78636826062575 ], [ 395954.221770091564395, 3783269.48118006112054 ], [ 395960.325534079340287, 3783269.48118006112054 ], [ 395960.325534079340287, 3783269.78636826062575 ], [ 395960.630722278729081, 3783270.091556459665298 ], [ 395960.630722278729081, 3783270.396744659170508 ], [ 395960.325534079340287, 3783270.701932858675718 ], [ 395960.325534079340287, 3783274.059003051836044 ], [ 395960.020345879951492, 3783274.364191251341254 ], [ 395953.9165818921756, 3783274.364191251341254 ] ] ] } },
{ "type": "Feature", "properties": { "confidence": 0.75767076015472412, "class": 1, "regularized": null }, "geometry": { "type": "Polygon", "coordinates": [ [ [ 395517.192268565588165, 3783243.234994913451374 ], [ 395517.192268565588165, 3783237.131230925675482 ], [ 395517.802644964365754, 3783237.131230925675482 ], [ 395518.107833163812757, 3783236.826042726170272 ], [ 395518.718209562590346, 3783236.826042726170272 ], [ 395519.02339776197914, 3783236.520854527130723 ], [ 395519.63377416075673, 3783236.520854527130723 ], [ 395519.63377416075673, 3783236.826042726170272 ], [ 395519.938962360145524, 3783237.131230925675482 ], [ 395519.938962360145524, 3783237.741607324685901 ], [ 395520.244150559534319, 3783238.04679552372545 ], [ 395520.244150559534319, 3783238.35198372323066 ], [ 395520.549338758923113, 3783238.65717192273587 ], [ 395520.549338758923113, 3783238.96236012224108 ], [ 395520.854526958311908, 3783239.267548321280628 ], [ 395520.854526958311908, 3783239.572736520785838 ], [ 395521.159715157700703, 3783239.877924720291048 ], [ 395521.159715157700703, 3783240.793489318341017 ], [ 395521.464903357089497, 3783241.098677517846227 ], [ 395521.464903357089497, 3783241.403865717351437 ], [ 395521.159715157700703, 3783241.709053916390985 ], [ 395520.549338758923113, 3783241.709053916390985 ], [ 395519.938962360145524, 3783242.319430315401405 ], [ 395519.63377416075673, 3783242.319430315401405 ], [ 395519.02339776197914, 3783242.929806713946164 ], [ 395518.413021363201551, 3783242.929806713946164 ], [ 395518.107833163812757, 3783243.234994913451374 ], [ 395517.192268565588165, 3783243.234994913451374 ] ] ] } },
{ "type": "Feature", "properties": { "confidence": 0.75263243913650513, "class": 1, "regularized": null }, "geometry": { "type": "Polygon", "coordinates": [ [ [ 395858.392675483191852, 3783381.485249237157404 ], [ 395858.087487283803057, 3783381.180061037652194 ], [ 395858.087487283803057, 3783379.348931841086596 ], [ 395858.392675483191852, 3783379.043743642047048 ], [ 395858.392675483191852, 3783377.212614445481449 ], [ 395858.697863682580646, 3783376.907426245976239 ], [ 395858.697863682580646, 3783375.991861647926271 ], [ 395858.392675483191852, 3783375.686673448421061 ], [ 395858.392675483191852, 3783373.550356052815914 ], [ 395858.697863682580646, 3783373.245167853310704 ], [ 395858.697863682580646, 3783372.939979654271156 ], [ 395859.003051881969441, 3783372.634791454765946 ], [ 395859.308240081358235, 3783372.939979654271156 ], [ 395859.61342828074703, 3783372.939979654271156 ], [ 395859.918616480135825, 3783373.245167853310704 ], [ 395860.223804679524619, 3783373.245167853310704 ], [ 395860.834181078360416, 3783373.855544252321124 ], [ 395861.139369277749211, 3783373.855544252321124 ], [ 395861.444557477138005, 3783374.160732451826334 ], [ 395861.7497456765268, 3783374.160732451826334 ], [ 395862.054933875915594, 3783374.465920650865883 ], [ 395862.360122075304389, 3783374.465920650865883 ], [ 395862.665310274693184, 3783374.771108850371093 ], [ 395863.275686673470773, 3783374.771108850371093 ], [ 395863.580874872859567, 3783375.076297049876302 ], [ 395863.580874872859567, 3783378.128179043531418 ], [ 395863.275686673470773, 3783378.433367243036628 ], [ 395863.275686673470773, 3783378.738555442541838 ], [ 395862.665310274693184, 3783379.348931841086596 ], [ 395862.665310274693184, 3783379.654120040591806 ], [ 395862.360122075304389, 3783379.959308240097016 ], [ 395862.360122075304389, 3783380.874872838146985 ], [ 395861.7497456765268, 3783381.485249237157404 ], [ 395858.392675483191852, 3783381.485249237157404 ] ] ] } },
{ "type": "Feature", "properties": { "confidence": 0.74801766872406006, "class": 1, "regularized": null }, "geometry": { "type": "Polygon", "coordinates": [ [ [ 395974.059003051894251, 3783365.005086469929665 ], [ 395973.753814852505457, 3783364.699898270424455 ], [ 395972.533062054950278, 3783364.699898270424455 ], [ 395971.922685656172689, 3783364.089521871879697 ], [ 395971.922685656172689, 3783363.784333672374487 ], [ 395971.617497456783894, 3783363.479145472869277 ], [ 395971.617497456783894, 3783363.173957273829728 ], [ 395971.3123092573951, 3783362.868769074324518 ], [ 395971.617497456783894, 3783362.563580874819309 ], [ 395971.617497456783894, 3783361.03763987775892 ], [ 395976.195320447615813, 3783361.03763987775892 ], [ 395976.500508647004608, 3783361.34282807726413 ], [ 395977.416073245170992, 3783361.34282807726413 ], [ 395977.721261444559786, 3783361.64801627676934 ], [ 395979.857578840281349, 3783361.64801627676934 ], [ 395980.162767039670143, 3783361.95320447627455 ], [ 395980.773143438447732, 3783361.95320447627455 ], [ 395980.773143438447732, 3783363.479145472869277 ], [ 395979.857578840281349, 3783364.394710071384907 ], [ 395978.942014242114965, 3783364.394710071384907 ], [ 395978.63682604272617, 3783364.699898270424455 ], [ 395976.805696846393403, 3783364.699898270424455 ], [ 395976.500508647004608, 3783365.005086469929665 ], [ 395974.059003051894251, 3783365.005086469929665 ] ] ] } },
{ "type": "Feature", "properties": { "confidence": 0.74448245763778687, "class": 1, "regularized": null }, "geometry": { "type": "Polygon", "coordinates": [ [ [ 395520.549338758923113, 3783335.707019328605384 ], [ 395520.244150559534319, 3783335.401831129100174 ], [ 395519.63377416075673, 3783335.401831129100174 ], [ 395519.328585961367935, 3783335.096642929594964 ], [ 395519.328585961367935, 3783333.265513733495027 ], [ 395519.02339776197914, 3783332.960325533989817 ], [ 395519.02339776197914, 3783328.687690742779523 ], [ 395519.328585961367935, 3783328.382502543274313 ], [ 395519.328585961367935, 3783327.772126144263893 ], [ 395519.63377416075673, 3783327.466937945224345 ], [ 395520.854526958311908, 3783327.466937945224345 ], [ 395521.159715157700703, 3783327.161749745719135 ], [ 395521.159715157700703, 3783326.856561546213925 ], [ 395522.685656154644676, 3783326.856561546213925 ], [ 395522.685656154644676, 3783327.161749745719135 ], [ 395522.99084435403347, 3783327.466937945224345 ], [ 395523.601220752811059, 3783327.466937945224345 ], [ 395523.906408952199854, 3783327.772126144263893 ], [ 395523.906408952199854, 3783328.382502543274313 ], [ 395524.211597151588649, 3783328.687690742779523 ], [ 395524.211597151588649, 3783329.603255340829492 ], [ 395524.516785350977443, 3783329.908443540334702 ], [ 395524.516785350977443, 3783332.044760935939848 ], [ 395524.211597151588649, 3783332.349949135445058 ], [ 395524.211597151588649, 3783333.570701933000237 ], [ 395523.906408952199854, 3783333.570701933000237 ], [ 395523.601220752811059, 3783333.875890132039785 ], [ 395523.601220752811059, 3783334.181078331544995 ], [ 395522.99084435403347, 3783334.791454730555415 ], [ 395522.685656154644676, 3783334.791454730555415 ], [ 395522.380467955255881, 3783335.096642929594964 ], [ 395522.075279755867086, 3783335.096642929594964 ], [ 395521.770091556478292, 3783335.401831129100174 ], [ 395521.464903357089497, 3783335.401831129100174 ], [ 395521.159715157700703, 3783335.707019328605384 ], [ 395520.549338758923113, 3783335.707019328605384 ] ] ] } },
{ "type": "Feature", "properties": { "confidence": 0.74393767118453979, "class": 1, "regularized": null }, "geometry": { "type": "Polygon", "coordinates": [ [ [ 395512.004069175978657, 3783105.289928789250553 ], [ 395511.698880976589862, 3783104.984740590211004 ], [ 395511.393692777201068, 3783104.984740590211004 ], [ 395511.088504577812273, 3783104.679552390705794 ], [ 395511.088504577812273, 3783104.374364191200584 ], [ 395510.783316378423478, 3783104.069175991695374 ], [ 395510.783316378423478, 3783103.458799593150616 ], [ 395511.698880976589862, 3783102.543234995100647 ], [ 395512.004069175978657, 3783102.543234995100647 ], [ 395512.309257375367451, 3783102.238046795595437 ], [ 395512.614445574756246, 3783102.238046795595437 ], [ 395512.919633774145041, 3783101.932858596090227 ], [ 395513.224821973533835, 3783101.932858596090227 ], [ 395513.53001017292263, 3783101.627670396585017 ], [ 395513.835198372311424, 3783101.627670396585017 ], [ 395514.140386571700219, 3783101.322482197545469 ], [ 395514.445574771089014, 3783101.322482197545469 ], [ 395514.750762970477808, 3783101.017293998040259 ], [ 395515.666327568644192, 3783101.017293998040259 ], [ 395515.971515768032987, 3783100.712105798535049 ], [ 395518.107833163812757, 3783100.712105798535049 ], [ 395518.718209562590346, 3783100.10172939999029 ], [ 395518.718209562590346, 3783099.79654120048508 ], [ 395519.938962360145524, 3783099.79654120048508 ], [ 395519.938962360145524, 3783100.406917599029839 ], [ 395520.244150559534319, 3783100.712105798535049 ], [ 395520.244150559534319, 3783101.627670396585017 ], [ 395519.938962360145524, 3783101.932858596090227 ], [ 395519.63377416075673, 3783101.932858596090227 ], [ 395519.02339776197914, 3783102.543234995100647 ], [ 395518.718209562590346, 3783102.543234995100647 ], [ 395518.413021363201551, 3783102.848423194140196 ], [ 395518.107833163812757, 3783102.848423194140196 ], [ 395517.49745676497696, 3783103.458799593150616 ], [ 395517.192268565588165, 3783103.458799593150616 ], [ 395516.88708036619937, 3783103.763987792655826 ], [ 395516.276703967421781, 3783103.763987792655826 ], [ 395515.971515768032987, 3783104.069175991695374 ], [ 395515.666327568644192, 3783104.069175991695374 ], [ 395515.361139369255397, 3783104.374364191200584 ], [ 395515.055951169866603, 3783104.374364191200584 ], [ 395514.750762970477808, 3783104.679552390705794 ], [ 395514.140386571700219, 3783104.679552390705794 ], [ 395513.835198372311424, 3783104.984740590211004 ], [ 395512.919633774145041, 3783104.984740590211004 ], [ 395512.614445574756246, 3783105.289928789250553 ], [ 395512.004069175978657, 3783105.289928789250553 ] ] ] } },
{ "type": "Feature", "properties": { "confidence": 0.74141359329223633, "class": 1, "regularized": null }, "geometry": { "type": "Polygon", "coordinates": [ [ [ 395426.246185147494543, 3783561.85147507628426 ], [ 395425.940996948105749, 3783561.54628687677905 ], [ 395425.940996948105749, 3783561.241098677739501 ], [ 395425.635808748716954, 3783560.935910478234291 ], [ 395425.635808748716954, 3783558.189216683618724 ], [ 395425.33062054932816, 3783557.884028484113514 ], [ 395425.33062054932816, 3783557.273652085568756 ], [ 395425.025432349939365, 3783556.968463886063546 ], [ 395425.025432349939365, 3783556.663275686558336 ], [ 395424.72024415055057, 3783556.358087487053126 ], [ 395424.72024415055057, 3783556.052899288013577 ], [ 395425.025432349939365, 3783555.747711088508368 ], [ 395425.635808748716954, 3783555.747711088508368 ], [ 395425.940996948105749, 3783555.442522889003158 ], [ 395428.077314343827311, 3783555.442522889003158 ], [ 395428.382502543216106, 3783555.747711088508368 ], [ 395428.382502543216106, 3783557.273652085568756 ], [ 395429.298067141382489, 3783558.189216683618724 ], [ 395429.298067141382489, 3783558.494404883123934 ], [ 395429.603255340771284, 3783558.799593082629144 ], [ 395429.603255340771284, 3783560.630722278729081 ], [ 395429.298067141382489, 3783560.935910478234291 ], [ 395428.992878941993695, 3783560.935910478234291 ], [ 395428.6876907426049, 3783561.241098677739501 ], [ 395428.382502543216106, 3783561.241098677739501 ], [ 395428.077314343827311, 3783561.54628687677905 ], [ 395427.772126144438516, 3783561.54628687677905 ], [ 395427.466937945049722, 3783561.85147507628426 ], [ 395426.246185147494543, 3783561.85147507628426 ] ] ] } },
{ "type": "Feature", "properties": { "confidence": 0.73975670337677002, "class": 1, "regularized": null }, "geometry": { "type": "Polygon", "coordinates": [ [ [ 395718.006103763997089, 3783544.760935910511762 ], [ 395717.700915564608295, 3783544.455747711006552 ], [ 395716.785350966441911, 3783544.455747711006552 ], [ 395716.174974567664322, 3783543.845371312461793 ], [ 395715.869786368275527, 3783543.845371312461793 ], [ 395714.954221770109143, 3783542.929806713946164 ], [ 395714.954221770109143, 3783542.624618514906615 ], [ 395714.649033570720349, 3783542.319430315401405 ], [ 395714.649033570720349, 3783541.403865717351437 ], [ 395715.564598168886732, 3783540.488301118835807 ], [ 395715.869786368275527, 3783540.488301118835807 ], [ 395716.174974567664322, 3783540.183112919796258 ], [ 395716.480162767053116, 3783540.183112919796258 ], [ 395716.785350966441911, 3783539.877924720291048 ], [ 395717.090539165830705, 3783539.877924720291048 ], [ 395717.700915564608295, 3783539.267548321280628 ], [ 395718.006103763997089, 3783539.267548321280628 ], [ 395718.311291963385884, 3783538.96236012224108 ], [ 395718.616480162774678, 3783538.96236012224108 ], [ 395719.226856561552268, 3783538.35198372323066 ], [ 395719.532044760941062, 3783538.35198372323066 ], [ 395720.447609359107446, 3783537.436419125180691 ], [ 395720.752797558496241, 3783537.436419125180691 ], [ 395721.057985757885035, 3783537.131230925675482 ], [ 395721.057985757885035, 3783536.826042726170272 ], [ 395721.668362156662624, 3783536.826042726170272 ], [ 395722.278738555440214, 3783536.215666327625513 ], [ 395722.583926754829008, 3783536.215666327625513 ], [ 395722.889114954217803, 3783536.520854527130723 ], [ 395724.109867751772981, 3783536.520854527130723 ], [ 395724.72024415055057, 3783537.131230925675482 ], [ 395724.72024415055057, 3783542.014242115896195 ], [ 395724.415055951161776, 3783542.319430315401405 ], [ 395724.109867751772981, 3783542.319430315401405 ], [ 395723.804679552384187, 3783542.624618514906615 ], [ 395723.499491352995392, 3783542.624618514906615 ], [ 395723.194303153606597, 3783542.929806713946164 ], [ 395722.583926754829008, 3783542.929806713946164 ], [ 395722.278738555440214, 3783543.234994913451374 ], [ 395721.973550356051419, 3783543.234994913451374 ], [ 395721.668362156662624, 3783543.540183112956583 ], [ 395720.752797558496241, 3783543.540183112956583 ], [ 395720.447609359107446, 3783543.845371312461793 ], [ 395720.142421159718651, 3783543.845371312461793 ], [ 395719.837232960329857, 3783544.150559511501342 ], [ 395719.226856561552268, 3783544.150559511501342 ], [ 395718.921668362163473, 3783544.455747711006552 ], [ 395718.311291963385884, 3783544.455747711006552 ], [ 395718.006103763997089, 3783544.760935910511762 ] ] ] } },
{ "type": "Feature", "properties": { "confidence": 0.73584604263305664, "class": 1, "regularized": null }, "geometry": { "type": "Polygon", "coordinates": [ [ [ 395835.198372329585254, 3783511.190233977511525 ], [ 395834.89318413019646, 3783510.885045778006315 ], [ 395831.841302136308514, 3783510.885045778006315 ], [ 395831.230925737530924, 3783510.274669379461557 ], [ 395831.230925737530924, 3783508.748728382401168 ], [ 395831.536113936919719, 3783508.443540182895958 ], [ 395831.536113936919719, 3783505.086469989735633 ], [ 395831.841302136308514, 3783504.781281790230423 ], [ 395831.841302136308514, 3783502.950152594130486 ], [ 395832.451678535086103, 3783502.339776195120066 ], [ 395832.451678535086103, 3783502.034587996080518 ], [ 395832.756866734474897, 3783501.729399796575308 ], [ 395833.062054933863692, 3783501.729399796575308 ], [ 395833.367243133252487, 3783501.424211597070098 ], [ 395833.672431332641281, 3783501.729399796575308 ], [ 395834.89318413019646, 3783501.729399796575308 ], [ 395835.198372329585254, 3783502.034587996080518 ], [ 395837.639877924695611, 3783502.034587996080518 ], [ 395837.639877924695611, 3783502.339776195120066 ], [ 395837.945066124084406, 3783502.644964394625276 ], [ 395838.2502543234732, 3783502.644964394625276 ], [ 395838.555442522861995, 3783502.950152594130486 ], [ 395838.860630722250789, 3783502.950152594130486 ], [ 395839.165818921639584, 3783503.255340793635696 ], [ 395840.996948118030559, 3783503.255340793635696 ], [ 395840.996948118030559, 3783504.170905391685665 ], [ 395840.691759918641765, 3783504.476093591190875 ], [ 395840.691759918641765, 3783505.391658189240843 ], [ 395840.38657171925297, 3783505.696846388746053 ], [ 395840.38657171925297, 3783506.917599186301231 ], [ 395839.776195320475381, 3783507.52797558484599 ], [ 395839.776195320475381, 3783507.8331637843512 ], [ 395839.471007121086586, 3783508.13835198385641 ], [ 395839.471007121086586, 3783508.443540182895958 ], [ 395839.165818921639584, 3783508.748728382401168 ], [ 395839.165818921639584, 3783509.053916581906378 ], [ 395838.860630722250789, 3783509.359104781411588 ], [ 395838.860630722250789, 3783509.969481179956347 ], [ 395838.555442522861995, 3783510.274669379461557 ], [ 395838.555442522861995, 3783510.885045778006315 ], [ 395838.2502543234732, 3783511.190233977511525 ], [ 395835.198372329585254, 3783511.190233977511525 ] ] ] } },
{ "type": "Feature", "properties": { "confidence": 0.73117607831954956, "class": 1, "regularized": null }, "geometry": { "type": "Polygon", "coordinates": [ [ [ 395526.9582909460878, 3783131.230925737414509 ], [ 395526.9582909460878, 3783130.92573753837496 ], [ 395527.263479145476595, 3783130.62054933886975 ], [ 395527.263479145476595, 3783129.704984740819782 ], [ 395527.568667344865389, 3783129.704984740819782 ], [ 395527.873855544254184, 3783129.399796541314572 ], [ 395528.179043743642978, 3783129.399796541314572 ], [ 395528.484231943031773, 3783129.094608341809362 ], [ 395528.789420142420568, 3783129.094608341809362 ], [ 395529.094608341809362, 3783128.789420142304152 ], [ 395529.704984740586951, 3783128.789420142304152 ], [ 395530.010172939975746, 3783128.484231942798942 ], [ 395530.315361139364541, 3783128.484231942798942 ], [ 395530.620549338753335, 3783128.179043743759394 ], [ 395531.230925737530924, 3783128.179043743759394 ], [ 395531.536113936919719, 3783127.873855544254184 ], [ 395533.062054933863692, 3783127.873855544254184 ], [ 395533.367243133252487, 3783128.179043743759394 ], [ 395533.367243133252487, 3783128.484231942798942 ], [ 395533.672431332641281, 3783128.789420142304152 ], [ 395533.672431332641281, 3783129.094608341809362 ], [ 395533.367243133252487, 3783129.399796541314572 ], [ 395533.367243133252487, 3783130.010172939859331 ], [ 395532.756866734474897, 3783130.62054933886975 ], [ 395532.756866734474897, 3783131.230925737414509 ], [ 395526.9582909460878, 3783131.230925737414509 ] ] ] } },
{ "type": "Feature", "properties": { "confidence": 0.72441458702087402, "class": 1, "regularized": null }, "geometry": { "type": "Polygon", "coordinates": [ [ [ 395812.309257375367451, 3783415.36113936919719 ], [ 395812.004069175978657, 3783415.05595116969198 ], [ 395811.088504577812273, 3783415.05595116969198 ], [ 395810.783316378423478, 3783414.750762970652431 ], [ 395810.478128179034684, 3783414.750762970652431 ], [ 395810.478128179034684, 3783409.562563580926508 ], [ 395810.783316378423478, 3783409.257375381421298 ], [ 395814.750762970477808, 3783409.257375381421298 ], [ 395815.361139369255397, 3783409.867751780431718 ], [ 395815.971515768032987, 3783409.867751780431718 ], [ 395816.276703967421781, 3783410.172939979471266 ], [ 395820.549338758923113, 3783410.172939979471266 ], [ 395820.854526958311908, 3783410.478128178976476 ], [ 395821.159715157700703, 3783410.478128178976476 ], [ 395821.159715157700703, 3783411.698880976531655 ], [ 395821.464903357089497, 3783412.004069176036865 ], [ 395821.464903357089497, 3783414.750762970652431 ], [ 395821.159715157700703, 3783415.05595116969198 ], [ 395821.159715157700703, 3783415.36113936919719 ], [ 395812.309257375367451, 3783415.36113936919719 ] ] ] } },
{ "type": "Feature", "properties": { "confidence": 0.72306686639785767, "class": 1, "regularized": null }, "geometry": { "type": "Polygon", "coordinates": [ [ [ 395555.340793489303906, 3783363.784333672374487 ], [ 395554.730417090526316, 3783363.173957273829728 ], [ 395554.425228891137522, 3783363.173957273829728 ], [ 395554.120040691748727, 3783362.868769074324518 ], [ 395553.814852492359933, 3783362.868769074324518 ], [ 395553.204476093582343, 3783362.258392675314099 ], [ 395552.594099694804754, 3783362.258392675314099 ], [ 395552.28891149541596, 3783361.95320447627455 ], [ 395551.983723296027165, 3783361.95320447627455 ], [ 395551.67853509663837, 3783361.64801627676934 ], [ 395551.373346897249576, 3783361.64801627676934 ], [ 395551.068158697860781, 3783361.34282807726413 ], [ 395551.068158697860781, 3783360.427263479214162 ], [ 395552.28891149541596, 3783359.206510681658983 ], [ 395552.28891149541596, 3783358.901322482153773 ], [ 395552.594099694804754, 3783358.596134282648563 ], [ 395552.594099694804754, 3783358.290946083609015 ], [ 395553.204476093582343, 3783357.680569684598595 ], [ 395553.509664292971138, 3783357.680569684598595 ], [ 395553.814852492359933, 3783357.375381485093385 ], [ 395554.425228891137522, 3783357.375381485093385 ], [ 395554.730417090526316, 3783357.070193286053836 ], [ 395555.035605289915111, 3783357.070193286053836 ], [ 395555.340793489303906, 3783356.765005086548626 ], [ 395555.951169888081495, 3783356.765005086548626 ], [ 395555.951169888081495, 3783363.784333672374487 ], [ 395555.340793489303906, 3783363.784333672374487 ] ] ] } },
{ "type": "Feature", "properties": { "confidence": 0.71564918756484985, "class": 1, "regularized": null }, "geometry": { "type": "Polygon", "coordinates": [ [ [ 395448.524923702934757, 3783435.198372329585254 ], [ 395448.219735503545962, 3783434.893184130080044 ], [ 395448.219735503545962, 3783434.587995931040496 ], [ 395447.914547304157168, 3783434.282807731535286 ], [ 395447.914547304157168, 3783431.841302136424929 ], [ 395447.609359104768373, 3783431.536113936919719 ], [ 395447.609359104768373, 3783431.230925737414509 ], [ 395447.914547304157168, 3783430.92573753837496 ], [ 395448.524923702934757, 3783430.92573753837496 ], [ 395448.830111902323551, 3783430.62054933886975 ], [ 395449.440488301101141, 3783430.62054933886975 ], [ 395449.745676500489935, 3783430.315361139364541 ], [ 395450.356052899267524, 3783430.315361139364541 ], [ 395450.661241098656319, 3783430.010172939859331 ], [ 395450.966429298045114, 3783430.010172939859331 ], [ 395451.271617497433908, 3783429.704984740819782 ], [ 395451.576805696822703, 3783429.704984740819782 ], [ 395451.881993896211497, 3783429.399796541314572 ], [ 395452.187182095600292, 3783429.399796541314572 ], [ 395452.492370294989087, 3783429.094608341809362 ], [ 395453.102746693766676, 3783429.094608341809362 ], [ 395453.40793489315547, 3783428.789420142304152 ], [ 395454.018311291991267, 3783428.789420142304152 ], [ 395454.628687690768857, 3783429.399796541314572 ], [ 395454.628687690768857, 3783429.704984740819782 ], [ 395454.933875890157651, 3783430.010172939859331 ], [ 395454.933875890157651, 3783430.92573753837496 ], [ 395454.323499491380062, 3783431.536113936919719 ], [ 395453.713123092602473, 3783431.536113936919719 ], [ 395453.102746693766676, 3783432.146490335930139 ], [ 395452.797558494377881, 3783432.146490335930139 ], [ 395452.187182095600292, 3783432.756866734474897 ], [ 395451.881993896211497, 3783432.756866734474897 ], [ 395451.271617497433908, 3783433.367243133485317 ], [ 395451.271617497433908, 3783433.672431332524866 ], [ 395450.966429298045114, 3783433.977619532030076 ], [ 395450.966429298045114, 3783434.282807731535286 ], [ 395450.661241098656319, 3783434.282807731535286 ], [ 395450.05086469987873, 3783434.893184130080044 ], [ 395449.440488301101141, 3783434.893184130080044 ], [ 395449.135300101712346, 3783435.198372329585254 ], [ 395448.524923702934757, 3783435.198372329585254 ] ] ] } },
{ "type": "Feature", "properties": { "confidence": 0.71352845430374146, "class": 1, "regularized": null }, "geometry": { "type": "Polygon", "coordinates": [ [ [ 395851.068158697860781, 3783587.487283824943006 ], [ 395850.762970498471987, 3783587.182095625437796 ], [ 395850.457782299083192, 3783587.182095625437796 ], [ 395850.152594099694397, 3783586.876907426398247 ], [ 395850.152594099694397, 3783586.571719226893038 ], [ 395849.847405900305603, 3783586.266531027387828 ], [ 395849.847405900305603, 3783585.961342827882618 ], [ 395849.542217700916808, 3783585.656154628843069 ], [ 395849.542217700916808, 3783585.350966429337859 ], [ 395849.237029501528013, 3783585.045778229832649 ], [ 395849.237029501528013, 3783583.214649033732712 ], [ 395849.542217700916808, 3783582.909460834227502 ], [ 395849.542217700916808, 3783582.604272634722292 ], [ 395850.152594099694397, 3783581.993896236177534 ], [ 395850.457782299083192, 3783581.993896236177534 ], [ 395850.762970498471987, 3783581.688708036672324 ], [ 395854.120040691748727, 3783581.688708036672324 ], [ 395854.425228891137522, 3783581.993896236177534 ], [ 395861.7497456765268, 3783581.993896236177534 ], [ 395861.7497456765268, 3783582.299084435217083 ], [ 395862.054933875915594, 3783582.604272634722292 ], [ 395862.665310274693184, 3783582.604272634722292 ], [ 395862.970498474081978, 3783582.909460834227502 ], [ 395862.970498474081978, 3783583.214649033732712 ], [ 395863.275686673470773, 3783583.519837232772261 ], [ 395863.275686673470773, 3783584.130213631782681 ], [ 395862.970498474081978, 3783584.435401831287891 ], [ 395862.970498474081978, 3783585.045778229832649 ], [ 395862.665310274693184, 3783585.350966429337859 ], [ 395862.665310274693184, 3783585.656154628843069 ], [ 395862.054933875915594, 3783586.266531027387828 ], [ 395861.7497456765268, 3783586.266531027387828 ], [ 395861.444557477138005, 3783586.571719226893038 ], [ 395861.139369277749211, 3783586.571719226893038 ], [ 395860.834181078360416, 3783586.876907426398247 ], [ 395860.528992878913414, 3783586.876907426398247 ], [ 395860.223804679524619, 3783587.182095625437796 ], [ 395853.814852492359933, 3783587.182095625437796 ], [ 395853.509664292971138, 3783587.487283824943006 ], [ 395851.068158697860781, 3783587.487283824943006 ] ] ] } },
{ "type": "Feature", "properties": { "confidence": 0.70000433921813965, "class": 1, "regularized": null }, "geometry": { "type": "Polygon", "coordinates": [ [ [ 395622.177009155624546, 3783520.956256357952952 ], [ 395622.177009155624546, 3783520.345879959408194 ], [ 395621.871820956235752, 3783520.040691759902984 ], [ 395621.871820956235752, 3783519.735503560397774 ], [ 395621.566632756846957, 3783519.430315361358225 ], [ 395621.566632756846957, 3783518.514750762842596 ], [ 395621.261444557458162, 3783518.209562563803047 ], [ 395621.261444557458162, 3783517.599186164792627 ], [ 395620.956256358069368, 3783517.293997965287417 ], [ 395620.956256358069368, 3783516.988809766247869 ], [ 395620.651068158680573, 3783516.683621566742659 ], [ 395620.651068158680573, 3783516.378433367237449 ], [ 395620.345879959291779, 3783516.073245167732239 ], [ 395620.345879959291779, 3783514.85249237017706 ], [ 395620.651068158680573, 3783514.547304171137512 ], [ 395622.482197355013341, 3783514.547304171137512 ], [ 395623.09257375379093, 3783513.936927772127092 ], [ 395625.534079348959494, 3783513.936927772127092 ], [ 395625.839267548348289, 3783514.242115971632302 ], [ 395626.754832146514673, 3783514.242115971632302 ], [ 395627.060020345903467, 3783514.547304171137512 ], [ 395627.365208545292262, 3783514.547304171137512 ], [ 395627.670396744681057, 3783514.85249237017706 ], [ 395627.975584944069851, 3783514.85249237017706 ], [ 395628.280773143458646, 3783515.15768056968227 ], [ 395628.58596134284744, 3783515.15768056968227 ], [ 395628.891149542236235, 3783515.46286876918748 ], [ 395629.19633774162503, 3783515.46286876918748 ], [ 395629.806714140402619, 3783516.073245167732239 ], [ 395630.111902339791413, 3783516.073245167732239 ], [ 395630.417090539180208, 3783516.378433367237449 ], [ 395630.722278738569003, 3783516.378433367237449 ], [ 395630.722278738569003, 3783517.599186164792627 ], [ 395631.332655137346592, 3783518.209562563803047 ], [ 395631.027466937957797, 3783518.209562563803047 ], [ 395630.417090539180208, 3783518.819938962347806 ], [ 395630.111902339791413, 3783518.819938962347806 ], [ 395629.806714140402619, 3783519.125127161853015 ], [ 395629.501525941013824, 3783519.125127161853015 ], [ 395629.19633774162503, 3783519.430315361358225 ], [ 395628.58596134284744, 3783519.430315361358225 ], [ 395627.975584944069851, 3783520.040691759902984 ], [ 395627.365208545292262, 3783520.040691759902984 ], [ 395627.060020345903467, 3783520.345879959408194 ], [ 395626.754832146514673, 3783520.345879959408194 ], [ 395626.449643947125878, 3783520.651068158913404 ], [ 395626.144455747737084, 3783520.651068158913404 ], [ 395625.839267548348289, 3783520.956256357952952 ], [ 395622.177009155624546, 3783520.956256357952952 ] ] ] } },
{ "type": "Feature", "properties": { "confidence": 0.68421852588653564, "class": 1, "regularized": null }, "geometry": { "type": "Polygon", "coordinates": [ [ [ 395760.732451678544749, 3783100.712105798535049 ], [ 395760.732451678544749, 3783099.79654120048508 ], [ 395760.427263479155954, 3783099.491353000979871 ], [ 395760.427263479155954, 3783093.082400813698769 ], [ 395760.732451678544749, 3783092.77721261465922 ], [ 395760.732451678544749, 3783092.47202441515401 ], [ 395766.225839267543051, 3783092.47202441515401 ], [ 395766.225839267543051, 3783093.387589013203979 ], [ 395765.920651068154257, 3783093.692777212709188 ], [ 395765.920651068154257, 3783095.218718209769577 ], [ 395765.615462868765462, 3783095.523906408809125 ], [ 395765.615462868765462, 3783096.439471007324755 ], [ 395765.310274669376668, 3783096.744659206364304 ], [ 395765.310274669376668, 3783097.660223804879934 ], [ 395765.005086469987873, 3783097.965412003919482 ], [ 395765.005086469987873, 3783098.575788402929902 ], [ 395764.699898270599078, 3783098.880976602435112 ], [ 395764.699898270599078, 3783099.186164801474661 ], [ 395764.394710071210284, 3783099.491353000979871 ], [ 395764.394710071210284, 3783099.79654120048508 ], [ 395764.089521871821489, 3783100.10172939999029 ], [ 395763.784333672432695, 3783100.10172939999029 ], [ 395763.4791454730439, 3783100.406917599029839 ], [ 395762.868769074266311, 3783100.406917599029839 ], [ 395762.563580874877516, 3783100.712105798535049 ], [ 395760.732451678544749, 3783100.712105798535049 ] ] ] } },
{ "type": "Feature", "properties": { "confidence": 0.68257433176040649, "class": 1, "regularized": null }, "geometry": { "type": "Polygon", "coordinates": [ [ [ 395427.161749745660927, 3783016.174974567722529 ], [ 395426.551373346883338, 3783015.564598168712109 ], [ 395422.889114954217803, 3783015.564598168712109 ], [ 395422.583926754829008, 3783015.259409969672561 ], [ 395422.278738555440214, 3783015.259409969672561 ], [ 395421.973550356051419, 3783014.954221770167351 ], [ 395421.973550356051419, 3783014.649033570662141 ], [ 395421.36317395727383, 3783014.038657172117382 ], [ 395421.36317395727383, 3783013.733468972612172 ], [ 395421.057985757885035, 3783013.428280773106962 ], [ 395421.057985757885035, 3783011.902339776046574 ], [ 395420.752797558496241, 3783011.597151577007025 ], [ 395420.752797558496241, 3783011.291963377501816 ], [ 395421.36317395727383, 3783010.681586978491396 ], [ 395421.668362156662624, 3783010.681586978491396 ], [ 395421.973550356051419, 3783010.376398779451847 ], [ 395422.583926754829008, 3783010.376398779451847 ], [ 395422.889114954217803, 3783010.071210579946637 ], [ 395423.499491352995392, 3783010.071210579946637 ], [ 395423.804679552384187, 3783009.766022380441427 ], [ 395424.72024415055057, 3783009.766022380441427 ], [ 395425.33062054932816, 3783009.155645981896669 ], [ 395425.635808748716954, 3783009.155645981896669 ], [ 395425.940996948105749, 3783008.850457782391459 ], [ 395426.246185147494543, 3783008.850457782391459 ], [ 395426.551373346883338, 3783008.545269582886249 ], [ 395426.856561546272133, 3783008.545269582886249 ], [ 395427.161749745660927, 3783008.240081383381039 ], [ 395428.077314343827311, 3783008.240081383381039 ], [ 395428.382502543216106, 3783007.93489318434149 ], [ 395428.6876907426049, 3783008.240081383381039 ], [ 395428.992878941993695, 3783008.240081383381039 ], [ 395429.298067141382489, 3783008.545269582886249 ], [ 395429.298067141382489, 3783009.460834180936217 ], [ 395429.603255340771284, 3783009.766022380441427 ], [ 395429.603255340771284, 3783011.291963377501816 ], [ 395429.908443540160079, 3783011.597151577007025 ], [ 395429.908443540160079, 3783012.512716175056994 ], [ 395430.213631739548873, 3783012.817904374562204 ], [ 395430.213631739548873, 3783013.428280773106962 ], [ 395430.824008138326462, 3783014.038657172117382 ], [ 395430.824008138326462, 3783015.564598168712109 ], [ 395430.518819938937668, 3783015.869786368217319 ], [ 395429.908443540160079, 3783015.869786368217319 ], [ 395429.603255340771284, 3783016.174974567722529 ], [ 395427.161749745660927, 3783016.174974567722529 ] ] ] } },
{ "type": "Feature", "properties": { "confidence": 0.67385673522949219, "class": 1, "regularized": null }, "geometry": { "type": "Polygon", "coordinates": [ [ [ 395666.734486266504973, 3783030.82400813838467 ], [ 395665.818921668338589, 3783029.908443540334702 ], [ 395665.818921668338589, 3783029.603255340829492 ], [ 395665.513733468949795, 3783029.298067141324282 ], [ 395665.513733468949795, 3783027.466937945224345 ], [ 395665.818921668338589, 3783027.161749745719135 ], [ 395665.818921668338589, 3783026.551373346708715 ], [ 395666.124109867727384, 3783026.551373346708715 ], [ 395666.429298067116179, 3783026.246185147669166 ], [ 395666.734486266504973, 3783026.246185147669166 ], [ 395667.650050864671357, 3783025.330620549153537 ], [ 395667.955239064118359, 3783025.330620549153537 ], [ 395668.260427263507154, 3783025.025432350113988 ], [ 395668.565615462895948, 3783025.025432350113988 ], [ 395668.870803662284743, 3783025.330620549153537 ], [ 395669.175991861673538, 3783025.330620549153537 ], [ 395669.481180061062332, 3783025.635808748658746 ], [ 395669.481180061062332, 3783025.940996948163956 ], [ 395669.786368260451127, 3783026.246185147669166 ], [ 395670.091556459839921, 3783026.246185147669166 ], [ 395670.091556459839921, 3783026.551373346708715 ], [ 395670.396744659228716, 3783026.856561546213925 ], [ 395670.701932858617511, 3783026.856561546213925 ], [ 395671.922685656172689, 3783028.077314343769103 ], [ 395672.227873855561484, 3783028.077314343769103 ], [ 395672.533062054950278, 3783028.382502543274313 ], [ 395672.533062054950278, 3783029.298067141324282 ], [ 395671.922685656172689, 3783029.908443540334702 ], [ 395671.3123092573951, 3783029.908443540334702 ], [ 395671.007121058006305, 3783030.21363173937425 ], [ 395670.701932858617511, 3783030.21363173937425 ], [ 395670.396744659228716, 3783030.51881993887946 ], [ 395669.481180061062332, 3783030.51881993887946 ], [ 395669.175991861673538, 3783030.82400813838467 ], [ 395666.734486266504973, 3783030.82400813838467 ] ] ] } },
{ "type": "Feature", "properties": { "confidence": 0.66351646184921265, "class": 1, "regularized": null }, "geometry": { "type": "Polygon", "coordinates": [ [ [ 395797.660223804705311, 3783469.37945066113025 ], [ 395797.355035605316516, 3783469.07426246162504 ], [ 395796.744659206538927, 3783469.07426246162504 ], [ 395796.744659206538927, 3783468.463886063080281 ], [ 395797.049847405927721, 3783468.463886063080281 ], [ 395797.355035605316516, 3783468.158697863575071 ], [ 395797.355035605316516, 3783466.632756866514683 ], [ 395797.049847405927721, 3783466.327568667475134 ], [ 395797.049847405927721, 3783465.412004068959504 ], [ 395796.744659206538927, 3783465.106815869919956 ], [ 395796.744659206538927, 3783463.886063072364777 ], [ 395797.355035605316516, 3783463.275686673354357 ], [ 395797.965412004094105, 3783463.275686673354357 ], [ 395798.2706002034829, 3783462.970498473849148 ], [ 395802.23804679553723, 3783462.970498473849148 ], [ 395801.932858596148435, 3783463.275686673354357 ], [ 395801.932858596148435, 3783464.191251271404326 ], [ 395802.23804679553723, 3783464.496439470909536 ], [ 395802.543234994926024, 3783464.496439470909536 ], [ 395802.543234994926024, 3783464.801627670414746 ], [ 395802.848423194314819, 3783465.106815869919956 ], [ 395802.848423194314819, 3783466.022380467969924 ], [ 395803.153611393703613, 3783466.327568667475134 ], [ 395803.153611393703613, 3783467.853509664069861 ], [ 395802.23804679553723, 3783468.769074262585491 ], [ 395802.23804679553723, 3783469.07426246162504 ], [ 395801.932858596148435, 3783469.07426246162504 ], [ 395801.62767039675964, 3783469.37945066113025 ], [ 395800.712105798593257, 3783469.37945066113025 ], [ 395800.406917599204462, 3783469.07426246162504 ], [ 395798.2706002034829, 3783469.07426246162504 ], [ 395797.965412004094105, 3783469.37945066113025 ], [ 395797.660223804705311, 3783469.37945066113025 ] ] ] } },
{ "type": "Feature", "properties": { "confidence": 0.64581924676895142, "class": 1, "regularized": null }, "geometry": { "type": "Polygon", "coordinates": [ [ [ 395951.169888097676449, 3783211.800610376521945 ], [ 395950.864699898287654, 3783211.495422177016735 ], [ 395949.94913530012127, 3783211.495422177016735 ], [ 395949.643947100732476, 3783211.190233977511525 ], [ 395949.338758901343681, 3783211.190233977511525 ], [ 395949.338758901343681, 3783210.885045778006315 ], [ 395949.033570701954886, 3783210.579857578966767 ], [ 395949.033570701954886, 3783209.664292980451137 ], [ 395954.832146490341984, 3783209.664292980451137 ], [ 395954.832146490341984, 3783210.885045778006315 ], [ 395954.221770091564395, 3783211.495422177016735 ], [ 395953.306205493398011, 3783211.495422177016735 ], [ 395953.001017294009216, 3783211.800610376521945 ], [ 395951.169888097676449, 3783211.800610376521945 ] ] ] } },
{ "type": "Feature", "properties": { "confidence": 0.64227700233459473, "class": 1, "regularized": null }, "geometry": { "type": "Polygon", "coordinates": [ [ [ 395699.694811800611205, 3783493.794506612233818 ], [ 395699.389623601222411, 3783493.489318413194269 ], [ 395698.779247202444822, 3783493.489318413194269 ], [ 395698.168870803667232, 3783492.878942014183849 ], [ 395698.168870803667232, 3783492.573753814678639 ], [ 395696.948118006112054, 3783491.353001017123461 ], [ 395696.948118006112054, 3783491.047812818083912 ], [ 395696.642929806723259, 3783490.742624618578702 ], [ 395697.558494404889643, 3783489.827060020528734 ], [ 395698.168870803667232, 3783489.827060020528734 ], [ 395698.474059003056027, 3783489.521871821023524 ], [ 395699.084435401833616, 3783489.521871821023524 ], [ 395699.389623601222411, 3783489.216683621518314 ], [ 395699.694811800611205, 3783489.216683621518314 ], [ 395700.0, 3783488.911495422013104 ], [ 395700.610376398777589, 3783488.911495422013104 ], [ 395700.915564598166384, 3783488.606307222973555 ], [ 395701.220752797555178, 3783488.606307222973555 ], [ 395701.525940996943973, 3783488.301119023468345 ], [ 395702.746693794499151, 3783488.301119023468345 ], [ 395703.357070193276741, 3783488.911495422013104 ], [ 395703.357070193276741, 3783489.521871821023524 ], [ 395703.662258392665535, 3783489.827060020528734 ], [ 395703.662258392665535, 3783490.742624618578702 ], [ 395703.96744659205433, 3783491.047812818083912 ], [ 395703.96744659205433, 3783491.963377416133881 ], [ 395703.357070193276741, 3783492.573753814678639 ], [ 395702.441505595110357, 3783492.573753814678639 ], [ 395702.136317395721562, 3783492.878942014183849 ], [ 395701.831129196332768, 3783492.878942014183849 ], [ 395701.525940996943973, 3783493.184130213689059 ], [ 395700.915564598166384, 3783493.184130213689059 ], [ 395700.610376398777589, 3783493.489318413194269 ], [ 395700.0, 3783493.489318413194269 ], [ 395699.694811800611205, 3783493.794506612233818 ] ] ] } },
{ "type": "Feature", "properties": { "confidence": 0.64189612865447998, "class": 1, "regularized": "rectangle" }, "geometry": { "type": "Polygon", "coordinates": [ [ [ 395738.46875, 3783193.75 ], [ 395738.46875, 3783173.75 ], [ 395749.40625, 3783173.75 ], [ 395749.40625, 3783193.75 ], [ 395738.46875, 3783193.75 ] ] ] } },
{ "type": "Feature", "properties": { "confidence": 0.63629984855651855, "class": 1, "regularized": null }, "geometry": { "type": "Polygon", "coordinates": [ [ [ 395636.826042726344895, 3783399.79654120048508 ], [ 395636.5208545269561, 3783399.491353000979871 ], [ 395635.910478128178511, 3783399.491353000979871 ], [ 395635.300101729400922, 3783398.880976602435112 ], [ 395635.300101729400922, 3783394.913530010264367 ], [ 395635.605289928789716, 3783394.913530010264367 ], [ 395635.910478128178511, 3783394.608341810759157 ], [ 395635.910478128178511, 3783390.030518820043653 ], [ 395636.215666327567305, 3783389.725330620538443 ], [ 395636.215666327567305, 3783389.420142421033233 ], [ 395636.5208545269561, 3783389.114954221993685 ], [ 395636.5208545269561, 3783387.283825025428087 ], [ 395635.910478128178511, 3783386.673448626883328 ], [ 395635.910478128178511, 3783385.14750762982294 ], [ 395636.215666327567305, 3783385.14750762982294 ], [ 395636.5208545269561, 3783384.84231943031773 ], [ 395636.826042726344895, 3783385.14750762982294 ], [ 395637.131230925733689, 3783385.14750762982294 ], [ 395638.046795523900073, 3783386.063072227872908 ], [ 395638.351983723288868, 3783386.063072227872908 ], [ 395638.962360122066457, 3783386.673448626883328 ], [ 395639.267548321455251, 3783386.673448626883328 ], [ 395639.572736520844046, 3783386.978636825922877 ], [ 395639.572736520844046, 3783387.589013224933296 ], [ 395639.877924720232841, 3783387.894201424438506 ], [ 395640.183112919621635, 3783387.894201424438506 ], [ 395640.183112919621635, 3783388.199389623478055 ], [ 395640.48830111901043, 3783388.504577822983265 ], [ 395640.48830111901043, 3783388.809766022488475 ], [ 395640.793489318399224, 3783389.114954221993685 ], [ 395640.793489318399224, 3783389.420142421033233 ], [ 395641.098677517788019, 3783389.725330620538443 ], [ 395641.403865717176814, 3783389.725330620538443 ], [ 395642.014242115954403, 3783390.335707019548863 ], [ 395642.014242115954403, 3783393.997965412214398 ], [ 395641.709053916565608, 3783394.303153611253947 ], [ 395641.709053916565608, 3783395.523906408809125 ], [ 395640.793489318399224, 3783396.439471007324755 ], [ 395640.48830111901043, 3783396.439471007324755 ], [ 395640.183112919621635, 3783396.744659206364304 ], [ 395640.183112919621635, 3783397.660223804879934 ], [ 395639.572736520844046, 3783398.270600203424692 ], [ 395639.572736520844046, 3783398.575788402929902 ], [ 395639.267548321455251, 3783398.880976602435112 ], [ 395638.962360122066457, 3783398.880976602435112 ], [ 395638.657171922677662, 3783399.186164801474661 ], [ 395638.351983723288868, 3783399.186164801474661 ], [ 395638.046795523900073, 3783399.491353000979871 ], [ 395637.131230925733689, 3783399.491353000979871 ], [ 395636.826042726344895, 3783399.79654120048508 ] ] ] } },
{ "type": "Feature", "properties": { "confidence": 0.62898397445678711, "class": 1, "regularized": null }, "geometry": { "type": "Polygon", "coordinates": [ [ [ 395926.449643947125878, 3783389.114954221993685 ], [ 395926.144455747737084, 3783388.809766022488475 ], [ 395923.702950152568519, 3783388.809766022488475 ], [ 395923.397761953179725, 3783388.504577822983265 ], [ 395923.09257375379093, 3783388.504577822983265 ], [ 395922.787385554402135, 3783388.199389623478055 ], [ 395922.482197355013341, 3783388.199389623478055 ], [ 395921.871820956235752, 3783387.589013224933296 ], [ 395921.871820956235752, 3783383.926754832267761 ], [ 395922.177009155624546, 3783383.621566632762551 ], [ 395922.482197355013341, 3783383.621566632762551 ], [ 395922.787385554402135, 3783383.316378433257341 ], [ 395924.313326551346108, 3783383.316378433257341 ], [ 395924.618514750734903, 3783383.011190233752131 ], [ 395930.111902339791413, 3783383.011190233752131 ], [ 395931.027466937957797, 3783383.926754832267761 ], [ 395931.332655137346592, 3783383.926754832267761 ], [ 395931.637843336735386, 3783384.23194303130731 ], [ 395931.943031536124181, 3783384.23194303130731 ], [ 395931.943031536124181, 3783385.757884028367698 ], [ 395931.637843336735386, 3783386.063072227872908 ], [ 395931.637843336735386, 3783386.673448626883328 ], [ 395931.332655137346592, 3783386.978636825922877 ], [ 395931.332655137346592, 3783387.894201424438506 ], [ 395930.417090539180208, 3783388.809766022488475 ], [ 395929.19633774162503, 3783388.809766022488475 ], [ 395928.891149542236235, 3783389.114954221993685 ], [ 395926.449643947125878, 3783389.114954221993685 ] ] ] } },
{ "type": "Feature", "properties": { "confidence": 0.62555605173110962, "class": 1, "regularized": null }, "geometry": { "type": "Polygon", "coordinates": [ [ [ 395913.631739572738297, 3783484.63886063080281 ], [ 395913.326551373349503, 3783484.3336724312976 ], [ 395913.326551373349503, 3783481.281790437642485 ], [ 395913.021363173960708, 3783480.976602238137275 ], [ 395913.021363173960708, 3783479.450661241076887 ], [ 395917.599186164792627, 3783479.450661241076887 ], [ 395917.904374364181422, 3783479.755849440582097 ], [ 395918.209562563570216, 3783479.755849440582097 ], [ 395918.209562563570216, 3783482.502543235197663 ], [ 395918.514750762959011, 3783482.807731434237212 ], [ 395918.514750762959011, 3783484.3336724312976 ], [ 395918.209562563570216, 3783484.63886063080281 ], [ 395913.631739572738297, 3783484.63886063080281 ] ] ] } },
{ "type": "Feature", "properties": { "confidence": 0.62336093187332153, "class": 1, "regularized": null }, "geometry": { "type": "Polygon", "coordinates": [ [ [ 395877.314343845355324, 3783474.872838250361383 ], [ 395877.00915564596653, 3783474.567650050856173 ], [ 395877.00915564596653, 3783473.957273652311414 ], [ 395877.314343845355324, 3783473.652085452806205 ], [ 395877.314343845355324, 3783472.736520854756236 ], [ 395878.229908443521708, 3783471.820956256240606 ], [ 395881.281790437409654, 3783471.820956256240606 ], [ 395881.586978636798449, 3783471.515768057201058 ], [ 395882.197355035634246, 3783471.515768057201058 ], [ 395882.50254323502304, 3783471.820956256240606 ], [ 395882.807731434411835, 3783471.820956256240606 ], [ 395882.807731434411835, 3783472.431332655251026 ], [ 395882.50254323502304, 3783472.736520854756236 ], [ 395882.50254323502304, 3783473.652085452806205 ], [ 395882.197355035634246, 3783473.957273652311414 ], [ 395882.197355035634246, 3783474.262461851350963 ], [ 395881.892166836187243, 3783474.567650050856173 ], [ 395880.671414038632065, 3783474.567650050856173 ], [ 395880.36622583924327, 3783474.872838250361383 ], [ 395877.314343845355324, 3783474.872838250361383 ] ] ] } },
{ "type": "Feature", "properties": { "confidence": 0.62159699201583862, "class": 1, "regularized": null }, "geometry": { "type": "Polygon", "coordinates": [ [ [ 395868.769074262469076, 3783574.974567649886012 ], [ 395868.769074262469076, 3783568.260427263565361 ], [ 395870.905391658190638, 3783568.260427263565361 ], [ 395872.126144455745816, 3783569.48118006112054 ], [ 395872.126144455745816, 3783571.312309257220477 ], [ 395872.431332655134611, 3783571.617497456725687 ], [ 395872.431332655134611, 3783574.059003051836044 ], [ 395871.820956256357022, 3783574.669379450846463 ], [ 395869.684638860635459, 3783574.669379450846463 ], [ 395869.379450661246665, 3783574.974567649886012 ], [ 395868.769074262469076, 3783574.974567649886012 ] ] ] } },
{ "type": "Feature", "properties": { "confidence": 0.61730372905731201, "class": 1, "regularized": null }, "geometry": { "type": "Polygon", "coordinates": [ [ [ 395412.207527975609992, 3783465.106815869919956 ], [ 395412.207527975609992, 3783464.801627670414746 ], [ 395411.902339776221197, 3783464.496439470909536 ], [ 395411.597151576832402, 3783464.496439470909536 ], [ 395411.291963377443608, 3783464.191251271404326 ], [ 395410.986775178054813, 3783464.191251271404326 ], [ 395410.986775178054813, 3783463.886063072364777 ], [ 395410.376398779219016, 3783463.275686673354357 ], [ 395410.071210579830222, 3783463.275686673354357 ], [ 395410.071210579830222, 3783460.223804679699242 ], [ 395410.681586978607811, 3783459.613428280688822 ], [ 395410.681586978607811, 3783459.308240081183612 ], [ 395411.597151576832402, 3783458.392675483133644 ], [ 395411.902339776221197, 3783458.392675483133644 ], [ 395412.207527975609992, 3783458.087487283628434 ], [ 395412.512716174998786, 3783458.087487283628434 ], [ 395412.817904374387581, 3783457.782299084588885 ], [ 395413.123092573776376, 3783457.782299084588885 ], [ 395413.733468972553965, 3783457.171922685578465 ], [ 395415.869786368275527, 3783457.171922685578465 ], [ 395418.311291963385884, 3783459.613428280688822 ], [ 395418.616480162774678, 3783459.613428280688822 ], [ 395418.616480162774678, 3783459.918616480194032 ], [ 395419.226856561552268, 3783460.528992878738791 ], [ 395419.226856561552268, 3783463.275686673354357 ], [ 395418.921668362163473, 3783463.580874872859567 ], [ 395418.921668362163473, 3783464.191251271404326 ], [ 395418.311291963385884, 3783464.801627670414746 ], [ 395418.006103763997089, 3783464.801627670414746 ], [ 395417.700915564608295, 3783465.106815869919956 ], [ 395412.207527975609992, 3783465.106815869919956 ] ] ] } },
{ "type": "Feature", "properties": { "confidence": 0.61730277538299561, "class": 1, "regularized": null }, "geometry": { "type": "Polygon", "coordinates": [ [ [ 395960.935910478117876, 3783474.567650050856173 ], [ 395960.630722278729081, 3783474.262461851350963 ], [ 395960.325534079340287, 3783474.262461851350963 ], [ 395960.020345879951492, 3783473.957273652311414 ], [ 395959.715157680562697, 3783473.957273652311414 ], [ 395959.409969481173903, 3783473.652085452806205 ], [ 395959.104781281785108, 3783473.652085452806205 ], [ 395957.88402848422993, 3783472.431332655251026 ], [ 395957.578840284841135, 3783472.431332655251026 ], [ 395957.273652085452341, 3783472.126144455745816 ], [ 395957.273652085452341, 3783470.600203458685428 ], [ 395957.578840284841135, 3783470.295015259180218 ], [ 395957.578840284841135, 3783469.37945066113025 ], [ 395957.273652085452341, 3783469.07426246162504 ], [ 395957.273652085452341, 3783466.327568667475134 ], [ 395956.968463886063546, 3783466.022380467969924 ], [ 395956.968463886063546, 3783464.496439470909536 ], [ 395957.273652085452341, 3783464.191251271404326 ], [ 395959.715157680562697, 3783464.191251271404326 ], [ 395960.020345879951492, 3783464.496439470909536 ], [ 395961.24109867750667, 3783464.496439470909536 ], [ 395961.24109867750667, 3783464.801627670414746 ], [ 395960.935910478117876, 3783465.106815869919956 ], [ 395960.935910478117876, 3783466.327568667475134 ], [ 395961.24109867750667, 3783466.632756866514683 ], [ 395961.24109867750667, 3783466.937945066019893 ], [ 395961.546286876895465, 3783467.243133265525103 ], [ 395961.546286876895465, 3783467.853509664069861 ], [ 395961.85147507628426, 3783468.158697863575071 ], [ 395961.85147507628426, 3783468.463886063080281 ], [ 395962.156663275673054, 3783468.769074262585491 ], [ 395965.208545269561, 3783468.769074262585491 ], [ 395965.513733468949795, 3783469.07426246162504 ], [ 395965.513733468949795, 3783470.905391658190638 ], [ 395965.208545269561, 3783471.210579857695848 ], [ 395965.208545269561, 3783474.262461851350963 ], [ 395964.903357070172206, 3783474.567650050856173 ], [ 395960.935910478117876, 3783474.567650050856173 ] ] ] } },
{ "type": "Feature", "properties": { "confidence": 0.61560744047164917, "class": 1, "regularized": null }, "geometry": { "type": "Polygon", "coordinates": [ [ [ 395541.302136317419354, 3783280.467955239117146 ], [ 395540.38657171925297, 3783279.552390641067177 ], [ 395540.38657171925297, 3783278.942014242056757 ], [ 395540.081383519864175, 3783278.636826042551547 ], [ 395540.38657171925297, 3783278.331637843511999 ], [ 395540.38657171925297, 3783277.721261444501579 ], [ 395540.081383519864175, 3783277.416073244996369 ], [ 395540.081383519864175, 3783276.80569684645161 ], [ 395540.38657171925297, 3783276.5005086469464 ], [ 395541.302136317419354, 3783276.5005086469464 ], [ 395541.607324516808148, 3783276.19532044744119 ], [ 395542.522889114974532, 3783276.19532044744119 ], [ 395542.828077314363327, 3783275.890132248401642 ], [ 395543.133265513752121, 3783275.890132248401642 ], [ 395543.438453713140916, 3783275.584944048896432 ], [ 395543.743641912529711, 3783275.584944048896432 ], [ 395544.048830111918505, 3783275.279755849391222 ], [ 395544.048830111918505, 3783274.974567649886012 ], [ 395544.659206510696094, 3783274.974567649886012 ], [ 395544.964394710084889, 3783274.669379450846463 ], [ 395546.795523906417657, 3783274.669379450846463 ], [ 395548.016276703972835, 3783275.890132248401642 ], [ 395547.71108850458404, 3783276.19532044744119 ], [ 395547.71108850458404, 3783276.80569684645161 ], [ 395547.405900305195246, 3783277.11088504595682 ], [ 395547.405900305195246, 3783277.416073244996369 ], [ 395547.100712105806451, 3783277.721261444501579 ], [ 395546.795523906417657, 3783277.721261444501579 ], [ 395546.185147507640067, 3783278.331637843511999 ], [ 395546.185147507640067, 3783278.636826042551547 ], [ 395545.269582909473684, 3783279.552390641067177 ], [ 395544.964394710084889, 3783279.552390641067177 ], [ 395544.659206510696094, 3783279.857578840106726 ], [ 395543.743641912529711, 3783279.857578840106726 ], [ 395543.438453713140916, 3783280.162767039611936 ], [ 395542.828077314363327, 3783280.162767039611936 ], [ 395542.522889114974532, 3783280.467955239117146 ], [ 395541.302136317419354, 3783280.467955239117146 ] ] ] } },
{ "type": "Feature", "properties": { "confidence": 0.61497676372528076, "class": 1, "regularized": null }, "geometry": { "type": "Polygon", "coordinates": [ [ [ 395608.138351983739994, 3783469.684638860635459 ], [ 395608.138351983739994, 3783468.463886063080281 ], [ 395608.443540183128789, 3783468.158697863575071 ], [ 395608.443540183128789, 3783467.243133265525103 ], [ 395608.748728382517584, 3783466.937945066019893 ], [ 395608.748728382517584, 3783466.327568667475134 ], [ 395612.410986775183119, 3783462.665310274809599 ], [ 395612.716174974571913, 3783462.665310274809599 ], [ 395613.021363173960708, 3783462.360122075304389 ], [ 395613.631739572738297, 3783462.360122075304389 ], [ 395613.936927772127092, 3783462.054933875799179 ], [ 395614.242115971515886, 3783462.054933875799179 ], [ 395614.547304170904681, 3783461.749745676293969 ], [ 395614.852492370293476, 3783461.749745676293969 ], [ 395615.15768056968227, 3783461.444557477254421 ], [ 395615.462868769071065, 3783461.444557477254421 ], [ 395615.768056968459859, 3783461.139369277749211 ], [ 395616.378433367237449, 3783461.139369277749211 ], [ 395616.683621566626243, 3783460.834181078244001 ], [ 395618.209562563570216, 3783460.834181078244001 ], [ 395618.514750762959011, 3783461.139369277749211 ], [ 395618.819938962347806, 3783461.139369277749211 ], [ 395619.1251271617366, 3783461.444557477254421 ], [ 395619.1251271617366, 3783462.665310274809599 ], [ 395619.430315361125395, 3783462.970498473849148 ], [ 395619.430315361125395, 3783465.412004068959504 ], [ 395619.1251271617366, 3783465.717192268464714 ], [ 395619.1251271617366, 3783466.022380467969924 ], [ 395618.514750762959011, 3783466.632756866514683 ], [ 395618.209562563570216, 3783466.632756866514683 ], [ 395617.904374364181422, 3783466.937945066019893 ], [ 395617.599186164792627, 3783466.937945066019893 ], [ 395617.293997965403832, 3783467.243133265525103 ], [ 395616.988809766015038, 3783467.243133265525103 ], [ 395616.683621566626243, 3783467.548321465030313 ], [ 395616.073245167848654, 3783467.548321465030313 ], [ 395615.768056968459859, 3783467.853509664069861 ], [ 395615.462868769071065, 3783467.853509664069861 ], [ 395615.15768056968227, 3783468.158697863575071 ], [ 395614.547304170904681, 3783468.158697863575071 ], [ 395614.242115971515886, 3783468.463886063080281 ], [ 395613.936927772127092, 3783468.463886063080281 ], [ 395613.631739572738297, 3783468.769074262585491 ], [ 395613.326551373349503, 3783468.769074262585491 ], [ 395613.021363173960708, 3783469.07426246162504 ], [ 395612.105798575794324, 3783469.07426246162504 ], [ 395611.80061037640553, 3783469.37945066113025 ], [ 395610.885045778239146, 3783469.37945066113025 ], [ 395610.579857578850351, 3783469.684638860635459 ], [ 395608.138351983739994, 3783469.684638860635459 ] ] ] } },
{ "type": "Feature", "properties": { "confidence": 0.61304938793182373, "class": 1, "regularized": null }, "geometry": { "type": "Polygon", "coordinates": [ [ [ 395783.316378433373757, 3783329.908443540334702 ], [ 395783.011190233984962, 3783329.603255340829492 ], [ 395781.790437436429784, 3783329.603255340829492 ], [ 395781.485249237040989, 3783329.298067141324282 ], [ 395779.959308240097016, 3783329.298067141324282 ], [ 395779.654120040708221, 3783328.992878941819072 ], [ 395778.738555442541838, 3783328.992878941819072 ], [ 395778.433367243153043, 3783328.687690742779523 ], [ 395778.128179043764248, 3783328.687690742779523 ], [ 395777.517802644986659, 3783328.077314343769103 ], [ 395777.517802644986659, 3783327.772126144263893 ], [ 395777.212614445597865, 3783327.466937945224345 ], [ 395777.517802644986659, 3783327.161749745719135 ], [ 395777.517802644986659, 3783326.856561546213925 ], [ 395787.283825025428087, 3783326.856561546213925 ], [ 395787.283825025428087, 3783327.772126144263893 ], [ 395786.978636826039292, 3783328.077314343769103 ], [ 395786.978636826039292, 3783328.382502543274313 ], [ 395786.673448626650497, 3783328.687690742779523 ], [ 395786.673448626650497, 3783328.992878941819072 ], [ 395786.063072227872908, 3783328.992878941819072 ], [ 395785.757884028484114, 3783329.298067141324282 ], [ 395785.147507629706524, 3783329.298067141324282 ], [ 395784.84231943031773, 3783329.603255340829492 ], [ 395783.621566632762551, 3783329.603255340829492 ], [ 395783.316378433373757, 3783329.908443540334702 ] ] ] } },
{ "type": "Feature", "properties": { "confidence": 0.61293357610702515, "class": 1, "regularized": null }, "geometry": { "type": "Polygon", "coordinates": [ [ [ 395894.099694811797235, 3783560.020345880184323 ], [ 395893.794506612408441, 3783559.715157680679113 ], [ 395893.794506612408441, 3783558.799593082629144 ], [ 395894.099694811797235, 3783558.494404883123934 ], [ 395894.099694811797235, 3783557.273652085568756 ], [ 395894.40488301118603, 3783556.968463886063546 ], [ 395894.40488301118603, 3783556.663275686558336 ], [ 395894.710071210574824, 3783556.358087487053126 ], [ 395897.76195320446277, 3783556.358087487053126 ], [ 395898.067141403851565, 3783556.663275686558336 ], [ 395899.898270600184333, 3783556.663275686558336 ], [ 395899.898270600184333, 3783560.020345880184323 ], [ 395894.099694811797235, 3783560.020345880184323 ] ] ] } },
{ "type": "Feature", "properties": { "confidence": 0.61182719469070435, "class": 1, "regularized": null }, "geometry": { "type": "Polygon", "coordinates": [ [ [ 395979.552390640892554, 3783566.734486266504973 ], [ 395979.247202441503759, 3783566.429298066999763 ], [ 395978.331637843337376, 3783566.429298066999763 ], [ 395978.026449643948581, 3783566.124109867960215 ], [ 395977.721261444559786, 3783566.124109867960215 ], [ 395977.721261444559786, 3783558.494404883123934 ], [ 395978.026449643948581, 3783558.189216683618724 ], [ 395982.909460834169295, 3783558.189216683618724 ], [ 395983.214649033558089, 3783558.494404883123934 ], [ 395983.519837232946884, 3783558.494404883123934 ], [ 395983.825025432335678, 3783558.799593082629144 ], [ 395984.435401831113268, 3783558.799593082629144 ], [ 395984.740590030502062, 3783559.104781281668693 ], [ 395984.740590030502062, 3783561.85147507628426 ], [ 395985.045778229890857, 3783562.156663275789469 ], [ 395985.045778229890857, 3783565.513733468949795 ], [ 395984.740590030502062, 3783565.818921668455005 ], [ 395984.740590030502062, 3783566.124109867960215 ], [ 395984.435401831113268, 3783566.124109867960215 ], [ 395984.130213631724473, 3783566.429298066999763 ], [ 395982.909460834169295, 3783566.429298066999763 ], [ 395982.6042726347805, 3783566.734486266504973 ], [ 395979.552390640892554, 3783566.734486266504973 ] ] ] } },
{ "type": "Feature", "properties": { "confidence": 0.60450619459152222, "class": 1, "regularized": null }, "geometry": { "type": "Polygon", "coordinates": [ [ [ 395667.650050864671357, 3783472.431332655251026 ], [ 395667.039674465893768, 3783471.820956256240606 ], [ 395667.039674465893768, 3783471.210579857695848 ], [ 395666.734486266504973, 3783470.905391658190638 ], [ 395666.734486266504973, 3783470.600203458685428 ], [ 395666.124109867727384, 3783469.989827060140669 ], [ 395666.124109867727384, 3783469.684638860635459 ], [ 395665.818921668338589, 3783469.37945066113025 ], [ 395665.818921668338589, 3783468.158697863575071 ], [ 395666.124109867727384, 3783467.853509664069861 ], [ 395666.429298067116179, 3783467.853509664069861 ], [ 395666.734486266504973, 3783467.548321465030313 ], [ 395667.650050864671357, 3783467.548321465030313 ], [ 395667.955239064118359, 3783467.243133265525103 ], [ 395668.260427263507154, 3783467.243133265525103 ], [ 395668.565615462895948, 3783466.937945066019893 ], [ 395669.175991861673538, 3783466.937945066019893 ], [ 395669.481180061062332, 3783466.632756866514683 ], [ 395669.786368260451127, 3783466.632756866514683 ], [ 395670.091556459839921, 3783466.327568667475134 ], [ 395670.701932858617511, 3783466.327568667475134 ], [ 395671.007121058006305, 3783466.022380467969924 ], [ 395671.617497456783894, 3783466.022380467969924 ], [ 395671.922685656172689, 3783465.717192268464714 ], [ 395673.143438453727867, 3783465.717192268464714 ], [ 395673.143438453727867, 3783468.463886063080281 ], [ 395672.838250254339073, 3783468.463886063080281 ], [ 395672.533062054950278, 3783468.769074262585491 ], [ 395672.533062054950278, 3783469.989827060140669 ], [ 395671.922685656172689, 3783470.600203458685428 ], [ 395671.617497456783894, 3783470.600203458685428 ], [ 395671.3123092573951, 3783470.905391658190638 ], [ 395671.007121058006305, 3783470.905391658190638 ], [ 395670.701932858617511, 3783471.210579857695848 ], [ 395670.396744659228716, 3783471.210579857695848 ], [ 395670.091556459839921, 3783471.515768057201058 ], [ 395669.786368260451127, 3783471.515768057201058 ], [ 395669.481180061062332, 3783471.820956256240606 ], [ 395669.175991861673538, 3783471.820956256240606 ], [ 395668.870803662284743, 3783472.126144455745816 ], [ 395668.565615462895948, 3783472.126144455745816 ], [ 395668.260427263507154, 3783472.431332655251026 ], [ 395667.650050864671357, 3783472.431332655251026 ] ] ] } },
{ "type": "Feature", "properties": { "confidence": 0.59848690032958984, "class": 1, "regularized": null }, "geometry": { "type": "Polygon", "coordinates": [ [ [ 395631.332655137346592, 3783198.677517802454531 ], [ 395630.722278738569003, 3783198.067141403909773 ], [ 395630.722278738569003, 3783197.456765004899353 ], [ 395631.027466937957797, 3783197.151576805859804 ], [ 395631.027466937957797, 3783196.236012207344174 ], [ 395630.722278738569003, 3783195.930824008304626 ], [ 395630.722278738569003, 3783194.404883011244237 ], [ 395631.637843336735386, 3783193.489318413194269 ], [ 395632.55340793490177, 3783193.489318413194269 ], [ 395632.858596134290565, 3783193.184130213689059 ], [ 395633.163784333679359, 3783193.489318413194269 ], [ 395633.468972533068154, 3783193.489318413194269 ], [ 395634.384537131234538, 3783194.404883011244237 ], [ 395634.689725330623332, 3783194.404883011244237 ], [ 395634.689725330623332, 3783194.710071210749447 ], [ 395634.994913530012127, 3783195.015259409788996 ], [ 395635.300101729400922, 3783195.015259409788996 ], [ 395635.300101729400922, 3783195.930824008304626 ], [ 395635.605289928789716, 3783196.236012207344174 ], [ 395635.605289928789716, 3783197.151576805859804 ], [ 395635.910478128178511, 3783197.456765004899353 ], [ 395635.300101729400922, 3783198.067141403909773 ], [ 395634.384537131234538, 3783198.067141403909773 ], [ 395634.079348931845743, 3783198.372329603414983 ], [ 395632.858596134290565, 3783198.372329603414983 ], [ 395632.55340793490177, 3783198.677517802454531 ], [ 395631.332655137346592, 3783198.677517802454531 ] ] ] } },
{ "type": "Feature", "properties": { "confidence": 0.59672063589096069, "class": 1, "regularized": null }, "geometry": { "type": "Polygon", "coordinates": [ [ [ 395412.207527975609992, 3783382.095625635702163 ], [ 395411.902339776221197, 3783381.790437436196953 ], [ 395411.597151576832402, 3783381.790437436196953 ], [ 395411.291963377443608, 3783381.485249237157404 ], [ 395411.291963377443608, 3783376.297049847431481 ], [ 395411.902339776221197, 3783375.686673448421061 ], [ 395411.902339776221197, 3783375.381485249381512 ], [ 395412.512716174998786, 3783374.771108850371093 ], [ 395412.817904374387581, 3783374.771108850371093 ], [ 395413.123092573776376, 3783374.465920650865883 ], [ 395413.733468972553965, 3783374.465920650865883 ], [ 395414.038657171942759, 3783374.160732451826334 ], [ 395414.343845371331554, 3783374.465920650865883 ], [ 395414.649033570720349, 3783374.465920650865883 ], [ 395415.259409969497938, 3783375.076297049876302 ], [ 395415.259409969497938, 3783375.381485249381512 ], [ 395415.564598168886732, 3783375.686673448421061 ], [ 395415.564598168886732, 3783376.602238046936691 ], [ 395416.174974567664322, 3783377.212614445481449 ], [ 395416.174974567664322, 3783377.517802644986659 ], [ 395416.785350966441911, 3783378.128179043531418 ], [ 395416.785350966441911, 3783378.738555442541838 ], [ 395417.090539165830705, 3783379.043743642047048 ], [ 395417.090539165830705, 3783379.959308240097016 ], [ 395416.785350966441911, 3783380.264496439602226 ], [ 395416.480162767053116, 3783380.264496439602226 ], [ 395416.174974567664322, 3783380.569684638641775 ], [ 395415.564598168886732, 3783380.569684638641775 ], [ 395415.259409969497938, 3783380.874872838146985 ], [ 395414.954221770109143, 3783380.874872838146985 ], [ 395414.649033570720349, 3783381.180061037652194 ], [ 395414.343845371331554, 3783381.180061037652194 ], [ 395413.733468972553965, 3783381.790437436196953 ], [ 395413.42828077316517, 3783381.790437436196953 ], [ 395413.123092573776376, 3783382.095625635702163 ], [ 395412.207527975609992, 3783382.095625635702163 ] ] ] } },
{ "type": "Feature", "properties": { "confidence": 0.58920532464981079, "class": 1, "regularized": null }, "geometry": { "type": "Polygon", "coordinates": [ [ [ 395906.917599186184816, 3783555.747711088508368 ], [ 395906.917599186184816, 3783555.442522889003158 ], [ 395906.307222787407227, 3783554.832146490458399 ], [ 395906.307222787407227, 3783553.611393692903221 ], [ 395906.002034588018432, 3783553.306205493398011 ], [ 395906.002034588018432, 3783548.118006103672087 ], [ 395906.307222787407227, 3783547.812817904166877 ], [ 395906.307222787407227, 3783547.507629705127329 ], [ 395907.527975584962405, 3783547.507629705127329 ], [ 395907.527975584962405, 3783555.747711088508368 ], [ 395906.917599186184816, 3783555.747711088508368 ] ] ] } },
{ "type": "Feature", "properties": { "confidence": 0.56656533479690552, "class": 1, "regularized": null }, "geometry": { "type": "Polygon", "coordinates": [ [ [ 395569.07426246185787, 3783027.466937945224345 ], [ 395568.769074262469076, 3783027.161749745719135 ], [ 395568.769074262469076, 3783024.415055951103568 ], [ 395569.07426246185787, 3783024.109867751598358 ], [ 395569.07426246185787, 3783023.80467955255881 ], [ 395569.379450661246665, 3783023.4994913530536 ], [ 395569.379450661246665, 3783023.19430315354839 ], [ 395570.295015259413049, 3783022.278738555498421 ], [ 395570.600203458801843, 3783022.278738555498421 ], [ 395570.905391658190638, 3783021.973550355993211 ], [ 395571.515768056968227, 3783021.973550355993211 ], [ 395572.126144455745816, 3783021.363173957448453 ], [ 395573.0417090539122, 3783021.363173957448453 ], [ 395573.652085452689789, 3783020.752797558438033 ], [ 395573.957273652078584, 3783020.752797558438033 ], [ 395574.262461851467378, 3783020.447609358932823 ], [ 395574.567650050856173, 3783020.447609358932823 ], [ 395574.872838250244968, 3783020.142421159893274 ], [ 395575.788402848411351, 3783020.142421159893274 ], [ 395576.093591047800146, 3783019.837232960388064 ], [ 395576.398779247188941, 3783020.142421159893274 ], [ 395576.703967446577735, 3783020.142421159893274 ], [ 395576.703967446577735, 3783023.80467955255881 ], [ 395576.398779247188941, 3783024.109867751598358 ], [ 395576.398779247188941, 3783024.415055951103568 ], [ 395576.093591047800146, 3783024.720244150608778 ], [ 395575.788402848411351, 3783024.720244150608778 ], [ 395574.262461851467378, 3783026.246185147669166 ], [ 395573.957273652078584, 3783026.246185147669166 ], [ 395573.652085452689789, 3783026.551373346708715 ], [ 395573.0417090539122, 3783026.551373346708715 ], [ 395572.431332655134611, 3783027.161749745719135 ], [ 395571.820956256357022, 3783027.161749745719135 ], [ 395571.515768056968227, 3783027.466937945224345 ], [ 395569.07426246185787, 3783027.466937945224345 ] ] ] } },
{ "type": "Feature", "properties": { "confidence": 0.56317907571792603, "class": 1, "regularized": null }, "geometry": { "type": "Polygon", "coordinates": [ [ [ 395881.586978636798449, 3783385.452695828862488 ], [ 395881.281790437409654, 3783385.14750762982294 ], [ 395880.97660223802086, 3783385.14750762982294 ], [ 395880.97660223802086, 3783382.706002034712583 ], [ 395880.671414038632065, 3783382.400813835207373 ], [ 395880.671414038632065, 3783382.095625635702163 ], [ 395880.36622583924327, 3783381.790437436196953 ], [ 395880.36622583924327, 3783380.264496439602226 ], [ 395880.97660223802086, 3783379.654120040591806 ], [ 395881.892166836187243, 3783379.654120040591806 ], [ 395882.197355035634246, 3783379.959308240097016 ], [ 395886.46998982707737, 3783379.959308240097016 ], [ 395886.46998982707737, 3783381.485249237157404 ], [ 395886.164801627688576, 3783381.790437436196953 ], [ 395886.164801627688576, 3783382.095625635702163 ], [ 395885.554425228910986, 3783382.706002034712583 ], [ 395885.554425228910986, 3783383.011190233752131 ], [ 395885.249237029522192, 3783383.316378433257341 ], [ 395885.249237029522192, 3783384.23194303130731 ], [ 395885.554425228910986, 3783384.53713123081252 ], [ 395885.554425228910986, 3783384.84231943031773 ], [ 395885.249237029522192, 3783385.14750762982294 ], [ 395885.249237029522192, 3783385.452695828862488 ], [ 395881.586978636798449, 3783385.452695828862488 ] ] ] } },
{ "type": "Feature", "properties": { "confidence": 0.55969184637069702, "class": 1, "regularized": null }, "geometry": { "type": "Polygon", "coordinates": [ [ [ 395503.458799593092408, 3783042.421159714926034 ], [ 395503.458799593092408, 3783040.590030518826097 ], [ 395503.153611393703613, 3783040.284842319320887 ], [ 395503.153611393703613, 3783039.979654119815677 ], [ 395502.543234994926024, 3783039.369277721270919 ], [ 395502.543234994926024, 3783038.758901322260499 ], [ 395502.23804679553723, 3783038.45371312322095 ], [ 395502.23804679553723, 3783037.843336724210531 ], [ 395502.848423194314819, 3783037.232960325665772 ], [ 395504.069175991869997, 3783037.232960325665772 ], [ 395504.374364191258792, 3783036.927772126160562 ], [ 395505.289928789425176, 3783036.927772126160562 ], [ 395505.59511698881397, 3783037.232960325665772 ], [ 395506.205493387591559, 3783037.232960325665772 ], [ 395506.815869786369149, 3783037.843336724210531 ], [ 395506.815869786369149, 3783038.14852492371574 ], [ 395507.426246185146738, 3783038.758901322260499 ], [ 395507.426246185146738, 3783039.979654119815677 ], [ 395507.731434384535532, 3783040.284842319320887 ], [ 395507.731434384535532, 3783041.200406917370856 ], [ 395507.426246185146738, 3783041.505595116876066 ], [ 395507.121057985757943, 3783041.505595116876066 ], [ 395506.815869786369149, 3783041.810783316381276 ], [ 395506.205493387591559, 3783041.810783316381276 ], [ 395505.900305188202765, 3783042.115971515886486 ], [ 395505.289928789425176, 3783042.115971515886486 ], [ 395504.984740590036381, 3783042.421159714926034 ], [ 395503.458799593092408, 3783042.421159714926034 ] ] ] } },
{ "type": "Feature", "properties": { "confidence": 0.54894113540649414, "class": 1, "regularized": null }, "geometry": { "type": "Polygon", "coordinates": [ [ [ 395649.94913530012127, 3783054.933875889983028 ], [ 395649.643947100732476, 3783054.62868769094348 ], [ 395649.338758901343681, 3783054.62868769094348 ], [ 395649.033570701954886, 3783054.32349949143827 ], [ 395649.033570701954886, 3783054.01831129193306 ], [ 395648.728382502566092, 3783053.71312309242785 ], [ 395648.728382502566092, 3783053.407934893388301 ], [ 395647.812817904399708, 3783052.492370294872671 ], [ 395647.812817904399708, 3783050.661241098772734 ], [ 395648.423194303177297, 3783050.050864699762315 ], [ 395649.033570701954886, 3783050.050864699762315 ], [ 395649.338758901343681, 3783049.745676500722766 ], [ 395649.94913530012127, 3783049.745676500722766 ], [ 395650.254323499510065, 3783049.440488301217556 ], [ 395650.559511698898859, 3783049.440488301217556 ], [ 395651.169888097676449, 3783048.830111902207136 ], [ 395651.475076297065243, 3783048.830111902207136 ], [ 395652.085452695842832, 3783048.219735503662378 ], [ 395652.390640895231627, 3783048.219735503662378 ], [ 395652.695829094620422, 3783047.914547304157168 ], [ 395653.9165818921756, 3783047.914547304157168 ], [ 395654.221770091564395, 3783048.219735503662378 ], [ 395654.832146490341984, 3783048.219735503662378 ], [ 395655.137334689730778, 3783048.524923703167588 ], [ 395655.137334689730778, 3783050.966429298277944 ], [ 395654.832146490341984, 3783051.271617497317493 ], [ 395654.832146490341984, 3783052.492370294872671 ], [ 395654.526958290953189, 3783052.797558494377881 ], [ 395654.526958290953189, 3783053.102746693883091 ], [ 395654.221770091564395, 3783053.102746693883091 ], [ 395653.306205493398011, 3783054.01831129193306 ], [ 395653.306205493398011, 3783054.32349949143827 ], [ 395653.001017294009216, 3783054.32349949143827 ], [ 395652.695829094620422, 3783054.62868769094348 ], [ 395652.085452695842832, 3783054.62868769094348 ], [ 395651.780264496454038, 3783054.933875889983028 ], [ 395649.94913530012127, 3783054.933875889983028 ] ] ] } },
{ "type": "Feature", "properties": { "confidence": 0.54525494575500488, "class": 1, "regularized": null }, "geometry": { "type": "Polygon", "coordinates": [ [ [ 395607.527975584962405, 3783483.112919633742422 ], [ 395606.307222787407227, 3783481.892166836187243 ], [ 395606.307222787407227, 3783481.586978636682034 ], [ 395605.696846388629638, 3783480.976602238137275 ], [ 395605.696846388629638, 3783480.366225839126855 ], [ 395605.391658189240843, 3783480.061037640087306 ], [ 395605.391658189240843, 3783479.755849440582097 ], [ 395604.781281790463254, 3783479.145473041571677 ], [ 395604.781281790463254, 3783478.840284842532128 ], [ 395604.170905391685665, 3783478.229908443521708 ], [ 395604.476093591074459, 3783477.924720244016498 ], [ 395604.476093591074459, 3783477.00915564596653 ], [ 395604.781281790463254, 3783476.70396744646132 ], [ 395604.781281790463254, 3783475.788402848411351 ], [ 395605.086469989852048, 3783475.788402848411351 ], [ 395605.391658189240843, 3783475.483214648906142 ], [ 395605.391658189240843, 3783475.178026449866593 ], [ 395606.307222787407227, 3783474.262461851350963 ], [ 395606.307222787407227, 3783472.736520854756236 ], [ 395609.053916581906378, 3783472.736520854756236 ], [ 395609.053916581906378, 3783473.041709053795785 ], [ 395608.748728382517584, 3783473.346897253300995 ], [ 395608.748728382517584, 3783474.262461851350963 ], [ 395609.969481180072762, 3783475.483214648906142 ], [ 395610.274669379461557, 3783475.483214648906142 ], [ 395610.579857578850351, 3783475.788402848411351 ], [ 395610.885045778239146, 3783475.788402848411351 ], [ 395611.19023397762794, 3783476.093591047916561 ], [ 395611.495422177016735, 3783476.093591047916561 ], [ 395611.80061037640553, 3783476.398779247421771 ], [ 395611.80061037640553, 3783476.70396744646132 ], [ 395612.105798575794324, 3783477.00915564596653 ], [ 395612.105798575794324, 3783479.450661241076887 ], [ 395611.80061037640553, 3783479.755849440582097 ], [ 395611.80061037640553, 3783480.061037640087306 ], [ 395611.19023397762794, 3783480.671414038632065 ], [ 395611.19023397762794, 3783480.976602238137275 ], [ 395610.274669379461557, 3783481.892166836187243 ], [ 395609.969481180072762, 3783481.892166836187243 ], [ 395608.748728382517584, 3783483.112919633742422 ], [ 395607.527975584962405, 3783483.112919633742422 ] ] ] } },
{ "type": "Feature", "properties": { "confidence": 0.54498106241226196, "class": 1, "regularized": "original" }, "geometry": { "type": "Polygon", "coordinates": [ [ [ 395946.59206510684453, 3783563.072227873839438 ], [ 395946.286876907397527, 3783562.767039674334228 ], [ 395944.760935910453554, 3783562.767039674334228 ], [ 395944.760935910453554, 3783557.578840285073966 ], [ 395945.066124109842349, 3783557.273652085568756 ], [ 395945.066124109842349, 3783556.052899288013577 ], [ 395944.760935910453554, 3783555.747711088508368 ], [ 395944.760935910453554, 3783550.559511698782444 ], [ 395945.981688708008733, 3783550.559511698782444 ], [ 395946.286876907397527, 3783550.864699898287654 ], [ 395947.202441505622119, 3783550.864699898287654 ], [ 395947.202441505622119, 3783551.780264496337622 ], [ 395947.507629705010913, 3783552.085452695842832 ], [ 395947.507629705010913, 3783552.695829094387591 ], [ 395948.118006103788503, 3783553.306205493398011 ], [ 395948.423194303177297, 3783553.306205493398011 ], [ 395948.423194303177297, 3783553.611393692903221 ], [ 395948.728382502566092, 3783553.916581891942769 ], [ 395949.033570701954886, 3783553.916581891942769 ], [ 395949.338758901343681, 3783554.221770091447979 ], [ 395950.864699898287654, 3783554.221770091447979 ], [ 395951.169888097676449, 3783554.526958290953189 ], [ 395952.390640895231627, 3783554.526958290953189 ], [ 395952.695829094620422, 3783554.221770091447979 ], [ 395955.442522889119573, 3783554.221770091447979 ], [ 395955.442522889119573, 3783554.832146490458399 ], [ 395955.137334689730778, 3783554.832146490458399 ], [ 395954.832146490341984, 3783555.137334689497948 ], [ 395954.832146490341984, 3783555.747711088508368 ], [ 395954.526958290953189, 3783556.052899288013577 ], [ 395954.526958290953189, 3783557.578840285073966 ], [ 395954.832146490341984, 3783557.884028484113514 ], [ 395955.442522889119573, 3783557.884028484113514 ], [ 395955.442522889119573, 3783558.494404883123934 ], [ 395956.052899287897162, 3783559.104781281668693 ], [ 395957.273652085452341, 3783559.104781281668693 ], [ 395957.273652085452341, 3783559.409969481173903 ], [ 395957.578840284841135, 3783559.715157680679113 ], [ 395957.578840284841135, 3783561.241098677739501 ], [ 395957.88402848422993, 3783561.54628687677905 ], [ 395958.494404883007519, 3783561.54628687677905 ], [ 395958.494404883007519, 3783561.85147507628426 ], [ 395958.189216683618724, 3783562.156663275789469 ], [ 395958.189216683618724, 3783562.767039674334228 ], [ 395954.832146490341984, 3783562.767039674334228 ], [ 395954.526958290953189, 3783563.072227873839438 ], [ 395946.59206510684453, 3783563.072227873839438 ] ] ] } },
{ "type": "Feature", "properties": { "confidence": 0.54404526948928833, "class": 1, "regularized": null }, "geometry": { "type": "Polygon", "coordinates": [ [ [ 395665.513733468949795, 3783099.186164801474661 ], [ 395665.818921668338589, 3783098.880976602435112 ], [ 395665.818921668338589, 3783097.049847405869514 ], [ 395666.429298067116179, 3783096.439471007324755 ], [ 395666.429298067116179, 3783094.303153611253947 ], [ 395666.734486266504973, 3783094.303153611253947 ], [ 395667.344862665282562, 3783093.692777212709188 ], [ 395667.955239064118359, 3783093.692777212709188 ], [ 395668.565615462895948, 3783094.303153611253947 ], [ 395668.565615462895948, 3783094.608341810759157 ], [ 395669.481180061062332, 3783095.523906408809125 ], [ 395669.481180061062332, 3783095.829094608314335 ], [ 395669.786368260451127, 3783096.134282807819545 ], [ 395669.786368260451127, 3783097.660223804879934 ], [ 395669.481180061062332, 3783097.965412003919482 ], [ 395667.650050864671357, 3783097.965412003919482 ], [ 395666.734486266504973, 3783098.880976602435112 ], [ 395666.429298067116179, 3783098.880976602435112 ], [ 395666.124109867727384, 3783099.186164801474661 ], [ 395665.513733468949795, 3783099.186164801474661 ] ] ] } },
{ "type": "Feature", "properties": { "confidence": 0.54181981086730957, "class": 1, "regularized": "rectangle" }, "geometry": { "type": "Polygon", "coordinates": [ [ [ 395786.0625, 3783519.25 ], [ 395786.0625, 3783504.25 ], [ 395794.0, 3783504.25 ], [ 395794.0, 3783519.25 ], [ 395786.0625, 3783519.25 ] ] ] } },
{ "type": "Feature", "properties": { "confidence": 0.53491556644439697, "class": 1, "regularized": null }, "geometry": { "type": "Polygon", "coordinates": [ [ [ 395517.192268565588165, 3783103.153611393645406 ], [ 395517.192268565588165, 3783098.880976602435112 ], [ 395517.802644964365754, 3783098.880976602435112 ], [ 395518.107833163812757, 3783098.575788402929902 ], [ 395518.718209562590346, 3783098.575788402929902 ], [ 395519.02339776197914, 3783098.880976602435112 ], [ 395519.328585961367935, 3783098.880976602435112 ], [ 395519.63377416075673, 3783099.186164801474661 ], [ 395519.63377416075673, 3783100.10172939999029 ], [ 395519.938962360145524, 3783100.406917599029839 ], [ 395519.938962360145524, 3783100.712105798535049 ], [ 395520.244150559534319, 3783101.017293998040259 ], [ 395520.244150559534319, 3783101.627670396585017 ], [ 395519.63377416075673, 3783102.238046795595437 ], [ 395519.328585961367935, 3783102.238046795595437 ], [ 395519.02339776197914, 3783102.543234995100647 ], [ 395518.718209562590346, 3783102.543234995100647 ], [ 395518.107833163812757, 3783103.153611393645406 ], [ 395517.192268565588165, 3783103.153611393645406 ] ] ] } },
{ "type": "Feature", "properties": { "confidence": 0.53465133905410767, "class": 1, "regularized": null }, "geometry": { "type": "Polygon", "coordinates": [ [ [ 395440.590030518826097, 3783156.256358087528497 ], [ 395440.590030518826097, 3783155.951169888023287 ], [ 395440.284842319437303, 3783155.645981688518077 ], [ 395439.979654120048508, 3783155.645981688518077 ], [ 395439.979654120048508, 3783155.340793489478528 ], [ 395439.369277721270919, 3783154.730417090468109 ], [ 395439.369277721270919, 3783154.12004069192335 ], [ 395439.064089521882124, 3783153.81485249241814 ], [ 395439.064089521882124, 3783152.288911495357752 ], [ 395439.369277721270919, 3783151.983723295852542 ], [ 395439.369277721270919, 3783150.457782299257815 ], [ 395439.674465920659713, 3783150.152594099752605 ], [ 395439.674465920659713, 3783149.237029501702636 ], [ 395439.979654120048508, 3783148.931841302197427 ], [ 395439.979654120048508, 3783148.321464903187007 ], [ 395440.284842319437303, 3783148.016276704147458 ], [ 395440.284842319437303, 3783145.87995930807665 ], [ 395440.590030518826097, 3783145.574771109037101 ], [ 395440.895218718214892, 3783145.574771109037101 ], [ 395441.505595116992481, 3783144.964394710026681 ], [ 395441.810783316381276, 3783144.964394710026681 ], [ 395442.726347914547659, 3783144.048830111976713 ], [ 395443.031536113936454, 3783144.048830111976713 ], [ 395443.336724313325249, 3783143.743641912471503 ], [ 395444.557477110880427, 3783143.743641912471503 ], [ 395445.167853509658016, 3783144.354018311481923 ], [ 395445.167853509658016, 3783144.659206510521472 ], [ 395445.778229908435605, 3783145.269582909531891 ], [ 395445.778229908435605, 3783145.87995930807665 ], [ 395446.0834181078244, 3783146.18514750758186 ], [ 395446.0834181078244, 3783150.762970498297364 ], [ 395445.778229908435605, 3783151.068158697802573 ], [ 395445.778229908435605, 3783153.20447609340772 ], [ 395445.473041709046811, 3783153.50966429291293 ], [ 395445.473041709046811, 3783154.425228890962899 ], [ 395445.167853509658016, 3783154.730417090468109 ], [ 395445.167853509658016, 3783155.340793489478528 ], [ 395444.862665310269222, 3783155.645981688518077 ], [ 395444.862665310269222, 3783156.256358087528497 ], [ 395440.590030518826097, 3783156.256358087528497 ] ] ] } },
{ "type": "Feature", "properties": { "confidence": 0.53397274017333984, "class": 1, "regularized": null }, "geometry": { "type": "Polygon", "coordinates": [ [ [ 395939.877924720232841, 3783510.579857578966767 ], [ 395939.572736520844046, 3783510.274669379461557 ], [ 395939.572736520844046, 3783509.053916581906378 ], [ 395939.877924720232841, 3783508.748728382401168 ], [ 395939.877924720232841, 3783505.391658189240843 ], [ 395939.572736520844046, 3783505.086469989735633 ], [ 395939.572736520844046, 3783502.950152594130486 ], [ 395939.877924720232841, 3783502.644964394625276 ], [ 395939.877924720232841, 3783502.339776195120066 ], [ 395940.183112919621635, 3783502.034587996080518 ], [ 395943.84537131228717, 3783502.034587996080518 ], [ 395944.150559511675965, 3783502.339776195120066 ], [ 395944.45574771106476, 3783502.339776195120066 ], [ 395944.150559511675965, 3783502.644964394625276 ], [ 395944.150559511675965, 3783504.476093591190875 ], [ 395943.84537131228717, 3783504.781281790230423 ], [ 395943.84537131228717, 3783505.086469989735633 ], [ 395942.929806714120787, 3783506.002034587785602 ], [ 395942.929806714120787, 3783506.307222787290812 ], [ 395942.624618514731992, 3783506.612410986796021 ], [ 395942.624618514731992, 3783507.22278738534078 ], [ 395942.319430315343197, 3783507.52797558484599 ], [ 395942.319430315343197, 3783508.443540182895958 ], [ 395942.014242115954403, 3783508.748728382401168 ], [ 395942.014242115954403, 3783509.359104781411588 ], [ 395941.709053916565608, 3783509.664292980451137 ], [ 395941.709053916565608, 3783509.969481179956347 ], [ 395941.403865717176814, 3783510.274669379461557 ], [ 395941.098677517788019, 3783510.274669379461557 ], [ 395940.793489318399224, 3783510.579857578966767 ], [ 395939.877924720232841, 3783510.579857578966767 ] ] ] } },
{ "type": "Feature", "properties": { "confidence": 0.53202825784683228, "class": 1, "regularized": null }, "geometry": { "type": "Polygon", "coordinates": [ [ [ 395871.210579857579432, 3783500.20345879951492 ], [ 395870.905391658190638, 3783499.89827060000971 ], [ 395870.295015259413049, 3783499.89827060000971 ], [ 395869.379450661246665, 3783498.982706001959741 ], [ 395869.07426246185787, 3783498.982706001959741 ], [ 395868.769074262469076, 3783498.677517802454531 ], [ 395868.463886063080281, 3783498.677517802454531 ], [ 395868.158697863691486, 3783498.372329603414983 ], [ 395868.158697863691486, 3783498.067141403909773 ], [ 395867.853509664302692, 3783497.761953204404563 ], [ 395867.548321464913897, 3783497.761953204404563 ], [ 395866.937945066136308, 3783497.151576805859804 ], [ 395866.632756866747513, 3783497.151576805859804 ], [ 395866.632756866747513, 3783495.625635808799416 ], [ 395866.937945066136308, 3783495.320447609294206 ], [ 395869.07426246185787, 3783495.320447609294206 ], [ 395869.379450661246665, 3783495.625635808799416 ], [ 395869.989827060024254, 3783495.625635808799416 ], [ 395870.295015259413049, 3783495.930824008304626 ], [ 395870.905391658190638, 3783495.930824008304626 ], [ 395871.210579857579432, 3783496.236012207344174 ], [ 395871.515768056968227, 3783496.236012207344174 ], [ 395871.820956256357022, 3783496.541200406849384 ], [ 395872.431332655134611, 3783496.541200406849384 ], [ 395872.736520854523405, 3783496.846388606354594 ], [ 395875.178026449633762, 3783496.846388606354594 ], [ 395875.483214649022557, 3783497.151576805859804 ], [ 395875.483214649022557, 3783499.89827060000971 ], [ 395873.652085452689789, 3783499.89827060000971 ], [ 395873.346897253300995, 3783500.20345879951492 ], [ 395871.210579857579432, 3783500.20345879951492 ] ] ] } },
{ "type": "Feature", "properties": { "confidence": 0.53126323223114014, "class": 1, "regularized": null }, "geometry": { "type": "Polygon", "coordinates": [ [ [ 395641.403865717176814, 3783302.441505595110357 ], [ 395641.098677517788019, 3783302.136317395605147 ], [ 395641.098677517788019, 3783301.525940997060388 ], [ 395640.793489318399224, 3783301.220752797555178 ], [ 395640.793489318399224, 3783297.558494404889643 ], [ 395641.098677517788019, 3783297.253306205384433 ], [ 395641.403865717176814, 3783297.253306205384433 ], [ 395641.709053916565608, 3783296.948118005879223 ], [ 395642.014242115954403, 3783296.948118005879223 ], [ 395642.319430315343197, 3783296.642929806839675 ], [ 395642.929806714120787, 3783296.642929806839675 ], [ 395643.234994913509581, 3783296.337741607334465 ], [ 395643.84537131228717, 3783296.337741607334465 ], [ 395644.150559511675965, 3783296.032553407829255 ], [ 395644.760935910453554, 3783296.032553407829255 ], [ 395645.066124109842349, 3783295.727365208324045 ], [ 395645.371312309231143, 3783295.727365208324045 ], [ 395645.676500508619938, 3783295.422177009284496 ], [ 395646.286876907397527, 3783295.422177009284496 ], [ 395646.59206510684453, 3783295.116988809779286 ], [ 395647.202441505622119, 3783295.116988809779286 ], [ 395647.507629705010913, 3783294.811800610274076 ], [ 395649.338758901343681, 3783294.811800610274076 ], [ 395649.338758901343681, 3783295.422177009284496 ], [ 395649.643947100732476, 3783295.727365208324045 ], [ 395649.643947100732476, 3783296.032553407829255 ], [ 395649.94913530012127, 3783296.337741607334465 ], [ 395649.94913530012127, 3783296.642929806839675 ], [ 395650.254323499510065, 3783296.948118005879223 ], [ 395650.254323499510065, 3783297.558494404889643 ], [ 395650.559511698898859, 3783297.863682604394853 ], [ 395650.559511698898859, 3783298.474059002939612 ], [ 395650.864699898287654, 3783298.779247202444822 ], [ 395650.864699898287654, 3783299.69481180049479 ], [ 395650.559511698898859, 3783300.0 ], [ 395650.254323499510065, 3783300.0 ], [ 395649.643947100732476, 3783300.61037639901042 ], [ 395649.033570701954886, 3783300.61037639901042 ], [ 395648.728382502566092, 3783300.915564598049968 ], [ 395648.423194303177297, 3783300.915564598049968 ], [ 395648.118006103788503, 3783301.220752797555178 ], [ 395647.507629705010913, 3783301.220752797555178 ], [ 395647.202441505622119, 3783301.525940997060388 ], [ 395646.59206510684453, 3783301.525940997060388 ], [ 395646.286876907397527, 3783301.831129196565598 ], [ 395645.676500508619938, 3783301.831129196565598 ], [ 395645.371312309231143, 3783302.136317395605147 ], [ 395644.45574771106476, 3783302.136317395605147 ], [ 395644.150559511675965, 3783302.441505595110357 ], [ 395641.403865717176814, 3783302.441505595110357 ] ] ] } },
{ "type": "Feature", "properties": { "confidence": 0.51606607437133789, "class": 1, "regularized": null }, "geometry": { "type": "Polygon", "coordinates": [ [ [ 395752.797558494377881, 3783330.82400813838467 ], [ 395752.797558494377881, 3783329.603255340829492 ], [ 395752.187182095600292, 3783328.992878941819072 ], [ 395752.187182095600292, 3783328.077314343769103 ], [ 395752.492370294989087, 3783327.772126144263893 ], [ 395752.492370294989087, 3783327.466937945224345 ], [ 395756.15462868771283, 3783327.466937945224345 ], [ 395756.459816887101624, 3783327.772126144263893 ], [ 395756.459816887101624, 3783328.382502543274313 ], [ 395755.54425228893524, 3783329.298067141324282 ], [ 395755.54425228893524, 3783329.908443540334702 ], [ 395754.933875890157651, 3783329.908443540334702 ], [ 395754.628687690768857, 3783330.21363173937425 ], [ 395754.628687690768857, 3783330.51881993887946 ], [ 395754.018311291991267, 3783330.51881993887946 ], [ 395753.713123092602473, 3783330.82400813838467 ], [ 395752.797558494377881, 3783330.82400813838467 ] ] ] } },
{ "type": "Feature", "properties": { "confidence": 0.51169770956039429, "class": 1, "regularized": null }, "geometry": { "type": "Polygon", "coordinates": [ [ [ 395544.048830111918505, 3783482.807731434237212 ], [ 395544.048830111918505, 3783481.892166836187243 ], [ 395543.743641912529711, 3783481.586978636682034 ], [ 395543.743641912529711, 3783480.366225839126855 ], [ 395544.048830111918505, 3783480.061037640087306 ], [ 395544.3540183113073, 3783480.061037640087306 ], [ 395544.964394710084889, 3783479.450661241076887 ], [ 395545.269582909473684, 3783479.450661241076887 ], [ 395545.574771108862478, 3783479.145473041571677 ], [ 395545.879959308251273, 3783479.145473041571677 ], [ 395546.185147507640067, 3783478.840284842532128 ], [ 395547.405900305195246, 3783478.840284842532128 ], [ 395547.71108850458404, 3783479.145473041571677 ], [ 395547.71108850458404, 3783479.450661241076887 ], [ 395548.016276703972835, 3783479.755849440582097 ], [ 395548.016276703972835, 3783480.061037640087306 ], [ 395548.32146490336163, 3783480.366225839126855 ], [ 395548.626653102750424, 3783480.366225839126855 ], [ 395548.626653102750424, 3783480.976602238137275 ], [ 395548.931841302139219, 3783481.281790437642485 ], [ 395548.931841302139219, 3783481.586978636682034 ], [ 395548.32146490336163, 3783482.197355035692453 ], [ 395547.405900305195246, 3783482.197355035692453 ], [ 395547.100712105806451, 3783482.502543235197663 ], [ 395547.100712105806451, 3783482.807731434237212 ], [ 395544.048830111918505, 3783482.807731434237212 ] ] ] } },
{ "type": "Feature", "properties": { "confidence": 0.51055270433425903, "class": 1, "regularized": null }, "geometry": { "type": "Polygon", "coordinates": [ [ [ 395844.659206510696094, 3783110.478128178976476 ], [ 395844.3540183113073, 3783110.172939979471266 ], [ 395844.3540183113073, 3783103.458799593150616 ], [ 395844.964394710084889, 3783103.458799593150616 ], [ 395845.269582909473684, 3783103.153611393645406 ], [ 395845.574771108862478, 3783103.153611393645406 ], [ 395845.879959308251273, 3783102.848423194140196 ], [ 395847.405900305195246, 3783102.848423194140196 ], [ 395847.71108850458404, 3783103.153611393645406 ], [ 395850.152594099694397, 3783103.153611393645406 ], [ 395850.457782299083192, 3783102.848423194140196 ], [ 395850.762970498471987, 3783102.848423194140196 ], [ 395851.068158697860781, 3783102.543234995100647 ], [ 395851.373346897249576, 3783102.543234995100647 ], [ 395851.67853509663837, 3783102.238046795595437 ], [ 395854.120040691748727, 3783102.238046795595437 ], [ 395854.425228891137522, 3783102.543234995100647 ], [ 395854.425228891137522, 3783103.153611393645406 ], [ 395854.730417090526316, 3783103.458799593150616 ], [ 395854.730417090526316, 3783105.595116988755763 ], [ 395854.425228891137522, 3783105.900305188260972 ], [ 395854.425228891137522, 3783108.341810783371329 ], [ 395854.120040691748727, 3783108.646998982876539 ], [ 395854.120040691748727, 3783109.257375381421298 ], [ 395853.509664292971138, 3783109.257375381421298 ], [ 395853.204476093582343, 3783109.562563580926508 ], [ 395851.373346897249576, 3783109.562563580926508 ], [ 395851.068158697860781, 3783109.867751780431718 ], [ 395849.237029501528013, 3783109.867751780431718 ], [ 395848.931841302139219, 3783110.172939979471266 ], [ 395844.964394710084889, 3783110.172939979471266 ], [ 395844.659206510696094, 3783110.478128178976476 ] ] ] } },
{ "type": "Feature", "properties": { "confidence": 0.50642561912536621, "class": 1, "regularized": "rectangle" }, "geometry": { "type": "Polygon", "coordinates": [ [ [ 395775.375, 3783355.5 ], [ 395785.0, 3783355.0 ], [ 395785.6875, 3783376.5 ], [ 395776.0625, 3783377.0 ], [ 395775.375, 3783355.5 ] ] ] } },
{ "type": "Feature", "properties": { "confidence": 0.50597375631332397, "class": 1, "regularized": null }, "geometry": { "type": "Polygon", "coordinates": [ [ [ 395870.905391658190638, 3783039.369277721270919 ], [ 395870.600203458801843, 3783039.064089521765709 ], [ 395870.600203458801843, 3783037.538148524705321 ], [ 395870.295015259413049, 3783037.232960325665772 ], [ 395870.295015259413049, 3783036.317395727150142 ], [ 395869.989827060024254, 3783036.012207528110594 ], [ 395869.989827060024254, 3783031.12919633788988 ], [ 395870.295015259413049, 3783030.82400813838467 ], [ 395870.295015259413049, 3783030.21363173937425 ], [ 395869.989827060024254, 3783029.908443540334702 ], [ 395869.989827060024254, 3783024.109867751598358 ], [ 395870.295015259413049, 3783023.80467955255881 ], [ 395870.295015259413049, 3783022.583926755003631 ], [ 395870.600203458801843, 3783022.278738555498421 ], [ 395870.600203458801843, 3783021.973550355993211 ], [ 395871.515768056968227, 3783021.973550355993211 ], [ 395871.820956256357022, 3783021.668362156488001 ], [ 395872.736520854523405, 3783021.668362156488001 ], [ 395873.0417090539122, 3783021.973550355993211 ], [ 395873.0417090539122, 3783022.278738555498421 ], [ 395873.346897253300995, 3783022.583926755003631 ], [ 395873.346897253300995, 3783028.687690742779523 ], [ 395873.652085452689789, 3783028.992878941819072 ], [ 395873.652085452689789, 3783030.21363173937425 ], [ 395873.957273652078584, 3783030.51881993887946 ], [ 395873.957273652078584, 3783035.096642929594964 ], [ 395874.262461851467378, 3783035.401831129100174 ], [ 395874.262461851467378, 3783037.843336724210531 ], [ 395873.652085452689789, 3783038.45371312322095 ], [ 395873.346897253300995, 3783038.45371312322095 ], [ 395873.0417090539122, 3783038.758901322260499 ], [ 395872.431332655134611, 3783038.758901322260499 ], [ 395871.820956256357022, 3783039.369277721270919 ], [ 395870.905391658190638, 3783039.369277721270919 ] ] ] } },
{ "type": "Feature", "properties": { "confidence": 0.50530678033828735, "class": 1, "regularized": null }, "geometry": { "type": "Polygon", "coordinates": [ [ [ 395787.283825025428087, 3783491.658189216628671 ], [ 395786.978636826039292, 3783491.353001017123461 ], [ 395784.537131230928935, 3783491.353001017123461 ], [ 395784.231943031540141, 3783491.047812818083912 ], [ 395784.231943031540141, 3783487.995930823963135 ], [ 395784.537131230928935, 3783487.690742624457926 ], [ 395784.537131230928935, 3783484.02848423179239 ], [ 395784.84231943031773, 3783483.723296032752842 ], [ 395784.84231943031773, 3783483.112919633742422 ], [ 395785.147507629706524, 3783482.807731434237212 ], [ 395785.147507629706524, 3783482.502543235197663 ], [ 395785.452695829095319, 3783482.197355035692453 ], [ 395786.368260427261703, 3783482.197355035692453 ], [ 395786.368260427261703, 3783482.807731434237212 ], [ 395786.673448626650497, 3783483.112919633742422 ], [ 395787.283825025428087, 3783483.112919633742422 ], [ 395787.589013224816881, 3783482.807731434237212 ], [ 395787.589013224816881, 3783482.197355035692453 ], [ 395787.894201424205676, 3783482.197355035692453 ], [ 395788.19938962359447, 3783481.892166836187243 ], [ 395789.114954221760854, 3783481.892166836187243 ], [ 395789.420142421149649, 3783481.586978636682034 ], [ 395790.335707019316033, 3783481.586978636682034 ], [ 395790.335707019316033, 3783491.353001017123461 ], [ 395790.030518819927238, 3783491.353001017123461 ], [ 395789.725330620538443, 3783491.658189216628671 ], [ 395787.283825025428087, 3783491.658189216628671 ] ] ] } },
{ "type": "Feature", "properties": { "confidence": 0.49306836724281311, "class": 1, "regularized": null }, "geometry": { "type": "Polygon", "coordinates": [ [ [ 395887.690742624632549, 3783015.259409969672561 ], [ 395887.690742624632549, 3783013.428280773106962 ], [ 395887.995930824021343, 3783013.123092573601753 ], [ 395887.995930824021343, 3783011.597151577007025 ], [ 395888.301119023410138, 3783011.291963377501816 ], [ 395888.301119023410138, 3783010.376398779451847 ], [ 395888.606307222798932, 3783010.071210579946637 ], [ 395891.047812817909289, 3783010.071210579946637 ], [ 395891.047812817909289, 3783010.681586978491396 ], [ 395891.353001017298084, 3783010.986775177996606 ], [ 395891.047812817909289, 3783011.291963377501816 ], [ 395891.047812817909289, 3783013.123092573601753 ], [ 395891.353001017298084, 3783013.428280773106962 ], [ 395891.353001017298084, 3783014.954221770167351 ], [ 395891.047812817909289, 3783014.954221770167351 ], [ 395890.742624618520495, 3783015.259409969672561 ], [ 395887.690742624632549, 3783015.259409969672561 ] ] ] } },
{ "type": "Feature", "properties": { "confidence": 0.49267277121543884, "class": 1, "regularized": null }, "geometry": { "type": "Polygon", "coordinates": [ [ [ 395485.147507629706524, 3783141.607324516866356 ], [ 395484.231943031540141, 3783140.691759918816388 ], [ 395484.231943031540141, 3783140.081383519805968 ], [ 395483.926754832151346, 3783139.776195320300758 ], [ 395483.926754832151346, 3783139.471007121261209 ], [ 395483.621566632762551, 3783139.165818921755999 ], [ 395483.621566632762551, 3783138.555442522745579 ], [ 395483.316378433373757, 3783138.250254323706031 ], [ 395483.316378433373757, 3783137.945066124200821 ], [ 395483.011190233984962, 3783137.639877924695611 ], [ 395483.011190233984962, 3783136.724313326645643 ], [ 395482.706002034596168, 3783136.419125127140433 ], [ 395482.706002034596168, 3783135.808748728595674 ], [ 395482.400813835207373, 3783135.503560529090464 ], [ 395482.706002034596168, 3783135.198372329585254 ], [ 395483.316378433373757, 3783135.198372329585254 ], [ 395483.621566632762551, 3783134.893184130080044 ], [ 395486.063072227872908, 3783134.893184130080044 ], [ 395486.368260427261703, 3783135.198372329585254 ], [ 395486.673448626650497, 3783135.198372329585254 ], [ 395486.978636826039292, 3783135.503560529090464 ], [ 395488.504577822983265, 3783135.503560529090464 ], [ 395488.80976602237206, 3783135.198372329585254 ], [ 395489.420142421149649, 3783135.198372329585254 ], [ 395489.725330620538443, 3783134.893184130080044 ], [ 395490.640895218704827, 3783134.893184130080044 ], [ 395491.251271617482416, 3783135.503560529090464 ], [ 395491.251271617482416, 3783137.334689725190401 ], [ 395490.946083418093622, 3783137.639877924695611 ], [ 395490.946083418093622, 3783138.555442522745579 ], [ 395491.251271617482416, 3783138.860630722250789 ], [ 395490.640895218704827, 3783139.471007121261209 ], [ 395490.335707019316033, 3783139.471007121261209 ], [ 395490.030518819927238, 3783139.776195320300758 ], [ 395489.725330620538443, 3783139.776195320300758 ], [ 395489.420142421149649, 3783140.081383519805968 ], [ 395489.114954221760854, 3783140.081383519805968 ], [ 395488.80976602237206, 3783140.386571719311178 ], [ 395488.19938962359447, 3783140.386571719311178 ], [ 395487.589013224816881, 3783140.996948117855936 ], [ 395487.283825025428087, 3783140.996948117855936 ], [ 395486.978636826039292, 3783141.302136317361146 ], [ 395486.673448626650497, 3783141.302136317361146 ], [ 395486.368260427261703, 3783141.607324516866356 ], [ 395485.147507629706524, 3783141.607324516866356 ] ] ] } },
{ "type": "Feature", "properties": { "confidence": 0.4902651309967041, "class": 1, "regularized": null }, "geometry": { "type": "Polygon", "coordinates": [ [ [ 395618.209562563570216, 3783456.256358087528497 ], [ 395617.904374364181422, 3783455.951169888023287 ], [ 395617.293997965403832, 3783455.951169888023287 ], [ 395616.988809766015038, 3783455.645981688518077 ], [ 395616.683621566626243, 3783455.645981688518077 ], [ 395616.073245167848654, 3783455.035605289973319 ], [ 395616.073245167848654, 3783454.730417090468109 ], [ 395615.768056968459859, 3783454.425228890962899 ], [ 395615.768056968459859, 3783448.626653102692217 ], [ 395616.988809766015038, 3783447.405900305137038 ], [ 395617.293997965403832, 3783447.405900305137038 ], [ 395618.209562563570216, 3783446.49033570708707 ], [ 395618.514750762959011, 3783446.49033570708707 ], [ 395618.819938962347806, 3783446.18514750758186 ], [ 395618.819938962347806, 3783445.87995930807665 ], [ 395619.430315361125395, 3783445.269582909531891 ], [ 395619.430315361125395, 3783444.964394710026681 ], [ 395621.566632756846957, 3783444.964394710026681 ], [ 395621.871820956235752, 3783444.659206510521472 ], [ 395622.177009155624546, 3783444.964394710026681 ], [ 395624.008138351957314, 3783444.964394710026681 ], [ 395624.008138351957314, 3783446.18514750758186 ], [ 395624.313326551346108, 3783446.49033570708707 ], [ 395624.313326551346108, 3783451.678535096812993 ], [ 395624.008138351957314, 3783451.983723295852542 ], [ 395624.008138351957314, 3783452.594099694862962 ], [ 395622.482197355013341, 3783454.12004069192335 ], [ 395622.482197355013341, 3783454.425228890962899 ], [ 395622.177009155624546, 3783454.730417090468109 ], [ 395622.177009155624546, 3783455.035605289973319 ], [ 395621.871820956235752, 3783455.340793489478528 ], [ 395621.871820956235752, 3783455.645981688518077 ], [ 395621.566632756846957, 3783455.951169888023287 ], [ 395621.261444557458162, 3783455.951169888023287 ], [ 395620.956256358069368, 3783456.256358087528497 ], [ 395618.209562563570216, 3783456.256358087528497 ] ] ] } },
{ "type": "Feature", "properties": { "confidence": 0.48896303772926331, "class": 1, "regularized": null }, "geometry": { "type": "Polygon", "coordinates": [ [ [ 395762.868769074266311, 3783390.640895218588412 ], [ 395762.563580874877516, 3783390.335707019548863 ], [ 395761.342828077322338, 3783390.335707019548863 ], [ 395760.427263479155954, 3783389.420142421033233 ], [ 395760.427263479155954, 3783386.673448626883328 ], [ 395760.732451678544749, 3783386.368260427378118 ], [ 395767.751780264487024, 3783386.368260427378118 ], [ 395767.751780264487024, 3783387.283825025428087 ], [ 395768.056968463875819, 3783387.589013224933296 ], [ 395768.056968463875819, 3783389.420142421033233 ], [ 395767.141403865709435, 3783390.335707019548863 ], [ 395765.920651068154257, 3783390.335707019548863 ], [ 395765.615462868765462, 3783390.640895218588412 ], [ 395762.868769074266311, 3783390.640895218588412 ] ] ] } },
{ "type": "Feature", "properties": { "confidence": 0.48192372918128967, "class": 1, "regularized": null }, "geometry": { "type": "Polygon", "coordinates": [ [ [ 395681.383519837225322, 3783092.77721261465922 ], [ 395681.078331637836527, 3783092.47202441515401 ], [ 395680.773143438447732, 3783092.47202441515401 ], [ 395680.773143438447732, 3783092.1668362156488 ], [ 395680.467955239058938, 3783091.86164801614359 ], [ 395680.467955239058938, 3783090.335707019548863 ], [ 395680.162767039670143, 3783090.030518820043653 ], [ 395680.162767039670143, 3783086.368260427378118 ], [ 395680.467955239058938, 3783086.063072227872908 ], [ 395681.078331637836527, 3783086.063072227872908 ], [ 395681.383519837225322, 3783085.757884028367698 ], [ 395682.909460834169295, 3783085.757884028367698 ], [ 395682.909460834169295, 3783086.063072227872908 ], [ 395683.214649033558089, 3783086.368260427378118 ], [ 395683.214649033558089, 3783086.673448626883328 ], [ 395683.825025432335678, 3783087.283825025428087 ], [ 395683.825025432335678, 3783087.894201424438506 ], [ 395684.130213631724473, 3783088.199389623478055 ], [ 395684.130213631724473, 3783090.030518820043653 ], [ 395683.825025432335678, 3783090.335707019548863 ], [ 395683.825025432335678, 3783091.556459817104042 ], [ 395683.519837232946884, 3783091.86164801614359 ], [ 395683.519837232946884, 3783092.1668362156488 ], [ 395683.214649033558089, 3783092.47202441515401 ], [ 395682.299084435391705, 3783092.47202441515401 ], [ 395681.993896236002911, 3783092.77721261465922 ], [ 395681.383519837225322, 3783092.77721261465922 ] ] ] } },
{ "type": "Feature", "properties": { "confidence": 0.46745052933692932, "class": 1, "regularized": null }, "geometry": { "type": "Polygon", "coordinates": [ [ [ 395654.526958290953189, 3783044.862665310502052 ], [ 395654.221770091564395, 3783044.557477110996842 ], [ 395653.306205493398011, 3783044.557477110996842 ], [ 395652.695829094620422, 3783043.947100711986423 ], [ 395652.695829094620422, 3783043.031536113936454 ], [ 395652.390640895231627, 3783042.726347914431244 ], [ 395652.390640895231627, 3783040.895218718331307 ], [ 395652.695829094620422, 3783040.590030518826097 ], [ 395652.695829094620422, 3783040.284842319320887 ], [ 395653.001017294009216, 3783040.284842319320887 ], [ 395653.306205493398011, 3783039.979654119815677 ], [ 395653.611393692786805, 3783039.979654119815677 ], [ 395654.221770091564395, 3783039.369277721270919 ], [ 395654.832146490341984, 3783039.369277721270919 ], [ 395655.137334689730778, 3783039.064089521765709 ], [ 395656.358087487285957, 3783039.064089521765709 ], [ 395656.663275686674751, 3783039.369277721270919 ], [ 395656.968463886063546, 3783039.369277721270919 ], [ 395657.578840284841135, 3783039.979654119815677 ], [ 395657.88402848422993, 3783039.979654119815677 ], [ 395658.494404883007519, 3783040.590030518826097 ], [ 395658.494404883007519, 3783041.810783316381276 ], [ 395658.189216683618724, 3783042.115971515886486 ], [ 395658.189216683618724, 3783042.421159714926034 ], [ 395657.578840284841135, 3783043.031536113936454 ], [ 395657.578840284841135, 3783043.336724313441664 ], [ 395656.968463886063546, 3783043.947100711986423 ], [ 395656.968463886063546, 3783044.252288911491632 ], [ 395656.052899287897162, 3783044.252288911491632 ], [ 395655.747711088508368, 3783044.557477110996842 ], [ 395655.442522889119573, 3783044.557477110996842 ], [ 395655.137334689730778, 3783044.862665310502052 ], [ 395654.526958290953189, 3783044.862665310502052 ] ] ] } },
{ "type": "Feature", "properties": { "confidence": 0.46078881621360779, "class": 1, "regularized": null }, "geometry": { "type": "Polygon", "coordinates": [ [ [ 395940.793489318399224, 3783264.598168870899826 ], [ 395940.48830111901043, 3783264.292980671394616 ], [ 395940.48830111901043, 3783260.325534079223871 ], [ 395946.286876907397527, 3783260.325534079223871 ], [ 395946.286876907397527, 3783264.292980671394616 ], [ 395945.981688708008733, 3783264.598168870899826 ], [ 395940.793489318399224, 3783264.598168870899826 ] ] ] } },
{ "type": "Feature", "properties": { "confidence": 0.4596659243106842, "class": 1, "regularized": null }, "geometry": { "type": "Polygon", "coordinates": [ [ [ 395904.781281790463254, 3783375.991861647926271 ], [ 395904.781281790463254, 3783373.550356052815914 ], [ 395904.476093591074459, 3783373.245167853310704 ], [ 395904.476093591074459, 3783363.173957273829728 ], [ 395904.170905391685665, 3783362.868769074324518 ], [ 395904.170905391685665, 3783361.03763987775892 ], [ 395904.476093591074459, 3783361.03763987775892 ], [ 395904.781281790463254, 3783360.732451678719372 ], [ 395907.527975584962405, 3783360.732451678719372 ], [ 395907.527975584962405, 3783370.498474059160799 ], [ 395906.307222787407227, 3783370.498474059160799 ], [ 395905.696846388629638, 3783371.108850457705557 ], [ 395905.696846388629638, 3783371.414038657210767 ], [ 395905.391658189240843, 3783371.719226856715977 ], [ 395905.391658189240843, 3783374.771108850371093 ], [ 395906.002034588018432, 3783375.381485249381512 ], [ 395905.696846388629638, 3783375.686673448421061 ], [ 395905.696846388629638, 3783375.991861647926271 ], [ 395904.781281790463254, 3783375.991861647926271 ] ] ] } },
{ "type": "Feature", "properties": { "confidence": 0.45199292898178101, "class": 1, "regularized": null }, "geometry": { "type": "Polygon", "coordinates": [ [ [ 395681.993896236002911, 3783058.596134282648563 ], [ 395681.383519837225322, 3783057.985757884103805 ], [ 395681.078331637836527, 3783057.985757884103805 ], [ 395681.078331637836527, 3783057.680569684598595 ], [ 395680.467955239058938, 3783057.070193286053836 ], [ 395680.467955239058938, 3783056.459816887043417 ], [ 395680.162767039670143, 3783056.154628687538207 ], [ 395680.162767039670143, 3783055.239064089488238 ], [ 395680.773143438447732, 3783054.62868769094348 ], [ 395681.078331637836527, 3783054.62868769094348 ], [ 395681.383519837225322, 3783054.32349949143827 ], [ 395681.688708036614116, 3783054.32349949143827 ], [ 395681.993896236002911, 3783054.01831129193306 ], [ 395682.6042726347805, 3783054.01831129193306 ], [ 395682.909460834169295, 3783053.71312309242785 ], [ 395685.045778229890857, 3783053.71312309242785 ], [ 395685.350966429279651, 3783053.407934893388301 ], [ 395685.961342828057241, 3783053.407934893388301 ], [ 395686.266531027446035, 3783053.102746693883091 ], [ 395687.487283825001214, 3783053.102746693883091 ], [ 395687.487283825001214, 3783053.407934893388301 ], [ 395687.792472024390008, 3783053.71312309242785 ], [ 395687.792472024390008, 3783055.544252288993448 ], [ 395688.097660223778803, 3783055.849440488498658 ], [ 395688.097660223778803, 3783056.459816887043417 ], [ 395687.792472024390008, 3783056.765005086548626 ], [ 395687.792472024390008, 3783057.070193286053836 ], [ 395687.487283825001214, 3783057.375381485093385 ], [ 395687.182095625612419, 3783057.375381485093385 ], [ 395685.961342828057241, 3783058.596134282648563 ], [ 395681.993896236002911, 3783058.596134282648563 ] ] ] } },
{ "type": "Feature", "properties": { "confidence": 0.44806227087974548, "class": 1, "regularized": null }, "geometry": { "type": "Polygon", "coordinates": [ [ [ 395597.76195320446277, 3783178.229908443521708 ], [ 395597.151576805685181, 3783177.61953204497695 ], [ 395597.151576805685181, 3783177.31434384547174 ], [ 395596.846388606296387, 3783177.00915564596653 ], [ 395596.846388606296387, 3783176.70396744646132 ], [ 395596.541200406907592, 3783176.398779247421771 ], [ 395596.541200406907592, 3783176.093591047916561 ], [ 395596.236012207518797, 3783175.788402848411351 ], [ 395596.236012207518797, 3783175.483214648906142 ], [ 395595.930824008130003, 3783175.178026449866593 ], [ 395595.930824008130003, 3783174.567650050856173 ], [ 395596.846388606296387, 3783174.567650050856173 ], [ 395597.151576805685181, 3783174.262461851350963 ], [ 395598.677517802629154, 3783174.262461851350963 ], [ 395598.982706002017949, 3783173.957273652311414 ], [ 395599.898270600184333, 3783173.957273652311414 ], [ 395600.203458799573127, 3783173.652085452806205 ], [ 395601.7293997965171, 3783173.652085452806205 ], [ 395602.339776195294689, 3783174.262461851350963 ], [ 395602.339776195294689, 3783174.567650050856173 ], [ 395602.644964394683484, 3783174.872838250361383 ], [ 395602.644964394683484, 3783175.178026449866593 ], [ 395602.950152594072279, 3783175.483214648906142 ], [ 395602.950152594072279, 3783176.093591047916561 ], [ 395602.644964394683484, 3783176.398779247421771 ], [ 395602.339776195294689, 3783176.398779247421771 ], [ 395602.034587995905895, 3783176.70396744646132 ], [ 395601.7293997965171, 3783176.70396744646132 ], [ 395601.424211597128306, 3783177.00915564596653 ], [ 395601.119023397739511, 3783177.00915564596653 ], [ 395600.508646998961922, 3783177.61953204497695 ], [ 395600.203458799573127, 3783177.61953204497695 ], [ 395599.898270600184333, 3783177.924720244016498 ], [ 395599.287894201406743, 3783177.924720244016498 ], [ 395598.982706002017949, 3783178.229908443521708 ], [ 395597.76195320446277, 3783178.229908443521708 ] ] ] } },
{ "type": "Feature", "properties": { "confidence": 0.44409874081611633, "class": 1, "regularized": null }, "geometry": { "type": "Polygon", "coordinates": [ [ [ 395463.784333672432695, 3783582.909460834227502 ], [ 395463.4791454730439, 3783582.604272634722292 ], [ 395463.173957273655105, 3783582.604272634722292 ], [ 395462.868769074266311, 3783582.299084435217083 ], [ 395462.868769074266311, 3783581.688708036672324 ], [ 395462.563580874877516, 3783581.383519837167114 ], [ 395462.563580874877516, 3783580.773143438622355 ], [ 395461.953204476099927, 3783580.162767039611936 ], [ 395461.953204476099927, 3783579.552390641067177 ], [ 395461.648016276711132, 3783579.247202441561967 ], [ 395462.258392675488722, 3783578.636826042551547 ], [ 395463.173957273655105, 3783578.636826042551547 ], [ 395463.4791454730439, 3783578.331637843511999 ], [ 395464.394710071210284, 3783578.331637843511999 ], [ 395464.699898270599078, 3783578.026449644006789 ], [ 395465.310274669376668, 3783578.026449644006789 ], [ 395465.615462868765462, 3783577.721261444501579 ], [ 395466.836215666320641, 3783577.721261444501579 ], [ 395467.141403865709435, 3783577.416073244996369 ], [ 395467.44659206509823, 3783577.416073244996369 ], [ 395467.44659206509823, 3783578.026449644006789 ], [ 395467.751780264487024, 3783578.331637843511999 ], [ 395467.751780264487024, 3783578.636826042551547 ], [ 395468.056968463875819, 3783578.942014242056757 ], [ 395468.056968463875819, 3783579.857578840106726 ], [ 395468.362156663264614, 3783580.162767039611936 ], [ 395468.362156663264614, 3783580.773143438622355 ], [ 395468.056968463875819, 3783581.078331637661904 ], [ 395468.056968463875819, 3783581.383519837167114 ], [ 395467.44659206509823, 3783581.993896236177534 ], [ 395467.141403865709435, 3783581.993896236177534 ], [ 395466.836215666320641, 3783582.299084435217083 ], [ 395466.531027466931846, 3783582.299084435217083 ], [ 395466.225839267543051, 3783582.604272634722292 ], [ 395465.310274669376668, 3783582.604272634722292 ], [ 395465.005086469987873, 3783582.909460834227502 ], [ 395463.784333672432695, 3783582.909460834227502 ] ] ] } },
{ "type": "Feature", "properties": { "confidence": 0.44220787286758423, "class": 1, "regularized": null }, "geometry": { "type": "Polygon", "coordinates": [ [ [ 395844.659206510696094, 3783560.020345880184323 ], [ 395844.3540183113073, 3783559.715157680679113 ], [ 395843.743641912529711, 3783559.715157680679113 ], [ 395843.743641912529711, 3783555.747711088508368 ], [ 395845.269582909473684, 3783555.747711088508368 ], [ 395845.574771108862478, 3783555.442522889003158 ], [ 395846.490335707028862, 3783555.442522889003158 ], [ 395846.490335707028862, 3783556.052899288013577 ], [ 395846.795523906417657, 3783556.358087487053126 ], [ 395846.795523906417657, 3783559.104781281668693 ], [ 395846.490335707028862, 3783559.409969481173903 ], [ 395846.490335707028862, 3783559.715157680679113 ], [ 395846.185147507640067, 3783560.020345880184323 ], [ 395844.659206510696094, 3783560.020345880184323 ] ] ] } },
{ "type": "Feature", "properties": { "confidence": 0.44007730484008789, "class": 1, "regularized": null }, "geometry": { "type": "Polygon", "coordinates": [ [ [ 395959.715157680562697, 3783156.256358087528497 ], [ 395959.715157680562697, 3783155.951169888023287 ], [ 395959.409969481173903, 3783155.645981688518077 ], [ 395959.409969481173903, 3783154.730417090468109 ], [ 395959.104781281785108, 3783154.425228890962899 ], [ 395959.104781281785108, 3783154.12004069192335 ], [ 395959.409969481173903, 3783153.81485249241814 ], [ 395959.409969481173903, 3783153.20447609340772 ], [ 395960.020345879951492, 3783152.594099694862962 ], [ 395960.325534079340287, 3783152.594099694862962 ], [ 395961.24109867750667, 3783151.678535096812993 ], [ 395962.461851475061849, 3783151.678535096812993 ], [ 395962.767039674450643, 3783151.983723295852542 ], [ 395964.598168870783411, 3783151.983723295852542 ], [ 395964.903357070172206, 3783152.288911495357752 ], [ 395966.124109867727384, 3783152.288911495357752 ], [ 395966.124109867727384, 3783152.594099694862962 ], [ 395966.429298067116179, 3783152.899287894368172 ], [ 395966.429298067116179, 3783155.340793489478528 ], [ 395966.124109867727384, 3783155.645981688518077 ], [ 395966.124109867727384, 3783156.256358087528497 ], [ 395959.715157680562697, 3783156.256358087528497 ] ] ] } },
{ "type": "Feature", "properties": { "confidence": 0.43806540966033936, "class": 1, "regularized": null }, "geometry": { "type": "Polygon", "coordinates": [ [ [ 395799.186164801649284, 3783476.70396744646132 ], [ 395798.575788402871694, 3783476.093591047916561 ], [ 395798.575788402871694, 3783474.262461851350963 ], [ 395797.660223804705311, 3783473.346897253300995 ], [ 395797.660223804705311, 3783473.041709053795785 ], [ 395797.355035605316516, 3783472.736520854756236 ], [ 395797.049847405927721, 3783472.736520854756236 ], [ 395797.049847405927721, 3783472.431332655251026 ], [ 395796.744659206538927, 3783472.126144455745816 ], [ 395796.744659206538927, 3783470.905391658190638 ], [ 395797.049847405927721, 3783470.600203458685428 ], [ 395800.712105798593257, 3783470.600203458685428 ], [ 395801.322482197370846, 3783471.210579857695848 ], [ 395801.322482197370846, 3783472.431332655251026 ], [ 395801.017293997982051, 3783472.736520854756236 ], [ 395801.017293997982051, 3783473.652085452806205 ], [ 395801.322482197370846, 3783473.957273652311414 ], [ 395802.543234994926024, 3783473.957273652311414 ], [ 395802.848423194314819, 3783474.262461851350963 ], [ 395802.848423194314819, 3783474.872838250361383 ], [ 395802.543234994926024, 3783475.178026449866593 ], [ 395802.543234994926024, 3783475.788402848411351 ], [ 395802.848423194314819, 3783476.093591047916561 ], [ 395802.848423194314819, 3783476.398779247421771 ], [ 395802.543234994926024, 3783476.398779247421771 ], [ 395802.23804679553723, 3783476.70396744646132 ], [ 395799.186164801649284, 3783476.70396744646132 ] ] ] } },
{ "type": "Feature", "properties": { "confidence": 0.4343627393245697, "class": 1, "regularized": null }, "geometry": { "type": "Polygon", "coordinates": [ [ [ 395772.634791454707738, 3783201.729399796575308 ], [ 395772.329603255318943, 3783201.424211597070098 ], [ 395772.024415055930149, 3783201.424211597070098 ], [ 395771.719226856541354, 3783201.119023397564888 ], [ 395770.80366225837497, 3783201.119023397564888 ], [ 395770.80366225837497, 3783200.813835198525339 ], [ 395770.498474058986176, 3783200.508646999020129 ], [ 395769.888097660208587, 3783200.508646999020129 ], [ 395769.277721261430997, 3783199.89827060000971 ], [ 395768.972533062042203, 3783199.89827060000971 ], [ 395768.972533062042203, 3783199.593082400970161 ], [ 395768.667344862653408, 3783199.287894201464951 ], [ 395768.362156663264614, 3783199.287894201464951 ], [ 395768.362156663264614, 3783198.982706001959741 ], [ 395768.056968463875819, 3783198.677517802454531 ], [ 395767.751780264487024, 3783198.677517802454531 ], [ 395767.751780264487024, 3783198.372329603414983 ], [ 395767.44659206509823, 3783198.067141403909773 ], [ 395767.141403865709435, 3783198.067141403909773 ], [ 395767.141403865709435, 3783197.761953204404563 ], [ 395766.836215666320641, 3783197.456765004899353 ], [ 395766.531027466931846, 3783197.456765004899353 ], [ 395766.531027466931846, 3783195.625635808799416 ], [ 395766.836215666320641, 3783195.320447609294206 ], [ 395767.44659206509823, 3783195.320447609294206 ], [ 395767.751780264487024, 3783195.015259409788996 ], [ 395769.277721261430997, 3783195.015259409788996 ], [ 395769.582909460819792, 3783194.710071210749447 ], [ 395777.517802644986659, 3783194.710071210749447 ], [ 395777.517802644986659, 3783196.846388606354594 ], [ 395777.212614445597865, 3783197.151576805859804 ], [ 395777.212614445597865, 3783197.761953204404563 ], [ 395776.90742624620907, 3783198.067141403909773 ], [ 395776.90742624620907, 3783198.677517802454531 ], [ 395776.602238046820275, 3783198.982706001959741 ], [ 395776.602238046820275, 3783199.593082400970161 ], [ 395776.297049847431481, 3783199.89827060000971 ], [ 395776.297049847431481, 3783200.20345879951492 ], [ 395775.686673448653892, 3783200.813835198525339 ], [ 395775.686673448653892, 3783201.119023397564888 ], [ 395775.381485249265097, 3783201.119023397564888 ], [ 395775.076297049876302, 3783201.424211597070098 ], [ 395774.7711088504293, 3783201.424211597070098 ], [ 395774.465920651040506, 3783201.729399796575308 ], [ 395772.634791454707738, 3783201.729399796575308 ] ] ] } },
{ "type": "Feature", "properties": { "confidence": 0.43222084641456604, "class": 1, "regularized": null }, "geometry": { "type": "Polygon", "coordinates": [ [ [ 395636.826042726344895, 3783156.256358087528497 ], [ 395636.826042726344895, 3783155.951169888023287 ], [ 395636.5208545269561, 3783155.645981688518077 ], [ 395634.994913530012127, 3783155.645981688518077 ], [ 395634.994913530012127, 3783149.237029501702636 ], [ 395635.605289928789716, 3783149.237029501702636 ], [ 395635.910478128178511, 3783148.931841302197427 ], [ 395635.910478128178511, 3783148.321464903187007 ], [ 395636.215666327567305, 3783148.321464903187007 ], [ 395636.826042726344895, 3783147.711088504642248 ], [ 395636.826042726344895, 3783146.79552390659228 ], [ 395636.5208545269561, 3783146.49033570708707 ], [ 395635.910478128178511, 3783146.49033570708707 ], [ 395635.910478128178511, 3783145.87995930807665 ], [ 395636.215666327567305, 3783145.574771109037101 ], [ 395636.5208545269561, 3783145.574771109037101 ], [ 395636.826042726344895, 3783145.269582909531891 ], [ 395637.741607324511278, 3783145.269582909531891 ], [ 395637.741607324511278, 3783145.574771109037101 ], [ 395638.351983723288868, 3783146.18514750758186 ], [ 395638.351983723288868, 3783147.100712105631828 ], [ 395638.657171922677662, 3783147.405900305137038 ], [ 395639.877924720232841, 3783147.405900305137038 ], [ 395640.183112919621635, 3783147.711088504642248 ], [ 395641.709053916565608, 3783147.711088504642248 ], [ 395642.319430315343197, 3783148.321464903187007 ], [ 395642.624618514731992, 3783148.321464903187007 ], [ 395642.929806714120787, 3783148.626653102692217 ], [ 395642.929806714120787, 3783149.542217700742185 ], [ 395643.234994913509581, 3783149.847405900247395 ], [ 395643.234994913509581, 3783150.152594099752605 ], [ 395643.540183112898376, 3783150.457782299257815 ], [ 395645.371312309231143, 3783150.457782299257815 ], [ 395645.676500508619938, 3783150.762970498297364 ], [ 395646.286876907397527, 3783150.762970498297364 ], [ 395646.897253306233324, 3783151.373346897307783 ], [ 395646.897253306233324, 3783154.12004069192335 ], [ 395647.202441505622119, 3783154.425228890962899 ], [ 395646.897253306233324, 3783154.730417090468109 ], [ 395646.897253306233324, 3783155.645981688518077 ], [ 395645.066124109842349, 3783155.645981688518077 ], [ 395644.760935910453554, 3783155.951169888023287 ], [ 395644.760935910453554, 3783156.256358087528497 ], [ 395636.826042726344895, 3783156.256358087528497 ] ] ] } },
{ "type": "Feature", "properties": { "confidence": 0.43199640512466431, "class": 1, "regularized": null }, "geometry": { "type": "Polygon", "coordinates": [ [ [ 395521.464903357089497, 3783097.660223804879934 ], [ 395521.464903357089497, 3783097.355035605374724 ], [ 395521.159715157700703, 3783097.049847405869514 ], [ 395521.159715157700703, 3783096.439471007324755 ], [ 395520.549338758923113, 3783095.829094608314335 ], [ 395520.549338758923113, 3783095.218718209769577 ], [ 395520.854526958311908, 3783094.913530010264367 ], [ 395520.854526958311908, 3783094.608341810759157 ], [ 395521.464903357089497, 3783094.608341810759157 ], [ 395521.770091556478292, 3783094.303153611253947 ], [ 395522.380467955255881, 3783094.303153611253947 ], [ 395522.685656154644676, 3783093.997965412214398 ], [ 395522.685656154644676, 3783093.387589013203979 ], [ 395522.99084435403347, 3783093.387589013203979 ], [ 395523.296032553422265, 3783093.082400813698769 ], [ 395523.601220752811059, 3783093.082400813698769 ], [ 395523.906408952199854, 3783093.387589013203979 ], [ 395524.211597151588649, 3783093.387589013203979 ], [ 395524.211597151588649, 3783093.692777212709188 ], [ 395524.516785350977443, 3783093.997965412214398 ], [ 395524.516785350977443, 3783096.439471007324755 ], [ 395524.211597151588649, 3783096.744659206364304 ], [ 395524.211597151588649, 3783097.049847405869514 ], [ 395523.906408952199854, 3783097.355035605374724 ], [ 395523.601220752811059, 3783097.355035605374724 ], [ 395523.296032553422265, 3783097.660223804879934 ], [ 395521.464903357089497, 3783097.660223804879934 ] ] ] } },
{ "type": "Feature", "properties": { "confidence": 0.43135842680931091, "class": 1, "regularized": null }, "geometry": { "type": "Polygon", "coordinates": [ [ [ 395488.19938962359447, 3783149.542217700742185 ], [ 395487.894201424205676, 3783149.237029501702636 ], [ 395487.589013224816881, 3783149.237029501702636 ], [ 395487.283825025428087, 3783148.931841302197427 ], [ 395487.283825025428087, 3783148.321464903187007 ], [ 395487.589013224816881, 3783148.016276704147458 ], [ 395487.589013224816881, 3783147.100712105631828 ], [ 395487.894201424205676, 3783146.79552390659228 ], [ 395487.894201424205676, 3783145.87995930807665 ], [ 395488.19938962359447, 3783145.87995930807665 ], [ 395489.114954221760854, 3783144.964394710026681 ], [ 395489.725330620538443, 3783144.964394710026681 ], [ 395490.030518819927238, 3783144.659206510521472 ], [ 395490.335707019316033, 3783144.659206510521472 ], [ 395490.640895218704827, 3783144.354018311481923 ], [ 395490.946083418093622, 3783144.354018311481923 ], [ 395491.251271617482416, 3783144.048830111976713 ], [ 395491.556459816871211, 3783144.048830111976713 ], [ 395491.861648016260006, 3783143.743641912471503 ], [ 395492.472024415037595, 3783143.743641912471503 ], [ 395492.777212614426389, 3783143.438453712966293 ], [ 395493.082400813815184, 3783143.438453712966293 ], [ 395493.387589013203979, 3783143.133265513926744 ], [ 395493.692777212592773, 3783143.133265513926744 ], [ 395493.997965411981568, 3783142.828077314421535 ], [ 395494.608341810759157, 3783142.828077314421535 ], [ 395494.608341810759157, 3783143.133265513926744 ], [ 395494.913530010147952, 3783143.438453712966293 ], [ 395494.913530010147952, 3783143.743641912471503 ], [ 395495.218718209536746, 3783144.048830111976713 ], [ 395495.218718209536746, 3783144.659206510521472 ], [ 395495.523906408925541, 3783144.964394710026681 ], [ 395495.523906408925541, 3783145.574771109037101 ], [ 395494.608341810759157, 3783146.49033570708707 ], [ 395494.303153611370362, 3783146.49033570708707 ], [ 395493.997965411981568, 3783146.79552390659228 ], [ 395493.997965411981568, 3783147.100712105631828 ], [ 395493.692777212592773, 3783147.100712105631828 ], [ 395493.082400813815184, 3783147.711088504642248 ], [ 395492.777212614426389, 3783147.711088504642248 ], [ 395492.472024415037595, 3783148.016276704147458 ], [ 395492.1668362156488, 3783148.016276704147458 ], [ 395491.861648016260006, 3783148.321464903187007 ], [ 395491.251271617482416, 3783148.321464903187007 ], [ 395490.946083418093622, 3783148.626653102692217 ], [ 395490.640895218704827, 3783148.626653102692217 ], [ 395490.335707019316033, 3783148.931841302197427 ], [ 395489.725330620538443, 3783148.931841302197427 ], [ 395489.420142421149649, 3783149.237029501702636 ], [ 395488.504577822983265, 3783149.237029501702636 ], [ 395488.19938962359447, 3783149.542217700742185 ] ] ] } },
{ "type": "Feature", "properties": { "confidence": 0.4211534857749939, "class": 1, "regularized": null }, "geometry": { "type": "Polygon", "coordinates": [ [ [ 395642.929806714120787, 3783063.173957273829728 ], [ 395642.624618514731992, 3783062.868769074324518 ], [ 395642.624618514731992, 3783062.258392675314099 ], [ 395642.319430315343197, 3783061.95320447627455 ], [ 395642.319430315343197, 3783061.64801627676934 ], [ 395642.014242115954403, 3783061.34282807726413 ], [ 395642.014242115954403, 3783060.732451678719372 ], [ 395641.709053916565608, 3783060.427263479214162 ], [ 395641.709053916565608, 3783059.816887080203742 ], [ 395640.793489318399224, 3783058.901322482153773 ], [ 395640.793489318399224, 3783058.596134282648563 ], [ 395642.014242115954403, 3783057.375381485093385 ], [ 395642.014242115954403, 3783056.765005086548626 ], [ 395643.234994913509581, 3783056.765005086548626 ], [ 395643.234994913509581, 3783057.680569684598595 ], [ 395644.150559511675965, 3783058.596134282648563 ], [ 395644.760935910453554, 3783058.596134282648563 ], [ 395645.066124109842349, 3783058.901322482153773 ], [ 395646.897253306233324, 3783058.901322482153773 ], [ 395646.897253306233324, 3783059.206510681658983 ], [ 395646.59206510684453, 3783059.511698881164193 ], [ 395646.59206510684453, 3783059.816887080203742 ], [ 395646.286876907397527, 3783060.122075279708952 ], [ 395646.286876907397527, 3783061.95320447627455 ], [ 395645.981688708008733, 3783062.258392675314099 ], [ 395645.981688708008733, 3783062.563580874819309 ], [ 395645.676500508619938, 3783062.868769074324518 ], [ 395644.45574771106476, 3783062.868769074324518 ], [ 395644.150559511675965, 3783063.173957273829728 ], [ 395642.929806714120787, 3783063.173957273829728 ] ] ] } },
{ "type": "Feature", "properties": { "confidence": 0.41772377490997314, "class": 1, "regularized": null }, "geometry": { "type": "Polygon", "coordinates": [ [ [ 395859.918616480135825, 3783467.243133265525103 ], [ 395859.918616480135825, 3783464.496439470909536 ], [ 395860.223804679524619, 3783464.191251271404326 ], [ 395860.223804679524619, 3783463.580874872859567 ], [ 395862.970498474081978, 3783463.580874872859567 ], [ 395863.580874872859567, 3783464.191251271404326 ], [ 395864.191251271637157, 3783464.191251271404326 ], [ 395864.496439471025951, 3783464.496439470909536 ], [ 395865.71719226858113, 3783464.496439470909536 ], [ 395866.022380467969924, 3783464.801627670414746 ], [ 395866.632756866747513, 3783464.801627670414746 ], [ 395866.937945066136308, 3783465.106815869919956 ], [ 395867.243133265525103, 3783465.106815869919956 ], [ 395867.853509664302692, 3783465.717192268464714 ], [ 395867.853509664302692, 3783466.632756866514683 ], [ 395867.548321464913897, 3783466.937945066019893 ], [ 395867.548321464913897, 3783467.243133265525103 ], [ 395859.918616480135825, 3783467.243133265525103 ] ] ] } },
{ "type": "Feature", "properties": { "confidence": 0.41547352075576782, "class": 1, "regularized": null }, "geometry": { "type": "Polygon", "coordinates": [ [ [ 395636.215666327567305, 3783517.293997965287417 ], [ 395635.910478128178511, 3783516.988809766247869 ], [ 395634.384537131234538, 3783516.988809766247869 ], [ 395634.384537131234538, 3783512.105798575561494 ], [ 395635.910478128178511, 3783512.105798575561494 ], [ 395636.215666327567305, 3783512.410986775066704 ], [ 395636.215666327567305, 3783513.021363174077123 ], [ 395636.5208545269561, 3783513.326551373116672 ], [ 395636.5208545269561, 3783513.936927772127092 ], [ 395636.826042726344895, 3783514.242115971632302 ], [ 395636.826042726344895, 3783514.547304171137512 ], [ 395637.131230925733689, 3783514.85249237017706 ], [ 395637.436419125122484, 3783514.85249237017706 ], [ 395637.436419125122484, 3783515.46286876918748 ], [ 395637.741607324511278, 3783515.76805696869269 ], [ 395637.741607324511278, 3783516.683621566742659 ], [ 395637.131230925733689, 3783517.293997965287417 ], [ 395636.215666327567305, 3783517.293997965287417 ] ] ] } },
{ "type": "Feature", "properties": { "confidence": 0.40310847759246826, "class": 1, "regularized": null }, "geometry": { "type": "Polygon", "coordinates": [ [ [ 395769.582909460819792, 3783069.888097660150379 ], [ 395769.277721261430997, 3783069.582909460645169 ], [ 395768.667344862653408, 3783069.582909460645169 ], [ 395768.362156663264614, 3783069.27772126160562 ], [ 395767.751780264487024, 3783069.27772126160562 ], [ 395767.44659206509823, 3783068.97253306210041 ], [ 395767.141403865709435, 3783068.97253306210041 ], [ 395766.531027466931846, 3783068.362156663089991 ], [ 395766.531027466931846, 3783066.225839267484844 ], [ 395766.836215666320641, 3783065.920651067979634 ], [ 395767.141403865709435, 3783065.920651067979634 ], [ 395767.751780264487024, 3783065.310274669434875 ], [ 395768.056968463875819, 3783065.310274669434875 ], [ 395768.362156663264614, 3783065.005086469929665 ], [ 395768.667344862653408, 3783065.005086469929665 ], [ 395769.277721261430997, 3783064.394710071384907 ], [ 395769.582909460819792, 3783064.394710071384907 ], [ 395770.80366225837497, 3783063.173957273829728 ], [ 395771.108850457763765, 3783063.173957273829728 ], [ 395771.41403865715256, 3783062.868769074324518 ], [ 395775.076297049876302, 3783062.868769074324518 ], [ 395775.381485249265097, 3783063.173957273829728 ], [ 395775.686673448653892, 3783063.173957273829728 ], [ 395775.686673448653892, 3783063.784333672374487 ], [ 395775.991861648042686, 3783064.089521871879697 ], [ 395775.991861648042686, 3783066.836215666495264 ], [ 395775.686673448653892, 3783067.141403865534812 ], [ 395775.686673448653892, 3783067.446592065040022 ], [ 395775.381485249265097, 3783067.751780264545232 ], [ 395775.381485249265097, 3783068.362156663089991 ], [ 395774.7711088504293, 3783068.97253306210041 ], [ 395774.465920651040506, 3783068.97253306210041 ], [ 395774.160732451651711, 3783069.27772126160562 ], [ 395773.855544252262916, 3783069.27772126160562 ], [ 395773.550356052874122, 3783069.582909460645169 ], [ 395773.245167853485327, 3783069.582909460645169 ], [ 395772.939979654096533, 3783069.888097660150379 ], [ 395769.582909460819792, 3783069.888097660150379 ] ] ] } },
{ "type": "Feature", "properties": { "confidence": 0.40029293298721313, "class": 1, "regularized": null }, "geometry": { "type": "Polygon", "coordinates": [ [ [ 395648.728382502566092, 3783248.423194303177297 ], [ 395648.728382502566092, 3783248.118006103672087 ], [ 395648.118006103788503, 3783247.507629705127329 ], [ 395648.118006103788503, 3783247.202441505622119 ], [ 395647.812817904399708, 3783246.897253306116909 ], [ 395647.812817904399708, 3783245.98168870806694 ], [ 395648.118006103788503, 3783245.67650050856173 ], [ 395648.118006103788503, 3783245.37131230905652 ], [ 395649.033570701954886, 3783245.37131230905652 ], [ 395649.338758901343681, 3783245.066124110016972 ], [ 395649.643947100732476, 3783245.066124110016972 ], [ 395650.254323499510065, 3783244.455747711006552 ], [ 395650.864699898287654, 3783244.455747711006552 ], [ 395651.169888097676449, 3783244.150559511501342 ], [ 395651.475076297065243, 3783244.150559511501342 ], [ 395651.780264496454038, 3783243.845371312461793 ], [ 395653.611393692786805, 3783243.845371312461793 ], [ 395653.9165818921756, 3783244.150559511501342 ], [ 395655.747711088508368, 3783244.150559511501342 ], [ 395656.052899287897162, 3783244.455747711006552 ], [ 395656.052899287897162, 3783245.066124110016972 ], [ 395655.747711088508368, 3783245.37131230905652 ], [ 395655.747711088508368, 3783245.98168870806694 ], [ 395655.137334689730778, 3783246.592065106611699 ], [ 395654.526958290953189, 3783246.592065106611699 ], [ 395654.221770091564395, 3783246.897253306116909 ], [ 395653.9165818921756, 3783246.897253306116909 ], [ 395653.611393692786805, 3783247.202441505622119 ], [ 395653.306205493398011, 3783247.202441505622119 ], [ 395653.001017294009216, 3783247.507629705127329 ], [ 395652.085452695842832, 3783247.507629705127329 ], [ 395651.780264496454038, 3783247.812817904166877 ], [ 395651.169888097676449, 3783247.812817904166877 ], [ 395650.864699898287654, 3783248.118006103672087 ], [ 395650.864699898287654, 3783248.423194303177297 ], [ 395648.728382502566092, 3783248.423194303177297 ] ] ] } },
{ "type": "Feature", "properties": { "confidence": 0.39804235100746155, "class": 1, "regularized": null }, "geometry": { "type": "Polygon", "coordinates": [ [ [ 395753.102746693766676, 3783365.615462868940085 ], [ 395753.102746693766676, 3783365.310274669434875 ], [ 395752.797558494377881, 3783365.005086469929665 ], [ 395752.492370294989087, 3783365.005086469929665 ], [ 395752.492370294989087, 3783364.394710071384907 ], [ 395752.797558494377881, 3783364.089521871879697 ], [ 395756.459816887101624, 3783364.089521871879697 ], [ 395756.765005086490419, 3783363.784333672374487 ], [ 395761.342828077322338, 3783363.784333672374487 ], [ 395761.648016276711132, 3783364.089521871879697 ], [ 395761.648016276711132, 3783365.005086469929665 ], [ 395761.342828077322338, 3783365.310274669434875 ], [ 395761.342828077322338, 3783365.615462868940085 ], [ 395753.102746693766676, 3783365.615462868940085 ] ] ] } },
{ "type": "Feature", "properties": { "confidence": 0.38899892568588257, "class": 1, "regularized": null }, "geometry": { "type": "Polygon", "coordinates": [ [ [ 395853.509664292971138, 3783167.853509664069861 ], [ 395853.204476093582343, 3783167.548321465030313 ], [ 395852.899287894193549, 3783167.548321465030313 ], [ 395852.899287894193549, 3783163.580874872859567 ], [ 395853.204476093582343, 3783163.275686673354357 ], [ 395853.814852492359933, 3783163.275686673354357 ], [ 395854.120040691748727, 3783163.580874872859567 ], [ 395855.035605289915111, 3783163.580874872859567 ], [ 395855.340793489303906, 3783163.275686673354357 ], [ 395857.477110885025468, 3783163.275686673354357 ], [ 395857.782299084414262, 3783163.580874872859567 ], [ 395857.782299084414262, 3783164.191251271404326 ], [ 395858.087487283803057, 3783164.496439470909536 ], [ 395858.087487283803057, 3783164.801627670414746 ], [ 395857.782299084414262, 3783165.106815869919956 ], [ 395857.782299084414262, 3783165.717192268464714 ], [ 395858.087487283803057, 3783166.022380467969924 ], [ 395858.087487283803057, 3783167.548321465030313 ], [ 395856.256358087470289, 3783167.548321465030313 ], [ 395855.951169888081495, 3783167.853509664069861 ], [ 395853.509664292971138, 3783167.853509664069861 ] ] ] } },
{ "type": "Feature", "properties": { "confidence": 0.38264638185501099, "class": 1, "regularized": null }, "geometry": { "type": "Polygon", "coordinates": [ [ [ 395669.786368260451127, 3783434.587995931040496 ], [ 395669.481180061062332, 3783434.282807731535286 ], [ 395669.481180061062332, 3783433.672431332524866 ], [ 395669.175991861673538, 3783433.367243133485317 ], [ 395669.175991861673538, 3783431.230925737414509 ], [ 395669.481180061062332, 3783430.92573753837496 ], [ 395669.481180061062332, 3783428.789420142304152 ], [ 395669.786368260451127, 3783428.484231942798942 ], [ 395669.786368260451127, 3783428.179043743759394 ], [ 395670.091556459839921, 3783427.873855544254184 ], [ 395670.091556459839921, 3783427.263479145243764 ], [ 395670.396744659228716, 3783426.958290946204215 ], [ 395670.396744659228716, 3783426.653102746699005 ], [ 395671.007121058006305, 3783426.042726347688586 ], [ 395675.584944048838224, 3783426.042726347688586 ], [ 395675.890132248227019, 3783426.347914547193795 ], [ 395676.195320447615813, 3783426.347914547193795 ], [ 395676.500508647004608, 3783426.653102746699005 ], [ 395676.500508647004608, 3783426.958290946204215 ], [ 395676.805696846393403, 3783427.263479145243764 ], [ 395676.805696846393403, 3783430.010172939859331 ], [ 395676.500508647004608, 3783430.315361139364541 ], [ 395676.500508647004608, 3783430.62054933886975 ], [ 395676.195320447615813, 3783430.92573753837496 ], [ 395676.195320447615813, 3783431.536113936919719 ], [ 395674.974567650060635, 3783432.756866734474897 ], [ 395674.66937945067184, 3783432.756866734474897 ], [ 395673.143438453727867, 3783434.282807731535286 ], [ 395672.533062054950278, 3783434.282807731535286 ], [ 395672.227873855561484, 3783434.587995931040496 ], [ 395669.786368260451127, 3783434.587995931040496 ] ] ] } },
{ "type": "Feature", "properties": { "confidence": 0.37674573063850403, "class": 1, "regularized": null }, "geometry": { "type": "Polygon", "coordinates": [ [ [ 395634.994913530012127, 3783482.807731434237212 ], [ 395634.994913530012127, 3783481.281790437642485 ], [ 395636.5208545269561, 3783479.755849440582097 ], [ 395637.131230925733689, 3783479.755849440582097 ], [ 395637.436419125122484, 3783479.450661241076887 ], [ 395637.741607324511278, 3783479.450661241076887 ], [ 395638.046795523900073, 3783479.145473041571677 ], [ 395638.657171922677662, 3783479.145473041571677 ], [ 395638.962360122066457, 3783478.840284842532128 ], [ 395639.877924720232841, 3783478.840284842532128 ], [ 395640.183112919621635, 3783478.535096643026918 ], [ 395640.793489318399224, 3783478.535096643026918 ], [ 395641.098677517788019, 3783478.229908443521708 ], [ 395641.709053916565608, 3783478.229908443521708 ], [ 395642.014242115954403, 3783478.535096643026918 ], [ 395642.319430315343197, 3783478.535096643026918 ], [ 395642.624618514731992, 3783478.840284842532128 ], [ 395642.929806714120787, 3783478.840284842532128 ], [ 395643.84537131228717, 3783479.755849440582097 ], [ 395643.84537131228717, 3783481.281790437642485 ], [ 395643.540183112898376, 3783481.586978636682034 ], [ 395643.540183112898376, 3783481.892166836187243 ], [ 395643.234994913509581, 3783481.892166836187243 ], [ 395642.929806714120787, 3783482.197355035692453 ], [ 395642.929806714120787, 3783482.807731434237212 ], [ 395634.994913530012127, 3783482.807731434237212 ] ] ] } },
{ "type": "Feature", "properties": { "confidence": 0.37665265798568726, "class": 1, "regularized": null }, "geometry": { "type": "Polygon", "coordinates": [ [ [ 395767.44659206509823, 3783248.423194303177297 ], [ 395767.44659206509823, 3783248.118006103672087 ], [ 395767.141403865709435, 3783247.812817904166877 ], [ 395767.141403865709435, 3783247.507629705127329 ], [ 395766.836215666320641, 3783247.202441505622119 ], [ 395765.615462868765462, 3783247.202441505622119 ], [ 395765.005086469987873, 3783246.592065106611699 ], [ 395764.089521871821489, 3783246.592065106611699 ], [ 395764.089521871821489, 3783246.28687690757215 ], [ 395763.784333672432695, 3783245.98168870806694 ], [ 395763.784333672432695, 3783245.066124110016972 ], [ 395764.089521871821489, 3783244.760935910511762 ], [ 395764.089521871821489, 3783244.455747711006552 ], [ 395764.699898270599078, 3783244.455747711006552 ], [ 395765.005086469987873, 3783244.150559511501342 ], [ 395782.400813835207373, 3783244.150559511501342 ], [ 395782.706002034596168, 3783244.455747711006552 ], [ 395784.537131230928935, 3783244.455747711006552 ], [ 395784.84231943031773, 3783244.760935910511762 ], [ 395786.368260427261703, 3783244.760935910511762 ], [ 395786.673448626650497, 3783245.066124110016972 ], [ 395787.283825025428087, 3783245.066124110016972 ], [ 395787.589013224816881, 3783245.37131230905652 ], [ 395787.589013224816881, 3783247.507629705127329 ], [ 395786.978636826039292, 3783248.118006103672087 ], [ 395786.978636826039292, 3783248.423194303177297 ], [ 395767.44659206509823, 3783248.423194303177297 ] ] ] } },
{ "type": "Feature", "properties": { "confidence": 0.36697065830230713, "class": 1, "regularized": null }, "geometry": { "type": "Polygon", "coordinates": [ [ [ 395531.230925737530924, 3783339.674465920776129 ], [ 395530.92573753814213, 3783339.369277721270919 ], [ 395529.704984740586951, 3783339.369277721270919 ], [ 395529.704984740586951, 3783339.064089521765709 ], [ 395529.094608341809362, 3783338.45371312322095 ], [ 395528.789420142420568, 3783338.45371312322095 ], [ 395528.789420142420568, 3783337.843336724210531 ], [ 395528.179043743642978, 3783337.232960325665772 ], [ 395528.179043743642978, 3783336.927772126160562 ], [ 395527.873855544254184, 3783336.622583926655352 ], [ 395527.873855544254184, 3783336.317395727150142 ], [ 395527.263479145476595, 3783335.707019328605384 ], [ 395527.263479145476595, 3783335.096642929594964 ], [ 395526.9582909460878, 3783334.791454730555415 ], [ 395526.9582909460878, 3783333.875890132039785 ], [ 395526.653102746699005, 3783333.570701933000237 ], [ 395526.9582909460878, 3783333.265513733495027 ], [ 395526.9582909460878, 3783331.434384536929429 ], [ 395527.263479145476595, 3783331.12919633788988 ], [ 395527.263479145476595, 3783330.21363173937425 ], [ 395527.873855544254184, 3783330.21363173937425 ], [ 395528.179043743642978, 3783329.908443540334702 ], [ 395530.315361139364541, 3783329.908443540334702 ], [ 395530.620549338753335, 3783330.21363173937425 ], [ 395532.146490335697308, 3783330.21363173937425 ], [ 395532.451678535086103, 3783330.51881993887946 ], [ 395533.062054933863692, 3783330.51881993887946 ], [ 395533.672431332641281, 3783331.12919633788988 ], [ 395535.198372329585254, 3783331.12919633788988 ], [ 395535.198372329585254, 3783331.739572736434639 ], [ 395535.808748728362843, 3783332.349949135445058 ], [ 395535.808748728362843, 3783332.655137334484607 ], [ 395536.419125127140433, 3783333.265513733495027 ], [ 395536.419125127140433, 3783335.707019328605384 ], [ 395535.808748728362843, 3783336.317395727150142 ], [ 395535.808748728362843, 3783336.927772126160562 ], [ 395535.503560528974049, 3783337.232960325665772 ], [ 395535.503560528974049, 3783337.843336724210531 ], [ 395535.198372329585254, 3783338.14852492371574 ], [ 395534.587995930807665, 3783338.14852492371574 ], [ 395534.28280773141887, 3783338.45371312322095 ], [ 395533.977619532030076, 3783338.45371312322095 ], [ 395533.672431332641281, 3783338.758901322260499 ], [ 395533.672431332641281, 3783339.064089521765709 ], [ 395533.367243133252487, 3783339.369277721270919 ], [ 395531.536113936919719, 3783339.369277721270919 ], [ 395531.230925737530924, 3783339.674465920776129 ] ] ] } },
{ "type": "Feature", "properties": { "confidence": 0.36594194173812866, "class": 1, "regularized": null }, "geometry": { "type": "Polygon", "coordinates": [ [ [ 395634.384537131234538, 3783219.125127161853015 ], [ 395634.384537131234538, 3783213.936927772127092 ], [ 395634.994913530012127, 3783213.936927772127092 ], [ 395635.300101729400922, 3783213.631739572621882 ], [ 395635.910478128178511, 3783213.631739572621882 ], [ 395636.5208545269561, 3783214.242115971632302 ], [ 395636.826042726344895, 3783214.242115971632302 ], [ 395637.131230925733689, 3783214.547304171137512 ], [ 395638.046795523900073, 3783214.547304171137512 ], [ 395638.351983723288868, 3783214.242115971632302 ], [ 395638.657171922677662, 3783214.547304171137512 ], [ 395638.657171922677662, 3783216.988809766247869 ], [ 395638.351983723288868, 3783217.293997965287417 ], [ 395638.351983723288868, 3783217.599186164792627 ], [ 395638.046795523900073, 3783217.904374364297837 ], [ 395638.046795523900073, 3783218.209562563803047 ], [ 395637.741607324511278, 3783218.209562563803047 ], [ 395637.436419125122484, 3783218.514750762842596 ], [ 395637.131230925733689, 3783218.514750762842596 ], [ 395636.826042726344895, 3783218.819938962347806 ], [ 395635.910478128178511, 3783218.819938962347806 ], [ 395635.605289928789716, 3783219.125127161853015 ], [ 395634.384537131234538, 3783219.125127161853015 ] ] ] } },
{ "type": "Feature", "properties": { "confidence": 0.36317384243011475, "class": 1, "regularized": null }, "geometry": { "type": "Polygon", "coordinates": [ [ [ 395646.897253306233324, 3783213.326551373116672 ], [ 395646.59206510684453, 3783213.021363174077123 ], [ 395646.59206510684453, 3783212.716174974571913 ], [ 395646.286876907397527, 3783212.410986775066704 ], [ 395646.286876907397527, 3783212.105798575561494 ], [ 395645.981688708008733, 3783211.800610376521945 ], [ 395645.981688708008733, 3783211.495422177016735 ], [ 395645.676500508619938, 3783211.190233977511525 ], [ 395645.676500508619938, 3783210.579857578966767 ], [ 395645.371312309231143, 3783210.274669379461557 ], [ 395653.9165818921756, 3783210.274669379461557 ], [ 395653.611393692786805, 3783210.579857578966767 ], [ 395653.306205493398011, 3783210.579857578966767 ], [ 395652.085452695842832, 3783211.800610376521945 ], [ 395651.780264496454038, 3783211.800610376521945 ], [ 395651.475076297065243, 3783212.105798575561494 ], [ 395650.559511698898859, 3783212.105798575561494 ], [ 395650.254323499510065, 3783212.410986775066704 ], [ 395649.643947100732476, 3783212.410986775066704 ], [ 395649.338758901343681, 3783212.716174974571913 ], [ 395649.033570701954886, 3783212.716174974571913 ], [ 395648.728382502566092, 3783213.021363174077123 ], [ 395648.118006103788503, 3783213.021363174077123 ], [ 395647.812817904399708, 3783213.326551373116672 ], [ 395646.897253306233324, 3783213.326551373116672 ] ] ] } },
{ "type": "Feature", "properties": { "confidence": 0.36175188422203064, "class": 1, "regularized": null }, "geometry": { "type": "Polygon", "coordinates": [ [ [ 395548.016276703972835, 3783271.007121058180928 ], [ 395547.71108850458404, 3783270.701932858675718 ], [ 395547.405900305195246, 3783270.701932858675718 ], [ 395547.405900305195246, 3783270.396744659170508 ], [ 395547.71108850458404, 3783270.091556459665298 ], [ 395547.71108850458404, 3783268.87080366211012 ], [ 395548.016276703972835, 3783268.565615463070571 ], [ 395548.016276703972835, 3783267.344862665515393 ], [ 395548.32146490336163, 3783267.039674466010183 ], [ 395548.32146490336163, 3783266.734486266504973 ], [ 395548.626653102750424, 3783266.429298066999763 ], [ 395548.626653102750424, 3783265.818921668455005 ], [ 395548.931841302139219, 3783265.513733468949795 ], [ 395548.931841302139219, 3783265.208545269444585 ], [ 395549.237029501528013, 3783264.903357070405036 ], [ 395550.457782299083192, 3783264.903357070405036 ], [ 395551.068158697860781, 3783264.292980671394616 ], [ 395551.373346897249576, 3783264.292980671394616 ], [ 395551.67853509663837, 3783263.987792471889406 ], [ 395553.204476093582343, 3783263.987792471889406 ], [ 395553.509664292971138, 3783264.292980671394616 ], [ 395553.814852492359933, 3783264.292980671394616 ], [ 395553.814852492359933, 3783265.208545269444585 ], [ 395554.425228891137522, 3783265.818921668455005 ], [ 395554.425228891137522, 3783268.565615463070571 ], [ 395553.814852492359933, 3783269.17599186161533 ], [ 395553.814852492359933, 3783269.48118006112054 ], [ 395552.594099694804754, 3783270.701932858675718 ], [ 395552.28891149541596, 3783270.701932858675718 ], [ 395551.983723296027165, 3783271.007121058180928 ], [ 395548.016276703972835, 3783271.007121058180928 ] ] ] } },
{ "type": "Feature", "properties": { "confidence": 0.36038586497306824, "class": 1, "regularized": null }, "geometry": { "type": "Polygon", "coordinates": [ [ [ 395754.323499491380062, 3783309.460834180936217 ], [ 395754.018311291991267, 3783309.155645981896669 ], [ 395753.40793489315547, 3783309.155645981896669 ], [ 395752.797558494377881, 3783308.545269582886249 ], [ 395752.797558494377881, 3783306.103763987775892 ], [ 395753.102746693766676, 3783306.103763987775892 ], [ 395753.40793489315547, 3783305.798575788270682 ], [ 395753.40793489315547, 3783304.883011190220714 ], [ 395753.713123092602473, 3783304.577822990715504 ], [ 395758.596134282823186, 3783304.577822990715504 ], [ 395758.901322482211981, 3783304.883011190220714 ], [ 395758.901322482211981, 3783305.188199389725924 ], [ 395759.206510681600776, 3783305.493387589231133 ], [ 395759.206510681600776, 3783306.714140386786312 ], [ 395758.901322482211981, 3783307.019328585825861 ], [ 395758.901322482211981, 3783307.32451678533107 ], [ 395757.985757884045597, 3783308.240081383381039 ], [ 395757.985757884045597, 3783308.545269582886249 ], [ 395757.375381485268008, 3783309.155645981896669 ], [ 395757.375381485268008, 3783309.460834180936217 ], [ 395754.323499491380062, 3783309.460834180936217 ] ] ] } },
{ "type": "Feature", "properties": { "confidence": 0.35430857539176941, "class": 1, "regularized": null }, "geometry": { "type": "Polygon", "coordinates": [ [ [ 395793.082400813815184, 3783365.615462868940085 ], [ 395793.082400813815184, 3783365.310274669434875 ], [ 395792.777212614426389, 3783365.005086469929665 ], [ 395792.472024415037595, 3783365.005086469929665 ], [ 395792.1668362156488, 3783364.699898270424455 ], [ 395792.1668362156488, 3783362.563580874819309 ], [ 395792.777212614426389, 3783362.563580874819309 ], [ 395793.387589013203979, 3783361.95320447627455 ], [ 395793.997965411981568, 3783361.95320447627455 ], [ 395794.303153611370362, 3783361.64801627676934 ], [ 395794.608341810759157, 3783361.64801627676934 ], [ 395794.913530010147952, 3783361.34282807726413 ], [ 395797.965412004094105, 3783361.34282807726413 ], [ 395797.965412004094105, 3783361.64801627676934 ], [ 395798.2706002034829, 3783361.95320447627455 ], [ 395798.2706002034829, 3783363.173957273829728 ], [ 395797.965412004094105, 3783363.479145472869277 ], [ 395797.965412004094105, 3783363.784333672374487 ], [ 395797.660223804705311, 3783364.089521871879697 ], [ 395795.523906408925541, 3783364.089521871879697 ], [ 395795.218718209536746, 3783364.394710071384907 ], [ 395795.218718209536746, 3783365.615462868940085 ], [ 395793.082400813815184, 3783365.615462868940085 ] ] ] } },
{ "type": "Feature", "properties": { "confidence": 0.35118839144706726, "class": 1, "regularized": null }, "geometry": { "type": "Polygon", "coordinates": [ [ [ 395744.557477110880427, 3783211.800610376521945 ], [ 395744.252288911491632, 3783211.495422177016735 ], [ 395743.336724313325249, 3783211.495422177016735 ], [ 395743.336724313325249, 3783211.190233977511525 ], [ 395743.031536113936454, 3783210.885045778006315 ], [ 395742.726347914547659, 3783210.885045778006315 ], [ 395742.421159715158865, 3783210.579857578966767 ], [ 395742.421159715158865, 3783209.664292980451137 ], [ 395754.323499491380062, 3783209.664292980451137 ], [ 395754.323499491380062, 3783209.969481179956347 ], [ 395754.628687690768857, 3783210.274669379461557 ], [ 395754.018311291991267, 3783210.274669379461557 ], [ 395753.713123092602473, 3783210.579857578966767 ], [ 395753.713123092602473, 3783210.885045778006315 ], [ 395753.102746693766676, 3783211.495422177016735 ], [ 395749.745676500489935, 3783211.495422177016735 ], [ 395749.440488301101141, 3783211.800610376521945 ], [ 395744.557477110880427, 3783211.800610376521945 ] ] ] } },
{ "type": "Feature", "properties": { "confidence": 0.34256738424301147, "class": 1, "regularized": null }, "geometry": { "type": "Polygon", "coordinates": [ [ [ 395956.358087487285957, 3783551.169888097792864 ], [ 395956.052899287897162, 3783550.864699898287654 ], [ 395954.221770091564395, 3783550.864699898287654 ], [ 395953.9165818921756, 3783550.559511698782444 ], [ 395954.221770091564395, 3783550.254323499277234 ], [ 395954.221770091564395, 3783549.033570701722056 ], [ 395954.526958290953189, 3783548.728382502682507 ], [ 395954.526958290953189, 3783547.507629705127329 ], [ 395954.832146490341984, 3783547.202441505622119 ], [ 395954.832146490341984, 3783544.150559511501342 ], [ 395955.137334689730778, 3783543.845371312461793 ], [ 395959.715157680562697, 3783543.845371312461793 ], [ 395960.020345879951492, 3783544.150559511501342 ], [ 395960.325534079340287, 3783544.150559511501342 ], [ 395960.630722278729081, 3783544.455747711006552 ], [ 395960.935910478117876, 3783544.455747711006552 ], [ 395960.935910478117876, 3783545.37131230905652 ], [ 395961.24109867750667, 3783545.67650050856173 ], [ 395961.24109867750667, 3783546.28687690757215 ], [ 395960.935910478117876, 3783546.592065106611699 ], [ 395960.935910478117876, 3783548.423194303177297 ], [ 395960.325534079340287, 3783549.033570701722056 ], [ 395960.325534079340287, 3783549.949135300237685 ], [ 395960.020345879951492, 3783550.254323499277234 ], [ 395960.020345879951492, 3783550.559511698782444 ], [ 395959.409969481173903, 3783550.559511698782444 ], [ 395959.104781281785108, 3783550.864699898287654 ], [ 395958.494404883007519, 3783550.864699898287654 ], [ 395958.189216683618724, 3783551.169888097792864 ], [ 395956.358087487285957, 3783551.169888097792864 ] ] ] } },
{ "type": "Feature", "properties": { "confidence": 0.34185898303985596, "class": 1, "regularized": null }, "geometry": { "type": "Polygon", "coordinates": [ [ [ 395762.258392675488722, 3783361.95320447627455 ], [ 395761.953204476099927, 3783361.64801627676934 ], [ 395760.122075279767159, 3783361.64801627676934 ], [ 395759.816887080378365, 3783361.34282807726413 ], [ 395759.51169888098957, 3783361.34282807726413 ], [ 395759.206510681600776, 3783361.03763987775892 ], [ 395758.901322482211981, 3783361.03763987775892 ], [ 395758.901322482211981, 3783360.122075279708952 ], [ 395758.596134282823186, 3783359.816887080203742 ], [ 395758.596134282823186, 3783354.01831129193306 ], [ 395758.290946083434392, 3783353.71312309242785 ], [ 395758.290946083434392, 3783352.187182095833123 ], [ 395758.596134282823186, 3783351.881993896327913 ], [ 395758.596134282823186, 3783351.576805696822703 ], [ 395758.901322482211981, 3783351.271617497317493 ], [ 395759.816887080378365, 3783351.271617497317493 ], [ 395760.122075279767159, 3783350.966429298277944 ], [ 395760.427263479155954, 3783351.271617497317493 ], [ 395761.037639877933543, 3783351.271617497317493 ], [ 395761.342828077322338, 3783351.576805696822703 ], [ 395761.342828077322338, 3783352.492370294872671 ], [ 395761.648016276711132, 3783352.797558494377881 ], [ 395761.953204476099927, 3783352.797558494377881 ], [ 395762.258392675488722, 3783353.102746693883091 ], [ 395763.173957273655105, 3783353.102746693883091 ], [ 395764.089521871821489, 3783352.187182095833123 ], [ 395764.089521871821489, 3783351.881993896327913 ], [ 395764.699898270599078, 3783351.271617497317493 ], [ 395766.225839267543051, 3783351.271617497317493 ], [ 395766.225839267543051, 3783352.492370294872671 ], [ 395766.531027466931846, 3783352.797558494377881 ], [ 395766.531027466931846, 3783355.544252288993448 ], [ 395766.225839267543051, 3783355.849440488498658 ], [ 395766.225839267543051, 3783357.985757884103805 ], [ 395766.531027466931846, 3783358.290946083609015 ], [ 395766.225839267543051, 3783358.596134282648563 ], [ 395766.225839267543051, 3783361.34282807726413 ], [ 395765.920651068154257, 3783361.64801627676934 ], [ 395764.699898270599078, 3783361.64801627676934 ], [ 395764.394710071210284, 3783361.95320447627455 ], [ 395762.258392675488722, 3783361.95320447627455 ] ] ] } },
{ "type": "Feature", "properties": { "confidence": 0.32792028784751892, "class": 1, "regularized": null }, "geometry": { "type": "Polygon", "coordinates": [ [ [ 395573.652085452689789, 3783366.531027466990054 ], [ 395572.736520854523405, 3783365.615462868940085 ], [ 395572.736520854523405, 3783364.699898270424455 ], [ 395572.431332655134611, 3783364.394710071384907 ], [ 395572.431332655134611, 3783363.479145472869277 ], [ 395572.126144455745816, 3783363.173957273829728 ], [ 395572.126144455745816, 3783362.868769074324518 ], [ 395571.820956256357022, 3783362.563580874819309 ], [ 395571.820956256357022, 3783361.64801627676934 ], [ 395571.515768056968227, 3783361.34282807726413 ], [ 395571.515768056968227, 3783361.03763987775892 ], [ 395572.126144455745816, 3783360.427263479214162 ], [ 395573.0417090539122, 3783360.427263479214162 ], [ 395573.346897253300995, 3783360.122075279708952 ], [ 395575.788402848411351, 3783360.122075279708952 ], [ 395576.093591047800146, 3783359.816887080203742 ], [ 395577.00915564596653, 3783359.816887080203742 ], [ 395577.314343845355324, 3783360.122075279708952 ], [ 395577.619532044744119, 3783360.122075279708952 ], [ 395577.619532044744119, 3783360.427263479214162 ], [ 395578.840284842299297, 3783361.64801627676934 ], [ 395578.840284842299297, 3783361.95320447627455 ], [ 395579.145473041688092, 3783362.258392675314099 ], [ 395579.145473041688092, 3783364.699898270424455 ], [ 395578.840284842299297, 3783365.005086469929665 ], [ 395578.535096642910503, 3783365.005086469929665 ], [ 395578.229908443521708, 3783365.310274669434875 ], [ 395577.314343845355324, 3783365.310274669434875 ], [ 395577.00915564596653, 3783365.615462868940085 ], [ 395576.703967446577735, 3783365.615462868940085 ], [ 395576.398779247188941, 3783365.920651067979634 ], [ 395576.093591047800146, 3783365.920651067979634 ], [ 395575.788402848411351, 3783366.225839267484844 ], [ 395575.483214649022557, 3783366.225839267484844 ], [ 395575.178026449633762, 3783366.531027466990054 ], [ 395573.652085452689789, 3783366.531027466990054 ] ] ] } },
{ "type": "Feature", "properties": { "confidence": 0.3186611533164978, "class": 1, "regularized": null }, "geometry": { "type": "Polygon", "coordinates": [ [ [ 395658.494404883007519, 3783257.884028484113514 ], [ 395658.189216683618724, 3783257.578840285073966 ], [ 395658.189216683618724, 3783256.052899288013577 ], [ 395658.494404883007519, 3783256.052899288013577 ], [ 395658.799593082396314, 3783255.747711088508368 ], [ 395659.104781281785108, 3783255.747711088508368 ], [ 395659.409969481173903, 3783255.442522889003158 ], [ 395659.715157680562697, 3783255.442522889003158 ], [ 395660.020345879951492, 3783255.137334689497948 ], [ 395660.630722278729081, 3783255.137334689497948 ], [ 395660.935910478117876, 3783254.832146490458399 ], [ 395662.156663275673054, 3783254.832146490458399 ], [ 395662.461851475061849, 3783254.526958290953189 ], [ 395662.767039674450643, 3783254.526958290953189 ], [ 395663.072227873839438, 3783254.832146490458399 ], [ 395663.072227873839438, 3783256.358087487053126 ], [ 395662.767039674450643, 3783256.358087487053126 ], [ 395662.461851475061849, 3783256.663275686558336 ], [ 395661.85147507628426, 3783256.663275686558336 ], [ 395661.546286876895465, 3783256.968463886063546 ], [ 395661.24109867750667, 3783256.968463886063546 ], [ 395660.935910478117876, 3783257.273652085568756 ], [ 395660.630722278729081, 3783257.273652085568756 ], [ 395660.325534079340287, 3783257.578840285073966 ], [ 395659.715157680562697, 3783257.578840285073966 ], [ 395659.409969481173903, 3783257.884028484113514 ], [ 395658.494404883007519, 3783257.884028484113514 ] ] ] } },
{ "type": "Feature", "properties": { "confidence": 0.31395250558853149, "class": 1, "regularized": null }, "geometry": { "type": "Polygon", "coordinates": [ [ [ 395890.742624618520495, 3783378.128179043531418 ], [ 395890.4374364191317, 3783377.822990844491869 ], [ 395890.4374364191317, 3783375.991861647926271 ], [ 395889.827060020354111, 3783375.381485249381512 ], [ 395889.827060020354111, 3783373.245167853310704 ], [ 395890.132248219742905, 3783373.245167853310704 ], [ 395890.4374364191317, 3783372.939979654271156 ], [ 395892.573753814853262, 3783372.939979654271156 ], [ 395892.878942014242057, 3783372.634791454765946 ], [ 395892.878942014242057, 3783372.329603255260736 ], [ 395897.151576805685181, 3783372.329603255260736 ], [ 395897.151576805685181, 3783372.939979654271156 ], [ 395897.456765005073976, 3783373.245167853310704 ], [ 395897.456765005073976, 3783373.550356052815914 ], [ 395897.151576805685181, 3783373.855544252321124 ], [ 395897.151576805685181, 3783374.160732451826334 ], [ 395896.541200406907592, 3783374.771108850371093 ], [ 395896.541200406907592, 3783375.076297049876302 ], [ 395896.236012207518797, 3783375.381485249381512 ], [ 395896.236012207518797, 3783375.686673448421061 ], [ 395895.930824008130003, 3783375.686673448421061 ], [ 395895.320447609352414, 3783376.297049847431481 ], [ 395895.015259409963619, 3783376.297049847431481 ], [ 395894.710071210574824, 3783376.602238046936691 ], [ 395894.40488301118603, 3783376.602238046936691 ], [ 395893.184130213630851, 3783377.822990844491869 ], [ 395892.878942014242057, 3783377.822990844491869 ], [ 395892.573753814853262, 3783378.128179043531418 ], [ 395890.742624618520495, 3783378.128179043531418 ] ] ] } },
{ "type": "Feature", "properties": { "confidence": 0.30688035488128662, "class": 1, "regularized": null }, "geometry": { "type": "Polygon", "coordinates": [ [ [ 395971.617497456783894, 3783404.374364191200584 ], [ 395971.3123092573951, 3783404.069175991695374 ], [ 395971.3123092573951, 3783403.458799593150616 ], [ 395971.617497456783894, 3783403.153611393645406 ], [ 395971.617497456783894, 3783399.79654120048508 ], [ 395971.922685656172689, 3783399.491353000979871 ], [ 395972.533062054950278, 3783399.491353000979871 ], [ 395972.838250254339073, 3783399.186164801474661 ], [ 395973.143438453727867, 3783399.186164801474661 ], [ 395973.448626653116662, 3783398.880976602435112 ], [ 395973.753814852505457, 3783398.880976602435112 ], [ 395974.66937945067184, 3783397.965412003919482 ], [ 395975.27975584944943, 3783397.965412003919482 ], [ 395975.584944048838224, 3783397.660223804879934 ], [ 395978.026449643948581, 3783397.660223804879934 ], [ 395978.026449643948581, 3783398.575788402929902 ], [ 395977.721261444559786, 3783398.880976602435112 ], [ 395977.721261444559786, 3783399.491353000979871 ], [ 395977.416073245170992, 3783399.79654120048508 ], [ 395977.416073245170992, 3783400.712105798535049 ], [ 395976.805696846393403, 3783401.322482197545469 ], [ 395976.805696846393403, 3783401.627670396585017 ], [ 395976.500508647004608, 3783401.932858596090227 ], [ 395976.500508647004608, 3783402.543234995100647 ], [ 395976.195320447615813, 3783402.848423194140196 ], [ 395976.195320447615813, 3783403.763987792655826 ], [ 395975.584944048838224, 3783404.374364191200584 ], [ 395971.617497456783894, 3783404.374364191200584 ] ] ] } },
{ "type": "Feature", "properties": { "confidence": 0.30404502153396606, "class": 1, "regularized": null }, "geometry": { "type": "Polygon", "coordinates": [ [ [ 395944.45574771106476, 3783175.483214648906142 ], [ 395944.150559511675965, 3783175.178026449866593 ], [ 395944.150559511675965, 3783174.567650050856173 ], [ 395943.84537131228717, 3783174.262461851350963 ], [ 395943.84537131228717, 3783173.346897253300995 ], [ 395943.540183112898376, 3783173.041709053795785 ], [ 395943.540183112898376, 3783171.820956256240606 ], [ 395943.234994913509581, 3783171.515768057201058 ], [ 395943.234994913509581, 3783170.905391658190638 ], [ 395942.929806714120787, 3783170.600203458685428 ], [ 395942.929806714120787, 3783169.989827060140669 ], [ 395943.234994913509581, 3783169.684638860635459 ], [ 395943.234994913509581, 3783169.07426246162504 ], [ 395943.540183112898376, 3783168.769074262585491 ], [ 395943.84537131228717, 3783168.769074262585491 ], [ 395944.150559511675965, 3783168.463886063080281 ], [ 395944.45574771106476, 3783168.463886063080281 ], [ 395944.760935910453554, 3783168.158697863575071 ], [ 395944.760935910453554, 3783167.853509664069861 ], [ 395945.066124109842349, 3783167.548321465030313 ], [ 395945.066124109842349, 3783166.937945066019893 ], [ 395945.371312309231143, 3783166.632756866514683 ], [ 395945.371312309231143, 3783166.327568667475134 ], [ 395945.676500508619938, 3783166.022380467969924 ], [ 395945.676500508619938, 3783165.717192268464714 ], [ 395946.59206510684453, 3783164.801627670414746 ], [ 395946.897253306233324, 3783164.801627670414746 ], [ 395947.202441505622119, 3783164.496439470909536 ], [ 395948.728382502566092, 3783164.496439470909536 ], [ 395949.338758901343681, 3783165.106815869919956 ], [ 395949.338758901343681, 3783166.022380467969924 ], [ 395949.643947100732476, 3783166.327568667475134 ], [ 395949.643947100732476, 3783169.07426246162504 ], [ 395949.94913530012127, 3783169.37945066113025 ], [ 395949.94913530012127, 3783172.736520854756236 ], [ 395949.643947100732476, 3783173.041709053795785 ], [ 395949.643947100732476, 3783174.567650050856173 ], [ 395949.338758901343681, 3783174.872838250361383 ], [ 395949.033570701954886, 3783174.872838250361383 ], [ 395948.728382502566092, 3783175.178026449866593 ], [ 395947.507629705010913, 3783175.178026449866593 ], [ 395947.202441505622119, 3783175.483214648906142 ], [ 395944.45574771106476, 3783175.483214648906142 ] ] ] } },
{ "type": "Feature", "properties": { "confidence": 0.30099144577980042, "class": 1, "regularized": null }, "geometry": { "type": "Polygon", "coordinates": [ [ [ 395992.370295015280135, 3783448.626653102692217 ], [ 395992.06510681589134, 3783448.321464903187007 ], [ 395990.844354018336162, 3783448.321464903187007 ], [ 395990.233977619558573, 3783447.711088504642248 ], [ 395989.928789420169778, 3783447.711088504642248 ], [ 395989.623601220780984, 3783447.405900305137038 ], [ 395989.013224821945187, 3783447.405900305137038 ], [ 395988.402848423167598, 3783446.79552390659228 ], [ 395988.097660223778803, 3783446.79552390659228 ], [ 395987.792472024390008, 3783446.49033570708707 ], [ 395987.182095625612419, 3783446.49033570708707 ], [ 395986.876907426223624, 3783446.18514750758186 ], [ 395986.57171922683483, 3783446.18514750758186 ], [ 395985.961342828057241, 3783445.574771109037101 ], [ 395985.961342828057241, 3783445.269582909531891 ], [ 395985.656154628668446, 3783444.964394710026681 ], [ 395985.656154628668446, 3783444.659206510521472 ], [ 395985.961342828057241, 3783444.354018311481923 ], [ 395985.961342828057241, 3783444.048830111976713 ], [ 395995.116988809779286, 3783444.048830111976713 ], [ 395995.116988809779286, 3783444.354018311481923 ], [ 395994.811800610390492, 3783444.659206510521472 ], [ 395994.811800610390492, 3783445.87995930807665 ], [ 395994.506612411001697, 3783446.18514750758186 ], [ 395994.506612411001697, 3783447.100712105631828 ], [ 395994.201424211612903, 3783447.405900305137038 ], [ 395994.201424211612903, 3783448.016276704147458 ], [ 395993.896236012224108, 3783448.016276704147458 ], [ 395993.591047812835313, 3783448.321464903187007 ], [ 395993.285859613446519, 3783448.321464903187007 ], [ 395992.980671414057724, 3783448.626653102692217 ], [ 395992.370295015280135, 3783448.626653102692217 ] ] ] } },
{ "type": "Feature", "properties": { "confidence": 0.29492810368537903, "class": 1, "regularized": null }, "geometry": { "type": "Polygon", "coordinates": [ [ [ 395799.796541200426873, 3783299.69481180049479 ], [ 395799.186164801649284, 3783299.084435401950032 ], [ 395799.186164801649284, 3783298.779247202444822 ], [ 395799.491353001038078, 3783298.779247202444822 ], [ 395799.796541200426873, 3783298.474059002939612 ], [ 395799.796541200426873, 3783298.168870803434402 ], [ 395800.406917599204462, 3783297.558494404889643 ], [ 395800.406917599204462, 3783295.727365208324045 ], [ 395800.712105798593257, 3783295.422177009284496 ], [ 395800.712105798593257, 3783295.116988809779286 ], [ 395801.017293997982051, 3783294.811800610274076 ], [ 395801.017293997982051, 3783294.506612410768867 ], [ 395803.153611393703613, 3783294.506612410768867 ], [ 395803.153611393703613, 3783294.811800610274076 ], [ 395803.458799593092408, 3783295.116988809779286 ], [ 395803.763987792481203, 3783295.116988809779286 ], [ 395803.763987792481203, 3783295.727365208324045 ], [ 395804.069175991869997, 3783296.032553407829255 ], [ 395805.59511698881397, 3783296.032553407829255 ], [ 395806.205493387591559, 3783296.642929806839675 ], [ 395806.510681586980354, 3783296.642929806839675 ], [ 395806.510681586980354, 3783297.253306205384433 ], [ 395806.815869786369149, 3783297.558494404889643 ], [ 395806.815869786369149, 3783299.38962360098958 ], [ 395806.510681586980354, 3783299.38962360098958 ], [ 395806.205493387591559, 3783299.69481180049479 ], [ 395805.900305188202765, 3783299.38962360098958 ], [ 395801.017293997982051, 3783299.38962360098958 ], [ 395800.712105798593257, 3783299.69481180049479 ], [ 395799.796541200426873, 3783299.69481180049479 ] ] ] } },
{ "type": "Feature", "properties": { "confidence": 0.2940649688243866, "class": 1, "regularized": null }, "geometry": { "type": "Polygon", "coordinates": [ [ [ 395880.36622583924327, 3783308.545269582886249 ], [ 395880.061037639854476, 3783308.240081383381039 ], [ 395880.061037639854476, 3783302.136317395605147 ], [ 395881.892166836187243, 3783302.136317395605147 ], [ 395882.197355035634246, 3783301.831129196565598 ], [ 395883.418107833189424, 3783301.831129196565598 ], [ 395883.723296032578219, 3783302.136317395605147 ], [ 395883.723296032578219, 3783302.441505595110357 ], [ 395883.418107833189424, 3783302.746693794615567 ], [ 395883.418107833189424, 3783306.408952187281102 ], [ 395882.197355035634246, 3783307.62970498483628 ], [ 395882.197355035634246, 3783307.93489318434149 ], [ 395881.892166836187243, 3783308.240081383381039 ], [ 395881.586978636798449, 3783308.240081383381039 ], [ 395881.281790437409654, 3783308.545269582886249 ], [ 395880.36622583924327, 3783308.545269582886249 ] ] ] } },
{ "type": "Feature", "properties": { "confidence": 0.29064011573791504, "class": 1, "regularized": null }, "geometry": { "type": "Polygon", "coordinates": [ [ [ 395491.251271617482416, 3783469.684638860635459 ], [ 395490.946083418093622, 3783469.37945066113025 ], [ 395490.640895218704827, 3783469.37945066113025 ], [ 395490.335707019316033, 3783469.07426246162504 ], [ 395490.030518819927238, 3783469.07426246162504 ], [ 395489.420142421149649, 3783468.463886063080281 ], [ 395489.114954221760854, 3783468.463886063080281 ], [ 395489.114954221760854, 3783468.158697863575071 ], [ 395488.80976602237206, 3783467.853509664069861 ], [ 395488.80976602237206, 3783467.548321465030313 ], [ 395488.504577822983265, 3783467.243133265525103 ], [ 395488.504577822983265, 3783464.496439470909536 ], [ 395488.80976602237206, 3783464.496439470909536 ], [ 395489.114954221760854, 3783464.191251271404326 ], [ 395491.861648016260006, 3783464.191251271404326 ], [ 395492.1668362156488, 3783464.496439470909536 ], [ 395493.082400813815184, 3783464.496439470909536 ], [ 395493.082400813815184, 3783464.801627670414746 ], [ 395493.387589013203979, 3783465.106815869919956 ], [ 395493.692777212592773, 3783465.106815869919956 ], [ 395494.303153611370362, 3783465.717192268464714 ], [ 395494.608341810759157, 3783465.717192268464714 ], [ 395494.913530010147952, 3783466.022380467969924 ], [ 395494.913530010147952, 3783466.327568667475134 ], [ 395495.523906408925541, 3783466.937945066019893 ], [ 395495.523906408925541, 3783468.463886063080281 ], [ 395494.608341810759157, 3783469.37945066113025 ], [ 395494.303153611370362, 3783469.37945066113025 ], [ 395493.997965411981568, 3783469.684638860635459 ], [ 395491.251271617482416, 3783469.684638860635459 ] ] ] } },
{ "type": "Feature", "properties": { "confidence": 0.29046100378036499, "class": 1, "regularized": null }, "geometry": { "type": "Polygon", "coordinates": [ [ [ 395992.06510681589134, 3783110.172939979471266 ], [ 395991.759918616502546, 3783109.867751780431718 ], [ 395991.454730417113751, 3783109.867751780431718 ], [ 395990.844354018336162, 3783109.257375381421298 ], [ 395990.844354018336162, 3783108.646998982876539 ], [ 395990.539165818947367, 3783108.341810783371329 ], [ 395990.539165818947367, 3783104.679552390705794 ], [ 395990.844354018336162, 3783104.374364191200584 ], [ 395990.844354018336162, 3783101.932858596090227 ], [ 395991.149542217724957, 3783101.627670396585017 ], [ 395991.149542217724957, 3783095.829094608314335 ], [ 395990.844354018336162, 3783095.523906408809125 ], [ 395990.844354018336162, 3783093.387589013203979 ], [ 395991.149542217724957, 3783093.082400813698769 ], [ 395996.642929806723259, 3783093.082400813698769 ], [ 395996.642929806723259, 3783093.997965412214398 ], [ 395996.337741607334465, 3783094.303153611253947 ], [ 395996.337741607334465, 3783103.458799593150616 ], [ 395996.03255340794567, 3783103.763987792655826 ], [ 395996.03255340794567, 3783105.289928789250553 ], [ 395995.727365208556876, 3783105.595116988755763 ], [ 395995.727365208556876, 3783106.510681586805731 ], [ 395995.422177009168081, 3783106.815869786310941 ], [ 395995.422177009168081, 3783107.121057985816151 ], [ 395995.116988809779286, 3783107.426246185321361 ], [ 395995.116988809779286, 3783107.731434384360909 ], [ 395994.811800610390492, 3783108.036622583866119 ], [ 395994.811800610390492, 3783108.341810783371329 ], [ 395994.506612411001697, 3783108.646998982876539 ], [ 395994.506612411001697, 3783108.952187181916088 ], [ 395994.201424211612903, 3783109.257375381421298 ], [ 395994.201424211612903, 3783109.562563580926508 ], [ 395993.896236012224108, 3783109.562563580926508 ], [ 395993.591047812835313, 3783109.867751780431718 ], [ 395992.980671414057724, 3783109.867751780431718 ], [ 395992.67548321466893, 3783110.172939979471266 ], [ 395992.06510681589134, 3783110.172939979471266 ] ] ] } },
{ "type": "Feature", "properties": { "confidence": 0.28816655278205872, "class": 1, "regularized": null }, "geometry": { "type": "Polygon", "coordinates": [ [ [ 395647.202441505622119, 3783211.495422177016735 ], [ 395646.897253306233324, 3783211.190233977511525 ], [ 395645.981688708008733, 3783211.190233977511525 ], [ 395645.981688708008733, 3783210.885045778006315 ], [ 395645.676500508619938, 3783210.579857578966767 ], [ 395645.371312309231143, 3783210.579857578966767 ], [ 395645.371312309231143, 3783209.664292980451137 ], [ 395653.9165818921756, 3783209.664292980451137 ], [ 395653.9165818921756, 3783209.969481179956347 ], [ 395653.306205493398011, 3783210.579857578966767 ], [ 395653.001017294009216, 3783210.579857578966767 ], [ 395652.695829094620422, 3783210.885045778006315 ], [ 395652.390640895231627, 3783210.885045778006315 ], [ 395652.085452695842832, 3783211.190233977511525 ], [ 395651.475076297065243, 3783211.190233977511525 ], [ 395651.169888097676449, 3783211.495422177016735 ], [ 395647.202441505622119, 3783211.495422177016735 ] ] ] } },
{ "type": "Feature", "properties": { "confidence": 0.28784215450286865, "class": 1, "regularized": null }, "geometry": { "type": "Polygon", "coordinates": [ [ [ 395476.297049847431481, 3783523.702950152568519 ], [ 395476.297049847431481, 3783523.397761953063309 ], [ 395475.381485249265097, 3783522.482197355013341 ], [ 395475.381485249265097, 3783522.177009155508131 ], [ 395475.076297049876302, 3783521.871820956468582 ], [ 395475.076297049876302, 3783521.261444557458162 ], [ 395474.7711088504293, 3783520.956256357952952 ], [ 395474.7711088504293, 3783518.209562563803047 ], [ 395475.076297049876302, 3783517.904374364297837 ], [ 395475.076297049876302, 3783517.293997965287417 ], [ 395475.381485249265097, 3783516.988809766247869 ], [ 395475.381485249265097, 3783516.378433367237449 ], [ 395479.959308240097016, 3783516.378433367237449 ], [ 395480.264496439485811, 3783516.683621566742659 ], [ 395482.400813835207373, 3783516.683621566742659 ], [ 395482.706002034596168, 3783516.988809766247869 ], [ 395483.011190233984962, 3783516.988809766247869 ], [ 395484.231943031540141, 3783518.209562563803047 ], [ 395484.84231943031773, 3783518.209562563803047 ], [ 395484.84231943031773, 3783518.514750762842596 ], [ 395485.147507629706524, 3783518.819938962347806 ], [ 395485.452695829095319, 3783518.819938962347806 ], [ 395485.757884028484114, 3783519.125127161853015 ], [ 395485.757884028484114, 3783519.430315361358225 ], [ 395486.063072227872908, 3783519.735503560397774 ], [ 395486.063072227872908, 3783520.040691759902984 ], [ 395485.757884028484114, 3783520.040691759902984 ], [ 395485.147507629706524, 3783520.651068158913404 ], [ 395484.84231943031773, 3783520.651068158913404 ], [ 395484.537131230928935, 3783520.956256357952952 ], [ 395483.926754832151346, 3783520.956256357952952 ], [ 395483.621566632762551, 3783521.261444557458162 ], [ 395483.316378433373757, 3783521.261444557458162 ], [ 395483.011190233984962, 3783521.566632756963372 ], [ 395482.706002034596168, 3783521.566632756963372 ], [ 395482.400813835207373, 3783521.871820956468582 ], [ 395481.790437436429784, 3783521.871820956468582 ], [ 395481.485249237040989, 3783522.177009155508131 ], [ 395480.8748728382634, 3783522.177009155508131 ], [ 395480.569684638874605, 3783522.482197355013341 ], [ 395480.264496439485811, 3783522.482197355013341 ], [ 395479.959308240097016, 3783522.787385554518551 ], [ 395479.654120040708221, 3783522.787385554518551 ], [ 395479.348931841319427, 3783523.092573754023761 ], [ 395479.043743641930632, 3783523.092573754023761 ], [ 395478.738555442541838, 3783523.397761953063309 ], [ 395478.128179043764248, 3783523.397761953063309 ], [ 395477.822990844375454, 3783523.702950152568519 ], [ 395476.297049847431481, 3783523.702950152568519 ] ] ] } },
{ "type": "Feature", "properties": { "confidence": 0.27909916639328003, "class": 1, "regularized": null }, "geometry": { "type": "Polygon", "coordinates": [ [ [ 395665.818921668338589, 3783156.256358087528497 ], [ 395665.818921668338589, 3783155.951169888023287 ], [ 395664.598168870783411, 3783154.730417090468109 ], [ 395664.292980671394616, 3783154.730417090468109 ], [ 395663.682604272617027, 3783154.12004069192335 ], [ 395663.682604272617027, 3783153.50966429291293 ], [ 395663.987792472005822, 3783153.20447609340772 ], [ 395664.292980671394616, 3783153.20447609340772 ], [ 395666.429298067116179, 3783151.068158697802573 ], [ 395667.344862665282562, 3783151.068158697802573 ], [ 395667.650050864671357, 3783150.762970498297364 ], [ 395668.260427263507154, 3783150.762970498297364 ], [ 395668.870803662284743, 3783150.152594099752605 ], [ 395670.396744659228716, 3783150.152594099752605 ], [ 395670.396744659228716, 3783151.068158697802573 ], [ 395670.701932858617511, 3783151.373346897307783 ], [ 395670.701932858617511, 3783151.678535096812993 ], [ 395671.007121058006305, 3783151.983723295852542 ], [ 395671.007121058006305, 3783155.035605289973319 ], [ 395670.091556459839921, 3783155.951169888023287 ], [ 395670.091556459839921, 3783156.256358087528497 ], [ 395665.818921668338589, 3783156.256358087528497 ] ] ] } },
{ "type": "Feature", "properties": { "confidence": 0.27229511737823486, "class": 1, "regularized": null }, "geometry": { "type": "Polygon", "coordinates": [ [ [ 395569.989827060024254, 3783412.004069176036865 ], [ 395569.684638860635459, 3783411.698880976531655 ], [ 395569.07426246185787, 3783411.698880976531655 ], [ 395568.463886063080281, 3783411.088504577986896 ], [ 395568.463886063080281, 3783410.478128178976476 ], [ 395567.853509664302692, 3783409.867751780431718 ], [ 395567.548321464913897, 3783409.867751780431718 ], [ 395567.548321464913897, 3783408.036622583866119 ], [ 395567.243133265525103, 3783407.731434384360909 ], [ 395567.243133265525103, 3783405.289928789250553 ], [ 395567.548321464913897, 3783404.984740590211004 ], [ 395567.548321464913897, 3783404.679552390705794 ], [ 395569.379450661246665, 3783404.679552390705794 ], [ 395570.600203458801843, 3783403.458799593150616 ], [ 395570.600203458801843, 3783403.153611393645406 ], [ 395571.210579857579432, 3783402.543234995100647 ], [ 395571.210579857579432, 3783402.238046795595437 ], [ 395572.431332655134611, 3783401.017293998040259 ], [ 395573.652085452689789, 3783401.017293998040259 ], [ 395574.262461851467378, 3783401.627670396585017 ], [ 395574.262461851467378, 3783403.458799593150616 ], [ 395574.567650050856173, 3783403.763987792655826 ], [ 395574.567650050856173, 3783404.069175991695374 ], [ 395574.872838250244968, 3783404.374364191200584 ], [ 395574.872838250244968, 3783404.984740590211004 ], [ 395575.483214649022557, 3783405.595116988755763 ], [ 395575.483214649022557, 3783406.815869786310941 ], [ 395575.788402848411351, 3783407.121057985816151 ], [ 395575.788402848411351, 3783408.646998982876539 ], [ 395575.483214649022557, 3783408.952187181916088 ], [ 395575.483214649022557, 3783409.257375381421298 ], [ 395574.567650050856173, 3783410.172939979471266 ], [ 395574.262461851467378, 3783410.172939979471266 ], [ 395573.957273652078584, 3783410.478128178976476 ], [ 395572.736520854523405, 3783410.478128178976476 ], [ 395572.431332655134611, 3783410.783316378481686 ], [ 395571.820956256357022, 3783410.783316378481686 ], [ 395570.905391658190638, 3783411.698880976531655 ], [ 395570.600203458801843, 3783411.698880976531655 ], [ 395570.295015259413049, 3783412.004069176036865 ], [ 395569.989827060024254, 3783412.004069176036865 ] ] ] } },
{ "type": "Feature", "properties": { "confidence": 0.27031794190406799, "class": 1, "regularized": null }, "geometry": { "type": "Polygon", "coordinates": [ [ [ 395478.128179043764248, 3783412.004069176036865 ], [ 395477.212614445597865, 3783411.088504577986896 ], [ 395477.212614445597865, 3783410.783316378481686 ], [ 395476.90742624620907, 3783410.478128178976476 ], [ 395476.90742624620907, 3783409.562563580926508 ], [ 395476.297049847431481, 3783408.952187181916088 ], [ 395476.297049847431481, 3783408.341810783371329 ], [ 395475.991861648042686, 3783408.036622583866119 ], [ 395475.991861648042686, 3783407.731434384360909 ], [ 395475.686673448653892, 3783407.426246185321361 ], [ 395475.686673448653892, 3783406.205493387766182 ], [ 395475.991861648042686, 3783406.205493387766182 ], [ 395476.602238046820275, 3783406.815869786310941 ], [ 395477.517802644986659, 3783406.815869786310941 ], [ 395477.822990844375454, 3783407.121057985816151 ], [ 395479.348931841319427, 3783407.121057985816151 ], [ 395479.654120040708221, 3783406.815869786310941 ], [ 395480.264496439485811, 3783406.815869786310941 ], [ 395480.569684638874605, 3783407.121057985816151 ], [ 395480.8748728382634, 3783407.121057985816151 ], [ 395481.180061037652194, 3783407.426246185321361 ], [ 395481.180061037652194, 3783410.172939979471266 ], [ 395481.485249237040989, 3783410.478128178976476 ], [ 395481.485249237040989, 3783410.783316378481686 ], [ 395481.180061037652194, 3783411.088504577986896 ], [ 395480.569684638874605, 3783411.088504577986896 ], [ 395479.959308240097016, 3783411.698880976531655 ], [ 395479.654120040708221, 3783411.698880976531655 ], [ 395479.348931841319427, 3783412.004069176036865 ], [ 395478.128179043764248, 3783412.004069176036865 ] ] ] } },
{ "type": "Feature", "properties": { "confidence": 0.26629084348678589, "class": 1, "regularized": null }, "geometry": { "type": "Polygon", "coordinates": [ [ [ 395553.509664292971138, 3783352.797558494377881 ], [ 395553.204476093582343, 3783352.492370294872671 ], [ 395552.899287894193549, 3783352.492370294872671 ], [ 395552.28891149541596, 3783351.881993896327913 ], [ 395552.28891149541596, 3783351.576805696822703 ], [ 395551.67853509663837, 3783350.966429298277944 ], [ 395551.67853509663837, 3783348.830111902207136 ], [ 395551.983723296027165, 3783348.524923703167588 ], [ 395551.983723296027165, 3783348.219735503662378 ], [ 395552.28891149541596, 3783348.219735503662378 ], [ 395553.814852492359933, 3783346.693794506601989 ], [ 395554.120040691748727, 3783346.693794506601989 ], [ 395554.425228891137522, 3783346.388606307096779 ], [ 395554.730417090526316, 3783346.388606307096779 ], [ 395555.6459816886927, 3783345.473041709046811 ], [ 395555.951169888081495, 3783345.473041709046811 ], [ 395555.951169888081495, 3783350.966429298277944 ], [ 395554.730417090526316, 3783350.966429298277944 ], [ 395554.120040691748727, 3783351.576805696822703 ], [ 395554.120040691748727, 3783352.187182095833123 ], [ 395553.509664292971138, 3783352.797558494377881 ] ] ] } },
{ "type": "Feature", "properties": { "confidence": 0.26342302560806274, "class": 1, "regularized": null }, "geometry": { "type": "Polygon", "coordinates": [ [ [ 395594.099694811797235, 3783263.072227873839438 ], [ 395593.794506612408441, 3783262.767039674334228 ], [ 395593.489318413019646, 3783262.767039674334228 ], [ 395592.573753814853262, 3783261.85147507628426 ], [ 395592.573753814853262, 3783261.241098677739501 ], [ 395592.268565615464468, 3783260.935910478234291 ], [ 395592.268565615464468, 3783258.189216683618724 ], [ 395593.184130213630851, 3783257.273652085568756 ], [ 395593.794506612408441, 3783257.273652085568756 ], [ 395594.099694811797235, 3783256.968463886063546 ], [ 395594.40488301118603, 3783257.273652085568756 ], [ 395594.710071210574824, 3783257.273652085568756 ], [ 395595.930824008130003, 3783258.494404883123934 ], [ 395596.236012207518797, 3783258.494404883123934 ], [ 395596.236012207518797, 3783258.799593082629144 ], [ 395596.541200406907592, 3783259.104781281668693 ], [ 395596.541200406907592, 3783259.409969481173903 ], [ 395597.151576805685181, 3783260.020345880184323 ], [ 395597.151576805685181, 3783260.325534079223871 ], [ 395597.456765005073976, 3783260.630722278729081 ], [ 395597.456765005073976, 3783260.935910478234291 ], [ 395597.76195320446277, 3783261.241098677739501 ], [ 395597.76195320446277, 3783262.156663275789469 ], [ 395597.456765005073976, 3783262.461851475294679 ], [ 395597.151576805685181, 3783262.461851475294679 ], [ 395596.846388606296387, 3783262.767039674334228 ], [ 395595.930824008130003, 3783262.767039674334228 ], [ 395595.625635808741208, 3783263.072227873839438 ], [ 395594.099694811797235, 3783263.072227873839438 ] ] ] } },
{ "type": "Feature", "properties": { "confidence": 0.26048752665519714, "class": 1, "regularized": null }, "geometry": { "type": "Polygon", "coordinates": [ [ [ 395528.179043743642978, 3783448.321464903187007 ], [ 395527.568667344865389, 3783447.711088504642248 ], [ 395526.9582909460878, 3783447.711088504642248 ], [ 395526.347914547310211, 3783447.100712105631828 ], [ 395526.347914547310211, 3783446.79552390659228 ], [ 395526.042726347921416, 3783446.49033570708707 ], [ 395526.042726347921416, 3783444.048830111976713 ], [ 395536.113936927751638, 3783444.048830111976713 ], [ 395536.113936927751638, 3783444.354018311481923 ], [ 395535.808748728362843, 3783444.659206510521472 ], [ 395535.808748728362843, 3783445.574771109037101 ], [ 395535.503560528974049, 3783445.87995930807665 ], [ 395535.198372329585254, 3783445.87995930807665 ], [ 395534.89318413019646, 3783446.18514750758186 ], [ 395534.587995930807665, 3783446.18514750758186 ], [ 395534.28280773141887, 3783446.49033570708707 ], [ 395533.672431332641281, 3783446.49033570708707 ], [ 395533.367243133252487, 3783446.79552390659228 ], [ 395533.062054933863692, 3783446.79552390659228 ], [ 395532.451678535086103, 3783447.405900305137038 ], [ 395532.146490335697308, 3783447.405900305137038 ], [ 395531.841302136308514, 3783447.711088504642248 ], [ 395531.230925737530924, 3783447.711088504642248 ], [ 395530.92573753814213, 3783448.016276704147458 ], [ 395530.010172939975746, 3783448.016276704147458 ], [ 395529.704984740586951, 3783448.321464903187007 ], [ 395528.179043743642978, 3783448.321464903187007 ] ] ] } },
{ "type": "Feature", "properties": { "confidence": 0.25967100262641907, "class": 1, "regularized": null }, "geometry": { "type": "Polygon", "coordinates": [ [ [ 395803.458799593092408, 3783511.800610376521945 ], [ 395803.153611393703613, 3783511.495422177016735 ], [ 395801.932858596148435, 3783511.495422177016735 ], [ 395801.932858596148435, 3783511.190233977511525 ], [ 395801.62767039675964, 3783510.885045778006315 ], [ 395801.932858596148435, 3783510.579857578966767 ], [ 395801.932858596148435, 3783507.8331637843512 ], [ 395803.458799593092408, 3783506.307222787290812 ], [ 395807.731434384535532, 3783506.307222787290812 ], [ 395807.731434384535532, 3783509.053916581906378 ], [ 395805.900305188202765, 3783510.885045778006315 ], [ 395805.900305188202765, 3783511.190233977511525 ], [ 395805.59511698881397, 3783511.495422177016735 ], [ 395804.374364191258792, 3783511.495422177016735 ], [ 395804.069175991869997, 3783511.800610376521945 ], [ 395803.458799593092408, 3783511.800610376521945 ] ] ] } },
{ "type": "Feature", "properties": { "confidence": 0.25961443781852722, "class": 1, "regularized": null }, "geometry": { "type": "Polygon", "coordinates": [ [ [ 395814.140386571700219, 3783480.061037640087306 ], [ 395813.835198372311424, 3783479.755849440582097 ], [ 395813.53001017292263, 3783479.755849440582097 ], [ 395813.53001017292263, 3783479.450661241076887 ], [ 395812.919633774145041, 3783478.840284842532128 ], [ 395812.919633774145041, 3783478.229908443521708 ], [ 395812.614445574756246, 3783477.924720244016498 ], [ 395812.614445574756246, 3783477.31434384547174 ], [ 395812.309257375367451, 3783477.00915564596653 ], [ 395812.309257375367451, 3783476.70396744646132 ], [ 395812.614445574756246, 3783476.398779247421771 ], [ 395821.159715157700703, 3783476.398779247421771 ], [ 395821.159715157700703, 3783479.145473041571677 ], [ 395820.854526958311908, 3783479.450661241076887 ], [ 395820.854526958311908, 3783479.755849440582097 ], [ 395820.549338758923113, 3783479.755849440582097 ], [ 395820.244150559534319, 3783480.061037640087306 ], [ 395814.140386571700219, 3783480.061037640087306 ] ] ] } },
{ "type": "Feature", "properties": { "confidence": 0.25759494304656982, "class": 1, "regularized": null }, "geometry": { "type": "Polygon", "coordinates": [ [ [ 395616.378433367237449, 3783169.07426246162504 ], [ 395616.378433367237449, 3783168.158697863575071 ], [ 395616.073245167848654, 3783167.853509664069861 ], [ 395616.073245167848654, 3783167.548321465030313 ], [ 395615.462868769071065, 3783166.937945066019893 ], [ 395615.462868769071065, 3783166.632756866514683 ], [ 395615.15768056968227, 3783166.327568667475134 ], [ 395615.15768056968227, 3783166.022380467969924 ], [ 395614.852492370293476, 3783165.717192268464714 ], [ 395614.852492370293476, 3783163.580874872859567 ], [ 395614.547304170904681, 3783163.275686673354357 ], [ 395614.547304170904681, 3783162.665310274809599 ], [ 395613.936927772127092, 3783162.054933875799179 ], [ 395613.936927772127092, 3783160.528992878738791 ], [ 395614.547304170904681, 3783159.918616480194032 ], [ 395614.547304170904681, 3783159.613428280688822 ], [ 395614.852492370293476, 3783159.308240081183612 ], [ 395616.683621566626243, 3783159.308240081183612 ], [ 395616.988809766015038, 3783159.613428280688822 ], [ 395619.430315361125395, 3783159.613428280688822 ], [ 395619.735503560514189, 3783159.918616480194032 ], [ 395619.735503560514189, 3783160.834181078244001 ], [ 395620.040691759902984, 3783161.139369277749211 ], [ 395620.040691759902984, 3783166.022380467969924 ], [ 395619.735503560514189, 3783166.327568667475134 ], [ 395619.430315361125395, 3783166.022380467969924 ], [ 395618.819938962347806, 3783166.022380467969924 ], [ 395618.514750762959011, 3783166.327568667475134 ], [ 395618.514750762959011, 3783166.632756866514683 ], [ 395618.209562563570216, 3783166.632756866514683 ], [ 395617.904374364181422, 3783166.937945066019893 ], [ 395617.904374364181422, 3783167.243133265525103 ], [ 395617.599186164792627, 3783167.243133265525103 ], [ 395617.293997965403832, 3783167.548321465030313 ], [ 395617.293997965403832, 3783169.07426246162504 ], [ 395616.378433367237449, 3783169.07426246162504 ] ] ] } },
{ "type": "Feature", "properties": { "confidence": 0.25401568412780762, "class": 1, "regularized": null }, "geometry": { "type": "Polygon", "coordinates": [ [ [ 395935.605289928789716, 3783300.0 ], [ 395935.300101729400922, 3783299.69481180049479 ], [ 395934.994913530012127, 3783299.69481180049479 ], [ 395934.994913530012127, 3783297.558494404889643 ], [ 395935.300101729400922, 3783297.253306205384433 ], [ 395935.300101729400922, 3783296.948118005879223 ], [ 395935.605289928789716, 3783296.642929806839675 ], [ 395935.605289928789716, 3783296.337741607334465 ], [ 395936.215666327567305, 3783295.727365208324045 ], [ 395936.215666327567305, 3783295.422177009284496 ], [ 395936.5208545269561, 3783295.116988809779286 ], [ 395936.5208545269561, 3783294.811800610274076 ], [ 395936.826042726344895, 3783294.506612410768867 ], [ 395938.962360122066457, 3783294.506612410768867 ], [ 395938.962360122066457, 3783295.727365208324045 ], [ 395938.657171922677662, 3783296.032553407829255 ], [ 395938.657171922677662, 3783296.337741607334465 ], [ 395938.351983723288868, 3783296.642929806839675 ], [ 395938.351983723288868, 3783297.253306205384433 ], [ 395938.046795523900073, 3783297.558494404889643 ], [ 395938.046795523900073, 3783298.168870803434402 ], [ 395937.741607324511278, 3783298.474059002939612 ], [ 395937.741607324511278, 3783299.38962360098958 ], [ 395937.436419125122484, 3783299.69481180049479 ], [ 395937.131230925733689, 3783299.69481180049479 ], [ 395936.826042726344895, 3783300.0 ], [ 395935.605289928789716, 3783300.0 ] ] ] } },
{ "type": "Feature", "properties": { "confidence": 0.25366353988647461, "class": 1, "regularized": null }, "geometry": { "type": "Polygon", "coordinates": [ [ [ 395497.049847405927721, 3783449.847405900247395 ], [ 395497.049847405927721, 3783449.237029501702636 ], [ 395496.744659206538927, 3783448.931841302197427 ], [ 395496.744659206538927, 3783445.87995930807665 ], [ 395496.439471007150132, 3783445.574771109037101 ], [ 395496.439471007150132, 3783444.659206510521472 ], [ 395500.712105798593257, 3783444.659206510521472 ], [ 395500.712105798593257, 3783444.964394710026681 ], [ 395501.017293997982051, 3783445.269582909531891 ], [ 395501.017293997982051, 3783445.87995930807665 ], [ 395501.322482197370846, 3783446.18514750758186 ], [ 395501.322482197370846, 3783447.711088504642248 ], [ 395500.101729399815667, 3783448.931841302197427 ], [ 395499.796541200426873, 3783448.931841302197427 ], [ 395499.491353001038078, 3783449.237029501702636 ], [ 395499.186164801649284, 3783449.237029501702636 ], [ 395498.880976602260489, 3783449.542217700742185 ], [ 395498.575788402871694, 3783449.542217700742185 ], [ 395498.2706002034829, 3783449.847405900247395 ], [ 395497.049847405927721, 3783449.847405900247395 ] ] ] } },
{ "type": "Feature", "properties": { "confidence": 0.25005298852920532, "class": 1, "regularized": null }, "geometry": { "type": "Polygon", "coordinates": [ [ [ 395898.37232960324036, 3783189.521871821023524 ], [ 395898.067141403851565, 3783189.216683621518314 ], [ 395897.456765005073976, 3783189.216683621518314 ], [ 395897.151576805685181, 3783188.911495422013104 ], [ 395896.846388606296387, 3783188.911495422013104 ], [ 395896.236012207518797, 3783188.301119023468345 ], [ 395895.930824008130003, 3783188.301119023468345 ], [ 395895.625635808741208, 3783187.995930823963135 ], [ 395895.320447609352414, 3783187.995930823963135 ], [ 395895.320447609352414, 3783187.690742624457926 ], [ 395894.40488301118603, 3783186.775178026407957 ], [ 395894.40488301118603, 3783184.94404883030802 ], [ 395894.099694811797235, 3783184.63886063080281 ], [ 395894.099694811797235, 3783184.02848423179239 ], [ 395894.40488301118603, 3783183.723296032752842 ], [ 395894.40488301118603, 3783182.502543235197663 ], [ 395894.710071210574824, 3783182.197355035692453 ], [ 395894.710071210574824, 3783181.892166836187243 ], [ 395896.236012207518797, 3783181.892166836187243 ], [ 395896.236012207518797, 3783182.197355035692453 ], [ 395896.541200406907592, 3783182.502543235197663 ], [ 395898.982706002017949, 3783182.502543235197663 ], [ 395899.593082400795538, 3783183.112919633742422 ], [ 395899.898270600184333, 3783183.112919633742422 ], [ 395900.203458799573127, 3783183.418107833247632 ], [ 395900.203458799573127, 3783183.723296032752842 ], [ 395900.508646998961922, 3783184.02848423179239 ], [ 395900.813835198350716, 3783184.02848423179239 ], [ 395901.424211597128306, 3783184.63886063080281 ], [ 395901.7293997965171, 3783184.63886063080281 ], [ 395902.034587995905895, 3783184.94404883030802 ], [ 395902.034587995905895, 3783187.080366225913167 ], [ 395901.119023397739511, 3783187.995930823963135 ], [ 395900.813835198350716, 3783187.995930823963135 ], [ 395900.203458799573127, 3783188.606307222973555 ], [ 395900.203458799573127, 3783188.911495422013104 ], [ 395899.898270600184333, 3783189.216683621518314 ], [ 395899.593082400795538, 3783189.216683621518314 ], [ 395899.287894201406743, 3783189.521871821023524 ], [ 395898.37232960324036, 3783189.521871821023524 ] ] ] } },
{ "type": "Feature", "properties": { "confidence": 0.25003552436828613, "class": 1, "regularized": null }, "geometry": { "type": "Polygon", "coordinates": [ [ [ 395855.340793489303906, 3783486.469989826902747 ], [ 395855.035605289915111, 3783486.164801627863199 ], [ 395854.425228891137522, 3783486.164801627863199 ], [ 395854.425228891137522, 3783485.859613428357989 ], [ 395855.035605289915111, 3783485.249237029347569 ], [ 395855.035605289915111, 3783483.418107833247632 ], [ 395855.340793489303906, 3783483.112919633742422 ], [ 395855.340793489303906, 3783482.807731434237212 ], [ 395855.6459816886927, 3783482.502543235197663 ], [ 395855.6459816886927, 3783481.892166836187243 ], [ 395855.340793489303906, 3783481.586978636682034 ], [ 395855.340793489303906, 3783480.976602238137275 ], [ 395855.6459816886927, 3783480.671414038632065 ], [ 395855.6459816886927, 3783480.366225839126855 ], [ 395856.561546286859084, 3783480.366225839126855 ], [ 395856.866734486247879, 3783480.061037640087306 ], [ 395857.171922685636673, 3783480.366225839126855 ], [ 395857.782299084414262, 3783480.366225839126855 ], [ 395858.087487283803057, 3783480.061037640087306 ], [ 395858.392675483191852, 3783480.061037640087306 ], [ 395858.392675483191852, 3783480.366225839126855 ], [ 395858.697863682580646, 3783480.671414038632065 ], [ 395858.697863682580646, 3783486.164801627863199 ], [ 395858.392675483191852, 3783486.164801627863199 ], [ 395858.087487283803057, 3783486.469989826902747 ], [ 395855.340793489303906, 3783486.469989826902747 ] ] ] } }
]
}
