{
"type": "FeatureCollection",
"name": "cell_00169_pre",
"crs": { "type": "name", "properties": { "name": "urn:ogc:def:crs:EPSG::32611" } },
"features": [
{ "type": "Feature", "properties": { "confidence": 0.99979621171951294, "class": 1, "regularized": null }, "geometry": { "type": "Polygon", "coordinates": [ [ [ 355978.229908443521708, 3771058.901322482153773 ], [ 355977.924720244132914, 3771058.596134282648563 ], [ 355977.314343845355324, 3771058.596134282648563 ], [ 355977.314343845355324, 3771058.290946083609015 ], [ 355976.093591047800146, 3771057.070193286053836 ], [ 355976.093591047800146, 3771056.765005086548626 ], [ 355974.262461851467378, 3771054.933875889983028 ], [ 355974.262461851467378, 3771054.62868769094348 ], [ 355973.957273652078584, 3771054.32349949143827 ], [ 355973.957273652078584, 3771054.01831129193306 ], [ 355974.262461851467378, 3771053.71312309242785 ], [ 355974.262461851467378, 3771053.407934893388301 ], [ 355974.872838250244968, 3771052.797558494377881 ], [ 355974.872838250244968, 3771052.492370294872671 ], [ 355976.398779247188941, 3771050.966429298277944 ], [ 355976.703967446577735, 3771050.966429298277944 ], [ 355977.00915564596653, 3771050.661241098772734 ], [ 355977.314343845355324, 3771050.661241098772734 ], [ 355977.619532044744119, 3771050.356052899267524 ], [ 355978.229908443521708, 3771050.356052899267524 ], [ 355978.535096642910503, 3771050.050864699762315 ], [ 355978.840284842299297, 3771050.050864699762315 ], [ 355979.145473041688092, 3771049.745676500722766 ], [ 355979.755849440465681, 3771050.356052899267524 ], [ 355980.36622583924327, 3771050.356052899267524 ], [ 355980.36622583924327, 3771050.966429298277944 ], [ 355980.671414038632065, 3771051.271617497317493 ], [ 355980.97660223802086, 3771051.271617497317493 ], [ 355980.97660223802086, 3771051.576805696822703 ], [ 355981.586978636798449, 3771052.187182095833123 ], [ 355981.892166836187243, 3771052.187182095833123 ], [ 355981.892166836187243, 3771052.492370294872671 ], [ 355982.197355035634246, 3771052.797558494377881 ], [ 355982.807731434411835, 3771052.797558494377881 ], [ 355982.807731434411835, 3771053.102746693883091 ], [ 355983.723296032578219, 3771054.01831129193306 ], [ 355983.723296032578219, 3771054.32349949143827 ], [ 355983.418107833189424, 3771054.62868769094348 ], [ 355983.418107833189424, 3771055.239064089488238 ], [ 355981.281790437409654, 3771057.375381485093385 ], [ 355980.97660223802086, 3771057.375381485093385 ], [ 355980.061037639854476, 3771058.290946083609015 ], [ 355979.755849440465681, 3771058.290946083609015 ], [ 355979.145473041688092, 3771058.901322482153773 ], [ 355978.229908443521708, 3771058.901322482153773 ] ] ] } },
{ "type": "Feature", "properties": { "confidence": 0.99960368871688843, "class": 1, "regularized": null }, "geometry": { "type": "Polygon", "coordinates": [ [ [ 356164.394710071210284, 3771248.423194303177297 ], [ 356164.394710071210284, 3771248.118006103672087 ], [ 356164.089521871821489, 3771247.812817904166877 ], [ 356163.784333672432695, 3771247.812817904166877 ], [ 356163.173957273655105, 3771247.202441505622119 ], [ 356163.173957273655105, 3771246.897253306116909 ], [ 356162.868769074266311, 3771246.592065106611699 ], [ 356162.868769074266311, 3771243.234994913451374 ], [ 356163.173957273655105, 3771242.929806713946164 ], [ 356163.173957273655105, 3771242.624618514906615 ], [ 356163.4791454730439, 3771242.319430315401405 ], [ 356163.784333672432695, 3771242.319430315401405 ], [ 356164.089521871821489, 3771242.014242115896195 ], [ 356164.699898270599078, 3771242.014242115896195 ], [ 356165.005086469987873, 3771241.709053916390985 ], [ 356166.836215666320641, 3771241.709053916390985 ], [ 356168.667344862653408, 3771243.540183112956583 ], [ 356170.193285859597381, 3771243.540183112956583 ], [ 356170.498474058986176, 3771243.845371312461793 ], [ 356171.41403865715256, 3771243.845371312461793 ], [ 356172.939979654096533, 3771245.37131230905652 ], [ 356173.245167853485327, 3771245.37131230905652 ], [ 356173.245167853485327, 3771245.67650050856173 ], [ 356173.855544252262916, 3771246.28687690757215 ], [ 356173.855544252262916, 3771246.592065106611699 ], [ 356173.550356052874122, 3771246.897253306116909 ], [ 356173.550356052874122, 3771247.812817904166877 ], [ 356173.245167853485327, 3771248.118006103672087 ], [ 356173.245167853485327, 3771248.423194303177297 ], [ 356164.394710071210284, 3771248.423194303177297 ] ] ] } },
{ "type": "Feature", "properties": { "confidence": 0.99949467182159424, "class": 1, "regularized": null }, "geometry": { "type": "Polygon", "coordinates": [ [ [ 356070.701932858617511, 3771067.141403865534812 ], [ 356070.396744659228716, 3771066.836215666495264 ], [ 356070.091556459839921, 3771066.836215666495264 ], [ 356070.091556459839921, 3771066.531027466990054 ], [ 356069.481180061062332, 3771065.920651067979634 ], [ 356069.481180061062332, 3771065.615462868940085 ], [ 356069.175991861673538, 3771065.310274669434875 ], [ 356069.175991861673538, 3771065.005086469929665 ], [ 356068.565615462895948, 3771064.394710071384907 ], [ 356068.565615462895948, 3771064.089521871879697 ], [ 356068.260427263507154, 3771063.784333672374487 ], [ 356068.260427263507154, 3771063.479145472869277 ], [ 356067.955239064118359, 3771063.173957273829728 ], [ 356067.955239064118359, 3771062.868769074324518 ], [ 356067.650050864671357, 3771062.563580874819309 ], [ 356067.650050864671357, 3771062.258392675314099 ], [ 356067.344862665282562, 3771061.95320447627455 ], [ 356067.344862665282562, 3771061.34282807726413 ], [ 356067.650050864671357, 3771061.03763987775892 ], [ 356067.650050864671357, 3771060.732451678719372 ], [ 356068.260427263507154, 3771060.122075279708952 ], [ 356068.565615462895948, 3771060.122075279708952 ], [ 356069.175991861673538, 3771059.511698881164193 ], [ 356069.481180061062332, 3771059.511698881164193 ], [ 356069.786368260451127, 3771059.206510681658983 ], [ 356071.007121058006305, 3771059.206510681658983 ], [ 356071.007121058006305, 3771059.816887080203742 ], [ 356071.617497456783894, 3771060.427263479214162 ], [ 356071.617497456783894, 3771060.732451678719372 ], [ 356071.922685656172689, 3771061.03763987775892 ], [ 356072.533062054950278, 3771061.03763987775892 ], [ 356072.838250254339073, 3771061.34282807726413 ], [ 356073.143438453727867, 3771061.34282807726413 ], [ 356073.143438453727867, 3771065.920651067979634 ], [ 356072.533062054950278, 3771065.920651067979634 ], [ 356071.922685656172689, 3771066.531027466990054 ], [ 356071.617497456783894, 3771066.531027466990054 ], [ 356071.007121058006305, 3771067.141403865534812 ], [ 356070.701932858617511, 3771067.141403865534812 ] ] ] } },
{ "type": "Feature", "properties": { "confidence": 0.99936920404434204, "class": 1, "regularized": null }, "geometry": { "type": "Polygon", "coordinates": [ [ [ 356005.696846388629638, 3771124.821973550133407 ], [ 356005.391658189240843, 3771124.516785351093858 ], [ 356005.086469989852048, 3771124.516785351093858 ], [ 356004.781281790463254, 3771124.211597151588649 ], [ 356004.781281790463254, 3771123.601220752578229 ], [ 356004.476093591074459, 3771123.29603255353868 ], [ 356004.476093591074459, 3771122.68565615452826 ], [ 356004.170905391685665, 3771122.38046795502305 ], [ 356004.170905391685665, 3771122.075279755983502 ], [ 356003.560528992849868, 3771121.464903356973082 ], [ 356003.560528992849868, 3771121.159715157467872 ], [ 356002.950152594072279, 3771120.549338758923113 ], [ 356002.950152594072279, 3771120.244150559417903 ], [ 356002.644964394683484, 3771119.938962359912694 ], [ 356002.644964394683484, 3771119.328585961367935 ], [ 356002.339776195294689, 3771119.023397761862725 ], [ 356002.339776195294689, 3771118.413021363317966 ], [ 356002.644964394683484, 3771118.107833163812757 ], [ 356002.644964394683484, 3771117.802644964307547 ], [ 356004.170905391685665, 3771116.276703967247158 ], [ 356004.476093591074459, 3771116.276703967247158 ], [ 356005.391658189240843, 3771115.36113936919719 ], [ 356005.696846388629638, 3771115.36113936919719 ], [ 356006.002034588018432, 3771115.05595116969198 ], [ 356006.612410986796021, 3771115.05595116969198 ], [ 356006.917599186184816, 3771114.750762970652431 ], [ 356007.222787385573611, 3771114.750762970652431 ], [ 356007.8331637843512, 3771114.140386571642011 ], [ 356008.138351983739994, 3771114.140386571642011 ], [ 356008.443540183128789, 3771114.445574771147221 ], [ 356008.748728382517584, 3771114.445574771147221 ], [ 356009.359104781295173, 3771115.05595116969198 ], [ 356009.359104781295173, 3771115.6663275687024 ], [ 356009.969481180072762, 3771116.276703967247158 ], [ 356009.969481180072762, 3771116.581892166752368 ], [ 356010.579857578850351, 3771117.192268565762788 ], [ 356010.885045778239146, 3771117.192268565762788 ], [ 356010.885045778239146, 3771117.497456764802337 ], [ 356011.495422177016735, 3771118.107833163812757 ], [ 356011.495422177016735, 3771119.633774160873145 ], [ 356010.274669379461557, 3771120.854526958428323 ], [ 356010.274669379461557, 3771121.159715157467872 ], [ 356008.138351983739994, 3771123.29603255353868 ], [ 356007.8331637843512, 3771123.29603255353868 ], [ 356007.527975584962405, 3771123.601220752578229 ], [ 356007.527975584962405, 3771123.906408952083439 ], [ 356007.222787385573611, 3771123.906408952083439 ], [ 356006.612410986796021, 3771124.516785351093858 ], [ 356006.307222787407227, 3771124.516785351093858 ], [ 356006.002034588018432, 3771124.821973550133407 ], [ 356005.696846388629638, 3771124.821973550133407 ] ] ] } },
{ "type": "Feature", "properties": { "confidence": 0.99915015697479248, "class": 1, "regularized": null }, "geometry": { "type": "Polygon", "coordinates": [ [ [ 355960.528992878913414, 3771459.308240081183612 ], [ 355960.223804679524619, 3771459.003051882144064 ], [ 355959.918616480135825, 3771459.003051882144064 ], [ 355959.61342828074703, 3771458.697863682638854 ], [ 355959.308240081358235, 3771458.697863682638854 ], [ 355958.697863682580646, 3771458.087487283628434 ], [ 355958.697863682580646, 3771457.782299084588885 ], [ 355958.392675483191852, 3771457.477110885083675 ], [ 355958.392675483191852, 3771457.171922685578465 ], [ 355958.087487283803057, 3771456.866734486073256 ], [ 355958.087487283803057, 3771456.561546287033707 ], [ 355957.782299084414262, 3771456.256358087528497 ], [ 355957.782299084414262, 3771455.951169888023287 ], [ 355956.866734486247879, 3771455.035605289973319 ], [ 355956.866734486247879, 3771453.81485249241814 ], [ 355959.308240081358235, 3771451.373346897307783 ], [ 355959.61342828074703, 3771451.373346897307783 ], [ 355959.918616480135825, 3771451.068158697802573 ], [ 355959.918616480135825, 3771450.762970498297364 ], [ 355960.528992878913414, 3771450.762970498297364 ], [ 355961.139369277749211, 3771450.152594099752605 ], [ 355961.444557477138005, 3771450.152594099752605 ], [ 355961.7497456765268, 3771449.847405900247395 ], [ 355963.275686673470773, 3771449.847405900247395 ], [ 355963.580874872859567, 3771450.152594099752605 ], [ 355964.191251271637157, 3771450.152594099752605 ], [ 355964.801627670414746, 3771450.762970498297364 ], [ 355964.801627670414746, 3771451.068158697802573 ], [ 355965.10681586980354, 3771451.373346897307783 ], [ 355965.10681586980354, 3771455.035605289973319 ], [ 355964.801627670414746, 3771455.340793489478528 ], [ 355964.801627670414746, 3771455.645981688518077 ], [ 355962.360122075304389, 3771458.087487283628434 ], [ 355962.054933875915594, 3771458.087487283628434 ], [ 355961.7497456765268, 3771458.392675483133644 ], [ 355961.7497456765268, 3771458.697863682638854 ], [ 355961.444557477138005, 3771459.003051882144064 ], [ 355960.834181078360416, 3771459.003051882144064 ], [ 355960.528992878913414, 3771459.308240081183612 ] ] ] } },
{ "type": "Feature", "properties": { "confidence": 0.99823594093322754, "class": 1, "regularized": null }, "geometry": { "type": "Polygon", "coordinates": [ [ [ 356182.706002034596168, 3771180.061037640087306 ], [ 356182.400813835207373, 3771179.755849440582097 ], [ 356182.095625635818578, 3771179.755849440582097 ], [ 356182.095625635818578, 3771179.450661241076887 ], [ 356181.790437436429784, 3771179.145473041571677 ], [ 356181.790437436429784, 3771178.229908443521708 ], [ 356181.180061037652194, 3771177.61953204497695 ], [ 356181.180061037652194, 3771177.00915564596653 ], [ 356180.8748728382634, 3771176.70396744646132 ], [ 356180.8748728382634, 3771176.398779247421771 ], [ 356180.264496439485811, 3771175.788402848411351 ], [ 356180.264496439485811, 3771175.178026449866593 ], [ 356179.959308240097016, 3771174.872838250361383 ], [ 356179.959308240097016, 3771174.567650050856173 ], [ 356179.654120040708221, 3771174.262461851350963 ], [ 356179.654120040708221, 3771173.346897253300995 ], [ 356181.180061037652194, 3771171.820956256240606 ], [ 356181.485249237040989, 3771171.820956256240606 ], [ 356182.095625635818578, 3771171.210579857695848 ], [ 356182.400813835207373, 3771171.210579857695848 ], [ 356183.011190233984962, 3771170.600203458685428 ], [ 356183.316378433373757, 3771170.600203458685428 ], [ 356183.621566632762551, 3771170.295015259180218 ], [ 356185.147507629706524, 3771170.295015259180218 ], [ 356186.368260427261703, 3771171.515768057201058 ], [ 356186.673448626650497, 3771171.515768057201058 ], [ 356186.673448626650497, 3771171.820956256240606 ], [ 356187.283825025428087, 3771172.431332655251026 ], [ 356187.283825025428087, 3771172.736520854756236 ], [ 356187.894201424205676, 3771173.346897253300995 ], [ 356187.894201424205676, 3771173.652085452806205 ], [ 356188.19938962359447, 3771173.957273652311414 ], [ 356188.19938962359447, 3771176.398779247421771 ], [ 356187.894201424205676, 3771176.70396744646132 ], [ 356187.894201424205676, 3771177.00915564596653 ], [ 356186.368260427261703, 3771178.535096643026918 ], [ 356186.063072227872908, 3771178.535096643026918 ], [ 356184.84231943031773, 3771179.755849440582097 ], [ 356184.537131230928935, 3771179.755849440582097 ], [ 356184.231943031540141, 3771180.061037640087306 ], [ 356182.706002034596168, 3771180.061037640087306 ] ] ] } },
{ "type": "Feature", "properties": { "confidence": 0.99819213151931763, "class": 1, "regularized": null }, "geometry": { "type": "Polygon", "coordinates": [ [ [ 356268.769074262469076, 3771176.398779247421771 ], [ 356268.769074262469076, 3771166.937945066019893 ], [ 356269.379450661246665, 3771166.937945066019893 ], [ 356269.684638860635459, 3771166.632756866514683 ], [ 356271.820956256357022, 3771166.632756866514683 ], [ 356272.126144455745816, 3771166.327568667475134 ], [ 356273.652085452689789, 3771166.327568667475134 ], [ 356273.957273652078584, 3771166.022380467969924 ], [ 356275.483214649022557, 3771166.022380467969924 ], [ 356275.788402848411351, 3771166.327568667475134 ], [ 356275.788402848411351, 3771167.548321465030313 ], [ 356275.483214649022557, 3771167.853509664069861 ], [ 356275.483214649022557, 3771169.37945066113025 ], [ 356274.262461851467378, 3771170.600203458685428 ], [ 356274.262461851467378, 3771170.905391658190638 ], [ 356273.957273652078584, 3771171.210579857695848 ], [ 356273.957273652078584, 3771171.515768057201058 ], [ 356273.652085452689789, 3771171.820956256240606 ], [ 356273.652085452689789, 3771172.431332655251026 ], [ 356273.346897253300995, 3771172.736520854756236 ], [ 356273.346897253300995, 3771173.041709053795785 ], [ 356273.0417090539122, 3771173.346897253300995 ], [ 356273.0417090539122, 3771173.652085452806205 ], [ 356272.736520854523405, 3771173.957273652311414 ], [ 356272.736520854523405, 3771174.567650050856173 ], [ 356272.431332655134611, 3771174.872838250361383 ], [ 356272.431332655134611, 3771175.178026449866593 ], [ 356272.126144455745816, 3771175.483214648906142 ], [ 356272.126144455745816, 3771175.788402848411351 ], [ 356271.820956256357022, 3771176.093591047916561 ], [ 356271.515768056968227, 3771176.093591047916561 ], [ 356271.210579857579432, 3771176.398779247421771 ], [ 356268.769074262469076, 3771176.398779247421771 ] ] ] } },
{ "type": "Feature", "properties": { "confidence": 0.99757033586502075, "class": 1, "regularized": null }, "geometry": { "type": "Polygon", "coordinates": [ [ [ 356258.697863682580646, 3771469.989827060140669 ], [ 356258.392675483191852, 3771469.684638860635459 ], [ 356258.392675483191852, 3771469.07426246162504 ], [ 356258.087487283803057, 3771468.769074262585491 ], [ 356258.087487283803057, 3771468.463886063080281 ], [ 356257.782299084414262, 3771468.158697863575071 ], [ 356257.782299084414262, 3771467.853509664069861 ], [ 356257.477110885025468, 3771467.548321465030313 ], [ 356257.477110885025468, 3771466.937945066019893 ], [ 356256.866734486247879, 3771466.327568667475134 ], [ 356256.866734486247879, 3771466.022380467969924 ], [ 356256.561546286859084, 3771465.717192268464714 ], [ 356256.561546286859084, 3771465.412004068959504 ], [ 356256.256358087470289, 3771465.106815869919956 ], [ 356256.256358087470289, 3771464.191251271404326 ], [ 356255.951169888081495, 3771463.886063072364777 ], [ 356256.561546286859084, 3771463.275686673354357 ], [ 356256.866734486247879, 3771463.275686673354357 ], [ 356257.171922685636673, 3771462.970498473849148 ], [ 356257.477110885025468, 3771462.970498473849148 ], [ 356257.782299084414262, 3771462.665310274809599 ], [ 356258.392675483191852, 3771462.665310274809599 ], [ 356259.003051881969441, 3771462.054933875799179 ], [ 356259.918616480135825, 3771462.054933875799179 ], [ 356260.528992878913414, 3771462.665310274809599 ], [ 356260.528992878913414, 3771463.275686673354357 ], [ 356261.7497456765268, 3771464.496439470909536 ], [ 356262.054933875915594, 3771464.496439470909536 ], [ 356262.665310274693184, 3771465.106815869919956 ], [ 356263.275686673470773, 3771465.106815869919956 ], [ 356263.580874872859567, 3771465.412004068959504 ], [ 356265.412004069192335, 3771465.412004068959504 ], [ 356265.71719226858113, 3771465.717192268464714 ], [ 356266.022380467969924, 3771465.717192268464714 ], [ 356266.022380467969924, 3771466.022380467969924 ], [ 356266.327568667358719, 3771466.327568667475134 ], [ 356266.327568667358719, 3771468.463886063080281 ], [ 356266.022380467969924, 3771468.463886063080281 ], [ 356265.71719226858113, 3771468.769074262585491 ], [ 356265.412004069192335, 3771468.769074262585491 ], [ 356265.10681586980354, 3771469.07426246162504 ], [ 356262.054933875915594, 3771469.07426246162504 ], [ 356261.7497456765268, 3771469.37945066113025 ], [ 356261.139369277749211, 3771469.37945066113025 ], [ 356260.834181078360416, 3771469.684638860635459 ], [ 356260.223804679524619, 3771469.684638860635459 ], [ 356259.918616480135825, 3771469.989827060140669 ], [ 356258.697863682580646, 3771469.989827060140669 ] ] ] } },
{ "type": "Feature", "properties": { "confidence": 0.99754875898361206, "class": 1, "regularized": null }, "geometry": { "type": "Polygon", "coordinates": [ [ [ 356068.565615462895948, 3771278.331637843511999 ], [ 356068.565615462895948, 3771278.026449644006789 ], [ 356068.260427263507154, 3771277.721261444501579 ], [ 356068.260427263507154, 3771277.416073244996369 ], [ 356067.955239064118359, 3771277.11088504595682 ], [ 356067.955239064118359, 3771276.5005086469464 ], [ 356067.650050864671357, 3771276.19532044744119 ], [ 356067.650050864671357, 3771275.890132248401642 ], [ 356067.344862665282562, 3771275.584944048896432 ], [ 356067.344862665282562, 3771275.279755849391222 ], [ 356065.513733468949795, 3771273.448626653291285 ], [ 356065.513733468949795, 3771273.143438453786075 ], [ 356065.208545269561, 3771272.838250254280865 ], [ 356065.208545269561, 3771271.922685656230897 ], [ 356064.903357070172206, 3771271.617497456725687 ], [ 356065.208545269561, 3771271.617497456725687 ], [ 356065.513733468949795, 3771271.312309257220477 ], [ 356065.513733468949795, 3771271.007121058180928 ], [ 356065.818921668338589, 3771271.007121058180928 ], [ 356066.124109867727384, 3771270.701932858675718 ], [ 356066.429298067116179, 3771270.701932858675718 ], [ 356066.734486266504973, 3771270.396744659170508 ], [ 356067.039674465893768, 3771270.396744659170508 ], [ 356067.344862665282562, 3771270.091556459665298 ], [ 356067.650050864671357, 3771270.091556459665298 ], [ 356067.955239064118359, 3771269.78636826062575 ], [ 356068.260427263507154, 3771269.78636826062575 ], [ 356068.565615462895948, 3771269.48118006112054 ], [ 356070.396744659228716, 3771269.48118006112054 ], [ 356070.701932858617511, 3771269.78636826062575 ], [ 356071.007121058006305, 3771269.78636826062575 ], [ 356071.3123092573951, 3771270.091556459665298 ], [ 356072.227873855561484, 3771270.091556459665298 ], [ 356072.533062054950278, 3771270.396744659170508 ], [ 356073.143438453727867, 3771270.396744659170508 ], [ 356073.143438453727867, 3771276.80569684645161 ], [ 356072.227873855561484, 3771276.80569684645161 ], [ 356071.617497456783894, 3771277.416073244996369 ], [ 356071.3123092573951, 3771277.416073244996369 ], [ 356070.701932858617511, 3771278.026449644006789 ], [ 356070.396744659228716, 3771278.026449644006789 ], [ 356070.091556459839921, 3771278.331637843511999 ], [ 356068.565615462895948, 3771278.331637843511999 ] ] ] } },
{ "type": "Feature", "properties": { "confidence": 0.99738472700119019, "class": 1, "regularized": null }, "geometry": { "type": "Polygon", "coordinates": [ [ [ 356116.785350966441911, 3771355.239064089488238 ], [ 356116.480162767053116, 3771354.933875889983028 ], [ 356116.480162767053116, 3771354.32349949143827 ], [ 356116.174974567664322, 3771354.01831129193306 ], [ 356116.174974567664322, 3771352.492370294872671 ], [ 356115.869786368275527, 3771352.187182095833123 ], [ 356115.869786368275527, 3771351.881993896327913 ], [ 356115.564598168886732, 3771351.576805696822703 ], [ 356115.564598168886732, 3771350.661241098772734 ], [ 356115.259409969497938, 3771350.356052899267524 ], [ 356115.259409969497938, 3771350.050864699762315 ], [ 356114.954221770109143, 3771349.745676500722766 ], [ 356114.954221770109143, 3771349.135300101712346 ], [ 356114.649033570720349, 3771348.830111902207136 ], [ 356114.649033570720349, 3771347.304170905612409 ], [ 356115.564598168886732, 3771346.388606307096779 ], [ 356115.869786368275527, 3771346.388606307096779 ], [ 356116.174974567664322, 3771346.083418108057231 ], [ 356117.3957273652195, 3771346.083418108057231 ], [ 356117.700915564608295, 3771346.388606307096779 ], [ 356117.700915564608295, 3771346.693794506601989 ], [ 356118.006103763997089, 3771346.998982706107199 ], [ 356118.006103763997089, 3771347.609359104651958 ], [ 356118.311291963385884, 3771347.914547304157168 ], [ 356118.311291963385884, 3771348.524923703167588 ], [ 356118.616480162774678, 3771348.830111902207136 ], [ 356118.616480162774678, 3771349.135300101712346 ], [ 356119.226856561552268, 3771349.745676500722766 ], [ 356119.226856561552268, 3771350.661241098772734 ], [ 356119.532044760941062, 3771350.966429298277944 ], [ 356119.532044760941062, 3771352.187182095833123 ], [ 356119.837232960329857, 3771352.492370294872671 ], [ 356119.837232960329857, 3771354.32349949143827 ], [ 356119.532044760941062, 3771354.62868769094348 ], [ 356118.921668362163473, 3771354.62868769094348 ], [ 356118.616480162774678, 3771354.933875889983028 ], [ 356118.006103763997089, 3771354.933875889983028 ], [ 356117.700915564608295, 3771355.239064089488238 ], [ 356116.785350966441911, 3771355.239064089488238 ] ] ] } },
{ "type": "Feature", "properties": { "confidence": 0.99701023101806641, "class": 1, "regularized": null }, "geometry": { "type": "Polygon", "coordinates": [ [ [ 356042.624618514731992, 3771338.758901322260499 ], [ 356042.319430315343197, 3771338.45371312322095 ], [ 356042.319430315343197, 3771337.538148524705321 ], [ 356042.014242115954403, 3771337.232960325665772 ], [ 356042.014242115954403, 3771335.707019328605384 ], [ 356041.403865717176814, 3771335.096642929594964 ], [ 356041.403865717176814, 3771334.486266531050205 ], [ 356041.098677517788019, 3771334.181078331544995 ], [ 356041.098677517788019, 3771333.875890132039785 ], [ 356040.793489318399224, 3771333.570701933000237 ], [ 356040.793489318399224, 3771333.265513733495027 ], [ 356040.48830111901043, 3771332.960325533989817 ], [ 356040.48830111901043, 3771332.349949135445058 ], [ 356040.183112919621635, 3771332.044760935939848 ], [ 356040.183112919621635, 3771331.739572736434639 ], [ 356040.48830111901043, 3771331.434384536929429 ], [ 356040.48830111901043, 3771330.82400813838467 ], [ 356040.793489318399224, 3771330.51881993887946 ], [ 356040.793489318399224, 3771328.077314343769103 ], [ 356040.183112919621635, 3771327.466937945224345 ], [ 356040.48830111901043, 3771327.466937945224345 ], [ 356040.793489318399224, 3771327.161749745719135 ], [ 356040.793489318399224, 3771326.856561546213925 ], [ 356048.728382502566092, 3771326.856561546213925 ], [ 356048.728382502566092, 3771327.161749745719135 ], [ 356049.033570701954886, 3771327.466937945224345 ], [ 356049.033570701954886, 3771328.382502543274313 ], [ 356049.338758901343681, 3771328.687690742779523 ], [ 356049.338758901343681, 3771329.908443540334702 ], [ 356049.643947100732476, 3771330.21363173937425 ], [ 356049.643947100732476, 3771333.570701933000237 ], [ 356049.94913530012127, 3771333.875890132039785 ], [ 356049.94913530012127, 3771334.486266531050205 ], [ 356047.507629705010913, 3771336.927772126160562 ], [ 356047.202441505622119, 3771336.927772126160562 ], [ 356046.286876907397527, 3771337.843336724210531 ], [ 356045.981688708008733, 3771337.843336724210531 ], [ 356045.676500508619938, 3771338.14852492371574 ], [ 356045.371312309231143, 3771338.14852492371574 ], [ 356045.066124109842349, 3771338.45371312322095 ], [ 356044.45574771106476, 3771338.45371312322095 ], [ 356044.150559511675965, 3771338.758901322260499 ], [ 356042.624618514731992, 3771338.758901322260499 ] ] ] } },
{ "type": "Feature", "properties": { "confidence": 0.9969179630279541, "class": 1, "regularized": null }, "geometry": { "type": "Polygon", "coordinates": [ [ [ 355830.518819938937668, 3771256.968463886063546 ], [ 355830.213631739548873, 3771256.663275686558336 ], [ 355829.603255340771284, 3771256.663275686558336 ], [ 355828.6876907426049, 3771255.747711088508368 ], [ 355828.6876907426049, 3771255.442522889003158 ], [ 355828.077314343827311, 3771254.832146490458399 ], [ 355828.077314343827311, 3771254.526958290953189 ], [ 355827.772126144438516, 3771254.221770091447979 ], [ 355827.772126144438516, 3771253.916581891942769 ], [ 355827.466937945049722, 3771253.611393692903221 ], [ 355827.466937945049722, 3771253.001017293892801 ], [ 355827.772126144438516, 3771252.695829094387591 ], [ 355827.772126144438516, 3771252.390640895348042 ], [ 355828.992878941993695, 3771252.390640895348042 ], [ 355829.298067141382489, 3771252.085452695842832 ], [ 355829.603255340771284, 3771252.085452695842832 ], [ 355829.908443540160079, 3771251.780264496337622 ], [ 355830.213631739548873, 3771251.780264496337622 ], [ 355831.129196337715257, 3771250.864699898287654 ], [ 355831.129196337715257, 3771250.254323499277234 ], [ 355831.434384537104052, 3771249.949135300237685 ], [ 355832.044760935881641, 3771249.949135300237685 ], [ 355832.960325534106232, 3771250.864699898287654 ], [ 355833.265513733495027, 3771250.864699898287654 ], [ 355833.570701932883821, 3771251.169888097792864 ], [ 355834.791454730439, 3771251.169888097792864 ], [ 355835.401831129216589, 3771251.780264496337622 ], [ 355835.401831129216589, 3771252.695829094387591 ], [ 355835.096642929827794, 3771253.001017293892801 ], [ 355835.096642929827794, 3771253.611393692903221 ], [ 355834.791454730439, 3771253.916581891942769 ], [ 355834.791454730439, 3771254.221770091447979 ], [ 355834.486266531050205, 3771254.526958290953189 ], [ 355834.486266531050205, 3771254.832146490458399 ], [ 355833.570701932883821, 3771255.747711088508368 ], [ 355833.265513733495027, 3771255.747711088508368 ], [ 355832.044760935881641, 3771256.968463886063546 ], [ 355830.518819938937668, 3771256.968463886063546 ] ] ] } },
{ "type": "Feature", "properties": { "confidence": 0.99691295623779297, "class": 1, "regularized": null }, "geometry": { "type": "Polygon", "coordinates": [ [ [ 356066.429298067116179, 3771332.655137334484607 ], [ 356066.124109867727384, 3771332.349949135445058 ], [ 356066.124109867727384, 3771332.044760935939848 ], [ 356065.818921668338589, 3771331.739572736434639 ], [ 356065.818921668338589, 3771331.434384536929429 ], [ 356065.513733468949795, 3771331.12919633788988 ], [ 356065.513733468949795, 3771329.603255340829492 ], [ 356065.208545269561, 3771329.298067141324282 ], [ 356065.208545269561, 3771328.992878941819072 ], [ 356064.903357070172206, 3771328.687690742779523 ], [ 356064.903357070172206, 3771326.856561546213925 ], [ 356071.922685656172689, 3771326.856561546213925 ], [ 356071.922685656172689, 3771328.077314343769103 ], [ 356072.227873855561484, 3771328.382502543274313 ], [ 356072.227873855561484, 3771330.21363173937425 ], [ 356071.617497456783894, 3771330.82400813838467 ], [ 356071.3123092573951, 3771330.82400813838467 ], [ 356071.007121058006305, 3771331.12919633788988 ], [ 356070.701932858617511, 3771331.12919633788988 ], [ 356070.396744659228716, 3771331.434384536929429 ], [ 356070.091556459839921, 3771331.434384536929429 ], [ 356069.786368260451127, 3771331.739572736434639 ], [ 356069.175991861673538, 3771331.739572736434639 ], [ 356068.870803662284743, 3771332.044760935939848 ], [ 356068.260427263507154, 3771332.044760935939848 ], [ 356067.955239064118359, 3771332.349949135445058 ], [ 356067.650050864671357, 3771332.349949135445058 ], [ 356067.344862665282562, 3771332.655137334484607 ], [ 356066.429298067116179, 3771332.655137334484607 ] ] ] } },
{ "type": "Feature", "properties": { "confidence": 0.99675840139389038, "class": 1, "regularized": null }, "geometry": { "type": "Polygon", "coordinates": [ [ [ 355950.762970498471987, 3771304.272634791675955 ], [ 355950.457782299083192, 3771303.967446592170745 ], [ 355950.152594099694397, 3771303.967446592170745 ], [ 355949.847405900305603, 3771303.662258392665535 ], [ 355949.847405900305603, 3771301.831129196565598 ], [ 355949.542217700916808, 3771301.525940997060388 ], [ 355949.542217700916808, 3771300.915564598049968 ], [ 355949.847405900305603, 3771300.61037639901042 ], [ 355949.847405900305603, 3771300.30518819950521 ], [ 355950.152594099694397, 3771300.30518819950521 ], [ 355950.457782299083192, 3771300.0 ], [ 355950.762970498471987, 3771300.0 ], [ 355951.373346897249576, 3771299.38962360098958 ], [ 355951.373346897249576, 3771298.474059002939612 ], [ 355952.899287894193549, 3771296.948118005879223 ], [ 355953.204476093582343, 3771296.948118005879223 ], [ 355953.509664292971138, 3771296.642929806839675 ], [ 355954.730417090526316, 3771296.642929806839675 ], [ 355955.035605289915111, 3771296.337741607334465 ], [ 355955.951169888081495, 3771296.337741607334465 ], [ 355955.951169888081495, 3771303.967446592170745 ], [ 355952.899287894193549, 3771303.967446592170745 ], [ 355952.594099694804754, 3771304.272634791675955 ], [ 355950.762970498471987, 3771304.272634791675955 ] ] ] } },
{ "type": "Feature", "properties": { "confidence": 0.99658548831939697, "class": 1, "regularized": null }, "geometry": { "type": "Polygon", "coordinates": [ [ [ 356017.293997965403832, 3771022.583926755003631 ], [ 356015.768056968459859, 3771021.057985757943243 ], [ 356015.768056968459859, 3771020.752797558438033 ], [ 356015.462868769071065, 3771020.447609358932823 ], [ 356015.462868769071065, 3771019.532044760882854 ], [ 356015.768056968459859, 3771019.226856561377645 ], [ 356015.768056968459859, 3771018.921668362338096 ], [ 356016.683621566626243, 3771018.006103763822466 ], [ 356016.683621566626243, 3771017.700915564782917 ], [ 356016.988809766015038, 3771017.395727365277708 ], [ 356016.988809766015038, 3771016.785350966267288 ], [ 356017.293997965403832, 3771016.480162767227739 ], [ 356017.293997965403832, 3771016.174974567722529 ], [ 356017.599186164792627, 3771015.869786368217319 ], [ 356017.599186164792627, 3771015.564598168712109 ], [ 356017.904374364181422, 3771015.259409969672561 ], [ 356017.904374364181422, 3771014.954221770167351 ], [ 356018.209562563570216, 3771014.649033570662141 ], [ 356018.209562563570216, 3771014.343845371156931 ], [ 356018.514750762959011, 3771014.343845371156931 ], [ 356018.819938962347806, 3771014.038657172117382 ], [ 356019.1251271617366, 3771014.038657172117382 ], [ 356019.430315361125395, 3771014.343845371156931 ], [ 356019.735503560514189, 3771014.343845371156931 ], [ 356019.735503560514189, 3771014.649033570662141 ], [ 356020.345879959291779, 3771015.259409969672561 ], [ 356020.345879959291779, 3771015.564598168712109 ], [ 356021.566632756846957, 3771016.785350966267288 ], [ 356021.871820956235752, 3771016.785350966267288 ], [ 356022.787385554402135, 3771017.700915564782917 ], [ 356022.787385554402135, 3771018.311291963327676 ], [ 356019.1251271617366, 3771021.973550355993211 ], [ 356018.819938962347806, 3771021.973550355993211 ], [ 356018.514750762959011, 3771022.278738555498421 ], [ 356018.514750762959011, 3771022.583926755003631 ], [ 356017.293997965403832, 3771022.583926755003631 ] ] ] } },
{ "type": "Feature", "properties": { "confidence": 0.99652725458145142, "class": 1, "regularized": null }, "geometry": { "type": "Polygon", "coordinates": [ [ [ 355953.204476093582343, 3771452.594099694862962 ], [ 355952.28891149541596, 3771451.678535096812993 ], [ 355952.28891149541596, 3771451.373346897307783 ], [ 355951.983723296027165, 3771451.068158697802573 ], [ 355951.983723296027165, 3771450.762970498297364 ], [ 355951.67853509663837, 3771450.457782299257815 ], [ 355951.67853509663837, 3771450.152594099752605 ], [ 355951.068158697860781, 3771449.542217700742185 ], [ 355951.068158697860781, 3771449.237029501702636 ], [ 355950.457782299083192, 3771448.626653102692217 ], [ 355950.457782299083192, 3771448.321464903187007 ], [ 355950.152594099694397, 3771448.016276704147458 ], [ 355950.152594099694397, 3771446.79552390659228 ], [ 355951.068158697860781, 3771445.87995930807665 ], [ 355951.373346897249576, 3771445.87995930807665 ], [ 355951.67853509663837, 3771445.574771109037101 ], [ 355951.67853509663837, 3771445.269582909531891 ], [ 355951.983723296027165, 3771445.269582909531891 ], [ 355952.899287894193549, 3771444.354018311481923 ], [ 355952.899287894193549, 3771443.743641912471503 ], [ 355953.509664292971138, 3771443.133265513926744 ], [ 355953.814852492359933, 3771443.133265513926744 ], [ 355954.120040691748727, 3771442.828077314421535 ], [ 355954.425228891137522, 3771443.133265513926744 ], [ 355954.730417090526316, 3771443.133265513926744 ], [ 355955.035605289915111, 3771443.438453712966293 ], [ 355955.340793489303906, 3771443.438453712966293 ], [ 355955.6459816886927, 3771443.743641912471503 ], [ 355955.6459816886927, 3771444.048830111976713 ], [ 355955.951169888081495, 3771444.354018311481923 ], [ 355956.256358087470289, 3771444.354018311481923 ], [ 355957.171922685636673, 3771445.269582909531891 ], [ 355957.171922685636673, 3771445.574771109037101 ], [ 355957.477110885025468, 3771445.87995930807665 ], [ 355957.477110885025468, 3771446.49033570708707 ], [ 355957.171922685636673, 3771446.79552390659228 ], [ 355957.171922685636673, 3771449.542217700742185 ], [ 355956.866734486247879, 3771449.847405900247395 ], [ 355956.866734486247879, 3771450.152594099752605 ], [ 355956.561546286859084, 3771450.457782299257815 ], [ 355956.561546286859084, 3771450.762970498297364 ], [ 355956.256358087470289, 3771450.762970498297364 ], [ 355955.951169888081495, 3771451.068158697802573 ], [ 355955.951169888081495, 3771451.373346897307783 ], [ 355955.6459816886927, 3771451.373346897307783 ], [ 355954.425228891137522, 3771452.594099694862962 ], [ 355953.204476093582343, 3771452.594099694862962 ] ] ] } },
{ "type": "Feature", "properties": { "confidence": 0.99646627902984619, "class": 1, "regularized": null }, "geometry": { "type": "Polygon", "coordinates": [ [ [ 355827.161749745660927, 3771482.807731434237212 ], [ 355827.161749745660927, 3771482.502543235197663 ], [ 355826.856561546272133, 3771482.197355035692453 ], [ 355826.551373346883338, 3771482.197355035692453 ], [ 355826.246185147494543, 3771481.892166836187243 ], [ 355825.940996948105749, 3771481.892166836187243 ], [ 355825.33062054932816, 3771481.281790437642485 ], [ 355824.72024415055057, 3771481.281790437642485 ], [ 355824.415055951161776, 3771480.976602238137275 ], [ 355824.109867751772981, 3771480.976602238137275 ], [ 355823.194303153606597, 3771480.061037640087306 ], [ 355823.194303153606597, 3771479.755849440582097 ], [ 355823.499491352995392, 3771479.450661241076887 ], [ 355823.499491352995392, 3771478.535096643026918 ], [ 355823.804679552384187, 3771478.229908443521708 ], [ 355823.804679552384187, 3771477.924720244016498 ], [ 355824.109867751772981, 3771477.61953204497695 ], [ 355824.109867751772981, 3771477.31434384547174 ], [ 355824.415055951161776, 3771477.00915564596653 ], [ 355824.415055951161776, 3771476.70396744646132 ], [ 355824.72024415055057, 3771476.398779247421771 ], [ 355825.025432349939365, 3771476.398779247421771 ], [ 355825.33062054932816, 3771476.093591047916561 ], [ 355826.246185147494543, 3771476.093591047916561 ], [ 355826.551373346883338, 3771475.788402848411351 ], [ 355827.466937945049722, 3771475.788402848411351 ], [ 355827.772126144438516, 3771475.483214648906142 ], [ 355828.382502543216106, 3771475.483214648906142 ], [ 355828.992878941993695, 3771476.093591047916561 ], [ 355828.992878941993695, 3771476.398779247421771 ], [ 355829.298067141382489, 3771476.70396744646132 ], [ 355829.298067141382489, 3771477.00915564596653 ], [ 355829.603255340771284, 3771477.31434384547174 ], [ 355829.603255340771284, 3771477.924720244016498 ], [ 355829.908443540160079, 3771478.229908443521708 ], [ 355829.908443540160079, 3771480.061037640087306 ], [ 355829.603255340771284, 3771480.366225839126855 ], [ 355829.603255340771284, 3771480.976602238137275 ], [ 355829.298067141382489, 3771481.281790437642485 ], [ 355829.298067141382489, 3771481.586978636682034 ], [ 355828.992878941993695, 3771481.892166836187243 ], [ 355828.992878941993695, 3771482.197355035692453 ], [ 355828.6876907426049, 3771482.502543235197663 ], [ 355828.6876907426049, 3771482.807731434237212 ], [ 355827.161749745660927, 3771482.807731434237212 ] ] ] } },
{ "type": "Feature", "properties": { "confidence": 0.99629491567611694, "class": 1, "regularized": "rectangle" }, "geometry": { "type": "Polygon", "coordinates": [ [ [ 355895.5, 3771346.0 ], [ 355895.5, 3771327.5 ], [ 355907.375, 3771327.5 ], [ 355907.375, 3771346.0 ], [ 355895.5, 3771346.0 ] ] ] } },
{ "type": "Feature", "properties": { "confidence": 0.99519437551498413, "class": 1, "regularized": null }, "geometry": { "type": "Polygon", "coordinates": [ [ [ 356154.323499491380062, 3771192.573753814678639 ], [ 356153.102746693766676, 3771191.353001017123461 ], [ 356153.102746693766676, 3771191.047812818083912 ], [ 356152.492370294989087, 3771190.437436419073492 ], [ 356152.492370294989087, 3771190.132248219568282 ], [ 356152.187182095600292, 3771189.827060020528734 ], [ 356152.187182095600292, 3771187.995930823963135 ], [ 356152.492370294989087, 3771187.690742624457926 ], [ 356152.492370294989087, 3771187.385554425418377 ], [ 356152.797558494377881, 3771187.080366225913167 ], [ 356152.797558494377881, 3771186.775178026407957 ], [ 356153.102746693766676, 3771186.775178026407957 ], [ 356153.713123092602473, 3771186.164801627863199 ], [ 356153.713123092602473, 3771185.859613428357989 ], [ 356154.018311291991267, 3771185.859613428357989 ], [ 356154.933875890157651, 3771184.94404883030802 ], [ 356155.239064089546446, 3771184.94404883030802 ], [ 356155.54425228893524, 3771184.63886063080281 ], [ 356155.54425228893524, 3771184.3336724312976 ], [ 356155.849440488324035, 3771184.3336724312976 ], [ 356156.765005086490419, 3771183.418107833247632 ], [ 356157.070193285879213, 3771183.418107833247632 ], [ 356157.985757884045597, 3771182.502543235197663 ], [ 356158.290946083434392, 3771182.502543235197663 ], [ 356158.596134282823186, 3771182.197355035692453 ], [ 356159.51169888098957, 3771182.197355035692453 ], [ 356159.816887080378365, 3771181.892166836187243 ], [ 356160.122075279767159, 3771182.197355035692453 ], [ 356160.732451678544749, 3771182.197355035692453 ], [ 356161.953204476099927, 3771183.418107833247632 ], [ 356162.258392675488722, 3771183.418107833247632 ], [ 356162.258392675488722, 3771183.723296032752842 ], [ 356163.173957273655105, 3771184.63886063080281 ], [ 356163.173957273655105, 3771185.554425228852779 ], [ 356162.563580874877516, 3771186.164801627863199 ], [ 356162.563580874877516, 3771186.469989826902747 ], [ 356161.037639877933543, 3771187.995930823963135 ], [ 356160.732451678544749, 3771187.995930823963135 ], [ 356159.206510681600776, 3771189.521871821023524 ], [ 356158.901322482211981, 3771189.521871821023524 ], [ 356157.070193285879213, 3771191.353001017123461 ], [ 356157.070193285879213, 3771191.658189216628671 ], [ 356156.765005086490419, 3771191.658189216628671 ], [ 356156.459816887101624, 3771191.963377416133881 ], [ 356156.459816887101624, 3771192.268565615639091 ], [ 356156.15462868771283, 3771192.573753814678639 ], [ 356154.323499491380062, 3771192.573753814678639 ] ] ] } },
{ "type": "Feature", "properties": { "confidence": 0.99432820081710815, "class": 1, "regularized": null }, "geometry": { "type": "Polygon", "coordinates": [ [ [ 356021.261444557458162, 3771010.986775177996606 ], [ 356020.956256358069368, 3771010.681586978491396 ], [ 356020.956256358069368, 3771010.376398779451847 ], [ 356020.040691759902984, 3771009.460834180936217 ], [ 356020.040691759902984, 3771009.155645981896669 ], [ 356019.1251271617366, 3771008.240081383381039 ], [ 356019.1251271617366, 3771007.93489318434149 ], [ 356018.819938962347806, 3771007.62970498483628 ], [ 356018.819938962347806, 3771007.32451678533107 ], [ 356018.514750762959011, 3771007.019328585825861 ], [ 356018.514750762959011, 3771006.103763987775892 ], [ 356018.209562563570216, 3771005.798575788270682 ], [ 356018.209562563570216, 3771004.577822990715504 ], [ 356018.514750762959011, 3771004.272634791675955 ], [ 356018.514750762959011, 3771003.051881994120777 ], [ 356018.819938962347806, 3771003.051881994120777 ], [ 356019.1251271617366, 3771002.746693794615567 ], [ 356019.1251271617366, 3771002.136317395605147 ], [ 356019.735503560514189, 3771001.525940997060388 ], [ 356021.261444557458162, 3771001.525940997060388 ], [ 356021.261444557458162, 3771001.831129196565598 ], [ 356020.956256358069368, 3771002.136317395605147 ], [ 356020.956256358069368, 3771002.746693794615567 ], [ 356020.651068158680573, 3771002.746693794615567 ], [ 356020.345879959291779, 3771003.051881994120777 ], [ 356020.345879959291779, 3771003.967446592170745 ], [ 356020.651068158680573, 3771004.272634791675955 ], [ 356021.566632756846957, 3771004.272634791675955 ], [ 356022.787385554402135, 3771003.051881994120777 ], [ 356023.09257375379093, 3771003.051881994120777 ], [ 356023.397761953179725, 3771002.746693794615567 ], [ 356024.618514750734903, 3771002.746693794615567 ], [ 356025.2288911495707, 3771003.357070193160325 ], [ 356025.2288911495707, 3771003.662258392665535 ], [ 356025.534079348959494, 3771003.967446592170745 ], [ 356025.534079348959494, 3771004.272634791675955 ], [ 356025.839267548348289, 3771004.577822990715504 ], [ 356025.839267548348289, 3771006.408952187281102 ], [ 356026.144455747737084, 3771006.714140386786312 ], [ 356026.144455747737084, 3771007.019328585825861 ], [ 356025.839267548348289, 3771007.32451678533107 ], [ 356025.839267548348289, 3771007.62970498483628 ], [ 356025.534079348959494, 3771007.93489318434149 ], [ 356025.534079348959494, 3771008.240081383381039 ], [ 356024.313326551346108, 3771009.460834180936217 ], [ 356024.008138351957314, 3771009.460834180936217 ], [ 356022.482197355013341, 3771010.986775177996606 ], [ 356021.261444557458162, 3771010.986775177996606 ] ] ] } },
{ "type": "Feature", "properties": { "confidence": 0.99385249614715576, "class": 1, "regularized": null }, "geometry": { "type": "Polygon", "coordinates": [ [ [ 356181.485249237040989, 3771160.528992878738791 ], [ 356179.654120040708221, 3771158.697863682638854 ], [ 356179.654120040708221, 3771158.087487283628434 ], [ 356179.348931841319427, 3771157.782299084588885 ], [ 356179.348931841319427, 3771153.50966429291293 ], [ 356179.654120040708221, 3771153.20447609340772 ], [ 356179.654120040708221, 3771152.899287894368172 ], [ 356179.959308240097016, 3771152.899287894368172 ], [ 356180.264496439485811, 3771152.594099694862962 ], [ 356181.180061037652194, 3771152.594099694862962 ], [ 356181.485249237040989, 3771152.288911495357752 ], [ 356182.095625635818578, 3771152.288911495357752 ], [ 356182.400813835207373, 3771151.983723295852542 ], [ 356182.706002034596168, 3771151.983723295852542 ], [ 356183.316378433373757, 3771151.373346897307783 ], [ 356183.621566632762551, 3771151.373346897307783 ], [ 356184.537131230928935, 3771150.457782299257815 ], [ 356184.84231943031773, 3771150.457782299257815 ], [ 356185.147507629706524, 3771150.152594099752605 ], [ 356185.452695829095319, 3771150.152594099752605 ], [ 356185.757884028484114, 3771149.847405900247395 ], [ 356185.757884028484114, 3771149.542217700742185 ], [ 356186.063072227872908, 3771149.542217700742185 ], [ 356186.368260427261703, 3771149.237029501702636 ], [ 356187.589013224816881, 3771149.237029501702636 ], [ 356187.589013224816881, 3771149.542217700742185 ], [ 356187.894201424205676, 3771149.847405900247395 ], [ 356187.894201424205676, 3771151.373346897307783 ], [ 356188.19938962359447, 3771151.678535096812993 ], [ 356188.19938962359447, 3771152.288911495357752 ], [ 356188.504577822983265, 3771152.594099694862962 ], [ 356188.504577822983265, 3771155.951169888023287 ], [ 356188.19938962359447, 3771156.256358087528497 ], [ 356188.19938962359447, 3771156.561546287033707 ], [ 356187.589013224816881, 3771157.171922685578465 ], [ 356187.589013224816881, 3771157.477110885083675 ], [ 356187.283825025428087, 3771157.477110885083675 ], [ 356186.978636826039292, 3771157.782299084588885 ], [ 356186.673448626650497, 3771157.782299084588885 ], [ 356186.063072227872908, 3771158.392675483133644 ], [ 356185.452695829095319, 3771158.392675483133644 ], [ 356185.147507629706524, 3771158.697863682638854 ], [ 356184.537131230928935, 3771158.697863682638854 ], [ 356183.011190233984962, 3771160.223804679699242 ], [ 356182.706002034596168, 3771160.223804679699242 ], [ 356182.400813835207373, 3771160.528992878738791 ], [ 356181.485249237040989, 3771160.528992878738791 ] ] ] } },
{ "type": "Feature", "properties": { "confidence": 0.99330151081085205, "class": 1, "regularized": null }, "geometry": { "type": "Polygon", "coordinates": [ [ [ 355984.944048830133397, 3771237.436419125180691 ], [ 355984.638860630744603, 3771237.131230925675482 ], [ 355983.11291963380063, 3771237.131230925675482 ], [ 355982.807731434411835, 3771236.826042726170272 ], [ 355975.788402848411351, 3771236.826042726170272 ], [ 355975.178026449633762, 3771236.215666327625513 ], [ 355975.178026449633762, 3771235.300101729575545 ], [ 355975.483214649022557, 3771234.994913530070335 ], [ 355975.483214649022557, 3771231.943031535949558 ], [ 355976.093591047800146, 3771231.332655137404799 ], [ 355976.093591047800146, 3771231.02746693789959 ], [ 355976.398779247188941, 3771231.02746693789959 ], [ 355977.619532044744119, 3771229.806714140344411 ], [ 355977.924720244132914, 3771229.806714140344411 ], [ 355978.229908443521708, 3771229.501525940839201 ], [ 355978.535096642910503, 3771229.501525940839201 ], [ 355978.840284842299297, 3771229.196337741799653 ], [ 355979.450661241076887, 3771229.196337741799653 ], [ 355979.755849440465681, 3771228.891149542294443 ], [ 355980.36622583924327, 3771228.891149542294443 ], [ 355980.671414038632065, 3771228.585961342789233 ], [ 355981.281790437409654, 3771228.585961342789233 ], [ 355981.586978636798449, 3771228.280773143284023 ], [ 355981.892166836187243, 3771228.585961342789233 ], [ 355982.50254323502304, 3771228.585961342789233 ], [ 355983.11291963380063, 3771229.196337741799653 ], [ 355983.11291963380063, 3771229.501525940839201 ], [ 355984.333672431355808, 3771230.72227873839438 ], [ 355984.638860630744603, 3771230.72227873839438 ], [ 355984.944048830133397, 3771231.02746693789959 ], [ 355985.249237029522192, 3771231.02746693789959 ], [ 355985.249237029522192, 3771231.332655137404799 ], [ 355985.554425228910986, 3771231.637843336910009 ], [ 355986.775178026466165, 3771231.637843336910009 ], [ 355987.080366225854959, 3771231.332655137404799 ], [ 355987.080366225854959, 3771232.248219735454768 ], [ 355987.385554425243754, 3771232.553407934959978 ], [ 355987.385554425243754, 3771232.858596134465188 ], [ 355987.690742624632549, 3771233.163784333504736 ], [ 355987.995930824021343, 3771233.163784333504736 ], [ 355987.995930824021343, 3771235.910478128120303 ], [ 355987.690742624632549, 3771236.215666327625513 ], [ 355987.690742624632549, 3771236.520854527130723 ], [ 355987.385554425243754, 3771236.826042726170272 ], [ 355987.080366225854959, 3771236.826042726170272 ], [ 355986.775178026466165, 3771237.131230925675482 ], [ 355985.554425228910986, 3771237.131230925675482 ], [ 355985.249237029522192, 3771237.436419125180691 ], [ 355984.944048830133397, 3771237.436419125180691 ] ] ] } },
{ "type": "Feature", "properties": { "confidence": 0.99282723665237427, "class": 1, "regularized": null }, "geometry": { "type": "Polygon", "coordinates": [ [ [ 355821.668362156662624, 3771247.202441505622119 ], [ 355821.36317395727383, 3771246.897253306116909 ], [ 355821.057985757885035, 3771246.897253306116909 ], [ 355819.837232960329857, 3771245.67650050856173 ], [ 355819.532044760941062, 3771245.67650050856173 ], [ 355819.226856561552268, 3771245.37131230905652 ], [ 355818.921668362163473, 3771245.37131230905652 ], [ 355818.311291963385884, 3771244.760935910511762 ], [ 355818.006103763997089, 3771244.760935910511762 ], [ 355817.3957273652195, 3771244.150559511501342 ], [ 355817.090539165830705, 3771244.150559511501342 ], [ 355816.785350966441911, 3771243.845371312461793 ], [ 355816.480162767053116, 3771243.845371312461793 ], [ 355815.869786368275527, 3771243.234994913451374 ], [ 355815.564598168886732, 3771243.234994913451374 ], [ 355814.649033570720349, 3771242.319430315401405 ], [ 355814.649033570720349, 3771240.488301118835807 ], [ 355814.954221770109143, 3771240.183112919796258 ], [ 355814.954221770109143, 3771239.877924720291048 ], [ 355815.259409969497938, 3771239.572736520785838 ], [ 355815.564598168886732, 3771239.572736520785838 ], [ 355817.3957273652195, 3771237.741607324685901 ], [ 355817.3957273652195, 3771237.436419125180691 ], [ 355818.921668362163473, 3771237.436419125180691 ], [ 355819.226856561552268, 3771237.741607324685901 ], [ 355821.36317395727383, 3771237.741607324685901 ], [ 355821.668362156662624, 3771238.04679552372545 ], [ 355822.583926754829008, 3771238.04679552372545 ], [ 355822.889114954217803, 3771238.35198372323066 ], [ 355823.194303153606597, 3771238.35198372323066 ], [ 355823.499491352995392, 3771238.65717192273587 ], [ 355823.804679552384187, 3771238.65717192273587 ], [ 355823.804679552384187, 3771238.96236012224108 ], [ 355824.415055951161776, 3771239.572736520785838 ], [ 355824.415055951161776, 3771239.877924720291048 ], [ 355824.72024415055057, 3771240.183112919796258 ], [ 355824.72024415055057, 3771241.098677517846227 ], [ 355825.025432349939365, 3771241.403865717351437 ], [ 355825.025432349939365, 3771244.760935910511762 ], [ 355824.72024415055057, 3771245.066124110016972 ], [ 355824.72024415055057, 3771245.37131230905652 ], [ 355824.415055951161776, 3771245.37131230905652 ], [ 355824.109867751772981, 3771245.67650050856173 ], [ 355823.804679552384187, 3771245.67650050856173 ], [ 355822.583926754829008, 3771246.897253306116909 ], [ 355822.278738555440214, 3771246.897253306116909 ], [ 355821.973550356051419, 3771247.202441505622119 ], [ 355821.668362156662624, 3771247.202441505622119 ] ] ] } },
{ "type": "Feature", "properties": { "confidence": 0.99267500638961792, "class": 1, "regularized": null }, "geometry": { "type": "Polygon", "coordinates": [ [ [ 355985.554425228910986, 3771042.726347914431244 ], [ 355984.944048830133397, 3771042.115971515886486 ], [ 355984.944048830133397, 3771041.810783316381276 ], [ 355984.638860630744603, 3771041.505595116876066 ], [ 355984.638860630744603, 3771041.200406917370856 ], [ 355984.028484231967013, 3771040.590030518826097 ], [ 355984.028484231967013, 3771040.284842319320887 ], [ 355983.723296032578219, 3771039.979654119815677 ], [ 355983.723296032578219, 3771039.674465920776129 ], [ 355983.11291963380063, 3771039.064089521765709 ], [ 355983.11291963380063, 3771038.758901322260499 ], [ 355982.50254323502304, 3771038.14852492371574 ], [ 355982.50254323502304, 3771037.232960325665772 ], [ 355982.807731434411835, 3771036.927772126160562 ], [ 355983.11291963380063, 3771036.927772126160562 ], [ 355985.249237029522192, 3771034.791454730555415 ], [ 355985.554425228910986, 3771034.791454730555415 ], [ 355985.859613428299781, 3771034.486266531050205 ], [ 355986.46998982707737, 3771034.486266531050205 ], [ 355986.775178026466165, 3771034.791454730555415 ], [ 355986.775178026466165, 3771035.096642929594964 ], [ 355988.301119023410138, 3771036.622583926655352 ], [ 355988.606307222798932, 3771036.622583926655352 ], [ 355988.911495422187727, 3771036.927772126160562 ], [ 355989.216683621576522, 3771036.927772126160562 ], [ 355989.216683621576522, 3771038.758901322260499 ], [ 355988.911495422187727, 3771039.064089521765709 ], [ 355988.911495422187727, 3771039.674465920776129 ], [ 355988.301119023410138, 3771040.284842319320887 ], [ 355988.301119023410138, 3771040.590030518826097 ], [ 355987.690742624632549, 3771041.200406917370856 ], [ 355987.690742624632549, 3771041.505595116876066 ], [ 355987.080366225854959, 3771042.115971515886486 ], [ 355987.080366225854959, 3771042.421159714926034 ], [ 355986.775178026466165, 3771042.726347914431244 ], [ 355985.554425228910986, 3771042.726347914431244 ] ] ] } },
{ "type": "Feature", "properties": { "confidence": 0.99222457408905029, "class": 1, "regularized": null }, "geometry": { "type": "Polygon", "coordinates": [ [ [ 356204.069175991869997, 3771222.482197355013341 ], [ 356203.763987792481203, 3771222.177009155508131 ], [ 356203.458799593092408, 3771222.177009155508131 ], [ 356203.153611393703613, 3771221.871820956468582 ], [ 356202.848423194314819, 3771221.871820956468582 ], [ 356202.848423194314819, 3771221.566632756963372 ], [ 356202.543234994926024, 3771221.261444557458162 ], [ 356202.23804679553723, 3771221.261444557458162 ], [ 356202.23804679553723, 3771220.956256357952952 ], [ 356201.62767039675964, 3771220.345879959408194 ], [ 356201.322482197370846, 3771220.345879959408194 ], [ 356201.322482197370846, 3771220.040691759902984 ], [ 356201.017293997982051, 3771219.735503560397774 ], [ 356200.712105798593257, 3771219.735503560397774 ], [ 356200.712105798593257, 3771219.430315361358225 ], [ 356199.796541200426873, 3771218.514750762842596 ], [ 356199.796541200426873, 3771218.209562563803047 ], [ 356199.491353001038078, 3771217.904374364297837 ], [ 356199.491353001038078, 3771217.599186164792627 ], [ 356199.186164801649284, 3771217.293997965287417 ], [ 356199.186164801649284, 3771216.073245167732239 ], [ 356199.491353001038078, 3771215.76805696869269 ], [ 356199.491353001038078, 3771215.46286876918748 ], [ 356199.796541200426873, 3771215.46286876918748 ], [ 356200.101729399815667, 3771215.15768056968227 ], [ 356202.543234994926024, 3771215.15768056968227 ], [ 356202.848423194314819, 3771214.85249237017706 ], [ 356203.458799593092408, 3771214.85249237017706 ], [ 356203.763987792481203, 3771214.547304171137512 ], [ 356204.679552390647586, 3771214.547304171137512 ], [ 356205.289928789425176, 3771215.15768056968227 ], [ 356205.289928789425176, 3771216.683621566742659 ], [ 356205.59511698881397, 3771216.988809766247869 ], [ 356205.59511698881397, 3771219.430315361358225 ], [ 356205.900305188202765, 3771219.735503560397774 ], [ 356205.900305188202765, 3771220.040691759902984 ], [ 356205.59511698881397, 3771220.345879959408194 ], [ 356205.59511698881397, 3771220.651068158913404 ], [ 356205.289928789425176, 3771220.956256357952952 ], [ 356205.289928789425176, 3771221.261444557458162 ], [ 356204.679552390647586, 3771221.871820956468582 ], [ 356204.679552390647586, 3771222.177009155508131 ], [ 356204.374364191258792, 3771222.177009155508131 ], [ 356204.069175991869997, 3771222.482197355013341 ] ] ] } },
{ "type": "Feature", "properties": { "confidence": 0.99200248718261719, "class": 1, "regularized": null }, "geometry": { "type": "Polygon", "coordinates": [ [ [ 356059.409969481173903, 3771335.096642929594964 ], [ 356059.104781281785108, 3771334.791454730555415 ], [ 356058.799593082396314, 3771334.791454730555415 ], [ 356058.799593082396314, 3771332.960325533989817 ], [ 356058.494404883007519, 3771332.655137334484607 ], [ 356058.494404883007519, 3771330.82400813838467 ], [ 356058.189216683618724, 3771330.51881993887946 ], [ 356058.189216683618724, 3771329.298067141324282 ], [ 356057.88402848422993, 3771328.992878941819072 ], [ 356057.88402848422993, 3771328.077314343769103 ], [ 356057.578840284841135, 3771327.772126144263893 ], [ 356057.578840284841135, 3771326.856561546213925 ], [ 356062.156663275673054, 3771326.856561546213925 ], [ 356062.156663275673054, 3771333.570701933000237 ], [ 356061.24109867750667, 3771334.486266531050205 ], [ 356060.935910478117876, 3771334.486266531050205 ], [ 356060.630722278729081, 3771334.791454730555415 ], [ 356060.325534079340287, 3771334.791454730555415 ], [ 356060.020345879951492, 3771335.096642929594964 ], [ 356059.409969481173903, 3771335.096642929594964 ] ] ] } },
{ "type": "Feature", "properties": { "confidence": 0.9907454252243042, "class": 1, "regularized": null }, "geometry": { "type": "Polygon", "coordinates": [ [ [ 356051.169888097676449, 3771081.180061037652194 ], [ 356050.864699898287654, 3771080.874872838146985 ], [ 356050.559511698898859, 3771080.874872838146985 ], [ 356050.559511698898859, 3771080.569684638641775 ], [ 356050.254323499510065, 3771080.264496439602226 ], [ 356050.254323499510065, 3771079.959308240097016 ], [ 356049.94913530012127, 3771079.654120040591806 ], [ 356049.94913530012127, 3771079.043743642047048 ], [ 356049.643947100732476, 3771078.738555442541838 ], [ 356049.338758901343681, 3771078.738555442541838 ], [ 356049.338758901343681, 3771078.433367243036628 ], [ 356048.728382502566092, 3771077.822990844491869 ], [ 356048.728382502566092, 3771077.517802644986659 ], [ 356048.118006103788503, 3771076.907426245976239 ], [ 356048.118006103788503, 3771075.076297049876302 ], [ 356048.728382502566092, 3771074.465920650865883 ], [ 356048.728382502566092, 3771074.160732451826334 ], [ 356050.559511698898859, 3771072.329603255260736 ], [ 356050.864699898287654, 3771072.329603255260736 ], [ 356051.169888097676449, 3771072.024415055755526 ], [ 356051.475076297065243, 3771072.024415055755526 ], [ 356052.390640895231627, 3771072.939979654271156 ], [ 356052.390640895231627, 3771073.550356052815914 ], [ 356052.695829094620422, 3771073.855544252321124 ], [ 356053.001017294009216, 3771073.855544252321124 ], [ 356053.001017294009216, 3771074.160732451826334 ], [ 356054.526958290953189, 3771075.686673448421061 ], [ 356054.526958290953189, 3771075.991861647926271 ], [ 356055.137334689730778, 3771076.602238046936691 ], [ 356055.137334689730778, 3771076.907426245976239 ], [ 356055.747711088508368, 3771077.517802644986659 ], [ 356055.747711088508368, 3771077.822990844491869 ], [ 356055.137334689730778, 3771078.433367243036628 ], [ 356055.137334689730778, 3771078.738555442541838 ], [ 356054.832146490341984, 3771078.738555442541838 ], [ 356054.221770091564395, 3771079.348931841086596 ], [ 356054.221770091564395, 3771079.654120040591806 ], [ 356053.9165818921756, 3771079.654120040591806 ], [ 356053.001017294009216, 3771080.569684638641775 ], [ 356052.695829094620422, 3771080.569684638641775 ], [ 356052.390640895231627, 3771080.874872838146985 ], [ 356052.085452695842832, 3771080.874872838146985 ], [ 356051.780264496454038, 3771081.180061037652194 ], [ 356051.169888097676449, 3771081.180061037652194 ] ] ] } },
{ "type": "Feature", "properties": { "confidence": 0.98929905891418457, "class": 1, "regularized": null }, "geometry": { "type": "Polygon", "coordinates": [ [ [ 356130.824008138326462, 3771226.449643947184086 ], [ 356130.518819938937668, 3771226.144455747678876 ], [ 356130.213631739548873, 3771226.144455747678876 ], [ 356129.908443540160079, 3771225.839267548173666 ], [ 356129.603255340771284, 3771225.839267548173666 ], [ 356129.603255340771284, 3771225.534079349134117 ], [ 356128.992878941993695, 3771224.923702950123698 ], [ 356128.992878941993695, 3771224.313326551578939 ], [ 356128.6876907426049, 3771224.008138352073729 ], [ 356128.6876907426049, 3771223.702950152568519 ], [ 356128.382502543216106, 3771223.397761953063309 ], [ 356128.382502543216106, 3771222.482197355013341 ], [ 356128.077314343827311, 3771222.177009155508131 ], [ 356128.077314343827311, 3771221.871820956468582 ], [ 356127.466937945049722, 3771221.261444557458162 ], [ 356127.466937945049722, 3771219.125127161853015 ], [ 356127.772126144438516, 3771218.819938962347806 ], [ 356128.077314343827311, 3771218.819938962347806 ], [ 356128.382502543216106, 3771218.514750762842596 ], [ 356128.6876907426049, 3771218.514750762842596 ], [ 356128.992878941993695, 3771218.209562563803047 ], [ 356129.908443540160079, 3771218.209562563803047 ], [ 356130.213631739548873, 3771217.904374364297837 ], [ 356130.824008138326462, 3771217.904374364297837 ], [ 356131.129196337715257, 3771218.209562563803047 ], [ 356132.655137334717438, 3771218.209562563803047 ], [ 356133.570701932883821, 3771219.125127161853015 ], [ 356133.570701932883821, 3771219.430315361358225 ], [ 356133.875890132272616, 3771219.735503560397774 ], [ 356133.875890132272616, 3771220.040691759902984 ], [ 356135.096642929827794, 3771221.261444557458162 ], [ 356135.096642929827794, 3771222.482197355013341 ], [ 356132.044760935881641, 3771225.534079349134117 ], [ 356132.044760935881641, 3771225.839267548173666 ], [ 356131.739572736492846, 3771225.839267548173666 ], [ 356131.434384537104052, 3771226.144455747678876 ], [ 356131.129196337715257, 3771226.144455747678876 ], [ 356130.824008138326462, 3771226.449643947184086 ] ] ] } },
{ "type": "Feature", "properties": { "confidence": 0.98896026611328125, "class": 1, "regularized": null }, "geometry": { "type": "Polygon", "coordinates": [ [ [ 355973.346897253300995, 3771388.504577822983265 ], [ 355973.0417090539122, 3771388.199389623478055 ], [ 355972.736520854523405, 3771388.199389623478055 ], [ 355970.905391658190638, 3771386.368260427378118 ], [ 355970.905391658190638, 3771386.063072227872908 ], [ 355970.295015259413049, 3771385.452695828862488 ], [ 355970.295015259413049, 3771385.14750762982294 ], [ 355969.989827060024254, 3771384.84231943031773 ], [ 355969.989827060024254, 3771384.23194303130731 ], [ 355969.684638860635459, 3771383.926754832267761 ], [ 355969.684638860635459, 3771383.621566632762551 ], [ 355969.989827060024254, 3771383.316378433257341 ], [ 355969.989827060024254, 3771383.011190233752131 ], [ 355970.295015259413049, 3771382.706002034712583 ], [ 355970.295015259413049, 3771382.400813835207373 ], [ 355970.600203458801843, 3771382.095625635702163 ], [ 355970.600203458801843, 3771381.485249237157404 ], [ 355970.905391658190638, 3771381.180061037652194 ], [ 355970.905391658190638, 3771380.874872838146985 ], [ 355971.210579857579432, 3771380.874872838146985 ], [ 355971.515768056968227, 3771380.569684638641775 ], [ 355971.515768056968227, 3771380.264496439602226 ], [ 355972.126144455745816, 3771379.654120040591806 ], [ 355972.126144455745816, 3771379.348931841086596 ], [ 355972.736520854523405, 3771378.738555442541838 ], [ 355972.736520854523405, 3771378.433367243036628 ], [ 355973.652085452689789, 3771377.517802644986659 ], [ 355974.262461851467378, 3771377.517802644986659 ], [ 355974.567650050856173, 3771377.212614445481449 ], [ 355974.872838250244968, 3771377.212614445481449 ], [ 355975.178026449633762, 3771377.517802644986659 ], [ 355975.788402848411351, 3771377.517802644986659 ], [ 355976.703967446577735, 3771378.433367243036628 ], [ 355976.703967446577735, 3771378.738555442541838 ], [ 355977.314343845355324, 3771379.348931841086596 ], [ 355977.314343845355324, 3771379.654120040591806 ], [ 355977.619532044744119, 3771379.959308240097016 ], [ 355977.619532044744119, 3771381.790437436196953 ], [ 355977.924720244132914, 3771382.095625635702163 ], [ 355977.924720244132914, 3771383.316378433257341 ], [ 355977.619532044744119, 3771383.621566632762551 ], [ 355977.619532044744119, 3771384.23194303130731 ], [ 355977.00915564596653, 3771384.84231943031773 ], [ 355977.00915564596653, 3771385.14750762982294 ], [ 355974.567650050856173, 3771387.589013224933296 ], [ 355974.567650050856173, 3771387.894201424438506 ], [ 355974.262461851467378, 3771388.199389623478055 ], [ 355973.957273652078584, 3771388.199389623478055 ], [ 355973.652085452689789, 3771388.504577822983265 ], [ 355973.346897253300995, 3771388.504577822983265 ] ] ] } },
{ "type": "Feature", "properties": { "confidence": 0.98887336254119873, "class": 1, "regularized": null }, "geometry": { "type": "Polygon", "coordinates": [ [ [ 355811.902339776221197, 3771498.067141403909773 ], [ 355811.597151576832402, 3771497.761953204404563 ], [ 355810.986775178054813, 3771497.761953204404563 ], [ 355810.681586978607811, 3771497.456765004899353 ], [ 355810.376398779219016, 3771497.456765004899353 ], [ 355810.071210579830222, 3771497.151576805859804 ], [ 355809.766022380441427, 3771497.151576805859804 ], [ 355809.460834181052633, 3771496.846388606354594 ], [ 355808.850457782275043, 3771496.846388606354594 ], [ 355808.240081383497454, 3771496.236012207344174 ], [ 355807.93489318410866, 3771496.236012207344174 ], [ 355807.629704984719865, 3771495.930824008304626 ], [ 355807.019328585942276, 3771495.930824008304626 ], [ 355806.714140386553481, 3771495.625635808799416 ], [ 355803.051881993887946, 3771495.625635808799416 ], [ 355802.746693794499151, 3771495.320447609294206 ], [ 355802.136317395721562, 3771495.320447609294206 ], [ 355801.831129196332768, 3771495.015259409788996 ], [ 355801.525940996943973, 3771495.015259409788996 ], [ 355801.220752797555178, 3771494.710071210749447 ], [ 355801.220752797555178, 3771489.216683621518314 ], [ 355804.272634791443124, 3771489.216683621518314 ], [ 355804.883011190220714, 3771488.606307222973555 ], [ 355804.883011190220714, 3771488.301119023468345 ], [ 355805.188199389609508, 3771487.995930823963135 ], [ 355807.93489318410866, 3771487.995930823963135 ], [ 355808.240081383497454, 3771488.301119023468345 ], [ 355808.545269582886249, 3771488.301119023468345 ], [ 355808.850457782275043, 3771488.606307222973555 ], [ 355809.155645981663838, 3771488.606307222973555 ], [ 355809.766022380441427, 3771489.216683621518314 ], [ 355810.071210579830222, 3771489.216683621518314 ], [ 355810.376398779219016, 3771489.521871821023524 ], [ 355810.681586978607811, 3771489.521871821023524 ], [ 355810.986775178054813, 3771489.827060020528734 ], [ 355811.291963377443608, 3771489.827060020528734 ], [ 355811.597151576832402, 3771490.132248219568282 ], [ 355811.902339776221197, 3771490.132248219568282 ], [ 355812.817904374387581, 3771491.047812818083912 ], [ 355812.817904374387581, 3771491.658189216628671 ], [ 355813.123092573776376, 3771491.963377416133881 ], [ 355813.123092573776376, 3771492.268565615639091 ], [ 355813.42828077316517, 3771492.573753814678639 ], [ 355813.42828077316517, 3771495.320447609294206 ], [ 355813.123092573776376, 3771495.625635808799416 ], [ 355813.123092573776376, 3771497.761953204404563 ], [ 355812.817904374387581, 3771497.761953204404563 ], [ 355812.512716174998786, 3771498.067141403909773 ], [ 355811.902339776221197, 3771498.067141403909773 ] ] ] } },
{ "type": "Feature", "properties": { "confidence": 0.98747938871383667, "class": 1, "regularized": null }, "geometry": { "type": "Polygon", "coordinates": [ [ [ 356034.384537131234538, 3771272.533062054775655 ], [ 356034.384537131234538, 3771263.682604272849858 ], [ 356034.689725330623332, 3771263.682604272849858 ], [ 356035.300101729400922, 3771264.292980671394616 ], [ 356035.605289928789716, 3771264.292980671394616 ], [ 356035.910478128178511, 3771264.598168870899826 ], [ 356036.215666327567305, 3771264.598168870899826 ], [ 356036.5208545269561, 3771264.903357070405036 ], [ 356036.826042726344895, 3771264.903357070405036 ], [ 356037.436419125122484, 3771265.513733468949795 ], [ 356037.436419125122484, 3771265.818921668455005 ], [ 356038.351983723288868, 3771266.734486266504973 ], [ 356038.351983723288868, 3771267.039674466010183 ], [ 356038.657171922677662, 3771267.344862665515393 ], [ 356038.657171922677662, 3771267.650050864554942 ], [ 356039.267548321455251, 3771268.260427263565361 ], [ 356039.267548321455251, 3771268.565615463070571 ], [ 356039.572736520844046, 3771268.87080366211012 ], [ 356039.572736520844046, 3771270.396744659170508 ], [ 356039.267548321455251, 3771270.396744659170508 ], [ 356038.962360122066457, 3771270.701932858675718 ], [ 356038.046795523900073, 3771270.701932858675718 ], [ 356037.741607324511278, 3771271.007121058180928 ], [ 356037.436419125122484, 3771271.007121058180928 ], [ 356037.131230925733689, 3771271.312309257220477 ], [ 356036.5208545269561, 3771271.312309257220477 ], [ 356036.215666327567305, 3771271.617497456725687 ], [ 356035.910478128178511, 3771271.617497456725687 ], [ 356035.605289928789716, 3771271.922685656230897 ], [ 356035.300101729400922, 3771271.922685656230897 ], [ 356034.689725330623332, 3771272.533062054775655 ], [ 356034.384537131234538, 3771272.533062054775655 ] ] ] } },
{ "type": "Feature", "properties": { "confidence": 0.98604613542556763, "class": 1, "regularized": null }, "geometry": { "type": "Polygon", "coordinates": [ [ [ 356158.596134282823186, 3771112.309257375542074 ], [ 356157.680569684656803, 3771111.393692777026445 ], [ 356157.680569684656803, 3771111.088504577986896 ], [ 356157.375381485268008, 3771110.783316378481686 ], [ 356157.375381485268008, 3771110.172939979471266 ], [ 356156.765005086490419, 3771109.562563580926508 ], [ 356156.765005086490419, 3771109.257375381421298 ], [ 356156.15462868771283, 3771108.646998982876539 ], [ 356156.15462868771283, 3771108.341810783371329 ], [ 356155.54425228893524, 3771107.731434384360909 ], [ 356155.54425228893524, 3771107.121057985816151 ], [ 356154.933875890157651, 3771106.510681586805731 ], [ 356154.933875890157651, 3771105.289928789250553 ], [ 356155.239064089546446, 3771104.984740590211004 ], [ 356155.54425228893524, 3771104.984740590211004 ], [ 356157.070193285879213, 3771103.458799593150616 ], [ 356157.375381485268008, 3771103.458799593150616 ], [ 356157.680569684656803, 3771103.153611393645406 ], [ 356159.51169888098957, 3771103.153611393645406 ], [ 356159.816887080378365, 3771103.458799593150616 ], [ 356160.427263479155954, 3771103.458799593150616 ], [ 356160.732451678544749, 3771103.763987792655826 ], [ 356161.648016276711132, 3771103.763987792655826 ], [ 356161.648016276711132, 3771104.069175991695374 ], [ 356161.953204476099927, 3771104.374364191200584 ], [ 356162.258392675488722, 3771104.374364191200584 ], [ 356163.173957273655105, 3771105.289928789250553 ], [ 356163.173957273655105, 3771105.595116988755763 ], [ 356163.4791454730439, 3771105.900305188260972 ], [ 356163.4791454730439, 3771106.205493387766182 ], [ 356164.089521871821489, 3771106.815869786310941 ], [ 356164.699898270599078, 3771106.815869786310941 ], [ 356165.005086469987873, 3771107.121057985816151 ], [ 356165.005086469987873, 3771108.646998982876539 ], [ 356164.699898270599078, 3771108.646998982876539 ], [ 356164.394710071210284, 3771108.952187181916088 ], [ 356164.089521871821489, 3771108.952187181916088 ], [ 356163.784333672432695, 3771109.257375381421298 ], [ 356163.4791454730439, 3771109.257375381421298 ], [ 356163.173957273655105, 3771109.562563580926508 ], [ 356162.868769074266311, 3771109.562563580926508 ], [ 356160.732451678544749, 3771111.698880976531655 ], [ 356160.427263479155954, 3771111.698880976531655 ], [ 356160.122075279767159, 3771112.004069176036865 ], [ 356159.816887080378365, 3771112.004069176036865 ], [ 356159.51169888098957, 3771112.309257375542074 ], [ 356158.596134282823186, 3771112.309257375542074 ] ] ] } },
{ "type": "Feature", "properties": { "confidence": 0.98221081495285034, "class": 1, "regularized": null }, "geometry": { "type": "Polygon", "coordinates": [ [ [ 355858.596134282823186, 3771294.506612410768867 ], [ 355858.290946083434392, 3771294.201424211729318 ], [ 355857.985757884045597, 3771294.201424211729318 ], [ 355857.375381485268008, 3771293.591047812718898 ], [ 355857.070193285879213, 3771293.591047812718898 ], [ 355856.15462868771283, 3771292.67548321466893 ], [ 355855.849440488324035, 3771292.67548321466893 ], [ 355854.933875890157651, 3771291.759918616618961 ], [ 355854.933875890157651, 3771289.623601220548153 ], [ 355855.239064089546446, 3771289.318413021508604 ], [ 355855.239064089546446, 3771289.013224822003394 ], [ 355855.54425228893524, 3771288.708036622498184 ], [ 355855.54425228893524, 3771288.402848422992975 ], [ 355855.849440488324035, 3771288.097660223953426 ], [ 355855.849440488324035, 3771287.792472024448216 ], [ 355856.765005086490419, 3771286.876907426398247 ], [ 355856.765005086490419, 3771286.571719226893038 ], [ 355857.680569684656803, 3771285.656154628843069 ], [ 355858.290946083434392, 3771285.656154628843069 ], [ 355858.596134282823186, 3771285.350966429337859 ], [ 355859.51169888098957, 3771285.350966429337859 ], [ 355859.816887080378365, 3771285.045778229832649 ], [ 355861.342828077322338, 3771285.045778229832649 ], [ 355861.648016276711132, 3771285.350966429337859 ], [ 355861.648016276711132, 3771285.656154628843069 ], [ 355861.953204476099927, 3771285.961342827882618 ], [ 355861.953204476099927, 3771286.571719226893038 ], [ 355862.563580874877516, 3771287.182095625437796 ], [ 355862.563580874877516, 3771287.487283824943006 ], [ 355862.868769074266311, 3771287.792472024448216 ], [ 355862.868769074266311, 3771288.708036622498184 ], [ 355863.173957273655105, 3771289.013224822003394 ], [ 355863.173957273655105, 3771289.928789420053363 ], [ 355862.868769074266311, 3771290.233977619558573 ], [ 355862.868769074266311, 3771290.539165819063783 ], [ 355861.953204476099927, 3771291.454730417113751 ], [ 355861.953204476099927, 3771291.759918616618961 ], [ 355861.648016276711132, 3771292.06510681565851 ], [ 355861.648016276711132, 3771292.37029501516372 ], [ 355861.037639877933543, 3771292.980671414174139 ], [ 355861.037639877933543, 3771293.285859613213688 ], [ 355860.427263479155954, 3771293.896236012224108 ], [ 355860.427263479155954, 3771294.201424211729318 ], [ 355860.122075279767159, 3771294.201424211729318 ], [ 355859.816887080378365, 3771294.506612410768867 ], [ 355858.596134282823186, 3771294.506612410768867 ] ] ] } },
{ "type": "Feature", "properties": { "confidence": 0.98188936710357666, "class": 1, "regularized": null }, "geometry": { "type": "Polygon", "coordinates": [ [ [ 356035.910478128178511, 3771064.394710071384907 ], [ 356035.605289928789716, 3771064.089521871879697 ], [ 356035.605289928789716, 3771063.784333672374487 ], [ 356035.910478128178511, 3771063.479145472869277 ], [ 356035.910478128178511, 3771060.732451678719372 ], [ 356036.215666327567305, 3771060.427263479214162 ], [ 356036.215666327567305, 3771057.985757884103805 ], [ 356036.5208545269561, 3771057.680569684598595 ], [ 356036.5208545269561, 3771056.765005086548626 ], [ 356037.131230925733689, 3771056.154628687538207 ], [ 356037.131230925733689, 3771055.849440488498658 ], [ 356037.436419125122484, 3771055.544252288993448 ], [ 356037.741607324511278, 3771055.544252288993448 ], [ 356040.183112919621635, 3771053.102746693883091 ], [ 356040.48830111901043, 3771053.102746693883091 ], [ 356040.793489318399224, 3771052.797558494377881 ], [ 356041.098677517788019, 3771052.797558494377881 ], [ 356041.403865717176814, 3771053.102746693883091 ], [ 356041.709053916565608, 3771053.102746693883091 ], [ 356043.84537131228717, 3771055.239064089488238 ], [ 356043.84537131228717, 3771055.544252288993448 ], [ 356044.150559511675965, 3771055.849440488498658 ], [ 356044.150559511675965, 3771056.154628687538207 ], [ 356043.540183112898376, 3771056.765005086548626 ], [ 356043.540183112898376, 3771057.070193286053836 ], [ 356043.234994913509581, 3771057.375381485093385 ], [ 356043.234994913509581, 3771057.680569684598595 ], [ 356041.709053916565608, 3771059.206510681658983 ], [ 356041.709053916565608, 3771059.511698881164193 ], [ 356041.098677517788019, 3771060.122075279708952 ], [ 356041.098677517788019, 3771060.427263479214162 ], [ 356040.793489318399224, 3771060.732451678719372 ], [ 356040.793489318399224, 3771061.64801627676934 ], [ 356041.098677517788019, 3771061.95320447627455 ], [ 356040.793489318399224, 3771062.258392675314099 ], [ 356039.572736520844046, 3771062.258392675314099 ], [ 356038.962360122066457, 3771062.868769074324518 ], [ 356038.657171922677662, 3771062.868769074324518 ], [ 356038.351983723288868, 3771063.173957273829728 ], [ 356038.351983723288868, 3771063.479145472869277 ], [ 356038.046795523900073, 3771063.479145472869277 ], [ 356037.436419125122484, 3771064.089521871879697 ], [ 356037.131230925733689, 3771064.089521871879697 ], [ 356036.826042726344895, 3771064.394710071384907 ], [ 356035.910478128178511, 3771064.394710071384907 ] ] ] } },
{ "type": "Feature", "properties": { "confidence": 0.98161572217941284, "class": 1, "regularized": null }, "geometry": { "type": "Polygon", "coordinates": [ [ [ 355844.252288911491632, 3771448.626653102692217 ], [ 355843.947100712102838, 3771448.321464903187007 ], [ 355843.641912512714043, 3771448.321464903187007 ], [ 355843.031536113936454, 3771447.711088504642248 ], [ 355842.726347914547659, 3771447.711088504642248 ], [ 355842.421159715158865, 3771447.405900305137038 ], [ 355842.11597151577007, 3771447.405900305137038 ], [ 355841.505595116992481, 3771446.79552390659228 ], [ 355841.200406917603686, 3771446.79552390659228 ], [ 355840.895218718214892, 3771446.49033570708707 ], [ 355840.590030518826097, 3771446.49033570708707 ], [ 355839.979654120048508, 3771445.87995930807665 ], [ 355839.369277721270919, 3771445.87995930807665 ], [ 355839.064089521882124, 3771445.574771109037101 ], [ 355838.75890132249333, 3771445.574771109037101 ], [ 355838.453713123104535, 3771445.269582909531891 ], [ 355838.14852492371574, 3771445.269582909531891 ], [ 355837.843336724326946, 3771444.964394710026681 ], [ 355837.843336724326946, 3771444.048830111976713 ], [ 355846.388606307213195, 3771444.048830111976713 ], [ 355846.388606307213195, 3771445.574771109037101 ], [ 355846.0834181078244, 3771445.87995930807665 ], [ 355846.0834181078244, 3771446.79552390659228 ], [ 355845.778229908435605, 3771447.100712105631828 ], [ 355845.778229908435605, 3771447.711088504642248 ], [ 355845.473041709046811, 3771448.016276704147458 ], [ 355845.473041709046811, 3771448.321464903187007 ], [ 355845.167853509658016, 3771448.626653102692217 ], [ 355844.252288911491632, 3771448.626653102692217 ] ] ] } },
{ "type": "Feature", "properties": { "confidence": 0.97971904277801514, "class": 1, "regularized": null }, "geometry": { "type": "Polygon", "coordinates": [ [ [ 356190.030518819927238, 3771234.384537131059915 ], [ 356189.725330620538443, 3771234.079348932020366 ], [ 356189.420142421149649, 3771234.079348932020366 ], [ 356189.114954221760854, 3771233.774160732515156 ], [ 356188.80976602237206, 3771233.774160732515156 ], [ 356188.19938962359447, 3771233.163784333504736 ], [ 356187.894201424205676, 3771233.163784333504736 ], [ 356187.894201424205676, 3771232.858596134465188 ], [ 356186.673448626650497, 3771231.637843336910009 ], [ 356186.673448626650497, 3771231.332655137404799 ], [ 356186.368260427261703, 3771231.02746693789959 ], [ 356186.368260427261703, 3771230.72227873839438 ], [ 356186.063072227872908, 3771230.417090539354831 ], [ 356186.063072227872908, 3771230.111902339849621 ], [ 356185.757884028484114, 3771229.806714140344411 ], [ 356185.757884028484114, 3771229.501525940839201 ], [ 356185.452695829095319, 3771229.196337741799653 ], [ 356185.452695829095319, 3771228.891149542294443 ], [ 356185.147507629706524, 3771228.585961342789233 ], [ 356185.147507629706524, 3771227.060020345728844 ], [ 356184.537131230928935, 3771226.449643947184086 ], [ 356184.537131230928935, 3771225.839267548173666 ], [ 356184.231943031540141, 3771225.534079349134117 ], [ 356184.231943031540141, 3771224.313326551578939 ], [ 356183.926754832151346, 3771224.008138352073729 ], [ 356183.926754832151346, 3771223.092573754023761 ], [ 356183.621566632762551, 3771222.787385554518551 ], [ 356183.621566632762551, 3771221.871820956468582 ], [ 356183.316378433373757, 3771221.566632756963372 ], [ 356183.316378433373757, 3771220.651068158913404 ], [ 356183.926754832151346, 3771220.040691759902984 ], [ 356186.368260427261703, 3771220.040691759902984 ], [ 356186.673448626650497, 3771220.345879959408194 ], [ 356186.673448626650497, 3771220.956256357952952 ], [ 356187.283825025428087, 3771221.566632756963372 ], [ 356188.80976602237206, 3771221.566632756963372 ], [ 356189.420142421149649, 3771222.177009155508131 ], [ 356190.335707019316033, 3771222.177009155508131 ], [ 356190.335707019316033, 3771234.384537131059915 ], [ 356190.030518819927238, 3771234.384537131059915 ] ] ] } },
{ "type": "Feature", "properties": { "confidence": 0.97944515943527222, "class": 1, "regularized": null }, "geometry": { "type": "Polygon", "coordinates": [ [ [ 355923.296032553422265, 3771147.405900305137038 ], [ 355922.99084435403347, 3771147.100712105631828 ], [ 355922.075279755867086, 3771147.100712105631828 ], [ 355921.770091556478292, 3771146.79552390659228 ], [ 355920.854526958311908, 3771146.79552390659228 ], [ 355920.549338758923113, 3771146.49033570708707 ], [ 355919.63377416075673, 3771146.49033570708707 ], [ 355919.328585961367935, 3771146.18514750758186 ], [ 355919.02339776197914, 3771146.18514750758186 ], [ 355918.718209562590346, 3771145.87995930807665 ], [ 355918.413021363201551, 3771145.87995930807665 ], [ 355918.413021363201551, 3771144.964394710026681 ], [ 355918.107833163812757, 3771144.659206510521472 ], [ 355918.107833163812757, 3771140.996948117855936 ], [ 355918.413021363201551, 3771140.691759918816388 ], [ 355918.413021363201551, 3771139.471007121261209 ], [ 355918.718209562590346, 3771139.165818921755999 ], [ 355920.549338758923113, 3771139.165818921755999 ], [ 355920.854526958311908, 3771139.471007121261209 ], [ 355922.380467955255881, 3771139.471007121261209 ], [ 355922.685656154644676, 3771139.776195320300758 ], [ 355922.99084435403347, 3771139.776195320300758 ], [ 355924.211597151588649, 3771140.996948117855936 ], [ 355924.516785350977443, 3771140.996948117855936 ], [ 355924.516785350977443, 3771141.302136317361146 ], [ 355924.821973550366238, 3771141.607324516866356 ], [ 355925.127161749755032, 3771141.607324516866356 ], [ 355925.127161749755032, 3771142.522889114916325 ], [ 355925.432349949143827, 3771142.828077314421535 ], [ 355925.432349949143827, 3771147.405900305137038 ], [ 355923.296032553422265, 3771147.405900305137038 ] ] ] } },
{ "type": "Feature", "properties": { "confidence": 0.97914278507232666, "class": 1, "regularized": null }, "geometry": { "type": "Polygon", "coordinates": [ [ [ 356007.527975584962405, 3771340.284842319320887 ], [ 356007.222787385573611, 3771339.979654119815677 ], [ 356007.222787385573611, 3771337.843336724210531 ], [ 356006.917599186184816, 3771337.538148524705321 ], [ 356006.917599186184816, 3771336.622583926655352 ], [ 356007.222787385573611, 3771336.317395727150142 ], [ 356007.222787385573611, 3771336.012207528110594 ], [ 356008.443540183128789, 3771334.791454730555415 ], [ 356009.053916581906378, 3771334.791454730555415 ], [ 356009.359104781295173, 3771334.486266531050205 ], [ 356009.969481180072762, 3771334.486266531050205 ], [ 356010.274669379461557, 3771334.181078331544995 ], [ 356012.410986775183119, 3771334.181078331544995 ], [ 356012.716174974571913, 3771333.875890132039785 ], [ 356012.716174974571913, 3771332.349949135445058 ], [ 356014.242115971515886, 3771332.349949135445058 ], [ 356014.547304170904681, 3771332.655137334484607 ], [ 356014.852492370293476, 3771332.655137334484607 ], [ 356015.15768056968227, 3771332.960325533989817 ], [ 356015.462868769071065, 3771332.960325533989817 ], [ 356015.768056968459859, 3771333.265513733495027 ], [ 356016.073245167848654, 3771333.265513733495027 ], [ 356017.599186164792627, 3771334.791454730555415 ], [ 356017.599186164792627, 3771335.096642929594964 ], [ 356017.904374364181422, 3771335.401831129100174 ], [ 356017.904374364181422, 3771335.707019328605384 ], [ 356018.209562563570216, 3771336.012207528110594 ], [ 356018.209562563570216, 3771336.927772126160562 ], [ 356017.904374364181422, 3771337.232960325665772 ], [ 356017.904374364181422, 3771337.538148524705321 ], [ 356016.988809766015038, 3771338.45371312322095 ], [ 356016.378433367237449, 3771338.45371312322095 ], [ 356016.073245167848654, 3771338.758901322260499 ], [ 356015.462868769071065, 3771338.758901322260499 ], [ 356015.15768056968227, 3771339.064089521765709 ], [ 356014.547304170904681, 3771339.064089521765709 ], [ 356014.242115971515886, 3771339.369277721270919 ], [ 356012.716174974571913, 3771339.369277721270919 ], [ 356012.410986775183119, 3771339.064089521765709 ], [ 356010.885045778239146, 3771339.064089521765709 ], [ 356010.579857578850351, 3771339.369277721270919 ], [ 356010.274669379461557, 3771339.369277721270919 ], [ 356009.969481180072762, 3771339.674465920776129 ], [ 356009.664292980683967, 3771339.674465920776129 ], [ 356009.359104781295173, 3771339.979654119815677 ], [ 356008.748728382517584, 3771339.979654119815677 ], [ 356008.443540183128789, 3771340.284842319320887 ], [ 356007.527975584962405, 3771340.284842319320887 ] ] ] } },
{ "type": "Feature", "properties": { "confidence": 0.97794854640960693, "class": 1, "regularized": null }, "geometry": { "type": "Polygon", "coordinates": [ [ [ 356149.745676500489935, 3771098.270600203424692 ], [ 356149.135300101712346, 3771097.660223804879934 ], [ 356148.830111902323551, 3771097.660223804879934 ], [ 356148.219735503545962, 3771097.049847405869514 ], [ 356148.219735503545962, 3771096.744659206364304 ], [ 356147.609359104768373, 3771096.134282807819545 ], [ 356147.609359104768373, 3771095.829094608314335 ], [ 356146.0834181078244, 3771094.303153611253947 ], [ 356146.0834181078244, 3771093.997965412214398 ], [ 356144.862665310269222, 3771092.77721261465922 ], [ 356144.862665310269222, 3771092.47202441515401 ], [ 356154.933875890157651, 3771092.47202441515401 ], [ 356154.933875890157651, 3771093.692777212709188 ], [ 356154.628687690768857, 3771093.997965412214398 ], [ 356154.628687690768857, 3771094.303153611253947 ], [ 356154.323499491380062, 3771094.303153611253947 ], [ 356151.576805696822703, 3771097.049847405869514 ], [ 356151.271617497433908, 3771097.049847405869514 ], [ 356150.05086469987873, 3771098.270600203424692 ], [ 356149.745676500489935, 3771098.270600203424692 ] ] ] } },
{ "type": "Feature", "properties": { "confidence": 0.97723263502120972, "class": 1, "regularized": "rectangle" }, "geometry": { "type": "Polygon", "coordinates": [ [ [ 356269.03125, 3771134.25 ], [ 356277.03125, 3771133.75 ], [ 356278.59375, 3771152.75 ], [ 356270.59375, 3771153.25 ], [ 356269.03125, 3771134.25 ] ] ] } },
{ "type": "Feature", "properties": { "confidence": 0.97662955522537231, "class": 1, "regularized": null }, "geometry": { "type": "Polygon", "coordinates": [ [ [ 356051.780264496454038, 3771197.761953204404563 ], [ 356050.254323499510065, 3771196.236012207344174 ], [ 356050.254323499510065, 3771195.625635808799416 ], [ 356049.94913530012127, 3771195.320447609294206 ], [ 356049.94913530012127, 3771194.404883011244237 ], [ 356049.643947100732476, 3771194.099694811739028 ], [ 356049.643947100732476, 3771193.794506612233818 ], [ 356049.338758901343681, 3771193.489318413194269 ], [ 356049.338758901343681, 3771193.184130213689059 ], [ 356051.475076297065243, 3771191.047812818083912 ], [ 356051.780264496454038, 3771191.047812818083912 ], [ 356052.085452695842832, 3771190.742624618578702 ], [ 356052.390640895231627, 3771190.742624618578702 ], [ 356053.001017294009216, 3771190.132248219568282 ], [ 356053.611393692786805, 3771190.132248219568282 ], [ 356053.9165818921756, 3771189.827060020528734 ], [ 356054.221770091564395, 3771189.827060020528734 ], [ 356054.526958290953189, 3771189.521871821023524 ], [ 356054.832146490341984, 3771189.521871821023524 ], [ 356056.663275686674751, 3771191.353001017123461 ], [ 356056.663275686674751, 3771191.658189216628671 ], [ 356057.88402848422993, 3771192.878942014183849 ], [ 356058.189216683618724, 3771192.878942014183849 ], [ 356058.189216683618724, 3771194.099694811739028 ], [ 356056.663275686674751, 3771195.625635808799416 ], [ 356056.052899287897162, 3771195.625635808799416 ], [ 356055.137334689730778, 3771196.541200406849384 ], [ 356054.832146490341984, 3771196.541200406849384 ], [ 356054.221770091564395, 3771197.151576805859804 ], [ 356053.611393692786805, 3771197.151576805859804 ], [ 356053.001017294009216, 3771197.761953204404563 ], [ 356051.780264496454038, 3771197.761953204404563 ] ] ] } },
{ "type": "Feature", "properties": { "confidence": 0.97277474403381348, "class": 1, "regularized": null }, "geometry": { "type": "Polygon", "coordinates": [ [ [ 356048.118006103788503, 3771345.167853509541601 ], [ 356047.812817904399708, 3771344.862665310502052 ], [ 356047.507629705010913, 3771344.862665310502052 ], [ 356047.507629705010913, 3771343.947100711986423 ], [ 356047.202441505622119, 3771343.641912512946874 ], [ 356047.202441505622119, 3771339.674465920776129 ], [ 356047.507629705010913, 3771339.369277721270919 ], [ 356047.812817904399708, 3771339.369277721270919 ], [ 356048.423194303177297, 3771338.758901322260499 ], [ 356049.338758901343681, 3771338.758901322260499 ], [ 356049.643947100732476, 3771338.45371312322095 ], [ 356049.643947100732476, 3771337.843336724210531 ], [ 356049.338758901343681, 3771337.538148524705321 ], [ 356048.423194303177297, 3771337.538148524705321 ], [ 356048.118006103788503, 3771337.232960325665772 ], [ 356048.423194303177297, 3771336.927772126160562 ], [ 356048.423194303177297, 3771336.012207528110594 ], [ 356048.728382502566092, 3771336.012207528110594 ], [ 356049.643947100732476, 3771335.096642929594964 ], [ 356053.611393692786805, 3771335.096642929594964 ], [ 356053.611393692786805, 3771335.707019328605384 ], [ 356054.221770091564395, 3771336.317395727150142 ], [ 356054.221770091564395, 3771336.927772126160562 ], [ 356054.526958290953189, 3771337.232960325665772 ], [ 356054.526958290953189, 3771337.538148524705321 ], [ 356054.832146490341984, 3771337.843336724210531 ], [ 356054.832146490341984, 3771339.369277721270919 ], [ 356055.137334689730778, 3771339.674465920776129 ], [ 356055.137334689730778, 3771341.810783316381276 ], [ 356053.9165818921756, 3771343.031536113936454 ], [ 356053.611393692786805, 3771343.031536113936454 ], [ 356053.306205493398011, 3771343.336724313441664 ], [ 356053.001017294009216, 3771343.336724313441664 ], [ 356052.695829094620422, 3771343.641912512946874 ], [ 356052.085452695842832, 3771343.641912512946874 ], [ 356051.780264496454038, 3771343.947100711986423 ], [ 356051.475076297065243, 3771343.947100711986423 ], [ 356051.169888097676449, 3771344.252288911491632 ], [ 356050.559511698898859, 3771344.252288911491632 ], [ 356050.254323499510065, 3771344.557477110996842 ], [ 356049.338758901343681, 3771344.557477110996842 ], [ 356049.033570701954886, 3771344.862665310502052 ], [ 356048.728382502566092, 3771344.862665310502052 ], [ 356048.423194303177297, 3771345.167853509541601 ], [ 356048.118006103788503, 3771345.167853509541601 ] ] ] } },
{ "type": "Feature", "properties": { "confidence": 0.97261357307434082, "class": 1, "regularized": null }, "geometry": { "type": "Polygon", "coordinates": [ [ [ 355867.44659206509823, 3771321.057985757943243 ], [ 355867.141403865709435, 3771320.752797558438033 ], [ 355866.836215666320641, 3771320.752797558438033 ], [ 355866.225839267543051, 3771320.142421159893274 ], [ 355866.225839267543051, 3771319.837232960388064 ], [ 355865.920651068154257, 3771319.532044760882854 ], [ 355865.615462868765462, 3771319.532044760882854 ], [ 355865.615462868765462, 3771319.226856561377645 ], [ 355865.005086469987873, 3771318.616480162832886 ], [ 355865.310274669376668, 3771318.311291963327676 ], [ 355865.310274669376668, 3771317.700915564782917 ], [ 355865.615462868765462, 3771317.395727365277708 ], [ 355865.615462868765462, 3771315.869786368217319 ], [ 355865.310274669376668, 3771315.564598168712109 ], [ 355865.310274669376668, 3771314.954221770167351 ], [ 355865.615462868765462, 3771314.649033570662141 ], [ 355865.615462868765462, 3771314.343845371156931 ], [ 355866.836215666320641, 3771313.123092573601753 ], [ 355867.44659206509823, 3771313.123092573601753 ], [ 355867.751780264487024, 3771312.817904374562204 ], [ 355868.056968463875819, 3771312.817904374562204 ], [ 355868.362156663264614, 3771313.123092573601753 ], [ 355868.667344862653408, 3771313.123092573601753 ], [ 355868.972533062042203, 3771313.428280773106962 ], [ 355869.277721261430997, 3771313.428280773106962 ], [ 355870.193285859597381, 3771314.343845371156931 ], [ 355870.498474058986176, 3771314.343845371156931 ], [ 355871.719226856541354, 3771315.564598168712109 ], [ 355872.024415055930149, 3771315.564598168712109 ], [ 355872.939979654096533, 3771316.480162767227739 ], [ 355872.939979654096533, 3771317.700915564782917 ], [ 355872.634791454707738, 3771318.006103763822466 ], [ 355872.634791454707738, 3771319.532044760882854 ], [ 355872.329603255318943, 3771319.532044760882854 ], [ 355872.024415055930149, 3771319.837232960388064 ], [ 355872.024415055930149, 3771320.142421159893274 ], [ 355871.719226856541354, 3771320.447609358932823 ], [ 355871.41403865715256, 3771320.447609358932823 ], [ 355871.108850457763765, 3771320.752797558438033 ], [ 355870.193285859597381, 3771320.752797558438033 ], [ 355869.888097660208587, 3771321.057985757943243 ], [ 355867.44659206509823, 3771321.057985757943243 ] ] ] } },
{ "type": "Feature", "properties": { "confidence": 0.97112220525741577, "class": 1, "regularized": null }, "geometry": { "type": "Polygon", "coordinates": [ [ [ 356073.143438453727867, 3771365.005086469929665 ], [ 356072.533062054950278, 3771364.394710071384907 ], [ 356072.533062054950278, 3771363.479145472869277 ], [ 356071.922685656172689, 3771362.868769074324518 ], [ 356071.617497456783894, 3771362.868769074324518 ], [ 356071.3123092573951, 3771362.563580874819309 ], [ 356069.786368260451127, 3771362.563580874819309 ], [ 356069.481180061062332, 3771362.258392675314099 ], [ 356068.870803662284743, 3771362.258392675314099 ], [ 356067.650050864671357, 3771361.03763987775892 ], [ 356067.650050864671357, 3771360.427263479214162 ], [ 356067.344862665282562, 3771360.122075279708952 ], [ 356067.650050864671357, 3771359.816887080203742 ], [ 356067.650050864671357, 3771359.511698881164193 ], [ 356067.955239064118359, 3771359.206510681658983 ], [ 356067.955239064118359, 3771358.901322482153773 ], [ 356068.260427263507154, 3771358.901322482153773 ], [ 356069.786368260451127, 3771357.375381485093385 ], [ 356070.091556459839921, 3771357.375381485093385 ], [ 356070.396744659228716, 3771357.070193286053836 ], [ 356070.701932858617511, 3771357.070193286053836 ], [ 356071.3123092573951, 3771356.459816887043417 ], [ 356071.922685656172689, 3771356.459816887043417 ], [ 356072.227873855561484, 3771356.154628687538207 ], [ 356073.448626653116662, 3771356.154628687538207 ], [ 356073.448626653116662, 3771357.375381485093385 ], [ 356073.753814852505457, 3771357.680569684598595 ], [ 356073.753814852505457, 3771358.596134282648563 ], [ 356074.364191251283046, 3771359.206510681658983 ], [ 356075.584944048838224, 3771359.206510681658983 ], [ 356075.890132248227019, 3771358.901322482153773 ], [ 356079.247202441503759, 3771358.901322482153773 ], [ 356079.552390640892554, 3771359.206510681658983 ], [ 356079.552390640892554, 3771359.511698881164193 ], [ 356079.857578840281349, 3771359.816887080203742 ], [ 356079.857578840281349, 3771361.95320447627455 ], [ 356079.552390640892554, 3771362.258392675314099 ], [ 356079.552390640892554, 3771363.173957273829728 ], [ 356079.247202441503759, 3771363.479145472869277 ], [ 356079.247202441503759, 3771363.784333672374487 ], [ 356078.942014242114965, 3771364.089521871879697 ], [ 356078.942014242114965, 3771364.394710071384907 ], [ 356078.331637843337376, 3771365.005086469929665 ], [ 356073.143438453727867, 3771365.005086469929665 ] ] ] } },
{ "type": "Feature", "properties": { "confidence": 0.97010266780853271, "class": 1, "regularized": null }, "geometry": { "type": "Polygon", "coordinates": [ [ [ 356085.045778229890857, 3771323.80467955255881 ], [ 356084.740590030502062, 3771323.4994913530536 ], [ 356084.435401831113268, 3771323.4994913530536 ], [ 356083.214649033558089, 3771322.278738555498421 ], [ 356083.214649033558089, 3771321.973550355993211 ], [ 356082.909460834169295, 3771321.668362156488001 ], [ 356082.909460834169295, 3771321.363173957448453 ], [ 356082.6042726347805, 3771321.057985757943243 ], [ 356082.6042726347805, 3771320.752797558438033 ], [ 356082.299084435391705, 3771320.447609358932823 ], [ 356082.299084435391705, 3771320.142421159893274 ], [ 356081.993896236002911, 3771319.837232960388064 ], [ 356081.993896236002911, 3771319.532044760882854 ], [ 356081.688708036614116, 3771319.226856561377645 ], [ 356081.688708036614116, 3771317.700915564782917 ], [ 356081.993896236002911, 3771317.395727365277708 ], [ 356081.993896236002911, 3771316.785350966267288 ], [ 356082.299084435391705, 3771316.480162767227739 ], [ 356082.299084435391705, 3771316.174974567722529 ], [ 356082.6042726347805, 3771315.869786368217319 ], [ 356082.6042726347805, 3771315.564598168712109 ], [ 356082.909460834169295, 3771315.259409969672561 ], [ 356082.909460834169295, 3771314.954221770167351 ], [ 356083.519837232946884, 3771314.343845371156931 ], [ 356085.656154628668446, 3771314.343845371156931 ], [ 356085.961342828057241, 3771314.649033570662141 ], [ 356086.266531027446035, 3771314.649033570662141 ], [ 356086.57171922683483, 3771314.954221770167351 ], [ 356086.876907426223624, 3771314.954221770167351 ], [ 356087.182095625612419, 3771315.259409969672561 ], [ 356087.182095625612419, 3771315.564598168712109 ], [ 356087.487283825001214, 3771315.869786368217319 ], [ 356087.487283825001214, 3771316.480162767227739 ], [ 356087.792472024390008, 3771316.785350966267288 ], [ 356087.792472024390008, 3771317.090539165772498 ], [ 356088.402848423167598, 3771317.700915564782917 ], [ 356088.402848423167598, 3771318.616480162832886 ], [ 356088.708036622556392, 3771318.921668362338096 ], [ 356088.708036622556392, 3771320.142421159893274 ], [ 356089.013224821945187, 3771320.447609358932823 ], [ 356089.013224821945187, 3771321.057985757943243 ], [ 356088.708036622556392, 3771321.363173957448453 ], [ 356088.708036622556392, 3771322.88911495404318 ], [ 356088.402848423167598, 3771323.19430315354839 ], [ 356088.402848423167598, 3771323.4994913530536 ], [ 356087.487283825001214, 3771323.4994913530536 ], [ 356087.182095625612419, 3771323.80467955255881 ], [ 356085.045778229890857, 3771323.80467955255881 ] ] ] } },
{ "type": "Feature", "properties": { "confidence": 0.96982938051223755, "class": 1, "regularized": null }, "geometry": { "type": "Polygon", "coordinates": [ [ [ 356009.969481180072762, 3771356.765005086548626 ], [ 356009.664292980683967, 3771356.459816887043417 ], [ 356009.359104781295173, 3771356.459816887043417 ], [ 356008.748728382517584, 3771355.849440488498658 ], [ 356008.748728382517584, 3771352.187182095833123 ], [ 356009.053916581906378, 3771352.187182095833123 ], [ 356009.359104781295173, 3771351.881993896327913 ], [ 356009.359104781295173, 3771351.271617497317493 ], [ 356008.748728382517584, 3771350.661241098772734 ], [ 356008.748728382517584, 3771349.745676500722766 ], [ 356011.495422177016735, 3771349.745676500722766 ], [ 356011.495422177016735, 3771350.050864699762315 ], [ 356011.80061037640553, 3771350.356052899267524 ], [ 356013.326551373349503, 3771350.356052899267524 ], [ 356013.631739572738297, 3771350.050864699762315 ], [ 356013.936927772127092, 3771350.050864699762315 ], [ 356014.242115971515886, 3771349.745676500722766 ], [ 356015.462868769071065, 3771349.745676500722766 ], [ 356015.768056968459859, 3771349.440488301217556 ], [ 356017.599186164792627, 3771349.440488301217556 ], [ 356017.904374364181422, 3771349.745676500722766 ], [ 356017.904374364181422, 3771350.356052899267524 ], [ 356018.209562563570216, 3771350.661241098772734 ], [ 356018.209562563570216, 3771353.407934893388301 ], [ 356017.599186164792627, 3771354.01831129193306 ], [ 356017.599186164792627, 3771354.32349949143827 ], [ 356016.988809766015038, 3771354.32349949143827 ], [ 356016.683621566626243, 3771354.62868769094348 ], [ 356016.378433367237449, 3771354.62868769094348 ], [ 356016.073245167848654, 3771354.933875889983028 ], [ 356015.462868769071065, 3771354.933875889983028 ], [ 356015.15768056968227, 3771355.239064089488238 ], [ 356014.852492370293476, 3771355.239064089488238 ], [ 356014.547304170904681, 3771355.544252288993448 ], [ 356014.242115971515886, 3771355.544252288993448 ], [ 356013.936927772127092, 3771355.849440488498658 ], [ 356013.326551373349503, 3771355.849440488498658 ], [ 356013.021363173960708, 3771356.154628687538207 ], [ 356012.716174974571913, 3771356.154628687538207 ], [ 356012.410986775183119, 3771356.459816887043417 ], [ 356011.495422177016735, 3771356.459816887043417 ], [ 356011.19023397762794, 3771356.765005086548626 ], [ 356009.969481180072762, 3771356.765005086548626 ] ] ] } },
{ "type": "Feature", "properties": { "confidence": 0.96969765424728394, "class": 1, "regularized": null }, "geometry": { "type": "Polygon", "coordinates": [ [ [ 355810.376398779219016, 3771552.085452695842832 ], [ 355808.850457782275043, 3771550.559511698782444 ], [ 355808.545269582886249, 3771550.559511698782444 ], [ 355806.714140386553481, 3771548.728382502682507 ], [ 355806.714140386553481, 3771548.423194303177297 ], [ 355806.408952187164687, 3771548.118006103672087 ], [ 355806.408952187164687, 3771547.202441505622119 ], [ 355806.714140386553481, 3771546.897253306116909 ], [ 355806.714140386553481, 3771546.592065106611699 ], [ 355807.019328585942276, 3771546.28687690757215 ], [ 355807.629704984719865, 3771546.28687690757215 ], [ 355807.93489318410866, 3771545.98168870806694 ], [ 355809.460834181052633, 3771545.98168870806694 ], [ 355810.681586978607811, 3771544.760935910511762 ], [ 355810.681586978607811, 3771544.455747711006552 ], [ 355810.986775178054813, 3771544.455747711006552 ], [ 355811.291963377443608, 3771544.150559511501342 ], [ 355813.42828077316517, 3771544.150559511501342 ], [ 355813.733468972553965, 3771544.455747711006552 ], [ 355814.038657171942759, 3771544.455747711006552 ], [ 355814.343845371331554, 3771544.760935910511762 ], [ 355814.343845371331554, 3771545.066124110016972 ], [ 355814.649033570720349, 3771545.37131230905652 ], [ 355814.649033570720349, 3771546.592065106611699 ], [ 355814.343845371331554, 3771546.897253306116909 ], [ 355814.343845371331554, 3771548.118006103672087 ], [ 355814.038657171942759, 3771548.118006103672087 ], [ 355813.123092573776376, 3771549.033570701722056 ], [ 355813.123092573776376, 3771549.338758901227266 ], [ 355812.512716174998786, 3771549.949135300237685 ], [ 355812.512716174998786, 3771550.559511698782444 ], [ 355810.986775178054813, 3771552.085452695842832 ], [ 355810.376398779219016, 3771552.085452695842832 ] ] ] } },
{ "type": "Feature", "properties": { "confidence": 0.96897280216217041, "class": 1, "regularized": null }, "geometry": { "type": "Polygon", "coordinates": [ [ [ 356179.654120040708221, 3771206.002034587785602 ], [ 356179.654120040708221, 3771202.950152594130486 ], [ 356179.959308240097016, 3771202.644964394625276 ], [ 356179.959308240097016, 3771202.034587996080518 ], [ 356180.264496439485811, 3771201.729399796575308 ], [ 356180.264496439485811, 3771201.424211597070098 ], [ 356180.569684638874605, 3771201.119023397564888 ], [ 356180.569684638874605, 3771200.813835198525339 ], [ 356181.485249237040989, 3771199.89827060000971 ], [ 356181.485249237040989, 3771199.593082400970161 ], [ 356182.095625635818578, 3771198.982706001959741 ], [ 356183.621566632762551, 3771198.982706001959741 ], [ 356183.926754832151346, 3771199.287894201464951 ], [ 356185.147507629706524, 3771199.287894201464951 ], [ 356185.147507629706524, 3771199.593082400970161 ], [ 356185.452695829095319, 3771199.89827060000971 ], [ 356185.452695829095319, 3771200.813835198525339 ], [ 356185.147507629706524, 3771201.119023397564888 ], [ 356185.147507629706524, 3771202.034587996080518 ], [ 356184.84231943031773, 3771202.339776195120066 ], [ 356184.84231943031773, 3771202.644964394625276 ], [ 356184.537131230928935, 3771202.644964394625276 ], [ 356184.231943031540141, 3771202.950152594130486 ], [ 356183.926754832151346, 3771202.950152594130486 ], [ 356183.621566632762551, 3771203.255340793635696 ], [ 356183.621566632762551, 3771203.560528992675245 ], [ 356183.316378433373757, 3771203.865717192180455 ], [ 356183.316378433373757, 3771204.170905391685665 ], [ 356182.706002034596168, 3771203.560528992675245 ], [ 356181.790437436429784, 3771203.560528992675245 ], [ 356180.8748728382634, 3771204.476093591190875 ], [ 356180.569684638874605, 3771204.476093591190875 ], [ 356180.264496439485811, 3771204.781281790230423 ], [ 356180.264496439485811, 3771205.391658189240843 ], [ 356179.959308240097016, 3771205.696846388746053 ], [ 356179.959308240097016, 3771206.002034587785602 ], [ 356179.654120040708221, 3771206.002034587785602 ] ] ] } },
{ "type": "Feature", "properties": { "confidence": 0.96886247396469116, "class": 1, "regularized": null }, "geometry": { "type": "Polygon", "coordinates": [ [ [ 356034.384537131234538, 3771343.336724313441664 ], [ 356034.384537131234538, 3771335.096642929594964 ], [ 356034.689725330623332, 3771335.096642929594964 ], [ 356034.994913530012127, 3771335.401831129100174 ], [ 356035.605289928789716, 3771335.401831129100174 ], [ 356036.5208545269561, 3771336.317395727150142 ], [ 356036.5208545269561, 3771336.622583926655352 ], [ 356036.826042726344895, 3771336.927772126160562 ], [ 356036.826042726344895, 3771337.538148524705321 ], [ 356037.436419125122484, 3771338.14852492371574 ], [ 356037.436419125122484, 3771338.45371312322095 ], [ 356038.046795523900073, 3771339.064089521765709 ], [ 356038.046795523900073, 3771339.369277721270919 ], [ 356038.351983723288868, 3771339.674465920776129 ], [ 356038.351983723288868, 3771340.284842319320887 ], [ 356038.657171922677662, 3771340.590030518826097 ], [ 356038.657171922677662, 3771342.421159714926034 ], [ 356038.351983723288868, 3771342.726347914431244 ], [ 356036.215666327567305, 3771342.726347914431244 ], [ 356035.910478128178511, 3771343.031536113936454 ], [ 356035.300101729400922, 3771343.031536113936454 ], [ 356034.994913530012127, 3771343.336724313441664 ], [ 356034.384537131234538, 3771343.336724313441664 ] ] ] } },
{ "type": "Feature", "properties": { "confidence": 0.96856963634490967, "class": 1, "regularized": null }, "geometry": { "type": "Polygon", "coordinates": [ [ [ 356062.461851475061849, 3771040.895218718331307 ], [ 356062.156663275673054, 3771040.590030518826097 ], [ 356061.85147507628426, 3771040.590030518826097 ], [ 356061.85147507628426, 3771040.284842319320887 ], [ 356061.24109867750667, 3771039.674465920776129 ], [ 356061.24109867750667, 3771039.064089521765709 ], [ 356060.630722278729081, 3771038.45371312322095 ], [ 356060.630722278729081, 3771038.14852492371574 ], [ 356060.020345879951492, 3771037.538148524705321 ], [ 356060.020345879951492, 3771037.232960325665772 ], [ 356059.715157680562697, 3771036.927772126160562 ], [ 356059.715157680562697, 3771035.707019328605384 ], [ 356060.020345879951492, 3771035.401831129100174 ], [ 356060.020345879951492, 3771035.096642929594964 ], [ 356060.630722278729081, 3771034.486266531050205 ], [ 356061.24109867750667, 3771034.486266531050205 ], [ 356061.546286876895465, 3771034.181078331544995 ], [ 356062.156663275673054, 3771034.181078331544995 ], [ 356062.461851475061849, 3771033.875890132039785 ], [ 356063.072227873839438, 3771033.875890132039785 ], [ 356063.377416073228233, 3771033.570701933000237 ], [ 356063.987792472005822, 3771033.570701933000237 ], [ 356064.903357070172206, 3771032.655137334484607 ], [ 356065.208545269561, 3771032.655137334484607 ], [ 356065.513733468949795, 3771032.349949135445058 ], [ 356065.818921668338589, 3771032.349949135445058 ], [ 356066.124109867727384, 3771032.044760935939848 ], [ 356067.344862665282562, 3771032.044760935939848 ], [ 356067.344862665282562, 3771032.960325533989817 ], [ 356067.650050864671357, 3771033.265513733495027 ], [ 356067.650050864671357, 3771033.570701933000237 ], [ 356068.260427263507154, 3771034.181078331544995 ], [ 356068.260427263507154, 3771034.486266531050205 ], [ 356068.870803662284743, 3771035.096642929594964 ], [ 356068.870803662284743, 3771035.401831129100174 ], [ 356069.175991861673538, 3771035.707019328605384 ], [ 356069.175991861673538, 3771036.317395727150142 ], [ 356069.481180061062332, 3771036.622583926655352 ], [ 356069.481180061062332, 3771038.14852492371574 ], [ 356069.175991861673538, 3771038.45371312322095 ], [ 356069.175991861673538, 3771039.369277721270919 ], [ 356068.260427263507154, 3771040.284842319320887 ], [ 356067.650050864671357, 3771040.284842319320887 ], [ 356067.344862665282562, 3771040.590030518826097 ], [ 356065.208545269561, 3771040.590030518826097 ], [ 356064.903357070172206, 3771040.895218718331307 ], [ 356062.461851475061849, 3771040.895218718331307 ] ] ] } },
{ "type": "Feature", "properties": { "confidence": 0.96766203641891479, "class": 1, "regularized": null }, "geometry": { "type": "Polygon", "coordinates": [ [ [ 355976.093591047800146, 3771101.017293998040259 ], [ 355975.788402848411351, 3771100.712105798535049 ], [ 355975.483214649022557, 3771100.712105798535049 ], [ 355974.567650050856173, 3771099.79654120048508 ], [ 355974.567650050856173, 3771099.491353000979871 ], [ 355974.262461851467378, 3771099.186164801474661 ], [ 355974.262461851467378, 3771098.880976602435112 ], [ 355973.957273652078584, 3771098.575788402929902 ], [ 355973.957273652078584, 3771097.660223804879934 ], [ 355973.652085452689789, 3771097.355035605374724 ], [ 355973.652085452689789, 3771093.997965412214398 ], [ 355973.346897253300995, 3771093.692777212709188 ], [ 355973.346897253300995, 3771092.77721261465922 ], [ 355973.652085452689789, 3771092.47202441515401 ], [ 355973.652085452689789, 3771092.1668362156488 ], [ 355973.957273652078584, 3771091.86164801614359 ], [ 355973.957273652078584, 3771091.556459817104042 ], [ 355976.398779247188941, 3771089.114954221993685 ], [ 355977.314343845355324, 3771089.114954221993685 ], [ 355977.924720244132914, 3771089.725330620538443 ], [ 355977.924720244132914, 3771090.030518820043653 ], [ 355978.229908443521708, 3771090.335707019548863 ], [ 355978.229908443521708, 3771090.946083418093622 ], [ 355978.840284842299297, 3771091.556459817104042 ], [ 355979.145473041688092, 3771091.556459817104042 ], [ 355979.145473041688092, 3771091.86164801614359 ], [ 355979.450661241076887, 3771092.1668362156488 ], [ 355979.755849440465681, 3771092.1668362156488 ], [ 355979.755849440465681, 3771092.47202441515401 ], [ 355980.36622583924327, 3771093.082400813698769 ], [ 355980.36622583924327, 3771093.692777212709188 ], [ 355980.061037639854476, 3771093.997965412214398 ], [ 355980.061037639854476, 3771094.608341810759157 ], [ 355979.450661241076887, 3771095.218718209769577 ], [ 355979.450661241076887, 3771095.523906408809125 ], [ 355978.840284842299297, 3771096.134282807819545 ], [ 355978.840284842299297, 3771096.439471007324755 ], [ 355978.535096642910503, 3771096.744659206364304 ], [ 355978.535096642910503, 3771097.049847405869514 ], [ 355978.229908443521708, 3771097.355035605374724 ], [ 355978.229908443521708, 3771098.575788402929902 ], [ 355978.535096642910503, 3771098.880976602435112 ], [ 355978.840284842299297, 3771098.880976602435112 ], [ 355978.840284842299297, 3771099.186164801474661 ], [ 355978.535096642910503, 3771099.186164801474661 ], [ 355976.703967446577735, 3771101.017293998040259 ], [ 355976.093591047800146, 3771101.017293998040259 ] ] ] } },
{ "type": "Feature", "properties": { "confidence": 0.96760731935501099, "class": 1, "regularized": null }, "geometry": { "type": "Polygon", "coordinates": [ [ [ 356389.623601220780984, 3771545.67650050856173 ], [ 356389.318413021392189, 3771545.37131230905652 ], [ 356389.013224821945187, 3771545.37131230905652 ], [ 356389.013224821945187, 3771545.066124110016972 ], [ 356388.708036622556392, 3771544.760935910511762 ], [ 356388.708036622556392, 3771536.215666327625513 ], [ 356389.013224821945187, 3771535.910478128120303 ], [ 356389.013224821945187, 3771535.605289928615093 ], [ 356389.623601220780984, 3771534.994913530070335 ], [ 356394.506612411001697, 3771534.994913530070335 ], [ 356394.811800610390492, 3771535.300101729575545 ], [ 356396.642929806723259, 3771535.300101729575545 ], [ 356396.642929806723259, 3771535.605289928615093 ], [ 356397.253306205500849, 3771536.215666327625513 ], [ 356397.253306205500849, 3771536.826042726170272 ], [ 356397.558494404889643, 3771537.131230925675482 ], [ 356397.558494404889643, 3771538.04679552372545 ], [ 356397.253306205500849, 3771538.35198372323066 ], [ 356397.253306205500849, 3771539.267548321280628 ], [ 356396.642929806723259, 3771539.877924720291048 ], [ 356396.642929806723259, 3771540.183112919796258 ], [ 356396.337741607334465, 3771540.488301118835807 ], [ 356396.337741607334465, 3771543.234994913451374 ], [ 356396.03255340794567, 3771543.234994913451374 ], [ 356395.727365208556876, 3771543.540183112956583 ], [ 356395.727365208556876, 3771544.455747711006552 ], [ 356395.422177009168081, 3771544.455747711006552 ], [ 356395.116988809779286, 3771544.760935910511762 ], [ 356394.811800610390492, 3771544.760935910511762 ], [ 356394.506612411001697, 3771545.066124110016972 ], [ 356393.285859613446519, 3771545.066124110016972 ], [ 356392.980671414057724, 3771545.37131230905652 ], [ 356391.759918616502546, 3771545.37131230905652 ], [ 356391.454730417113751, 3771545.67650050856173 ], [ 356389.623601220780984, 3771545.67650050856173 ] ] ] } },
{ "type": "Feature", "properties": { "confidence": 0.96647167205810547, "class": 1, "regularized": null }, "geometry": { "type": "Polygon", "coordinates": [ [ [ 356067.344862665282562, 3771156.256358087528497 ], [ 356067.344862665282562, 3771154.730417090468109 ], [ 356069.786368260451127, 3771152.288911495357752 ], [ 356070.091556459839921, 3771152.288911495357752 ], [ 356070.396744659228716, 3771151.983723295852542 ], [ 356071.617497456783894, 3771151.983723295852542 ], [ 356071.922685656172689, 3771152.288911495357752 ], [ 356072.227873855561484, 3771152.288911495357752 ], [ 356072.227873855561484, 3771153.20447609340772 ], [ 356072.533062054950278, 3771153.50966429291293 ], [ 356073.143438453727867, 3771153.50966429291293 ], [ 356073.143438453727867, 3771156.256358087528497 ], [ 356067.344862665282562, 3771156.256358087528497 ] ] ] } },
{ "type": "Feature", "properties": { "confidence": 0.96605819463729858, "class": 1, "regularized": null }, "geometry": { "type": "Polygon", "coordinates": [ [ [ 356304.170905391685665, 3771432.756866734474897 ], [ 356302.950152594072279, 3771431.536113936919719 ], [ 356302.950152594072279, 3771431.230925737414509 ], [ 356301.7293997965171, 3771430.010172939859331 ], [ 356301.7293997965171, 3771429.704984740819782 ], [ 356301.424211597128306, 3771429.399796541314572 ], [ 356301.424211597128306, 3771429.094608341809362 ], [ 356301.119023397739511, 3771428.789420142304152 ], [ 356301.119023397739511, 3771428.484231942798942 ], [ 356300.813835198350716, 3771428.179043743759394 ], [ 356300.813835198350716, 3771424.821973550133407 ], [ 356302.034587995905895, 3771423.601220752578229 ], [ 356303.86571719229687, 3771423.601220752578229 ], [ 356304.170905391685665, 3771423.29603255353868 ], [ 356305.391658189240843, 3771423.29603255353868 ], [ 356305.696846388629638, 3771423.601220752578229 ], [ 356306.307222787407227, 3771423.601220752578229 ], [ 356306.307222787407227, 3771426.958290946204215 ], [ 356306.612410986796021, 3771427.263479145243764 ], [ 356306.612410986796021, 3771427.568667344748974 ], [ 356306.917599186184816, 3771427.873855544254184 ], [ 356307.527975584962405, 3771427.873855544254184 ], [ 356307.527975584962405, 3771432.451678534969687 ], [ 356306.307222787407227, 3771432.451678534969687 ], [ 356306.002034588018432, 3771432.756866734474897 ], [ 356304.170905391685665, 3771432.756866734474897 ] ] ] } },
{ "type": "Feature", "properties": { "confidence": 0.96308213472366333, "class": 1, "regularized": null }, "geometry": { "type": "Polygon", "coordinates": [ [ [ 356255.035605289915111, 3771204.476093591190875 ], [ 356255.035605289915111, 3771204.170905391685665 ], [ 356254.730417090526316, 3771203.865717192180455 ], [ 356254.730417090526316, 3771203.560528992675245 ], [ 356254.425228891137522, 3771203.255340793635696 ], [ 356252.594099694804754, 3771203.255340793635696 ], [ 356251.983723296027165, 3771202.644964394625276 ], [ 356251.983723296027165, 3771201.729399796575308 ], [ 356251.67853509663837, 3771201.424211597070098 ], [ 356251.67853509663837, 3771200.813835198525339 ], [ 356251.373346897249576, 3771200.508646999020129 ], [ 356251.373346897249576, 3771199.89827060000971 ], [ 356251.068158697860781, 3771199.593082400970161 ], [ 356251.068158697860781, 3771199.287894201464951 ], [ 356250.762970498471987, 3771198.982706001959741 ], [ 356250.762970498471987, 3771196.846388606354594 ], [ 356251.068158697860781, 3771196.846388606354594 ], [ 356251.373346897249576, 3771196.541200406849384 ], [ 356251.67853509663837, 3771196.541200406849384 ], [ 356251.983723296027165, 3771196.236012207344174 ], [ 356253.204476093582343, 3771196.236012207344174 ], [ 356253.509664292971138, 3771196.541200406849384 ], [ 356253.814852492359933, 3771196.541200406849384 ], [ 356254.425228891137522, 3771197.151576805859804 ], [ 356254.730417090526316, 3771197.151576805859804 ], [ 356256.561546286859084, 3771198.982706001959741 ], [ 356256.561546286859084, 3771202.644964394625276 ], [ 356256.866734486247879, 3771202.950152594130486 ], [ 356256.866734486247879, 3771203.560528992675245 ], [ 356256.561546286859084, 3771203.560528992675245 ], [ 356256.256358087470289, 3771203.865717192180455 ], [ 356256.256358087470289, 3771204.170905391685665 ], [ 356255.951169888081495, 3771204.476093591190875 ], [ 356255.035605289915111, 3771204.476093591190875 ] ] ] } },
{ "type": "Feature", "properties": { "confidence": 0.96168887615203857, "class": 1, "regularized": null }, "geometry": { "type": "Polygon", "coordinates": [ [ [ 356018.514750762959011, 3771098.270600203424692 ], [ 356018.514750762959011, 3771097.965412003919482 ], [ 356018.209562563570216, 3771097.660223804879934 ], [ 356018.209562563570216, 3771097.355035605374724 ], [ 356017.904374364181422, 3771097.049847405869514 ], [ 356017.904374364181422, 3771096.439471007324755 ], [ 356018.819938962347806, 3771095.523906408809125 ], [ 356019.1251271617366, 3771095.523906408809125 ], [ 356019.430315361125395, 3771095.218718209769577 ], [ 356019.430315361125395, 3771094.913530010264367 ], [ 356019.735503560514189, 3771094.913530010264367 ], [ 356020.040691759902984, 3771094.608341810759157 ], [ 356020.040691759902984, 3771094.303153611253947 ], [ 356020.345879959291779, 3771094.303153611253947 ], [ 356021.261444557458162, 3771093.387589013203979 ], [ 356021.261444557458162, 3771093.082400813698769 ], [ 356021.566632756846957, 3771093.082400813698769 ], [ 356021.871820956235752, 3771092.77721261465922 ], [ 356021.871820956235752, 3771092.47202441515401 ], [ 356024.923702950123698, 3771092.47202441515401 ], [ 356024.923702950123698, 3771093.387589013203979 ], [ 356023.702950152568519, 3771094.608341810759157 ], [ 356023.702950152568519, 3771094.913530010264367 ], [ 356022.787385554402135, 3771095.829094608314335 ], [ 356022.787385554402135, 3771096.134282807819545 ], [ 356022.482197355013341, 3771096.134282807819545 ], [ 356021.871820956235752, 3771096.744659206364304 ], [ 356021.566632756846957, 3771096.744659206364304 ], [ 356020.956256358069368, 3771097.355035605374724 ], [ 356020.956256358069368, 3771097.660223804879934 ], [ 356020.651068158680573, 3771097.660223804879934 ], [ 356020.040691759902984, 3771098.270600203424692 ], [ 356018.514750762959011, 3771098.270600203424692 ] ] ] } },
{ "type": "Feature", "properties": { "confidence": 0.96094280481338501, "class": 1, "regularized": null }, "geometry": { "type": "Polygon", "coordinates": [ [ [ 355942.522889114974532, 3771070.193285859655589 ], [ 355942.217700915585738, 3771069.888097660150379 ], [ 355940.38657171925297, 3771069.888097660150379 ], [ 355940.081383519864175, 3771069.582909460645169 ], [ 355939.776195320475381, 3771069.582909460645169 ], [ 355939.776195320475381, 3771069.27772126160562 ], [ 355938.860630722250789, 3771068.362156663089991 ], [ 355938.860630722250789, 3771067.446592065040022 ], [ 355939.165818921639584, 3771067.141403865534812 ], [ 355939.165818921639584, 3771066.836215666495264 ], [ 355939.776195320475381, 3771066.225839267484844 ], [ 355939.776195320475381, 3771065.920651067979634 ], [ 355940.081383519864175, 3771065.615462868940085 ], [ 355940.081383519864175, 3771065.310274669434875 ], [ 355940.691759918641765, 3771064.699898270424455 ], [ 355940.691759918641765, 3771064.394710071384907 ], [ 355940.996948118030559, 3771064.394710071384907 ], [ 355942.217700915585738, 3771063.173957273829728 ], [ 355942.522889114974532, 3771063.173957273829728 ], [ 355942.828077314363327, 3771062.868769074324518 ], [ 355947.100712105806451, 3771062.868769074324518 ], [ 355947.405900305195246, 3771063.173957273829728 ], [ 355948.016276703972835, 3771063.173957273829728 ], [ 355948.016276703972835, 3771063.479145472869277 ], [ 355948.32146490336163, 3771063.784333672374487 ], [ 355948.32146490336163, 3771064.394710071384907 ], [ 355948.626653102750424, 3771064.699898270424455 ], [ 355948.626653102750424, 3771065.005086469929665 ], [ 355949.237029501528013, 3771065.615462868940085 ], [ 355949.237029501528013, 3771066.836215666495264 ], [ 355948.32146490336163, 3771067.751780264545232 ], [ 355948.016276703972835, 3771067.751780264545232 ], [ 355946.490335707028862, 3771069.27772126160562 ], [ 355946.185147507640067, 3771069.27772126160562 ], [ 355945.879959308251273, 3771069.582909460645169 ], [ 355945.574771108862478, 3771069.582909460645169 ], [ 355945.269582909473684, 3771069.888097660150379 ], [ 355944.964394710084889, 3771069.888097660150379 ], [ 355944.659206510696094, 3771070.193285859655589 ], [ 355942.522889114974532, 3771070.193285859655589 ] ] ] } },
{ "type": "Feature", "properties": { "confidence": 0.96084290742874146, "class": 1, "regularized": null }, "geometry": { "type": "Polygon", "coordinates": [ [ [ 356278.840284842299297, 3771582.604272634722292 ], [ 356278.535096642910503, 3771582.299084435217083 ], [ 356277.314343845355324, 3771582.299084435217083 ], [ 356277.00915564596653, 3771581.993896236177534 ], [ 356276.703967446577735, 3771581.993896236177534 ], [ 356276.093591047800146, 3771581.383519837167114 ], [ 356276.093591047800146, 3771579.247202441561967 ], [ 356275.788402848411351, 3771578.942014242056757 ], [ 356275.788402848411351, 3771578.331637843511999 ], [ 356275.483214649022557, 3771578.026449644006789 ], [ 356275.483214649022557, 3771577.721261444501579 ], [ 356274.262461851467378, 3771576.5005086469464 ], [ 356274.262461851467378, 3771575.890132248401642 ], [ 356273.957273652078584, 3771575.584944048896432 ], [ 356273.957273652078584, 3771573.753814852330834 ], [ 356273.652085452689789, 3771573.448626653291285 ], [ 356273.652085452689789, 3771571.312309257220477 ], [ 356273.957273652078584, 3771571.007121058180928 ], [ 356274.567650050856173, 3771571.007121058180928 ], [ 356274.872838250244968, 3771570.701932858675718 ], [ 356275.178026449633762, 3771570.701932858675718 ], [ 356275.483214649022557, 3771571.007121058180928 ], [ 356276.703967446577735, 3771571.007121058180928 ], [ 356277.00915564596653, 3771571.312309257220477 ], [ 356277.314343845355324, 3771571.312309257220477 ], [ 356278.229908443521708, 3771572.227873855736107 ], [ 356278.535096642910503, 3771572.227873855736107 ], [ 356278.535096642910503, 3771573.143438453786075 ], [ 356279.145473041688092, 3771573.753814852330834 ], [ 356279.145473041688092, 3771574.059003051836044 ], [ 356279.755849440465681, 3771574.669379450846463 ], [ 356279.755849440465681, 3771574.974567649886012 ], [ 356280.061037639854476, 3771575.279755849391222 ], [ 356280.061037639854476, 3771575.584944048896432 ], [ 356280.671414038632065, 3771576.19532044744119 ], [ 356280.671414038632065, 3771576.80569684645161 ], [ 356280.97660223802086, 3771577.11088504595682 ], [ 356281.281790437409654, 3771577.11088504595682 ], [ 356281.281790437409654, 3771577.416073244996369 ], [ 356281.586978636798449, 3771577.721261444501579 ], [ 356281.586978636798449, 3771578.636826042551547 ], [ 356281.892166836187243, 3771578.942014242056757 ], [ 356281.892166836187243, 3771580.162767039611936 ], [ 356281.586978636798449, 3771580.467955239117146 ], [ 356281.586978636798449, 3771581.383519837167114 ], [ 356280.97660223802086, 3771581.993896236177534 ], [ 356280.671414038632065, 3771581.993896236177534 ], [ 356280.061037639854476, 3771582.604272634722292 ], [ 356278.840284842299297, 3771582.604272634722292 ] ] ] } },
{ "type": "Feature", "properties": { "confidence": 0.96042245626449585, "class": 1, "regularized": null }, "geometry": { "type": "Polygon", "coordinates": [ [ [ 356002.950152594072279, 3771280.162767039611936 ], [ 356002.644964394683484, 3771279.857578840106726 ], [ 356002.339776195294689, 3771279.857578840106726 ], [ 356002.034587995905895, 3771279.552390641067177 ], [ 356001.7293997965171, 3771279.552390641067177 ], [ 356001.424211597128306, 3771279.247202441561967 ], [ 356000.813835198350716, 3771279.247202441561967 ], [ 355999.898270600184333, 3771278.331637843511999 ], [ 355999.898270600184333, 3771275.890132248401642 ], [ 355999.593082400795538, 3771275.584944048896432 ], [ 355999.593082400795538, 3771274.974567649886012 ], [ 356000.508646998961922, 3771274.059003051836044 ], [ 356000.813835198350716, 3771274.059003051836044 ], [ 356001.119023397739511, 3771273.753814852330834 ], [ 356001.424211597128306, 3771273.753814852330834 ], [ 356001.7293997965171, 3771273.448626653291285 ], [ 356002.034587995905895, 3771273.448626653291285 ], [ 356002.339776195294689, 3771273.143438453786075 ], [ 356002.644964394683484, 3771273.143438453786075 ], [ 356002.950152594072279, 3771272.838250254280865 ], [ 356003.86571719229687, 3771272.838250254280865 ], [ 356004.170905391685665, 3771272.533062054775655 ], [ 356006.917599186184816, 3771272.533062054775655 ], [ 356007.222787385573611, 3771272.838250254280865 ], [ 356007.222787385573611, 3771274.059003051836044 ], [ 356008.138351983739994, 3771274.974567649886012 ], [ 356008.443540183128789, 3771274.974567649886012 ], [ 356009.053916581906378, 3771275.584944048896432 ], [ 356009.359104781295173, 3771275.584944048896432 ], [ 356009.359104781295173, 3771276.19532044744119 ], [ 356009.664292980683967, 3771276.5005086469464 ], [ 356009.664292980683967, 3771278.331637843511999 ], [ 356009.359104781295173, 3771278.636826042551547 ], [ 356009.053916581906378, 3771278.636826042551547 ], [ 356008.748728382517584, 3771278.942014242056757 ], [ 356007.8331637843512, 3771278.942014242056757 ], [ 356007.527975584962405, 3771279.247202441561967 ], [ 356006.002034588018432, 3771279.247202441561967 ], [ 356005.696846388629638, 3771279.552390641067177 ], [ 356005.086469989852048, 3771279.552390641067177 ], [ 356004.781281790463254, 3771279.857578840106726 ], [ 356004.170905391685665, 3771279.857578840106726 ], [ 356003.86571719229687, 3771280.162767039611936 ], [ 356002.950152594072279, 3771280.162767039611936 ] ] ] } },
{ "type": "Feature", "properties": { "confidence": 0.9596182107925415, "class": 1, "regularized": "rectangle" }, "geometry": { "type": "Polygon", "coordinates": [ [ [ 355914.46875, 3771348.5 ], [ 355914.90625, 3771325.5 ], [ 355925.21875, 3771325.5 ], [ 355924.78125, 3771348.5 ], [ 355914.46875, 3771348.5 ] ] ] } },
{ "type": "Feature", "properties": { "confidence": 0.95521259307861328, "class": 1, "regularized": null }, "geometry": { "type": "Polygon", "coordinates": [ [ [ 356034.384537131234538, 3771404.984740590211004 ], [ 356034.384537131234538, 3771404.679552390705794 ], [ 356034.689725330623332, 3771404.679552390705794 ], [ 356034.994913530012127, 3771404.374364191200584 ], [ 356034.994913530012127, 3771404.069175991695374 ], [ 356035.300101729400922, 3771403.763987792655826 ], [ 356035.300101729400922, 3771402.848423194140196 ], [ 356035.605289928789716, 3771402.848423194140196 ], [ 356035.910478128178511, 3771402.543234995100647 ], [ 356035.910478128178511, 3771402.238046795595437 ], [ 356036.215666327567305, 3771401.932858596090227 ], [ 356036.215666327567305, 3771401.322482197545469 ], [ 356035.910478128178511, 3771401.017293998040259 ], [ 356035.300101729400922, 3771401.017293998040259 ], [ 356034.994913530012127, 3771401.322482197545469 ], [ 356034.384537131234538, 3771401.322482197545469 ], [ 356034.384537131234538, 3771400.10172939999029 ], [ 356034.994913530012127, 3771400.10172939999029 ], [ 356035.300101729400922, 3771399.79654120048508 ], [ 356035.300101729400922, 3771398.880976602435112 ], [ 356035.605289928789716, 3771398.575788402929902 ], [ 356035.605289928789716, 3771397.660223804879934 ], [ 356036.5208545269561, 3771396.744659206364304 ], [ 356036.826042726344895, 3771396.744659206364304 ], [ 356037.131230925733689, 3771396.439471007324755 ], [ 356038.046795523900073, 3771396.439471007324755 ], [ 356038.351983723288868, 3771396.744659206364304 ], [ 356038.657171922677662, 3771396.744659206364304 ], [ 356039.267548321455251, 3771397.355035605374724 ], [ 356039.267548321455251, 3771398.270600203424692 ], [ 356038.657171922677662, 3771398.880976602435112 ], [ 356038.657171922677662, 3771399.186164801474661 ], [ 356038.351983723288868, 3771399.491353000979871 ], [ 356038.351983723288868, 3771400.712105798535049 ], [ 356038.046795523900073, 3771401.017293998040259 ], [ 356038.046795523900073, 3771402.848423194140196 ], [ 356037.741607324511278, 3771403.153611393645406 ], [ 356037.741607324511278, 3771403.458799593150616 ], [ 356037.436419125122484, 3771403.763987792655826 ], [ 356037.131230925733689, 3771403.763987792655826 ], [ 356036.5208545269561, 3771404.374364191200584 ], [ 356036.215666327567305, 3771404.374364191200584 ], [ 356035.910478128178511, 3771404.679552390705794 ], [ 356035.605289928789716, 3771404.679552390705794 ], [ 356035.300101729400922, 3771404.984740590211004 ], [ 356034.384537131234538, 3771404.984740590211004 ] ] ] } },
{ "type": "Feature", "properties": { "confidence": 0.95356112718582153, "class": 1, "regularized": null }, "geometry": { "type": "Polygon", "coordinates": [ [ [ 355950.152594099694397, 3771057.985757884103805 ], [ 355949.542217700916808, 3771057.375381485093385 ], [ 355949.542217700916808, 3771056.765005086548626 ], [ 355949.237029501528013, 3771056.459816887043417 ], [ 355949.237029501528013, 3771056.154628687538207 ], [ 355948.931841302139219, 3771055.849440488498658 ], [ 355948.931841302139219, 3771054.933875889983028 ], [ 355948.626653102750424, 3771054.62868769094348 ], [ 355948.626653102750424, 3771052.797558494377881 ], [ 355948.931841302139219, 3771052.492370294872671 ], [ 355948.931841302139219, 3771051.881993896327913 ], [ 355951.068158697860781, 3771051.881993896327913 ], [ 355951.373346897249576, 3771051.576805696822703 ], [ 355954.120040691748727, 3771051.576805696822703 ], [ 355954.425228891137522, 3771051.271617497317493 ], [ 355954.730417090526316, 3771051.271617497317493 ], [ 355955.035605289915111, 3771050.966429298277944 ], [ 355955.340793489303906, 3771050.966429298277944 ], [ 355955.6459816886927, 3771050.661241098772734 ], [ 355955.951169888081495, 3771050.661241098772734 ], [ 355955.951169888081495, 3771057.985757884103805 ], [ 355950.152594099694397, 3771057.985757884103805 ] ] ] } },
{ "type": "Feature", "properties": { "confidence": 0.95248609781265259, "class": 1, "regularized": null }, "geometry": { "type": "Polygon", "coordinates": [ [ [ 355961.139369277749211, 3771525.839267548173666 ], [ 355960.834181078360416, 3771525.534079349134117 ], [ 355960.528992878913414, 3771525.534079349134117 ], [ 355960.223804679524619, 3771525.228891149628907 ], [ 355959.308240081358235, 3771525.228891149628907 ], [ 355959.003051881969441, 3771524.923702950123698 ], [ 355958.392675483191852, 3771524.923702950123698 ], [ 355958.087487283803057, 3771524.618514750618488 ], [ 355957.477110885025468, 3771524.618514750618488 ], [ 355957.171922685636673, 3771524.313326551578939 ], [ 355956.561546286859084, 3771524.313326551578939 ], [ 355956.256358087470289, 3771524.008138352073729 ], [ 355955.951169888081495, 3771524.008138352073729 ], [ 355955.951169888081495, 3771522.787385554518551 ], [ 355956.256358087470289, 3771522.482197355013341 ], [ 355956.256358087470289, 3771520.651068158913404 ], [ 355956.561546286859084, 3771520.345879959408194 ], [ 355956.561546286859084, 3771519.735503560397774 ], [ 355956.866734486247879, 3771519.430315361358225 ], [ 355956.866734486247879, 3771519.125127161853015 ], [ 355957.171922685636673, 3771518.819938962347806 ], [ 355957.171922685636673, 3771516.073245167732239 ], [ 355958.087487283803057, 3771516.073245167732239 ], [ 355958.392675483191852, 3771515.76805696869269 ], [ 355958.697863682580646, 3771516.073245167732239 ], [ 355960.528992878913414, 3771516.073245167732239 ], [ 355960.834181078360416, 3771516.378433367237449 ], [ 355961.7497456765268, 3771516.378433367237449 ], [ 355962.054933875915594, 3771516.683621566742659 ], [ 355962.665310274693184, 3771516.683621566742659 ], [ 355962.970498474081978, 3771516.988809766247869 ], [ 355964.191251271637157, 3771516.988809766247869 ], [ 355964.191251271637157, 3771517.293997965287417 ], [ 355964.496439471025951, 3771517.599186164792627 ], [ 355964.496439471025951, 3771523.092573754023761 ], [ 355964.191251271637157, 3771523.397761953063309 ], [ 355964.191251271637157, 3771524.313326551578939 ], [ 355963.886063072248362, 3771524.618514750618488 ], [ 355963.886063072248362, 3771525.228891149628907 ], [ 355963.580874872859567, 3771525.534079349134117 ], [ 355963.580874872859567, 3771525.839267548173666 ], [ 355961.139369277749211, 3771525.839267548173666 ] ] ] } },
{ "type": "Feature", "properties": { "confidence": 0.95126479864120483, "class": 1, "regularized": null }, "geometry": { "type": "Polygon", "coordinates": [ [ [ 355998.982706002017949, 3771128.179043743759394 ], [ 355998.677517802629154, 3771127.873855544254184 ], [ 355998.677517802629154, 3771127.568667344748974 ], [ 355997.76195320446277, 3771126.653102746699005 ], [ 355997.76195320446277, 3771126.347914547193795 ], [ 355997.456765005073976, 3771126.042726347688586 ], [ 355997.456765005073976, 3771125.737538148649037 ], [ 355997.151576805685181, 3771125.432349949143827 ], [ 355997.151576805685181, 3771125.127161749638617 ], [ 355996.846388606296387, 3771124.821973550133407 ], [ 355996.846388606296387, 3771124.516785351093858 ], [ 355996.541200406907592, 3771124.211597151588649 ], [ 355996.541200406907592, 3771123.601220752578229 ], [ 355996.236012207518797, 3771123.29603255353868 ], [ 355996.236012207518797, 3771122.075279755983502 ], [ 355995.930824008130003, 3771121.770091556478292 ], [ 355995.930824008130003, 3771121.464903356973082 ], [ 355998.37232960324036, 3771119.023397761862725 ], [ 355999.287894201406743, 3771119.023397761862725 ], [ 355999.898270600184333, 3771119.633774160873145 ], [ 355999.898270600184333, 3771119.938962359912694 ], [ 356000.508646998961922, 3771120.549338758923113 ], [ 356000.508646998961922, 3771120.854526958428323 ], [ 356000.813835198350716, 3771121.159715157467872 ], [ 356000.813835198350716, 3771121.464903356973082 ], [ 356001.119023397739511, 3771121.770091556478292 ], [ 356001.119023397739511, 3771124.516785351093858 ], [ 356000.813835198350716, 3771124.821973550133407 ], [ 356000.813835198350716, 3771125.737538148649037 ], [ 356000.508646998961922, 3771126.042726347688586 ], [ 356000.508646998961922, 3771126.958290946204215 ], [ 356000.203458799573127, 3771127.263479145243764 ], [ 356000.203458799573127, 3771127.873855544254184 ], [ 355999.898270600184333, 3771128.179043743759394 ], [ 355998.982706002017949, 3771128.179043743759394 ] ] ] } },
{ "type": "Feature", "properties": { "confidence": 0.9465441107749939, "class": 1, "regularized": null }, "geometry": { "type": "Polygon", "coordinates": [ [ [ 356095.116988809779286, 3771213.631739572621882 ], [ 356094.811800610390492, 3771213.326551373116672 ], [ 356094.811800610390492, 3771213.021363174077123 ], [ 356094.506612411001697, 3771212.716174974571913 ], [ 356094.506612411001697, 3771212.410986775066704 ], [ 356094.201424211612903, 3771212.105798575561494 ], [ 356094.201424211612903, 3771211.800610376521945 ], [ 356093.896236012224108, 3771211.495422177016735 ], [ 356093.896236012224108, 3771211.190233977511525 ], [ 356091.454730417113751, 3771208.748728382401168 ], [ 356091.149542217724957, 3771208.748728382401168 ], [ 356090.844354018336162, 3771208.443540182895958 ], [ 356090.844354018336162, 3771208.13835198385641 ], [ 356090.233977619558573, 3771207.52797558484599 ], [ 356090.233977619558573, 3771206.917599186301231 ], [ 356089.928789420169778, 3771206.612410986796021 ], [ 356089.928789420169778, 3771203.560528992675245 ], [ 356089.623601220780984, 3771203.255340793635696 ], [ 356089.928789420169778, 3771202.950152594130486 ], [ 356089.928789420169778, 3771202.339776195120066 ], [ 356090.539165818947367, 3771202.339776195120066 ], [ 356090.844354018336162, 3771202.034587996080518 ], [ 356093.285859613446519, 3771202.034587996080518 ], [ 356094.506612411001697, 3771203.255340793635696 ], [ 356094.506612411001697, 3771203.560528992675245 ], [ 356095.116988809779286, 3771204.170905391685665 ], [ 356095.422177009168081, 3771204.170905391685665 ], [ 356096.03255340794567, 3771204.781281790230423 ], [ 356096.337741607334465, 3771204.781281790230423 ], [ 356099.084435401833616, 3771207.52797558484599 ], [ 356099.389623601222411, 3771207.52797558484599 ], [ 356099.389623601222411, 3771207.8331637843512 ], [ 356099.694811800611205, 3771208.13835198385641 ], [ 356099.694811800611205, 3771208.443540182895958 ], [ 356100.0, 3771208.748728382401168 ], [ 356100.0, 3771210.274669379461557 ], [ 356097.253306205500849, 3771213.021363174077123 ], [ 356097.253306205500849, 3771213.326551373116672 ], [ 356096.948118006112054, 3771213.326551373116672 ], [ 356096.642929806723259, 3771213.631739572621882 ], [ 356095.116988809779286, 3771213.631739572621882 ] ] ] } },
{ "type": "Feature", "properties": { "confidence": 0.94335317611694336, "class": 1, "regularized": null }, "geometry": { "type": "Polygon", "coordinates": [ [ [ 355972.126144455745816, 3771455.951169888023287 ], [ 355971.210579857579432, 3771455.035605289973319 ], [ 355971.210579857579432, 3771454.730417090468109 ], [ 355970.905391658190638, 3771454.425228890962899 ], [ 355970.905391658190638, 3771454.12004069192335 ], [ 355970.600203458801843, 3771453.81485249241814 ], [ 355970.600203458801843, 3771453.50966429291293 ], [ 355970.295015259413049, 3771453.20447609340772 ], [ 355970.295015259413049, 3771452.899287894368172 ], [ 355969.989827060024254, 3771452.594099694862962 ], [ 355969.989827060024254, 3771450.762970498297364 ], [ 355970.295015259413049, 3771450.457782299257815 ], [ 355970.600203458801843, 3771450.457782299257815 ], [ 355970.905391658190638, 3771450.152594099752605 ], [ 355970.905391658190638, 3771449.542217700742185 ], [ 355970.600203458801843, 3771449.237029501702636 ], [ 355970.600203458801843, 3771447.100712105631828 ], [ 355970.295015259413049, 3771446.79552390659228 ], [ 355970.295015259413049, 3771446.18514750758186 ], [ 355969.684638860635459, 3771445.574771109037101 ], [ 355969.684638860635459, 3771444.048830111976713 ], [ 355973.652085452689789, 3771444.048830111976713 ], [ 355973.652085452689789, 3771444.659206510521472 ], [ 355973.957273652078584, 3771444.964394710026681 ], [ 355974.262461851467378, 3771444.964394710026681 ], [ 355974.567650050856173, 3771445.269582909531891 ], [ 355975.178026449633762, 3771445.269582909531891 ], [ 355975.483214649022557, 3771444.964394710026681 ], [ 355975.483214649022557, 3771444.659206510521472 ], [ 355975.788402848411351, 3771444.354018311481923 ], [ 355975.788402848411351, 3771444.048830111976713 ], [ 355978.840284842299297, 3771444.048830111976713 ], [ 355978.840284842299297, 3771444.964394710026681 ], [ 355978.535096642910503, 3771445.269582909531891 ], [ 355978.535096642910503, 3771449.542217700742185 ], [ 355978.229908443521708, 3771449.847405900247395 ], [ 355978.229908443521708, 3771450.762970498297364 ], [ 355977.619532044744119, 3771451.373346897307783 ], [ 355977.619532044744119, 3771451.678535096812993 ], [ 355976.703967446577735, 3771452.594099694862962 ], [ 355976.703967446577735, 3771452.899287894368172 ], [ 355976.398779247188941, 3771452.899287894368172 ], [ 355976.093591047800146, 3771453.20447609340772 ], [ 355976.093591047800146, 3771453.50966429291293 ], [ 355975.788402848411351, 3771453.50966429291293 ], [ 355975.483214649022557, 3771453.81485249241814 ], [ 355975.178026449633762, 3771453.81485249241814 ], [ 355974.567650050856173, 3771454.425228890962899 ], [ 355974.567650050856173, 3771454.730417090468109 ], [ 355973.346897253300995, 3771455.951169888023287 ], [ 355972.126144455745816, 3771455.951169888023287 ] ] ] } },
{ "type": "Feature", "properties": { "confidence": 0.94024199247360229, "class": 1, "regularized": null }, "geometry": { "type": "Polygon", "coordinates": [ [ [ 356030.417090539180208, 3771012.817904374562204 ], [ 356029.501525941013824, 3771011.902339776046574 ], [ 356029.19633774162503, 3771011.902339776046574 ], [ 356029.19633774162503, 3771011.597151577007025 ], [ 356028.891149542236235, 3771011.291963377501816 ], [ 356028.891149542236235, 3771010.986775177996606 ], [ 356028.58596134284744, 3771010.681586978491396 ], [ 356028.58596134284744, 3771010.376398779451847 ], [ 356028.280773143458646, 3771010.071210579946637 ], [ 356028.280773143458646, 3771009.460834180936217 ], [ 356027.975584944069851, 3771009.155645981896669 ], [ 356027.975584944069851, 3771008.545269582886249 ], [ 356027.670396744681057, 3771008.240081383381039 ], [ 356027.670396744681057, 3771007.019328585825861 ], [ 356027.975584944069851, 3771006.714140386786312 ], [ 356027.975584944069851, 3771006.408952187281102 ], [ 356029.19633774162503, 3771005.188199389725924 ], [ 356029.501525941013824, 3771005.188199389725924 ], [ 356030.111902339791413, 3771004.577822990715504 ], [ 356030.417090539180208, 3771004.577822990715504 ], [ 356030.722278738569003, 3771004.272634791675955 ], [ 356031.637843336735386, 3771004.272634791675955 ], [ 356031.943031536124181, 3771004.577822990715504 ], [ 356032.248219735512976, 3771004.577822990715504 ], [ 356032.55340793490177, 3771004.883011190220714 ], [ 356033.163784333679359, 3771004.883011190220714 ], [ 356034.384537131234538, 3771006.103763987775892 ], [ 356034.384537131234538, 3771006.408952187281102 ], [ 356034.689725330623332, 3771006.714140386786312 ], [ 356034.689725330623332, 3771007.019328585825861 ], [ 356034.994913530012127, 3771007.32451678533107 ], [ 356034.994913530012127, 3771007.93489318434149 ], [ 356034.689725330623332, 3771008.240081383381039 ], [ 356034.689725330623332, 3771009.155645981896669 ], [ 356034.384537131234538, 3771009.460834180936217 ], [ 356034.384537131234538, 3771010.071210579946637 ], [ 356034.079348931845743, 3771010.376398779451847 ], [ 356034.079348931845743, 3771010.681586978491396 ], [ 356033.774160732456949, 3771010.986775177996606 ], [ 356033.468972533068154, 3771010.986775177996606 ], [ 356032.858596134290565, 3771011.597151577007025 ], [ 356032.55340793490177, 3771011.597151577007025 ], [ 356032.248219735512976, 3771011.902339776046574 ], [ 356032.248219735512976, 3771012.207527975551784 ], [ 356031.943031536124181, 3771012.207527975551784 ], [ 356031.332655137346592, 3771012.817904374562204 ], [ 356030.417090539180208, 3771012.817904374562204 ] ] ] } },
{ "type": "Feature", "properties": { "confidence": 0.93982422351837158, "class": 1, "regularized": null }, "geometry": { "type": "Polygon", "coordinates": [ [ [ 356253.509664292971138, 3771561.54628687677905 ], [ 356253.204476093582343, 3771561.241098677739501 ], [ 356253.204476093582343, 3771560.935910478234291 ], [ 356252.899287894193549, 3771560.630722278729081 ], [ 356252.899287894193549, 3771558.189216683618724 ], [ 356253.509664292971138, 3771557.578840285073966 ], [ 356253.509664292971138, 3771557.273652085568756 ], [ 356253.814852492359933, 3771557.273652085568756 ], [ 356254.120040691748727, 3771556.968463886063546 ], [ 356254.120040691748727, 3771556.663275686558336 ], [ 356254.425228891137522, 3771556.358087487053126 ], [ 356254.425228891137522, 3771556.052899288013577 ], [ 356254.730417090526316, 3771555.747711088508368 ], [ 356254.730417090526316, 3771555.442522889003158 ], [ 356255.6459816886927, 3771554.526958290953189 ], [ 356255.951169888081495, 3771554.526958290953189 ], [ 356256.256358087470289, 3771554.221770091447979 ], [ 356260.528992878913414, 3771554.221770091447979 ], [ 356260.528992878913414, 3771554.526958290953189 ], [ 356260.834181078360416, 3771554.832146490458399 ], [ 356261.139369277749211, 3771554.832146490458399 ], [ 356261.444557477138005, 3771555.137334689497948 ], [ 356261.444557477138005, 3771556.358087487053126 ], [ 356261.7497456765268, 3771556.663275686558336 ], [ 356262.054933875915594, 3771556.663275686558336 ], [ 356262.360122075304389, 3771556.968463886063546 ], [ 356262.665310274693184, 3771556.968463886063546 ], [ 356262.970498474081978, 3771557.273652085568756 ], [ 356263.275686673470773, 3771557.273652085568756 ], [ 356263.580874872859567, 3771557.578840285073966 ], [ 356263.580874872859567, 3771558.494404883123934 ], [ 356262.665310274693184, 3771559.409969481173903 ], [ 356262.360122075304389, 3771559.409969481173903 ], [ 356260.834181078360416, 3771560.935910478234291 ], [ 356260.834181078360416, 3771561.241098677739501 ], [ 356260.528992878913414, 3771561.241098677739501 ], [ 356260.223804679524619, 3771561.54628687677905 ], [ 356253.509664292971138, 3771561.54628687677905 ] ] ] } },
{ "type": "Feature", "properties": { "confidence": 0.93855756521224976, "class": 1, "regularized": null }, "geometry": { "type": "Polygon", "coordinates": [ [ [ 355991.963377416075673, 3771045.473041709046811 ], [ 355991.658189216686878, 3771045.167853509541601 ], [ 355991.353001017298084, 3771045.167853509541601 ], [ 355991.353001017298084, 3771044.862665310502052 ], [ 355991.047812817909289, 3771044.557477110996842 ], [ 355991.047812817909289, 3771044.252288911491632 ], [ 355990.742624618520495, 3771043.947100711986423 ], [ 355990.742624618520495, 3771043.641912512946874 ], [ 355989.521871820965316, 3771042.421159714926034 ], [ 355989.521871820965316, 3771041.810783316381276 ], [ 355989.827060020354111, 3771041.505595116876066 ], [ 355989.827060020354111, 3771040.895218718331307 ], [ 355990.132248219742905, 3771040.895218718331307 ], [ 355991.353001017298084, 3771039.674465920776129 ], [ 355991.658189216686878, 3771039.674465920776129 ], [ 355991.963377416075673, 3771039.369277721270919 ], [ 355992.878942014242057, 3771039.369277721270919 ], [ 355993.184130213630851, 3771039.674465920776129 ], [ 355993.489318413019646, 3771039.674465920776129 ], [ 355994.099694811797235, 3771040.284842319320887 ], [ 355994.40488301118603, 3771040.284842319320887 ], [ 355994.710071210574824, 3771040.590030518826097 ], [ 355995.015259409963619, 3771040.590030518826097 ], [ 355995.320447609352414, 3771040.895218718331307 ], [ 355995.625635808741208, 3771040.895218718331307 ], [ 355995.625635808741208, 3771041.200406917370856 ], [ 355995.930824008130003, 3771041.505595116876066 ], [ 355995.930824008130003, 3771042.115971515886486 ], [ 355995.625635808741208, 3771042.421159714926034 ], [ 355995.625635808741208, 3771042.726347914431244 ], [ 355993.184130213630851, 3771045.167853509541601 ], [ 355992.878942014242057, 3771045.167853509541601 ], [ 355992.573753814853262, 3771045.473041709046811 ], [ 355991.963377416075673, 3771045.473041709046811 ] ] ] } },
{ "type": "Feature", "properties": { "confidence": 0.93338936567306519, "class": 1, "regularized": null }, "geometry": { "type": "Polygon", "coordinates": [ [ [ 356356.968463886063546, 3771356.459816887043417 ], [ 356356.663275686674751, 3771356.154628687538207 ], [ 356355.137334689730778, 3771356.154628687538207 ], [ 356354.832146490341984, 3771355.849440488498658 ], [ 356354.526958290953189, 3771355.849440488498658 ], [ 356354.221770091564395, 3771355.544252288993448 ], [ 356353.9165818921756, 3771355.544252288993448 ], [ 356353.611393692786805, 3771355.239064089488238 ], [ 356353.611393692786805, 3771354.933875889983028 ], [ 356353.306205493398011, 3771354.62868769094348 ], [ 356353.306205493398011, 3771353.102746693883091 ], [ 356353.611393692786805, 3771352.797558494377881 ], [ 356353.611393692786805, 3771352.187182095833123 ], [ 356353.9165818921756, 3771351.881993896327913 ], [ 356354.221770091564395, 3771351.881993896327913 ], [ 356354.526958290953189, 3771351.576805696822703 ], [ 356356.358087487285957, 3771351.576805696822703 ], [ 356356.663275686674751, 3771351.271617497317493 ], [ 356357.578840284841135, 3771351.271617497317493 ], [ 356357.88402848422993, 3771350.966429298277944 ], [ 356360.325534079340287, 3771350.966429298277944 ], [ 356360.630722278729081, 3771350.661241098772734 ], [ 356364.292980671394616, 3771350.661241098772734 ], [ 356364.292980671394616, 3771350.966429298277944 ], [ 356364.598168870783411, 3771351.271617497317493 ], [ 356364.598168870783411, 3771353.102746693883091 ], [ 356364.292980671394616, 3771353.407934893388301 ], [ 356364.292980671394616, 3771355.544252288993448 ], [ 356363.987792472005822, 3771355.849440488498658 ], [ 356363.987792472005822, 3771356.154628687538207 ], [ 356363.377416073228233, 3771356.154628687538207 ], [ 356363.072227873839438, 3771356.459816887043417 ], [ 356356.968463886063546, 3771356.459816887043417 ] ] ] } },
{ "type": "Feature", "properties": { "confidence": 0.9325186014175415, "class": 1, "regularized": null }, "geometry": { "type": "Polygon", "coordinates": [ [ [ 355901.62767039675964, 3771108.341810783371329 ], [ 355901.322482197370846, 3771108.036622583866119 ], [ 355900.406917599204462, 3771108.036622583866119 ], [ 355900.101729399815667, 3771107.731434384360909 ], [ 355899.491353001038078, 3771107.731434384360909 ], [ 355899.186164801649284, 3771107.426246185321361 ], [ 355898.2706002034829, 3771107.426246185321361 ], [ 355897.965412004094105, 3771107.121057985816151 ], [ 355896.13428280770313, 3771107.121057985816151 ], [ 355895.523906408925541, 3771106.510681586805731 ], [ 355895.523906408925541, 3771106.205493387766182 ], [ 355895.218718209536746, 3771105.900305188260972 ], [ 355895.218718209536746, 3771104.984740590211004 ], [ 355895.523906408925541, 3771104.679552390705794 ], [ 355895.523906408925541, 3771104.069175991695374 ], [ 355895.829094608314335, 3771103.763987792655826 ], [ 355895.829094608314335, 3771102.543234995100647 ], [ 355896.13428280770313, 3771102.238046795595437 ], [ 355898.2706002034829, 3771102.238046795595437 ], [ 355898.575788402871694, 3771102.543234995100647 ], [ 355899.186164801649284, 3771102.543234995100647 ], [ 355899.491353001038078, 3771102.848423194140196 ], [ 355899.796541200426873, 3771102.848423194140196 ], [ 355900.101729399815667, 3771103.153611393645406 ], [ 355901.932858596148435, 3771103.153611393645406 ], [ 355902.23804679553723, 3771103.458799593150616 ], [ 355904.069175991869997, 3771103.458799593150616 ], [ 355904.374364191258792, 3771103.763987792655826 ], [ 355905.900305188202765, 3771103.763987792655826 ], [ 355906.205493387591559, 3771104.069175991695374 ], [ 355908.341810783313122, 3771104.069175991695374 ], [ 355908.646998982701916, 3771104.374364191200584 ], [ 355908.646998982701916, 3771105.900305188260972 ], [ 355908.341810783313122, 3771106.205493387766182 ], [ 355908.341810783313122, 3771106.510681586805731 ], [ 355907.731434384535532, 3771106.510681586805731 ], [ 355907.426246185146738, 3771106.815869786310941 ], [ 355907.121057985757943, 3771106.510681586805731 ], [ 355905.289928789425176, 3771106.510681586805731 ], [ 355904.984740590036381, 3771106.815869786310941 ], [ 355904.984740590036381, 3771107.121057985816151 ], [ 355904.679552390647586, 3771107.426246185321361 ], [ 355904.679552390647586, 3771108.341810783371329 ], [ 355901.62767039675964, 3771108.341810783371329 ] ] ] } },
{ "type": "Feature", "properties": { "confidence": 0.92885792255401611, "class": 1, "regularized": "rectangle" }, "geometry": { "type": "Polygon", "coordinates": [ [ [ 356262.9375, 3771176.5 ], [ 356262.9375, 3771166.0 ], [ 356276.0625, 3771166.0 ], [ 356276.0625, 3771176.5 ], [ 356262.9375, 3771176.5 ] ] ] } },
{ "type": "Feature", "properties": { "confidence": 0.92256027460098267, "class": 1, "regularized": null }, "geometry": { "type": "Polygon", "coordinates": [ [ [ 356026.144455747737084, 3771347.304170905612409 ], [ 356025.839267548348289, 3771346.998982706107199 ], [ 356025.534079348959494, 3771346.998982706107199 ], [ 356025.534079348959494, 3771345.778229908552021 ], [ 356025.2288911495707, 3771345.473041709046811 ], [ 356025.2288911495707, 3771342.726347914431244 ], [ 356025.839267548348289, 3771342.115971515886486 ], [ 356025.839267548348289, 3771341.505595116876066 ], [ 356026.449643947125878, 3771341.505595116876066 ], [ 356026.754832146514673, 3771341.200406917370856 ], [ 356026.754832146514673, 3771340.590030518826097 ], [ 356027.060020345903467, 3771340.284842319320887 ], [ 356027.060020345903467, 3771339.674465920776129 ], [ 356027.670396744681057, 3771339.064089521765709 ], [ 356028.891149542236235, 3771339.064089521765709 ], [ 356029.19633774162503, 3771338.758901322260499 ], [ 356029.501525941013824, 3771338.758901322260499 ], [ 356030.111902339791413, 3771339.369277721270919 ], [ 356030.111902339791413, 3771343.947100711986423 ], [ 356029.806714140402619, 3771344.252288911491632 ], [ 356029.806714140402619, 3771346.693794506601989 ], [ 356029.501525941013824, 3771346.693794506601989 ], [ 356029.19633774162503, 3771346.998982706107199 ], [ 356028.58596134284744, 3771346.998982706107199 ], [ 356028.280773143458646, 3771347.304170905612409 ], [ 356026.144455747737084, 3771347.304170905612409 ] ] ] } },
{ "type": "Feature", "properties": { "confidence": 0.91981351375579834, "class": 1, "regularized": null }, "geometry": { "type": "Polygon", "coordinates": [ [ [ 356389.928789420169778, 3771527.365208545234054 ], [ 356389.623601220780984, 3771527.060020345728844 ], [ 356389.013224821945187, 3771527.060020345728844 ], [ 356388.708036622556392, 3771526.754832146689296 ], [ 356388.708036622556392, 3771526.449643947184086 ], [ 356388.402848423167598, 3771526.144455747678876 ], [ 356388.402848423167598, 3771518.209562563803047 ], [ 356388.097660223778803, 3771517.904374364297837 ], [ 356388.097660223778803, 3771511.495422177016735 ], [ 356388.402848423167598, 3771511.190233977511525 ], [ 356391.149542217724957, 3771511.190233977511525 ], [ 356391.454730417113751, 3771510.885045778006315 ], [ 356392.370295015280135, 3771510.885045778006315 ], [ 356392.67548321466893, 3771511.190233977511525 ], [ 356393.285859613446519, 3771511.190233977511525 ], [ 356393.591047812835313, 3771511.495422177016735 ], [ 356393.591047812835313, 3771512.105798575561494 ], [ 356393.285859613446519, 3771512.410986775066704 ], [ 356393.285859613446519, 3771516.073245167732239 ], [ 356393.591047812835313, 3771516.378433367237449 ], [ 356393.591047812835313, 3771517.599186164792627 ], [ 356394.811800610390492, 3771518.819938962347806 ], [ 356395.422177009168081, 3771518.819938962347806 ], [ 356396.03255340794567, 3771519.430315361358225 ], [ 356396.03255340794567, 3771519.735503560397774 ], [ 356396.337741607334465, 3771520.040691759902984 ], [ 356396.03255340794567, 3771520.345879959408194 ], [ 356396.03255340794567, 3771524.008138352073729 ], [ 356394.811800610390492, 3771525.228891149628907 ], [ 356394.506612411001697, 3771525.228891149628907 ], [ 356393.896236012224108, 3771525.839267548173666 ], [ 356393.285859613446519, 3771525.839267548173666 ], [ 356392.980671414057724, 3771526.144455747678876 ], [ 356392.67548321466893, 3771526.144455747678876 ], [ 356392.370295015280135, 3771526.449643947184086 ], [ 356392.06510681589134, 3771526.449643947184086 ], [ 356391.759918616502546, 3771526.754832146689296 ], [ 356391.454730417113751, 3771526.754832146689296 ], [ 356391.149542217724957, 3771527.060020345728844 ], [ 356390.539165818947367, 3771527.060020345728844 ], [ 356390.233977619558573, 3771527.365208545234054 ], [ 356389.928789420169778, 3771527.365208545234054 ] ] ] } },
{ "type": "Feature", "properties": { "confidence": 0.91836214065551758, "class": 1, "regularized": null }, "geometry": { "type": "Polygon", "coordinates": [ [ [ 356053.306205493398011, 3771249.033570701722056 ], [ 356052.695829094620422, 3771248.423194303177297 ], [ 356052.695829094620422, 3771247.507629705127329 ], [ 356054.221770091564395, 3771245.98168870806694 ], [ 356054.526958290953189, 3771245.98168870806694 ], [ 356054.832146490341984, 3771245.67650050856173 ], [ 356056.663275686674751, 3771245.67650050856173 ], [ 356056.968463886063546, 3771245.98168870806694 ], [ 356056.968463886063546, 3771246.897253306116909 ], [ 356056.663275686674751, 3771246.897253306116909 ], [ 356054.526958290953189, 3771249.033570701722056 ], [ 356053.306205493398011, 3771249.033570701722056 ] ] ] } },
{ "type": "Feature", "properties": { "confidence": 0.91785979270935059, "class": 1, "regularized": null }, "geometry": { "type": "Polygon", "coordinates": [ [ [ 355950.457782299083192, 3771153.50966429291293 ], [ 355950.152594099694397, 3771153.20447609340772 ], [ 355948.32146490336163, 3771153.20447609340772 ], [ 355948.016276703972835, 3771152.899287894368172 ], [ 355947.71108850458404, 3771152.899287894368172 ], [ 355947.71108850458404, 3771152.594099694862962 ], [ 355947.100712105806451, 3771151.983723295852542 ], [ 355947.100712105806451, 3771149.237029501702636 ], [ 355946.795523906417657, 3771148.931841302197427 ], [ 355946.795523906417657, 3771147.711088504642248 ], [ 355947.100712105806451, 3771147.405900305137038 ], [ 355947.100712105806451, 3771146.49033570708707 ], [ 355947.405900305195246, 3771146.18514750758186 ], [ 355947.405900305195246, 3771144.659206510521472 ], [ 355948.016276703972835, 3771144.048830111976713 ], [ 355948.016276703972835, 3771142.522889114916325 ], [ 355948.626653102750424, 3771141.912512716371566 ], [ 355948.626653102750424, 3771141.302136317361146 ], [ 355948.931841302139219, 3771141.302136317361146 ], [ 355949.237029501528013, 3771140.996948117855936 ], [ 355950.457782299083192, 3771140.996948117855936 ], [ 355950.762970498471987, 3771141.302136317361146 ], [ 355951.67853509663837, 3771141.302136317361146 ], [ 355951.983723296027165, 3771141.607324516866356 ], [ 355952.594099694804754, 3771141.607324516866356 ], [ 355952.594099694804754, 3771142.217700915411115 ], [ 355952.899287894193549, 3771142.522889114916325 ], [ 355952.899287894193549, 3771143.438453712966293 ], [ 355953.204476093582343, 3771143.743641912471503 ], [ 355953.509664292971138, 3771143.743641912471503 ], [ 355953.509664292971138, 3771144.659206510521472 ], [ 355953.814852492359933, 3771144.964394710026681 ], [ 355953.814852492359933, 3771149.542217700742185 ], [ 355954.120040691748727, 3771149.847405900247395 ], [ 355954.120040691748727, 3771152.288911495357752 ], [ 355954.425228891137522, 3771152.594099694862962 ], [ 355953.814852492359933, 3771153.20447609340772 ], [ 355953.814852492359933, 3771153.50966429291293 ], [ 355950.457782299083192, 3771153.50966429291293 ] ] ] } },
{ "type": "Feature", "properties": { "confidence": 0.91572171449661255, "class": 1, "regularized": null }, "geometry": { "type": "Polygon", "coordinates": [ [ [ 355981.281790437409654, 3771480.061037640087306 ], [ 355980.97660223802086, 3771479.755849440582097 ], [ 355980.671414038632065, 3771479.755849440582097 ], [ 355979.450661241076887, 3771478.535096643026918 ], [ 355979.450661241076887, 3771478.229908443521708 ], [ 355979.145473041688092, 3771477.924720244016498 ], [ 355979.145473041688092, 3771477.61953204497695 ], [ 355978.535096642910503, 3771477.00915564596653 ], [ 355978.535096642910503, 3771473.957273652311414 ], [ 355979.450661241076887, 3771473.041709053795785 ], [ 355979.450661241076887, 3771472.736520854756236 ], [ 355980.671414038632065, 3771471.515768057201058 ], [ 355980.97660223802086, 3771471.515768057201058 ], [ 355981.281790437409654, 3771471.210579857695848 ], [ 355982.197355035634246, 3771471.210579857695848 ], [ 355982.50254323502304, 3771470.905391658190638 ], [ 355982.807731434411835, 3771470.905391658190638 ], [ 355983.418107833189424, 3771470.295015259180218 ], [ 355983.418107833189424, 3771469.684638860635459 ], [ 355984.028484231967013, 3771469.684638860635459 ], [ 355984.333672431355808, 3771469.37945066113025 ], [ 355987.690742624632549, 3771469.37945066113025 ], [ 355987.995930824021343, 3771469.684638860635459 ], [ 355987.995930824021343, 3771469.989827060140669 ], [ 355988.301119023410138, 3771470.295015259180218 ], [ 355988.301119023410138, 3771470.600203458685428 ], [ 355987.995930824021343, 3771470.905391658190638 ], [ 355987.995930824021343, 3771473.346897253300995 ], [ 355987.690742624632549, 3771473.652085452806205 ], [ 355987.690742624632549, 3771474.262461851350963 ], [ 355986.46998982707737, 3771475.483214648906142 ], [ 355986.46998982707737, 3771475.788402848411351 ], [ 355985.554425228910986, 3771476.70396744646132 ], [ 355985.554425228910986, 3771477.31434384547174 ], [ 355985.249237029522192, 3771477.61953204497695 ], [ 355985.249237029522192, 3771477.924720244016498 ], [ 355983.11291963380063, 3771480.061037640087306 ], [ 355981.281790437409654, 3771480.061037640087306 ] ] ] } },
{ "type": "Feature", "properties": { "confidence": 0.91492688655853271, "class": 1, "regularized": null }, "geometry": { "type": "Polygon", "coordinates": [ [ [ 355899.491353001038078, 3771215.46286876918748 ], [ 355899.186164801649284, 3771215.15768056968227 ], [ 355897.660223804705311, 3771215.15768056968227 ], [ 355897.355035605316516, 3771214.85249237017706 ], [ 355897.049847405927721, 3771214.85249237017706 ], [ 355896.744659206538927, 3771214.547304171137512 ], [ 355896.439471007150132, 3771214.547304171137512 ], [ 355896.439471007150132, 3771213.936927772127092 ], [ 355895.218718209536746, 3771212.716174974571913 ], [ 355894.608341810759157, 3771212.716174974571913 ], [ 355894.303153611370362, 3771212.410986775066704 ], [ 355893.692777212592773, 3771212.410986775066704 ], [ 355893.387589013203979, 3771212.105798575561494 ], [ 355892.777212614426389, 3771212.105798575561494 ], [ 355892.472024415037595, 3771211.800610376521945 ], [ 355892.1668362156488, 3771211.800610376521945 ], [ 355892.1668362156488, 3771211.495422177016735 ], [ 355891.861648016260006, 3771211.190233977511525 ], [ 355891.861648016260006, 3771210.885045778006315 ], [ 355891.556459816871211, 3771210.579857578966767 ], [ 355890.946083418093622, 3771210.579857578966767 ], [ 355890.946083418093622, 3771209.664292980451137 ], [ 355899.796541200426873, 3771209.664292980451137 ], [ 355899.796541200426873, 3771210.579857578966767 ], [ 355900.101729399815667, 3771210.885045778006315 ], [ 355900.101729399815667, 3771211.800610376521945 ], [ 355900.406917599204462, 3771212.105798575561494 ], [ 355900.406917599204462, 3771213.326551373116672 ], [ 355900.712105798593257, 3771213.631739572621882 ], [ 355900.712105798593257, 3771215.46286876918748 ], [ 355899.491353001038078, 3771215.46286876918748 ] ] ] } },
{ "type": "Feature", "properties": { "confidence": 0.91447430849075317, "class": 1, "regularized": null }, "geometry": { "type": "Polygon", "coordinates": [ [ [ 356072.533062054950278, 3771036.927772126160562 ], [ 356072.227873855561484, 3771036.622583926655352 ], [ 356071.922685656172689, 3771036.622583926655352 ], [ 356071.007121058006305, 3771035.707019328605384 ], [ 356071.007121058006305, 3771035.401831129100174 ], [ 356069.786368260451127, 3771034.181078331544995 ], [ 356069.786368260451127, 3771033.875890132039785 ], [ 356069.481180061062332, 3771033.570701933000237 ], [ 356069.175991861673538, 3771033.570701933000237 ], [ 356069.175991861673538, 3771033.265513733495027 ], [ 356068.565615462895948, 3771032.655137334484607 ], [ 356068.565615462895948, 3771032.349949135445058 ], [ 356068.260427263507154, 3771032.044760935939848 ], [ 356068.260427263507154, 3771031.739572736434639 ], [ 356067.955239064118359, 3771031.434384536929429 ], [ 356067.955239064118359, 3771031.12919633788988 ], [ 356067.650050864671357, 3771030.82400813838467 ], [ 356067.650050864671357, 3771029.298067141324282 ], [ 356067.955239064118359, 3771028.992878941819072 ], [ 356067.955239064118359, 3771028.687690742779523 ], [ 356068.565615462895948, 3771028.077314343769103 ], [ 356069.175991861673538, 3771028.077314343769103 ], [ 356069.481180061062332, 3771027.772126144263893 ], [ 356069.786368260451127, 3771027.772126144263893 ], [ 356070.091556459839921, 3771027.466937945224345 ], [ 356071.007121058006305, 3771027.466937945224345 ], [ 356071.007121058006305, 3771027.772126144263893 ], [ 356072.838250254339073, 3771029.603255340829492 ], [ 356073.143438453727867, 3771029.603255340829492 ], [ 356073.143438453727867, 3771036.927772126160562 ], [ 356072.533062054950278, 3771036.927772126160562 ] ] ] } },
{ "type": "Feature", "properties": { "confidence": 0.91324573755264282, "class": 1, "regularized": null }, "geometry": { "type": "Polygon", "coordinates": [ [ [ 356013.631739572738297, 3771346.693794506601989 ], [ 356013.326551373349503, 3771346.388606307096779 ], [ 356013.326551373349503, 3771342.115971515886486 ], [ 356013.021363173960708, 3771341.810783316381276 ], [ 356013.021363173960708, 3771340.590030518826097 ], [ 356013.631739572738297, 3771339.979654119815677 ], [ 356013.936927772127092, 3771339.979654119815677 ], [ 356014.242115971515886, 3771339.674465920776129 ], [ 356015.15768056968227, 3771339.674465920776129 ], [ 356015.462868769071065, 3771339.369277721270919 ], [ 356015.768056968459859, 3771339.369277721270919 ], [ 356016.073245167848654, 3771339.064089521765709 ], [ 356019.1251271617366, 3771339.064089521765709 ], [ 356019.430315361125395, 3771339.369277721270919 ], [ 356019.430315361125395, 3771341.200406917370856 ], [ 356019.735503560514189, 3771341.505595116876066 ], [ 356019.735503560514189, 3771341.810783316381276 ], [ 356020.040691759902984, 3771342.115971515886486 ], [ 356020.040691759902984, 3771343.031536113936454 ], [ 356020.345879959291779, 3771343.336724313441664 ], [ 356020.345879959291779, 3771344.557477110996842 ], [ 356020.040691759902984, 3771344.862665310502052 ], [ 356020.040691759902984, 3771345.473041709046811 ], [ 356019.430315361125395, 3771345.473041709046811 ], [ 356019.1251271617366, 3771345.778229908552021 ], [ 356017.904374364181422, 3771345.778229908552021 ], [ 356017.599186164792627, 3771346.083418108057231 ], [ 356016.378433367237449, 3771346.083418108057231 ], [ 356016.073245167848654, 3771346.388606307096779 ], [ 356015.768056968459859, 3771346.388606307096779 ], [ 356015.462868769071065, 3771346.693794506601989 ], [ 356013.631739572738297, 3771346.693794506601989 ] ] ] } },
{ "type": "Feature", "properties": { "confidence": 0.90964579582214355, "class": 1, "regularized": null }, "geometry": { "type": "Polygon", "coordinates": [ [ [ 355924.821973550366238, 3771215.76805696869269 ], [ 355924.516785350977443, 3771215.46286876918748 ], [ 355924.211597151588649, 3771215.46286876918748 ], [ 355924.516785350977443, 3771215.15768056968227 ], [ 355924.516785350977443, 3771214.547304171137512 ], [ 355924.821973550366238, 3771214.242115971632302 ], [ 355924.821973550366238, 3771213.021363174077123 ], [ 355924.516785350977443, 3771212.716174974571913 ], [ 355924.516785350977443, 3771212.410986775066704 ], [ 355923.296032553422265, 3771211.190233977511525 ], [ 355923.296032553422265, 3771210.579857578966767 ], [ 355922.99084435403347, 3771210.274669379461557 ], [ 355934.89318413019646, 3771210.274669379461557 ], [ 355935.198372329585254, 3771210.579857578966767 ], [ 355936.419125127140433, 3771210.579857578966767 ], [ 355936.419125127140433, 3771212.105798575561494 ], [ 355936.113936927751638, 3771212.410986775066704 ], [ 355936.113936927751638, 3771213.021363174077123 ], [ 355935.808748728362843, 3771213.326551373116672 ], [ 355935.808748728362843, 3771213.936927772127092 ], [ 355934.587995930807665, 3771215.15768056968227 ], [ 355929.704984740586951, 3771215.15768056968227 ], [ 355929.399796541198157, 3771215.46286876918748 ], [ 355928.484231943031773, 3771215.46286876918748 ], [ 355928.179043743642978, 3771215.76805696869269 ], [ 355924.821973550366238, 3771215.76805696869269 ] ] ] } },
{ "type": "Feature", "properties": { "confidence": 0.90537565946578979, "class": 1, "regularized": null }, "geometry": { "type": "Polygon", "coordinates": [ [ [ 355991.658189216686878, 3771440.691759918816388 ], [ 355991.353001017298084, 3771440.386571719311178 ], [ 355991.047812817909289, 3771440.386571719311178 ], [ 355991.047812817909289, 3771440.081383519805968 ], [ 355990.742624618520495, 3771439.776195320300758 ], [ 355990.742624618520495, 3771438.555442522745579 ], [ 355990.4374364191317, 3771438.250254323706031 ], [ 355990.4374364191317, 3771437.945066124200821 ], [ 355990.742624618520495, 3771437.639877924695611 ], [ 355990.742624618520495, 3771436.419125127140433 ], [ 355990.4374364191317, 3771436.113936927635223 ], [ 355990.4374364191317, 3771435.198372329585254 ], [ 355990.132248219742905, 3771434.893184130080044 ], [ 355990.132248219742905, 3771433.672431332524866 ], [ 355991.047812817909289, 3771432.756866734474897 ], [ 355995.015259409963619, 3771432.756866734474897 ], [ 355995.320447609352414, 3771433.062054933980107 ], [ 355995.625635808741208, 3771433.062054933980107 ], [ 355995.625635808741208, 3771433.367243133485317 ], [ 355995.930824008130003, 3771433.672431332524866 ], [ 355995.930824008130003, 3771434.893184130080044 ], [ 355996.236012207518797, 3771435.198372329585254 ], [ 355996.236012207518797, 3771437.639877924695611 ], [ 355995.930824008130003, 3771437.945066124200821 ], [ 355995.930824008130003, 3771438.250254323706031 ], [ 355995.015259409963619, 3771439.165818921755999 ], [ 355994.710071210574824, 3771439.165818921755999 ], [ 355993.489318413019646, 3771440.386571719311178 ], [ 355993.184130213630851, 3771440.386571719311178 ], [ 355992.878942014242057, 3771440.691759918816388 ], [ 355991.658189216686878, 3771440.691759918816388 ] ] ] } },
{ "type": "Feature", "properties": { "confidence": 0.90506035089492798, "class": 1, "regularized": null }, "geometry": { "type": "Polygon", "coordinates": [ [ [ 356091.149542217724957, 3771017.395727365277708 ], [ 356090.844354018336162, 3771017.090539165772498 ], [ 356090.539165818947367, 3771017.090539165772498 ], [ 356090.233977619558573, 3771016.785350966267288 ], [ 356090.233977619558573, 3771016.480162767227739 ], [ 356089.928789420169778, 3771016.174974567722529 ], [ 356089.623601220780984, 3771016.174974567722529 ], [ 356089.623601220780984, 3771015.869786368217319 ], [ 356089.318413021392189, 3771015.564598168712109 ], [ 356089.318413021392189, 3771015.259409969672561 ], [ 356088.708036622556392, 3771014.649033570662141 ], [ 356088.708036622556392, 3771014.343845371156931 ], [ 356088.402848423167598, 3771014.038657172117382 ], [ 356088.402848423167598, 3771013.733468972612172 ], [ 356087.792472024390008, 3771013.123092573601753 ], [ 356087.792472024390008, 3771012.817904374562204 ], [ 356087.487283825001214, 3771012.512716175056994 ], [ 356087.487283825001214, 3771011.902339776046574 ], [ 356087.792472024390008, 3771011.597151577007025 ], [ 356087.792472024390008, 3771011.291963377501816 ], [ 356088.097660223778803, 3771011.291963377501816 ], [ 356088.708036622556392, 3771010.681586978491396 ], [ 356089.013224821945187, 3771010.681586978491396 ], [ 356089.318413021392189, 3771010.376398779451847 ], [ 356089.928789420169778, 3771010.376398779451847 ], [ 356090.233977619558573, 3771010.071210579946637 ], [ 356091.454730417113751, 3771010.071210579946637 ], [ 356091.759918616502546, 3771010.376398779451847 ], [ 356092.06510681589134, 3771010.376398779451847 ], [ 356092.06510681589134, 3771010.681586978491396 ], [ 356092.370295015280135, 3771010.986775177996606 ], [ 356092.370295015280135, 3771011.291963377501816 ], [ 356092.67548321466893, 3771011.597151577007025 ], [ 356092.980671414057724, 3771011.597151577007025 ], [ 356094.506612411001697, 3771013.123092573601753 ], [ 356094.506612411001697, 3771014.649033570662141 ], [ 356094.201424211612903, 3771014.954221770167351 ], [ 356094.201424211612903, 3771015.259409969672561 ], [ 356093.896236012224108, 3771015.564598168712109 ], [ 356093.896236012224108, 3771015.869786368217319 ], [ 356093.591047812835313, 3771015.869786368217319 ], [ 356093.285859613446519, 3771016.174974567722529 ], [ 356093.285859613446519, 3771016.480162767227739 ], [ 356092.980671414057724, 3771016.480162767227739 ], [ 356092.67548321466893, 3771016.785350966267288 ], [ 356092.370295015280135, 3771016.785350966267288 ], [ 356092.06510681589134, 3771017.090539165772498 ], [ 356091.759918616502546, 3771017.090539165772498 ], [ 356091.454730417113751, 3771017.395727365277708 ], [ 356091.149542217724957, 3771017.395727365277708 ] ] ] } },
{ "type": "Feature", "properties": { "confidence": 0.90296995639801025, "class": 1, "regularized": null }, "geometry": { "type": "Polygon", "coordinates": [ [ [ 356095.422177009168081, 3771213.631739572621882 ], [ 356095.116988809779286, 3771213.326551373116672 ], [ 356095.116988809779286, 3771213.021363174077123 ], [ 356094.811800610390492, 3771212.716174974571913 ], [ 356094.811800610390492, 3771212.410986775066704 ], [ 356094.506612411001697, 3771212.105798575561494 ], [ 356094.506612411001697, 3771211.800610376521945 ], [ 356094.201424211612903, 3771211.495422177016735 ], [ 356094.201424211612903, 3771211.190233977511525 ], [ 356092.980671414057724, 3771209.969481179956347 ], [ 356092.980671414057724, 3771209.664292980451137 ], [ 356100.305188199388795, 3771209.664292980451137 ], [ 356100.305188199388795, 3771209.969481179956347 ], [ 356100.0, 3771210.274669379461557 ], [ 356100.0, 3771210.579857578966767 ], [ 356099.694811800611205, 3771210.579857578966767 ], [ 356099.084435401833616, 3771211.190233977511525 ], [ 356098.779247202444822, 3771211.190233977511525 ], [ 356098.474059003056027, 3771211.495422177016735 ], [ 356098.474059003056027, 3771211.800610376521945 ], [ 356098.168870803667232, 3771211.800610376521945 ], [ 356097.863682604278438, 3771212.105798575561494 ], [ 356097.863682604278438, 3771212.410986775066704 ], [ 356096.948118006112054, 3771213.326551373116672 ], [ 356096.642929806723259, 3771213.326551373116672 ], [ 356096.337741607334465, 3771213.631739572621882 ], [ 356095.422177009168081, 3771213.631739572621882 ] ] ] } },
{ "type": "Feature", "properties": { "confidence": 0.90266400575637817, "class": 1, "regularized": null }, "geometry": { "type": "Polygon", "coordinates": [ [ [ 355930.92573753814213, 3771146.18514750758186 ], [ 355930.620549338753335, 3771145.87995930807665 ], [ 355929.399796541198157, 3771145.87995930807665 ], [ 355929.094608341809362, 3771145.574771109037101 ], [ 355928.484231943031773, 3771145.574771109037101 ], [ 355928.179043743642978, 3771145.269582909531891 ], [ 355927.568667344865389, 3771145.269582909531891 ], [ 355927.263479145476595, 3771144.964394710026681 ], [ 355927.263479145476595, 3771143.743641912471503 ], [ 355927.568667344865389, 3771143.438453712966293 ], [ 355927.568667344865389, 3771142.828077314421535 ], [ 355927.873855544254184, 3771142.522889114916325 ], [ 355927.873855544254184, 3771141.302136317361146 ], [ 355928.179043743642978, 3771140.996948117855936 ], [ 355928.179043743642978, 3771140.081383519805968 ], [ 355928.484231943031773, 3771139.776195320300758 ], [ 355928.484231943031773, 3771138.555442522745579 ], [ 355928.789420142420568, 3771138.250254323706031 ], [ 355930.315361139364541, 3771138.250254323706031 ], [ 355930.620549338753335, 3771138.555442522745579 ], [ 355931.536113936919719, 3771138.555442522745579 ], [ 355932.146490335697308, 3771139.165818921755999 ], [ 355932.451678535086103, 3771139.165818921755999 ], [ 355933.062054933863692, 3771139.776195320300758 ], [ 355933.062054933863692, 3771140.996948117855936 ], [ 355932.756866734474897, 3771141.302136317361146 ], [ 355932.756866734474897, 3771141.912512716371566 ], [ 355932.451678535086103, 3771142.217700915411115 ], [ 355932.451678535086103, 3771145.574771109037101 ], [ 355931.841302136308514, 3771146.18514750758186 ], [ 355930.92573753814213, 3771146.18514750758186 ] ] ] } },
{ "type": "Feature", "properties": { "confidence": 0.89473885297775269, "class": 1, "regularized": null }, "geometry": { "type": "Polygon", "coordinates": [ [ [ 355817.090539165830705, 3771556.968463886063546 ], [ 355816.785350966441911, 3771556.663275686558336 ], [ 355816.174974567664322, 3771556.663275686558336 ], [ 355815.869786368275527, 3771556.358087487053126 ], [ 355815.564598168886732, 3771556.358087487053126 ], [ 355815.259409969497938, 3771556.052899288013577 ], [ 355814.954221770109143, 3771556.052899288013577 ], [ 355814.343845371331554, 3771555.442522889003158 ], [ 355814.038657171942759, 3771555.442522889003158 ], [ 355814.038657171942759, 3771555.137334689497948 ], [ 355811.902339776221197, 3771553.001017293892801 ], [ 355811.902339776221197, 3771552.390640895348042 ], [ 355812.512716174998786, 3771551.780264496337622 ], [ 355812.512716174998786, 3771551.475076296832412 ], [ 355813.123092573776376, 3771550.864699898287654 ], [ 355813.123092573776376, 3771550.559511698782444 ], [ 355813.42828077316517, 3771550.254323499277234 ], [ 355813.42828077316517, 3771549.949135300237685 ], [ 355815.259409969497938, 3771548.118006103672087 ], [ 355815.564598168886732, 3771548.118006103672087 ], [ 355815.869786368275527, 3771547.812817904166877 ], [ 355815.869786368275527, 3771547.507629705127329 ], [ 355816.785350966441911, 3771546.592065106611699 ], [ 355817.090539165830705, 3771546.897253306116909 ], [ 355817.3957273652195, 3771546.897253306116909 ], [ 355818.006103763997089, 3771547.507629705127329 ], [ 355818.006103763997089, 3771548.423194303177297 ], [ 355818.616480162774678, 3771549.033570701722056 ], [ 355819.837232960329857, 3771549.033570701722056 ], [ 355819.837232960329857, 3771549.949135300237685 ], [ 355820.142421159718651, 3771550.254323499277234 ], [ 355820.142421159718651, 3771553.001017293892801 ], [ 355819.837232960329857, 3771553.306205493398011 ], [ 355819.837232960329857, 3771553.611393692903221 ], [ 355819.532044760941062, 3771553.916581891942769 ], [ 355819.532044760941062, 3771554.526958290953189 ], [ 355819.226856561552268, 3771554.832146490458399 ], [ 355819.226856561552268, 3771555.442522889003158 ], [ 355818.921668362163473, 3771555.747711088508368 ], [ 355818.921668362163473, 3771556.663275686558336 ], [ 355818.616480162774678, 3771556.968463886063546 ], [ 355817.090539165830705, 3771556.968463886063546 ] ] ] } },
{ "type": "Feature", "properties": { "confidence": 0.89179235696792603, "class": 1, "regularized": null }, "geometry": { "type": "Polygon", "coordinates": [ [ [ 356009.053916581906378, 3771402.238046795595437 ], [ 356008.748728382517584, 3771401.932858596090227 ], [ 356008.443540183128789, 3771401.932858596090227 ], [ 356007.527975584962405, 3771401.017293998040259 ], [ 356007.527975584962405, 3771400.712105798535049 ], [ 356006.917599186184816, 3771400.10172939999029 ], [ 356006.917599186184816, 3771399.79654120048508 ], [ 356006.307222787407227, 3771399.186164801474661 ], [ 356006.307222787407227, 3771398.880976602435112 ], [ 356006.002034588018432, 3771398.575788402929902 ], [ 356006.002034588018432, 3771397.660223804879934 ], [ 356006.307222787407227, 3771397.355035605374724 ], [ 356006.307222787407227, 3771397.049847405869514 ], [ 356006.612410986796021, 3771396.744659206364304 ], [ 356006.612410986796021, 3771396.439471007324755 ], [ 356007.222787385573611, 3771395.829094608314335 ], [ 356007.222787385573611, 3771395.523906408809125 ], [ 356007.527975584962405, 3771395.523906408809125 ], [ 356008.443540183128789, 3771394.608341810759157 ], [ 356008.748728382517584, 3771394.608341810759157 ], [ 356009.969481180072762, 3771393.387589013203979 ], [ 356010.274669379461557, 3771393.387589013203979 ], [ 356010.579857578850351, 3771393.082400813698769 ], [ 356011.495422177016735, 3771393.082400813698769 ], [ 356011.80061037640553, 3771393.387589013203979 ], [ 356012.105798575794324, 3771393.387589013203979 ], [ 356012.410986775183119, 3771393.692777212709188 ], [ 356012.410986775183119, 3771393.997965412214398 ], [ 356013.631739572738297, 3771395.218718209769577 ], [ 356013.631739572738297, 3771397.049847405869514 ], [ 356013.326551373349503, 3771397.355035605374724 ], [ 356013.326551373349503, 3771397.965412003919482 ], [ 356013.021363173960708, 3771398.270600203424692 ], [ 356013.021363173960708, 3771398.575788402929902 ], [ 356012.716174974571913, 3771398.880976602435112 ], [ 356012.716174974571913, 3771399.491353000979871 ], [ 356012.410986775183119, 3771399.79654120048508 ], [ 356012.410986775183119, 3771400.10172939999029 ], [ 356010.885045778239146, 3771401.627670396585017 ], [ 356010.579857578850351, 3771401.627670396585017 ], [ 356010.274669379461557, 3771401.932858596090227 ], [ 356009.664292980683967, 3771401.932858596090227 ], [ 356009.359104781295173, 3771402.238046795595437 ], [ 356009.053916581906378, 3771402.238046795595437 ] ] ] } },
{ "type": "Feature", "properties": { "confidence": 0.88887077569961548, "class": 1, "regularized": null }, "geometry": { "type": "Polygon", "coordinates": [ [ [ 356127.466937945049722, 3771100.406917599029839 ], [ 356127.161749745660927, 3771100.10172939999029 ], [ 356127.161749745660927, 3771099.79654120048508 ], [ 356126.856561546272133, 3771099.491353000979871 ], [ 356126.856561546272133, 3771097.965412003919482 ], [ 356126.551373346883338, 3771097.660223804879934 ], [ 356126.856561546272133, 3771097.355035605374724 ], [ 356126.856561546272133, 3771094.913530010264367 ], [ 356126.551373346883338, 3771094.608341810759157 ], [ 356126.551373346883338, 3771094.303153611253947 ], [ 356126.246185147494543, 3771093.997965412214398 ], [ 356126.246185147494543, 3771093.082400813698769 ], [ 356126.551373346883338, 3771093.082400813698769 ], [ 356126.856561546272133, 3771092.77721261465922 ], [ 356126.856561546272133, 3771092.47202441515401 ], [ 356131.434384537104052, 3771092.47202441515401 ], [ 356131.434384537104052, 3771092.77721261465922 ], [ 356131.739572736492846, 3771093.082400813698769 ], [ 356132.044760935881641, 3771093.082400813698769 ], [ 356132.044760935881641, 3771093.997965412214398 ], [ 356131.739572736492846, 3771094.303153611253947 ], [ 356131.739572736492846, 3771095.218718209769577 ], [ 356132.044760935881641, 3771095.523906408809125 ], [ 356132.349949135328643, 3771095.523906408809125 ], [ 356132.349949135328643, 3771095.829094608314335 ], [ 356132.655137334717438, 3771096.134282807819545 ], [ 356132.655137334717438, 3771096.744659206364304 ], [ 356132.960325534106232, 3771097.049847405869514 ], [ 356132.960325534106232, 3771097.965412003919482 ], [ 356133.265513733495027, 3771098.270600203424692 ], [ 356133.265513733495027, 3771098.575788402929902 ], [ 356132.960325534106232, 3771098.880976602435112 ], [ 356132.960325534106232, 3771099.186164801474661 ], [ 356132.349949135328643, 3771099.186164801474661 ], [ 356132.044760935881641, 3771099.491353000979871 ], [ 356131.739572736492846, 3771099.491353000979871 ], [ 356131.129196337715257, 3771100.10172939999029 ], [ 356130.824008138326462, 3771100.10172939999029 ], [ 356130.518819938937668, 3771100.406917599029839 ], [ 356127.466937945049722, 3771100.406917599029839 ] ] ] } },
{ "type": "Feature", "properties": { "confidence": 0.88569653034210205, "class": 1, "regularized": null }, "geometry": { "type": "Polygon", "coordinates": [ [ [ 355823.499491352995392, 3771213.936927772127092 ], [ 355823.194303153606597, 3771213.631739572621882 ], [ 355823.194303153606597, 3771213.326551373116672 ], [ 355822.889114954217803, 3771213.021363174077123 ], [ 355822.583926754829008, 3771213.021363174077123 ], [ 355821.057985757885035, 3771211.495422177016735 ], [ 355820.752797558496241, 3771211.495422177016735 ], [ 355820.752797558496241, 3771211.190233977511525 ], [ 355820.447609359107446, 3771210.885045778006315 ], [ 355820.447609359107446, 3771209.664292980451137 ], [ 355831.434384537104052, 3771209.664292980451137 ], [ 355831.434384537104052, 3771209.969481179956347 ], [ 355831.129196337715257, 3771209.969481179956347 ], [ 355830.213631739548873, 3771210.885045778006315 ], [ 355829.908443540160079, 3771210.885045778006315 ], [ 355828.6876907426049, 3771212.105798575561494 ], [ 355828.077314343827311, 3771212.105798575561494 ], [ 355827.772126144438516, 3771212.410986775066704 ], [ 355827.466937945049722, 3771212.410986775066704 ], [ 355826.856561546272133, 3771213.021363174077123 ], [ 355826.551373346883338, 3771213.021363174077123 ], [ 355826.246185147494543, 3771213.326551373116672 ], [ 355825.940996948105749, 3771213.326551373116672 ], [ 355825.635808748716954, 3771213.631739572621882 ], [ 355825.33062054932816, 3771213.631739572621882 ], [ 355825.025432349939365, 3771213.936927772127092 ], [ 355823.499491352995392, 3771213.936927772127092 ] ] ] } },
{ "type": "Feature", "properties": { "confidence": 0.87366998195648193, "class": 1, "regularized": null }, "geometry": { "type": "Polygon", "coordinates": [ [ [ 355836.012207527994178, 3771556.052899288013577 ], [ 355835.707019328605384, 3771555.747711088508368 ], [ 355835.401831129216589, 3771555.747711088508368 ], [ 355835.401831129216589, 3771555.442522889003158 ], [ 355832.960325534106232, 3771553.001017293892801 ], [ 355832.960325534106232, 3771552.695829094387591 ], [ 355832.655137334717438, 3771552.390640895348042 ], [ 355832.655137334717438, 3771552.085452695842832 ], [ 355832.044760935881641, 3771551.475076296832412 ], [ 355832.044760935881641, 3771549.338758901227266 ], [ 355832.349949135328643, 3771549.033570701722056 ], [ 355832.349949135328643, 3771548.728382502682507 ], [ 355832.655137334717438, 3771548.728382502682507 ], [ 355833.875890132272616, 3771547.507629705127329 ], [ 355833.875890132272616, 3771546.592065106611699 ], [ 355834.486266531050205, 3771546.592065106611699 ], [ 355834.791454730439, 3771546.897253306116909 ], [ 355834.791454730439, 3771547.507629705127329 ], [ 355835.401831129216589, 3771548.118006103672087 ], [ 355835.707019328605384, 3771548.118006103672087 ], [ 355836.012207527994178, 3771548.423194303177297 ], [ 355836.317395727382973, 3771548.423194303177297 ], [ 355836.317395727382973, 3771548.728382502682507 ], [ 355837.232960325549357, 3771549.643947100732476 ], [ 355837.232960325549357, 3771549.949135300237685 ], [ 355837.538148524938151, 3771550.254323499277234 ], [ 355837.538148524938151, 3771550.864699898287654 ], [ 355837.843336724326946, 3771551.169888097792864 ], [ 355837.843336724326946, 3771552.085452695842832 ], [ 355838.14852492371574, 3771552.390640895348042 ], [ 355838.14852492371574, 3771554.832146490458399 ], [ 355837.843336724326946, 3771555.137334689497948 ], [ 355837.843336724326946, 3771555.442522889003158 ], [ 355837.538148524938151, 3771555.747711088508368 ], [ 355837.538148524938151, 3771556.052899288013577 ], [ 355836.012207527994178, 3771556.052899288013577 ] ] ] } },
{ "type": "Feature", "properties": { "confidence": 0.85716724395751953, "class": 1, "regularized": null }, "geometry": { "type": "Polygon", "coordinates": [ [ [ 355837.843336724326946, 3771331.12919633788988 ], [ 355837.538148524938151, 3771330.82400813838467 ], [ 355836.622583926771767, 3771330.82400813838467 ], [ 355836.317395727382973, 3771330.51881993887946 ], [ 355836.317395727382973, 3771329.908443540334702 ], [ 355836.012207527994178, 3771329.603255340829492 ], [ 355834.486266531050205, 3771329.603255340829492 ], [ 355834.181078331661411, 3771329.298067141324282 ], [ 355833.875890132272616, 3771329.298067141324282 ], [ 355833.265513733495027, 3771328.687690742779523 ], [ 355833.265513733495027, 3771328.382502543274313 ], [ 355832.655137334717438, 3771327.772126144263893 ], [ 355832.655137334717438, 3771327.466937945224345 ], [ 355838.75890132249333, 3771327.466937945224345 ], [ 355838.75890132249333, 3771330.82400813838467 ], [ 355838.453713123104535, 3771331.12919633788988 ], [ 355837.843336724326946, 3771331.12919633788988 ] ] ] } },
{ "type": "Feature", "properties": { "confidence": 0.85712456703186035, "class": 1, "regularized": null }, "geometry": { "type": "Polygon", "coordinates": [ [ [ 356063.987792472005822, 3771248.423194303177297 ], [ 356063.987792472005822, 3771248.118006103672087 ], [ 356063.682604272617027, 3771247.812817904166877 ], [ 356063.682604272617027, 3771244.455747711006552 ], [ 356063.987792472005822, 3771244.150559511501342 ], [ 356063.987792472005822, 3771243.845371312461793 ], [ 356064.292980671394616, 3771243.845371312461793 ], [ 356064.598168870783411, 3771243.540183112956583 ], [ 356064.598168870783411, 3771243.234994913451374 ], [ 356064.903357070172206, 3771243.234994913451374 ], [ 356066.124109867727384, 3771242.014242115896195 ], [ 356066.429298067116179, 3771242.014242115896195 ], [ 356066.734486266504973, 3771241.709053916390985 ], [ 356067.344862665282562, 3771241.709053916390985 ], [ 356067.650050864671357, 3771241.403865717351437 ], [ 356067.955239064118359, 3771241.403865717351437 ], [ 356068.565615462895948, 3771240.793489318341017 ], [ 356068.870803662284743, 3771240.793489318341017 ], [ 356070.701932858617511, 3771238.96236012224108 ], [ 356071.007121058006305, 3771238.96236012224108 ], [ 356071.3123092573951, 3771238.65717192273587 ], [ 356071.922685656172689, 3771238.65717192273587 ], [ 356072.533062054950278, 3771239.267548321280628 ], [ 356072.227873855561484, 3771239.572736520785838 ], [ 356072.227873855561484, 3771242.014242115896195 ], [ 356071.922685656172689, 3771242.319430315401405 ], [ 356071.922685656172689, 3771243.234994913451374 ], [ 356071.617497456783894, 3771243.540183112956583 ], [ 356071.617497456783894, 3771245.066124110016972 ], [ 356070.701932858617511, 3771245.98168870806694 ], [ 356070.701932858617511, 3771246.28687690757215 ], [ 356070.396744659228716, 3771246.592065106611699 ], [ 356070.396744659228716, 3771247.507629705127329 ], [ 356069.786368260451127, 3771248.118006103672087 ], [ 356069.786368260451127, 3771248.423194303177297 ], [ 356063.987792472005822, 3771248.423194303177297 ] ] ] } },
{ "type": "Feature", "properties": { "confidence": 0.8508794903755188, "class": 1, "regularized": null }, "geometry": { "type": "Polygon", "coordinates": [ [ [ 356085.961342828057241, 3771133.062054933980107 ], [ 356085.656154628668446, 3771132.756866734474897 ], [ 356085.350966429279651, 3771132.756866734474897 ], [ 356085.045778229890857, 3771132.451678534969687 ], [ 356085.045778229890857, 3771132.146490335930139 ], [ 356084.740590030502062, 3771131.841302136424929 ], [ 356084.435401831113268, 3771131.841302136424929 ], [ 356084.130213631724473, 3771131.536113936919719 ], [ 356084.130213631724473, 3771131.230925737414509 ], [ 356083.519837232946884, 3771130.62054933886975 ], [ 356083.519837232946884, 3771129.704984740819782 ], [ 356083.214649033558089, 3771129.399796541314572 ], [ 356083.214649033558089, 3771128.789420142304152 ], [ 356083.519837232946884, 3771128.484231942798942 ], [ 356083.519837232946884, 3771128.179043743759394 ], [ 356083.825025432335678, 3771128.179043743759394 ], [ 356084.130213631724473, 3771127.873855544254184 ], [ 356084.435401831113268, 3771127.873855544254184 ], [ 356085.045778229890857, 3771127.263479145243764 ], [ 356085.350966429279651, 3771127.263479145243764 ], [ 356085.656154628668446, 3771126.958290946204215 ], [ 356085.961342828057241, 3771126.958290946204215 ], [ 356086.57171922683483, 3771126.347914547193795 ], [ 356086.876907426223624, 3771126.347914547193795 ], [ 356087.182095625612419, 3771126.042726347688586 ], [ 356087.487283825001214, 3771126.042726347688586 ], [ 356087.792472024390008, 3771125.737538148649037 ], [ 356088.402848423167598, 3771125.737538148649037 ], [ 356088.708036622556392, 3771125.432349949143827 ], [ 356089.318413021392189, 3771125.432349949143827 ], [ 356089.623601220780984, 3771125.127161749638617 ], [ 356090.539165818947367, 3771125.127161749638617 ], [ 356090.844354018336162, 3771125.432349949143827 ], [ 356090.844354018336162, 3771126.042726347688586 ], [ 356091.149542217724957, 3771126.347914547193795 ], [ 356091.149542217724957, 3771129.399796541314572 ], [ 356088.097660223778803, 3771132.451678534969687 ], [ 356087.792472024390008, 3771132.451678534969687 ], [ 356087.487283825001214, 3771132.756866734474897 ], [ 356087.182095625612419, 3771132.756866734474897 ], [ 356086.876907426223624, 3771133.062054933980107 ], [ 356085.961342828057241, 3771133.062054933980107 ] ] ] } },
{ "type": "Feature", "properties": { "confidence": 0.84816175699234009, "class": 1, "regularized": null }, "geometry": { "type": "Polygon", "coordinates": [ [ [ 356118.006103763997089, 3771213.631739572621882 ], [ 356117.700915564608295, 3771213.326551373116672 ], [ 356117.700915564608295, 3771212.105798575561494 ], [ 356117.3957273652195, 3771211.800610376521945 ], [ 356117.3957273652195, 3771211.495422177016735 ], [ 356117.090539165830705, 3771211.190233977511525 ], [ 356117.090539165830705, 3771210.885045778006315 ], [ 356116.480162767053116, 3771210.274669379461557 ], [ 356116.174974567664322, 3771210.274669379461557 ], [ 356115.869786368275527, 3771209.969481179956347 ], [ 356115.564598168886732, 3771209.969481179956347 ], [ 356115.564598168886732, 3771209.664292980451137 ], [ 356124.415055951161776, 3771209.664292980451137 ], [ 356124.415055951161776, 3771209.969481179956347 ], [ 356123.194303153606597, 3771211.190233977511525 ], [ 356123.194303153606597, 3771211.495422177016735 ], [ 356122.583926754829008, 3771212.105798575561494 ], [ 356122.583926754829008, 3771212.716174974571913 ], [ 356121.973550356051419, 3771213.326551373116672 ], [ 356121.668362156662624, 3771213.326551373116672 ], [ 356121.36317395727383, 3771213.631739572621882 ], [ 356118.006103763997089, 3771213.631739572621882 ] ] ] } },
{ "type": "Feature", "properties": { "confidence": 0.84678459167480469, "class": 1, "regularized": null }, "geometry": { "type": "Polygon", "coordinates": [ [ [ 356071.007121058006305, 3771148.626653102692217 ], [ 356070.701932858617511, 3771148.321464903187007 ], [ 356070.701932858617511, 3771148.016276704147458 ], [ 356070.396744659228716, 3771147.711088504642248 ], [ 356070.396744659228716, 3771146.79552390659228 ], [ 356070.701932858617511, 3771146.49033570708707 ], [ 356070.701932858617511, 3771144.659206510521472 ], [ 356071.007121058006305, 3771144.354018311481923 ], [ 356071.007121058006305, 3771142.828077314421535 ], [ 356071.3123092573951, 3771142.522889114916325 ], [ 356071.3123092573951, 3771141.607324516866356 ], [ 356072.227873855561484, 3771140.691759918816388 ], [ 356073.143438453727867, 3771140.691759918816388 ], [ 356073.143438453727867, 3771148.626653102692217 ], [ 356071.007121058006305, 3771148.626653102692217 ] ] ] } },
{ "type": "Feature", "properties": { "confidence": 0.84388446807861328, "class": 1, "regularized": null }, "geometry": { "type": "Polygon", "coordinates": [ [ [ 356031.637843336735386, 3771177.31434384547174 ], [ 356031.332655137346592, 3771177.00915564596653 ], [ 356031.027466937957797, 3771177.00915564596653 ], [ 356030.111902339791413, 3771176.093591047916561 ], [ 356030.111902339791413, 3771175.788402848411351 ], [ 356029.806714140402619, 3771175.483214648906142 ], [ 356029.806714140402619, 3771175.178026449866593 ], [ 356029.501525941013824, 3771174.872838250361383 ], [ 356029.501525941013824, 3771174.262461851350963 ], [ 356029.19633774162503, 3771173.957273652311414 ], [ 356029.19633774162503, 3771172.126144455745816 ], [ 356029.501525941013824, 3771171.820956256240606 ], [ 356029.501525941013824, 3771171.515768057201058 ], [ 356033.468972533068154, 3771171.515768057201058 ], [ 356033.468972533068154, 3771171.820956256240606 ], [ 356033.774160732456949, 3771172.126144455745816 ], [ 356036.215666327567305, 3771172.126144455745816 ], [ 356036.5208545269561, 3771172.431332655251026 ], [ 356037.131230925733689, 3771172.431332655251026 ], [ 356037.436419125122484, 3771172.736520854756236 ], [ 356037.741607324511278, 3771172.736520854756236 ], [ 356038.046795523900073, 3771173.041709053795785 ], [ 356038.351983723288868, 3771173.041709053795785 ], [ 356038.657171922677662, 3771173.346897253300995 ], [ 356038.046795523900073, 3771173.346897253300995 ], [ 356037.741607324511278, 3771173.652085452806205 ], [ 356037.741607324511278, 3771174.262461851350963 ], [ 356037.131230925733689, 3771174.872838250361383 ], [ 356036.826042726344895, 3771174.872838250361383 ], [ 356036.5208545269561, 3771175.178026449866593 ], [ 356036.5208545269561, 3771176.398779247421771 ], [ 356036.215666327567305, 3771176.398779247421771 ], [ 356035.910478128178511, 3771176.70396744646132 ], [ 356035.910478128178511, 3771176.398779247421771 ], [ 356035.605289928789716, 3771176.093591047916561 ], [ 356034.384537131234538, 3771176.093591047916561 ], [ 356034.079348931845743, 3771176.398779247421771 ], [ 356033.774160732456949, 3771176.398779247421771 ], [ 356033.163784333679359, 3771177.00915564596653 ], [ 356032.858596134290565, 3771177.00915564596653 ], [ 356032.55340793490177, 3771177.31434384547174 ], [ 356031.637843336735386, 3771177.31434384547174 ] ] ] } },
{ "type": "Feature", "properties": { "confidence": 0.84315252304077148, "class": 1, "regularized": null }, "geometry": { "type": "Polygon", "coordinates": [ [ [ 356359.104781281785108, 3771544.760935910511762 ], [ 356358.799593082396314, 3771544.455747711006552 ], [ 356358.799593082396314, 3771543.234994913451374 ], [ 356359.409969481173903, 3771542.624618514906615 ], [ 356359.715157680562697, 3771542.624618514906615 ], [ 356360.020345879951492, 3771542.319430315401405 ], [ 356360.325534079340287, 3771542.319430315401405 ], [ 356360.630722278729081, 3771542.014242115896195 ], [ 356363.072227873839438, 3771542.014242115896195 ], [ 356363.072227873839438, 3771542.319430315401405 ], [ 356363.377416073228233, 3771542.624618514906615 ], [ 356363.377416073228233, 3771543.845371312461793 ], [ 356363.072227873839438, 3771544.150559511501342 ], [ 356362.156663275673054, 3771544.150559511501342 ], [ 356361.85147507628426, 3771544.455747711006552 ], [ 356360.020345879951492, 3771544.455747711006552 ], [ 356359.715157680562697, 3771544.760935910511762 ], [ 356359.104781281785108, 3771544.760935910511762 ] ] ] } },
{ "type": "Feature", "properties": { "confidence": 0.84161001443862915, "class": 1, "regularized": null }, "geometry": { "type": "Polygon", "coordinates": [ [ [ 356347.507629705010913, 3771400.712105798535049 ], [ 356346.897253306233324, 3771400.10172939999029 ], [ 356346.59206510684453, 3771400.10172939999029 ], [ 356346.286876907397527, 3771399.79654120048508 ], [ 356345.981688708008733, 3771399.79654120048508 ], [ 356345.981688708008733, 3771399.491353000979871 ], [ 356345.676500508619938, 3771399.186164801474661 ], [ 356345.371312309231143, 3771399.186164801474661 ], [ 356345.371312309231143, 3771398.575788402929902 ], [ 356345.066124109842349, 3771398.270600203424692 ], [ 356345.066124109842349, 3771396.134282807819545 ], [ 356344.760935910453554, 3771395.829094608314335 ], [ 356344.760935910453554, 3771394.913530010264367 ], [ 356345.066124109842349, 3771394.608341810759157 ], [ 356345.066124109842349, 3771394.303153611253947 ], [ 356346.286876907397527, 3771393.082400813698769 ], [ 356346.59206510684453, 3771393.082400813698769 ], [ 356346.897253306233324, 3771392.77721261465922 ], [ 356347.202441505622119, 3771392.77721261465922 ], [ 356347.812817904399708, 3771392.1668362156488 ], [ 356348.118006103788503, 3771392.1668362156488 ], [ 356348.423194303177297, 3771391.86164801614359 ], [ 356348.728382502566092, 3771391.86164801614359 ], [ 356349.033570701954886, 3771391.556459817104042 ], [ 356349.338758901343681, 3771391.556459817104042 ], [ 356349.643947100732476, 3771391.251271617598832 ], [ 356350.254323499510065, 3771391.251271617598832 ], [ 356350.559511698898859, 3771390.946083418093622 ], [ 356351.169888097676449, 3771390.946083418093622 ], [ 356351.475076297065243, 3771390.640895218588412 ], [ 356353.9165818921756, 3771390.640895218588412 ], [ 356354.221770091564395, 3771390.946083418093622 ], [ 356354.221770091564395, 3771391.556459817104042 ], [ 356354.526958290953189, 3771391.86164801614359 ], [ 356354.526958290953189, 3771392.77721261465922 ], [ 356354.832146490341984, 3771393.082400813698769 ], [ 356354.832146490341984, 3771393.692777212709188 ], [ 356355.137334689730778, 3771393.997965412214398 ], [ 356355.137334689730778, 3771397.660223804879934 ], [ 356353.9165818921756, 3771398.880976602435112 ], [ 356353.9165818921756, 3771399.186164801474661 ], [ 356353.611393692786805, 3771399.186164801474661 ], [ 356353.001017294009216, 3771399.79654120048508 ], [ 356351.475076297065243, 3771399.79654120048508 ], [ 356351.169888097676449, 3771400.10172939999029 ], [ 356350.559511698898859, 3771400.10172939999029 ], [ 356350.254323499510065, 3771400.406917599029839 ], [ 356349.643947100732476, 3771400.406917599029839 ], [ 356349.338758901343681, 3771400.712105798535049 ], [ 356347.507629705010913, 3771400.712105798535049 ] ] ] } },
{ "type": "Feature", "properties": { "confidence": 0.83636665344238281, "class": 1, "regularized": null }, "geometry": { "type": "Polygon", "coordinates": [ [ [ 355934.587995930807665, 3771403.458799593150616 ], [ 355934.28280773141887, 3771403.153611393645406 ], [ 355933.977619532030076, 3771403.153611393645406 ], [ 355933.367243133252487, 3771402.543234995100647 ], [ 355933.062054933863692, 3771402.543234995100647 ], [ 355932.756866734474897, 3771402.238046795595437 ], [ 355932.451678535086103, 3771402.238046795595437 ], [ 355931.841302136308514, 3771401.627670396585017 ], [ 355931.536113936919719, 3771401.627670396585017 ], [ 355931.230925737530924, 3771401.322482197545469 ], [ 355931.230925737530924, 3771401.017293998040259 ], [ 355930.92573753814213, 3771400.712105798535049 ], [ 355930.92573753814213, 3771399.79654120048508 ], [ 355931.230925737530924, 3771399.491353000979871 ], [ 355931.230925737530924, 3771398.270600203424692 ], [ 355931.536113936919719, 3771397.965412003919482 ], [ 355931.536113936919719, 3771395.523906408809125 ], [ 355931.841302136308514, 3771395.218718209769577 ], [ 355931.841302136308514, 3771394.303153611253947 ], [ 355932.756866734474897, 3771393.387589013203979 ], [ 355933.062054933863692, 3771393.387589013203979 ], [ 355934.28280773141887, 3771394.608341810759157 ], [ 355935.503560528974049, 3771394.608341810759157 ], [ 355935.808748728362843, 3771394.303153611253947 ], [ 355936.113936927751638, 3771394.303153611253947 ], [ 355937.334689725306816, 3771393.082400813698769 ], [ 355937.639877924695611, 3771393.082400813698769 ], [ 355937.945066124084406, 3771392.77721261465922 ], [ 355938.2502543234732, 3771393.082400813698769 ], [ 355938.860630722250789, 3771393.082400813698769 ], [ 355940.38657171925297, 3771394.608341810759157 ], [ 355940.38657171925297, 3771397.355035605374724 ], [ 355940.081383519864175, 3771397.660223804879934 ], [ 355940.081383519864175, 3771397.965412003919482 ], [ 355939.471007121086586, 3771398.575788402929902 ], [ 355939.471007121086586, 3771398.880976602435112 ], [ 355938.555442522861995, 3771399.79654120048508 ], [ 355938.555442522861995, 3771400.10172939999029 ], [ 355937.334689725306816, 3771401.322482197545469 ], [ 355937.029501525918022, 3771401.322482197545469 ], [ 355936.419125127140433, 3771401.932858596090227 ], [ 355936.419125127140433, 3771402.238046795595437 ], [ 355935.808748728362843, 3771402.848423194140196 ], [ 355935.808748728362843, 3771403.153611393645406 ], [ 355935.503560528974049, 3771403.153611393645406 ], [ 355935.198372329585254, 3771403.458799593150616 ], [ 355934.587995930807665, 3771403.458799593150616 ] ] ] } },
{ "type": "Feature", "properties": { "confidence": 0.83557307720184326, "class": 1, "regularized": null }, "geometry": { "type": "Polygon", "coordinates": [ [ [ 356068.565615462895948, 3771099.79654120048508 ], [ 356068.260427263507154, 3771099.491353000979871 ], [ 356067.650050864671357, 3771099.491353000979871 ], [ 356067.650050864671357, 3771098.270600203424692 ], [ 356067.344862665282562, 3771097.965412003919482 ], [ 356067.344862665282562, 3771097.355035605374724 ], [ 356067.039674465893768, 3771097.049847405869514 ], [ 356067.039674465893768, 3771095.523906408809125 ], [ 356067.650050864671357, 3771094.913530010264367 ], [ 356067.650050864671357, 3771094.608341810759157 ], [ 356069.175991861673538, 3771093.082400813698769 ], [ 356069.786368260451127, 3771093.082400813698769 ], [ 356070.091556459839921, 3771092.77721261465922 ], [ 356070.396744659228716, 3771092.77721261465922 ], [ 356070.701932858617511, 3771092.47202441515401 ], [ 356072.533062054950278, 3771092.47202441515401 ], [ 356072.533062054950278, 3771092.77721261465922 ], [ 356072.838250254339073, 3771093.082400813698769 ], [ 356073.143438453727867, 3771093.082400813698769 ], [ 356073.143438453727867, 3771093.692777212709188 ], [ 356072.838250254339073, 3771093.692777212709188 ], [ 356072.533062054950278, 3771093.997965412214398 ], [ 356072.533062054950278, 3771094.913530010264367 ], [ 356072.227873855561484, 3771095.218718209769577 ], [ 356072.227873855561484, 3771095.523906408809125 ], [ 356071.922685656172689, 3771095.523906408809125 ], [ 356071.3123092573951, 3771096.134282807819545 ], [ 356071.3123092573951, 3771096.439471007324755 ], [ 356071.007121058006305, 3771096.744659206364304 ], [ 356071.007121058006305, 3771097.049847405869514 ], [ 356070.701932858617511, 3771097.355035605374724 ], [ 356070.701932858617511, 3771098.270600203424692 ], [ 356070.396744659228716, 3771098.575788402929902 ], [ 356070.396744659228716, 3771098.880976602435112 ], [ 356070.091556459839921, 3771098.880976602435112 ], [ 356069.481180061062332, 3771099.491353000979871 ], [ 356068.870803662284743, 3771099.491353000979871 ], [ 356068.565615462895948, 3771099.79654120048508 ] ] ] } },
{ "type": "Feature", "properties": { "confidence": 0.8350597620010376, "class": 1, "regularized": null }, "geometry": { "type": "Polygon", "coordinates": [ [ [ 356176.90742624620907, 3771131.230925737414509 ], [ 356176.90742624620907, 3771130.62054933886975 ], [ 356176.297049847431481, 3771130.010172939859331 ], [ 356176.297049847431481, 3771129.704984740819782 ], [ 356175.991861648042686, 3771129.399796541314572 ], [ 356175.991861648042686, 3771128.789420142304152 ], [ 356175.686673448653892, 3771128.484231942798942 ], [ 356175.991861648042686, 3771128.179043743759394 ], [ 356175.991861648042686, 3771127.873855544254184 ], [ 356176.297049847431481, 3771127.873855544254184 ], [ 356177.517802644986659, 3771126.653102746699005 ], [ 356177.517802644986659, 3771126.347914547193795 ], [ 356179.348931841319427, 3771126.347914547193795 ], [ 356179.654120040708221, 3771126.653102746699005 ], [ 356179.959308240097016, 3771126.653102746699005 ], [ 356180.264496439485811, 3771126.958290946204215 ], [ 356180.569684638874605, 3771126.958290946204215 ], [ 356180.8748728382634, 3771127.263479145243764 ], [ 356181.180061037652194, 3771127.263479145243764 ], [ 356181.485249237040989, 3771127.568667344748974 ], [ 356183.316378433373757, 3771127.568667344748974 ], [ 356183.621566632762551, 3771127.873855544254184 ], [ 356184.537131230928935, 3771127.873855544254184 ], [ 356184.84231943031773, 3771128.179043743759394 ], [ 356185.147507629706524, 3771128.179043743759394 ], [ 356185.452695829095319, 3771128.484231942798942 ], [ 356185.757884028484114, 3771128.484231942798942 ], [ 356185.757884028484114, 3771128.789420142304152 ], [ 356186.063072227872908, 3771129.094608341809362 ], [ 356186.063072227872908, 3771130.315361139364541 ], [ 356185.452695829095319, 3771130.92573753837496 ], [ 356185.452695829095319, 3771131.230925737414509 ], [ 356176.90742624620907, 3771131.230925737414509 ] ] ] } },
{ "type": "Feature", "properties": { "confidence": 0.83161091804504395, "class": 1, "regularized": "rectangle" }, "geometry": { "type": "Polygon", "coordinates": [ [ [ 355933.125, 3771127.5 ], [ 355934.4375, 3771117.5 ], [ 355948.3125, 3771119.5 ], [ 355947.0, 3771129.5 ], [ 355933.125, 3771127.5 ] ] ] } },
{ "type": "Feature", "properties": { "confidence": 0.8253827691078186, "class": 1, "regularized": null }, "geometry": { "type": "Polygon", "coordinates": [ [ [ 356308.748728382517584, 3771444.659206510521472 ], [ 356308.138351983739994, 3771444.048830111976713 ], [ 356308.138351983739994, 3771440.691759918816388 ], [ 356307.8331637843512, 3771440.386571719311178 ], [ 356307.8331637843512, 3771439.776195320300758 ], [ 356307.222787385573611, 3771439.165818921755999 ], [ 356307.222787385573611, 3771438.860630722250789 ], [ 356306.917599186184816, 3771438.555442522745579 ], [ 356306.002034588018432, 3771438.555442522745579 ], [ 356305.696846388629638, 3771438.250254323706031 ], [ 356305.696846388629638, 3771435.198372329585254 ], [ 356306.002034588018432, 3771434.893184130080044 ], [ 356306.002034588018432, 3771434.282807731535286 ], [ 356306.307222787407227, 3771434.587995931040496 ], [ 356306.917599186184816, 3771434.587995931040496 ], [ 356307.527975584962405, 3771435.198372329585254 ], [ 356308.443540183128789, 3771435.198372329585254 ], [ 356308.748728382517584, 3771434.893184130080044 ], [ 356308.748728382517584, 3771434.282807731535286 ], [ 356310.274669379461557, 3771434.282807731535286 ], [ 356310.579857578850351, 3771434.587995931040496 ], [ 356310.885045778239146, 3771434.587995931040496 ], [ 356311.495422177016735, 3771435.198372329585254 ], [ 356311.495422177016735, 3771435.808748728595674 ], [ 356311.80061037640553, 3771436.113936927635223 ], [ 356311.80061037640553, 3771436.724313326645643 ], [ 356312.105798575794324, 3771437.029501526150852 ], [ 356312.105798575794324, 3771437.334689725190401 ], [ 356313.021363173960708, 3771438.250254323706031 ], [ 356313.021363173960708, 3771438.555442522745579 ], [ 356313.326551373349503, 3771438.860630722250789 ], [ 356313.326551373349503, 3771441.912512716371566 ], [ 356313.631739572738297, 3771442.217700915411115 ], [ 356313.631739572738297, 3771443.133265513926744 ], [ 356313.326551373349503, 3771443.438453712966293 ], [ 356312.410986775183119, 3771443.438453712966293 ], [ 356312.105798575794324, 3771443.743641912471503 ], [ 356311.80061037640553, 3771443.743641912471503 ], [ 356311.495422177016735, 3771444.048830111976713 ], [ 356310.885045778239146, 3771444.048830111976713 ], [ 356310.579857578850351, 3771444.354018311481923 ], [ 356310.274669379461557, 3771444.354018311481923 ], [ 356309.969481180072762, 3771444.659206510521472 ], [ 356308.748728382517584, 3771444.659206510521472 ] ] ] } },
{ "type": "Feature", "properties": { "confidence": 0.82299226522445679, "class": 1, "regularized": null }, "geometry": { "type": "Polygon", "coordinates": [ [ [ 355969.379450661246665, 3771519.125127161853015 ], [ 355969.07426246185787, 3771518.819938962347806 ], [ 355968.463886063080281, 3771518.819938962347806 ], [ 355968.158697863691486, 3771518.514750762842596 ], [ 355967.243133265525103, 3771518.514750762842596 ], [ 355966.937945066136308, 3771518.209562563803047 ], [ 355966.327568667358719, 3771518.209562563803047 ], [ 355966.022380467969924, 3771517.904374364297837 ], [ 355965.71719226858113, 3771517.904374364297837 ], [ 355965.71719226858113, 3771517.293997965287417 ], [ 355965.412004069192335, 3771516.988809766247869 ], [ 355965.412004069192335, 3771516.378433367237449 ], [ 355965.71719226858113, 3771516.073245167732239 ], [ 355965.71719226858113, 3771514.547304171137512 ], [ 355966.022380467969924, 3771514.242115971632302 ], [ 355966.022380467969924, 3771513.936927772127092 ], [ 355966.937945066136308, 3771513.021363174077123 ], [ 355967.243133265525103, 3771513.021363174077123 ], [ 355967.548321464913897, 3771512.716174974571913 ], [ 355967.853509664302692, 3771512.716174974571913 ], [ 355968.463886063080281, 3771512.105798575561494 ], [ 355968.769074262469076, 3771512.105798575561494 ], [ 355969.07426246185787, 3771511.800610376521945 ], [ 355969.379450661246665, 3771511.800610376521945 ], [ 355969.684638860635459, 3771511.495422177016735 ], [ 355969.989827060024254, 3771511.495422177016735 ], [ 355970.295015259413049, 3771511.190233977511525 ], [ 355971.515768056968227, 3771511.190233977511525 ], [ 355971.515768056968227, 3771512.410986775066704 ], [ 355971.820956256357022, 3771512.716174974571913 ], [ 355971.820956256357022, 3771513.631739572621882 ], [ 355972.126144455745816, 3771513.936927772127092 ], [ 355972.126144455745816, 3771514.547304171137512 ], [ 355972.431332655134611, 3771514.85249237017706 ], [ 355972.431332655134611, 3771517.904374364297837 ], [ 355972.126144455745816, 3771518.209562563803047 ], [ 355972.126144455745816, 3771518.514750762842596 ], [ 355971.820956256357022, 3771518.819938962347806 ], [ 355971.515768056968227, 3771518.819938962347806 ], [ 355971.210579857579432, 3771519.125127161853015 ], [ 355969.379450661246665, 3771519.125127161853015 ] ] ] } },
{ "type": "Feature", "properties": { "confidence": 0.81794273853302002, "class": 1, "regularized": null }, "geometry": { "type": "Polygon", "coordinates": [ [ [ 355936.419125127140433, 3771149.542217700742185 ], [ 355936.113936927751638, 3771149.237029501702636 ], [ 355935.808748728362843, 3771149.237029501702636 ], [ 355935.503560528974049, 3771148.931841302197427 ], [ 355935.503560528974049, 3771148.626653102692217 ], [ 355935.198372329585254, 3771148.321464903187007 ], [ 355935.198372329585254, 3771146.49033570708707 ], [ 355935.503560528974049, 3771146.18514750758186 ], [ 355935.503560528974049, 3771145.269582909531891 ], [ 355935.198372329585254, 3771144.964394710026681 ], [ 355935.198372329585254, 3771140.996948117855936 ], [ 355935.503560528974049, 3771140.691759918816388 ], [ 355935.503560528974049, 3771140.081383519805968 ], [ 355936.113936927751638, 3771139.471007121261209 ], [ 355936.113936927751638, 3771138.860630722250789 ], [ 355936.419125127140433, 3771138.555442522745579 ], [ 355936.419125127140433, 3771136.724313326645643 ], [ 355936.724313326529227, 3771136.419125127140433 ], [ 355936.724313326529227, 3771136.113936927635223 ], [ 355937.029501525918022, 3771135.808748728595674 ], [ 355937.334689725306816, 3771135.808748728595674 ], [ 355937.639877924695611, 3771135.503560529090464 ], [ 355937.945066124084406, 3771135.808748728595674 ], [ 355938.860630722250789, 3771135.808748728595674 ], [ 355939.165818921639584, 3771136.113936927635223 ], [ 355939.471007121086586, 3771136.113936927635223 ], [ 355940.081383519864175, 3771136.724313326645643 ], [ 355940.081383519864175, 3771139.471007121261209 ], [ 355940.691759918641765, 3771140.081383519805968 ], [ 355941.912512716196943, 3771140.081383519805968 ], [ 355943.743641912529711, 3771141.912512716371566 ], [ 355943.743641912529711, 3771143.438453712966293 ], [ 355944.048830111918505, 3771143.743641912471503 ], [ 355944.048830111918505, 3771148.626653102692217 ], [ 355943.438453713140916, 3771149.237029501702636 ], [ 355941.912512716196943, 3771149.237029501702636 ], [ 355941.607324516808148, 3771148.931841302197427 ], [ 355940.996948118030559, 3771148.931841302197427 ], [ 355940.691759918641765, 3771148.626653102692217 ], [ 355940.081383519864175, 3771148.626653102692217 ], [ 355939.776195320475381, 3771148.321464903187007 ], [ 355938.2502543234732, 3771148.321464903187007 ], [ 355937.945066124084406, 3771148.626653102692217 ], [ 355937.639877924695611, 3771148.626653102692217 ], [ 355937.029501525918022, 3771149.237029501702636 ], [ 355936.724313326529227, 3771149.237029501702636 ], [ 355936.419125127140433, 3771149.542217700742185 ] ] ] } },
{ "type": "Feature", "properties": { "confidence": 0.80162113904953003, "class": 1, "regularized": null }, "geometry": { "type": "Polygon", "coordinates": [ [ [ 355879.654120040708221, 3771306.408952187281102 ], [ 355879.654120040708221, 3771306.103763987775892 ], [ 355879.348931841319427, 3771305.798575788270682 ], [ 355879.348931841319427, 3771305.493387589231133 ], [ 355879.043743641930632, 3771305.188199389725924 ], [ 355879.043743641930632, 3771304.883011190220714 ], [ 355878.433367243153043, 3771304.272634791675955 ], [ 355878.128179043764248, 3771304.272634791675955 ], [ 355877.517802644986659, 3771303.662258392665535 ], [ 355877.212614445597865, 3771303.662258392665535 ], [ 355876.90742624620907, 3771303.357070193160325 ], [ 355876.602238046820275, 3771303.357070193160325 ], [ 355875.991861648042686, 3771302.746693794615567 ], [ 355875.991861648042686, 3771302.136317395605147 ], [ 355876.297049847431481, 3771301.831129196565598 ], [ 355876.297049847431481, 3771301.525940997060388 ], [ 355876.602238046820275, 3771301.220752797555178 ], [ 355876.602238046820275, 3771300.915564598049968 ], [ 355876.90742624620907, 3771300.61037639901042 ], [ 355876.90742624620907, 3771300.30518819950521 ], [ 355878.128179043764248, 3771299.084435401950032 ], [ 355878.128179043764248, 3771298.779247202444822 ], [ 355879.654120040708221, 3771297.253306205384433 ], [ 355879.959308240097016, 3771297.253306205384433 ], [ 355880.264496439485811, 3771296.948118005879223 ], [ 355880.8748728382634, 3771296.948118005879223 ], [ 355881.485249237040989, 3771296.337741607334465 ], [ 355884.84231943031773, 3771296.337741607334465 ], [ 355885.147507629706524, 3771296.642929806839675 ], [ 355884.84231943031773, 3771296.948118005879223 ], [ 355884.84231943031773, 3771299.084435401950032 ], [ 355884.537131230928935, 3771299.38962360098958 ], [ 355884.537131230928935, 3771300.0 ], [ 355883.926754832151346, 3771300.61037639901042 ], [ 355883.926754832151346, 3771300.915564598049968 ], [ 355883.316378433373757, 3771301.525940997060388 ], [ 355883.316378433373757, 3771301.831129196565598 ], [ 355883.011190233984962, 3771302.136317395605147 ], [ 355883.011190233984962, 3771302.746693794615567 ], [ 355882.706002034596168, 3771303.051881994120777 ], [ 355882.706002034596168, 3771303.662258392665535 ], [ 355883.011190233984962, 3771303.967446592170745 ], [ 355882.706002034596168, 3771304.272634791675955 ], [ 355882.706002034596168, 3771305.493387589231133 ], [ 355882.400813835207373, 3771305.798575788270682 ], [ 355882.400813835207373, 3771306.103763987775892 ], [ 355882.095625635818578, 3771306.408952187281102 ], [ 355879.654120040708221, 3771306.408952187281102 ] ] ] } },
{ "type": "Feature", "properties": { "confidence": 0.8008689284324646, "class": 1, "regularized": null }, "geometry": { "type": "Polygon", "coordinates": [ [ [ 356357.88402848422993, 3771534.384537131059915 ], [ 356357.578840284841135, 3771534.079348932020366 ], [ 356356.968463886063546, 3771534.079348932020366 ], [ 356356.663275686674751, 3771533.774160732515156 ], [ 356356.663275686674751, 3771533.468972533009946 ], [ 356356.358087487285957, 3771533.163784333504736 ], [ 356356.052899287897162, 3771533.163784333504736 ], [ 356355.747711088508368, 3771532.858596134465188 ], [ 356355.747711088508368, 3771529.196337741799653 ], [ 356356.052899287897162, 3771528.891149542294443 ], [ 356356.052899287897162, 3771526.754832146689296 ], [ 356356.358087487285957, 3771526.449643947184086 ], [ 356356.358087487285957, 3771525.839267548173666 ], [ 356356.663275686674751, 3771525.534079349134117 ], [ 356356.663275686674751, 3771524.923702950123698 ], [ 356356.968463886063546, 3771524.923702950123698 ], [ 356357.578840284841135, 3771524.313326551578939 ], [ 356358.189216683618724, 3771524.313326551578939 ], [ 356358.494404883007519, 3771524.008138352073729 ], [ 356358.799593082396314, 3771524.008138352073729 ], [ 356359.104781281785108, 3771523.702950152568519 ], [ 356360.020345879951492, 3771523.702950152568519 ], [ 356360.325534079340287, 3771523.397761953063309 ], [ 356361.546286876895465, 3771523.397761953063309 ], [ 356361.85147507628426, 3771523.702950152568519 ], [ 356362.156663275673054, 3771523.702950152568519 ], [ 356362.156663275673054, 3771524.008138352073729 ], [ 356362.767039674450643, 3771524.618514750618488 ], [ 356362.767039674450643, 3771525.839267548173666 ], [ 356363.072227873839438, 3771526.144455747678876 ], [ 356363.072227873839438, 3771526.754832146689296 ], [ 356362.767039674450643, 3771527.060020345728844 ], [ 356362.767039674450643, 3771530.111902339849621 ], [ 356362.461851475061849, 3771530.417090539354831 ], [ 356362.461851475061849, 3771530.72227873839438 ], [ 356362.156663275673054, 3771531.02746693789959 ], [ 356362.156663275673054, 3771531.637843336910009 ], [ 356361.85147507628426, 3771531.943031535949558 ], [ 356361.85147507628426, 3771532.248219735454768 ], [ 356360.630722278729081, 3771533.468972533009946 ], [ 356360.325534079340287, 3771533.468972533009946 ], [ 356360.020345879951492, 3771533.774160732515156 ], [ 356359.715157680562697, 3771533.774160732515156 ], [ 356359.409969481173903, 3771534.079348932020366 ], [ 356358.189216683618724, 3771534.079348932020366 ], [ 356357.88402848422993, 3771534.384537131059915 ] ] ] } },
{ "type": "Feature", "properties": { "confidence": 0.80053633451461792, "class": 1, "regularized": null }, "geometry": { "type": "Polygon", "coordinates": [ [ [ 355939.471007121086586, 3771127.263479145243764 ], [ 355939.165818921639584, 3771126.958290946204215 ], [ 355938.555442522861995, 3771126.958290946204215 ], [ 355938.555442522861995, 3771126.347914547193795 ], [ 355938.2502543234732, 3771126.042726347688586 ], [ 355937.945066124084406, 3771126.042726347688586 ], [ 355937.639877924695611, 3771125.737538148649037 ], [ 355937.334689725306816, 3771125.737538148649037 ], [ 355937.029501525918022, 3771125.432349949143827 ], [ 355935.808748728362843, 3771125.432349949143827 ], [ 355935.503560528974049, 3771125.127161749638617 ], [ 355935.198372329585254, 3771125.127161749638617 ], [ 355934.587995930807665, 3771124.516785351093858 ], [ 355934.28280773141887, 3771124.516785351093858 ], [ 355933.367243133252487, 3771123.601220752578229 ], [ 355933.367243133252487, 3771123.29603255353868 ], [ 355933.672431332641281, 3771122.99084435403347 ], [ 355933.672431332641281, 3771120.244150559417903 ], [ 355933.977619532030076, 3771119.938962359912694 ], [ 355933.977619532030076, 3771119.023397761862725 ], [ 355934.28280773141887, 3771118.718209562357515 ], [ 355934.28280773141887, 3771118.413021363317966 ], [ 355934.587995930807665, 3771118.107833163812757 ], [ 355934.89318413019646, 3771118.107833163812757 ], [ 355935.198372329585254, 3771117.802644964307547 ], [ 355936.724313326529227, 3771117.802644964307547 ], [ 355937.029501525918022, 3771118.107833163812757 ], [ 355938.860630722250789, 3771118.107833163812757 ], [ 355939.165818921639584, 3771118.413021363317966 ], [ 355939.776195320475381, 3771118.413021363317966 ], [ 355940.081383519864175, 3771118.718209562357515 ], [ 355940.38657171925297, 3771118.718209562357515 ], [ 355940.38657171925297, 3771122.38046795502305 ], [ 355940.081383519864175, 3771122.68565615452826 ], [ 355940.081383519864175, 3771123.601220752578229 ], [ 355939.776195320475381, 3771123.906408952083439 ], [ 355939.776195320475381, 3771124.516785351093858 ], [ 355939.471007121086586, 3771124.821973550133407 ], [ 355939.471007121086586, 3771127.263479145243764 ] ] ] } },
{ "type": "Feature", "properties": { "confidence": 0.79988449811935425, "class": 1, "regularized": null }, "geometry": { "type": "Polygon", "coordinates": [ [ [ 356059.409969481173903, 3771190.132248219568282 ], [ 356059.104781281785108, 3771189.827060020528734 ], [ 356059.104781281785108, 3771189.521871821023524 ], [ 356058.799593082396314, 3771189.216683621518314 ], [ 356058.799593082396314, 3771188.606307222973555 ], [ 356058.494404883007519, 3771188.301119023468345 ], [ 356058.494404883007519, 3771187.995930823963135 ], [ 356058.189216683618724, 3771187.690742624457926 ], [ 356058.189216683618724, 3771186.164801627863199 ], [ 356058.494404883007519, 3771185.859613428357989 ], [ 356058.494404883007519, 3771185.249237029347569 ], [ 356058.799593082396314, 3771184.94404883030802 ], [ 356058.799593082396314, 3771184.63886063080281 ], [ 356059.715157680562697, 3771183.723296032752842 ], [ 356061.85147507628426, 3771183.723296032752842 ], [ 356062.156663275673054, 3771184.02848423179239 ], [ 356062.461851475061849, 3771184.02848423179239 ], [ 356062.767039674450643, 3771184.3336724312976 ], [ 356063.072227873839438, 3771184.3336724312976 ], [ 356063.072227873839438, 3771184.94404883030802 ], [ 356063.377416073228233, 3771185.249237029347569 ], [ 356063.377416073228233, 3771185.554425228852779 ], [ 356063.682604272617027, 3771185.859613428357989 ], [ 356063.682604272617027, 3771186.164801627863199 ], [ 356063.377416073228233, 3771186.469989826902747 ], [ 356063.377416073228233, 3771187.080366225913167 ], [ 356063.072227873839438, 3771187.385554425418377 ], [ 356063.072227873839438, 3771187.690742624457926 ], [ 356062.461851475061849, 3771188.301119023468345 ], [ 356062.461851475061849, 3771188.606307222973555 ], [ 356062.156663275673054, 3771188.911495422013104 ], [ 356061.85147507628426, 3771188.911495422013104 ], [ 356061.24109867750667, 3771189.521871821023524 ], [ 356060.935910478117876, 3771189.521871821023524 ], [ 356060.630722278729081, 3771189.827060020528734 ], [ 356060.325534079340287, 3771189.827060020528734 ], [ 356060.020345879951492, 3771190.132248219568282 ], [ 356059.409969481173903, 3771190.132248219568282 ] ] ] } },
{ "type": "Feature", "properties": { "confidence": 0.79930573701858521, "class": 1, "regularized": null }, "geometry": { "type": "Polygon", "coordinates": [ [ [ 356088.097660223778803, 3771026.856561546213925 ], [ 356087.792472024390008, 3771026.551373346708715 ], [ 356087.792472024390008, 3771025.025432350113988 ], [ 356088.708036622556392, 3771024.109867751598358 ], [ 356088.708036622556392, 3771023.80467955255881 ], [ 356091.454730417113751, 3771021.057985757943243 ], [ 356091.454730417113751, 3771020.752797558438033 ], [ 356092.06510681589134, 3771020.142421159893274 ], [ 356092.06510681589134, 3771019.837232960388064 ], [ 356092.370295015280135, 3771019.532044760882854 ], [ 356092.67548321466893, 3771019.532044760882854 ], [ 356093.285859613446519, 3771018.921668362338096 ], [ 356093.591047812835313, 3771018.921668362338096 ], [ 356094.201424211612903, 3771018.311291963327676 ], [ 356094.201424211612903, 3771018.006103763822466 ], [ 356094.506612411001697, 3771017.700915564782917 ], [ 356094.811800610390492, 3771017.700915564782917 ], [ 356095.116988809779286, 3771017.395727365277708 ], [ 356095.116988809779286, 3771017.090539165772498 ], [ 356096.03255340794567, 3771016.174974567722529 ], [ 356096.948118006112054, 3771016.174974567722529 ], [ 356097.253306205500849, 3771016.480162767227739 ], [ 356097.558494404889643, 3771016.480162767227739 ], [ 356097.558494404889643, 3771017.090539165772498 ], [ 356097.863682604278438, 3771017.395727365277708 ], [ 356097.863682604278438, 3771017.700915564782917 ], [ 356098.474059003056027, 3771018.311291963327676 ], [ 356098.474059003056027, 3771018.921668362338096 ], [ 356098.168870803667232, 3771019.226856561377645 ], [ 356098.168870803667232, 3771019.532044760882854 ], [ 356097.863682604278438, 3771019.532044760882854 ], [ 356097.253306205500849, 3771020.142421159893274 ], [ 356097.253306205500849, 3771020.447609358932823 ], [ 356096.642929806723259, 3771021.057985757943243 ], [ 356096.642929806723259, 3771021.363173957448453 ], [ 356096.337741607334465, 3771021.668362156488001 ], [ 356096.337741607334465, 3771021.973550355993211 ], [ 356095.727365208556876, 3771022.583926755003631 ], [ 356095.727365208556876, 3771022.88911495404318 ], [ 356094.506612411001697, 3771024.109867751598358 ], [ 356094.201424211612903, 3771024.109867751598358 ], [ 356093.285859613446519, 3771025.025432350113988 ], [ 356092.980671414057724, 3771025.025432350113988 ], [ 356092.370295015280135, 3771025.635808748658746 ], [ 356092.06510681589134, 3771025.635808748658746 ], [ 356091.454730417113751, 3771026.246185147669166 ], [ 356090.844354018336162, 3771026.246185147669166 ], [ 356090.539165818947367, 3771026.551373346708715 ], [ 356089.623601220780984, 3771026.551373346708715 ], [ 356089.318413021392189, 3771026.856561546213925 ], [ 356088.097660223778803, 3771026.856561546213925 ] ] ] } },
{ "type": "Feature", "properties": { "confidence": 0.79146313667297363, "class": 1, "regularized": null }, "geometry": { "type": "Polygon", "coordinates": [ [ [ 355928.789420142420568, 3771130.62054933886975 ], [ 355928.484231943031773, 3771130.315361139364541 ], [ 355926.653102746699005, 3771130.315361139364541 ], [ 355926.347914547310211, 3771130.010172939859331 ], [ 355925.432349949143827, 3771130.010172939859331 ], [ 355925.127161749755032, 3771129.704984740819782 ], [ 355924.821973550366238, 3771129.704984740819782 ], [ 355924.821973550366238, 3771129.399796541314572 ], [ 355924.516785350977443, 3771129.094608341809362 ], [ 355924.516785350977443, 3771127.568667344748974 ], [ 355924.821973550366238, 3771127.263479145243764 ], [ 355924.821973550366238, 3771126.653102746699005 ], [ 355925.127161749755032, 3771126.347914547193795 ], [ 355925.127161749755032, 3771125.127161749638617 ], [ 355925.432349949143827, 3771124.821973550133407 ], [ 355925.432349949143827, 3771124.516785351093858 ], [ 355925.737538148532622, 3771124.211597151588649 ], [ 355925.737538148532622, 3771123.906408952083439 ], [ 355926.042726347921416, 3771123.601220752578229 ], [ 355926.042726347921416, 3771123.29603255353868 ], [ 355926.347914547310211, 3771122.99084435403347 ], [ 355930.315361139364541, 3771122.99084435403347 ], [ 355930.620549338753335, 3771123.29603255353868 ], [ 355931.230925737530924, 3771123.29603255353868 ], [ 355931.536113936919719, 3771123.601220752578229 ], [ 355931.536113936919719, 3771123.906408952083439 ], [ 355931.841302136308514, 3771124.211597151588649 ], [ 355932.146490335697308, 3771124.211597151588649 ], [ 355932.146490335697308, 3771125.127161749638617 ], [ 355932.451678535086103, 3771125.432349949143827 ], [ 355932.451678535086103, 3771127.263479145243764 ], [ 355931.841302136308514, 3771127.873855544254184 ], [ 355931.841302136308514, 3771128.789420142304152 ], [ 355931.536113936919719, 3771129.094608341809362 ], [ 355931.536113936919719, 3771129.704984740819782 ], [ 355931.230925737530924, 3771130.010172939859331 ], [ 355931.230925737530924, 3771130.315361139364541 ], [ 355930.92573753814213, 3771130.315361139364541 ], [ 355930.620549338753335, 3771130.62054933886975 ], [ 355928.789420142420568, 3771130.62054933886975 ] ] ] } },
{ "type": "Feature", "properties": { "confidence": 0.79014664888381958, "class": 1, "regularized": null }, "geometry": { "type": "Polygon", "coordinates": [ [ [ 356075.27975584944943, 3771135.503560529090464 ], [ 356074.66937945067184, 3771134.893184130080044 ], [ 356074.364191251283046, 3771134.893184130080044 ], [ 356074.364191251283046, 3771134.587995931040496 ], [ 356074.059003051894251, 3771134.282807731535286 ], [ 356074.059003051894251, 3771133.672431332524866 ], [ 356073.753814852505457, 3771133.367243133485317 ], [ 356073.753814852505457, 3771133.062054933980107 ], [ 356073.448626653116662, 3771132.756866734474897 ], [ 356073.448626653116662, 3771132.146490335930139 ], [ 356073.143438453727867, 3771131.841302136424929 ], [ 356073.143438453727867, 3771127.568667344748974 ], [ 356073.448626653116662, 3771127.263479145243764 ], [ 356073.448626653116662, 3771126.042726347688586 ], [ 356074.364191251283046, 3771125.127161749638617 ], [ 356075.27975584944943, 3771125.127161749638617 ], [ 356075.584944048838224, 3771125.432349949143827 ], [ 356075.890132248227019, 3771125.432349949143827 ], [ 356075.890132248227019, 3771125.737538148649037 ], [ 356076.195320447615813, 3771126.042726347688586 ], [ 356076.500508647004608, 3771126.042726347688586 ], [ 356078.026449643948581, 3771127.568667344748974 ], [ 356078.026449643948581, 3771128.179043743759394 ], [ 356078.331637843337376, 3771128.484231942798942 ], [ 356078.331637843337376, 3771129.704984740819782 ], [ 356078.63682604272617, 3771130.010172939859331 ], [ 356078.63682604272617, 3771132.451678534969687 ], [ 356078.331637843337376, 3771132.756866734474897 ], [ 356078.331637843337376, 3771133.062054933980107 ], [ 356078.026449643948581, 3771133.367243133485317 ], [ 356077.721261444559786, 3771133.367243133485317 ], [ 356077.416073245170992, 3771133.672431332524866 ], [ 356077.416073245170992, 3771133.977619532030076 ], [ 356075.890132248227019, 3771135.503560529090464 ], [ 356075.27975584944943, 3771135.503560529090464 ] ] ] } },
{ "type": "Feature", "properties": { "confidence": 0.78470367193222046, "class": 1, "regularized": null }, "geometry": { "type": "Polygon", "coordinates": [ [ [ 356062.767039674450643, 3771400.712105798535049 ], [ 356062.461851475061849, 3771400.406917599029839 ], [ 356062.156663275673054, 3771400.406917599029839 ], [ 356061.85147507628426, 3771400.10172939999029 ], [ 356061.85147507628426, 3771399.79654120048508 ], [ 356059.409969481173903, 3771397.355035605374724 ], [ 356058.189216683618724, 3771397.355035605374724 ], [ 356057.88402848422993, 3771397.049847405869514 ], [ 356057.273652085452341, 3771397.049847405869514 ], [ 356056.968463886063546, 3771396.744659206364304 ], [ 356056.663275686674751, 3771396.744659206364304 ], [ 356056.663275686674751, 3771396.439471007324755 ], [ 356056.358087487285957, 3771396.134282807819545 ], [ 356056.052899287897162, 3771396.134282807819545 ], [ 356056.052899287897162, 3771393.387589013203979 ], [ 356055.747711088508368, 3771393.082400813698769 ], [ 356055.747711088508368, 3771390.640895218588412 ], [ 356056.663275686674751, 3771389.725330620538443 ], [ 356056.968463886063546, 3771389.725330620538443 ], [ 356057.273652085452341, 3771389.420142421033233 ], [ 356057.578840284841135, 3771389.420142421033233 ], [ 356057.88402848422993, 3771389.725330620538443 ], [ 356058.494404883007519, 3771389.725330620538443 ], [ 356058.494404883007519, 3771390.030518820043653 ], [ 356058.799593082396314, 3771390.335707019548863 ], [ 356059.104781281785108, 3771390.335707019548863 ], [ 356060.325534079340287, 3771391.556459817104042 ], [ 356060.630722278729081, 3771391.556459817104042 ], [ 356060.630722278729081, 3771391.86164801614359 ], [ 356060.935910478117876, 3771392.1668362156488 ], [ 356061.85147507628426, 3771392.1668362156488 ], [ 356062.156663275673054, 3771392.47202441515401 ], [ 356063.072227873839438, 3771392.47202441515401 ], [ 356063.987792472005822, 3771393.387589013203979 ], [ 356064.292980671394616, 3771393.387589013203979 ], [ 356065.513733468949795, 3771394.608341810759157 ], [ 356065.818921668338589, 3771394.608341810759157 ], [ 356066.734486266504973, 3771395.523906408809125 ], [ 356067.039674465893768, 3771395.523906408809125 ], [ 356067.039674465893768, 3771395.829094608314335 ], [ 356067.344862665282562, 3771396.134282807819545 ], [ 356067.344862665282562, 3771397.355035605374724 ], [ 356065.818921668338589, 3771398.880976602435112 ], [ 356065.818921668338589, 3771399.186164801474661 ], [ 356065.513733468949795, 3771399.491353000979871 ], [ 356065.513733468949795, 3771399.79654120048508 ], [ 356064.598168870783411, 3771400.712105798535049 ], [ 356062.767039674450643, 3771400.712105798535049 ] ] ] } },
{ "type": "Feature", "properties": { "confidence": 0.78019410371780396, "class": 1, "regularized": null }, "geometry": { "type": "Polygon", "coordinates": [ [ [ 356184.231943031540141, 3771137.639877924695611 ], [ 356182.706002034596168, 3771136.113936927635223 ], [ 356182.706002034596168, 3771135.808748728595674 ], [ 356181.790437436429784, 3771134.893184130080044 ], [ 356181.790437436429784, 3771134.282807731535286 ], [ 356180.264496439485811, 3771132.756866734474897 ], [ 356179.959308240097016, 3771132.756866734474897 ], [ 356179.654120040708221, 3771132.451678534969687 ], [ 356179.043743641930632, 3771132.451678534969687 ], [ 356177.822990844375454, 3771131.230925737414509 ], [ 356177.822990844375454, 3771130.92573753837496 ], [ 356177.517802644986659, 3771130.62054933886975 ], [ 356177.517802644986659, 3771128.484231942798942 ], [ 356177.212614445597865, 3771128.179043743759394 ], [ 356177.212614445597865, 3771126.958290946204215 ], [ 356177.517802644986659, 3771126.653102746699005 ], [ 356179.654120040708221, 3771126.653102746699005 ], [ 356180.264496439485811, 3771127.263479145243764 ], [ 356180.569684638874605, 3771127.263479145243764 ], [ 356180.8748728382634, 3771127.568667344748974 ], [ 356183.621566632762551, 3771127.568667344748974 ], [ 356183.926754832151346, 3771127.873855544254184 ], [ 356184.231943031540141, 3771127.873855544254184 ], [ 356184.537131230928935, 3771128.179043743759394 ], [ 356184.84231943031773, 3771128.179043743759394 ], [ 356185.757884028484114, 3771129.094608341809362 ], [ 356185.757884028484114, 3771129.399796541314572 ], [ 356186.673448626650497, 3771130.315361139364541 ], [ 356186.673448626650497, 3771130.62054933886975 ], [ 356186.978636826039292, 3771130.92573753837496 ], [ 356186.978636826039292, 3771131.536113936919719 ], [ 356187.283825025428087, 3771131.841302136424929 ], [ 356187.283825025428087, 3771132.756866734474897 ], [ 356186.978636826039292, 3771133.062054933980107 ], [ 356186.978636826039292, 3771133.977619532030076 ], [ 356186.673448626650497, 3771134.282807731535286 ], [ 356186.673448626650497, 3771136.419125127140433 ], [ 356186.368260427261703, 3771136.724313326645643 ], [ 356186.368260427261703, 3771137.029501526150852 ], [ 356185.757884028484114, 3771137.639877924695611 ], [ 356184.231943031540141, 3771137.639877924695611 ] ] ] } },
{ "type": "Feature", "properties": { "confidence": 0.77149409055709839, "class": 1, "regularized": null }, "geometry": { "type": "Polygon", "coordinates": [ [ [ 356018.514750762959011, 3771064.394710071384907 ], [ 356018.209562563570216, 3771064.089521871879697 ], [ 356017.599186164792627, 3771064.089521871879697 ], [ 356017.293997965403832, 3771063.784333672374487 ], [ 356016.988809766015038, 3771063.784333672374487 ], [ 356016.988809766015038, 3771063.479145472869277 ], [ 356016.378433367237449, 3771062.868769074324518 ], [ 356016.378433367237449, 3771062.258392675314099 ], [ 356015.462868769071065, 3771061.34282807726413 ], [ 356015.462868769071065, 3771061.03763987775892 ], [ 356014.852492370293476, 3771060.427263479214162 ], [ 356014.852492370293476, 3771060.122075279708952 ], [ 356014.242115971515886, 3771059.511698881164193 ], [ 356014.242115971515886, 3771058.290946083609015 ], [ 356013.936927772127092, 3771057.985757884103805 ], [ 356013.631739572738297, 3771057.985757884103805 ], [ 356013.631739572738297, 3771057.375381485093385 ], [ 356013.936927772127092, 3771057.070193286053836 ], [ 356014.547304170904681, 3771057.070193286053836 ], [ 356014.852492370293476, 3771057.375381485093385 ], [ 356015.462868769071065, 3771057.375381485093385 ], [ 356016.073245167848654, 3771057.985757884103805 ], [ 356016.378433367237449, 3771057.985757884103805 ], [ 356017.293997965403832, 3771058.901322482153773 ], [ 356017.293997965403832, 3771059.206510681658983 ], [ 356017.599186164792627, 3771059.511698881164193 ], [ 356017.904374364181422, 3771059.511698881164193 ], [ 356018.209562563570216, 3771059.816887080203742 ], [ 356018.514750762959011, 3771059.816887080203742 ], [ 356019.1251271617366, 3771060.427263479214162 ], [ 356019.1251271617366, 3771060.732451678719372 ], [ 356019.430315361125395, 3771061.03763987775892 ], [ 356019.735503560514189, 3771061.03763987775892 ], [ 356019.735503560514189, 3771061.34282807726413 ], [ 356020.040691759902984, 3771061.64801627676934 ], [ 356020.040691759902984, 3771061.95320447627455 ], [ 356020.345879959291779, 3771062.258392675314099 ], [ 356020.345879959291779, 3771062.563580874819309 ], [ 356020.651068158680573, 3771062.868769074324518 ], [ 356020.651068158680573, 3771063.784333672374487 ], [ 356020.345879959291779, 3771063.784333672374487 ], [ 356020.040691759902984, 3771064.089521871879697 ], [ 356019.735503560514189, 3771064.089521871879697 ], [ 356019.430315361125395, 3771064.394710071384907 ], [ 356018.514750762959011, 3771064.394710071384907 ] ] ] } },
{ "type": "Feature", "properties": { "confidence": 0.77049797773361206, "class": 1, "regularized": null }, "geometry": { "type": "Polygon", "coordinates": [ [ [ 356043.84537131228717, 3771087.283825025428087 ], [ 356043.234994913509581, 3771086.673448626883328 ], [ 356043.234994913509581, 3771086.368260427378118 ], [ 356042.929806714120787, 3771086.063072227872908 ], [ 356042.929806714120787, 3771085.452695828862488 ], [ 356042.624618514731992, 3771085.14750762982294 ], [ 356042.624618514731992, 3771084.84231943031773 ], [ 356042.319430315343197, 3771084.53713123081252 ], [ 356042.319430315343197, 3771084.23194303130731 ], [ 356042.014242115954403, 3771083.926754832267761 ], [ 356042.014242115954403, 3771081.790437436196953 ], [ 356042.624618514731992, 3771081.180061037652194 ], [ 356042.624618514731992, 3771080.569684638641775 ], [ 356043.84537131228717, 3771079.348931841086596 ], [ 356044.150559511675965, 3771079.348931841086596 ], [ 356044.45574771106476, 3771079.043743642047048 ], [ 356044.760935910453554, 3771079.043743642047048 ], [ 356045.371312309231143, 3771078.433367243036628 ], [ 356046.286876907397527, 3771078.433367243036628 ], [ 356046.286876907397527, 3771078.738555442541838 ], [ 356046.897253306233324, 3771079.348931841086596 ], [ 356047.202441505622119, 3771079.348931841086596 ], [ 356047.202441505622119, 3771079.654120040591806 ], [ 356047.507629705010913, 3771079.959308240097016 ], [ 356047.812817904399708, 3771079.959308240097016 ], [ 356047.812817904399708, 3771080.264496439602226 ], [ 356048.118006103788503, 3771080.569684638641775 ], [ 356048.118006103788503, 3771080.874872838146985 ], [ 356049.033570701954886, 3771081.790437436196953 ], [ 356049.338758901343681, 3771081.790437436196953 ], [ 356050.864699898287654, 3771083.316378433257341 ], [ 356050.864699898287654, 3771083.926754832267761 ], [ 356051.169888097676449, 3771084.23194303130731 ], [ 356051.169888097676449, 3771085.14750762982294 ], [ 356050.864699898287654, 3771085.452695828862488 ], [ 356050.254323499510065, 3771085.452695828862488 ], [ 356049.94913530012127, 3771085.757884028367698 ], [ 356049.643947100732476, 3771085.452695828862488 ], [ 356047.507629705010913, 3771085.452695828862488 ], [ 356047.202441505622119, 3771085.757884028367698 ], [ 356046.897253306233324, 3771085.757884028367698 ], [ 356046.286876907397527, 3771086.368260427378118 ], [ 356045.981688708008733, 3771086.368260427378118 ], [ 356045.676500508619938, 3771086.673448626883328 ], [ 356045.676500508619938, 3771086.978636825922877 ], [ 356045.371312309231143, 3771086.978636825922877 ], [ 356045.066124109842349, 3771087.283825025428087 ], [ 356043.84537131228717, 3771087.283825025428087 ] ] ] } },
{ "type": "Feature", "properties": { "confidence": 0.76789754629135132, "class": 1, "regularized": null }, "geometry": { "type": "Polygon", "coordinates": [ [ [ 356003.255340793461073, 3771451.983723295852542 ], [ 356002.950152594072279, 3771451.678535096812993 ], [ 356002.339776195294689, 3771451.678535096812993 ], [ 356002.034587995905895, 3771451.373346897307783 ], [ 356001.7293997965171, 3771451.373346897307783 ], [ 356001.424211597128306, 3771451.068158697802573 ], [ 356001.119023397739511, 3771451.068158697802573 ], [ 356000.508646998961922, 3771450.457782299257815 ], [ 356000.508646998961922, 3771450.152594099752605 ], [ 356000.203458799573127, 3771449.847405900247395 ], [ 356000.203458799573127, 3771448.321464903187007 ], [ 355999.898270600184333, 3771448.016276704147458 ], [ 355999.898270600184333, 3771447.711088504642248 ], [ 355999.593082400795538, 3771447.405900305137038 ], [ 355999.898270600184333, 3771447.100712105631828 ], [ 355999.898270600184333, 3771446.79552390659228 ], [ 356000.203458799573127, 3771446.79552390659228 ], [ 356000.813835198350716, 3771446.18514750758186 ], [ 356000.813835198350716, 3771445.269582909531891 ], [ 356001.119023397739511, 3771444.964394710026681 ], [ 356002.034587995905895, 3771444.964394710026681 ], [ 356002.339776195294689, 3771444.659206510521472 ], [ 356006.917599186184816, 3771444.659206510521472 ], [ 356006.917599186184816, 3771446.18514750758186 ], [ 356006.612410986796021, 3771446.49033570708707 ], [ 356006.612410986796021, 3771446.79552390659228 ], [ 356006.307222787407227, 3771447.100712105631828 ], [ 356006.307222787407227, 3771447.405900305137038 ], [ 356005.696846388629638, 3771448.016276704147458 ], [ 356005.696846388629638, 3771448.321464903187007 ], [ 356005.391658189240843, 3771448.626653102692217 ], [ 356005.391658189240843, 3771449.237029501702636 ], [ 356004.781281790463254, 3771449.847405900247395 ], [ 356004.781281790463254, 3771451.678535096812993 ], [ 356004.476093591074459, 3771451.983723295852542 ], [ 356003.255340793461073, 3771451.983723295852542 ] ] ] } },
{ "type": "Feature", "properties": { "confidence": 0.75825011730194092, "class": 1, "regularized": null }, "geometry": { "type": "Polygon", "coordinates": [ [ [ 356073.143438453727867, 3771083.621566632762551 ], [ 356072.838250254339073, 3771083.316378433257341 ], [ 356072.227873855561484, 3771083.316378433257341 ], [ 356071.922685656172689, 3771083.011190233752131 ], [ 356071.617497456783894, 3771083.011190233752131 ], [ 356071.617497456783894, 3771082.095625635702163 ], [ 356071.3123092573951, 3771081.790437436196953 ], [ 356071.007121058006305, 3771081.790437436196953 ], [ 356071.007121058006305, 3771080.569684638641775 ], [ 356070.701932858617511, 3771080.264496439602226 ], [ 356070.396744659228716, 3771080.264496439602226 ], [ 356070.396744659228716, 3771079.654120040591806 ], [ 356070.091556459839921, 3771079.348931841086596 ], [ 356070.091556459839921, 3771075.686673448421061 ], [ 356070.396744659228716, 3771075.381485249381512 ], [ 356070.396744659228716, 3771075.076297049876302 ], [ 356071.617497456783894, 3771073.855544252321124 ], [ 356071.922685656172689, 3771073.855544252321124 ], [ 356072.227873855561484, 3771073.550356052815914 ], [ 356072.533062054950278, 3771073.550356052815914 ], [ 356072.838250254339073, 3771073.245167853310704 ], [ 356075.890132248227019, 3771073.245167853310704 ], [ 356076.805696846393403, 3771074.160732451826334 ], [ 356076.805696846393403, 3771074.771108850371093 ], [ 356077.110885045782197, 3771075.076297049876302 ], [ 356077.110885045782197, 3771077.517802644986659 ], [ 356077.416073245170992, 3771077.822990844491869 ], [ 356077.416073245170992, 3771078.433367243036628 ], [ 356077.110885045782197, 3771078.738555442541838 ], [ 356077.110885045782197, 3771079.654120040591806 ], [ 356076.805696846393403, 3771079.959308240097016 ], [ 356076.805696846393403, 3771080.264496439602226 ], [ 356076.500508647004608, 3771080.569684638641775 ], [ 356076.500508647004608, 3771081.180061037652194 ], [ 356076.195320447615813, 3771081.485249237157404 ], [ 356076.195320447615813, 3771081.790437436196953 ], [ 356075.27975584944943, 3771082.706002034712583 ], [ 356075.27975584944943, 3771083.011190233752131 ], [ 356074.974567650060635, 3771083.011190233752131 ], [ 356074.66937945067184, 3771083.316378433257341 ], [ 356074.059003051894251, 3771083.316378433257341 ], [ 356073.753814852505457, 3771083.621566632762551 ], [ 356073.143438453727867, 3771083.621566632762551 ] ] ] } },
{ "type": "Feature", "properties": { "confidence": 0.75462806224822998, "class": 1, "regularized": null }, "geometry": { "type": "Polygon", "coordinates": [ [ [ 355850.356052899267524, 3771291.149542217608541 ], [ 355850.05086469987873, 3771290.844354018103331 ], [ 355849.745676500489935, 3771290.844354018103331 ], [ 355848.830111902323551, 3771289.928789420053363 ], [ 355848.524923702934757, 3771289.928789420053363 ], [ 355847.914547304157168, 3771289.318413021508604 ], [ 355847.609359104768373, 3771289.318413021508604 ], [ 355847.304170905379578, 3771289.013224822003394 ], [ 355846.998982705990784, 3771289.013224822003394 ], [ 355846.388606307213195, 3771288.402848422992975 ], [ 355846.388606307213195, 3771285.961342827882618 ], [ 355846.693794506601989, 3771285.656154628843069 ], [ 355846.693794506601989, 3771285.350966429337859 ], [ 355846.998982705990784, 3771285.045778229832649 ], [ 355846.998982705990784, 3771284.740590030327439 ], [ 355848.219735503545962, 3771283.519837232772261 ], [ 355848.524923702934757, 3771283.519837232772261 ], [ 355848.830111902323551, 3771283.214649033732712 ], [ 355850.661241098656319, 3771283.214649033732712 ], [ 355850.966429298045114, 3771282.909460834227502 ], [ 355852.492370294989087, 3771282.909460834227502 ], [ 355852.492370294989087, 3771283.519837232772261 ], [ 355852.797558494377881, 3771283.825025432277471 ], [ 355852.797558494377881, 3771284.130213631782681 ], [ 355853.102746693766676, 3771284.435401831287891 ], [ 355853.102746693766676, 3771286.571719226893038 ], [ 355852.797558494377881, 3771286.876907426398247 ], [ 355852.797558494377881, 3771288.097660223953426 ], [ 355852.492370294989087, 3771288.402848422992975 ], [ 355852.492370294989087, 3771288.708036622498184 ], [ 355852.187182095600292, 3771289.013224822003394 ], [ 355852.187182095600292, 3771289.623601220548153 ], [ 355851.881993896211497, 3771289.928789420053363 ], [ 355851.881993896211497, 3771290.233977619558573 ], [ 355851.576805696822703, 3771290.539165819063783 ], [ 355851.576805696822703, 3771290.844354018103331 ], [ 355851.271617497433908, 3771291.149542217608541 ], [ 355850.356052899267524, 3771291.149542217608541 ] ] ] } },
{ "type": "Feature", "properties": { "confidence": 0.7546076774597168, "class": 1, "regularized": null }, "geometry": { "type": "Polygon", "coordinates": [ [ [ 356004.781281790463254, 3771300.915564598049968 ], [ 356004.476093591074459, 3771300.61037639901042 ], [ 356004.476093591074459, 3771297.558494404889643 ], [ 356004.170905391685665, 3771297.253306205384433 ], [ 356004.170905391685665, 3771294.811800610274076 ], [ 356004.781281790463254, 3771294.201424211729318 ], [ 356004.781281790463254, 3771293.896236012224108 ], [ 356005.086469989852048, 3771293.591047812718898 ], [ 356005.086469989852048, 3771293.285859613213688 ], [ 356005.391658189240843, 3771292.980671414174139 ], [ 356007.527975584962405, 3771292.980671414174139 ], [ 356007.8331637843512, 3771293.285859613213688 ], [ 356007.8331637843512, 3771294.201424211729318 ], [ 356008.138351983739994, 3771294.506612410768867 ], [ 356008.138351983739994, 3771295.116988809779286 ], [ 356008.443540183128789, 3771295.422177009284496 ], [ 356008.443540183128789, 3771296.032553407829255 ], [ 356008.748728382517584, 3771296.337741607334465 ], [ 356008.748728382517584, 3771296.642929806839675 ], [ 356009.053916581906378, 3771296.948118005879223 ], [ 356009.053916581906378, 3771297.253306205384433 ], [ 356009.359104781295173, 3771297.558494404889643 ], [ 356009.359104781295173, 3771297.863682604394853 ], [ 356009.969481180072762, 3771298.474059002939612 ], [ 356009.969481180072762, 3771298.779247202444822 ], [ 356010.579857578850351, 3771299.38962360098958 ], [ 356010.885045778239146, 3771299.38962360098958 ], [ 356010.274669379461557, 3771300.0 ], [ 356009.359104781295173, 3771300.0 ], [ 356009.053916581906378, 3771300.30518819950521 ], [ 356008.138351983739994, 3771300.30518819950521 ], [ 356007.8331637843512, 3771300.61037639901042 ], [ 356006.917599186184816, 3771300.61037639901042 ], [ 356006.612410986796021, 3771300.915564598049968 ], [ 356004.781281790463254, 3771300.915564598049968 ] ] ] } },
{ "type": "Feature", "properties": { "confidence": 0.74374765157699585, "class": 1, "regularized": null }, "geometry": { "type": "Polygon", "coordinates": [ [ [ 355957.477110885025468, 3771306.714140386786312 ], [ 355957.477110885025468, 3771306.408952187281102 ], [ 355957.782299084414262, 3771306.103763987775892 ], [ 355957.782299084414262, 3771305.188199389725924 ], [ 355956.866734486247879, 3771304.272634791675955 ], [ 355956.256358087470289, 3771304.272634791675955 ], [ 355955.951169888081495, 3771303.967446592170745 ], [ 355950.457782299083192, 3771303.967446592170745 ], [ 355950.152594099694397, 3771303.662258392665535 ], [ 355950.152594099694397, 3771303.357070193160325 ], [ 355950.457782299083192, 3771303.051881994120777 ], [ 355950.457782299083192, 3771300.915564598049968 ], [ 355951.983723296027165, 3771299.38962360098958 ], [ 355952.28891149541596, 3771299.38962360098958 ], [ 355952.899287894193549, 3771298.779247202444822 ], [ 355953.204476093582343, 3771298.779247202444822 ], [ 355953.509664292971138, 3771298.474059002939612 ], [ 355953.814852492359933, 3771298.474059002939612 ], [ 355954.425228891137522, 3771297.863682604394853 ], [ 355954.425228891137522, 3771297.253306205384433 ], [ 355954.730417090526316, 3771296.948118005879223 ], [ 355955.035605289915111, 3771296.948118005879223 ], [ 355955.340793489303906, 3771296.642929806839675 ], [ 355955.6459816886927, 3771296.642929806839675 ], [ 355955.951169888081495, 3771296.337741607334465 ], [ 355960.834181078360416, 3771296.337741607334465 ], [ 355961.139369277749211, 3771296.642929806839675 ], [ 355961.7497456765268, 3771296.642929806839675 ], [ 355961.7497456765268, 3771300.0 ], [ 355962.665310274693184, 3771300.915564598049968 ], [ 355963.275686673470773, 3771300.915564598049968 ], [ 355963.580874872859567, 3771301.220752797555178 ], [ 355963.580874872859567, 3771302.136317395605147 ], [ 355963.275686673470773, 3771302.441505595110357 ], [ 355963.275686673470773, 3771302.746693794615567 ], [ 355962.970498474081978, 3771303.051881994120777 ], [ 355962.970498474081978, 3771303.357070193160325 ], [ 355962.665310274693184, 3771303.662258392665535 ], [ 355961.7497456765268, 3771303.662258392665535 ], [ 355961.444557477138005, 3771303.967446592170745 ], [ 355960.528992878913414, 3771303.967446592170745 ], [ 355960.223804679524619, 3771304.272634791675955 ], [ 355959.918616480135825, 3771304.272634791675955 ], [ 355959.308240081358235, 3771304.883011190220714 ], [ 355959.308240081358235, 3771305.493387589231133 ], [ 355960.223804679524619, 3771306.408952187281102 ], [ 355960.528992878913414, 3771306.408952187281102 ], [ 355960.528992878913414, 3771306.714140386786312 ], [ 355957.477110885025468, 3771306.714140386786312 ] ] ] } },
{ "type": "Feature", "properties": { "confidence": 0.73970144987106323, "class": 1, "regularized": null }, "geometry": { "type": "Polygon", "coordinates": [ [ [ 355843.947100712102838, 3771243.234994913451374 ], [ 355843.641912512714043, 3771242.929806713946164 ], [ 355843.336724313325249, 3771242.929806713946164 ], [ 355843.336724313325249, 3771242.624618514906615 ], [ 355843.031536113936454, 3771242.319430315401405 ], [ 355843.031536113936454, 3771240.488301118835807 ], [ 355843.336724313325249, 3771240.183112919796258 ], [ 355843.336724313325249, 3771239.572736520785838 ], [ 355843.947100712102838, 3771238.96236012224108 ], [ 355843.947100712102838, 3771238.65717192273587 ], [ 355844.557477110880427, 3771238.04679552372545 ], [ 355844.557477110880427, 3771237.741607324685901 ], [ 355844.862665310269222, 3771237.741607324685901 ], [ 355845.167853509658016, 3771237.436419125180691 ], [ 355845.167853509658016, 3771237.131230925675482 ], [ 355847.914547304157168, 3771234.384537131059915 ], [ 355848.830111902323551, 3771234.384537131059915 ], [ 355849.135300101712346, 3771234.689725330565125 ], [ 355849.135300101712346, 3771234.994913530070335 ], [ 355849.440488301101141, 3771235.300101729575545 ], [ 355849.440488301101141, 3771235.910478128120303 ], [ 355849.745676500489935, 3771236.215666327625513 ], [ 355849.745676500489935, 3771236.520854527130723 ], [ 355850.356052899267524, 3771237.131230925675482 ], [ 355850.356052899267524, 3771237.436419125180691 ], [ 355850.661241098656319, 3771237.741607324685901 ], [ 355850.661241098656319, 3771238.96236012224108 ], [ 355850.356052899267524, 3771239.267548321280628 ], [ 355850.356052899267524, 3771239.572736520785838 ], [ 355850.05086469987873, 3771239.877924720291048 ], [ 355850.05086469987873, 3771240.488301118835807 ], [ 355849.745676500489935, 3771240.793489318341017 ], [ 355849.745676500489935, 3771241.098677517846227 ], [ 355849.135300101712346, 3771241.709053916390985 ], [ 355848.830111902323551, 3771241.709053916390985 ], [ 355848.524923702934757, 3771242.014242115896195 ], [ 355847.914547304157168, 3771242.014242115896195 ], [ 355847.609359104768373, 3771242.319430315401405 ], [ 355847.304170905379578, 3771242.319430315401405 ], [ 355846.998982705990784, 3771242.624618514906615 ], [ 355846.693794506601989, 3771242.624618514906615 ], [ 355846.388606307213195, 3771242.929806713946164 ], [ 355846.0834181078244, 3771242.929806713946164 ], [ 355845.778229908435605, 3771243.234994913451374 ], [ 355843.947100712102838, 3771243.234994913451374 ] ] ] } },
{ "type": "Feature", "properties": { "confidence": 0.73440670967102051, "class": 1, "regularized": null }, "geometry": { "type": "Polygon", "coordinates": [ [ [ 355828.992878941993695, 3771324.109867751598358 ], [ 355828.6876907426049, 3771323.80467955255881 ], [ 355828.382502543216106, 3771323.80467955255881 ], [ 355828.077314343827311, 3771323.4994913530536 ], [ 355827.466937945049722, 3771323.4994913530536 ], [ 355826.856561546272133, 3771322.88911495404318 ], [ 355826.246185147494543, 3771322.88911495404318 ], [ 355825.635808748716954, 3771322.278738555498421 ], [ 355825.635808748716954, 3771319.532044760882854 ], [ 355825.940996948105749, 3771319.226856561377645 ], [ 355825.940996948105749, 3771318.311291963327676 ], [ 355826.246185147494543, 3771318.006103763822466 ], [ 355826.246185147494543, 3771317.700915564782917 ], [ 355827.466937945049722, 3771316.480162767227739 ], [ 355827.772126144438516, 3771316.480162767227739 ], [ 355828.077314343827311, 3771316.174974567722529 ], [ 355828.6876907426049, 3771316.174974567722529 ], [ 355828.992878941993695, 3771315.869786368217319 ], [ 355830.213631739548873, 3771315.869786368217319 ], [ 355830.518819938937668, 3771315.564598168712109 ], [ 355831.434384537104052, 3771315.564598168712109 ], [ 355831.739572736492846, 3771315.259409969672561 ], [ 355832.349949135328643, 3771315.259409969672561 ], [ 355832.655137334717438, 3771315.564598168712109 ], [ 355832.960325534106232, 3771315.564598168712109 ], [ 355832.960325534106232, 3771319.837232960388064 ], [ 355832.655137334717438, 3771320.142421159893274 ], [ 355832.655137334717438, 3771321.363173957448453 ], [ 355832.349949135328643, 3771321.668362156488001 ], [ 355832.349949135328643, 3771322.278738555498421 ], [ 355832.044760935881641, 3771322.583926755003631 ], [ 355832.044760935881641, 3771322.88911495404318 ], [ 355831.434384537104052, 3771323.4994913530536 ], [ 355831.434384537104052, 3771323.80467955255881 ], [ 355831.129196337715257, 3771323.80467955255881 ], [ 355830.824008138326462, 3771324.109867751598358 ], [ 355828.992878941993695, 3771324.109867751598358 ] ] ] } },
{ "type": "Feature", "properties": { "confidence": 0.73180204629898071, "class": 1, "regularized": null }, "geometry": { "type": "Polygon", "coordinates": [ [ [ 356385.045778229890857, 3771506.307222787290812 ], [ 356384.740590030502062, 3771506.002034587785602 ], [ 356384.740590030502062, 3771504.476093591190875 ], [ 356385.045778229890857, 3771504.170905391685665 ], [ 356385.045778229890857, 3771499.89827060000971 ], [ 356384.740590030502062, 3771499.593082400970161 ], [ 356384.740590030502062, 3771498.067141403909773 ], [ 356385.350966429279651, 3771497.456765004899353 ], [ 356386.266531027446035, 3771497.456765004899353 ], [ 356386.57171922683483, 3771497.761953204404563 ], [ 356387.182095625612419, 3771497.761953204404563 ], [ 356387.487283825001214, 3771498.067141403909773 ], [ 356387.792472024390008, 3771498.067141403909773 ], [ 356388.402848423167598, 3771498.677517802454531 ], [ 356388.402848423167598, 3771506.307222787290812 ], [ 356385.045778229890857, 3771506.307222787290812 ] ] ] } },
{ "type": "Feature", "properties": { "confidence": 0.73126310110092163, "class": 1, "regularized": null }, "geometry": { "type": "Polygon", "coordinates": [ [ [ 356181.180061037652194, 3771570.091556459665298 ], [ 356180.264496439485811, 3771569.17599186161533 ], [ 356180.264496439485811, 3771568.87080366211012 ], [ 356179.959308240097016, 3771568.565615463070571 ], [ 356179.959308240097016, 3771568.260427263565361 ], [ 356178.433367243153043, 3771566.734486266504973 ], [ 356178.433367243153043, 3771565.513733468949795 ], [ 356178.738555442541838, 3771565.208545269444585 ], [ 356178.738555442541838, 3771564.903357070405036 ], [ 356179.348931841319427, 3771564.292980671394616 ], [ 356179.654120040708221, 3771564.292980671394616 ], [ 356179.959308240097016, 3771564.598168870899826 ], [ 356180.264496439485811, 3771564.598168870899826 ], [ 356182.095625635818578, 3771566.429298066999763 ], [ 356182.400813835207373, 3771566.429298066999763 ], [ 356182.400813835207373, 3771567.039674466010183 ], [ 356182.706002034596168, 3771567.344862665515393 ], [ 356182.706002034596168, 3771567.650050864554942 ], [ 356183.011190233984962, 3771567.955239064060152 ], [ 356183.011190233984962, 3771568.260427263565361 ], [ 356183.621566632762551, 3771568.87080366211012 ], [ 356183.621566632762551, 3771569.78636826062575 ], [ 356183.316378433373757, 3771570.091556459665298 ], [ 356181.180061037652194, 3771570.091556459665298 ] ] ] } },
{ "type": "Feature", "properties": { "confidence": 0.72520357370376587, "class": 1, "regularized": null }, "geometry": { "type": "Polygon", "coordinates": [ [ [ 356036.826042726344895, 3771097.049847405869514 ], [ 356036.5208545269561, 3771096.744659206364304 ], [ 356036.215666327567305, 3771096.744659206364304 ], [ 356036.215666327567305, 3771096.439471007324755 ], [ 356035.910478128178511, 3771096.134282807819545 ], [ 356034.994913530012127, 3771096.134282807819545 ], [ 356034.689725330623332, 3771095.829094608314335 ], [ 356034.384537131234538, 3771095.829094608314335 ], [ 356034.384537131234538, 3771092.47202441515401 ], [ 356037.131230925733689, 3771092.47202441515401 ], [ 356037.131230925733689, 3771092.77721261465922 ], [ 356037.436419125122484, 3771093.082400813698769 ], [ 356037.436419125122484, 3771093.997965412214398 ], [ 356037.741607324511278, 3771094.303153611253947 ], [ 356037.741607324511278, 3771096.134282807819545 ], [ 356037.436419125122484, 3771096.439471007324755 ], [ 356037.436419125122484, 3771096.744659206364304 ], [ 356037.131230925733689, 3771097.049847405869514 ], [ 356036.826042726344895, 3771097.049847405869514 ] ] ] } },
{ "type": "Feature", "properties": { "confidence": 0.71719819307327271, "class": 1, "regularized": null }, "geometry": { "type": "Polygon", "coordinates": [ [ [ 356005.696846388629638, 3771213.936927772127092 ], [ 356005.086469989852048, 3771213.326551373116672 ], [ 356005.391658189240843, 3771213.021363174077123 ], [ 356005.391658189240843, 3771212.410986775066704 ], [ 356004.781281790463254, 3771211.800610376521945 ], [ 356004.476093591074459, 3771211.800610376521945 ], [ 356003.86571719229687, 3771211.190233977511525 ], [ 356003.86571719229687, 3771210.579857578966767 ], [ 356003.560528992849868, 3771210.274669379461557 ], [ 356013.631739572738297, 3771210.274669379461557 ], [ 356013.631739572738297, 3771210.579857578966767 ], [ 356013.326551373349503, 3771210.885045778006315 ], [ 356013.326551373349503, 3771211.190233977511525 ], [ 356013.021363173960708, 3771211.495422177016735 ], [ 356012.716174974571913, 3771211.495422177016735 ], [ 356012.410986775183119, 3771211.800610376521945 ], [ 356012.105798575794324, 3771211.800610376521945 ], [ 356011.80061037640553, 3771212.105798575561494 ], [ 356011.495422177016735, 3771212.105798575561494 ], [ 356011.19023397762794, 3771212.410986775066704 ], [ 356010.579857578850351, 3771212.410986775066704 ], [ 356010.274669379461557, 3771212.716174974571913 ], [ 356009.969481180072762, 3771212.716174974571913 ], [ 356009.664292980683967, 3771213.021363174077123 ], [ 356009.359104781295173, 3771213.021363174077123 ], [ 356009.053916581906378, 3771213.326551373116672 ], [ 356008.748728382517584, 3771213.326551373116672 ], [ 356008.443540183128789, 3771213.631739572621882 ], [ 356007.222787385573611, 3771213.631739572621882 ], [ 356006.917599186184816, 3771213.936927772127092 ], [ 356005.696846388629638, 3771213.936927772127092 ] ] ] } },
{ "type": "Feature", "properties": { "confidence": 0.69019961357116699, "class": 1, "regularized": null }, "geometry": { "type": "Polygon", "coordinates": [ [ [ 355933.672431332641281, 3771224.008138352073729 ], [ 355933.367243133252487, 3771223.702950152568519 ], [ 355932.146490335697308, 3771223.702950152568519 ], [ 355931.841302136308514, 3771223.397761953063309 ], [ 355931.536113936919719, 3771223.397761953063309 ], [ 355931.230925737530924, 3771223.092573754023761 ], [ 355930.92573753814213, 3771223.092573754023761 ], [ 355930.620549338753335, 3771222.787385554518551 ], [ 355928.789420142420568, 3771222.787385554518551 ], [ 355928.484231943031773, 3771222.482197355013341 ], [ 355927.873855544254184, 3771222.482197355013341 ], [ 355927.263479145476595, 3771221.871820956468582 ], [ 355926.9582909460878, 3771221.871820956468582 ], [ 355926.347914547310211, 3771221.261444557458162 ], [ 355926.347914547310211, 3771218.819938962347806 ], [ 355926.653102746699005, 3771218.819938962347806 ], [ 355926.9582909460878, 3771218.514750762842596 ], [ 355931.230925737530924, 3771218.514750762842596 ], [ 355931.536113936919719, 3771218.209562563803047 ], [ 355932.451678535086103, 3771218.209562563803047 ], [ 355932.756866734474897, 3771217.904374364297837 ], [ 355933.367243133252487, 3771217.904374364297837 ], [ 355933.672431332641281, 3771217.599186164792627 ], [ 355933.672431332641281, 3771216.988809766247869 ], [ 355933.367243133252487, 3771216.683621566742659 ], [ 355933.672431332641281, 3771216.378433367237449 ], [ 355933.977619532030076, 3771216.378433367237449 ], [ 355934.28280773141887, 3771216.073245167732239 ], [ 355937.029501525918022, 3771216.073245167732239 ], [ 355937.334689725306816, 3771216.378433367237449 ], [ 355938.555442522861995, 3771216.378433367237449 ], [ 355938.860630722250789, 3771216.683621566742659 ], [ 355939.471007121086586, 3771216.683621566742659 ], [ 355940.081383519864175, 3771217.293997965287417 ], [ 355940.081383519864175, 3771219.125127161853015 ], [ 355939.776195320475381, 3771219.430315361358225 ], [ 355939.776195320475381, 3771221.566632756963372 ], [ 355939.471007121086586, 3771221.871820956468582 ], [ 355939.471007121086586, 3771222.482197355013341 ], [ 355938.860630722250789, 3771223.092573754023761 ], [ 355938.555442522861995, 3771223.092573754023761 ], [ 355938.2502543234732, 3771223.397761953063309 ], [ 355937.945066124084406, 3771223.397761953063309 ], [ 355937.639877924695611, 3771223.702950152568519 ], [ 355937.029501525918022, 3771223.702950152568519 ], [ 355936.724313326529227, 3771224.008138352073729 ], [ 355933.672431332641281, 3771224.008138352073729 ] ] ] } },
{ "type": "Feature", "properties": { "confidence": 0.6887785792350769, "class": 1, "regularized": null }, "geometry": { "type": "Polygon", "coordinates": [ [ [ 356304.781281790463254, 3771447.711088504642248 ], [ 356304.781281790463254, 3771445.87995930807665 ], [ 356304.476093591074459, 3771445.574771109037101 ], [ 356304.476093591074459, 3771444.048830111976713 ], [ 356307.527975584962405, 3771444.048830111976713 ], [ 356307.527975584962405, 3771447.405900305137038 ], [ 356306.002034588018432, 3771447.405900305137038 ], [ 356305.696846388629638, 3771447.711088504642248 ], [ 356304.781281790463254, 3771447.711088504642248 ] ] ] } },
{ "type": "Feature", "properties": { "confidence": 0.68463301658630371, "class": 1, "regularized": null }, "geometry": { "type": "Polygon", "coordinates": [ [ [ 355860.427263479155954, 3771456.256358087528497 ], [ 355860.122075279767159, 3771455.951169888023287 ], [ 355859.51169888098957, 3771455.951169888023287 ], [ 355859.51169888098957, 3771455.645981688518077 ], [ 355859.206510681600776, 3771455.340793489478528 ], [ 355859.206510681600776, 3771455.035605289973319 ], [ 355857.375381485268008, 3771453.20447609340772 ], [ 355857.070193285879213, 3771453.20447609340772 ], [ 355855.849440488324035, 3771451.983723295852542 ], [ 355855.849440488324035, 3771450.457782299257815 ], [ 355856.15462868771283, 3771450.152594099752605 ], [ 355856.15462868771283, 3771449.237029501702636 ], [ 355856.459816887101624, 3771448.931841302197427 ], [ 355856.459816887101624, 3771448.626653102692217 ], [ 355856.765005086490419, 3771448.321464903187007 ], [ 355856.765005086490419, 3771447.711088504642248 ], [ 355857.070193285879213, 3771447.405900305137038 ], [ 355857.070193285879213, 3771446.49033570708707 ], [ 355857.375381485268008, 3771446.18514750758186 ], [ 355857.375381485268008, 3771445.574771109037101 ], [ 355857.680569684656803, 3771445.269582909531891 ], [ 355864.089521871821489, 3771445.269582909531891 ], [ 355864.089521871821489, 3771445.574771109037101 ], [ 355864.699898270599078, 3771446.18514750758186 ], [ 355864.699898270599078, 3771446.49033570708707 ], [ 355865.005086469987873, 3771446.79552390659228 ], [ 355865.310274669376668, 3771446.79552390659228 ], [ 355866.225839267543051, 3771447.711088504642248 ], [ 355866.225839267543051, 3771448.931841302197427 ], [ 355865.920651068154257, 3771449.237029501702636 ], [ 355865.920651068154257, 3771449.847405900247395 ], [ 355865.615462868765462, 3771449.847405900247395 ], [ 355865.310274669376668, 3771450.152594099752605 ], [ 355865.310274669376668, 3771451.068158697802573 ], [ 355865.005086469987873, 3771451.373346897307783 ], [ 355865.005086469987873, 3771451.678535096812993 ], [ 355864.699898270599078, 3771451.983723295852542 ], [ 355864.699898270599078, 3771452.899287894368172 ], [ 355864.394710071210284, 3771453.20447609340772 ], [ 355864.394710071210284, 3771453.50966429291293 ], [ 355864.089521871821489, 3771453.81485249241814 ], [ 355864.089521871821489, 3771454.12004069192335 ], [ 355863.784333672432695, 3771454.425228890962899 ], [ 355863.784333672432695, 3771455.035605289973319 ], [ 355863.173957273655105, 3771455.645981688518077 ], [ 355862.868769074266311, 3771455.645981688518077 ], [ 355862.563580874877516, 3771455.951169888023287 ], [ 355861.648016276711132, 3771455.951169888023287 ], [ 355861.342828077322338, 3771456.256358087528497 ], [ 355860.427263479155954, 3771456.256358087528497 ] ] ] } },
{ "type": "Feature", "properties": { "confidence": 0.67516082525253296, "class": 1, "regularized": null }, "geometry": { "type": "Polygon", "coordinates": [ [ [ 355990.742624618520495, 3771286.876907426398247 ], [ 355990.4374364191317, 3771286.571719226893038 ], [ 355990.4374364191317, 3771284.435401831287891 ], [ 355990.132248219742905, 3771284.130213631782681 ], [ 355990.132248219742905, 3771281.993896236177534 ], [ 355991.047812817909289, 3771281.078331637661904 ], [ 355991.963377416075673, 3771281.078331637661904 ], [ 355992.268565615464468, 3771280.773143438622355 ], [ 355993.489318413019646, 3771280.773143438622355 ], [ 355993.794506612408441, 3771280.467955239117146 ], [ 355995.625635808741208, 3771280.467955239117146 ], [ 355995.930824008130003, 3771280.162767039611936 ], [ 355998.37232960324036, 3771280.162767039611936 ], [ 355998.677517802629154, 3771279.857578840106726 ], [ 355999.593082400795538, 3771279.857578840106726 ], [ 355999.898270600184333, 3771280.162767039611936 ], [ 356000.813835198350716, 3771280.162767039611936 ], [ 356001.424211597128306, 3771280.773143438622355 ], [ 356001.7293997965171, 3771280.773143438622355 ], [ 356002.034587995905895, 3771281.078331637661904 ], [ 356002.034587995905895, 3771281.688708036672324 ], [ 356001.424211597128306, 3771281.688708036672324 ], [ 356001.119023397739511, 3771281.993896236177534 ], [ 356000.813835198350716, 3771281.993896236177534 ], [ 356000.203458799573127, 3771282.604272634722292 ], [ 355999.898270600184333, 3771282.604272634722292 ], [ 355999.593082400795538, 3771282.909460834227502 ], [ 355999.593082400795538, 3771283.825025432277471 ], [ 355998.982706002017949, 3771284.435401831287891 ], [ 355998.982706002017949, 3771285.350966429337859 ], [ 355998.677517802629154, 3771285.350966429337859 ], [ 355998.37232960324036, 3771285.656154628843069 ], [ 355998.067141403851565, 3771285.656154628843069 ], [ 355997.76195320446277, 3771285.961342827882618 ], [ 355997.151576805685181, 3771285.961342827882618 ], [ 355996.846388606296387, 3771286.266531027387828 ], [ 355995.930824008130003, 3771286.266531027387828 ], [ 355995.625635808741208, 3771286.571719226893038 ], [ 355995.015259409963619, 3771286.571719226893038 ], [ 355994.710071210574824, 3771286.876907426398247 ], [ 355990.742624618520495, 3771286.876907426398247 ] ] ] } },
{ "type": "Feature", "properties": { "confidence": 0.67244964838027954, "class": 1, "regularized": null }, "geometry": { "type": "Polygon", "coordinates": [ [ [ 356064.903357070172206, 3771376.602238046936691 ], [ 356064.598168870783411, 3771376.297049847431481 ], [ 356064.292980671394616, 3771376.297049847431481 ], [ 356064.292980671394616, 3771375.991861647926271 ], [ 356063.682604272617027, 3771375.381485249381512 ], [ 356063.682604272617027, 3771374.771108850371093 ], [ 356063.377416073228233, 3771374.465920650865883 ], [ 356063.377416073228233, 3771374.160732451826334 ], [ 356063.072227873839438, 3771373.855544252321124 ], [ 356063.072227873839438, 3771373.245167853310704 ], [ 356062.767039674450643, 3771372.939979654271156 ], [ 356062.767039674450643, 3771372.329603255260736 ], [ 356062.461851475061849, 3771372.024415055755526 ], [ 356062.461851475061849, 3771371.414038657210767 ], [ 356062.156663275673054, 3771371.108850457705557 ], [ 356062.156663275673054, 3771370.803662258200347 ], [ 356061.85147507628426, 3771370.498474059160799 ], [ 356061.85147507628426, 3771369.582909460645169 ], [ 356061.546286876895465, 3771369.27772126160562 ], [ 356061.546286876895465, 3771368.667344862595201 ], [ 356061.24109867750667, 3771368.362156663089991 ], [ 356061.24109867750667, 3771367.446592065040022 ], [ 356060.935910478117876, 3771367.141403865534812 ], [ 356060.935910478117876, 3771365.920651067979634 ], [ 356061.24109867750667, 3771365.615462868940085 ], [ 356061.546286876895465, 3771365.615462868940085 ], [ 356061.85147507628426, 3771365.310274669434875 ], [ 356062.156663275673054, 3771365.310274669434875 ], [ 356062.767039674450643, 3771365.920651067979634 ], [ 356063.072227873839438, 3771365.920651067979634 ], [ 356063.377416073228233, 3771366.225839267484844 ], [ 356063.377416073228233, 3771366.531027466990054 ], [ 356063.987792472005822, 3771367.141403865534812 ], [ 356063.987792472005822, 3771367.751780264545232 ], [ 356064.292980671394616, 3771368.056968464050442 ], [ 356064.292980671394616, 3771368.667344862595201 ], [ 356065.513733468949795, 3771369.888097660150379 ], [ 356065.513733468949795, 3771370.193285859655589 ], [ 356065.818921668338589, 3771370.498474059160799 ], [ 356065.818921668338589, 3771373.245167853310704 ], [ 356066.124109867727384, 3771373.550356052815914 ], [ 356066.124109867727384, 3771375.076297049876302 ], [ 356065.818921668338589, 3771375.381485249381512 ], [ 356065.818921668338589, 3771375.991861647926271 ], [ 356065.513733468949795, 3771376.297049847431481 ], [ 356065.513733468949795, 3771376.602238046936691 ], [ 356064.903357070172206, 3771376.602238046936691 ] ] ] } },
{ "type": "Feature", "properties": { "confidence": 0.67129099369049072, "class": 1, "regularized": null }, "geometry": { "type": "Polygon", "coordinates": [ [ [ 355978.840284842299297, 3771487.995930823963135 ], [ 355978.535096642910503, 3771487.690742624457926 ], [ 355977.924720244132914, 3771487.690742624457926 ], [ 355976.703967446577735, 3771486.469989826902747 ], [ 355976.398779247188941, 3771486.469989826902747 ], [ 355975.483214649022557, 3771485.554425228852779 ], [ 355975.483214649022557, 3771484.94404883030802 ], [ 355975.178026449633762, 3771484.63886063080281 ], [ 355975.178026449633762, 3771480.976602238137275 ], [ 355975.483214649022557, 3771480.671414038632065 ], [ 355975.483214649022557, 3771480.366225839126855 ], [ 355976.093591047800146, 3771479.755849440582097 ], [ 355977.314343845355324, 3771479.755849440582097 ], [ 355977.619532044744119, 3771480.061037640087306 ], [ 355977.924720244132914, 3771480.061037640087306 ], [ 355978.535096642910503, 3771480.671414038632065 ], [ 355978.840284842299297, 3771480.671414038632065 ], [ 355979.145473041688092, 3771480.976602238137275 ], [ 355979.755849440465681, 3771480.976602238137275 ], [ 355980.061037639854476, 3771481.281790437642485 ], [ 355983.418107833189424, 3771481.281790437642485 ], [ 355983.723296032578219, 3771480.976602238137275 ], [ 355984.333672431355808, 3771480.976602238137275 ], [ 355984.638860630744603, 3771480.671414038632065 ], [ 355985.859613428299781, 3771480.671414038632065 ], [ 355986.164801627688576, 3771480.976602238137275 ], [ 355986.46998982707737, 3771480.976602238137275 ], [ 355986.775178026466165, 3771481.281790437642485 ], [ 355986.775178026466165, 3771483.112919633742422 ], [ 355986.46998982707737, 3771483.112919633742422 ], [ 355986.164801627688576, 3771483.418107833247632 ], [ 355985.859613428299781, 3771483.418107833247632 ], [ 355985.554425228910986, 3771483.723296032752842 ], [ 355984.944048830133397, 3771483.723296032752842 ], [ 355984.638860630744603, 3771484.02848423179239 ], [ 355984.028484231967013, 3771484.02848423179239 ], [ 355983.418107833189424, 3771484.63886063080281 ], [ 355983.11291963380063, 3771484.63886063080281 ], [ 355981.586978636798449, 3771486.164801627863199 ], [ 355981.586978636798449, 3771486.775178026407957 ], [ 355980.671414038632065, 3771487.690742624457926 ], [ 355979.755849440465681, 3771487.690742624457926 ], [ 355979.450661241076887, 3771487.995930823963135 ], [ 355978.840284842299297, 3771487.995930823963135 ] ] ] } },
{ "type": "Feature", "properties": { "confidence": 0.66245311498641968, "class": 1, "regularized": null }, "geometry": { "type": "Polygon", "coordinates": [ [ [ 355824.109867751772981, 3771545.37131230905652 ], [ 355823.804679552384187, 3771545.066124110016972 ], [ 355822.583926754829008, 3771545.066124110016972 ], [ 355822.278738555440214, 3771544.760935910511762 ], [ 355822.278738555440214, 3771544.150559511501342 ], [ 355821.973550356051419, 3771543.845371312461793 ], [ 355821.973550356051419, 3771542.319430315401405 ], [ 355822.278738555440214, 3771542.014242115896195 ], [ 355822.278738555440214, 3771541.709053916390985 ], [ 355822.583926754829008, 3771541.403865717351437 ], [ 355824.72024415055057, 3771541.403865717351437 ], [ 355825.025432349939365, 3771541.709053916390985 ], [ 355825.33062054932816, 3771541.709053916390985 ], [ 355825.940996948105749, 3771542.319430315401405 ], [ 355826.551373346883338, 3771542.319430315401405 ], [ 355826.551373346883338, 3771542.624618514906615 ], [ 355826.856561546272133, 3771542.929806713946164 ], [ 355826.856561546272133, 3771545.066124110016972 ], [ 355826.551373346883338, 3771545.066124110016972 ], [ 355826.246185147494543, 3771545.37131230905652 ], [ 355824.109867751772981, 3771545.37131230905652 ] ] ] } },
{ "type": "Feature", "properties": { "confidence": 0.65380948781967163, "class": 1, "regularized": null }, "geometry": { "type": "Polygon", "coordinates": [ [ [ 355874.7711088504293, 3771314.038657172117382 ], [ 355873.855544252262916, 3771313.123092573601753 ], [ 355873.245167853485327, 3771313.123092573601753 ], [ 355872.634791454707738, 3771312.512716175056994 ], [ 355872.329603255318943, 3771312.512716175056994 ], [ 355872.024415055930149, 3771312.207527975551784 ], [ 355871.719226856541354, 3771312.207527975551784 ], [ 355871.108850457763765, 3771311.597151577007025 ], [ 355871.108850457763765, 3771309.766022380441427 ], [ 355870.80366225837497, 3771309.460834180936217 ], [ 355870.80366225837497, 3771307.93489318434149 ], [ 355871.108850457763765, 3771307.62970498483628 ], [ 355871.108850457763765, 3771306.714140386786312 ], [ 355871.719226856541354, 3771306.103763987775892 ], [ 355873.550356052874122, 3771306.103763987775892 ], [ 355873.550356052874122, 3771306.408952187281102 ], [ 355873.855544252262916, 3771306.714140386786312 ], [ 355873.550356052874122, 3771307.019328585825861 ], [ 355873.550356052874122, 3771308.240081383381039 ], [ 355873.855544252262916, 3771308.545269582886249 ], [ 355875.381485249265097, 3771308.545269582886249 ], [ 355875.686673448653892, 3771308.240081383381039 ], [ 355875.991861648042686, 3771308.240081383381039 ], [ 355876.297049847431481, 3771308.545269582886249 ], [ 355876.297049847431481, 3771309.155645981896669 ], [ 355876.90742624620907, 3771309.766022380441427 ], [ 355877.822990844375454, 3771309.766022380441427 ], [ 355877.822990844375454, 3771310.376398779451847 ], [ 355877.517802644986659, 3771310.681586978491396 ], [ 355877.517802644986659, 3771313.123092573601753 ], [ 355877.212614445597865, 3771313.428280773106962 ], [ 355877.212614445597865, 3771313.733468972612172 ], [ 355876.90742624620907, 3771313.733468972612172 ], [ 355876.602238046820275, 3771314.038657172117382 ], [ 355874.7711088504293, 3771314.038657172117382 ] ] ] } },
{ "type": "Feature", "properties": { "confidence": 0.65150654315948486, "class": 1, "regularized": null }, "geometry": { "type": "Polygon", "coordinates": [ [ [ 355991.353001017298084, 3771134.282807731535286 ], [ 355990.132248219742905, 3771133.062054933980107 ], [ 355990.132248219742905, 3771132.451678534969687 ], [ 355989.521871820965316, 3771131.841302136424929 ], [ 355989.521871820965316, 3771131.536113936919719 ], [ 355989.216683621576522, 3771131.230925737414509 ], [ 355989.216683621576522, 3771130.92573753837496 ], [ 355988.911495422187727, 3771130.62054933886975 ], [ 355988.911495422187727, 3771129.399796541314572 ], [ 355988.606307222798932, 3771129.094608341809362 ], [ 355988.606307222798932, 3771128.179043743759394 ], [ 355988.301119023410138, 3771127.873855544254184 ], [ 355988.301119023410138, 3771126.042726347688586 ], [ 355989.521871820965316, 3771124.821973550133407 ], [ 355989.827060020354111, 3771124.821973550133407 ], [ 355990.132248219742905, 3771124.516785351093858 ], [ 355990.4374364191317, 3771124.516785351093858 ], [ 355991.353001017298084, 3771123.601220752578229 ], [ 355992.268565615464468, 3771123.601220752578229 ], [ 355992.573753814853262, 3771123.906408952083439 ], [ 355992.878942014242057, 3771123.906408952083439 ], [ 355992.878942014242057, 3771124.211597151588649 ], [ 355993.489318413019646, 3771124.821973550133407 ], [ 355993.794506612408441, 3771124.821973550133407 ], [ 355993.794506612408441, 3771125.127161749638617 ], [ 355994.710071210574824, 3771126.042726347688586 ], [ 355994.710071210574824, 3771126.347914547193795 ], [ 355996.541200406907592, 3771128.179043743759394 ], [ 355996.541200406907592, 3771128.484231942798942 ], [ 355998.677517802629154, 3771130.62054933886975 ], [ 355998.677517802629154, 3771130.92573753837496 ], [ 355998.982706002017949, 3771131.230925737414509 ], [ 355998.982706002017949, 3771132.146490335930139 ], [ 355998.677517802629154, 3771132.451678534969687 ], [ 355998.37232960324036, 3771132.451678534969687 ], [ 355998.067141403851565, 3771132.756866734474897 ], [ 355996.846388606296387, 3771132.756866734474897 ], [ 355996.541200406907592, 3771132.451678534969687 ], [ 355995.930824008130003, 3771132.451678534969687 ], [ 355995.625635808741208, 3771132.756866734474897 ], [ 355995.015259409963619, 3771132.756866734474897 ], [ 355994.710071210574824, 3771133.062054933980107 ], [ 355994.40488301118603, 3771133.062054933980107 ], [ 355993.489318413019646, 3771133.977619532030076 ], [ 355993.184130213630851, 3771133.977619532030076 ], [ 355992.878942014242057, 3771134.282807731535286 ], [ 355991.353001017298084, 3771134.282807731535286 ] ] ] } },
{ "type": "Feature", "properties": { "confidence": 0.64797693490982056, "class": 1, "regularized": null }, "geometry": { "type": "Polygon", "coordinates": [ [ [ 355887.589013224816881, 3771141.607324516866356 ], [ 355887.283825025428087, 3771141.302136317361146 ], [ 355886.063072227872908, 3771141.302136317361146 ], [ 355885.757884028484114, 3771140.996948117855936 ], [ 355884.84231943031773, 3771140.996948117855936 ], [ 355884.537131230928935, 3771140.691759918816388 ], [ 355883.926754832151346, 3771140.691759918816388 ], [ 355883.621566632762551, 3771140.386571719311178 ], [ 355883.011190233984962, 3771140.386571719311178 ], [ 355882.400813835207373, 3771139.776195320300758 ], [ 355882.095625635818578, 3771139.776195320300758 ], [ 355881.790437436429784, 3771139.471007121261209 ], [ 355881.790437436429784, 3771137.639877924695611 ], [ 355882.095625635818578, 3771137.334689725190401 ], [ 355882.095625635818578, 3771136.724313326645643 ], [ 355882.706002034596168, 3771136.113936927635223 ], [ 355884.84231943031773, 3771136.113936927635223 ], [ 355885.147507629706524, 3771136.419125127140433 ], [ 355886.368260427261703, 3771136.419125127140433 ], [ 355886.978636826039292, 3771137.029501526150852 ], [ 355888.19938962359447, 3771137.029501526150852 ], [ 355888.504577822983265, 3771137.334689725190401 ], [ 355889.725330620538443, 3771137.334689725190401 ], [ 355890.335707019316033, 3771137.945066124200821 ], [ 355890.640895218704827, 3771137.945066124200821 ], [ 355891.251271617482416, 3771138.555442522745579 ], [ 355892.777212614426389, 3771138.555442522745579 ], [ 355893.082400813815184, 3771138.860630722250789 ], [ 355893.082400813815184, 3771139.776195320300758 ], [ 355892.472024415037595, 3771140.386571719311178 ], [ 355891.556459816871211, 3771140.386571719311178 ], [ 355891.251271617482416, 3771140.691759918816388 ], [ 355890.946083418093622, 3771140.691759918816388 ], [ 355890.640895218704827, 3771140.996948117855936 ], [ 355890.335707019316033, 3771140.996948117855936 ], [ 355889.725330620538443, 3771141.607324516866356 ], [ 355887.589013224816881, 3771141.607324516866356 ] ] ] } },
{ "type": "Feature", "properties": { "confidence": 0.64794677495956421, "class": 1, "regularized": null }, "geometry": { "type": "Polygon", "coordinates": [ [ [ 356035.605289928789716, 3771248.423194303177297 ], [ 356035.605289928789716, 3771248.118006103672087 ], [ 356034.994913530012127, 3771247.507629705127329 ], [ 356034.994913530012127, 3771246.897253306116909 ], [ 356034.689725330623332, 3771246.592065106611699 ], [ 356034.384537131234538, 3771246.592065106611699 ], [ 356034.384537131234538, 3771245.37131230905652 ], [ 356034.689725330623332, 3771245.37131230905652 ], [ 356034.994913530012127, 3771245.066124110016972 ], [ 356036.826042726344895, 3771245.066124110016972 ], [ 356037.131230925733689, 3771244.760935910511762 ], [ 356038.962360122066457, 3771244.760935910511762 ], [ 356039.572736520844046, 3771245.37131230905652 ], [ 356039.572736520844046, 3771245.98168870806694 ], [ 356039.877924720232841, 3771246.28687690757215 ], [ 356039.877924720232841, 3771247.507629705127329 ], [ 356039.572736520844046, 3771247.812817904166877 ], [ 356039.572736520844046, 3771248.423194303177297 ], [ 356035.605289928789716, 3771248.423194303177297 ] ] ] } },
{ "type": "Feature", "properties": { "confidence": 0.63633924722671509, "class": 1, "regularized": null }, "geometry": { "type": "Polygon", "coordinates": [ [ [ 356374.974567650060635, 3771444.964394710026681 ], [ 356374.66937945067184, 3771444.659206510521472 ], [ 356374.66937945067184, 3771444.354018311481923 ], [ 356374.059003051894251, 3771443.743641912471503 ], [ 356373.753814852505457, 3771443.743641912471503 ], [ 356373.143438453727867, 3771443.133265513926744 ], [ 356373.143438453727867, 3771441.607324516866356 ], [ 356372.533062054950278, 3771440.996948117855936 ], [ 356372.533062054950278, 3771439.165818921755999 ], [ 356373.143438453727867, 3771438.555442522745579 ], [ 356373.143438453727867, 3771437.334689725190401 ], [ 356373.448626653116662, 3771437.334689725190401 ], [ 356374.059003051894251, 3771436.724313326645643 ], [ 356374.364191251283046, 3771436.724313326645643 ], [ 356374.364191251283046, 3771437.029501526150852 ], [ 356374.66937945067184, 3771437.334689725190401 ], [ 356374.974567650060635, 3771437.334689725190401 ], [ 356375.584944048838224, 3771437.945066124200821 ], [ 356376.195320447615813, 3771437.945066124200821 ], [ 356376.500508647004608, 3771437.639877924695611 ], [ 356376.805696846393403, 3771437.639877924695611 ], [ 356377.110885045782197, 3771437.334689725190401 ], [ 356378.026449643948581, 3771437.334689725190401 ], [ 356378.63682604272617, 3771436.724313326645643 ], [ 356378.942014242114965, 3771436.724313326645643 ], [ 356379.247202441503759, 3771436.419125127140433 ], [ 356379.857578840281349, 3771437.029501526150852 ], [ 356380.162767039670143, 3771437.029501526150852 ], [ 356381.078331637836527, 3771437.945066124200821 ], [ 356381.078331637836527, 3771438.555442522745579 ], [ 356381.383519837225322, 3771438.860630722250789 ], [ 356381.383519837225322, 3771442.828077314421535 ], [ 356381.078331637836527, 3771443.133265513926744 ], [ 356381.078331637836527, 3771443.438453712966293 ], [ 356380.773143438447732, 3771443.743641912471503 ], [ 356380.162767039670143, 3771443.743641912471503 ], [ 356379.552390640892554, 3771444.354018311481923 ], [ 356378.942014242114965, 3771444.354018311481923 ], [ 356378.63682604272617, 3771444.659206510521472 ], [ 356377.721261444559786, 3771444.659206510521472 ], [ 356377.416073245170992, 3771444.964394710026681 ], [ 356374.974567650060635, 3771444.964394710026681 ] ] ] } },
{ "type": "Feature", "properties": { "confidence": 0.6319347620010376, "class": 1, "regularized": null }, "geometry": { "type": "Polygon", "coordinates": [ [ [ 356160.732451678544749, 3771145.87995930807665 ], [ 356160.122075279767159, 3771145.269582909531891 ], [ 356160.122075279767159, 3771144.964394710026681 ], [ 356159.816887080378365, 3771144.659206510521472 ], [ 356159.816887080378365, 3771144.048830111976713 ], [ 356159.51169888098957, 3771143.743641912471503 ], [ 356159.51169888098957, 3771143.133265513926744 ], [ 356159.206510681600776, 3771142.828077314421535 ], [ 356159.206510681600776, 3771140.996948117855936 ], [ 356159.51169888098957, 3771140.691759918816388 ], [ 356159.51169888098957, 3771138.860630722250789 ], [ 356159.816887080378365, 3771138.555442522745579 ], [ 356159.816887080378365, 3771138.250254323706031 ], [ 356160.122075279767159, 3771137.945066124200821 ], [ 356160.427263479155954, 3771137.945066124200821 ], [ 356160.732451678544749, 3771137.639877924695611 ], [ 356161.037639877933543, 3771137.639877924695611 ], [ 356161.342828077322338, 3771137.334689725190401 ], [ 356161.648016276711132, 3771137.334689725190401 ], [ 356161.953204476099927, 3771137.029501526150852 ], [ 356162.563580874877516, 3771137.029501526150852 ], [ 356162.868769074266311, 3771136.724313326645643 ], [ 356163.784333672432695, 3771137.639877924695611 ], [ 356164.089521871821489, 3771137.639877924695611 ], [ 356165.005086469987873, 3771138.555442522745579 ], [ 356165.005086469987873, 3771140.386571719311178 ], [ 356165.310274669376668, 3771140.691759918816388 ], [ 356165.310274669376668, 3771142.828077314421535 ], [ 356165.005086469987873, 3771143.133265513926744 ], [ 356165.005086469987873, 3771143.438453712966293 ], [ 356164.699898270599078, 3771143.743641912471503 ], [ 356164.699898270599078, 3771144.048830111976713 ], [ 356164.394710071210284, 3771144.354018311481923 ], [ 356164.394710071210284, 3771144.964394710026681 ], [ 356164.089521871821489, 3771145.269582909531891 ], [ 356164.089521871821489, 3771145.574771109037101 ], [ 356163.784333672432695, 3771145.574771109037101 ], [ 356163.4791454730439, 3771145.87995930807665 ], [ 356160.732451678544749, 3771145.87995930807665 ] ] ] } },
{ "type": "Feature", "properties": { "confidence": 0.62945055961608887, "class": 1, "regularized": null }, "geometry": { "type": "Polygon", "coordinates": [ [ [ 355918.413021363201551, 3771024.109867751598358 ], [ 355917.802644964365754, 3771023.4994913530536 ], [ 355917.802644964365754, 3771023.19430315354839 ], [ 355917.49745676497696, 3771022.88911495404318 ], [ 355917.192268565588165, 3771022.88911495404318 ], [ 355917.192268565588165, 3771020.752797558438033 ], [ 355917.49745676497696, 3771020.752797558438033 ], [ 355917.802644964365754, 3771020.447609358932823 ], [ 355917.802644964365754, 3771019.837232960388064 ], [ 355918.107833163812757, 3771019.532044760882854 ], [ 355918.107833163812757, 3771012.817904374562204 ], [ 355918.718209562590346, 3771012.207527975551784 ], [ 355918.718209562590346, 3771010.986775177996606 ], [ 355919.02339776197914, 3771010.681586978491396 ], [ 355919.938962360145524, 3771010.681586978491396 ], [ 355919.938962360145524, 3771010.986775177996606 ], [ 355920.549338758923113, 3771011.597151577007025 ], [ 355920.854526958311908, 3771011.597151577007025 ], [ 355921.159715157700703, 3771011.902339776046574 ], [ 355921.159715157700703, 3771012.207527975551784 ], [ 355921.770091556478292, 3771012.817904374562204 ], [ 355921.770091556478292, 3771013.123092573601753 ], [ 355922.380467955255881, 3771013.733468972612172 ], [ 355922.380467955255881, 3771014.038657172117382 ], [ 355922.685656154644676, 3771014.343845371156931 ], [ 355923.906408952199854, 3771014.343845371156931 ], [ 355924.516785350977443, 3771014.954221770167351 ], [ 355924.821973550366238, 3771014.954221770167351 ], [ 355925.127161749755032, 3771015.259409969672561 ], [ 355925.127161749755032, 3771015.869786368217319 ], [ 355925.432349949143827, 3771016.174974567722529 ], [ 355925.432349949143827, 3771017.700915564782917 ], [ 355924.211597151588649, 3771018.921668362338096 ], [ 355924.211597151588649, 3771019.226856561377645 ], [ 355923.601220752811059, 3771019.837232960388064 ], [ 355923.601220752811059, 3771020.447609358932823 ], [ 355923.296032553422265, 3771020.752797558438033 ], [ 355923.296032553422265, 3771021.057985757943243 ], [ 355922.685656154644676, 3771021.668362156488001 ], [ 355922.685656154644676, 3771021.973550355993211 ], [ 355921.159715157700703, 3771023.4994913530536 ], [ 355920.854526958311908, 3771023.4994913530536 ], [ 355920.549338758923113, 3771023.80467955255881 ], [ 355919.938962360145524, 3771023.80467955255881 ], [ 355919.63377416075673, 3771024.109867751598358 ], [ 355918.413021363201551, 3771024.109867751598358 ] ] ] } },
{ "type": "Feature", "properties": { "confidence": 0.62583965063095093, "class": 1, "regularized": null }, "geometry": { "type": "Polygon", "coordinates": [ [ [ 356044.45574771106476, 3771204.781281790230423 ], [ 356044.150559511675965, 3771204.476093591190875 ], [ 356042.624618514731992, 3771204.476093591190875 ], [ 356042.319430315343197, 3771204.170905391685665 ], [ 356042.319430315343197, 3771203.560528992675245 ], [ 356042.624618514731992, 3771203.255340793635696 ], [ 356042.624618514731992, 3771202.950152594130486 ], [ 356044.45574771106476, 3771201.119023397564888 ], [ 356044.45574771106476, 3771200.813835198525339 ], [ 356045.066124109842349, 3771200.20345879951492 ], [ 356045.371312309231143, 3771200.20345879951492 ], [ 356045.676500508619938, 3771199.89827060000971 ], [ 356045.981688708008733, 3771199.89827060000971 ], [ 356046.286876907397527, 3771199.593082400970161 ], [ 356046.59206510684453, 3771199.89827060000971 ], [ 356046.897253306233324, 3771199.89827060000971 ], [ 356047.202441505622119, 3771200.20345879951492 ], [ 356047.507629705010913, 3771200.20345879951492 ], [ 356047.812817904399708, 3771200.508646999020129 ], [ 356048.118006103788503, 3771200.508646999020129 ], [ 356049.033570701954886, 3771201.424211597070098 ], [ 356049.338758901343681, 3771201.424211597070098 ], [ 356049.643947100732476, 3771201.729399796575308 ], [ 356050.254323499510065, 3771201.729399796575308 ], [ 356050.559511698898859, 3771202.034587996080518 ], [ 356050.864699898287654, 3771202.034587996080518 ], [ 356051.169888097676449, 3771202.339776195120066 ], [ 356051.475076297065243, 3771202.339776195120066 ], [ 356051.475076297065243, 3771202.644964394625276 ], [ 356050.864699898287654, 3771202.644964394625276 ], [ 356050.254323499510065, 3771203.255340793635696 ], [ 356049.94913530012127, 3771203.255340793635696 ], [ 356049.643947100732476, 3771203.560528992675245 ], [ 356049.643947100732476, 3771203.865717192180455 ], [ 356049.338758901343681, 3771204.170905391685665 ], [ 356049.033570701954886, 3771204.170905391685665 ], [ 356048.728382502566092, 3771204.476093591190875 ], [ 356045.371312309231143, 3771204.476093591190875 ], [ 356045.066124109842349, 3771204.781281790230423 ], [ 356044.45574771106476, 3771204.781281790230423 ] ] ] } },
{ "type": "Feature", "properties": { "confidence": 0.62380623817443848, "class": 1, "regularized": null }, "geometry": { "type": "Polygon", "coordinates": [ [ [ 355844.557477110880427, 3771283.214649033732712 ], [ 355843.947100712102838, 3771282.604272634722292 ], [ 355843.947100712102838, 3771282.299084435217083 ], [ 355843.641912512714043, 3771281.993896236177534 ], [ 355843.641912512714043, 3771279.247202441561967 ], [ 355843.947100712102838, 3771278.942014242056757 ], [ 355844.252288911491632, 3771278.942014242056757 ], [ 355844.557477110880427, 3771278.636826042551547 ], [ 355845.473041709046811, 3771278.636826042551547 ], [ 355845.778229908435605, 3771278.331637843511999 ], [ 355846.0834181078244, 3771278.636826042551547 ], [ 355846.693794506601989, 3771278.636826042551547 ], [ 355848.219735503545962, 3771280.162767039611936 ], [ 355848.524923702934757, 3771280.162767039611936 ], [ 355848.830111902323551, 3771280.467955239117146 ], [ 355848.830111902323551, 3771280.773143438622355 ], [ 355849.135300101712346, 3771281.078331637661904 ], [ 355849.135300101712346, 3771281.993896236177534 ], [ 355848.830111902323551, 3771281.993896236177534 ], [ 355848.524923702934757, 3771282.299084435217083 ], [ 355848.219735503545962, 3771282.299084435217083 ], [ 355847.914547304157168, 3771282.604272634722292 ], [ 355847.304170905379578, 3771282.604272634722292 ], [ 355846.998982705990784, 3771282.909460834227502 ], [ 355846.693794506601989, 3771282.909460834227502 ], [ 355846.388606307213195, 3771283.214649033732712 ], [ 355844.557477110880427, 3771283.214649033732712 ] ] ] } },
{ "type": "Feature", "properties": { "confidence": 0.61906319856643677, "class": 1, "regularized": null }, "geometry": { "type": "Polygon", "coordinates": [ [ [ 356050.864699898287654, 3771038.758901322260499 ], [ 356050.559511698898859, 3771038.45371312322095 ], [ 356050.254323499510065, 3771038.45371312322095 ], [ 356050.254323499510065, 3771037.843336724210531 ], [ 356049.643947100732476, 3771037.232960325665772 ], [ 356049.643947100732476, 3771036.927772126160562 ], [ 356049.338758901343681, 3771036.622583926655352 ], [ 356049.338758901343681, 3771036.317395727150142 ], [ 356049.033570701954886, 3771036.012207528110594 ], [ 356049.033570701954886, 3771035.096642929594964 ], [ 356049.643947100732476, 3771034.486266531050205 ], [ 356049.643947100732476, 3771034.181078331544995 ], [ 356052.085452695842832, 3771031.739572736434639 ], [ 356053.306205493398011, 3771031.739572736434639 ], [ 356054.526958290953189, 3771032.960325533989817 ], [ 356054.526958290953189, 3771033.265513733495027 ], [ 356054.832146490341984, 3771033.570701933000237 ], [ 356054.832146490341984, 3771033.875890132039785 ], [ 356055.137334689730778, 3771034.181078331544995 ], [ 356054.832146490341984, 3771034.486266531050205 ], [ 356054.832146490341984, 3771034.791454730555415 ], [ 356054.526958290953189, 3771035.096642929594964 ], [ 356054.526958290953189, 3771035.401831129100174 ], [ 356053.9165818921756, 3771036.012207528110594 ], [ 356053.9165818921756, 3771036.317395727150142 ], [ 356051.780264496454038, 3771038.45371312322095 ], [ 356051.475076297065243, 3771038.45371312322095 ], [ 356051.169888097676449, 3771038.758901322260499 ], [ 356050.864699898287654, 3771038.758901322260499 ] ] ] } },
{ "type": "Feature", "properties": { "confidence": 0.61266744136810303, "class": 1, "regularized": null }, "geometry": { "type": "Polygon", "coordinates": [ [ [ 356356.968463886063546, 3771450.762970498297364 ], [ 356356.358087487285957, 3771450.152594099752605 ], [ 356354.221770091564395, 3771450.152594099752605 ], [ 356353.9165818921756, 3771449.847405900247395 ], [ 356353.306205493398011, 3771449.847405900247395 ], [ 356353.001017294009216, 3771449.542217700742185 ], [ 356353.001017294009216, 3771447.711088504642248 ], [ 356352.695829094620422, 3771447.405900305137038 ], [ 356352.695829094620422, 3771447.100712105631828 ], [ 356352.390640895231627, 3771446.79552390659228 ], [ 356352.390640895231627, 3771445.87995930807665 ], [ 356352.085452695842832, 3771445.574771109037101 ], [ 356352.085452695842832, 3771445.269582909531891 ], [ 356351.780264496454038, 3771444.964394710026681 ], [ 356351.780264496454038, 3771444.048830111976713 ], [ 356361.85147507628426, 3771444.048830111976713 ], [ 356361.85147507628426, 3771444.354018311481923 ], [ 356362.156663275673054, 3771444.659206510521472 ], [ 356362.461851475061849, 3771444.659206510521472 ], [ 356362.461851475061849, 3771446.18514750758186 ], [ 356363.072227873839438, 3771446.79552390659228 ], [ 356363.072227873839438, 3771447.100712105631828 ], [ 356363.377416073228233, 3771447.405900305137038 ], [ 356363.377416073228233, 3771448.931841302197427 ], [ 356363.072227873839438, 3771449.237029501702636 ], [ 356362.767039674450643, 3771449.237029501702636 ], [ 356362.461851475061849, 3771449.542217700742185 ], [ 356361.85147507628426, 3771449.542217700742185 ], [ 356361.546286876895465, 3771449.847405900247395 ], [ 356360.935910478117876, 3771449.847405900247395 ], [ 356360.630722278729081, 3771450.152594099752605 ], [ 356360.020345879951492, 3771450.152594099752605 ], [ 356359.715157680562697, 3771450.457782299257815 ], [ 356359.409969481173903, 3771450.457782299257815 ], [ 356359.104781281785108, 3771450.762970498297364 ], [ 356356.968463886063546, 3771450.762970498297364 ] ] ] } },
{ "type": "Feature", "properties": { "confidence": 0.60505419969558716, "class": 1, "regularized": null }, "geometry": { "type": "Polygon", "coordinates": [ [ [ 355935.808748728362843, 3771228.891149542294443 ], [ 355935.503560528974049, 3771228.585961342789233 ], [ 355934.587995930807665, 3771228.585961342789233 ], [ 355934.28280773141887, 3771228.280773143284023 ], [ 355933.062054933863692, 3771228.280773143284023 ], [ 355932.756866734474897, 3771227.975584944244474 ], [ 355932.451678535086103, 3771227.975584944244474 ], [ 355932.146490335697308, 3771227.670396744739264 ], [ 355931.841302136308514, 3771227.670396744739264 ], [ 355931.841302136308514, 3771227.365208545234054 ], [ 355931.536113936919719, 3771227.060020345728844 ], [ 355931.230925737530924, 3771227.060020345728844 ], [ 355930.92573753814213, 3771226.754832146689296 ], [ 355930.92573753814213, 3771226.144455747678876 ], [ 355931.230925737530924, 3771225.839267548173666 ], [ 355931.536113936919719, 3771225.839267548173666 ], [ 355931.841302136308514, 3771225.534079349134117 ], [ 355934.28280773141887, 3771225.534079349134117 ], [ 355934.587995930807665, 3771225.839267548173666 ], [ 355936.113936927751638, 3771225.839267548173666 ], [ 355936.419125127140433, 3771226.144455747678876 ], [ 355937.639877924695611, 3771226.144455747678876 ], [ 355937.945066124084406, 3771226.449643947184086 ], [ 355937.945066124084406, 3771228.891149542294443 ], [ 355935.808748728362843, 3771228.891149542294443 ] ] ] } },
{ "type": "Feature", "properties": { "confidence": 0.56654441356658936, "class": 1, "regularized": null }, "geometry": { "type": "Polygon", "coordinates": [ [ [ 356238.2502543234732, 3771101.322482197545469 ], [ 356237.945066124084406, 3771101.017293998040259 ], [ 356237.639877924695611, 3771101.017293998040259 ], [ 356236.419125127140433, 3771099.79654120048508 ], [ 356236.419125127140433, 3771099.491353000979871 ], [ 356236.113936927751638, 3771099.186164801474661 ], [ 356236.113936927751638, 3771098.880976602435112 ], [ 356235.808748728362843, 3771098.575788402929902 ], [ 356235.808748728362843, 3771097.965412003919482 ], [ 356235.503560528974049, 3771097.660223804879934 ], [ 356235.503560528974049, 3771097.049847405869514 ], [ 356235.198372329585254, 3771096.744659206364304 ], [ 356235.198372329585254, 3771096.439471007324755 ], [ 356234.587995930807665, 3771095.829094608314335 ], [ 356234.587995930807665, 3771092.77721261465922 ], [ 356235.198372329585254, 3771092.1668362156488 ], [ 356235.503560528974049, 3771092.1668362156488 ], [ 356235.808748728362843, 3771091.86164801614359 ], [ 356237.945066124084406, 3771091.86164801614359 ], [ 356238.2502543234732, 3771091.556459817104042 ], [ 356239.776195320475381, 3771091.556459817104042 ], [ 356240.081383519864175, 3771091.86164801614359 ], [ 356240.996948118030559, 3771091.86164801614359 ], [ 356241.607324516808148, 3771092.47202441515401 ], [ 356241.912512716196943, 3771092.47202441515401 ], [ 356242.217700915585738, 3771092.77721261465922 ], [ 356242.522889114974532, 3771092.77721261465922 ], [ 356243.133265513752121, 3771093.387589013203979 ], [ 356243.438453713140916, 3771093.387589013203979 ], [ 356243.743641912529711, 3771093.692777212709188 ], [ 356243.743641912529711, 3771097.049847405869514 ], [ 356243.438453713140916, 3771097.355035605374724 ], [ 356243.438453713140916, 3771099.186164801474661 ], [ 356243.133265513752121, 3771099.491353000979871 ], [ 356243.133265513752121, 3771100.406917599029839 ], [ 356242.522889114974532, 3771101.017293998040259 ], [ 356241.912512716196943, 3771101.017293998040259 ], [ 356241.607324516808148, 3771101.322482197545469 ], [ 356238.2502543234732, 3771101.322482197545469 ] ] ] } },
{ "type": "Feature", "properties": { "confidence": 0.56204456090927124, "class": 1, "regularized": null }, "geometry": { "type": "Polygon", "coordinates": [ [ [ 356295.930824008130003, 3771157.782299084588885 ], [ 356295.625635808741208, 3771157.477110885083675 ], [ 356295.320447609352414, 3771157.477110885083675 ], [ 356294.710071210574824, 3771156.866734486073256 ], [ 356294.710071210574824, 3771155.645981688518077 ], [ 356295.015259409963619, 3771155.340793489478528 ], [ 356295.015259409963619, 3771155.035605289973319 ], [ 356295.320447609352414, 3771154.730417090468109 ], [ 356295.320447609352414, 3771154.425228890962899 ], [ 356296.236012207518797, 3771153.50966429291293 ], [ 356296.236012207518797, 3771152.899287894368172 ], [ 356296.541200406907592, 3771152.594099694862962 ], [ 356296.541200406907592, 3771151.983723295852542 ], [ 356296.846388606296387, 3771151.678535096812993 ], [ 356297.151576805685181, 3771151.678535096812993 ], [ 356297.76195320446277, 3771151.068158697802573 ], [ 356298.067141403851565, 3771151.068158697802573 ], [ 356298.37232960324036, 3771150.762970498297364 ], [ 356302.644964394683484, 3771150.762970498297364 ], [ 356303.255340793461073, 3771150.152594099752605 ], [ 356303.560528992908075, 3771150.152594099752605 ], [ 356303.86571719229687, 3771149.847405900247395 ], [ 356304.781281790463254, 3771149.847405900247395 ], [ 356305.086469989852048, 3771150.152594099752605 ], [ 356305.391658189240843, 3771150.152594099752605 ], [ 356305.696846388629638, 3771150.457782299257815 ], [ 356305.696846388629638, 3771150.762970498297364 ], [ 356306.002034588018432, 3771151.068158697802573 ], [ 356306.002034588018432, 3771152.899287894368172 ], [ 356303.255340793461073, 3771155.645981688518077 ], [ 356303.255340793461073, 3771156.256358087528497 ], [ 356302.644964394683484, 3771156.866734486073256 ], [ 356301.7293997965171, 3771156.866734486073256 ], [ 356301.424211597128306, 3771157.171922685578465 ], [ 356300.508646998961922, 3771157.171922685578465 ], [ 356300.203458799573127, 3771157.477110885083675 ], [ 356299.593082400795538, 3771157.477110885083675 ], [ 356299.287894201406743, 3771157.782299084588885 ], [ 356295.930824008130003, 3771157.782299084588885 ] ] ] } },
{ "type": "Feature", "properties": { "confidence": 0.55101507902145386, "class": 1, "regularized": null }, "geometry": { "type": "Polygon", "coordinates": [ [ [ 355925.432349949143827, 3771272.533062054775655 ], [ 355925.127161749755032, 3771272.227873855736107 ], [ 355924.821973550366238, 3771272.227873855736107 ], [ 355924.516785350977443, 3771271.922685656230897 ], [ 355924.516785350977443, 3771271.617497456725687 ], [ 355924.211597151588649, 3771271.312309257220477 ], [ 355924.211597151588649, 3771270.701932858675718 ], [ 355923.906408952199854, 3771270.396744659170508 ], [ 355923.906408952199854, 3771268.565615463070571 ], [ 355923.601220752811059, 3771268.260427263565361 ], [ 355923.601220752811059, 3771267.955239064060152 ], [ 355923.296032553422265, 3771267.650050864554942 ], [ 355923.601220752811059, 3771267.344862665515393 ], [ 355923.601220752811059, 3771267.039674466010183 ], [ 355924.211597151588649, 3771266.429298066999763 ], [ 355924.211597151588649, 3771266.124109867960215 ], [ 355924.516785350977443, 3771266.124109867960215 ], [ 355925.127161749755032, 3771265.513733468949795 ], [ 355925.432349949143827, 3771265.513733468949795 ], [ 355925.737538148532622, 3771265.208545269444585 ], [ 355926.9582909460878, 3771265.208545269444585 ], [ 355927.263479145476595, 3771264.903357070405036 ], [ 355932.146490335697308, 3771264.903357070405036 ], [ 355932.451678535086103, 3771265.208545269444585 ], [ 355932.756866734474897, 3771265.208545269444585 ], [ 355933.062054933863692, 3771265.513733468949795 ], [ 355933.367243133252487, 3771265.513733468949795 ], [ 355933.367243133252487, 3771266.429298066999763 ], [ 355933.672431332641281, 3771266.734486266504973 ], [ 355933.672431332641281, 3771267.039674466010183 ], [ 355933.977619532030076, 3771267.344862665515393 ], [ 355933.977619532030076, 3771268.260427263565361 ], [ 355933.672431332641281, 3771268.565615463070571 ], [ 355933.672431332641281, 3771269.78636826062575 ], [ 355933.062054933863692, 3771270.396744659170508 ], [ 355931.230925737530924, 3771270.396744659170508 ], [ 355930.92573753814213, 3771270.701932858675718 ], [ 355930.010172939975746, 3771270.701932858675718 ], [ 355929.399796541198157, 3771271.312309257220477 ], [ 355929.399796541198157, 3771272.227873855736107 ], [ 355928.789420142420568, 3771272.227873855736107 ], [ 355928.484231943031773, 3771272.533062054775655 ], [ 355925.432349949143827, 3771272.533062054775655 ] ] ] } },
{ "type": "Feature", "properties": { "confidence": 0.54792493581771851, "class": 1, "regularized": null }, "geometry": { "type": "Polygon", "coordinates": [ [ [ 355944.659206510696094, 3771412.919633774086833 ], [ 355943.438453713140916, 3771411.698880976531655 ], [ 355943.438453713140916, 3771411.393692777026445 ], [ 355942.828077314363327, 3771410.783316378481686 ], [ 355942.522889114974532, 3771410.783316378481686 ], [ 355942.522889114974532, 3771410.478128178976476 ], [ 355941.302136317419354, 3771409.257375381421298 ], [ 355941.302136317419354, 3771407.121057985816151 ], [ 355940.691759918641765, 3771406.510681586805731 ], [ 355940.691759918641765, 3771406.205493387766182 ], [ 355940.38657171925297, 3771405.900305188260972 ], [ 355940.38657171925297, 3771405.595116988755763 ], [ 355938.860630722250789, 3771404.069175991695374 ], [ 355938.860630722250789, 3771403.763987792655826 ], [ 355938.555442522861995, 3771403.458799593150616 ], [ 355938.555442522861995, 3771403.153611393645406 ], [ 355938.2502543234732, 3771402.848423194140196 ], [ 355938.555442522861995, 3771402.543234995100647 ], [ 355938.860630722250789, 3771402.543234995100647 ], [ 355939.165818921639584, 3771402.238046795595437 ], [ 355939.471007121086586, 3771402.238046795595437 ], [ 355939.776195320475381, 3771401.932858596090227 ], [ 355940.691759918641765, 3771401.932858596090227 ], [ 355940.996948118030559, 3771402.238046795595437 ], [ 355941.302136317419354, 3771402.238046795595437 ], [ 355941.607324516808148, 3771402.543234995100647 ], [ 355942.828077314363327, 3771402.543234995100647 ], [ 355943.133265513752121, 3771402.848423194140196 ], [ 355944.659206510696094, 3771402.848423194140196 ], [ 355944.964394710084889, 3771403.153611393645406 ], [ 355945.269582909473684, 3771403.153611393645406 ], [ 355945.574771108862478, 3771403.458799593150616 ], [ 355946.185147507640067, 3771403.458799593150616 ], [ 355947.100712105806451, 3771404.374364191200584 ], [ 355947.100712105806451, 3771408.646998982876539 ], [ 355947.405900305195246, 3771408.952187181916088 ], [ 355947.405900305195246, 3771410.172939979471266 ], [ 355947.71108850458404, 3771410.478128178976476 ], [ 355947.71108850458404, 3771411.698880976531655 ], [ 355947.100712105806451, 3771412.309257375542074 ], [ 355947.100712105806451, 3771412.614445574581623 ], [ 355946.795523906417657, 3771412.614445574581623 ], [ 355946.490335707028862, 3771412.919633774086833 ], [ 355944.659206510696094, 3771412.919633774086833 ] ] ] } },
{ "type": "Feature", "properties": { "confidence": 0.54629248380661011, "class": 1, "regularized": null }, "geometry": { "type": "Polygon", "coordinates": [ [ [ 356300.203458799573127, 3771469.989827060140669 ], [ 356299.898270600184333, 3771469.684638860635459 ], [ 356299.898270600184333, 3771469.37945066113025 ], [ 356299.593082400795538, 3771469.07426246162504 ], [ 356299.593082400795538, 3771467.243133265525103 ], [ 356299.898270600184333, 3771466.937945066019893 ], [ 356299.898270600184333, 3771466.632756866514683 ], [ 356301.119023397739511, 3771465.412004068959504 ], [ 356301.424211597128306, 3771465.412004068959504 ], [ 356302.034587995905895, 3771464.801627670414746 ], [ 356302.034587995905895, 3771464.496439470909536 ], [ 356302.644964394683484, 3771463.886063072364777 ], [ 356302.644964394683484, 3771463.580874872859567 ], [ 356303.86571719229687, 3771462.360122075304389 ], [ 356303.86571719229687, 3771461.749745676293969 ], [ 356304.170905391685665, 3771461.444557477254421 ], [ 356304.170905391685665, 3771461.139369277749211 ], [ 356304.781281790463254, 3771460.528992878738791 ], [ 356305.696846388629638, 3771460.528992878738791 ], [ 356306.307222787407227, 3771461.139369277749211 ], [ 356306.307222787407227, 3771465.717192268464714 ], [ 356306.002034588018432, 3771466.022380467969924 ], [ 356306.002034588018432, 3771466.327568667475134 ], [ 356305.696846388629638, 3771466.632756866514683 ], [ 356305.696846388629638, 3771467.243133265525103 ], [ 356305.086469989852048, 3771467.853509664069861 ], [ 356305.086469989852048, 3771468.158697863575071 ], [ 356304.170905391685665, 3771469.07426246162504 ], [ 356303.86571719229687, 3771469.07426246162504 ], [ 356303.255340793461073, 3771469.684638860635459 ], [ 356302.950152594072279, 3771469.684638860635459 ], [ 356302.644964394683484, 3771469.989827060140669 ], [ 356300.203458799573127, 3771469.989827060140669 ] ] ] } },
{ "type": "Feature", "properties": { "confidence": 0.54547345638275146, "class": 1, "regularized": null }, "geometry": { "type": "Polygon", "coordinates": [ [ [ 356008.443540183128789, 3771094.303153611253947 ], [ 356006.917599186184816, 3771092.77721261465922 ], [ 356006.917599186184816, 3771092.47202441515401 ], [ 356006.612410986796021, 3771092.1668362156488 ], [ 356006.612410986796021, 3771090.640895218588412 ], [ 356006.917599186184816, 3771090.335707019548863 ], [ 356006.917599186184816, 3771090.030518820043653 ], [ 356007.8331637843512, 3771089.114954221993685 ], [ 356009.053916581906378, 3771089.114954221993685 ], [ 356009.359104781295173, 3771089.420142421033233 ], [ 356009.664292980683967, 3771089.420142421033233 ], [ 356009.969481180072762, 3771089.725330620538443 ], [ 356012.105798575794324, 3771089.725330620538443 ], [ 356012.105798575794324, 3771091.251271617598832 ], [ 356011.80061037640553, 3771091.556459817104042 ], [ 356011.80061037640553, 3771092.1668362156488 ], [ 356011.495422177016735, 3771092.47202441515401 ], [ 356011.495422177016735, 3771092.77721261465922 ], [ 356010.885045778239146, 3771093.387589013203979 ], [ 356010.885045778239146, 3771093.692777212709188 ], [ 356010.579857578850351, 3771093.692777212709188 ], [ 356010.274669379461557, 3771093.997965412214398 ], [ 356009.969481180072762, 3771093.997965412214398 ], [ 356009.664292980683967, 3771094.303153611253947 ], [ 356008.443540183128789, 3771094.303153611253947 ] ] ] } },
{ "type": "Feature", "properties": { "confidence": 0.54319822788238525, "class": 1, "regularized": null }, "geometry": { "type": "Polygon", "coordinates": [ [ [ 356036.5208545269561, 3771415.97151576820761 ], [ 356036.215666327567305, 3771415.6663275687024 ], [ 356035.910478128178511, 3771415.6663275687024 ], [ 356035.910478128178511, 3771415.05595116969198 ], [ 356035.605289928789716, 3771414.750762970652431 ], [ 356035.910478128178511, 3771414.445574771147221 ], [ 356035.910478128178511, 3771413.530010173097253 ], [ 356036.215666327567305, 3771413.224821973592043 ], [ 356036.215666327567305, 3771412.919633774086833 ], [ 356036.5208545269561, 3771412.614445574581623 ], [ 356036.5208545269561, 3771409.257375381421298 ], [ 356036.826042726344895, 3771408.952187181916088 ], [ 356036.826042726344895, 3771408.646998982876539 ], [ 356037.741607324511278, 3771407.731434384360909 ], [ 356038.046795523900073, 3771407.731434384360909 ], [ 356038.351983723288868, 3771407.426246185321361 ], [ 356038.962360122066457, 3771407.426246185321361 ], [ 356039.267548321455251, 3771407.121057985816151 ], [ 356041.098677517788019, 3771407.121057985816151 ], [ 356041.403865717176814, 3771407.426246185321361 ], [ 356041.709053916565608, 3771407.426246185321361 ], [ 356041.709053916565608, 3771407.731434384360909 ], [ 356042.014242115954403, 3771408.036622583866119 ], [ 356042.319430315343197, 3771408.036622583866119 ], [ 356042.319430315343197, 3771408.646998982876539 ], [ 356042.929806714120787, 3771409.257375381421298 ], [ 356043.234994913509581, 3771409.257375381421298 ], [ 356043.234994913509581, 3771409.867751780431718 ], [ 356042.929806714120787, 3771410.172939979471266 ], [ 356042.929806714120787, 3771410.478128178976476 ], [ 356042.319430315343197, 3771411.088504577986896 ], [ 356042.319430315343197, 3771411.393692777026445 ], [ 356041.709053916565608, 3771412.004069176036865 ], [ 356041.709053916565608, 3771412.309257375542074 ], [ 356041.403865717176814, 3771412.614445574581623 ], [ 356041.403865717176814, 3771412.919633774086833 ], [ 356040.793489318399224, 3771413.530010173097253 ], [ 356040.793489318399224, 3771413.835198372136801 ], [ 356040.183112919621635, 3771414.445574771147221 ], [ 356040.183112919621635, 3771414.750762970652431 ], [ 356039.267548321455251, 3771415.6663275687024 ], [ 356038.962360122066457, 3771415.6663275687024 ], [ 356038.657171922677662, 3771415.97151576820761 ], [ 356036.5208545269561, 3771415.97151576820761 ] ] ] } },
{ "type": "Feature", "properties": { "confidence": 0.54090070724487305, "class": 1, "regularized": null }, "geometry": { "type": "Polygon", "coordinates": [ [ [ 356274.262461851467378, 3771459.308240081183612 ], [ 356273.957273652078584, 3771459.003051882144064 ], [ 356273.957273652078584, 3771458.392675483133644 ], [ 356273.652085452689789, 3771458.087487283628434 ], [ 356273.652085452689789, 3771457.171922685578465 ], [ 356273.346897253300995, 3771456.866734486073256 ], [ 356273.346897253300995, 3771456.256358087528497 ], [ 356273.0417090539122, 3771455.951169888023287 ], [ 356273.0417090539122, 3771455.340793489478528 ], [ 356272.736520854523405, 3771455.035605289973319 ], [ 356272.736520854523405, 3771454.730417090468109 ], [ 356272.431332655134611, 3771454.425228890962899 ], [ 356272.431332655134611, 3771452.899287894368172 ], [ 356273.0417090539122, 3771452.899287894368172 ], [ 356273.346897253300995, 3771452.594099694862962 ], [ 356274.262461851467378, 3771452.594099694862962 ], [ 356275.178026449633762, 3771451.678535096812993 ], [ 356275.483214649022557, 3771451.678535096812993 ], [ 356275.483214649022557, 3771452.288911495357752 ], [ 356275.788402848411351, 3771452.594099694862962 ], [ 356276.093591047800146, 3771452.594099694862962 ], [ 356276.398779247188941, 3771452.899287894368172 ], [ 356277.619532044744119, 3771452.899287894368172 ], [ 356277.924720244132914, 3771453.20447609340772 ], [ 356277.924720244132914, 3771453.50966429291293 ], [ 356278.229908443521708, 3771453.81485249241814 ], [ 356278.229908443521708, 3771454.12004069192335 ], [ 356279.755849440465681, 3771455.645981688518077 ], [ 356280.671414038632065, 3771455.645981688518077 ], [ 356280.97660223802086, 3771455.951169888023287 ], [ 356280.97660223802086, 3771456.866734486073256 ], [ 356281.281790437409654, 3771457.171922685578465 ], [ 356281.281790437409654, 3771457.782299084588885 ], [ 356280.97660223802086, 3771458.087487283628434 ], [ 356280.36622583924327, 3771458.087487283628434 ], [ 356280.061037639854476, 3771458.392675483133644 ], [ 356277.314343845355324, 3771458.392675483133644 ], [ 356277.00915564596653, 3771458.697863682638854 ], [ 356276.398779247188941, 3771458.697863682638854 ], [ 356276.093591047800146, 3771459.003051882144064 ], [ 356275.178026449633762, 3771459.003051882144064 ], [ 356274.872838250244968, 3771459.308240081183612 ], [ 356274.262461851467378, 3771459.308240081183612 ] ] ] } },
{ "type": "Feature", "properties": { "confidence": 0.54050552845001221, "class": 1, "regularized": null }, "geometry": { "type": "Polygon", "coordinates": [ [ [ 356035.910478128178511, 3771262.461851475294679 ], [ 356035.300101729400922, 3771261.85147507628426 ], [ 356035.605289928789716, 3771261.54628687677905 ], [ 356035.605289928789716, 3771260.325534079223871 ], [ 356036.5208545269561, 3771259.409969481173903 ], [ 356037.131230925733689, 3771259.409969481173903 ], [ 356037.436419125122484, 3771259.104781281668693 ], [ 356037.741607324511278, 3771259.104781281668693 ], [ 356038.046795523900073, 3771258.799593082629144 ], [ 356038.657171922677662, 3771258.799593082629144 ], [ 356038.962360122066457, 3771258.494404883123934 ], [ 356039.572736520844046, 3771258.494404883123934 ], [ 356039.877924720232841, 3771258.189216683618724 ], [ 356040.183112919621635, 3771258.189216683618724 ], [ 356040.48830111901043, 3771257.884028484113514 ], [ 356040.793489318399224, 3771257.884028484113514 ], [ 356041.098677517788019, 3771257.578840285073966 ], [ 356042.014242115954403, 3771257.578840285073966 ], [ 356042.319430315343197, 3771257.273652085568756 ], [ 356043.234994913509581, 3771257.273652085568756 ], [ 356043.540183112898376, 3771257.578840285073966 ], [ 356043.540183112898376, 3771258.494404883123934 ], [ 356043.84537131228717, 3771258.799593082629144 ], [ 356043.84537131228717, 3771259.715157680679113 ], [ 356043.540183112898376, 3771260.020345880184323 ], [ 356043.234994913509581, 3771260.020345880184323 ], [ 356042.929806714120787, 3771260.325534079223871 ], [ 356042.624618514731992, 3771260.325534079223871 ], [ 356042.014242115954403, 3771260.935910478234291 ], [ 356041.403865717176814, 3771260.935910478234291 ], [ 356041.098677517788019, 3771261.241098677739501 ], [ 356040.793489318399224, 3771261.241098677739501 ], [ 356040.48830111901043, 3771261.54628687677905 ], [ 356040.183112919621635, 3771261.54628687677905 ], [ 356039.877924720232841, 3771261.85147507628426 ], [ 356038.962360122066457, 3771261.85147507628426 ], [ 356038.657171922677662, 3771262.156663275789469 ], [ 356037.131230925733689, 3771262.156663275789469 ], [ 356036.826042726344895, 3771262.461851475294679 ], [ 356035.910478128178511, 3771262.461851475294679 ] ] ] } },
{ "type": "Feature", "properties": { "confidence": 0.53553229570388794, "class": 1, "regularized": null }, "geometry": { "type": "Polygon", "coordinates": [ [ [ 356042.014242115954403, 3771277.416073244996369 ], [ 356041.709053916565608, 3771277.11088504595682 ], [ 356041.403865717176814, 3771277.11088504595682 ], [ 356041.403865717176814, 3771276.5005086469464 ], [ 356041.709053916565608, 3771276.19532044744119 ], [ 356041.709053916565608, 3771275.890132248401642 ], [ 356043.234994913509581, 3771274.364191251341254 ], [ 356043.540183112898376, 3771274.364191251341254 ], [ 356043.84537131228717, 3771274.059003051836044 ], [ 356044.45574771106476, 3771274.059003051836044 ], [ 356044.760935910453554, 3771273.753814852330834 ], [ 356045.066124109842349, 3771273.753814852330834 ], [ 356045.371312309231143, 3771273.448626653291285 ], [ 356045.676500508619938, 3771273.448626653291285 ], [ 356045.981688708008733, 3771273.143438453786075 ], [ 356046.59206510684453, 3771273.143438453786075 ], [ 356046.897253306233324, 3771272.838250254280865 ], [ 356047.507629705010913, 3771272.838250254280865 ], [ 356047.812817904399708, 3771273.143438453786075 ], [ 356048.118006103788503, 3771273.143438453786075 ], [ 356049.033570701954886, 3771274.059003051836044 ], [ 356049.033570701954886, 3771274.669379450846463 ], [ 356049.338758901343681, 3771274.974567649886012 ], [ 356049.338758901343681, 3771275.279755849391222 ], [ 356048.728382502566092, 3771275.890132248401642 ], [ 356047.812817904399708, 3771275.890132248401642 ], [ 356047.507629705010913, 3771276.19532044744119 ], [ 356046.897253306233324, 3771276.19532044744119 ], [ 356046.59206510684453, 3771276.5005086469464 ], [ 356045.981688708008733, 3771276.5005086469464 ], [ 356045.676500508619938, 3771276.80569684645161 ], [ 356045.066124109842349, 3771276.80569684645161 ], [ 356044.760935910453554, 3771277.11088504595682 ], [ 356044.150559511675965, 3771277.11088504595682 ], [ 356043.84537131228717, 3771277.416073244996369 ], [ 356042.014242115954403, 3771277.416073244996369 ] ] ] } },
{ "type": "Feature", "properties": { "confidence": 0.53310996294021606, "class": 1, "regularized": null }, "geometry": { "type": "Polygon", "coordinates": [ [ [ 356065.818921668338589, 3771391.556459817104042 ], [ 356065.513733468949795, 3771391.251271617598832 ], [ 356065.208545269561, 3771391.251271617598832 ], [ 356062.461851475061849, 3771388.504577822983265 ], [ 356062.461851475061849, 3771388.199389623478055 ], [ 356062.156663275673054, 3771387.894201424438506 ], [ 356061.85147507628426, 3771387.894201424438506 ], [ 356061.85147507628426, 3771387.589013224933296 ], [ 356061.546286876895465, 3771387.283825025428087 ], [ 356061.546286876895465, 3771386.978636825922877 ], [ 356061.24109867750667, 3771386.673448626883328 ], [ 356061.24109867750667, 3771385.757884028367698 ], [ 356061.546286876895465, 3771385.452695828862488 ], [ 356062.156663275673054, 3771385.452695828862488 ], [ 356062.461851475061849, 3771385.14750762982294 ], [ 356062.767039674450643, 3771385.14750762982294 ], [ 356063.377416073228233, 3771384.53713123081252 ], [ 356064.903357070172206, 3771384.53713123081252 ], [ 356065.818921668338589, 3771385.452695828862488 ], [ 356065.818921668338589, 3771385.757884028367698 ], [ 356068.260427263507154, 3771388.199389623478055 ], [ 356068.260427263507154, 3771388.504577822983265 ], [ 356068.565615462895948, 3771388.809766022488475 ], [ 356068.565615462895948, 3771389.420142421033233 ], [ 356068.260427263507154, 3771389.725330620538443 ], [ 356068.260427263507154, 3771390.030518820043653 ], [ 356067.955239064118359, 3771390.335707019548863 ], [ 356067.955239064118359, 3771390.640895218588412 ], [ 356067.039674465893768, 3771391.556459817104042 ], [ 356065.818921668338589, 3771391.556459817104042 ] ] ] } },
{ "type": "Feature", "properties": { "confidence": 0.5182223916053772, "class": 1, "regularized": null }, "geometry": { "type": "Polygon", "coordinates": [ [ [ 356045.066124109842349, 3771332.044760935939848 ], [ 356045.066124109842349, 3771331.739572736434639 ], [ 356044.760935910453554, 3771331.434384536929429 ], [ 356043.540183112898376, 3771331.434384536929429 ], [ 356043.234994913509581, 3771331.12919633788988 ], [ 356042.014242115954403, 3771331.12919633788988 ], [ 356041.098677517788019, 3771330.21363173937425 ], [ 356041.098677517788019, 3771329.908443540334702 ], [ 356040.48830111901043, 3771329.298067141324282 ], [ 356040.48830111901043, 3771328.687690742779523 ], [ 356040.183112919621635, 3771328.382502543274313 ], [ 356039.877924720232841, 3771328.382502543274313 ], [ 356039.877924720232841, 3771327.772126144263893 ], [ 356039.572736520844046, 3771327.466937945224345 ], [ 356047.507629705010913, 3771327.466937945224345 ], [ 356047.507629705010913, 3771328.382502543274313 ], [ 356047.812817904399708, 3771328.687690742779523 ], [ 356047.812817904399708, 3771329.603255340829492 ], [ 356047.507629705010913, 3771329.603255340829492 ], [ 356047.202441505622119, 3771329.908443540334702 ], [ 356047.202441505622119, 3771330.51881993887946 ], [ 356047.507629705010913, 3771330.82400813838467 ], [ 356048.118006103788503, 3771330.82400813838467 ], [ 356048.423194303177297, 3771330.51881993887946 ], [ 356048.423194303177297, 3771330.82400813838467 ], [ 356048.728382502566092, 3771331.12919633788988 ], [ 356048.728382502566092, 3771331.434384536929429 ], [ 356046.286876907397527, 3771331.434384536929429 ], [ 356045.676500508619938, 3771332.044760935939848 ], [ 356045.066124109842349, 3771332.044760935939848 ] ] ] } },
{ "type": "Feature", "properties": { "confidence": 0.51209717988967896, "class": 1, "regularized": null }, "geometry": { "type": "Polygon", "coordinates": [ [ [ 355956.256358087470289, 3771236.215666327625513 ], [ 355955.951169888081495, 3771235.910478128120303 ], [ 355955.340793489303906, 3771235.910478128120303 ], [ 355954.730417090526316, 3771235.300101729575545 ], [ 355954.730417090526316, 3771234.994913530070335 ], [ 355954.425228891137522, 3771234.689725330565125 ], [ 355954.425228891137522, 3771234.384537131059915 ], [ 355955.951169888081495, 3771232.858596134465188 ], [ 355955.951169888081495, 3771232.553407934959978 ], [ 355956.256358087470289, 3771232.248219735454768 ], [ 355956.256358087470289, 3771231.637843336910009 ], [ 355956.561546286859084, 3771231.332655137404799 ], [ 355956.561546286859084, 3771231.02746693789959 ], [ 355957.171922685636673, 3771230.417090539354831 ], [ 355959.003051881969441, 3771230.417090539354831 ], [ 355959.308240081358235, 3771230.111902339849621 ], [ 355960.223804679524619, 3771230.111902339849621 ], [ 355960.528992878913414, 3771230.417090539354831 ], [ 355963.580874872859567, 3771230.417090539354831 ], [ 355963.580874872859567, 3771230.72227873839438 ], [ 355963.886063072248362, 3771231.02746693789959 ], [ 355963.580874872859567, 3771231.332655137404799 ], [ 355963.580874872859567, 3771232.553407934959978 ], [ 355963.275686673470773, 3771232.858596134465188 ], [ 355963.275686673470773, 3771233.774160732515156 ], [ 355962.970498474081978, 3771234.079348932020366 ], [ 355962.970498474081978, 3771235.300101729575545 ], [ 355962.665310274693184, 3771235.605289928615093 ], [ 355961.7497456765268, 3771235.605289928615093 ], [ 355961.444557477138005, 3771235.910478128120303 ], [ 355959.308240081358235, 3771235.910478128120303 ], [ 355959.003051881969441, 3771236.215666327625513 ], [ 355956.256358087470289, 3771236.215666327625513 ] ] ] } },
{ "type": "Feature", "properties": { "confidence": 0.51030099391937256, "class": 1, "regularized": null }, "geometry": { "type": "Polygon", "coordinates": [ [ [ 355998.677517802629154, 3771085.757884028367698 ], [ 355997.76195320446277, 3771084.84231943031773 ], [ 355997.76195320446277, 3771084.53713123081252 ], [ 355997.151576805685181, 3771083.926754832267761 ], [ 355997.151576805685181, 3771083.621566632762551 ], [ 355996.846388606296387, 3771083.316378433257341 ], [ 355996.846388606296387, 3771082.706002034712583 ], [ 355996.541200406907592, 3771082.400813835207373 ], [ 355996.541200406907592, 3771082.095625635702163 ], [ 355996.236012207518797, 3771081.790437436196953 ], [ 355996.236012207518797, 3771081.485249237157404 ], [ 355996.541200406907592, 3771081.180061037652194 ], [ 355996.541200406907592, 3771080.874872838146985 ], [ 355996.846388606296387, 3771080.569684638641775 ], [ 355996.846388606296387, 3771079.959308240097016 ], [ 355997.151576805685181, 3771079.959308240097016 ], [ 355997.456765005073976, 3771079.654120040591806 ], [ 355997.456765005073976, 3771079.348931841086596 ], [ 355998.982706002017949, 3771077.822990844491869 ], [ 355999.287894201406743, 3771077.822990844491869 ], [ 355999.593082400795538, 3771077.517802644986659 ], [ 356000.813835198350716, 3771077.517802644986659 ], [ 356001.119023397739511, 3771077.822990844491869 ], [ 356001.424211597128306, 3771077.822990844491869 ], [ 356002.034587995905895, 3771078.433367243036628 ], [ 356002.339776195294689, 3771078.433367243036628 ], [ 356002.339776195294689, 3771079.654120040591806 ], [ 356002.034587995905895, 3771079.959308240097016 ], [ 356002.034587995905895, 3771080.569684638641775 ], [ 356001.7293997965171, 3771080.874872838146985 ], [ 356001.7293997965171, 3771081.180061037652194 ], [ 356001.424211597128306, 3771081.485249237157404 ], [ 356001.424211597128306, 3771083.011190233752131 ], [ 356001.119023397739511, 3771083.316378433257341 ], [ 356001.119023397739511, 3771083.621566632762551 ], [ 356000.508646998961922, 3771084.23194303130731 ], [ 356000.508646998961922, 3771084.53713123081252 ], [ 355999.898270600184333, 3771085.14750762982294 ], [ 355999.898270600184333, 3771085.452695828862488 ], [ 355999.593082400795538, 3771085.757884028367698 ], [ 355998.677517802629154, 3771085.757884028367698 ] ] ] } },
{ "type": "Feature", "properties": { "confidence": 0.49246785044670105, "class": 1, "regularized": null }, "geometry": { "type": "Polygon", "coordinates": [ [ [ 356042.014242115954403, 3771213.936927772127092 ], [ 356041.709053916565608, 3771213.631739572621882 ], [ 356041.709053916565608, 3771212.716174974571913 ], [ 356041.403865717176814, 3771212.410986775066704 ], [ 356041.403865717176814, 3771212.105798575561494 ], [ 356041.098677517788019, 3771211.800610376521945 ], [ 356041.098677517788019, 3771211.495422177016735 ], [ 356040.793489318399224, 3771211.190233977511525 ], [ 356040.48830111901043, 3771211.190233977511525 ], [ 356040.48830111901043, 3771210.274669379461557 ], [ 356047.202441505622119, 3771210.274669379461557 ], [ 356047.202441505622119, 3771210.579857578966767 ], [ 356045.371312309231143, 3771212.410986775066704 ], [ 356045.066124109842349, 3771212.410986775066704 ], [ 356044.760935910453554, 3771212.716174974571913 ], [ 356044.45574771106476, 3771212.716174974571913 ], [ 356043.540183112898376, 3771213.631739572621882 ], [ 356043.234994913509581, 3771213.631739572621882 ], [ 356042.929806714120787, 3771213.936927772127092 ], [ 356042.014242115954403, 3771213.936927772127092 ] ] ] } },
{ "type": "Feature", "properties": { "confidence": 0.48752027750015259, "class": 1, "regularized": null }, "geometry": { "type": "Polygon", "coordinates": [ [ [ 355950.152594099694397, 3771289.318413021508604 ], [ 355949.847405900305603, 3771289.013224822003394 ], [ 355949.847405900305603, 3771287.487283824943006 ], [ 355950.152594099694397, 3771287.182095625437796 ], [ 355950.152594099694397, 3771286.266531027387828 ], [ 355950.457782299083192, 3771285.961342827882618 ], [ 355950.457782299083192, 3771285.350966429337859 ], [ 355951.068158697860781, 3771284.740590030327439 ], [ 355951.068158697860781, 3771284.435401831287891 ], [ 355951.373346897249576, 3771284.130213631782681 ], [ 355951.373346897249576, 3771283.825025432277471 ], [ 355951.67853509663837, 3771283.825025432277471 ], [ 355951.983723296027165, 3771283.519837232772261 ], [ 355951.983723296027165, 3771283.214649033732712 ], [ 355952.28891149541596, 3771283.214649033732712 ], [ 355952.594099694804754, 3771282.909460834227502 ], [ 355952.594099694804754, 3771282.604272634722292 ], [ 355952.899287894193549, 3771282.299084435217083 ], [ 355953.204476093582343, 3771282.299084435217083 ], [ 355953.509664292971138, 3771281.993896236177534 ], [ 355953.509664292971138, 3771281.688708036672324 ], [ 355953.814852492359933, 3771281.688708036672324 ], [ 355954.425228891137522, 3771281.078331637661904 ], [ 355954.425228891137522, 3771280.467955239117146 ], [ 355954.730417090526316, 3771280.467955239117146 ], [ 355955.340793489303906, 3771279.857578840106726 ], [ 355955.951169888081495, 3771279.857578840106726 ], [ 355956.256358087470289, 3771279.552390641067177 ], [ 355958.392675483191852, 3771279.552390641067177 ], [ 355959.003051881969441, 3771280.162767039611936 ], [ 355959.308240081358235, 3771280.162767039611936 ], [ 355959.308240081358235, 3771280.773143438622355 ], [ 355960.834181078360416, 3771282.299084435217083 ], [ 355960.834181078360416, 3771287.792472024448216 ], [ 355954.120040691748727, 3771287.792472024448216 ], [ 355953.814852492359933, 3771288.097660223953426 ], [ 355953.509664292971138, 3771288.097660223953426 ], [ 355952.594099694804754, 3771289.013224822003394 ], [ 355952.28891149541596, 3771289.013224822003394 ], [ 355951.983723296027165, 3771289.318413021508604 ], [ 355950.152594099694397, 3771289.318413021508604 ] ] ] } },
{ "type": "Feature", "properties": { "confidence": 0.48604905605316162, "class": 1, "regularized": null }, "geometry": { "type": "Polygon", "coordinates": [ [ [ 355991.353001017298084, 3771468.463886063080281 ], [ 355991.047812817909289, 3771468.158697863575071 ], [ 355990.742624618520495, 3771468.158697863575071 ], [ 355990.4374364191317, 3771467.853509664069861 ], [ 355990.132248219742905, 3771467.853509664069861 ], [ 355989.521871820965316, 3771467.243133265525103 ], [ 355989.216683621576522, 3771467.243133265525103 ], [ 355988.911495422187727, 3771466.937945066019893 ], [ 355988.606307222798932, 3771466.937945066019893 ], [ 355986.775178026466165, 3771465.106815869919956 ], [ 355986.775178026466165, 3771464.801627670414746 ], [ 355985.554425228910986, 3771463.580874872859567 ], [ 355985.249237029522192, 3771463.580874872859567 ], [ 355984.638860630744603, 3771462.970498473849148 ], [ 355984.638860630744603, 3771460.834181078244001 ], [ 355984.333672431355808, 3771460.528992878738791 ], [ 355984.333672431355808, 3771458.087487283628434 ], [ 355984.944048830133397, 3771457.477110885083675 ], [ 355987.995930824021343, 3771457.477110885083675 ], [ 355987.995930824021343, 3771458.392675483133644 ], [ 355988.301119023410138, 3771458.697863682638854 ], [ 355988.301119023410138, 3771459.308240081183612 ], [ 355988.606307222798932, 3771459.613428280688822 ], [ 355988.606307222798932, 3771459.918616480194032 ], [ 355988.911495422187727, 3771460.223804679699242 ], [ 355988.911495422187727, 3771460.528992878738791 ], [ 355989.216683621576522, 3771460.834181078244001 ], [ 355989.521871820965316, 3771460.834181078244001 ], [ 355989.827060020354111, 3771461.139369277749211 ], [ 355990.4374364191317, 3771461.139369277749211 ], [ 355990.742624618520495, 3771460.834181078244001 ], [ 355992.878942014242057, 3771460.834181078244001 ], [ 355993.184130213630851, 3771461.139369277749211 ], [ 355993.489318413019646, 3771461.139369277749211 ], [ 355994.099694811797235, 3771461.749745676293969 ], [ 355993.794506612408441, 3771461.749745676293969 ], [ 355993.489318413019646, 3771462.054933875799179 ], [ 355993.489318413019646, 3771463.580874872859567 ], [ 355993.184130213630851, 3771463.886063072364777 ], [ 355993.184130213630851, 3771464.801627670414746 ], [ 355992.878942014242057, 3771465.106815869919956 ], [ 355992.878942014242057, 3771465.412004068959504 ], [ 355992.573753814853262, 3771465.717192268464714 ], [ 355992.573753814853262, 3771466.022380467969924 ], [ 355992.268565615464468, 3771466.327568667475134 ], [ 355992.268565615464468, 3771466.937945066019893 ], [ 355991.963377416075673, 3771467.243133265525103 ], [ 355991.963377416075673, 3771467.548321465030313 ], [ 355991.353001017298084, 3771468.158697863575071 ], [ 355991.353001017298084, 3771468.463886063080281 ] ] ] } },
{ "type": "Feature", "properties": { "confidence": 0.48541152477264404, "class": 1, "regularized": null }, "geometry": { "type": "Polygon", "coordinates": [ [ [ 355884.231943031540141, 3771213.326551373116672 ], [ 355883.926754832151346, 3771213.021363174077123 ], [ 355883.621566632762551, 3771213.021363174077123 ], [ 355882.400813835207373, 3771211.800610376521945 ], [ 355882.095625635818578, 3771211.800610376521945 ], [ 355881.790437436429784, 3771211.495422177016735 ], [ 355881.485249237040989, 3771211.495422177016735 ], [ 355881.180061037652194, 3771211.190233977511525 ], [ 355880.8748728382634, 3771211.190233977511525 ], [ 355880.8748728382634, 3771210.885045778006315 ], [ 355880.569684638874605, 3771210.579857578966767 ], [ 355880.264496439485811, 3771210.579857578966767 ], [ 355880.264496439485811, 3771210.274669379461557 ], [ 355879.959308240097016, 3771209.969481179956347 ], [ 355879.959308240097016, 3771209.664292980451137 ], [ 355886.673448626650497, 3771209.664292980451137 ], [ 355886.673448626650497, 3771211.190233977511525 ], [ 355886.368260427261703, 3771211.495422177016735 ], [ 355886.368260427261703, 3771212.105798575561494 ], [ 355886.063072227872908, 3771212.410986775066704 ], [ 355886.063072227872908, 3771212.716174974571913 ], [ 355885.757884028484114, 3771213.021363174077123 ], [ 355885.452695829095319, 3771213.021363174077123 ], [ 355885.147507629706524, 3771213.326551373116672 ], [ 355884.231943031540141, 3771213.326551373116672 ] ] ] } },
{ "type": "Feature", "properties": { "confidence": 0.48497939109802246, "class": 1, "regularized": null }, "geometry": { "type": "Polygon", "coordinates": [ [ [ 355925.737538148532622, 3771235.910478128120303 ], [ 355925.432349949143827, 3771235.605289928615093 ], [ 355924.211597151588649, 3771235.605289928615093 ], [ 355923.906408952199854, 3771235.300101729575545 ], [ 355923.296032553422265, 3771235.300101729575545 ], [ 355922.99084435403347, 3771234.994913530070335 ], [ 355920.244150559534319, 3771234.994913530070335 ], [ 355919.938962360145524, 3771235.300101729575545 ], [ 355918.718209562590346, 3771235.300101729575545 ], [ 355917.802644964365754, 3771234.384537131059915 ], [ 355917.802644964365754, 3771233.774160732515156 ], [ 355918.107833163812757, 3771233.468972533009946 ], [ 355918.107833163812757, 3771232.858596134465188 ], [ 355918.413021363201551, 3771232.553407934959978 ], [ 355918.413021363201551, 3771231.637843336910009 ], [ 355919.02339776197914, 3771231.02746693789959 ], [ 355919.02339776197914, 3771230.72227873839438 ], [ 355919.63377416075673, 3771230.111902339849621 ], [ 355919.938962360145524, 3771230.111902339849621 ], [ 355920.549338758923113, 3771229.501525940839201 ], [ 355920.854526958311908, 3771229.501525940839201 ], [ 355921.464903357089497, 3771228.891149542294443 ], [ 355921.770091556478292, 3771228.891149542294443 ], [ 355922.99084435403347, 3771227.670396744739264 ], [ 355922.99084435403347, 3771227.365208545234054 ], [ 355923.296032553422265, 3771227.365208545234054 ], [ 355923.601220752811059, 3771227.060020345728844 ], [ 355924.821973550366238, 3771227.060020345728844 ], [ 355925.127161749755032, 3771227.365208545234054 ], [ 355925.737538148532622, 3771227.365208545234054 ], [ 355926.347914547310211, 3771227.975584944244474 ], [ 355926.347914547310211, 3771228.585961342789233 ], [ 355926.653102746699005, 3771228.891149542294443 ], [ 355926.653102746699005, 3771229.196337741799653 ], [ 355926.9582909460878, 3771229.501525940839201 ], [ 355926.9582909460878, 3771230.417090539354831 ], [ 355927.263479145476595, 3771230.72227873839438 ], [ 355927.263479145476595, 3771231.637843336910009 ], [ 355927.568667344865389, 3771231.943031535949558 ], [ 355927.568667344865389, 3771235.605289928615093 ], [ 355927.263479145476595, 3771235.910478128120303 ], [ 355925.737538148532622, 3771235.910478128120303 ] ] ] } },
{ "type": "Feature", "properties": { "confidence": 0.48071277141571045, "class": 1, "regularized": null }, "geometry": { "type": "Polygon", "coordinates": [ [ [ 356150.356052899267524, 3771241.098677517846227 ], [ 356150.05086469987873, 3771240.793489318341017 ], [ 356149.440488301101141, 3771240.793489318341017 ], [ 356148.830111902323551, 3771240.183112919796258 ], [ 356148.830111902323551, 3771239.877924720291048 ], [ 356148.524923702934757, 3771239.572736520785838 ], [ 356148.524923702934757, 3771239.267548321280628 ], [ 356148.219735503545962, 3771238.96236012224108 ], [ 356148.219735503545962, 3771236.520854527130723 ], [ 356147.914547304157168, 3771236.215666327625513 ], [ 356147.914547304157168, 3771235.300101729575545 ], [ 356148.219735503545962, 3771234.994913530070335 ], [ 356148.524923702934757, 3771234.994913530070335 ], [ 356148.830111902323551, 3771234.689725330565125 ], [ 356150.356052899267524, 3771234.689725330565125 ], [ 356150.661241098656319, 3771234.384537131059915 ], [ 356153.40793489315547, 3771234.384537131059915 ], [ 356154.018311291991267, 3771234.994913530070335 ], [ 356154.018311291991267, 3771235.300101729575545 ], [ 356154.323499491380062, 3771235.605289928615093 ], [ 356154.323499491380062, 3771239.572736520785838 ], [ 356153.40793489315547, 3771240.488301118835807 ], [ 356153.102746693766676, 3771240.488301118835807 ], [ 356152.797558494377881, 3771240.793489318341017 ], [ 356152.187182095600292, 3771240.793489318341017 ], [ 356151.881993896211497, 3771241.098677517846227 ], [ 356150.356052899267524, 3771241.098677517846227 ] ] ] } },
{ "type": "Feature", "properties": { "confidence": 0.47835850715637207, "class": 1, "regularized": null }, "geometry": { "type": "Polygon", "coordinates": [ [ [ 355830.518819938937668, 3771213.326551373116672 ], [ 355830.213631739548873, 3771213.021363174077123 ], [ 355830.518819938937668, 3771212.716174974571913 ], [ 355830.518819938937668, 3771212.105798575561494 ], [ 355830.824008138326462, 3771211.800610376521945 ], [ 355831.739572736492846, 3771211.800610376521945 ], [ 355832.044760935881641, 3771211.495422177016735 ], [ 355832.044760935881641, 3771210.274669379461557 ], [ 355831.739572736492846, 3771209.969481179956347 ], [ 355831.739572736492846, 3771209.664292980451137 ], [ 355835.401831129216589, 3771209.664292980451137 ], [ 355835.401831129216589, 3771210.885045778006315 ], [ 355835.096642929827794, 3771211.190233977511525 ], [ 355835.096642929827794, 3771211.495422177016735 ], [ 355834.486266531050205, 3771212.105798575561494 ], [ 355833.875890132272616, 3771212.105798575561494 ], [ 355833.570701932883821, 3771212.410986775066704 ], [ 355832.349949135328643, 3771212.410986775066704 ], [ 355831.739572736492846, 3771213.021363174077123 ], [ 355831.434384537104052, 3771213.021363174077123 ], [ 355831.129196337715257, 3771213.326551373116672 ], [ 355830.518819938937668, 3771213.326551373116672 ] ] ] } },
{ "type": "Feature", "properties": { "confidence": 0.47666811943054199, "class": 1, "regularized": null }, "geometry": { "type": "Polygon", "coordinates": [ [ [ 355922.685656154644676, 3771491.658189216628671 ], [ 355921.770091556478292, 3771490.742624618578702 ], [ 355921.770091556478292, 3771489.827060020528734 ], [ 355921.464903357089497, 3771489.521871821023524 ], [ 355921.464903357089497, 3771486.469989826902747 ], [ 355921.770091556478292, 3771486.164801627863199 ], [ 355921.770091556478292, 3771485.859613428357989 ], [ 355922.075279755867086, 3771485.554425228852779 ], [ 355922.075279755867086, 3771485.249237029347569 ], [ 355923.296032553422265, 3771484.02848423179239 ], [ 355923.601220752811059, 3771484.02848423179239 ], [ 355923.906408952199854, 3771483.723296032752842 ], [ 355924.211597151588649, 3771483.723296032752842 ], [ 355924.516785350977443, 3771483.418107833247632 ], [ 355926.653102746699005, 3771483.418107833247632 ], [ 355926.9582909460878, 3771483.112919633742422 ], [ 355927.873855544254184, 3771483.112919633742422 ], [ 355928.179043743642978, 3771483.418107833247632 ], [ 355931.841302136308514, 3771483.418107833247632 ], [ 355932.756866734474897, 3771484.3336724312976 ], [ 355933.062054933863692, 3771484.3336724312976 ], [ 355933.062054933863692, 3771484.94404883030802 ], [ 355932.756866734474897, 3771485.249237029347569 ], [ 355932.756866734474897, 3771485.554425228852779 ], [ 355932.451678535086103, 3771485.554425228852779 ], [ 355932.146490335697308, 3771485.859613428357989 ], [ 355932.146490335697308, 3771486.164801627863199 ], [ 355930.620549338753335, 3771487.690742624457926 ], [ 355930.620549338753335, 3771487.995930823963135 ], [ 355930.315361139364541, 3771487.995930823963135 ], [ 355929.704984740586951, 3771488.606307222973555 ], [ 355929.399796541198157, 3771488.606307222973555 ], [ 355928.484231943031773, 3771489.521871821023524 ], [ 355927.873855544254184, 3771489.521871821023524 ], [ 355926.9582909460878, 3771490.437436419073492 ], [ 355926.653102746699005, 3771490.437436419073492 ], [ 355926.347914547310211, 3771490.742624618578702 ], [ 355926.042726347921416, 3771490.742624618578702 ], [ 355925.432349949143827, 3771491.353001017123461 ], [ 355924.821973550366238, 3771491.353001017123461 ], [ 355924.516785350977443, 3771491.658189216628671 ], [ 355922.685656154644676, 3771491.658189216628671 ] ] ] } },
{ "type": "Feature", "properties": { "confidence": 0.47473472356796265, "class": 1, "regularized": null }, "geometry": { "type": "Polygon", "coordinates": [ [ [ 356172.939979654096533, 3771589.928789420053363 ], [ 356172.024415055930149, 3771589.013224822003394 ], [ 356171.719226856541354, 3771589.013224822003394 ], [ 356170.80366225837497, 3771588.097660223953426 ], [ 356170.80366225837497, 3771587.487283824943006 ], [ 356170.193285859597381, 3771586.876907426398247 ], [ 356170.193285859597381, 3771583.825025432277471 ], [ 356171.108850457763765, 3771582.909460834227502 ], [ 356171.108850457763765, 3771582.604272634722292 ], [ 356172.024415055930149, 3771581.688708036672324 ], [ 356172.329603255318943, 3771581.688708036672324 ], [ 356172.634791454707738, 3771581.383519837167114 ], [ 356173.550356052874122, 3771581.383519837167114 ], [ 356173.855544252262916, 3771581.688708036672324 ], [ 356174.160732451651711, 3771581.688708036672324 ], [ 356174.7711088504293, 3771582.299084435217083 ], [ 356175.076297049876302, 3771582.299084435217083 ], [ 356175.076297049876302, 3771582.604272634722292 ], [ 356176.297049847431481, 3771583.825025432277471 ], [ 356176.602238046820275, 3771583.825025432277471 ], [ 356177.822990844375454, 3771585.045778229832649 ], [ 356177.822990844375454, 3771585.350966429337859 ], [ 356178.128179043764248, 3771585.656154628843069 ], [ 356178.128179043764248, 3771586.266531027387828 ], [ 356177.212614445597865, 3771587.182095625437796 ], [ 356176.90742624620907, 3771587.182095625437796 ], [ 356175.686673448653892, 3771588.402848422992975 ], [ 356175.686673448653892, 3771588.708036622498184 ], [ 356175.381485249265097, 3771588.708036622498184 ], [ 356174.160732451651711, 3771589.928789420053363 ], [ 356172.939979654096533, 3771589.928789420053363 ] ] ] } },
{ "type": "Feature", "properties": { "confidence": 0.46316686272621155, "class": 1, "regularized": null }, "geometry": { "type": "Polygon", "coordinates": [ [ [ 356036.826042726344895, 3771217.904374364297837 ], [ 356036.826042726344895, 3771217.599186164792627 ], [ 356036.215666327567305, 3771216.988809766247869 ], [ 356036.215666327567305, 3771215.76805696869269 ], [ 356035.910478128178511, 3771215.46286876918748 ], [ 356035.910478128178511, 3771213.631739572621882 ], [ 356035.605289928789716, 3771213.326551373116672 ], [ 356035.605289928789716, 3771212.716174974571913 ], [ 356035.300101729400922, 3771212.410986775066704 ], [ 356035.300101729400922, 3771211.190233977511525 ], [ 356034.994913530012127, 3771210.885045778006315 ], [ 356034.994913530012127, 3771209.359104781411588 ], [ 356035.300101729400922, 3771209.359104781411588 ], [ 356035.910478128178511, 3771208.748728382401168 ], [ 356036.215666327567305, 3771208.748728382401168 ], [ 356038.657171922677662, 3771211.190233977511525 ], [ 356038.657171922677662, 3771211.495422177016735 ], [ 356039.572736520844046, 3771212.410986775066704 ], [ 356039.572736520844046, 3771212.716174974571913 ], [ 356039.877924720232841, 3771213.021363174077123 ], [ 356039.877924720232841, 3771213.631739572621882 ], [ 356040.183112919621635, 3771213.936927772127092 ], [ 356040.183112919621635, 3771214.547304171137512 ], [ 356040.48830111901043, 3771214.85249237017706 ], [ 356040.48830111901043, 3771215.15768056968227 ], [ 356040.793489318399224, 3771215.46286876918748 ], [ 356040.48830111901043, 3771215.76805696869269 ], [ 356040.48830111901043, 3771216.378433367237449 ], [ 356040.183112919621635, 3771216.683621566742659 ], [ 356040.183112919621635, 3771216.988809766247869 ], [ 356039.877924720232841, 3771216.988809766247869 ], [ 356039.572736520844046, 3771217.293997965287417 ], [ 356039.267548321455251, 3771217.293997965287417 ], [ 356038.962360122066457, 3771217.599186164792627 ], [ 356038.351983723288868, 3771217.599186164792627 ], [ 356038.046795523900073, 3771217.904374364297837 ], [ 356036.826042726344895, 3771217.904374364297837 ] ] ] } },
{ "type": "Feature", "properties": { "confidence": 0.45402234792709351, "class": 1, "regularized": null }, "geometry": { "type": "Polygon", "coordinates": [ [ [ 355884.537131230928935, 3771131.230925737414509 ], [ 355884.537131230928935, 3771130.010172939859331 ], [ 355884.84231943031773, 3771129.704984740819782 ], [ 355884.84231943031773, 3771127.568667344748974 ], [ 355885.147507629706524, 3771127.263479145243764 ], [ 355885.147507629706524, 3771126.653102746699005 ], [ 355885.757884028484114, 3771126.042726347688586 ], [ 355886.063072227872908, 3771126.042726347688586 ], [ 355886.673448626650497, 3771125.432349949143827 ], [ 355888.504577822983265, 3771125.432349949143827 ], [ 355888.80976602237206, 3771125.737538148649037 ], [ 355889.725330620538443, 3771125.737538148649037 ], [ 355890.030518819927238, 3771126.042726347688586 ], [ 355891.556459816871211, 3771126.042726347688586 ], [ 355891.861648016260006, 3771126.347914547193795 ], [ 355892.472024415037595, 3771126.347914547193795 ], [ 355892.777212614426389, 3771126.653102746699005 ], [ 355893.997965411981568, 3771126.653102746699005 ], [ 355894.303153611370362, 3771126.958290946204215 ], [ 355895.829094608314335, 3771126.958290946204215 ], [ 355896.13428280770313, 3771127.263479145243764 ], [ 355897.355035605316516, 3771127.263479145243764 ], [ 355897.660223804705311, 3771127.568667344748974 ], [ 355898.880976602260489, 3771127.568667344748974 ], [ 355899.186164801649284, 3771127.873855544254184 ], [ 355899.796541200426873, 3771127.873855544254184 ], [ 355900.101729399815667, 3771128.179043743759394 ], [ 355899.796541200426873, 3771128.484231942798942 ], [ 355899.796541200426873, 3771128.789420142304152 ], [ 355899.491353001038078, 3771128.789420142304152 ], [ 355899.186164801649284, 3771129.094608341809362 ], [ 355899.186164801649284, 3771129.399796541314572 ], [ 355898.575788402871694, 3771130.010172939859331 ], [ 355898.575788402871694, 3771130.315361139364541 ], [ 355898.2706002034829, 3771130.62054933886975 ], [ 355898.2706002034829, 3771131.230925737414509 ], [ 355893.082400813815184, 3771131.230925737414509 ], [ 355893.082400813815184, 3771130.92573753837496 ], [ 355892.777212614426389, 3771130.62054933886975 ], [ 355888.19938962359447, 3771130.62054933886975 ], [ 355887.894201424205676, 3771130.92573753837496 ], [ 355887.894201424205676, 3771131.230925737414509 ], [ 355884.537131230928935, 3771131.230925737414509 ] ] ] } },
{ "type": "Feature", "properties": { "confidence": 0.44519054889678955, "class": 1, "regularized": null }, "geometry": { "type": "Polygon", "coordinates": [ [ [ 355885.147507629706524, 3771498.372329603414983 ], [ 355883.926754832151346, 3771497.151576805859804 ], [ 355883.926754832151346, 3771496.846388606354594 ], [ 355883.011190233984962, 3771495.930824008304626 ], [ 355882.706002034596168, 3771495.930824008304626 ], [ 355882.400813835207373, 3771495.625635808799416 ], [ 355882.095625635818578, 3771495.625635808799416 ], [ 355881.790437436429784, 3771495.320447609294206 ], [ 355881.485249237040989, 3771495.320447609294206 ], [ 355881.180061037652194, 3771495.015259409788996 ], [ 355880.569684638874605, 3771495.015259409788996 ], [ 355880.264496439485811, 3771494.710071210749447 ], [ 355879.959308240097016, 3771494.710071210749447 ], [ 355879.654120040708221, 3771494.404883011244237 ], [ 355879.348931841319427, 3771494.404883011244237 ], [ 355879.043743641930632, 3771494.099694811739028 ], [ 355879.043743641930632, 3771490.742624618578702 ], [ 355879.348931841319427, 3771490.437436419073492 ], [ 355879.348931841319427, 3771489.827060020528734 ], [ 355880.569684638874605, 3771489.827060020528734 ], [ 355880.8748728382634, 3771489.521871821023524 ], [ 355881.790437436429784, 3771489.521871821023524 ], [ 355882.095625635818578, 3771489.827060020528734 ], [ 355883.926754832151346, 3771489.827060020528734 ], [ 355884.231943031540141, 3771490.132248219568282 ], [ 355884.537131230928935, 3771490.132248219568282 ], [ 355884.84231943031773, 3771490.437436419073492 ], [ 355885.757884028484114, 3771490.437436419073492 ], [ 355886.368260427261703, 3771491.047812818083912 ], [ 355886.978636826039292, 3771491.047812818083912 ], [ 355887.283825025428087, 3771491.353001017123461 ], [ 355887.589013224816881, 3771491.353001017123461 ], [ 355887.894201424205676, 3771491.658189216628671 ], [ 355888.19938962359447, 3771491.658189216628671 ], [ 355888.504577822983265, 3771491.963377416133881 ], [ 355888.80976602237206, 3771491.963377416133881 ], [ 355889.420142421149649, 3771492.573753814678639 ], [ 355890.335707019316033, 3771492.573753814678639 ], [ 355890.030518819927238, 3771492.878942014183849 ], [ 355890.030518819927238, 3771493.794506612233818 ], [ 355889.725330620538443, 3771494.099694811739028 ], [ 355889.725330620538443, 3771495.015259409788996 ], [ 355889.420142421149649, 3771495.320447609294206 ], [ 355889.420142421149649, 3771496.541200406849384 ], [ 355889.114954221760854, 3771496.846388606354594 ], [ 355888.80976602237206, 3771496.846388606354594 ], [ 355887.589013224816881, 3771498.067141403909773 ], [ 355887.283825025428087, 3771498.067141403909773 ], [ 355886.978636826039292, 3771498.372329603414983 ], [ 355885.147507629706524, 3771498.372329603414983 ] ] ] } },
{ "type": "Feature", "properties": { "confidence": 0.44446617364883423, "class": 1, "regularized": null }, "geometry": { "type": "Polygon", "coordinates": [ [ [ 356298.982706002017949, 3771148.321464903187007 ], [ 356298.677517802629154, 3771148.016276704147458 ], [ 356298.37232960324036, 3771148.016276704147458 ], [ 356298.067141403851565, 3771147.711088504642248 ], [ 356298.067141403851565, 3771143.743641912471503 ], [ 356297.76195320446277, 3771143.438453712966293 ], [ 356297.76195320446277, 3771142.828077314421535 ], [ 356298.067141403851565, 3771142.828077314421535 ], [ 356298.37232960324036, 3771142.522889114916325 ], [ 356299.898270600184333, 3771142.522889114916325 ], [ 356300.203458799573127, 3771142.217700915411115 ], [ 356302.950152594072279, 3771142.217700915411115 ], [ 356303.255340793461073, 3771141.912512716371566 ], [ 356307.8331637843512, 3771141.912512716371566 ], [ 356308.138351983739994, 3771142.217700915411115 ], [ 356308.138351983739994, 3771143.743641912471503 ], [ 356308.443540183128789, 3771144.048830111976713 ], [ 356307.8331637843512, 3771144.048830111976713 ], [ 356307.222787385573611, 3771144.659206510521472 ], [ 356307.222787385573611, 3771145.269582909531891 ], [ 356307.8331637843512, 3771145.87995930807665 ], [ 356307.8331637843512, 3771146.18514750758186 ], [ 356308.138351983739994, 3771146.49033570708707 ], [ 356308.138351983739994, 3771146.79552390659228 ], [ 356307.8331637843512, 3771147.100712105631828 ], [ 356307.527975584962405, 3771147.100712105631828 ], [ 356307.222787385573611, 3771147.405900305137038 ], [ 356306.002034588018432, 3771147.405900305137038 ], [ 356305.696846388629638, 3771147.711088504642248 ], [ 356303.86571719229687, 3771147.711088504642248 ], [ 356303.560528992908075, 3771148.016276704147458 ], [ 356302.339776195294689, 3771148.016276704147458 ], [ 356302.034587995905895, 3771148.321464903187007 ], [ 356298.982706002017949, 3771148.321464903187007 ] ] ] } },
{ "type": "Feature", "properties": { "confidence": 0.44240027666091919, "class": 1, "regularized": null }, "geometry": { "type": "Polygon", "coordinates": [ [ [ 355852.187182095600292, 3771236.520854527130723 ], [ 355851.881993896211497, 3771236.215666327625513 ], [ 355851.881993896211497, 3771234.994913530070335 ], [ 355851.576805696822703, 3771234.689725330565125 ], [ 355851.576805696822703, 3771234.079348932020366 ], [ 355851.271617497433908, 3771233.774160732515156 ], [ 355851.271617497433908, 3771233.163784333504736 ], [ 355850.966429298045114, 3771232.858596134465188 ], [ 355850.966429298045114, 3771232.248219735454768 ], [ 355850.661241098656319, 3771231.943031535949558 ], [ 355850.661241098656319, 3771231.637843336910009 ], [ 355850.356052899267524, 3771231.332655137404799 ], [ 355850.356052899267524, 3771230.111902339849621 ], [ 355850.661241098656319, 3771229.806714140344411 ], [ 355852.492370294989087, 3771229.806714140344411 ], [ 355852.797558494377881, 3771230.111902339849621 ], [ 355853.713123092602473, 3771230.111902339849621 ], [ 355854.018311291991267, 3771230.417090539354831 ], [ 355854.323499491380062, 3771230.417090539354831 ], [ 355854.933875890157651, 3771231.02746693789959 ], [ 355854.933875890157651, 3771231.332655137404799 ], [ 355855.54425228893524, 3771231.943031535949558 ], [ 355855.54425228893524, 3771232.248219735454768 ], [ 355856.15462868771283, 3771232.858596134465188 ], [ 355856.15462868771283, 3771233.468972533009946 ], [ 355856.459816887101624, 3771233.774160732515156 ], [ 355856.459816887101624, 3771234.994913530070335 ], [ 355855.849440488324035, 3771235.605289928615093 ], [ 355855.54425228893524, 3771235.605289928615093 ], [ 355855.239064089546446, 3771235.910478128120303 ], [ 355854.628687690768857, 3771235.910478128120303 ], [ 355854.323499491380062, 3771236.215666327625513 ], [ 355853.713123092602473, 3771236.215666327625513 ], [ 355853.40793489315547, 3771236.520854527130723 ], [ 355852.187182095600292, 3771236.520854527130723 ] ] ] } },
{ "type": "Feature", "properties": { "confidence": 0.44090202450752258, "class": 1, "regularized": "rectangle" }, "geometry": { "type": "Polygon", "coordinates": [ [ [ 355963.5625, 3771303.0 ], [ 355979.4375, 3771303.0 ], [ 355979.4375, 3771310.5 ], [ 355963.5625, 3771310.5 ], [ 355963.5625, 3771303.0 ] ] ] } },
{ "type": "Feature", "properties": { "confidence": 0.43456864356994629, "class": 1, "regularized": null }, "geometry": { "type": "Polygon", "coordinates": [ [ [ 355977.924720244132914, 3771114.140386571642011 ], [ 355977.619532044744119, 3771113.835198372136801 ], [ 355977.00915564596653, 3771113.835198372136801 ], [ 355977.00915564596653, 3771113.530010173097253 ], [ 355976.703967446577735, 3771113.224821973592043 ], [ 355977.00915564596653, 3771112.919633774086833 ], [ 355977.00915564596653, 3771111.698880976531655 ], [ 355978.229908443521708, 3771110.478128178976476 ], [ 355978.840284842299297, 3771110.478128178976476 ], [ 355979.450661241076887, 3771109.867751780431718 ], [ 355979.755849440465681, 3771109.867751780431718 ], [ 355980.061037639854476, 3771109.562563580926508 ], [ 355980.061037639854476, 3771109.257375381421298 ], [ 355980.36622583924327, 3771108.952187181916088 ], [ 355980.36622583924327, 3771108.646998982876539 ], [ 355980.671414038632065, 3771108.341810783371329 ], [ 355980.671414038632065, 3771108.036622583866119 ], [ 355980.97660223802086, 3771108.036622583866119 ], [ 355981.586978636798449, 3771107.426246185321361 ], [ 355981.892166836187243, 3771107.426246185321361 ], [ 355982.197355035634246, 3771107.121057985816151 ], [ 355982.50254323502304, 3771107.121057985816151 ], [ 355982.807731434411835, 3771106.815869786310941 ], [ 355984.944048830133397, 3771106.815869786310941 ], [ 355985.859613428299781, 3771107.731434384360909 ], [ 355986.164801627688576, 3771107.731434384360909 ], [ 355986.164801627688576, 3771108.036622583866119 ], [ 355986.46998982707737, 3771108.341810783371329 ], [ 355986.46998982707737, 3771109.562563580926508 ], [ 355986.164801627688576, 3771109.562563580926508 ], [ 355985.554425228910986, 3771110.172939979471266 ], [ 355985.554425228910986, 3771111.088504577986896 ], [ 355986.164801627688576, 3771111.698880976531655 ], [ 355986.164801627688576, 3771112.309257375542074 ], [ 355986.46998982707737, 3771112.614445574581623 ], [ 355986.46998982707737, 3771113.530010173097253 ], [ 355986.164801627688576, 3771113.835198372136801 ], [ 355985.859613428299781, 3771113.835198372136801 ], [ 355985.554425228910986, 3771113.530010173097253 ], [ 355983.11291963380063, 3771113.530010173097253 ], [ 355982.807731434411835, 3771113.835198372136801 ], [ 355982.197355035634246, 3771113.835198372136801 ], [ 355981.892166836187243, 3771114.140386571642011 ], [ 355977.924720244132914, 3771114.140386571642011 ] ] ] } },
{ "type": "Feature", "properties": { "confidence": 0.43249189853668213, "class": 1, "regularized": null }, "geometry": { "type": "Polygon", "coordinates": [ [ [ 355987.385554425243754, 3771140.691759918816388 ], [ 355987.080366225854959, 3771140.386571719311178 ], [ 355986.46998982707737, 3771140.386571719311178 ], [ 355985.859613428299781, 3771139.776195320300758 ], [ 355985.249237029522192, 3771139.776195320300758 ], [ 355985.249237029522192, 3771139.471007121261209 ], [ 355984.638860630744603, 3771138.860630722250789 ], [ 355984.333672431355808, 3771138.860630722250789 ], [ 355984.333672431355808, 3771136.419125127140433 ], [ 355984.638860630744603, 3771136.419125127140433 ], [ 355984.944048830133397, 3771136.113936927635223 ], [ 355984.944048830133397, 3771133.977619532030076 ], [ 355985.249237029522192, 3771133.672431332524866 ], [ 355985.249237029522192, 3771133.367243133485317 ], [ 355985.859613428299781, 3771133.367243133485317 ], [ 355986.164801627688576, 3771133.672431332524866 ], [ 355986.46998982707737, 3771133.672431332524866 ], [ 355987.385554425243754, 3771134.587995931040496 ], [ 355987.690742624632549, 3771134.587995931040496 ], [ 355987.690742624632549, 3771134.893184130080044 ], [ 355987.995930824021343, 3771135.198372329585254 ], [ 355988.301119023410138, 3771135.198372329585254 ], [ 355988.301119023410138, 3771135.503560529090464 ], [ 355988.911495422187727, 3771136.113936927635223 ], [ 355989.521871820965316, 3771136.113936927635223 ], [ 355989.827060020354111, 3771136.419125127140433 ], [ 355990.4374364191317, 3771136.419125127140433 ], [ 355990.742624618520495, 3771136.724313326645643 ], [ 355991.353001017298084, 3771136.724313326645643 ], [ 355991.963377416075673, 3771137.334689725190401 ], [ 355992.573753814853262, 3771137.334689725190401 ], [ 355992.878942014242057, 3771137.639877924695611 ], [ 355992.878942014242057, 3771138.250254323706031 ], [ 355992.573753814853262, 3771138.555442522745579 ], [ 355992.573753814853262, 3771138.860630722250789 ], [ 355992.268565615464468, 3771138.860630722250789 ], [ 355991.963377416075673, 3771139.165818921755999 ], [ 355991.658189216686878, 3771139.165818921755999 ], [ 355991.047812817909289, 3771139.776195320300758 ], [ 355990.742624618520495, 3771139.776195320300758 ], [ 355990.4374364191317, 3771140.081383519805968 ], [ 355989.827060020354111, 3771140.081383519805968 ], [ 355989.521871820965316, 3771140.386571719311178 ], [ 355988.606307222798932, 3771140.386571719311178 ], [ 355988.301119023410138, 3771140.691759918816388 ], [ 355987.385554425243754, 3771140.691759918816388 ] ] ] } },
{ "type": "Feature", "properties": { "confidence": 0.43073189258575439, "class": 1, "regularized": null }, "geometry": { "type": "Polygon", "coordinates": [ [ [ 356304.476093591074459, 3771454.425228890962899 ], [ 356304.170905391685665, 3771454.12004069192335 ], [ 356303.86571719229687, 3771454.12004069192335 ], [ 356303.86571719229687, 3771452.899287894368172 ], [ 356303.560528992908075, 3771452.594099694862962 ], [ 356303.86571719229687, 3771452.288911495357752 ], [ 356303.86571719229687, 3771451.678535096812993 ], [ 356304.170905391685665, 3771451.373346897307783 ], [ 356304.476093591074459, 3771451.373346897307783 ], [ 356304.781281790463254, 3771451.068158697802573 ], [ 356306.917599186184816, 3771451.068158697802573 ], [ 356307.222787385573611, 3771450.762970498297364 ], [ 356307.222787385573611, 3771450.152594099752605 ], [ 356307.527975584962405, 3771450.152594099752605 ], [ 356307.527975584962405, 3771454.12004069192335 ], [ 356307.222787385573611, 3771454.12004069192335 ], [ 356306.917599186184816, 3771453.81485249241814 ], [ 356306.307222787407227, 3771453.81485249241814 ], [ 356306.002034588018432, 3771454.12004069192335 ], [ 356305.391658189240843, 3771454.12004069192335 ], [ 356305.086469989852048, 3771454.425228890962899 ], [ 356304.476093591074459, 3771454.425228890962899 ] ] ] } },
{ "type": "Feature", "properties": { "confidence": 0.426596999168396, "class": 1, "regularized": null }, "geometry": { "type": "Polygon", "coordinates": [ [ [ 356171.719226856541354, 3771102.848423194140196 ], [ 356171.41403865715256, 3771102.543234995100647 ], [ 356171.108850457763765, 3771102.543234995100647 ], [ 356170.193285859597381, 3771101.627670396585017 ], [ 356170.193285859597381, 3771101.322482197545469 ], [ 356168.972533062042203, 3771100.10172939999029 ], [ 356168.667344862653408, 3771100.10172939999029 ], [ 356168.362156663264614, 3771099.79654120048508 ], [ 356166.531027466931846, 3771099.79654120048508 ], [ 356166.225839267543051, 3771099.491353000979871 ], [ 356166.225839267543051, 3771099.186164801474661 ], [ 356165.920651068154257, 3771098.880976602435112 ], [ 356165.920651068154257, 3771098.270600203424692 ], [ 356165.615462868765462, 3771097.965412003919482 ], [ 356165.615462868765462, 3771095.218718209769577 ], [ 356165.920651068154257, 3771094.913530010264367 ], [ 356166.225839267543051, 3771094.913530010264367 ], [ 356166.531027466931846, 3771094.608341810759157 ], [ 356166.836215666320641, 3771094.608341810759157 ], [ 356167.44659206509823, 3771093.997965412214398 ], [ 356167.44659206509823, 3771093.387589013203979 ], [ 356171.719226856541354, 3771093.387589013203979 ], [ 356172.024415055930149, 3771093.082400813698769 ], [ 356173.245167853485327, 3771093.082400813698769 ], [ 356173.550356052874122, 3771093.387589013203979 ], [ 356174.465920651040506, 3771093.387589013203979 ], [ 356174.7711088504293, 3771093.692777212709188 ], [ 356174.465920651040506, 3771093.997965412214398 ], [ 356174.465920651040506, 3771096.439471007324755 ], [ 356174.7711088504293, 3771096.744659206364304 ], [ 356174.7711088504293, 3771097.660223804879934 ], [ 356175.076297049876302, 3771097.965412003919482 ], [ 356175.076297049876302, 3771099.491353000979871 ], [ 356174.465920651040506, 3771100.10172939999029 ], [ 356174.465920651040506, 3771100.406917599029839 ], [ 356174.160732451651711, 3771100.406917599029839 ], [ 356173.550356052874122, 3771101.017293998040259 ], [ 356173.550356052874122, 3771101.322482197545469 ], [ 356173.245167853485327, 3771101.322482197545469 ], [ 356172.939979654096533, 3771101.627670396585017 ], [ 356172.939979654096533, 3771101.932858596090227 ], [ 356172.634791454707738, 3771102.238046795595437 ], [ 356172.634791454707738, 3771102.543234995100647 ], [ 356172.329603255318943, 3771102.848423194140196 ], [ 356171.719226856541354, 3771102.848423194140196 ] ] ] } },
{ "type": "Feature", "properties": { "confidence": 0.42604628205299377, "class": 1, "regularized": null }, "geometry": { "type": "Polygon", "coordinates": [ [ [ 355830.213631739548873, 3771471.210579857695848 ], [ 355829.603255340771284, 3771470.600203458685428 ], [ 355828.992878941993695, 3771470.600203458685428 ], [ 355828.6876907426049, 3771470.295015259180218 ], [ 355828.6876907426049, 3771469.989827060140669 ], [ 355828.382502543216106, 3771469.684638860635459 ], [ 355828.382502543216106, 3771469.07426246162504 ], [ 355828.077314343827311, 3771468.769074262585491 ], [ 355828.077314343827311, 3771467.853509664069861 ], [ 355828.382502543216106, 3771467.548321465030313 ], [ 355828.382502543216106, 3771467.243133265525103 ], [ 355828.6876907426049, 3771466.937945066019893 ], [ 355828.6876907426049, 3771465.412004068959504 ], [ 355828.992878941993695, 3771465.106815869919956 ], [ 355828.992878941993695, 3771464.801627670414746 ], [ 355829.298067141382489, 3771464.496439470909536 ], [ 355829.298067141382489, 3771464.191251271404326 ], [ 355830.213631739548873, 3771463.275686673354357 ], [ 355830.213631739548873, 3771462.665310274809599 ], [ 355830.824008138326462, 3771462.054933875799179 ], [ 355830.824008138326462, 3771461.749745676293969 ], [ 355834.486266531050205, 3771461.749745676293969 ], [ 355834.791454730439, 3771462.054933875799179 ], [ 355835.401831129216589, 3771462.054933875799179 ], [ 355835.707019328605384, 3771462.360122075304389 ], [ 355836.012207527994178, 3771462.360122075304389 ], [ 355836.622583926771767, 3771462.970498473849148 ], [ 355836.622583926771767, 3771466.632756866514683 ], [ 355836.317395727382973, 3771466.937945066019893 ], [ 355836.317395727382973, 3771467.853509664069861 ], [ 355836.012207527994178, 3771467.853509664069861 ], [ 355835.707019328605384, 3771468.158697863575071 ], [ 355835.707019328605384, 3771468.463886063080281 ], [ 355835.401831129216589, 3771468.463886063080281 ], [ 355835.096642929827794, 3771468.769074262585491 ], [ 355834.486266531050205, 3771468.769074262585491 ], [ 355834.181078331661411, 3771469.07426246162504 ], [ 355833.875890132272616, 3771468.769074262585491 ], [ 355832.960325534106232, 3771468.769074262585491 ], [ 355832.655137334717438, 3771468.463886063080281 ], [ 355831.739572736492846, 3771468.463886063080281 ], [ 355831.434384537104052, 3771468.769074262585491 ], [ 355831.129196337715257, 3771468.769074262585491 ], [ 355830.824008138326462, 3771469.07426246162504 ], [ 355830.824008138326462, 3771469.684638860635459 ], [ 355830.518819938937668, 3771469.989827060140669 ], [ 355830.518819938937668, 3771470.905391658190638 ], [ 355830.213631739548873, 3771471.210579857695848 ] ] ] } },
{ "type": "Feature", "properties": { "confidence": 0.41617977619171143, "class": 1, "regularized": null }, "geometry": { "type": "Polygon", "coordinates": [ [ [ 356168.056968463875819, 3771222.787385554518551 ], [ 356167.751780264487024, 3771222.482197355013341 ], [ 356167.44659206509823, 3771222.482197355013341 ], [ 356167.141403865709435, 3771222.177009155508131 ], [ 356167.141403865709435, 3771221.871820956468582 ], [ 356166.531027466931846, 3771221.261444557458162 ], [ 356166.531027466931846, 3771216.378433367237449 ], [ 356166.836215666320641, 3771216.073245167732239 ], [ 356166.836215666320641, 3771215.46286876918748 ], [ 356168.056968463875819, 3771214.242115971632302 ], [ 356168.667344862653408, 3771214.242115971632302 ], [ 356168.972533062042203, 3771213.936927772127092 ], [ 356169.888097660208587, 3771213.936927772127092 ], [ 356170.193285859597381, 3771213.631739572621882 ], [ 356171.41403865715256, 3771213.631739572621882 ], [ 356172.024415055930149, 3771214.242115971632302 ], [ 356172.024415055930149, 3771216.683621566742659 ], [ 356171.719226856541354, 3771216.988809766247869 ], [ 356171.719226856541354, 3771219.125127161853015 ], [ 356171.41403865715256, 3771219.430315361358225 ], [ 356171.41403865715256, 3771221.261444557458162 ], [ 356170.80366225837497, 3771221.871820956468582 ], [ 356170.80366225837497, 3771222.177009155508131 ], [ 356170.193285859597381, 3771222.177009155508131 ], [ 356169.888097660208587, 3771222.482197355013341 ], [ 356169.277721261430997, 3771222.482197355013341 ], [ 356168.972533062042203, 3771222.787385554518551 ], [ 356168.056968463875819, 3771222.787385554518551 ] ] ] } },
{ "type": "Feature", "properties": { "confidence": 0.41141360998153687, "class": 1, "regularized": null }, "geometry": { "type": "Polygon", "coordinates": [ [ [ 356110.071210579830222, 3771031.434384536929429 ], [ 356109.766022380441427, 3771031.12919633788988 ], [ 356109.766022380441427, 3771030.51881993887946 ], [ 356110.071210579830222, 3771030.21363173937425 ], [ 356110.071210579830222, 3771029.908443540334702 ], [ 356110.376398779219016, 3771029.603255340829492 ], [ 356110.376398779219016, 3771028.992878941819072 ], [ 356110.071210579830222, 3771028.687690742779523 ], [ 356110.376398779219016, 3771028.382502543274313 ], [ 356110.376398779219016, 3771027.466937945224345 ], [ 356110.681586978607811, 3771027.161749745719135 ], [ 356110.681586978607811, 3771026.856561546213925 ], [ 356110.986775178054813, 3771026.551373346708715 ], [ 356110.986775178054813, 3771026.246185147669166 ], [ 356112.512716174998786, 3771024.720244150608778 ], [ 356112.817904374387581, 3771024.720244150608778 ], [ 356113.42828077316517, 3771024.109867751598358 ], [ 356114.038657171942759, 3771024.109867751598358 ], [ 356114.343845371331554, 3771024.415055951103568 ], [ 356114.649033570720349, 3771024.415055951103568 ], [ 356114.954221770109143, 3771024.720244150608778 ], [ 356114.954221770109143, 3771025.025432350113988 ], [ 356115.259409969497938, 3771025.330620549153537 ], [ 356115.564598168886732, 3771025.330620549153537 ], [ 356115.564598168886732, 3771026.246185147669166 ], [ 356114.954221770109143, 3771026.856561546213925 ], [ 356114.954221770109143, 3771027.161749745719135 ], [ 356112.207527975609992, 3771029.908443540334702 ], [ 356112.207527975609992, 3771030.21363173937425 ], [ 356111.597151576832402, 3771030.82400813838467 ], [ 356111.291963377443608, 3771030.82400813838467 ], [ 356110.681586978607811, 3771031.434384536929429 ], [ 356110.071210579830222, 3771031.434384536929429 ] ] ] } },
{ "type": "Feature", "properties": { "confidence": 0.40857061743736267, "class": 1, "regularized": null }, "geometry": { "type": "Polygon", "coordinates": [ [ [ 355946.490335707028862, 3771111.698880976531655 ], [ 355946.185147507640067, 3771111.393692777026445 ], [ 355944.659206510696094, 3771111.393692777026445 ], [ 355944.3540183113073, 3771111.088504577986896 ], [ 355943.133265513752121, 3771111.088504577986896 ], [ 355942.828077314363327, 3771110.783316378481686 ], [ 355940.996948118030559, 3771110.783316378481686 ], [ 355940.691759918641765, 3771110.478128178976476 ], [ 355939.471007121086586, 3771110.478128178976476 ], [ 355939.165818921639584, 3771110.172939979471266 ], [ 355939.165818921639584, 3771109.867751780431718 ], [ 355939.471007121086586, 3771109.562563580926508 ], [ 355939.471007121086586, 3771107.121057985816151 ], [ 355939.165818921639584, 3771106.815869786310941 ], [ 355938.2502543234732, 3771106.815869786310941 ], [ 355937.945066124084406, 3771106.510681586805731 ], [ 355937.945066124084406, 3771104.374364191200584 ], [ 355938.2502543234732, 3771104.069175991695374 ], [ 355938.2502543234732, 3771102.543234995100647 ], [ 355938.555442522861995, 3771102.238046795595437 ], [ 355938.555442522861995, 3771101.932858596090227 ], [ 355941.302136317419354, 3771101.932858596090227 ], [ 355941.607324516808148, 3771102.238046795595437 ], [ 355942.522889114974532, 3771102.238046795595437 ], [ 355942.828077314363327, 3771102.543234995100647 ], [ 355943.438453713140916, 3771102.543234995100647 ], [ 355944.048830111918505, 3771103.153611393645406 ], [ 355944.3540183113073, 3771103.153611393645406 ], [ 355944.659206510696094, 3771103.458799593150616 ], [ 355945.574771108862478, 3771103.458799593150616 ], [ 355945.879959308251273, 3771103.763987792655826 ], [ 355946.795523906417657, 3771103.763987792655826 ], [ 355947.100712105806451, 3771104.069175991695374 ], [ 355948.626653102750424, 3771104.069175991695374 ], [ 355948.931841302139219, 3771104.374364191200584 ], [ 355950.152594099694397, 3771104.374364191200584 ], [ 355950.762970498471987, 3771104.984740590211004 ], [ 355950.457782299083192, 3771105.289928789250553 ], [ 355950.457782299083192, 3771106.510681586805731 ], [ 355950.152594099694397, 3771106.815869786310941 ], [ 355950.152594099694397, 3771109.257375381421298 ], [ 355949.847405900305603, 3771109.562563580926508 ], [ 355949.847405900305603, 3771110.172939979471266 ], [ 355949.542217700916808, 3771110.478128178976476 ], [ 355949.542217700916808, 3771111.393692777026445 ], [ 355949.237029501528013, 3771111.698880976531655 ], [ 355946.490335707028862, 3771111.698880976531655 ] ] ] } },
{ "type": "Feature", "properties": { "confidence": 0.40159979462623596, "class": 1, "regularized": null }, "geometry": { "type": "Polygon", "coordinates": [ [ [ 355841.810783316381276, 3771234.079348932020366 ], [ 355841.505595116992481, 3771233.774160732515156 ], [ 355841.200406917603686, 3771233.774160732515156 ], [ 355841.200406917603686, 3771233.163784333504736 ], [ 355840.895218718214892, 3771232.858596134465188 ], [ 355840.895218718214892, 3771231.02746693789959 ], [ 355841.200406917603686, 3771230.72227873839438 ], [ 355841.505595116992481, 3771230.72227873839438 ], [ 355842.11597151577007, 3771230.111902339849621 ], [ 355842.421159715158865, 3771230.111902339849621 ], [ 355842.726347914547659, 3771229.806714140344411 ], [ 355846.0834181078244, 3771229.806714140344411 ], [ 355846.388606307213195, 3771230.111902339849621 ], [ 355847.304170905379578, 3771230.111902339849621 ], [ 355847.609359104768373, 3771230.417090539354831 ], [ 355847.609359104768373, 3771231.02746693789959 ], [ 355847.304170905379578, 3771231.02746693789959 ], [ 355846.693794506601989, 3771231.637843336910009 ], [ 355846.388606307213195, 3771231.637843336910009 ], [ 355845.778229908435605, 3771232.248219735454768 ], [ 355845.473041709046811, 3771232.248219735454768 ], [ 355845.167853509658016, 3771232.553407934959978 ], [ 355844.862665310269222, 3771232.553407934959978 ], [ 355844.252288911491632, 3771233.163784333504736 ], [ 355843.947100712102838, 3771233.163784333504736 ], [ 355843.336724313325249, 3771233.774160732515156 ], [ 355843.031536113936454, 3771233.774160732515156 ], [ 355842.726347914547659, 3771234.079348932020366 ], [ 355841.810783316381276, 3771234.079348932020366 ] ] ] } },
{ "type": "Feature", "properties": { "confidence": 0.38313090801239014, "class": 1, "regularized": null }, "geometry": { "type": "Polygon", "coordinates": [ [ [ 355965.412004069192335, 3771470.600203458685428 ], [ 355965.10681586980354, 3771470.295015259180218 ], [ 355965.10681586980354, 3771469.684638860635459 ], [ 355964.801627670414746, 3771469.37945066113025 ], [ 355965.10681586980354, 3771469.07426246162504 ], [ 355965.10681586980354, 3771468.769074262585491 ], [ 355965.412004069192335, 3771468.463886063080281 ], [ 355965.71719226858113, 3771468.463886063080281 ], [ 355966.022380467969924, 3771468.158697863575071 ], [ 355969.07426246185787, 3771468.158697863575071 ], [ 355969.379450661246665, 3771468.463886063080281 ], [ 355969.379450661246665, 3771469.684638860635459 ], [ 355968.769074262469076, 3771470.295015259180218 ], [ 355968.158697863691486, 3771470.295015259180218 ], [ 355967.853509664302692, 3771470.600203458685428 ], [ 355965.412004069192335, 3771470.600203458685428 ] ] ] } },
{ "type": "Feature", "properties": { "confidence": 0.37986680865287781, "class": 1, "regularized": null }, "geometry": { "type": "Polygon", "coordinates": [ [ [ 356017.904374364181422, 3771114.140386571642011 ], [ 356017.599186164792627, 3771113.835198372136801 ], [ 356017.293997965403832, 3771113.835198372136801 ], [ 356016.378433367237449, 3771112.919633774086833 ], [ 356016.378433367237449, 3771112.614445574581623 ], [ 356015.768056968459859, 3771112.004069176036865 ], [ 356015.768056968459859, 3771111.698880976531655 ], [ 356015.462868769071065, 3771111.393692777026445 ], [ 356015.462868769071065, 3771111.088504577986896 ], [ 356015.15768056968227, 3771110.783316378481686 ], [ 356015.15768056968227, 3771110.478128178976476 ], [ 356014.852492370293476, 3771110.172939979471266 ], [ 356014.852492370293476, 3771109.562563580926508 ], [ 356014.547304170904681, 3771109.257375381421298 ], [ 356014.547304170904681, 3771108.952187181916088 ], [ 356014.852492370293476, 3771108.646998982876539 ], [ 356014.852492370293476, 3771108.036622583866119 ], [ 356016.378433367237449, 3771108.036622583866119 ], [ 356016.683621566626243, 3771107.731434384360909 ], [ 356018.819938962347806, 3771107.731434384360909 ], [ 356019.1251271617366, 3771108.036622583866119 ], [ 356022.482197355013341, 3771108.036622583866119 ], [ 356022.787385554402135, 3771108.341810783371329 ], [ 356023.397761953179725, 3771108.341810783371329 ], [ 356023.702950152568519, 3771108.646998982876539 ], [ 356023.702950152568519, 3771108.952187181916088 ], [ 356024.008138351957314, 3771109.257375381421298 ], [ 356023.702950152568519, 3771109.562563580926508 ], [ 356023.702950152568519, 3771109.867751780431718 ], [ 356023.397761953179725, 3771110.172939979471266 ], [ 356023.397761953179725, 3771110.478128178976476 ], [ 356023.09257375379093, 3771110.478128178976476 ], [ 356022.482197355013341, 3771111.088504577986896 ], [ 356022.177009155624546, 3771111.088504577986896 ], [ 356021.566632756846957, 3771111.698880976531655 ], [ 356021.566632756846957, 3771112.004069176036865 ], [ 356019.430315361125395, 3771114.140386571642011 ], [ 356017.904374364181422, 3771114.140386571642011 ] ] ] } },
{ "type": "Feature", "properties": { "confidence": 0.37240982055664062, "class": 1, "regularized": null }, "geometry": { "type": "Polygon", "coordinates": [ [ [ 356077.721261444559786, 3771382.400813835207373 ], [ 356077.721261444559786, 3771381.790437436196953 ], [ 356077.416073245170992, 3771381.485249237157404 ], [ 356077.721261444559786, 3771381.180061037652194 ], [ 356077.721261444559786, 3771378.738555442541838 ], [ 356077.416073245170992, 3771378.433367243036628 ], [ 356077.416073245170992, 3771377.517802644986659 ], [ 356077.110885045782197, 3771377.212614445481449 ], [ 356077.110885045782197, 3771376.907426245976239 ], [ 356077.721261444559786, 3771376.297049847431481 ], [ 356078.331637843337376, 3771376.297049847431481 ], [ 356078.942014242114965, 3771375.686673448421061 ], [ 356079.552390640892554, 3771375.686673448421061 ], [ 356080.162767039670143, 3771375.076297049876302 ], [ 356080.467955239058938, 3771375.076297049876302 ], [ 356080.773143438447732, 3771374.771108850371093 ], [ 356081.078331637836527, 3771374.771108850371093 ], [ 356081.688708036614116, 3771374.160732451826334 ], [ 356082.299084435391705, 3771374.160732451826334 ], [ 356082.6042726347805, 3771373.855544252321124 ], [ 356084.740590030502062, 3771373.855544252321124 ], [ 356085.045778229890857, 3771374.160732451826334 ], [ 356085.045778229890857, 3771375.076297049876302 ], [ 356085.350966429279651, 3771375.381485249381512 ], [ 356085.350966429279651, 3771379.348931841086596 ], [ 356083.825025432335678, 3771379.348931841086596 ], [ 356083.519837232946884, 3771379.654120040591806 ], [ 356083.214649033558089, 3771379.654120040591806 ], [ 356082.909460834169295, 3771379.959308240097016 ], [ 356082.909460834169295, 3771380.264496439602226 ], [ 356082.6042726347805, 3771380.569684638641775 ], [ 356082.6042726347805, 3771381.180061037652194 ], [ 356081.688708036614116, 3771382.095625635702163 ], [ 356080.467955239058938, 3771382.095625635702163 ], [ 356080.162767039670143, 3771382.400813835207373 ], [ 356077.721261444559786, 3771382.400813835207373 ] ] ] } },
{ "type": "Feature", "properties": { "confidence": 0.37042281031608582, "class": 1, "regularized": null }, "geometry": { "type": "Polygon", "coordinates": [ [ [ 356214.750762970477808, 3771098.575788402929902 ], [ 356214.445574771089014, 3771098.270600203424692 ], [ 356214.445574771089014, 3771097.965412003919482 ], [ 356214.140386571700219, 3771097.660223804879934 ], [ 356214.140386571700219, 3771097.049847405869514 ], [ 356213.835198372311424, 3771096.744659206364304 ], [ 356213.835198372311424, 3771091.251271617598832 ], [ 356214.140386571700219, 3771090.946083418093622 ], [ 356214.140386571700219, 3771090.335707019548863 ], [ 356214.445574771089014, 3771090.030518820043653 ], [ 356214.445574771089014, 3771089.420142421033233 ], [ 356214.750762970477808, 3771089.114954221993685 ], [ 356214.750762970477808, 3771088.504577822983265 ], [ 356215.055951169866603, 3771088.199389623478055 ], [ 356215.055951169866603, 3771087.589013224933296 ], [ 356215.361139369255397, 3771087.589013224933296 ], [ 356215.666327568644192, 3771087.283825025428087 ], [ 356215.666327568644192, 3771086.978636825922877 ], [ 356215.971515768032987, 3771086.978636825922877 ], [ 356216.276703967421781, 3771086.673448626883328 ], [ 356216.581892166810576, 3771086.673448626883328 ], [ 356216.88708036619937, 3771086.368260427378118 ], [ 356217.192268565588165, 3771086.368260427378118 ], [ 356217.49745676497696, 3771086.063072227872908 ], [ 356218.718209562590346, 3771086.063072227872908 ], [ 356218.718209562590346, 3771086.673448626883328 ], [ 356219.02339776197914, 3771086.978636825922877 ], [ 356219.02339776197914, 3771087.589013224933296 ], [ 356219.328585961367935, 3771087.894201424438506 ], [ 356219.328585961367935, 3771088.504577822983265 ], [ 356219.63377416075673, 3771088.809766022488475 ], [ 356219.63377416075673, 3771092.47202441515401 ], [ 356219.938962360145524, 3771092.77721261465922 ], [ 356219.938962360145524, 3771093.082400813698769 ], [ 356220.854526958311908, 3771093.997965412214398 ], [ 356220.854526958311908, 3771096.134282807819545 ], [ 356220.549338758923113, 3771096.439471007324755 ], [ 356220.549338758923113, 3771097.049847405869514 ], [ 356220.244150559534319, 3771097.355035605374724 ], [ 356219.02339776197914, 3771097.355035605374724 ], [ 356218.718209562590346, 3771097.660223804879934 ], [ 356218.107833163812757, 3771097.660223804879934 ], [ 356217.802644964365754, 3771097.965412003919482 ], [ 356217.49745676497696, 3771097.965412003919482 ], [ 356217.192268565588165, 3771098.270600203424692 ], [ 356216.581892166810576, 3771098.270600203424692 ], [ 356216.276703967421781, 3771098.575788402929902 ], [ 356214.750762970477808, 3771098.575788402929902 ] ] ] } },
{ "type": "Feature", "properties": { "confidence": 0.36635562777519226, "class": 1, "regularized": null }, "geometry": { "type": "Polygon", "coordinates": [ [ [ 356358.799593082396314, 3771097.049847405869514 ], [ 356358.189216683618724, 3771096.439471007324755 ], [ 356358.189216683618724, 3771095.523906408809125 ], [ 356357.578840284841135, 3771094.913530010264367 ], [ 356357.578840284841135, 3771094.608341810759157 ], [ 356356.968463886063546, 3771093.997965412214398 ], [ 356356.968463886063546, 3771093.387589013203979 ], [ 356356.663275686674751, 3771093.082400813698769 ], [ 356356.663275686674751, 3771092.47202441515401 ], [ 356363.682604272617027, 3771092.47202441515401 ], [ 356363.682604272617027, 3771093.082400813698769 ], [ 356363.377416073228233, 3771093.387589013203979 ], [ 356363.377416073228233, 3771094.913530010264367 ], [ 356362.767039674450643, 3771095.523906408809125 ], [ 356362.461851475061849, 3771095.523906408809125 ], [ 356361.24109867750667, 3771096.744659206364304 ], [ 356360.935910478117876, 3771096.744659206364304 ], [ 356360.630722278729081, 3771097.049847405869514 ], [ 356358.799593082396314, 3771097.049847405869514 ] ] ] } },
{ "type": "Feature", "properties": { "confidence": 0.35939431190490723, "class": 1, "regularized": null }, "geometry": { "type": "Polygon", "coordinates": [ [ [ 356004.170905391685665, 3771231.943031535949558 ], [ 356004.170905391685665, 3771229.806714140344411 ], [ 356004.476093591074459, 3771229.501525940839201 ], [ 356004.476093591074459, 3771228.891149542294443 ], [ 356004.781281790463254, 3771228.585961342789233 ], [ 356004.781281790463254, 3771228.280773143284023 ], [ 356005.391658189240843, 3771227.670396744739264 ], [ 356005.391658189240843, 3771227.365208545234054 ], [ 356005.696846388629638, 3771227.060020345728844 ], [ 356005.696846388629638, 3771226.754832146689296 ], [ 356006.002034588018432, 3771226.449643947184086 ], [ 356006.002034588018432, 3771226.144455747678876 ], [ 356006.307222787407227, 3771225.839267548173666 ], [ 356006.307222787407227, 3771225.534079349134117 ], [ 356006.612410986796021, 3771225.228891149628907 ], [ 356006.612410986796021, 3771224.923702950123698 ], [ 356006.917599186184816, 3771224.923702950123698 ], [ 356007.222787385573611, 3771224.618514750618488 ], [ 356007.527975584962405, 3771224.618514750618488 ], [ 356007.8331637843512, 3771224.313326551578939 ], [ 356008.443540183128789, 3771224.313326551578939 ], [ 356008.748728382517584, 3771224.008138352073729 ], [ 356009.359104781295173, 3771224.008138352073729 ], [ 356009.969481180072762, 3771224.618514750618488 ], [ 356009.969481180072762, 3771224.923702950123698 ], [ 356010.885045778239146, 3771225.839267548173666 ], [ 356011.19023397762794, 3771225.839267548173666 ], [ 356011.19023397762794, 3771226.144455747678876 ], [ 356011.80061037640553, 3771226.754832146689296 ], [ 356010.885045778239146, 3771227.670396744739264 ], [ 356010.885045778239146, 3771227.975584944244474 ], [ 356010.274669379461557, 3771228.585961342789233 ], [ 356010.274669379461557, 3771228.891149542294443 ], [ 356009.664292980683967, 3771229.501525940839201 ], [ 356009.664292980683967, 3771229.806714140344411 ], [ 356008.748728382517584, 3771230.72227873839438 ], [ 356008.138351983739994, 3771230.72227873839438 ], [ 356007.8331637843512, 3771231.02746693789959 ], [ 356007.527975584962405, 3771231.02746693789959 ], [ 356006.917599186184816, 3771231.637843336910009 ], [ 356006.307222787407227, 3771231.637843336910009 ], [ 356006.002034588018432, 3771231.943031535949558 ], [ 356004.170905391685665, 3771231.943031535949558 ] ] ] } },
{ "type": "Feature", "properties": { "confidence": 0.3590681254863739, "class": 1, "regularized": null }, "geometry": { "type": "Polygon", "coordinates": [ [ [ 355812.512716174998786, 3771259.104781281668693 ], [ 355810.681586978607811, 3771257.273652085568756 ], [ 355810.376398779219016, 3771257.273652085568756 ], [ 355809.460834181052633, 3771256.358087487053126 ], [ 355809.155645981663838, 3771256.358087487053126 ], [ 355808.545269582886249, 3771255.747711088508368 ], [ 355808.545269582886249, 3771255.442522889003158 ], [ 355808.240081383497454, 3771255.137334689497948 ], [ 355808.545269582886249, 3771254.832146490458399 ], [ 355808.545269582886249, 3771254.526958290953189 ], [ 355808.850457782275043, 3771254.221770091447979 ], [ 355808.850457782275043, 3771253.916581891942769 ], [ 355809.155645981663838, 3771253.611393692903221 ], [ 355809.155645981663838, 3771253.306205493398011 ], [ 355810.681586978607811, 3771251.780264496337622 ], [ 355810.681586978607811, 3771251.475076296832412 ], [ 355811.597151576832402, 3771250.559511698782444 ], [ 355811.597151576832402, 3771250.254323499277234 ], [ 355811.902339776221197, 3771249.949135300237685 ], [ 355812.512716174998786, 3771249.949135300237685 ], [ 355812.817904374387581, 3771249.643947100732476 ], [ 355813.42828077316517, 3771249.643947100732476 ], [ 355813.733468972553965, 3771249.338758901227266 ], [ 355814.038657171942759, 3771249.338758901227266 ], [ 355814.649033570720349, 3771248.728382502682507 ], [ 355817.3957273652195, 3771248.728382502682507 ], [ 355817.3957273652195, 3771249.643947100732476 ], [ 355817.700915564608295, 3771249.949135300237685 ], [ 355817.700915564608295, 3771250.559511698782444 ], [ 355817.3957273652195, 3771250.864699898287654 ], [ 355817.3957273652195, 3771251.780264496337622 ], [ 355817.090539165830705, 3771252.085452695842832 ], [ 355817.090539165830705, 3771252.695829094387591 ], [ 355816.785350966441911, 3771253.001017293892801 ], [ 355816.785350966441911, 3771253.611393692903221 ], [ 355816.480162767053116, 3771253.916581891942769 ], [ 355816.480162767053116, 3771254.526958290953189 ], [ 355816.174974567664322, 3771254.832146490458399 ], [ 355816.174974567664322, 3771255.442522889003158 ], [ 355815.869786368275527, 3771255.747711088508368 ], [ 355815.869786368275527, 3771256.663275686558336 ], [ 355815.259409969497938, 3771257.273652085568756 ], [ 355815.259409969497938, 3771257.884028484113514 ], [ 355814.954221770109143, 3771257.884028484113514 ], [ 355814.343845371331554, 3771258.494404883123934 ], [ 355814.343845371331554, 3771258.799593082629144 ], [ 355813.733468972553965, 3771258.799593082629144 ], [ 355813.42828077316517, 3771259.104781281668693 ], [ 355812.512716174998786, 3771259.104781281668693 ] ] ] } },
{ "type": "Feature", "properties": { "confidence": 0.35031503438949585, "class": 1, "regularized": null }, "geometry": { "type": "Polygon", "coordinates": [ [ [ 356298.37232960324036, 3771145.269582909531891 ], [ 356298.067141403851565, 3771144.964394710026681 ], [ 356298.067141403851565, 3771144.659206510521472 ], [ 356297.76195320446277, 3771144.354018311481923 ], [ 356297.76195320446277, 3771142.828077314421535 ], [ 356298.067141403851565, 3771142.828077314421535 ], [ 356298.37232960324036, 3771142.522889114916325 ], [ 356299.593082400795538, 3771142.522889114916325 ], [ 356299.898270600184333, 3771142.217700915411115 ], [ 356302.339776195294689, 3771142.217700915411115 ], [ 356302.644964394683484, 3771141.912512716371566 ], [ 356307.8331637843512, 3771141.912512716371566 ], [ 356308.138351983739994, 3771142.217700915411115 ], [ 356308.138351983739994, 3771142.522889114916325 ], [ 356308.443540183128789, 3771142.828077314421535 ], [ 356308.443540183128789, 3771143.743641912471503 ], [ 356308.138351983739994, 3771144.048830111976713 ], [ 356307.8331637843512, 3771144.048830111976713 ], [ 356307.527975584962405, 3771144.354018311481923 ], [ 356306.612410986796021, 3771144.354018311481923 ], [ 356306.307222787407227, 3771144.659206510521472 ], [ 356303.86571719229687, 3771144.659206510521472 ], [ 356303.560528992908075, 3771144.964394710026681 ], [ 356300.813835198350716, 3771144.964394710026681 ], [ 356300.508646998961922, 3771145.269582909531891 ], [ 356298.37232960324036, 3771145.269582909531891 ] ] ] } },
{ "type": "Feature", "properties": { "confidence": 0.34355860948562622, "class": 1, "regularized": null }, "geometry": { "type": "Polygon", "coordinates": [ [ [ 356271.210579857579432, 3771471.515768057201058 ], [ 356270.905391658190638, 3771471.210579857695848 ], [ 356270.600203458801843, 3771471.210579857695848 ], [ 356269.989827060024254, 3771470.600203458685428 ], [ 356269.684638860635459, 3771470.600203458685428 ], [ 356269.684638860635459, 3771470.295015259180218 ], [ 356269.379450661246665, 3771469.989827060140669 ], [ 356269.379450661246665, 3771469.07426246162504 ], [ 356269.684638860635459, 3771468.769074262585491 ], [ 356269.684638860635459, 3771467.853509664069861 ], [ 356269.989827060024254, 3771467.548321465030313 ], [ 356269.989827060024254, 3771466.632756866514683 ], [ 356270.295015259413049, 3771466.327568667475134 ], [ 356270.295015259413049, 3771466.022380467969924 ], [ 356270.905391658190638, 3771465.412004068959504 ], [ 356270.905391658190638, 3771465.106815869919956 ], [ 356271.210579857579432, 3771465.106815869919956 ], [ 356271.515768056968227, 3771464.801627670414746 ], [ 356272.431332655134611, 3771464.801627670414746 ], [ 356272.736520854523405, 3771464.496439470909536 ], [ 356273.0417090539122, 3771464.496439470909536 ], [ 356273.346897253300995, 3771464.801627670414746 ], [ 356273.346897253300995, 3771465.106815869919956 ], [ 356273.652085452689789, 3771465.412004068959504 ], [ 356273.652085452689789, 3771466.327568667475134 ], [ 356273.957273652078584, 3771466.632756866514683 ], [ 356273.957273652078584, 3771467.548321465030313 ], [ 356274.262461851467378, 3771467.853509664069861 ], [ 356274.262461851467378, 3771470.905391658190638 ], [ 356273.652085452689789, 3771471.515768057201058 ], [ 356271.210579857579432, 3771471.515768057201058 ] ] ] } },
{ "type": "Feature", "properties": { "confidence": 0.33035355806350708, "class": 1, "regularized": null }, "geometry": { "type": "Polygon", "coordinates": [ [ [ 356372.838250254339073, 3771578.636826042551547 ], [ 356372.533062054950278, 3771578.331637843511999 ], [ 356370.701932858617511, 3771578.331637843511999 ], [ 356370.396744659228716, 3771578.026449644006789 ], [ 356370.091556459839921, 3771578.026449644006789 ], [ 356370.091556459839921, 3771577.721261444501579 ], [ 356369.481180061062332, 3771577.11088504595682 ], [ 356369.481180061062332, 3771576.80569684645161 ], [ 356368.870803662284743, 3771576.19532044744119 ], [ 356368.870803662284743, 3771575.890132248401642 ], [ 356368.565615462895948, 3771575.584944048896432 ], [ 356368.565615462895948, 3771575.279755849391222 ], [ 356368.260427263507154, 3771574.974567649886012 ], [ 356368.260427263507154, 3771574.364191251341254 ], [ 356367.955239064118359, 3771574.059003051836044 ], [ 356368.565615462895948, 3771573.448626653291285 ], [ 356368.870803662284743, 3771573.448626653291285 ], [ 356369.175991861673538, 3771573.143438453786075 ], [ 356370.091556459839921, 3771573.143438453786075 ], [ 356370.396744659228716, 3771573.448626653291285 ], [ 356371.617497456783894, 3771573.448626653291285 ], [ 356371.922685656172689, 3771573.143438453786075 ], [ 356372.227873855561484, 3771573.143438453786075 ], [ 356372.838250254339073, 3771572.533062054775655 ], [ 356372.838250254339073, 3771572.227873855736107 ], [ 356373.143438453727867, 3771572.227873855736107 ], [ 356373.753814852505457, 3771571.617497456725687 ], [ 356376.805696846393403, 3771571.617497456725687 ], [ 356377.110885045782197, 3771571.922685656230897 ], [ 356376.805696846393403, 3771572.227873855736107 ], [ 356376.805696846393403, 3771572.838250254280865 ], [ 356376.500508647004608, 3771573.143438453786075 ], [ 356376.500508647004608, 3771573.448626653291285 ], [ 356375.890132248227019, 3771574.059003051836044 ], [ 356375.890132248227019, 3771574.364191251341254 ], [ 356375.27975584944943, 3771574.974567649886012 ], [ 356375.27975584944943, 3771575.279755849391222 ], [ 356374.974567650060635, 3771575.584944048896432 ], [ 356374.974567650060635, 3771577.11088504595682 ], [ 356374.66937945067184, 3771577.416073244996369 ], [ 356374.66937945067184, 3771578.026449644006789 ], [ 356374.059003051894251, 3771578.636826042551547 ], [ 356372.838250254339073, 3771578.636826042551547 ] ] ] } },
{ "type": "Feature", "properties": { "confidence": 0.32496529817581177, "class": 1, "regularized": null }, "geometry": { "type": "Polygon", "coordinates": [ [ [ 356032.55340793490177, 3771292.06510681565851 ], [ 356032.248219735512976, 3771291.759918616618961 ], [ 356031.943031536124181, 3771291.759918616618961 ], [ 356031.637843336735386, 3771291.454730417113751 ], [ 356031.637843336735386, 3771291.149542217608541 ], [ 356031.332655137346592, 3771290.844354018103331 ], [ 356031.332655137346592, 3771288.097660223953426 ], [ 356031.943031536124181, 3771287.487283824943006 ], [ 356031.943031536124181, 3771287.182095625437796 ], [ 356032.248219735512976, 3771287.182095625437796 ], [ 356032.55340793490177, 3771286.876907426398247 ], [ 356032.858596134290565, 3771286.876907426398247 ], [ 356033.163784333679359, 3771286.571719226893038 ], [ 356033.163784333679359, 3771286.266531027387828 ], [ 356033.468972533068154, 3771286.266531027387828 ], [ 356033.774160732456949, 3771285.961342827882618 ], [ 356033.774160732456949, 3771285.656154628843069 ], [ 356034.994913530012127, 3771284.435401831287891 ], [ 356035.300101729400922, 3771284.435401831287891 ], [ 356035.605289928789716, 3771284.130213631782681 ], [ 356036.5208545269561, 3771284.130213631782681 ], [ 356036.826042726344895, 3771284.435401831287891 ], [ 356036.826042726344895, 3771284.740590030327439 ], [ 356037.131230925733689, 3771285.045778229832649 ], [ 356037.131230925733689, 3771286.571719226893038 ], [ 356037.436419125122484, 3771286.876907426398247 ], [ 356037.436419125122484, 3771287.182095625437796 ], [ 356037.741607324511278, 3771287.487283824943006 ], [ 356037.741607324511278, 3771289.318413021508604 ], [ 356037.436419125122484, 3771289.623601220548153 ], [ 356037.436419125122484, 3771289.928789420053363 ], [ 356037.131230925733689, 3771290.233977619558573 ], [ 356037.131230925733689, 3771291.454730417113751 ], [ 356036.826042726344895, 3771291.454730417113751 ], [ 356036.5208545269561, 3771291.759918616618961 ], [ 356036.215666327567305, 3771291.759918616618961 ], [ 356035.910478128178511, 3771292.06510681565851 ], [ 356032.55340793490177, 3771292.06510681565851 ] ] ] } },
{ "type": "Feature", "properties": { "confidence": 0.32247492671012878, "class": 1, "regularized": null }, "geometry": { "type": "Polygon", "coordinates": [ [ [ 355953.204476093582343, 3771378.128179043531418 ], [ 355952.899287894193549, 3771377.822990844491869 ], [ 355952.594099694804754, 3771377.822990844491869 ], [ 355952.28891149541596, 3771377.517802644986659 ], [ 355952.28891149541596, 3771377.212614445481449 ], [ 355951.983723296027165, 3771376.907426245976239 ], [ 355951.983723296027165, 3771376.297049847431481 ], [ 355951.67853509663837, 3771375.991861647926271 ], [ 355951.67853509663837, 3771372.634791454765946 ], [ 355951.983723296027165, 3771372.329603255260736 ], [ 355951.983723296027165, 3771372.024415055755526 ], [ 355952.28891149541596, 3771371.719226856715977 ], [ 355953.204476093582343, 3771371.719226856715977 ], [ 355953.509664292971138, 3771371.414038657210767 ], [ 355953.814852492359933, 3771371.414038657210767 ], [ 355954.120040691748727, 3771371.108850457705557 ], [ 355955.035605289915111, 3771371.108850457705557 ], [ 355955.340793489303906, 3771370.803662258200347 ], [ 355955.951169888081495, 3771370.803662258200347 ], [ 355955.951169888081495, 3771374.771108850371093 ], [ 355955.340793489303906, 3771374.771108850371093 ], [ 355954.730417090526316, 3771375.381485249381512 ], [ 355954.730417090526316, 3771376.602238046936691 ], [ 355954.120040691748727, 3771377.212614445481449 ], [ 355954.120040691748727, 3771377.517802644986659 ], [ 355953.814852492359933, 3771377.822990844491869 ], [ 355953.814852492359933, 3771378.128179043531418 ], [ 355953.204476093582343, 3771378.128179043531418 ] ] ] } },
{ "type": "Feature", "properties": { "confidence": 0.31772139668464661, "class": 1, "regularized": null }, "geometry": { "type": "Polygon", "coordinates": [ [ [ 356190.335707019316033, 3771166.327568667475134 ], [ 356189.420142421149649, 3771165.412004068959504 ], [ 356189.114954221760854, 3771165.412004068959504 ], [ 356189.114954221760854, 3771165.106815869919956 ], [ 356188.19938962359447, 3771164.191251271404326 ], [ 356188.19938962359447, 3771163.886063072364777 ], [ 356187.589013224816881, 3771163.275686673354357 ], [ 356187.589013224816881, 3771162.970498473849148 ], [ 356186.673448626650497, 3771162.054933875799179 ], [ 356186.673448626650497, 3771161.139369277749211 ], [ 356186.978636826039292, 3771160.834181078244001 ], [ 356186.978636826039292, 3771160.223804679699242 ], [ 356187.283825025428087, 3771160.223804679699242 ], [ 356188.19938962359447, 3771159.308240081183612 ], [ 356188.504577822983265, 3771159.308240081183612 ], [ 356188.80976602237206, 3771159.003051882144064 ], [ 356189.114954221760854, 3771159.003051882144064 ], [ 356189.420142421149649, 3771158.697863682638854 ], [ 356190.335707019316033, 3771158.697863682638854 ], [ 356190.335707019316033, 3771166.327568667475134 ] ] ] } },
{ "type": "Feature", "properties": { "confidence": 0.3112243115901947, "class": 1, "regularized": null }, "geometry": { "type": "Polygon", "coordinates": [ [ [ 356245.574771108862478, 3771588.097660223953426 ], [ 356245.574771108862478, 3771585.350966429337859 ], [ 356246.185147507640067, 3771584.740590030327439 ], [ 356246.490335707028862, 3771584.740590030327439 ], [ 356247.100712105806451, 3771584.130213631782681 ], [ 356247.405900305195246, 3771584.130213631782681 ], [ 356247.71108850458404, 3771583.825025432277471 ], [ 356248.016276703972835, 3771583.825025432277471 ], [ 356248.32146490336163, 3771583.519837232772261 ], [ 356249.847405900305603, 3771583.519837232772261 ], [ 356250.152594099694397, 3771583.825025432277471 ], [ 356250.457782299083192, 3771583.825025432277471 ], [ 356250.457782299083192, 3771584.435401831287891 ], [ 356250.152594099694397, 3771584.740590030327439 ], [ 356250.152594099694397, 3771585.045778229832649 ], [ 356249.542217700916808, 3771585.656154628843069 ], [ 356249.542217700916808, 3771585.961342827882618 ], [ 356249.237029501528013, 3771586.266531027387828 ], [ 356249.237029501528013, 3771586.571719226893038 ], [ 356248.931841302139219, 3771586.876907426398247 ], [ 356248.931841302139219, 3771587.182095625437796 ], [ 356248.626653102750424, 3771587.487283824943006 ], [ 356248.016276703972835, 3771587.487283824943006 ], [ 356247.71108850458404, 3771587.792472024448216 ], [ 356247.100712105806451, 3771587.792472024448216 ], [ 356246.795523906417657, 3771588.097660223953426 ], [ 356245.574771108862478, 3771588.097660223953426 ] ] ] } },
{ "type": "Feature", "properties": { "confidence": 0.3081241250038147, "class": 1, "regularized": null }, "geometry": { "type": "Polygon", "coordinates": [ [ [ 355932.451678535086103, 3771520.345879959408194 ], [ 355931.841302136308514, 3771519.735503560397774 ], [ 355931.841302136308514, 3771519.125127161853015 ], [ 355932.146490335697308, 3771518.819938962347806 ], [ 355932.146490335697308, 3771516.683621566742659 ], [ 355932.451678535086103, 3771516.378433367237449 ], [ 355932.451678535086103, 3771516.073245167732239 ], [ 355933.062054933863692, 3771515.46286876918748 ], [ 355933.367243133252487, 3771515.46286876918748 ], [ 355933.672431332641281, 3771515.15768056968227 ], [ 355933.977619532030076, 3771515.15768056968227 ], [ 355934.587995930807665, 3771514.547304171137512 ], [ 355934.587995930807665, 3771513.631739572621882 ], [ 355934.89318413019646, 3771513.631739572621882 ], [ 355935.198372329585254, 3771513.326551373116672 ], [ 355936.419125127140433, 3771513.326551373116672 ], [ 355937.029501525918022, 3771513.936927772127092 ], [ 355937.334689725306816, 3771513.936927772127092 ], [ 355937.639877924695611, 3771514.242115971632302 ], [ 355938.860630722250789, 3771514.242115971632302 ], [ 355939.165818921639584, 3771514.547304171137512 ], [ 355941.302136317419354, 3771514.547304171137512 ], [ 355941.607324516808148, 3771514.85249237017706 ], [ 355941.607324516808148, 3771515.76805696869269 ], [ 355940.996948118030559, 3771516.378433367237449 ], [ 355940.691759918641765, 3771516.378433367237449 ], [ 355940.38657171925297, 3771516.683621566742659 ], [ 355940.081383519864175, 3771516.683621566742659 ], [ 355939.776195320475381, 3771516.988809766247869 ], [ 355939.471007121086586, 3771516.988809766247869 ], [ 355938.860630722250789, 3771517.599186164792627 ], [ 355938.2502543234732, 3771517.599186164792627 ], [ 355937.945066124084406, 3771517.904374364297837 ], [ 355937.639877924695611, 3771517.904374364297837 ], [ 355936.724313326529227, 3771518.819938962347806 ], [ 355936.419125127140433, 3771518.819938962347806 ], [ 355935.503560528974049, 3771519.735503560397774 ], [ 355935.198372329585254, 3771519.735503560397774 ], [ 355934.89318413019646, 3771520.040691759902984 ], [ 355934.587995930807665, 3771520.040691759902984 ], [ 355934.28280773141887, 3771520.345879959408194 ], [ 355932.451678535086103, 3771520.345879959408194 ] ] ] } },
{ "type": "Feature", "properties": { "confidence": 0.3029768168926239, "class": 1, "regularized": null }, "geometry": { "type": "Polygon", "coordinates": [ [ [ 355865.615462868765462, 3771043.336724313441664 ], [ 355865.310274669376668, 3771043.031536113936454 ], [ 355863.4791454730439, 3771043.031536113936454 ], [ 355863.173957273655105, 3771042.726347914431244 ], [ 355862.868769074266311, 3771042.726347914431244 ], [ 355862.563580874877516, 3771042.421159714926034 ], [ 355862.258392675488722, 3771042.421159714926034 ], [ 355861.648016276711132, 3771041.810783316381276 ], [ 355861.953204476099927, 3771041.505595116876066 ], [ 355861.953204476099927, 3771039.979654119815677 ], [ 355861.648016276711132, 3771039.674465920776129 ], [ 355861.648016276711132, 3771039.369277721270919 ], [ 355860.732451678544749, 3771038.45371312322095 ], [ 355860.732451678544749, 3771037.538148524705321 ], [ 355861.953204476099927, 3771036.317395727150142 ], [ 355863.784333672432695, 3771036.317395727150142 ], [ 355864.089521871821489, 3771036.622583926655352 ], [ 355864.699898270599078, 3771036.622583926655352 ], [ 355865.005086469987873, 3771036.927772126160562 ], [ 355865.615462868765462, 3771036.927772126160562 ], [ 355865.920651068154257, 3771037.232960325665772 ], [ 355866.531027466931846, 3771037.232960325665772 ], [ 355866.836215666320641, 3771037.538148524705321 ], [ 355867.44659206509823, 3771037.538148524705321 ], [ 355867.751780264487024, 3771037.843336724210531 ], [ 355868.362156663264614, 3771037.843336724210531 ], [ 355868.667344862653408, 3771038.14852492371574 ], [ 355868.972533062042203, 3771038.14852492371574 ], [ 355869.582909460819792, 3771038.758901322260499 ], [ 355869.582909460819792, 3771039.674465920776129 ], [ 355869.277721261430997, 3771039.979654119815677 ], [ 355869.277721261430997, 3771040.895218718331307 ], [ 355868.972533062042203, 3771041.200406917370856 ], [ 355868.972533062042203, 3771041.505595116876066 ], [ 355868.667344862653408, 3771041.505595116876066 ], [ 355866.836215666320641, 3771043.336724313441664 ], [ 355865.615462868765462, 3771043.336724313441664 ] ] ] } },
{ "type": "Feature", "properties": { "confidence": 0.30276569724082947, "class": 1, "regularized": null }, "geometry": { "type": "Polygon", "coordinates": [ [ [ 356255.035605289915111, 3771475.788402848411351 ], [ 356254.730417090526316, 3771475.483214648906142 ], [ 356254.120040691748727, 3771475.483214648906142 ], [ 356253.814852492359933, 3771475.178026449866593 ], [ 356253.204476093582343, 3771475.178026449866593 ], [ 356252.899287894193549, 3771474.872838250361383 ], [ 356252.594099694804754, 3771474.872838250361383 ], [ 356252.28891149541596, 3771474.567650050856173 ], [ 356252.28891149541596, 3771473.957273652311414 ], [ 356251.983723296027165, 3771473.652085452806205 ], [ 356251.983723296027165, 3771473.041709053795785 ], [ 356251.373346897249576, 3771472.431332655251026 ], [ 356251.373346897249576, 3771472.126144455745816 ], [ 356251.068158697860781, 3771471.820956256240606 ], [ 356251.068158697860781, 3771471.515768057201058 ], [ 356250.762970498471987, 3771471.210579857695848 ], [ 356250.762970498471987, 3771470.600203458685428 ], [ 356250.457782299083192, 3771470.295015259180218 ], [ 356250.457782299083192, 3771469.37945066113025 ], [ 356250.152594099694397, 3771469.07426246162504 ], [ 356250.152594099694397, 3771467.243133265525103 ], [ 356250.762970498471987, 3771466.632756866514683 ], [ 356251.068158697860781, 3771466.632756866514683 ], [ 356251.373346897249576, 3771466.327568667475134 ], [ 356251.983723296027165, 3771466.327568667475134 ], [ 356252.28891149541596, 3771466.632756866514683 ], [ 356252.594099694804754, 3771466.632756866514683 ], [ 356252.594099694804754, 3771466.937945066019893 ], [ 356252.899287894193549, 3771467.243133265525103 ], [ 356253.204476093582343, 3771467.243133265525103 ], [ 356253.204476093582343, 3771467.548321465030313 ], [ 356254.730417090526316, 3771469.07426246162504 ], [ 356255.035605289915111, 3771469.07426246162504 ], [ 356255.340793489303906, 3771469.37945066113025 ], [ 356255.340793489303906, 3771469.684638860635459 ], [ 356255.6459816886927, 3771469.989827060140669 ], [ 356255.6459816886927, 3771470.295015259180218 ], [ 356256.561546286859084, 3771471.210579857695848 ], [ 356256.561546286859084, 3771471.515768057201058 ], [ 356256.866734486247879, 3771471.820956256240606 ], [ 356256.866734486247879, 3771472.431332655251026 ], [ 356257.171922685636673, 3771472.736520854756236 ], [ 356257.171922685636673, 3771475.483214648906142 ], [ 356256.866734486247879, 3771475.788402848411351 ], [ 356255.035605289915111, 3771475.788402848411351 ] ] ] } },
{ "type": "Feature", "properties": { "confidence": 0.29697945713996887, "class": 1, "regularized": null }, "geometry": { "type": "Polygon", "coordinates": [ [ [ 356080.162767039670143, 3771336.622583926655352 ], [ 356080.162767039670143, 3771336.012207528110594 ], [ 356079.857578840281349, 3771335.707019328605384 ], [ 356079.857578840281349, 3771335.096642929594964 ], [ 356080.162767039670143, 3771334.791454730555415 ], [ 356080.162767039670143, 3771334.181078331544995 ], [ 356080.467955239058938, 3771333.875890132039785 ], [ 356080.467955239058938, 3771333.265513733495027 ], [ 356080.773143438447732, 3771332.960325533989817 ], [ 356080.773143438447732, 3771331.739572736434639 ], [ 356081.078331637836527, 3771331.739572736434639 ], [ 356081.383519837225322, 3771331.434384536929429 ], [ 356081.383519837225322, 3771330.82400813838467 ], [ 356082.299084435391705, 3771330.82400813838467 ], [ 356082.6042726347805, 3771330.51881993887946 ], [ 356082.6042726347805, 3771330.21363173937425 ], [ 356083.214649033558089, 3771330.21363173937425 ], [ 356083.519837232946884, 3771329.908443540334702 ], [ 356083.825025432335678, 3771329.908443540334702 ], [ 356084.130213631724473, 3771329.603255340829492 ], [ 356084.130213631724473, 3771329.298067141324282 ], [ 356084.740590030502062, 3771329.298067141324282 ], [ 356085.350966429279651, 3771328.687690742779523 ], [ 356085.350966429279651, 3771328.382502543274313 ], [ 356085.961342828057241, 3771327.772126144263893 ], [ 356088.402848423167598, 3771327.772126144263893 ], [ 356089.013224821945187, 3771328.382502543274313 ], [ 356089.013224821945187, 3771328.687690742779523 ], [ 356089.623601220780984, 3771329.298067141324282 ], [ 356089.318413021392189, 3771329.603255340829492 ], [ 356089.318413021392189, 3771331.12919633788988 ], [ 356089.013224821945187, 3771331.434384536929429 ], [ 356089.013224821945187, 3771331.739572736434639 ], [ 356088.708036622556392, 3771331.739572736434639 ], [ 356085.656154628668446, 3771334.791454730555415 ], [ 356085.350966429279651, 3771334.791454730555415 ], [ 356084.740590030502062, 3771335.401831129100174 ], [ 356084.435401831113268, 3771335.401831129100174 ], [ 356084.130213631724473, 3771335.707019328605384 ], [ 356083.825025432335678, 3771335.707019328605384 ], [ 356083.519837232946884, 3771336.012207528110594 ], [ 356082.909460834169295, 3771336.012207528110594 ], [ 356082.6042726347805, 3771336.317395727150142 ], [ 356081.688708036614116, 3771336.317395727150142 ], [ 356081.383519837225322, 3771336.622583926655352 ], [ 356080.162767039670143, 3771336.622583926655352 ] ] ] } },
{ "type": "Feature", "properties": { "confidence": 0.29520368576049805, "class": 1, "regularized": null }, "geometry": { "type": "Polygon", "coordinates": [ [ [ 356008.443540183128789, 3771212.105798575561494 ], [ 356008.138351983739994, 3771211.800610376521945 ], [ 356005.086469989852048, 3771211.800610376521945 ], [ 356004.781281790463254, 3771211.495422177016735 ], [ 356003.86571719229687, 3771211.495422177016735 ], [ 356003.86571719229687, 3771211.190233977511525 ], [ 356003.560528992849868, 3771210.885045778006315 ], [ 356003.560528992849868, 3771209.664292980451137 ], [ 356013.631739572738297, 3771209.664292980451137 ], [ 356013.631739572738297, 3771210.579857578966767 ], [ 356013.326551373349503, 3771210.885045778006315 ], [ 356013.326551373349503, 3771211.190233977511525 ], [ 356013.021363173960708, 3771211.190233977511525 ], [ 356012.716174974571913, 3771211.495422177016735 ], [ 356012.410986775183119, 3771211.495422177016735 ], [ 356012.105798575794324, 3771211.800610376521945 ], [ 356010.579857578850351, 3771211.800610376521945 ], [ 356010.274669379461557, 3771212.105798575561494 ], [ 356008.443540183128789, 3771212.105798575561494 ] ] ] } },
{ "type": "Feature", "properties": { "confidence": 0.29434111714363098, "class": 1, "regularized": null }, "geometry": { "type": "Polygon", "coordinates": [ [ [ 355810.071210579830222, 3771365.615462868940085 ], [ 355810.071210579830222, 3771365.310274669434875 ], [ 355809.460834181052633, 3771364.699898270424455 ], [ 355809.460834181052633, 3771364.394710071384907 ], [ 355809.155645981663838, 3771364.089521871879697 ], [ 355809.155645981663838, 3771363.784333672374487 ], [ 355808.545269582886249, 3771363.173957273829728 ], [ 355808.545269582886249, 3771361.64801627676934 ], [ 355809.766022380441427, 3771360.427263479214162 ], [ 355812.207527975609992, 3771360.427263479214162 ], [ 355812.512716174998786, 3771360.732451678719372 ], [ 355813.123092573776376, 3771360.732451678719372 ], [ 355813.42828077316517, 3771361.03763987775892 ], [ 355814.038657171942759, 3771361.03763987775892 ], [ 355814.343845371331554, 3771361.34282807726413 ], [ 355814.649033570720349, 3771361.34282807726413 ], [ 355815.259409969497938, 3771361.95320447627455 ], [ 355815.564598168886732, 3771361.95320447627455 ], [ 355815.869786368275527, 3771362.258392675314099 ], [ 355816.174974567664322, 3771362.258392675314099 ], [ 355816.480162767053116, 3771362.563580874819309 ], [ 355816.480162767053116, 3771364.394710071384907 ], [ 355816.174974567664322, 3771364.699898270424455 ], [ 355816.174974567664322, 3771365.005086469929665 ], [ 355815.869786368275527, 3771365.005086469929665 ], [ 355815.564598168886732, 3771365.310274669434875 ], [ 355815.564598168886732, 3771365.615462868940085 ], [ 355810.071210579830222, 3771365.615462868940085 ] ] ] } },
{ "type": "Feature", "properties": { "confidence": 0.2942221462726593, "class": 1, "regularized": null }, "geometry": { "type": "Polygon", "coordinates": [ [ [ 356012.716174974571913, 3771364.089521871879697 ], [ 356013.021363173960708, 3771363.784333672374487 ], [ 356013.021363173960708, 3771362.563580874819309 ], [ 356013.326551373349503, 3771362.258392675314099 ], [ 356013.326551373349503, 3771359.206510681658983 ], [ 356013.631739572738297, 3771358.901322482153773 ], [ 356013.631739572738297, 3771358.290946083609015 ], [ 356013.936927772127092, 3771357.985757884103805 ], [ 356013.936927772127092, 3771357.070193286053836 ], [ 356014.242115971515886, 3771356.765005086548626 ], [ 356014.547304170904681, 3771356.765005086548626 ], [ 356014.852492370293476, 3771357.070193286053836 ], [ 356016.988809766015038, 3771357.070193286053836 ], [ 356016.988809766015038, 3771357.375381485093385 ], [ 356017.293997965403832, 3771357.680569684598595 ], [ 356017.293997965403832, 3771358.901322482153773 ], [ 356016.988809766015038, 3771359.206510681658983 ], [ 356016.988809766015038, 3771361.64801627676934 ], [ 356016.683621566626243, 3771361.95320447627455 ], [ 356016.683621566626243, 3771362.258392675314099 ], [ 356016.073245167848654, 3771362.868769074324518 ], [ 356015.768056968459859, 3771362.868769074324518 ], [ 356014.852492370293476, 3771363.784333672374487 ], [ 356013.936927772127092, 3771363.784333672374487 ], [ 356013.631739572738297, 3771364.089521871879697 ], [ 356012.716174974571913, 3771364.089521871879697 ] ] ] } },
{ "type": "Feature", "properties": { "confidence": 0.29406747221946716, "class": 1, "regularized": null }, "geometry": { "type": "Polygon", "coordinates": [ [ [ 356246.185147507640067, 3771589.013224822003394 ], [ 356245.879959308251273, 3771588.708036622498184 ], [ 356245.574771108862478, 3771588.708036622498184 ], [ 356245.574771108862478, 3771580.467955239117146 ], [ 356246.185147507640067, 3771579.857578840106726 ], [ 356246.185147507640067, 3771578.636826042551547 ], [ 356246.490335707028862, 3771578.636826042551547 ], [ 356246.795523906417657, 3771578.331637843511999 ], [ 356247.100712105806451, 3771578.331637843511999 ], [ 356247.405900305195246, 3771578.026449644006789 ], [ 356247.71108850458404, 3771578.026449644006789 ], [ 356248.016276703972835, 3771577.721261444501579 ], [ 356248.32146490336163, 3771577.721261444501579 ], [ 356248.626653102750424, 3771577.416073244996369 ], [ 356248.626653102750424, 3771577.11088504595682 ], [ 356248.931841302139219, 3771577.11088504595682 ], [ 356249.237029501528013, 3771576.80569684645161 ], [ 356249.542217700916808, 3771576.80569684645161 ], [ 356249.847405900305603, 3771576.5005086469464 ], [ 356252.28891149541596, 3771576.5005086469464 ], [ 356252.28891149541596, 3771580.773143438622355 ], [ 356251.983723296027165, 3771581.078331637661904 ], [ 356251.983723296027165, 3771582.299084435217083 ], [ 356251.67853509663837, 3771582.299084435217083 ], [ 356251.373346897249576, 3771582.604272634722292 ], [ 356251.373346897249576, 3771582.909460834227502 ], [ 356251.068158697860781, 3771583.214649033732712 ], [ 356250.762970498471987, 3771583.214649033732712 ], [ 356250.457782299083192, 3771583.519837232772261 ], [ 356250.457782299083192, 3771584.130213631782681 ], [ 356249.847405900305603, 3771584.740590030327439 ], [ 356249.847405900305603, 3771585.350966429337859 ], [ 356249.542217700916808, 3771585.656154628843069 ], [ 356249.542217700916808, 3771585.961342827882618 ], [ 356249.237029501528013, 3771586.266531027387828 ], [ 356249.237029501528013, 3771586.571719226893038 ], [ 356247.71108850458404, 3771588.097660223953426 ], [ 356247.405900305195246, 3771588.097660223953426 ], [ 356246.795523906417657, 3771588.708036622498184 ], [ 356246.490335707028862, 3771588.708036622498184 ], [ 356246.185147507640067, 3771589.013224822003394 ] ] ] } },
{ "type": "Feature", "properties": { "confidence": 0.29178741574287415, "class": 1, "regularized": null }, "geometry": { "type": "Polygon", "coordinates": [ [ [ 356276.703967446577735, 3771466.632756866514683 ], [ 356276.398779247188941, 3771466.327568667475134 ], [ 356276.093591047800146, 3771466.327568667475134 ], [ 356275.788402848411351, 3771466.022380467969924 ], [ 356275.788402848411351, 3771465.412004068959504 ], [ 356275.483214649022557, 3771465.106815869919956 ], [ 356275.483214649022557, 3771464.191251271404326 ], [ 356275.178026449633762, 3771463.886063072364777 ], [ 356275.178026449633762, 3771463.580874872859567 ], [ 356274.872838250244968, 3771463.275686673354357 ], [ 356274.872838250244968, 3771459.918616480194032 ], [ 356275.178026449633762, 3771459.918616480194032 ], [ 356275.483214649022557, 3771459.613428280688822 ], [ 356278.840284842299297, 3771459.613428280688822 ], [ 356278.840284842299297, 3771459.918616480194032 ], [ 356279.145473041688092, 3771460.223804679699242 ], [ 356279.145473041688092, 3771460.528992878738791 ], [ 356279.450661241076887, 3771460.834181078244001 ], [ 356279.450661241076887, 3771461.139369277749211 ], [ 356279.755849440465681, 3771461.444557477254421 ], [ 356279.755849440465681, 3771465.106815869919956 ], [ 356279.450661241076887, 3771465.412004068959504 ], [ 356279.145473041688092, 3771465.412004068959504 ], [ 356278.840284842299297, 3771465.717192268464714 ], [ 356278.535096642910503, 3771465.717192268464714 ], [ 356278.229908443521708, 3771466.022380467969924 ], [ 356277.924720244132914, 3771466.022380467969924 ], [ 356277.619532044744119, 3771466.327568667475134 ], [ 356277.00915564596653, 3771466.327568667475134 ], [ 356276.703967446577735, 3771466.632756866514683 ] ] ] } },
{ "type": "Feature", "properties": { "confidence": 0.28749087452888489, "class": 1, "regularized": null }, "geometry": { "type": "Polygon", "coordinates": [ [ [ 355887.894201424205676, 3771362.563580874819309 ], [ 355887.589013224816881, 3771362.258392675314099 ], [ 355886.673448626650497, 3771362.258392675314099 ], [ 355886.673448626650497, 3771361.95320447627455 ], [ 355885.757884028484114, 3771361.03763987775892 ], [ 355885.757884028484114, 3771360.732451678719372 ], [ 355885.452695829095319, 3771360.427263479214162 ], [ 355885.452695829095319, 3771359.511698881164193 ], [ 355885.757884028484114, 3771359.206510681658983 ], [ 355885.757884028484114, 3771358.290946083609015 ], [ 355886.063072227872908, 3771357.985757884103805 ], [ 355886.063072227872908, 3771357.680569684598595 ], [ 355886.673448626650497, 3771357.070193286053836 ], [ 355886.673448626650497, 3771356.765005086548626 ], [ 355886.978636826039292, 3771356.459816887043417 ], [ 355887.283825025428087, 3771356.459816887043417 ], [ 355887.589013224816881, 3771356.154628687538207 ], [ 355887.894201424205676, 3771356.459816887043417 ], [ 355888.19938962359447, 3771356.459816887043417 ], [ 355889.420142421149649, 3771357.680569684598595 ], [ 355889.725330620538443, 3771357.680569684598595 ], [ 355890.335707019316033, 3771358.290946083609015 ], [ 355890.640895218704827, 3771358.290946083609015 ], [ 355891.251271617482416, 3771358.901322482153773 ], [ 355891.251271617482416, 3771359.206510681658983 ], [ 355890.946083418093622, 3771359.511698881164193 ], [ 355890.946083418093622, 3771359.816887080203742 ], [ 355890.640895218704827, 3771359.816887080203742 ], [ 355890.335707019316033, 3771360.122075279708952 ], [ 355890.335707019316033, 3771360.427263479214162 ], [ 355890.030518819927238, 3771360.732451678719372 ], [ 355890.030518819927238, 3771361.03763987775892 ], [ 355889.725330620538443, 3771361.34282807726413 ], [ 355889.725330620538443, 3771361.95320447627455 ], [ 355889.420142421149649, 3771362.258392675314099 ], [ 355889.114954221760854, 3771362.258392675314099 ], [ 355888.80976602237206, 3771362.563580874819309 ], [ 355887.894201424205676, 3771362.563580874819309 ] ] ] } },
{ "type": "Feature", "properties": { "confidence": 0.28624552488327026, "class": 1, "regularized": null }, "geometry": { "type": "Polygon", "coordinates": [ [ [ 356319.430315361125395, 3771438.555442522745579 ], [ 356319.1251271617366, 3771438.250254323706031 ], [ 356318.819938962347806, 3771438.250254323706031 ], [ 356317.904374364181422, 3771437.334689725190401 ], [ 356317.904374364181422, 3771437.029501526150852 ], [ 356317.599186164792627, 3771436.724313326645643 ], [ 356317.599186164792627, 3771432.451678534969687 ], [ 356319.430315361125395, 3771432.451678534969687 ], [ 356320.040691759902984, 3771433.062054933980107 ], [ 356320.040691759902984, 3771433.367243133485317 ], [ 356320.345879959291779, 3771433.672431332524866 ], [ 356320.345879959291779, 3771433.977619532030076 ], [ 356320.956256358069368, 3771434.587995931040496 ], [ 356320.956256358069368, 3771436.724313326645643 ], [ 356320.651068158680573, 3771437.029501526150852 ], [ 356320.651068158680573, 3771437.334689725190401 ], [ 356320.345879959291779, 3771437.639877924695611 ], [ 356320.345879959291779, 3771437.945066124200821 ], [ 356320.040691759902984, 3771438.250254323706031 ], [ 356320.040691759902984, 3771438.555442522745579 ], [ 356319.430315361125395, 3771438.555442522745579 ] ] ] } },
{ "type": "Feature", "properties": { "confidence": 0.28341487050056458, "class": 1, "regularized": null }, "geometry": { "type": "Polygon", "coordinates": [ [ [ 356025.839267548348289, 3771502.950152594130486 ], [ 356025.2288911495707, 3771502.339776195120066 ], [ 356025.2288911495707, 3771502.034587996080518 ], [ 356024.923702950123698, 3771501.729399796575308 ], [ 356024.923702950123698, 3771501.424211597070098 ], [ 356024.618514750734903, 3771501.119023397564888 ], [ 356024.618514750734903, 3771500.20345879951492 ], [ 356024.313326551346108, 3771499.89827060000971 ], [ 356024.313326551346108, 3771498.982706001959741 ], [ 356024.008138351957314, 3771498.677517802454531 ], [ 356024.008138351957314, 3771496.541200406849384 ], [ 356024.313326551346108, 3771496.236012207344174 ], [ 356024.313326551346108, 3771495.930824008304626 ], [ 356024.618514750734903, 3771495.625635808799416 ], [ 356026.449643947125878, 3771495.625635808799416 ], [ 356026.754832146514673, 3771495.320447609294206 ], [ 356027.060020345903467, 3771495.625635808799416 ], [ 356027.975584944069851, 3771495.625635808799416 ], [ 356029.806714140402619, 3771497.456765004899353 ], [ 356029.806714140402619, 3771497.761953204404563 ], [ 356030.111902339791413, 3771498.067141403909773 ], [ 356030.111902339791413, 3771500.813835198525339 ], [ 356029.806714140402619, 3771501.119023397564888 ], [ 356029.806714140402619, 3771501.424211597070098 ], [ 356028.891149542236235, 3771502.339776195120066 ], [ 356028.58596134284744, 3771502.339776195120066 ], [ 356028.280773143458646, 3771502.644964394625276 ], [ 356027.670396744681057, 3771502.644964394625276 ], [ 356027.365208545292262, 3771502.950152594130486 ], [ 356025.839267548348289, 3771502.950152594130486 ] ] ] } },
{ "type": "Feature", "properties": { "confidence": 0.28332933783531189, "class": 1, "regularized": null }, "geometry": { "type": "Polygon", "coordinates": [ [ [ 356188.504577822983265, 3771247.507629705127329 ], [ 356188.19938962359447, 3771247.202441505622119 ], [ 356187.894201424205676, 3771247.202441505622119 ], [ 356186.673448626650497, 3771245.98168870806694 ], [ 356186.673448626650497, 3771245.67650050856173 ], [ 356186.368260427261703, 3771245.37131230905652 ], [ 356186.368260427261703, 3771245.066124110016972 ], [ 356186.063072227872908, 3771244.760935910511762 ], [ 356186.063072227872908, 3771244.455747711006552 ], [ 356185.452695829095319, 3771243.845371312461793 ], [ 356185.452695829095319, 3771243.540183112956583 ], [ 356185.147507629706524, 3771243.234994913451374 ], [ 356185.147507629706524, 3771242.929806713946164 ], [ 356184.84231943031773, 3771242.624618514906615 ], [ 356184.84231943031773, 3771242.319430315401405 ], [ 356184.231943031540141, 3771241.709053916390985 ], [ 356184.231943031540141, 3771241.403865717351437 ], [ 356183.316378433373757, 3771240.488301118835807 ], [ 356183.316378433373757, 3771239.877924720291048 ], [ 356183.621566632762551, 3771239.572736520785838 ], [ 356184.84231943031773, 3771239.572736520785838 ], [ 356185.147507629706524, 3771239.877924720291048 ], [ 356185.452695829095319, 3771239.877924720291048 ], [ 356185.757884028484114, 3771240.183112919796258 ], [ 356186.063072227872908, 3771240.183112919796258 ], [ 356186.368260427261703, 3771240.488301118835807 ], [ 356186.673448626650497, 3771240.488301118835807 ], [ 356186.673448626650497, 3771240.793489318341017 ], [ 356188.80976602237206, 3771242.929806713946164 ], [ 356188.80976602237206, 3771243.234994913451374 ], [ 356190.030518819927238, 3771244.455747711006552 ], [ 356190.030518819927238, 3771244.760935910511762 ], [ 356190.335707019316033, 3771245.066124110016972 ], [ 356190.335707019316033, 3771245.37131230905652 ], [ 356190.640895218704827, 3771245.67650050856173 ], [ 356190.640895218704827, 3771245.98168870806694 ], [ 356189.420142421149649, 3771247.202441505622119 ], [ 356189.114954221760854, 3771247.202441505622119 ], [ 356188.80976602237206, 3771247.507629705127329 ], [ 356188.504577822983265, 3771247.507629705127329 ] ] ] } },
{ "type": "Feature", "properties": { "confidence": 0.28158509731292725, "class": 1, "regularized": null }, "geometry": { "type": "Polygon", "coordinates": [ [ [ 356389.623601220780984, 3771454.425228890962899 ], [ 356389.318413021392189, 3771454.12004069192335 ], [ 356388.097660223778803, 3771454.12004069192335 ], [ 356387.792472024390008, 3771453.81485249241814 ], [ 356385.656154628668446, 3771453.81485249241814 ], [ 356385.350966429279651, 3771453.50966429291293 ], [ 356385.045778229890857, 3771453.50966429291293 ], [ 356385.045778229890857, 3771451.983723295852542 ], [ 356385.350966429279651, 3771451.983723295852542 ], [ 356385.656154628668446, 3771451.678535096812993 ], [ 356385.656154628668446, 3771451.068158697802573 ], [ 356385.045778229890857, 3771450.457782299257815 ], [ 356385.045778229890857, 3771450.152594099752605 ], [ 356384.740590030502062, 3771449.847405900247395 ], [ 356384.740590030502062, 3771449.542217700742185 ], [ 356384.130213631724473, 3771448.931841302197427 ], [ 356384.130213631724473, 3771448.626653102692217 ], [ 356383.825025432335678, 3771448.321464903187007 ], [ 356384.130213631724473, 3771448.016276704147458 ], [ 356384.130213631724473, 3771447.711088504642248 ], [ 356384.435401831113268, 3771447.711088504642248 ], [ 356384.740590030502062, 3771447.405900305137038 ], [ 356385.045778229890857, 3771447.405900305137038 ], [ 356386.266531027446035, 3771446.18514750758186 ], [ 356386.57171922683483, 3771446.18514750758186 ], [ 356386.876907426223624, 3771445.87995930807665 ], [ 356387.182095625612419, 3771445.87995930807665 ], [ 356387.487283825001214, 3771445.574771109037101 ], [ 356389.318413021392189, 3771445.574771109037101 ], [ 356389.623601220780984, 3771445.269582909531891 ], [ 356390.233977619558573, 3771445.269582909531891 ], [ 356390.539165818947367, 3771445.574771109037101 ], [ 356390.844354018336162, 3771445.574771109037101 ], [ 356390.844354018336162, 3771445.87995930807665 ], [ 356390.539165818947367, 3771446.18514750758186 ], [ 356390.539165818947367, 3771447.100712105631828 ], [ 356390.233977619558573, 3771447.405900305137038 ], [ 356390.233977619558573, 3771448.016276704147458 ], [ 356390.539165818947367, 3771448.321464903187007 ], [ 356390.844354018336162, 3771448.321464903187007 ], [ 356390.844354018336162, 3771448.626653102692217 ], [ 356391.149542217724957, 3771448.931841302197427 ], [ 356391.149542217724957, 3771449.237029501702636 ], [ 356391.454730417113751, 3771449.542217700742185 ], [ 356391.149542217724957, 3771449.847405900247395 ], [ 356391.149542217724957, 3771451.068158697802573 ], [ 356390.844354018336162, 3771451.373346897307783 ], [ 356390.844354018336162, 3771453.81485249241814 ], [ 356390.539165818947367, 3771454.12004069192335 ], [ 356389.928789420169778, 3771454.12004069192335 ], [ 356389.623601220780984, 3771454.425228890962899 ] ] ] } },
{ "type": "Feature", "properties": { "confidence": 0.27272683382034302, "class": 1, "regularized": null }, "geometry": { "type": "Polygon", "coordinates": [ [ [ 355989.216683621576522, 3771376.907426245976239 ], [ 355988.606307222798932, 3771376.297049847431481 ], [ 355988.301119023410138, 3771376.297049847431481 ], [ 355988.301119023410138, 3771375.991861647926271 ], [ 355987.690742624632549, 3771375.381485249381512 ], [ 355987.690742624632549, 3771375.076297049876302 ], [ 355987.385554425243754, 3771374.771108850371093 ], [ 355987.385554425243754, 3771374.465920650865883 ], [ 355987.080366225854959, 3771374.160732451826334 ], [ 355987.080366225854959, 3771373.855544252321124 ], [ 355987.385554425243754, 3771373.550356052815914 ], [ 355987.385554425243754, 3771373.245167853310704 ], [ 355987.690742624632549, 3771372.939979654271156 ], [ 355987.995930824021343, 3771372.939979654271156 ], [ 355988.301119023410138, 3771372.634791454765946 ], [ 355988.911495422187727, 3771372.634791454765946 ], [ 355989.827060020354111, 3771373.550356052815914 ], [ 355990.132248219742905, 3771373.550356052815914 ], [ 355991.047812817909289, 3771374.465920650865883 ], [ 355991.047812817909289, 3771376.602238046936691 ], [ 355990.742624618520495, 3771376.907426245976239 ], [ 355989.216683621576522, 3771376.907426245976239 ] ] ] } },
{ "type": "Feature", "properties": { "confidence": 0.27252915501594543, "class": 1, "regularized": null }, "geometry": { "type": "Polygon", "coordinates": [ [ [ 356247.100712105806451, 3771231.02746693789959 ], [ 356246.795523906417657, 3771230.72227873839438 ], [ 356246.490335707028862, 3771230.72227873839438 ], [ 356246.185147507640067, 3771230.417090539354831 ], [ 356245.574771108862478, 3771230.417090539354831 ], [ 356245.269582909473684, 3771230.111902339849621 ], [ 356245.269582909473684, 3771229.501525940839201 ], [ 356244.3540183113073, 3771228.585961342789233 ], [ 356244.3540183113073, 3771228.280773143284023 ], [ 356244.048830111918505, 3771227.975584944244474 ], [ 356243.743641912529711, 3771227.975584944244474 ], [ 356243.743641912529711, 3771222.787385554518551 ], [ 356248.626653102750424, 3771222.787385554518551 ], [ 356248.931841302139219, 3771223.092573754023761 ], [ 356249.847405900305603, 3771223.092573754023761 ], [ 356252.28891149541596, 3771225.534079349134117 ], [ 356252.28891149541596, 3771226.754832146689296 ], [ 356251.983723296027165, 3771227.060020345728844 ], [ 356251.983723296027165, 3771227.670396744739264 ], [ 356251.67853509663837, 3771227.975584944244474 ], [ 356251.67853509663837, 3771228.891149542294443 ], [ 356251.068158697860781, 3771228.891149542294443 ], [ 356250.457782299083192, 3771229.501525940839201 ], [ 356250.457782299083192, 3771229.806714140344411 ], [ 356250.152594099694397, 3771230.111902339849621 ], [ 356250.152594099694397, 3771230.417090539354831 ], [ 356249.847405900305603, 3771230.72227873839438 ], [ 356249.847405900305603, 3771231.02746693789959 ], [ 356247.100712105806451, 3771231.02746693789959 ] ] ] } },
{ "type": "Feature", "properties": { "confidence": 0.26553994417190552, "class": 1, "regularized": null }, "geometry": { "type": "Polygon", "coordinates": [ [ [ 355897.355035605316516, 3771232.858596134465188 ], [ 355897.049847405927721, 3771232.553407934959978 ], [ 355896.439471007150132, 3771232.553407934959978 ], [ 355896.13428280770313, 3771232.248219735454768 ], [ 355895.829094608314335, 3771232.248219735454768 ], [ 355893.997965411981568, 3771230.417090539354831 ], [ 355893.387589013203979, 3771230.417090539354831 ], [ 355893.082400813815184, 3771230.111902339849621 ], [ 355890.946083418093622, 3771230.111902339849621 ], [ 355890.640895218704827, 3771229.806714140344411 ], [ 355889.725330620538443, 3771229.806714140344411 ], [ 355889.420142421149649, 3771229.501525940839201 ], [ 355888.80976602237206, 3771229.501525940839201 ], [ 355888.504577822983265, 3771229.196337741799653 ], [ 355887.589013224816881, 3771229.196337741799653 ], [ 355887.589013224816881, 3771227.975584944244474 ], [ 355887.894201424205676, 3771227.670396744739264 ], [ 355887.894201424205676, 3771226.754832146689296 ], [ 355888.19938962359447, 3771226.449643947184086 ], [ 355888.19938962359447, 3771225.534079349134117 ], [ 355888.504577822983265, 3771225.228891149628907 ], [ 355888.504577822983265, 3771224.923702950123698 ], [ 355889.114954221760854, 3771224.313326551578939 ], [ 355889.114954221760854, 3771224.008138352073729 ], [ 355889.420142421149649, 3771223.702950152568519 ], [ 355889.725330620538443, 3771223.702950152568519 ], [ 355890.640895218704827, 3771222.787385554518551 ], [ 355891.251271617482416, 3771222.787385554518551 ], [ 355891.861648016260006, 3771222.177009155508131 ], [ 355895.218718209536746, 3771222.177009155508131 ], [ 355895.523906408925541, 3771222.482197355013341 ], [ 355895.523906408925541, 3771223.092573754023761 ], [ 355895.829094608314335, 3771223.397761953063309 ], [ 355895.829094608314335, 3771223.702950152568519 ], [ 355896.744659206538927, 3771224.618514750618488 ], [ 355896.744659206538927, 3771224.923702950123698 ], [ 355897.049847405927721, 3771225.228891149628907 ], [ 355897.049847405927721, 3771225.534079349134117 ], [ 355897.660223804705311, 3771226.144455747678876 ], [ 355897.660223804705311, 3771226.449643947184086 ], [ 355898.2706002034829, 3771227.060020345728844 ], [ 355898.2706002034829, 3771227.670396744739264 ], [ 355898.575788402871694, 3771227.975584944244474 ], [ 355898.575788402871694, 3771230.111902339849621 ], [ 355898.880976602260489, 3771230.417090539354831 ], [ 355898.880976602260489, 3771232.553407934959978 ], [ 355898.575788402871694, 3771232.858596134465188 ], [ 355897.355035605316516, 3771232.858596134465188 ] ] ] } },
{ "type": "Feature", "properties": { "confidence": 0.26383954286575317, "class": 1, "regularized": null }, "geometry": { "type": "Polygon", "coordinates": [ [ [ 356354.832146490341984, 3771521.871820956468582 ], [ 356354.526958290953189, 3771521.566632756963372 ], [ 356353.306205493398011, 3771521.566632756963372 ], [ 356353.306205493398011, 3771520.651068158913404 ], [ 356353.611393692786805, 3771520.345879959408194 ], [ 356353.611393692786805, 3771520.040691759902984 ], [ 356353.9165818921756, 3771519.735503560397774 ], [ 356353.9165818921756, 3771519.430315361358225 ], [ 356354.221770091564395, 3771519.125127161853015 ], [ 356354.832146490341984, 3771519.125127161853015 ], [ 356355.137334689730778, 3771518.819938962347806 ], [ 356364.598168870783411, 3771518.819938962347806 ], [ 356364.598168870783411, 3771519.125127161853015 ], [ 356364.903357070172206, 3771519.430315361358225 ], [ 356364.903357070172206, 3771520.345879959408194 ], [ 356364.598168870783411, 3771520.651068158913404 ], [ 356364.598168870783411, 3771521.261444557458162 ], [ 356364.292980671394616, 3771521.261444557458162 ], [ 356363.987792472005822, 3771521.566632756963372 ], [ 356360.325534079340287, 3771521.566632756963372 ], [ 356360.020345879951492, 3771521.871820956468582 ], [ 356354.832146490341984, 3771521.871820956468582 ] ] ] } },
{ "type": "Feature", "properties": { "confidence": 0.26317894458770752, "class": 1, "regularized": null }, "geometry": { "type": "Polygon", "coordinates": [ [ [ 355868.362156663264614, 3771022.278738555498421 ], [ 355868.056968463875819, 3771021.973550355993211 ], [ 355866.836215666320641, 3771021.973550355993211 ], [ 355866.531027466931846, 3771021.668362156488001 ], [ 355866.225839267543051, 3771021.668362156488001 ], [ 355865.615462868765462, 3771021.057985757943243 ], [ 355865.310274669376668, 3771021.057985757943243 ], [ 355865.005086469987873, 3771020.752797558438033 ], [ 355865.005086469987873, 3771018.616480162832886 ], [ 355865.920651068154257, 3771017.700915564782917 ], [ 355865.920651068154257, 3771017.395727365277708 ], [ 355866.225839267543051, 3771017.090539165772498 ], [ 355866.225839267543051, 3771015.564598168712109 ], [ 355866.531027466931846, 3771015.259409969672561 ], [ 355870.498474058986176, 3771015.259409969672561 ], [ 355870.80366225837497, 3771015.564598168712109 ], [ 355871.108850457763765, 3771015.564598168712109 ], [ 355871.41403865715256, 3771015.869786368217319 ], [ 355871.719226856541354, 3771015.869786368217319 ], [ 355872.024415055930149, 3771016.174974567722529 ], [ 355872.024415055930149, 3771016.480162767227739 ], [ 355872.329603255318943, 3771016.785350966267288 ], [ 355872.329603255318943, 3771017.700915564782917 ], [ 355872.024415055930149, 3771018.006103763822466 ], [ 355872.024415055930149, 3771018.921668362338096 ], [ 355872.329603255318943, 3771019.226856561377645 ], [ 355872.329603255318943, 3771019.532044760882854 ], [ 355872.634791454707738, 3771019.837232960388064 ], [ 355872.634791454707738, 3771020.142421159893274 ], [ 355872.329603255318943, 3771020.142421159893274 ], [ 355872.024415055930149, 3771020.447609358932823 ], [ 355872.024415055930149, 3771021.057985757943243 ], [ 355871.108850457763765, 3771021.973550355993211 ], [ 355869.277721261430997, 3771021.973550355993211 ], [ 355868.972533062042203, 3771022.278738555498421 ], [ 355868.362156663264614, 3771022.278738555498421 ] ] ] } },
{ "type": "Feature", "properties": { "confidence": 0.25251314043998718, "class": 1, "regularized": null }, "geometry": { "type": "Polygon", "coordinates": [ [ [ 356301.424211597128306, 3771450.762970498297364 ], [ 356301.424211597128306, 3771450.152594099752605 ], [ 356301.119023397739511, 3771449.847405900247395 ], [ 356301.119023397739511, 3771449.542217700742185 ], [ 356300.813835198350716, 3771449.237029501702636 ], [ 356300.813835198350716, 3771448.931841302197427 ], [ 356300.508646998961922, 3771448.626653102692217 ], [ 356300.508646998961922, 3771447.711088504642248 ], [ 356300.203458799573127, 3771447.405900305137038 ], [ 356300.203458799573127, 3771445.87995930807665 ], [ 356300.508646998961922, 3771445.574771109037101 ], [ 356300.508646998961922, 3771445.269582909531891 ], [ 356300.813835198350716, 3771444.964394710026681 ], [ 356300.813835198350716, 3771444.659206510521472 ], [ 356301.119023397739511, 3771444.354018311481923 ], [ 356303.255340793461073, 3771444.354018311481923 ], [ 356303.255340793461073, 3771447.100712105631828 ], [ 356303.86571719229687, 3771447.711088504642248 ], [ 356303.86571719229687, 3771448.016276704147458 ], [ 356304.170905391685665, 3771448.321464903187007 ], [ 356304.170905391685665, 3771448.626653102692217 ], [ 356304.476093591074459, 3771448.931841302197427 ], [ 356304.170905391685665, 3771449.237029501702636 ], [ 356303.86571719229687, 3771449.237029501702636 ], [ 356302.950152594072279, 3771450.152594099752605 ], [ 356302.950152594072279, 3771450.457782299257815 ], [ 356302.644964394683484, 3771450.762970498297364 ], [ 356301.424211597128306, 3771450.762970498297364 ] ] ] } },
{ "type": "Feature", "properties": { "confidence": 0.25232145190238953, "class": 1, "regularized": null }, "geometry": { "type": "Polygon", "coordinates": [ [ [ 355895.829094608314335, 3771278.636826042551547 ], [ 355895.523906408925541, 3771278.331637843511999 ], [ 355895.218718209536746, 3771278.331637843511999 ], [ 355894.913530010147952, 3771278.026449644006789 ], [ 355894.608341810759157, 3771278.026449644006789 ], [ 355894.303153611370362, 3771277.721261444501579 ], [ 355893.387589013203979, 3771277.721261444501579 ], [ 355893.082400813815184, 3771277.416073244996369 ], [ 355892.777212614426389, 3771277.416073244996369 ], [ 355892.472024415037595, 3771277.11088504595682 ], [ 355892.472024415037595, 3771276.5005086469464 ], [ 355892.1668362156488, 3771276.19532044744119 ], [ 355892.1668362156488, 3771275.279755849391222 ], [ 355892.472024415037595, 3771274.974567649886012 ], [ 355892.472024415037595, 3771274.669379450846463 ], [ 355893.692777212592773, 3771273.448626653291285 ], [ 355894.913530010147952, 3771273.448626653291285 ], [ 355895.218718209536746, 3771273.753814852330834 ], [ 355895.523906408925541, 3771273.753814852330834 ], [ 355895.829094608314335, 3771274.059003051836044 ], [ 355896.744659206538927, 3771274.059003051836044 ], [ 355897.049847405927721, 3771274.364191251341254 ], [ 355897.355035605316516, 3771274.364191251341254 ], [ 355897.355035605316516, 3771275.890132248401642 ], [ 355897.049847405927721, 3771276.19532044744119 ], [ 355897.049847405927721, 3771278.331637843511999 ], [ 355896.744659206538927, 3771278.636826042551547 ], [ 355895.829094608314335, 3771278.636826042551547 ] ] ] } }
]
}
