{
"type": "FeatureCollection",
"name": "cell_00443_pre",
"crs": { "type": "name", "properties": { "name": "urn:ogc:def:crs:EPSG::32611" } },
"features": [
{ "type": "Feature", "properties": { "confidence": 0.99968194961547852, "class": 1, "regularized": null }, "geometry": { "type": "Polygon", "coordinates": [ [ [ 399662.258392675488722, 3781965.412004068959504 ], [ 399661.648016276711132, 3781964.801627670414746 ], [ 399661.342828077322338, 3781964.801627670414746 ], [ 399660.122075279767159, 3781963.580874872859567 ], [ 399660.122075279767159, 3781963.275686673354357 ], [ 399659.816887080378365, 3781962.970498473849148 ], [ 399659.816887080378365, 3781962.665310274809599 ], [ 399659.51169888098957, 3781962.360122075304389 ], [ 399659.51169888098957, 3781962.054933875799179 ], [ 399659.206510681600776, 3781961.749745676293969 ], [ 399659.206510681600776, 3781961.444557477254421 ], [ 399658.901322482211981, 3781961.139369277749211 ], [ 399658.901322482211981, 3781960.528992878738791 ], [ 399659.206510681600776, 3781960.223804679699242 ], [ 399659.206510681600776, 3781959.918616480194032 ], [ 399659.816887080378365, 3781959.308240081183612 ], [ 399660.122075279767159, 3781959.308240081183612 ], [ 399660.732451678544749, 3781958.697863682638854 ], [ 399661.037639877933543, 3781958.697863682638854 ], [ 399661.648016276711132, 3781958.087487283628434 ], [ 399661.953204476099927, 3781958.087487283628434 ], [ 399662.563580874877516, 3781957.477110885083675 ], [ 399662.868769074266311, 3781957.477110885083675 ], [ 399663.173957273655105, 3781957.171922685578465 ], [ 399665.615462868765462, 3781957.171922685578465 ], [ 399665.920651068154257, 3781956.866734486073256 ], [ 399666.225839267543051, 3781957.171922685578465 ], [ 399666.836215666320641, 3781957.171922685578465 ], [ 399667.751780264487024, 3781958.087487283628434 ], [ 399667.751780264487024, 3781958.392675483133644 ], [ 399668.056968463875819, 3781958.697863682638854 ], [ 399668.362156663264614, 3781958.697863682638854 ], [ 399668.362156663264614, 3781959.003051882144064 ], [ 399668.667344862653408, 3781959.308240081183612 ], [ 399668.667344862653408, 3781960.528992878738791 ], [ 399668.972533062042203, 3781960.834181078244001 ], [ 399668.667344862653408, 3781961.139369277749211 ], [ 399668.667344862653408, 3781961.444557477254421 ], [ 399668.362156663264614, 3781961.749745676293969 ], [ 399668.056968463875819, 3781961.749745676293969 ], [ 399666.836215666320641, 3781962.970498473849148 ], [ 399666.531027466931846, 3781962.970498473849148 ], [ 399665.920651068154257, 3781963.580874872859567 ], [ 399665.615462868765462, 3781963.580874872859567 ], [ 399665.005086469987873, 3781964.191251271404326 ], [ 399664.699898270599078, 3781964.191251271404326 ], [ 399663.784333672432695, 3781965.106815869919956 ], [ 399663.4791454730439, 3781965.106815869919956 ], [ 399663.173957273655105, 3781965.412004068959504 ], [ 399662.258392675488722, 3781965.412004068959504 ] ] ] } },
{ "type": "Feature", "properties": { "confidence": 0.99941921234130859, "class": 1, "regularized": null }, "geometry": { "type": "Polygon", "coordinates": [ [ [ 399839.572736520844046, 3782319.125127161853015 ], [ 399839.267548321455251, 3782318.819938962347806 ], [ 399838.962360122066457, 3782318.819938962347806 ], [ 399838.657171922677662, 3782318.514750762842596 ], [ 399838.351983723288868, 3782318.514750762842596 ], [ 399838.046795523900073, 3782318.209562563803047 ], [ 399838.046795523900073, 3782317.904374364297837 ], [ 399837.436419125122484, 3782317.293997965287417 ], [ 399837.436419125122484, 3782315.46286876918748 ], [ 399837.131230925733689, 3782315.15768056968227 ], [ 399837.131230925733689, 3782311.495422177016735 ], [ 399837.436419125122484, 3782311.190233977511525 ], [ 399837.436419125122484, 3782310.579857578966767 ], [ 399838.351983723288868, 3782309.664292980451137 ], [ 399838.962360122066457, 3782309.664292980451137 ], [ 399839.267548321455251, 3782309.359104781411588 ], [ 399840.183112919621635, 3782309.359104781411588 ], [ 399840.48830111901043, 3782309.053916581906378 ], [ 399841.098677517788019, 3782309.053916581906378 ], [ 399841.403865717176814, 3782309.359104781411588 ], [ 399842.624618514731992, 3782309.359104781411588 ], [ 399842.624618514731992, 3782309.664292980451137 ], [ 399842.929806714120787, 3782309.969481179956347 ], [ 399843.540183112898376, 3782309.969481179956347 ], [ 399843.84537131228717, 3782310.274669379461557 ], [ 399846.897253306233324, 3782310.274669379461557 ], [ 399847.812817904399708, 3782311.190233977511525 ], [ 399847.812817904399708, 3782314.547304171137512 ], [ 399847.507629705010913, 3782314.85249237017706 ], [ 399847.507629705010913, 3782316.378433367237449 ], [ 399847.202441505622119, 3782316.683621566742659 ], [ 399847.202441505622119, 3782317.599186164792627 ], [ 399846.59206510684453, 3782318.209562563803047 ], [ 399846.59206510684453, 3782318.514750762842596 ], [ 399845.676500508619938, 3782318.514750762842596 ], [ 399845.371312309231143, 3782318.819938962347806 ], [ 399844.150559511675965, 3782318.819938962347806 ], [ 399843.84537131228717, 3782319.125127161853015 ], [ 399839.572736520844046, 3782319.125127161853015 ] ] ] } },
{ "type": "Feature", "properties": { "confidence": 0.99927383661270142, "class": 1, "regularized": "rectangle" }, "geometry": { "type": "Polygon", "coordinates": [ [ [ 399790.75, 3781906.25 ], [ 399801.75, 3781905.75 ], [ 399802.5625, 3781918.75 ], [ 399791.5625, 3781919.25 ], [ 399790.75, 3781906.25 ] ] ] } },
{ "type": "Feature", "properties": { "confidence": 0.99895739555358887, "class": 1, "regularized": null }, "geometry": { "type": "Polygon", "coordinates": [ [ [ 399860.325534079340287, 3782105.493387589231133 ], [ 399860.020345879951492, 3782105.188199389725924 ], [ 399859.715157680562697, 3782105.188199389725924 ], [ 399859.104781281785108, 3782104.577822990715504 ], [ 399858.799593082396314, 3782104.577822990715504 ], [ 399858.189216683618724, 3782103.967446592170745 ], [ 399858.189216683618724, 3782102.746693794615567 ], [ 399857.88402848422993, 3782102.441505595110357 ], [ 399857.88402848422993, 3782102.136317395605147 ], [ 399857.578840284841135, 3782101.831129196565598 ], [ 399857.578840284841135, 3782099.69481180049479 ], [ 399858.189216683618724, 3782099.084435401950032 ], [ 399858.494404883007519, 3782099.084435401950032 ], [ 399858.799593082396314, 3782098.779247202444822 ], [ 399859.104781281785108, 3782098.779247202444822 ], [ 399859.409969481173903, 3782098.474059002939612 ], [ 399863.377416073228233, 3782098.474059002939612 ], [ 399863.682604272617027, 3782098.168870803434402 ], [ 399864.292980671394616, 3782098.168870803434402 ], [ 399864.598168870783411, 3782097.863682604394853 ], [ 399864.903357070172206, 3782097.863682604394853 ], [ 399865.208545269561, 3782097.558494404889643 ], [ 399866.124109867727384, 3782097.558494404889643 ], [ 399866.429298067116179, 3782097.253306205384433 ], [ 399866.734486266504973, 3782097.253306205384433 ], [ 399867.039674465893768, 3782097.558494404889643 ], [ 399867.650050864671357, 3782097.558494404889643 ], [ 399867.650050864671357, 3782098.168870803434402 ], [ 399867.955239064118359, 3782098.474059002939612 ], [ 399868.565615462895948, 3782098.474059002939612 ], [ 399868.870803662284743, 3782098.779247202444822 ], [ 399868.870803662284743, 3782099.38962360098958 ], [ 399869.175991861673538, 3782099.69481180049479 ], [ 399869.175991861673538, 3782102.441505595110357 ], [ 399868.870803662284743, 3782102.746693794615567 ], [ 399868.565615462895948, 3782102.746693794615567 ], [ 399868.260427263507154, 3782103.051881994120777 ], [ 399867.955239064118359, 3782103.051881994120777 ], [ 399867.344862665282562, 3782103.662258392665535 ], [ 399866.734486266504973, 3782103.662258392665535 ], [ 399866.124109867727384, 3782104.272634791675955 ], [ 399865.513733468949795, 3782104.272634791675955 ], [ 399865.208545269561, 3782104.577822990715504 ], [ 399864.598168870783411, 3782104.577822990715504 ], [ 399864.292980671394616, 3782104.883011190220714 ], [ 399863.987792472005822, 3782104.883011190220714 ], [ 399863.682604272617027, 3782105.188199389725924 ], [ 399863.377416073228233, 3782105.188199389725924 ], [ 399863.072227873839438, 3782105.493387589231133 ], [ 399860.325534079340287, 3782105.493387589231133 ] ] ] } },
{ "type": "Feature", "properties": { "confidence": 0.99837827682495117, "class": 1, "regularized": null }, "geometry": { "type": "Polygon", "coordinates": [ [ [ 400071.515768056968227, 3782071.617497456725687 ], [ 400071.210579857579432, 3782071.312309257220477 ], [ 400068.769074262469076, 3782071.312309257220477 ], [ 400068.769074262469076, 3782061.85147507628426 ], [ 400069.684638860635459, 3782061.85147507628426 ], [ 400069.989827060024254, 3782061.54628687677905 ], [ 400070.295015259413049, 3782061.85147507628426 ], [ 400074.567650050856173, 3782061.85147507628426 ], [ 400074.872838250244968, 3782062.156663275789469 ], [ 400075.178026449633762, 3782062.156663275789469 ], [ 400075.178026449633762, 3782067.039674466010183 ], [ 400074.872838250244968, 3782067.344862665515393 ], [ 400074.872838250244968, 3782067.955239064060152 ], [ 400075.178026449633762, 3782068.260427263565361 ], [ 400075.178026449633762, 3782070.396744659170508 ], [ 400075.483214649022557, 3782070.701932858675718 ], [ 400075.483214649022557, 3782071.617497456725687 ], [ 400071.515768056968227, 3782071.617497456725687 ] ] ] } },
{ "type": "Feature", "properties": { "confidence": 0.99834096431732178, "class": 1, "regularized": null }, "geometry": { "type": "Polygon", "coordinates": [ [ [ 400175.584944048838224, 3782217.192268565762788 ], [ 400174.974567650060635, 3782216.581892166752368 ], [ 400174.974567650060635, 3782216.276703967247158 ], [ 400174.66937945067184, 3782215.97151576820761 ], [ 400174.66937945067184, 3782213.835198372136801 ], [ 400174.974567650060635, 3782213.530010173097253 ], [ 400174.974567650060635, 3782212.919633774086833 ], [ 400175.27975584944943, 3782212.614445574581623 ], [ 400175.27975584944943, 3782212.309257375542074 ], [ 400175.584944048838224, 3782212.004069176036865 ], [ 400175.584944048838224, 3782211.698880976531655 ], [ 400175.890132248227019, 3782211.393692777026445 ], [ 400176.195320447615813, 3782211.393692777026445 ], [ 400176.500508647004608, 3782211.088504577986896 ], [ 400176.500508647004608, 3782210.783316378481686 ], [ 400176.805696846393403, 3782210.783316378481686 ], [ 400177.110885045782197, 3782210.478128178976476 ], [ 400177.110885045782197, 3782209.867751780431718 ], [ 400177.416073245170992, 3782209.867751780431718 ], [ 400178.026449643948581, 3782209.257375381421298 ], [ 400178.026449643948581, 3782208.952187181916088 ], [ 400181.383519837225322, 3782208.952187181916088 ], [ 400181.688708036614116, 3782209.257375381421298 ], [ 400182.6042726347805, 3782209.257375381421298 ], [ 400182.909460834169295, 3782209.562563580926508 ], [ 400182.909460834169295, 3782212.614445574581623 ], [ 400180.162767039670143, 3782215.36113936919719 ], [ 400179.857578840281349, 3782215.36113936919719 ], [ 400179.552390640892554, 3782215.6663275687024 ], [ 400179.552390640892554, 3782215.97151576820761 ], [ 400179.247202441503759, 3782215.97151576820761 ], [ 400178.331637843337376, 3782216.887080366257578 ], [ 400178.026449643948581, 3782216.887080366257578 ], [ 400177.721261444559786, 3782217.192268565762788 ], [ 400175.584944048838224, 3782217.192268565762788 ] ] ] } },
{ "type": "Feature", "properties": { "confidence": 0.99712258577346802, "class": 1, "regularized": null }, "geometry": { "type": "Polygon", "coordinates": [ [ [ 399800.203458799573127, 3782274.567650050856173 ], [ 399799.898270600184333, 3782274.262461851350963 ], [ 399799.593082400795538, 3782274.262461851350963 ], [ 399799.287894201406743, 3782273.957273652311414 ], [ 399798.982706002017949, 3782273.957273652311414 ], [ 399798.677517802629154, 3782273.652085452806205 ], [ 399798.37232960324036, 3782273.652085452806205 ], [ 399798.067141403851565, 3782273.346897253300995 ], [ 399798.067141403851565, 3782272.431332655251026 ], [ 399798.37232960324036, 3782272.126144455745816 ], [ 399798.37232960324036, 3782271.820956256240606 ], [ 399799.593082400795538, 3782270.600203458685428 ], [ 399799.898270600184333, 3782270.600203458685428 ], [ 399800.203458799573127, 3782270.295015259180218 ], [ 399800.508646998961922, 3782270.295015259180218 ], [ 399800.813835198350716, 3782269.989827060140669 ], [ 399800.813835198350716, 3782269.684638860635459 ], [ 399802.034587995905895, 3782269.684638860635459 ], [ 399802.034587995905895, 3782269.989827060140669 ], [ 399803.255340793461073, 3782271.210579857695848 ], [ 399803.560528992849868, 3782271.210579857695848 ], [ 399803.86571719229687, 3782271.515768057201058 ], [ 399804.170905391685665, 3782271.515768057201058 ], [ 399804.781281790463254, 3782272.126144455745816 ], [ 399805.086469989852048, 3782272.126144455745816 ], [ 399805.391658189240843, 3782272.431332655251026 ], [ 399805.696846388629638, 3782272.431332655251026 ], [ 399806.307222787407227, 3782273.041709053795785 ], [ 399806.612410986796021, 3782273.041709053795785 ], [ 399806.612410986796021, 3782273.957273652311414 ], [ 399806.307222787407227, 3782273.957273652311414 ], [ 399806.002034588018432, 3782274.262461851350963 ], [ 399803.560528992849868, 3782274.262461851350963 ], [ 399803.255340793461073, 3782274.567650050856173 ], [ 399800.203458799573127, 3782274.567650050856173 ] ] ] } },
{ "type": "Feature", "properties": { "confidence": 0.99628204107284546, "class": 1, "regularized": null }, "geometry": { "type": "Polygon", "coordinates": [ [ [ 399725.127161749755032, 3782245.574771109037101 ], [ 399724.821973550366238, 3782245.269582909531891 ], [ 399724.211597151588649, 3782245.269582909531891 ], [ 399723.906408952199854, 3782244.964394710026681 ], [ 399723.601220752811059, 3782244.964394710026681 ], [ 399723.601220752811059, 3782244.659206510521472 ], [ 399722.99084435403347, 3782244.048830111976713 ], [ 399722.99084435403347, 3782240.386571719311178 ], [ 399723.296032553422265, 3782240.081383519805968 ], [ 399723.296032553422265, 3782238.860630722250789 ], [ 399723.601220752811059, 3782238.555442522745579 ], [ 399723.601220752811059, 3782238.250254323706031 ], [ 399723.906408952199854, 3782237.945066124200821 ], [ 399723.906408952199854, 3782237.639877924695611 ], [ 399724.516785350977443, 3782237.029501526150852 ], [ 399724.516785350977443, 3782236.724313326645643 ], [ 399724.821973550366238, 3782236.724313326645643 ], [ 399726.042726347921416, 3782235.503560529090464 ], [ 399726.042726347921416, 3782235.198372329585254 ], [ 399726.347914547310211, 3782235.198372329585254 ], [ 399726.653102746699005, 3782234.893184130080044 ], [ 399726.653102746699005, 3782234.587995931040496 ], [ 399727.873855544254184, 3782233.367243133485317 ], [ 399727.873855544254184, 3782233.062054933980107 ], [ 399729.094608341809362, 3782233.062054933980107 ], [ 399729.399796541198157, 3782233.367243133485317 ], [ 399729.704984740586951, 3782233.367243133485317 ], [ 399730.010172939975746, 3782233.672431332524866 ], [ 399730.010172939975746, 3782233.977619532030076 ], [ 399730.92573753814213, 3782234.893184130080044 ], [ 399730.92573753814213, 3782235.198372329585254 ], [ 399731.230925737530924, 3782235.503560529090464 ], [ 399731.536113936919719, 3782235.503560529090464 ], [ 399731.536113936919719, 3782235.808748728595674 ], [ 399732.451678535086103, 3782236.724313326645643 ], [ 399732.756866734474897, 3782236.724313326645643 ], [ 399732.756866734474897, 3782237.029501526150852 ], [ 399733.062054933863692, 3782237.334689725190401 ], [ 399733.062054933863692, 3782238.555442522745579 ], [ 399732.756866734474897, 3782238.860630722250789 ], [ 399732.756866734474897, 3782239.471007121261209 ], [ 399732.451678535086103, 3782239.471007121261209 ], [ 399728.484231943031773, 3782243.438453712966293 ], [ 399728.484231943031773, 3782243.743641912471503 ], [ 399727.263479145476595, 3782244.964394710026681 ], [ 399726.653102746699005, 3782244.964394710026681 ], [ 399726.347914547310211, 3782245.269582909531891 ], [ 399725.432349949143827, 3782245.269582909531891 ], [ 399725.127161749755032, 3782245.574771109037101 ] ] ] } },
{ "type": "Feature", "properties": { "confidence": 0.99602866172790527, "class": 1, "regularized": null }, "geometry": { "type": "Polygon", "coordinates": [ [ [ 400169.786368260451127, 3782085.656154628843069 ], [ 400169.481180061062332, 3782085.350966429337859 ], [ 400169.481180061062332, 3782085.045778229832649 ], [ 400169.175991861673538, 3782084.740590030327439 ], [ 400169.175991861673538, 3782083.825025432277471 ], [ 400168.260427263507154, 3782082.909460834227502 ], [ 400168.260427263507154, 3782082.604272634722292 ], [ 400167.650050864671357, 3782081.993896236177534 ], [ 400167.650050864671357, 3782080.773143438622355 ], [ 400167.955239064118359, 3782080.467955239117146 ], [ 400167.955239064118359, 3782078.331637843511999 ], [ 400168.260427263507154, 3782078.026449644006789 ], [ 400168.260427263507154, 3782077.416073244996369 ], [ 400168.565615462895948, 3782077.11088504595682 ], [ 400168.565615462895948, 3782076.80569684645161 ], [ 400170.701932858617511, 3782076.80569684645161 ], [ 400170.701932858617511, 3782077.11088504595682 ], [ 400171.007121058006305, 3782077.416073244996369 ], [ 400171.007121058006305, 3782078.026449644006789 ], [ 400172.227873855561484, 3782079.247202441561967 ], [ 400172.533062054950278, 3782079.247202441561967 ], [ 400174.059003051894251, 3782080.773143438622355 ], [ 400174.364191251283046, 3782080.773143438622355 ], [ 400174.974567650060635, 3782081.383519837167114 ], [ 400175.27975584944943, 3782081.383519837167114 ], [ 400175.27975584944943, 3782081.688708036672324 ], [ 400175.584944048838224, 3782081.993896236177534 ], [ 400175.584944048838224, 3782082.299084435217083 ], [ 400175.890132248227019, 3782082.604272634722292 ], [ 400174.974567650060635, 3782083.519837232772261 ], [ 400174.66937945067184, 3782083.519837232772261 ], [ 400174.364191251283046, 3782083.825025432277471 ], [ 400174.059003051894251, 3782083.825025432277471 ], [ 400172.838250254339073, 3782085.045778229832649 ], [ 400172.533062054950278, 3782085.045778229832649 ], [ 400172.227873855561484, 3782085.350966429337859 ], [ 400171.922685656172689, 3782085.350966429337859 ], [ 400171.617497456783894, 3782085.656154628843069 ], [ 400169.786368260451127, 3782085.656154628843069 ] ] ] } },
{ "type": "Feature", "properties": { "confidence": 0.99601101875305176, "class": 1, "regularized": null }, "geometry": { "type": "Polygon", "coordinates": [ [ [ 399746.795523906417657, 3782353.611393692903221 ], [ 399745.879959308251273, 3782352.695829094387591 ], [ 399745.879959308251273, 3782351.780264496337622 ], [ 399744.964394710084889, 3782350.864699898287654 ], [ 399744.659206510696094, 3782350.864699898287654 ], [ 399744.3540183113073, 3782350.559511698782444 ], [ 399744.048830111918505, 3782350.559511698782444 ], [ 399743.438453713140916, 3782349.949135300237685 ], [ 399743.438453713140916, 3782349.643947100732476 ], [ 399743.133265513752121, 3782349.338758901227266 ], [ 399743.133265513752121, 3782347.812817904166877 ], [ 399743.743641912529711, 3782347.202441505622119 ], [ 399744.048830111918505, 3782347.202441505622119 ], [ 399744.659206510696094, 3782346.592065106611699 ], [ 399744.964394710084889, 3782346.592065106611699 ], [ 399745.574771108862478, 3782345.98168870806694 ], [ 399747.71108850458404, 3782345.98168870806694 ], [ 399748.016276703972835, 3782346.28687690757215 ], [ 399748.32146490336163, 3782346.28687690757215 ], [ 399750.152594099694397, 3782348.118006103672087 ], [ 399750.152594099694397, 3782349.643947100732476 ], [ 399750.457782299083192, 3782349.949135300237685 ], [ 399750.457782299083192, 3782350.559511698782444 ], [ 399750.152594099694397, 3782350.864699898287654 ], [ 399750.152594099694397, 3782351.169888097792864 ], [ 399749.847405900305603, 3782351.169888097792864 ], [ 399749.542217700916808, 3782351.475076296832412 ], [ 399749.542217700916808, 3782351.780264496337622 ], [ 399748.32146490336163, 3782353.001017293892801 ], [ 399748.32146490336163, 3782353.306205493398011 ], [ 399748.016276703972835, 3782353.306205493398011 ], [ 399747.71108850458404, 3782353.611393692903221 ], [ 399746.795523906417657, 3782353.611393692903221 ] ] ] } },
{ "type": "Feature", "properties": { "confidence": 0.99539196491241455, "class": 1, "regularized": "rectangle" }, "geometry": { "type": "Polygon", "coordinates": [ [ [ 400114.90625, 3781967.75 ], [ 400126.46875, 3781967.25 ], [ 400127.28125, 3781979.75 ], [ 400115.71875, 3781980.25 ], [ 400114.90625, 3781967.75 ] ] ] } },
{ "type": "Feature", "properties": { "confidence": 0.99513715505599976, "class": 1, "regularized": "rectangle" }, "geometry": { "type": "Polygon", "coordinates": [ [ [ 399762.625, 3781919.0 ], [ 399774.875, 3781919.0 ], [ 399774.875, 3781931.0 ], [ 399762.625, 3781931.0 ], [ 399762.625, 3781919.0 ] ] ] } },
{ "type": "Feature", "properties": { "confidence": 0.99403977394104004, "class": 1, "regularized": null }, "geometry": { "type": "Polygon", "coordinates": [ [ [ 399624.109867751772981, 3782197.355035605374724 ], [ 399623.804679552384187, 3782197.049847405869514 ], [ 399623.194303153606597, 3782197.049847405869514 ], [ 399622.889114954217803, 3782196.744659206364304 ], [ 399622.583926754829008, 3782196.744659206364304 ], [ 399621.668362156662624, 3782195.829094608314335 ], [ 399621.36317395727383, 3782195.829094608314335 ], [ 399620.447609359107446, 3782194.913530010264367 ], [ 399620.142421159718651, 3782194.913530010264367 ], [ 399620.142421159718651, 3782194.608341810759157 ], [ 399618.921668362163473, 3782193.387589013203979 ], [ 399618.921668362163473, 3782192.77721261465922 ], [ 399618.616480162774678, 3782192.47202441515401 ], [ 399618.616480162774678, 3782191.86164801614359 ], [ 399618.311291963385884, 3782191.556459817104042 ], [ 399618.311291963385884, 3782190.946083418093622 ], [ 399618.616480162774678, 3782190.640895218588412 ], [ 399618.616480162774678, 3782190.335707019548863 ], [ 399620.142421159718651, 3782188.809766022488475 ], [ 399620.447609359107446, 3782188.809766022488475 ], [ 399620.752797558496241, 3782188.504577822983265 ], [ 399621.057985757885035, 3782188.504577822983265 ], [ 399621.36317395727383, 3782188.199389623478055 ], [ 399621.668362156662624, 3782188.199389623478055 ], [ 399621.973550356051419, 3782187.894201424438506 ], [ 399622.278738555440214, 3782187.894201424438506 ], [ 399622.889114954217803, 3782187.283825025428087 ], [ 399624.72024415055057, 3782187.283825025428087 ], [ 399625.635808748716954, 3782188.199389623478055 ], [ 399625.635808748716954, 3782188.504577822983265 ], [ 399626.551373346883338, 3782189.420142421033233 ], [ 399626.856561546272133, 3782189.420142421033233 ], [ 399628.077314343827311, 3782190.640895218588412 ], [ 399628.077314343827311, 3782191.86164801614359 ], [ 399627.772126144438516, 3782192.1668362156488 ], [ 399627.772126144438516, 3782192.47202441515401 ], [ 399627.466937945049722, 3782192.77721261465922 ], [ 399627.466937945049722, 3782193.082400813698769 ], [ 399626.856561546272133, 3782193.692777212709188 ], [ 399626.856561546272133, 3782193.997965412214398 ], [ 399626.551373346883338, 3782194.303153611253947 ], [ 399626.551373346883338, 3782194.608341810759157 ], [ 399626.246185147494543, 3782194.913530010264367 ], [ 399626.246185147494543, 3782197.355035605374724 ], [ 399624.109867751772981, 3782197.355035605374724 ] ] ] } },
{ "type": "Feature", "properties": { "confidence": 0.99301427602767944, "class": 1, "regularized": null }, "geometry": { "type": "Polygon", "coordinates": [ [ [ 399812.105798575794324, 3782361.85147507628426 ], [ 399811.80061037640553, 3782361.54628687677905 ], [ 399811.19023397762794, 3782361.54628687677905 ], [ 399810.579857578850351, 3782360.935910478234291 ], [ 399810.579857578850351, 3782360.630722278729081 ], [ 399810.274669379461557, 3782360.325534079223871 ], [ 399810.274669379461557, 3782359.104781281668693 ], [ 399809.969481180072762, 3782358.799593082629144 ], [ 399809.969481180072762, 3782356.052899288013577 ], [ 399810.274669379461557, 3782355.747711088508368 ], [ 399810.274669379461557, 3782355.442522889003158 ], [ 399811.495422177016735, 3782354.221770091447979 ], [ 399811.495422177016735, 3782353.916581891942769 ], [ 399812.410986775183119, 3782353.001017293892801 ], [ 399815.15768056968227, 3782353.001017293892801 ], [ 399815.462868769071065, 3782353.306205493398011 ], [ 399816.073245167848654, 3782353.306205493398011 ], [ 399816.378433367237449, 3782353.611393692903221 ], [ 399816.683621566626243, 3782353.611393692903221 ], [ 399816.988809766015038, 3782353.916581891942769 ], [ 399817.599186164792627, 3782353.916581891942769 ], [ 399817.599186164792627, 3782354.221770091447979 ], [ 399817.904374364181422, 3782354.526958290953189 ], [ 399818.514750762959011, 3782354.526958290953189 ], [ 399818.819938962347806, 3782354.832146490458399 ], [ 399819.1251271617366, 3782354.832146490458399 ], [ 399820.040691759902984, 3782355.747711088508368 ], [ 399820.040691759902984, 3782357.578840285073966 ], [ 399819.735503560514189, 3782357.884028484113514 ], [ 399819.735503560514189, 3782358.189216683618724 ], [ 399819.430315361125395, 3782358.494404883123934 ], [ 399819.430315361125395, 3782358.799593082629144 ], [ 399818.514750762959011, 3782359.715157680679113 ], [ 399818.209562563570216, 3782359.715157680679113 ], [ 399817.904374364181422, 3782360.020345880184323 ], [ 399817.599186164792627, 3782360.020345880184323 ], [ 399816.988809766015038, 3782360.630722278729081 ], [ 399816.378433367237449, 3782360.630722278729081 ], [ 399816.073245167848654, 3782360.935910478234291 ], [ 399815.768056968459859, 3782360.935910478234291 ], [ 399815.462868769071065, 3782361.241098677739501 ], [ 399814.547304170904681, 3782361.241098677739501 ], [ 399814.242115971515886, 3782361.54628687677905 ], [ 399813.021363173960708, 3782361.54628687677905 ], [ 399812.716174974571913, 3782361.85147507628426 ], [ 399812.105798575794324, 3782361.85147507628426 ] ] ] } },
{ "type": "Feature", "properties": { "confidence": 0.99210441112518311, "class": 1, "regularized": null }, "geometry": { "type": "Polygon", "coordinates": [ [ [ 399655.849440488324035, 3782001.424211597070098 ], [ 399654.933875890157651, 3782000.508646999020129 ], [ 399654.933875890157651, 3782000.20345879951492 ], [ 399654.628687690768857, 3781999.89827060000971 ], [ 399654.628687690768857, 3781999.593082400970161 ], [ 399653.40793489315547, 3781998.372329603414983 ], [ 399652.492370294989087, 3781998.372329603414983 ], [ 399652.187182095600292, 3781998.067141403909773 ], [ 399649.745676500489935, 3781998.067141403909773 ], [ 399649.135300101712346, 3781997.456765004899353 ], [ 399649.135300101712346, 3781995.625635808799416 ], [ 399649.440488301101141, 3781995.320447609294206 ], [ 399649.440488301101141, 3781995.015259409788996 ], [ 399650.356052899267524, 3781994.099694811739028 ], [ 399650.661241098656319, 3781994.099694811739028 ], [ 399650.966429298045114, 3781993.794506612233818 ], [ 399651.271617497433908, 3781993.794506612233818 ], [ 399651.881993896211497, 3781993.184130213689059 ], [ 399653.102746693766676, 3781993.184130213689059 ], [ 399653.40793489315547, 3781993.489318413194269 ], [ 399653.713123092602473, 3781993.489318413194269 ], [ 399654.018311291991267, 3781993.794506612233818 ], [ 399654.323499491380062, 3781993.794506612233818 ], [ 399655.54425228893524, 3781995.015259409788996 ], [ 399655.849440488324035, 3781995.015259409788996 ], [ 399656.459816887101624, 3781995.625635808799416 ], [ 399656.765005086490419, 3781995.625635808799416 ], [ 399657.070193285879213, 3781995.930824008304626 ], [ 399657.375381485268008, 3781995.930824008304626 ], [ 399658.596134282823186, 3781997.151576805859804 ], [ 399658.596134282823186, 3781997.456765004899353 ], [ 399658.901322482211981, 3781997.761953204404563 ], [ 399658.901322482211981, 3781999.287894201464951 ], [ 399658.290946083434392, 3781999.89827060000971 ], [ 399658.290946083434392, 3782000.20345879951492 ], [ 399657.985757884045597, 3782000.20345879951492 ], [ 399657.375381485268008, 3782000.813835198525339 ], [ 399657.375381485268008, 3782001.119023397564888 ], [ 399657.070193285879213, 3782001.119023397564888 ], [ 399656.765005086490419, 3782001.424211597070098 ], [ 399655.849440488324035, 3782001.424211597070098 ] ] ] } },
{ "type": "Feature", "properties": { "confidence": 0.98986184597015381, "class": 1, "regularized": null }, "geometry": { "type": "Polygon", "coordinates": [ [ [ 399717.192268565588165, 3781950.457782299257815 ], [ 399717.192268565588165, 3781943.133265513926744 ], [ 399717.49745676497696, 3781943.133265513926744 ], [ 399717.802644964365754, 3781942.828077314421535 ], [ 399718.413021363201551, 3781942.828077314421535 ], [ 399718.718209562590346, 3781942.522889114916325 ], [ 399720.549338758923113, 3781942.522889114916325 ], [ 399721.464903357089497, 3781943.438453712966293 ], [ 399721.464903357089497, 3781943.743641912471503 ], [ 399722.075279755867086, 3781944.354018311481923 ], [ 399722.075279755867086, 3781944.659206510521472 ], [ 399722.685656154644676, 3781945.269582909531891 ], [ 399722.685656154644676, 3781946.18514750758186 ], [ 399722.99084435403347, 3781946.49033570708707 ], [ 399722.685656154644676, 3781946.79552390659228 ], [ 399722.685656154644676, 3781947.100712105631828 ], [ 399722.075279755867086, 3781947.711088504642248 ], [ 399721.770091556478292, 3781947.711088504642248 ], [ 399721.159715157700703, 3781948.321464903187007 ], [ 399720.854526958311908, 3781948.321464903187007 ], [ 399720.549338758923113, 3781948.626653102692217 ], [ 399720.244150559534319, 3781948.626653102692217 ], [ 399719.63377416075673, 3781949.237029501702636 ], [ 399719.328585961367935, 3781949.237029501702636 ], [ 399718.413021363201551, 3781950.152594099752605 ], [ 399718.107833163812757, 3781950.152594099752605 ], [ 399717.802644964365754, 3781950.457782299257815 ], [ 399717.192268565588165, 3781950.457782299257815 ] ] ] } },
{ "type": "Feature", "properties": { "confidence": 0.98916220664978027, "class": 1, "regularized": null }, "geometry": { "type": "Polygon", "coordinates": [ [ [ 399849.94913530012127, 3782153.407934893388301 ], [ 399849.94913530012127, 3782153.102746693883091 ], [ 399849.338758901343681, 3782152.492370294872671 ], [ 399849.338758901343681, 3782151.881993896327913 ], [ 399848.423194303177297, 3782150.966429298277944 ], [ 399848.423194303177297, 3782149.135300101712346 ], [ 399848.728382502566092, 3782149.135300101712346 ], [ 399849.338758901343681, 3782148.524923703167588 ], [ 399849.94913530012127, 3782148.524923703167588 ], [ 399850.559511698898859, 3782147.914547304157168 ], [ 399850.864699898287654, 3782147.914547304157168 ], [ 399851.169888097676449, 3782147.609359104651958 ], [ 399851.475076297065243, 3782147.609359104651958 ], [ 399851.780264496454038, 3782147.304170905612409 ], [ 399852.390640895231627, 3782147.304170905612409 ], [ 399852.695829094620422, 3782146.998982706107199 ], [ 399853.001017294009216, 3782146.998982706107199 ], [ 399853.306205493398011, 3782146.693794506601989 ], [ 399853.611393692786805, 3782146.693794506601989 ], [ 399853.9165818921756, 3782146.388606307096779 ], [ 399854.526958290953189, 3782146.388606307096779 ], [ 399855.137334689730778, 3782146.998982706107199 ], [ 399855.442522889119573, 3782146.998982706107199 ], [ 399855.442522889119573, 3782147.914547304157168 ], [ 399856.358087487285957, 3782148.830111902207136 ], [ 399856.663275686674751, 3782148.830111902207136 ], [ 399856.663275686674751, 3782149.135300101712346 ], [ 399857.273652085452341, 3782149.745676500722766 ], [ 399856.663275686674751, 3782150.356052899267524 ], [ 399856.358087487285957, 3782150.356052899267524 ], [ 399856.052899287897162, 3782150.661241098772734 ], [ 399855.747711088508368, 3782150.661241098772734 ], [ 399855.137334689730778, 3782151.271617497317493 ], [ 399854.832146490341984, 3782151.271617497317493 ], [ 399854.221770091564395, 3782151.881993896327913 ], [ 399853.9165818921756, 3782151.881993896327913 ], [ 399853.611393692786805, 3782152.187182095833123 ], [ 399853.306205493398011, 3782152.187182095833123 ], [ 399853.001017294009216, 3782152.492370294872671 ], [ 399852.695829094620422, 3782152.492370294872671 ], [ 399852.085452695842832, 3782153.102746693883091 ], [ 399851.780264496454038, 3782153.102746693883091 ], [ 399851.475076297065243, 3782153.407934893388301 ], [ 399849.94913530012127, 3782153.407934893388301 ] ] ] } },
{ "type": "Feature", "properties": { "confidence": 0.98715424537658691, "class": 1, "regularized": null }, "geometry": { "type": "Polygon", "coordinates": [ [ [ 400056.256358087470289, 3781938.555442522745579 ], [ 400055.6459816886927, 3781937.945066124200821 ], [ 400055.6459816886927, 3781936.113936927635223 ], [ 400055.951169888081495, 3781935.808748728595674 ], [ 400055.951169888081495, 3781932.146490335930139 ], [ 400056.561546286859084, 3781931.536113936919719 ], [ 400056.866734486247879, 3781931.536113936919719 ], [ 400057.782299084414262, 3781930.62054933886975 ], [ 400058.697863682580646, 3781930.62054933886975 ], [ 400059.003051881969441, 3781930.315361139364541 ], [ 400060.223804679524619, 3781930.315361139364541 ], [ 400060.528992878913414, 3781930.62054933886975 ], [ 400063.275686673470773, 3781930.62054933886975 ], [ 400063.580874872859567, 3781930.92573753837496 ], [ 400064.191251271637157, 3781930.92573753837496 ], [ 400064.191251271637157, 3781931.230925737414509 ], [ 400064.496439471025951, 3781931.536113936919719 ], [ 400064.496439471025951, 3781931.841302136424929 ], [ 400064.801627670414746, 3781932.146490335930139 ], [ 400064.801627670414746, 3781936.113936927635223 ], [ 400064.496439471025951, 3781936.419125127140433 ], [ 400064.496439471025951, 3781937.334689725190401 ], [ 400064.191251271637157, 3781937.639877924695611 ], [ 400064.191251271637157, 3781937.945066124200821 ], [ 400063.886063072248362, 3781938.250254323706031 ], [ 400063.275686673470773, 3781938.250254323706031 ], [ 400062.970498474081978, 3781938.555442522745579 ], [ 400056.256358087470289, 3781938.555442522745579 ] ] ] } },
{ "type": "Feature", "properties": { "confidence": 0.98622304201126099, "class": 1, "regularized": null }, "geometry": { "type": "Polygon", "coordinates": [ [ [ 399717.192268565588165, 3782379.857578840106726 ], [ 399717.192268565588165, 3782373.448626653291285 ], [ 399718.107833163812757, 3782373.448626653291285 ], [ 399718.413021363201551, 3782373.753814852330834 ], [ 399718.718209562590346, 3782373.753814852330834 ], [ 399719.02339776197914, 3782374.059003051836044 ], [ 399719.328585961367935, 3782374.059003051836044 ], [ 399719.328585961367935, 3782374.364191251341254 ], [ 399720.244150559534319, 3782375.279755849391222 ], [ 399720.549338758923113, 3782375.279755849391222 ], [ 399721.464903357089497, 3782376.19532044744119 ], [ 399721.464903357089497, 3782376.80569684645161 ], [ 399719.328585961367935, 3782378.942014242056757 ], [ 399719.02339776197914, 3782378.942014242056757 ], [ 399718.718209562590346, 3782379.247202441561967 ], [ 399718.413021363201551, 3782379.247202441561967 ], [ 399717.802644964365754, 3782379.857578840106726 ], [ 399717.192268565588165, 3782379.857578840106726 ] ] ] } },
{ "type": "Feature", "properties": { "confidence": 0.98606038093566895, "class": 1, "regularized": null }, "geometry": { "type": "Polygon", "coordinates": [ [ [ 399739.471007121086586, 3782191.556459817104042 ], [ 399739.165818921639584, 3782191.251271617598832 ], [ 399738.2502543234732, 3782191.251271617598832 ], [ 399737.945066124084406, 3782190.946083418093622 ], [ 399737.639877924695611, 3782190.946083418093622 ], [ 399735.503560528974049, 3782188.809766022488475 ], [ 399735.503560528974049, 3782186.978636825922877 ], [ 399736.113936927751638, 3782186.368260427378118 ], [ 399736.113936927751638, 3782186.063072227872908 ], [ 399736.419125127140433, 3782186.063072227872908 ], [ 399736.724313326529227, 3782185.757884028367698 ], [ 399737.029501525918022, 3782185.757884028367698 ], [ 399737.334689725306816, 3782185.452695828862488 ], [ 399737.639877924695611, 3782185.452695828862488 ], [ 399738.2502543234732, 3782184.84231943031773 ], [ 399738.860630722250789, 3782184.84231943031773 ], [ 399739.165818921639584, 3782184.53713123081252 ], [ 399742.217700915585738, 3782184.53713123081252 ], [ 399742.522889114974532, 3782184.84231943031773 ], [ 399743.133265513752121, 3782184.84231943031773 ], [ 399743.438453713140916, 3782185.14750762982294 ], [ 399743.438453713140916, 3782187.589013224933296 ], [ 399743.133265513752121, 3782187.894201424438506 ], [ 399743.133265513752121, 3782188.199389623478055 ], [ 399741.912512716196943, 3782189.420142421033233 ], [ 399741.912512716196943, 3782189.725330620538443 ], [ 399741.607324516808148, 3782190.030518820043653 ], [ 399741.607324516808148, 3782190.335707019548863 ], [ 399741.302136317419354, 3782190.640895218588412 ], [ 399741.302136317419354, 3782191.251271617598832 ], [ 399740.38657171925297, 3782191.251271617598832 ], [ 399740.081383519864175, 3782191.556459817104042 ], [ 399739.471007121086586, 3782191.556459817104042 ] ] ] } },
{ "type": "Feature", "properties": { "confidence": 0.98503971099853516, "class": 1, "regularized": null }, "geometry": { "type": "Polygon", "coordinates": [ [ [ 399639.674465920659713, 3782130.21363173937425 ], [ 399639.369277721270919, 3782129.908443540334702 ], [ 399638.75890132249333, 3782129.908443540334702 ], [ 399638.453713123104535, 3782129.603255340829492 ], [ 399638.14852492371574, 3782129.603255340829492 ], [ 399638.14852492371574, 3782129.298067141324282 ], [ 399637.843336724326946, 3782128.992878941819072 ], [ 399637.843336724326946, 3782128.382502543274313 ], [ 399638.14852492371574, 3782128.077314343769103 ], [ 399638.14852492371574, 3782127.466937945224345 ], [ 399638.75890132249333, 3782126.856561546213925 ], [ 399638.75890132249333, 3782126.551373346708715 ], [ 399639.369277721270919, 3782125.940996948163956 ], [ 399639.674465920659713, 3782125.940996948163956 ], [ 399640.590030518826097, 3782125.025432350113988 ], [ 399640.590030518826097, 3782124.720244150608778 ], [ 399641.200406917603686, 3782124.109867751598358 ], [ 399641.505595116992481, 3782124.109867751598358 ], [ 399641.810783316381276, 3782123.80467955255881 ], [ 399642.11597151577007, 3782123.80467955255881 ], [ 399642.726347914547659, 3782123.19430315354839 ], [ 399643.031536113936454, 3782123.19430315354839 ], [ 399643.336724313325249, 3782122.88911495404318 ], [ 399643.641912512714043, 3782122.88911495404318 ], [ 399645.778229908435605, 3782125.025432350113988 ], [ 399645.778229908435605, 3782125.330620549153537 ], [ 399646.0834181078244, 3782125.635808748658746 ], [ 399646.0834181078244, 3782125.940996948163956 ], [ 399645.778229908435605, 3782126.246185147669166 ], [ 399645.778229908435605, 3782126.551373346708715 ], [ 399645.473041709046811, 3782126.856561546213925 ], [ 399645.473041709046811, 3782127.161749745719135 ], [ 399645.167853509658016, 3782127.161749745719135 ], [ 399644.252288911491632, 3782128.077314343769103 ], [ 399643.947100712102838, 3782128.077314343769103 ], [ 399643.336724313325249, 3782128.687690742779523 ], [ 399643.031536113936454, 3782128.687690742779523 ], [ 399642.421159715158865, 3782129.298067141324282 ], [ 399642.11597151577007, 3782129.298067141324282 ], [ 399641.810783316381276, 3782129.603255340829492 ], [ 399641.505595116992481, 3782129.603255340829492 ], [ 399641.200406917603686, 3782129.908443540334702 ], [ 399640.895218718214892, 3782129.908443540334702 ], [ 399640.590030518826097, 3782130.21363173937425 ], [ 399639.674465920659713, 3782130.21363173937425 ] ] ] } },
{ "type": "Feature", "properties": { "confidence": 0.98500752449035645, "class": 1, "regularized": null }, "geometry": { "type": "Polygon", "coordinates": [ [ [ 399774.872838250244968, 3782325.228891149628907 ], [ 399774.567650050856173, 3782324.923702950123698 ], [ 399774.262461851467378, 3782324.923702950123698 ], [ 399773.957273652078584, 3782324.618514750618488 ], [ 399773.957273652078584, 3782324.008138352073729 ], [ 399773.652085452689789, 3782323.702950152568519 ], [ 399773.652085452689789, 3782319.735503560397774 ], [ 399774.262461851467378, 3782319.125127161853015 ], [ 399774.567650050856173, 3782319.125127161853015 ], [ 399774.872838250244968, 3782318.819938962347806 ], [ 399775.178026449633762, 3782318.819938962347806 ], [ 399775.483214649022557, 3782318.514750762842596 ], [ 399775.788402848411351, 3782318.514750762842596 ], [ 399776.093591047800146, 3782318.209562563803047 ], [ 399776.398779247188941, 3782318.209562563803047 ], [ 399776.703967446577735, 3782317.904374364297837 ], [ 399777.00915564596653, 3782317.904374364297837 ], [ 399777.314343845355324, 3782317.599186164792627 ], [ 399777.924720244132914, 3782317.599186164792627 ], [ 399778.229908443521708, 3782317.293997965287417 ], [ 399778.840284842299297, 3782317.293997965287417 ], [ 399779.145473041688092, 3782316.988809766247869 ], [ 399780.36622583924327, 3782316.988809766247869 ], [ 399780.671414038632065, 3782317.293997965287417 ], [ 399780.671414038632065, 3782317.904374364297837 ], [ 399781.586978636798449, 3782318.819938962347806 ], [ 399781.586978636798449, 3782319.125127161853015 ], [ 399781.892166836187243, 3782319.430315361358225 ], [ 399781.892166836187243, 3782319.735503560397774 ], [ 399782.197355035634246, 3782320.040691759902984 ], [ 399782.197355035634246, 3782320.345879959408194 ], [ 399781.281790437409654, 3782321.261444557458162 ], [ 399780.97660223802086, 3782321.261444557458162 ], [ 399780.36622583924327, 3782321.871820956468582 ], [ 399780.061037639854476, 3782321.871820956468582 ], [ 399779.450661241076887, 3782322.482197355013341 ], [ 399779.145473041688092, 3782322.482197355013341 ], [ 399777.314343845355324, 3782324.313326551578939 ], [ 399777.00915564596653, 3782324.313326551578939 ], [ 399776.703967446577735, 3782324.618514750618488 ], [ 399776.093591047800146, 3782324.618514750618488 ], [ 399775.788402848411351, 3782324.923702950123698 ], [ 399775.483214649022557, 3782324.923702950123698 ], [ 399775.178026449633762, 3782325.228891149628907 ], [ 399774.872838250244968, 3782325.228891149628907 ] ] ] } },
{ "type": "Feature", "properties": { "confidence": 0.98029148578643799, "class": 1, "regularized": null }, "geometry": { "type": "Polygon", "coordinates": [ [ [ 399727.568667344865389, 3781919.938962359912694 ], [ 399727.263479145476595, 3781919.633774160873145 ], [ 399726.9582909460878, 3781919.633774160873145 ], [ 399726.9582909460878, 3781913.224821973592043 ], [ 399727.263479145476595, 3781912.919633774086833 ], [ 399727.263479145476595, 3781910.478128178976476 ], [ 399727.568667344865389, 3781910.172939979471266 ], [ 399727.568667344865389, 3781909.867751780431718 ], [ 399727.873855544254184, 3781909.867751780431718 ], [ 399728.179043743642978, 3781909.562563580926508 ], [ 399730.315361139364541, 3781909.562563580926508 ], [ 399730.620549338753335, 3781909.867751780431718 ], [ 399730.92573753814213, 3781909.867751780431718 ], [ 399731.230925737530924, 3781910.172939979471266 ], [ 399731.536113936919719, 3781910.172939979471266 ], [ 399732.146490335697308, 3781910.783316378481686 ], [ 399733.062054933863692, 3781910.783316378481686 ], [ 399733.367243133252487, 3781910.478128178976476 ], [ 399734.587995930807665, 3781910.478128178976476 ], [ 399734.89318413019646, 3781910.783316378481686 ], [ 399735.198372329585254, 3781910.783316378481686 ], [ 399735.503560528974049, 3781911.088504577986896 ], [ 399735.503560528974049, 3781911.698880976531655 ], [ 399735.808748728362843, 3781912.004069176036865 ], [ 399735.808748728362843, 3781912.614445574581623 ], [ 399736.113936927751638, 3781912.919633774086833 ], [ 399736.113936927751638, 3781919.938962359912694 ], [ 399727.568667344865389, 3781919.938962359912694 ] ] ] } },
{ "type": "Feature", "properties": { "confidence": 0.97939896583557129, "class": 1, "regularized": null }, "geometry": { "type": "Polygon", "coordinates": [ [ [ 400120.956256358069368, 3782096.032553407829255 ], [ 400120.345879959291779, 3782095.422177009284496 ], [ 400120.345879959291779, 3782095.116988809779286 ], [ 400120.651068158680573, 3782094.811800610274076 ], [ 400120.651068158680573, 3782091.454730417113751 ], [ 400121.261444557458162, 3782090.844354018103331 ], [ 400128.280773143458646, 3782090.844354018103331 ], [ 400130.111902339791413, 3782092.67548321466893 ], [ 400130.111902339791413, 3782093.591047812718898 ], [ 400130.417090539180208, 3782093.896236012224108 ], [ 400130.417090539180208, 3782095.116988809779286 ], [ 400130.722278738569003, 3782095.422177009284496 ], [ 400130.417090539180208, 3782095.727365208324045 ], [ 400129.806714140402619, 3782095.727365208324045 ], [ 400129.501525941013824, 3782096.032553407829255 ], [ 400120.956256358069368, 3782096.032553407829255 ] ] ] } },
{ "type": "Feature", "properties": { "confidence": 0.97736459970474243, "class": 1, "regularized": null }, "geometry": { "type": "Polygon", "coordinates": [ [ [ 399875.890132248227019, 3782132.349949135445058 ], [ 399875.890132248227019, 3782132.044760935939848 ], [ 399875.584944048838224, 3782131.739572736434639 ], [ 399875.584944048838224, 3782131.12919633788988 ], [ 399874.059003051894251, 3782129.603255340829492 ], [ 399874.059003051894251, 3782129.298067141324282 ], [ 399873.448626653116662, 3782128.687690742779523 ], [ 399873.448626653116662, 3782128.382502543274313 ], [ 399873.143438453727867, 3782128.077314343769103 ], [ 399873.143438453727867, 3782127.466937945224345 ], [ 399872.838250254339073, 3782127.161749745719135 ], [ 399872.838250254339073, 3782126.856561546213925 ], [ 399881.993896236002911, 3782126.856561546213925 ], [ 399881.993896236002911, 3782127.466937945224345 ], [ 399882.299084435391705, 3782127.772126144263893 ], [ 399882.299084435391705, 3782129.298067141324282 ], [ 399881.993896236002911, 3782129.603255340829492 ], [ 399881.688708036614116, 3782129.603255340829492 ], [ 399881.383519837225322, 3782129.908443540334702 ], [ 399880.773143438447732, 3782129.908443540334702 ], [ 399880.467955239058938, 3782130.21363173937425 ], [ 399879.552390640892554, 3782130.21363173937425 ], [ 399879.247202441503759, 3782130.51881993887946 ], [ 399878.63682604272617, 3782130.51881993887946 ], [ 399878.026449643948581, 3782131.12919633788988 ], [ 399878.026449643948581, 3782131.434384536929429 ], [ 399877.721261444559786, 3782131.739572736434639 ], [ 399877.416073245170992, 3782131.739572736434639 ], [ 399877.110885045782197, 3782132.044760935939848 ], [ 399877.110885045782197, 3782132.349949135445058 ], [ 399875.890132248227019, 3782132.349949135445058 ] ] ] } },
{ "type": "Feature", "properties": { "confidence": 0.97637993097305298, "class": 1, "regularized": null }, "geometry": { "type": "Polygon", "coordinates": [ [ [ 399862.156663275673054, 3782013.326551373116672 ], [ 399861.85147507628426, 3782013.021363174077123 ], [ 399861.546286876895465, 3782013.021363174077123 ], [ 399861.546286876895465, 3782012.716174974571913 ], [ 399861.24109867750667, 3782012.410986775066704 ], [ 399861.24109867750667, 3782012.105798575561494 ], [ 399860.935910478117876, 3782011.800610376521945 ], [ 399860.630722278729081, 3782011.800610376521945 ], [ 399860.630722278729081, 3782011.495422177016735 ], [ 399860.325534079340287, 3782011.190233977511525 ], [ 399860.020345879951492, 3782011.190233977511525 ], [ 399860.020345879951492, 3782010.885045778006315 ], [ 399859.715157680562697, 3782010.579857578966767 ], [ 399859.715157680562697, 3782009.664292980451137 ], [ 399868.260427263507154, 3782009.664292980451137 ], [ 399868.260427263507154, 3782010.274669379461557 ], [ 399867.955239064118359, 3782010.274669379461557 ], [ 399867.650050864671357, 3782010.579857578966767 ], [ 399867.344862665282562, 3782010.579857578966767 ], [ 399867.039674465893768, 3782010.885045778006315 ], [ 399867.039674465893768, 3782011.190233977511525 ], [ 399866.734486266504973, 3782011.190233977511525 ], [ 399866.429298067116179, 3782011.495422177016735 ], [ 399866.124109867727384, 3782011.495422177016735 ], [ 399865.818921668338589, 3782011.800610376521945 ], [ 399865.513733468949795, 3782011.800610376521945 ], [ 399864.903357070172206, 3782012.410986775066704 ], [ 399864.598168870783411, 3782012.410986775066704 ], [ 399863.987792472005822, 3782013.021363174077123 ], [ 399863.682604272617027, 3782013.021363174077123 ], [ 399863.377416073228233, 3782013.326551373116672 ], [ 399862.156663275673054, 3782013.326551373116672 ] ] ] } },
{ "type": "Feature", "properties": { "confidence": 0.97569125890731812, "class": 1, "regularized": null }, "geometry": { "type": "Polygon", "coordinates": [ [ [ 399861.546286876895465, 3782165.615462868940085 ], [ 399861.546286876895465, 3782164.394710071384907 ], [ 399861.85147507628426, 3782164.089521871879697 ], [ 399861.85147507628426, 3782163.479145472869277 ], [ 399862.767039674450643, 3782162.563580874819309 ], [ 399863.377416073228233, 3782162.563580874819309 ], [ 399863.682604272617027, 3782162.258392675314099 ], [ 399863.987792472005822, 3782162.258392675314099 ], [ 399864.292980671394616, 3782161.95320447627455 ], [ 399864.903357070172206, 3782161.95320447627455 ], [ 399865.208545269561, 3782161.64801627676934 ], [ 399865.513733468949795, 3782161.64801627676934 ], [ 399865.818921668338589, 3782161.34282807726413 ], [ 399866.734486266504973, 3782161.34282807726413 ], [ 399867.039674465893768, 3782161.64801627676934 ], [ 399867.344862665282562, 3782161.64801627676934 ], [ 399867.650050864671357, 3782161.95320447627455 ], [ 399868.565615462895948, 3782161.95320447627455 ], [ 399868.870803662284743, 3782161.64801627676934 ], [ 399870.396744659228716, 3782161.64801627676934 ], [ 399871.007121058006305, 3782162.258392675314099 ], [ 399871.007121058006305, 3782162.563580874819309 ], [ 399871.3123092573951, 3782162.868769074324518 ], [ 399871.617497456783894, 3782162.868769074324518 ], [ 399871.617497456783894, 3782163.479145472869277 ], [ 399872.227873855561484, 3782164.089521871879697 ], [ 399872.227873855561484, 3782164.699898270424455 ], [ 399872.838250254339073, 3782165.310274669434875 ], [ 399872.838250254339073, 3782165.615462868940085 ], [ 399861.546286876895465, 3782165.615462868940085 ] ] ] } },
{ "type": "Feature", "properties": { "confidence": 0.97370195388793945, "class": 1, "regularized": null }, "geometry": { "type": "Polygon", "coordinates": [ [ [ 399741.607324516808148, 3782206.815869786310941 ], [ 399741.302136317419354, 3782206.510681586805731 ], [ 399740.691759918641765, 3782206.510681586805731 ], [ 399740.081383519864175, 3782205.900305188260972 ], [ 399739.776195320475381, 3782205.900305188260972 ], [ 399736.724313326529227, 3782202.848423194140196 ], [ 399736.419125127140433, 3782202.848423194140196 ], [ 399735.808748728362843, 3782202.238046795595437 ], [ 399735.808748728362843, 3782201.932858596090227 ], [ 399735.503560528974049, 3782201.627670396585017 ], [ 399735.503560528974049, 3782200.406917599029839 ], [ 399735.808748728362843, 3782200.10172939999029 ], [ 399737.639877924695611, 3782200.10172939999029 ], [ 399737.945066124084406, 3782199.79654120048508 ], [ 399738.555442522861995, 3782199.79654120048508 ], [ 399738.860630722250789, 3782199.491353000979871 ], [ 399739.165818921639584, 3782199.491353000979871 ], [ 399739.776195320475381, 3782198.880976602435112 ], [ 399740.081383519864175, 3782198.880976602435112 ], [ 399740.38657171925297, 3782198.575788402929902 ], [ 399740.691759918641765, 3782198.880976602435112 ], [ 399742.522889114974532, 3782198.880976602435112 ], [ 399742.828077314363327, 3782198.575788402929902 ], [ 399744.659206510696094, 3782198.575788402929902 ], [ 399744.964394710084889, 3782198.270600203424692 ], [ 399745.574771108862478, 3782198.270600203424692 ], [ 399745.879959308251273, 3782197.965412003919482 ], [ 399746.490335707028862, 3782197.965412003919482 ], [ 399747.100712105806451, 3782197.355035605374724 ], [ 399747.71108850458404, 3782197.355035605374724 ], [ 399748.32146490336163, 3782196.744659206364304 ], [ 399748.626653102750424, 3782197.049847405869514 ], [ 399748.931841302139219, 3782197.049847405869514 ], [ 399749.542217700916808, 3782197.660223804879934 ], [ 399749.542217700916808, 3782201.017293998040259 ], [ 399749.237029501528013, 3782201.322482197545469 ], [ 399749.237029501528013, 3782201.932858596090227 ], [ 399748.626653102750424, 3782202.543234995100647 ], [ 399748.626653102750424, 3782202.848423194140196 ], [ 399745.269582909473684, 3782206.205493387766182 ], [ 399744.964394710084889, 3782206.205493387766182 ], [ 399744.659206510696094, 3782206.510681586805731 ], [ 399744.3540183113073, 3782206.510681586805731 ], [ 399744.048830111918505, 3782206.815869786310941 ], [ 399741.607324516808148, 3782206.815869786310941 ] ] ] } },
{ "type": "Feature", "properties": { "confidence": 0.97234296798706055, "class": 1, "regularized": null }, "geometry": { "type": "Polygon", "coordinates": [ [ [ 400097.151576805685181, 3782092.37029501516372 ], [ 400096.846388606296387, 3782092.06510681565851 ], [ 400091.047812817909289, 3782092.06510681565851 ], [ 400090.742624618520495, 3782091.759918616618961 ], [ 400090.132248219742905, 3782091.759918616618961 ], [ 400089.216683621576522, 3782090.844354018103331 ], [ 400089.216683621576522, 3782090.539165819063783 ], [ 400088.911495422187727, 3782090.233977619558573 ], [ 400088.911495422187727, 3782089.013224822003394 ], [ 400089.216683621576522, 3782088.708036622498184 ], [ 400097.76195320446277, 3782088.708036622498184 ], [ 400098.067141403851565, 3782089.013224822003394 ], [ 400098.982706002017949, 3782089.013224822003394 ], [ 400099.287894201406743, 3782089.318413021508604 ], [ 400100.203458799573127, 3782089.318413021508604 ], [ 400100.508646998961922, 3782089.623601220548153 ], [ 400101.119023397739511, 3782089.623601220548153 ], [ 400101.424211597128306, 3782089.928789420053363 ], [ 400101.424211597128306, 3782091.454730417113751 ], [ 400101.119023397739511, 3782091.759918616618961 ], [ 400101.119023397739511, 3782092.06510681565851 ], [ 400098.982706002017949, 3782092.06510681565851 ], [ 400098.677517802629154, 3782092.37029501516372 ], [ 400097.151576805685181, 3782092.37029501516372 ] ] ] } },
{ "type": "Feature", "properties": { "confidence": 0.97086423635482788, "class": 1, "regularized": null }, "geometry": { "type": "Polygon", "coordinates": [ [ [ 399834.384537131234538, 3782155.544252288993448 ], [ 399834.384537131234538, 3782146.083418108057231 ], [ 399834.689725330623332, 3782146.083418108057231 ], [ 399835.910478128178511, 3782147.304170905612409 ], [ 399835.910478128178511, 3782147.609359104651958 ], [ 399836.5208545269561, 3782148.219735503662378 ], [ 399836.5208545269561, 3782148.524923703167588 ], [ 399838.046795523900073, 3782150.050864699762315 ], [ 399838.046795523900073, 3782150.356052899267524 ], [ 399838.351983723288868, 3782150.661241098772734 ], [ 399838.351983723288868, 3782150.966429298277944 ], [ 399838.657171922677662, 3782151.271617497317493 ], [ 399838.657171922677662, 3782152.492370294872671 ], [ 399838.351983723288868, 3782152.797558494377881 ], [ 399838.351983723288868, 3782153.102746693883091 ], [ 399837.741607324511278, 3782153.71312309242785 ], [ 399836.826042726344895, 3782153.71312309242785 ], [ 399836.5208545269561, 3782154.01831129193306 ], [ 399836.215666327567305, 3782154.01831129193306 ], [ 399834.689725330623332, 3782155.544252288993448 ], [ 399834.384537131234538, 3782155.544252288993448 ] ] ] } },
{ "type": "Feature", "properties": { "confidence": 0.97076427936553955, "class": 1, "regularized": null }, "geometry": { "type": "Polygon", "coordinates": [ [ [ 399987.894201424205676, 3781820.447609358932823 ], [ 399987.283825025428087, 3781819.837232960388064 ], [ 399987.283825025428087, 3781819.532044760882854 ], [ 399986.978636826039292, 3781819.226856561377645 ], [ 399986.978636826039292, 3781818.616480162832886 ], [ 399986.673448626650497, 3781818.311291963327676 ], [ 399986.673448626650497, 3781817.700915564782917 ], [ 399986.368260427261703, 3781817.395727365277708 ], [ 399986.368260427261703, 3781811.291963377501816 ], [ 399986.673448626650497, 3781810.986775177996606 ], [ 399986.673448626650497, 3781810.681586978491396 ], [ 399986.978636826039292, 3781810.376398779451847 ], [ 399986.978636826039292, 3781810.071210579946637 ], [ 399987.589013224816881, 3781810.071210579946637 ], [ 399987.894201424205676, 3781809.766022380441427 ], [ 399990.335707019316033, 3781809.766022380441427 ], [ 399990.335707019316033, 3781819.532044760882854 ], [ 399990.030518819927238, 3781819.532044760882854 ], [ 399989.725330620538443, 3781819.837232960388064 ], [ 399989.114954221760854, 3781819.837232960388064 ], [ 399988.504577822983265, 3781820.447609358932823 ], [ 399987.894201424205676, 3781820.447609358932823 ] ] ] } },
{ "type": "Feature", "properties": { "confidence": 0.96924221515655518, "class": 1, "regularized": null }, "geometry": { "type": "Polygon", "coordinates": [ [ [ 399895.422177009168081, 3782085.045778229832649 ], [ 399895.116988809779286, 3782084.740590030327439 ], [ 399894.811800610390492, 3782084.740590030327439 ], [ 399894.506612411001697, 3782084.435401831287891 ], [ 399894.506612411001697, 3782083.825025432277471 ], [ 399894.201424211612903, 3782083.519837232772261 ], [ 399894.201424211612903, 3782080.467955239117146 ], [ 399894.506612411001697, 3782080.162767039611936 ], [ 399894.506612411001697, 3782078.942014242056757 ], [ 399895.116988809779286, 3782078.942014242056757 ], [ 399895.422177009168081, 3782078.636826042551547 ], [ 399895.727365208556876, 3782078.636826042551547 ], [ 399896.03255340794567, 3782078.942014242056757 ], [ 399896.642929806723259, 3782078.942014242056757 ], [ 399897.253306205500849, 3782079.552390641067177 ], [ 399899.389623601222411, 3782079.552390641067177 ], [ 399899.694811800611205, 3782079.857578840106726 ], [ 399899.694811800611205, 3782081.383519837167114 ], [ 399899.389623601222411, 3782081.688708036672324 ], [ 399899.389623601222411, 3782082.299084435217083 ], [ 399899.084435401833616, 3782082.604272634722292 ], [ 399899.084435401833616, 3782083.214649033732712 ], [ 399898.168870803667232, 3782084.130213631782681 ], [ 399898.168870803667232, 3782084.435401831287891 ], [ 399897.863682604278438, 3782084.435401831287891 ], [ 399897.253306205500849, 3782085.045778229832649 ], [ 399895.422177009168081, 3782085.045778229832649 ] ] ] } },
{ "type": "Feature", "properties": { "confidence": 0.96877217292785645, "class": 1, "regularized": null }, "geometry": { "type": "Polygon", "coordinates": [ [ [ 399717.192268565588165, 3781904.679552390705794 ], [ 399717.192268565588165, 3781898.575788402929902 ], [ 399717.49745676497696, 3781898.575788402929902 ], [ 399718.107833163812757, 3781897.965412003919482 ], [ 399718.413021363201551, 3781897.965412003919482 ], [ 399718.718209562590346, 3781897.660223804879934 ], [ 399718.718209562590346, 3781897.355035605374724 ], [ 399719.02339776197914, 3781897.049847405869514 ], [ 399719.938962360145524, 3781897.049847405869514 ], [ 399720.244150559534319, 3781896.744659206364304 ], [ 399720.854526958311908, 3781896.744659206364304 ], [ 399721.159715157700703, 3781896.439471007324755 ], [ 399721.159715157700703, 3781895.218718209769577 ], [ 399722.380467955255881, 3781895.218718209769577 ], [ 399722.685656154644676, 3781894.913530010264367 ], [ 399723.906408952199854, 3781894.913530010264367 ], [ 399724.211597151588649, 3781895.218718209769577 ], [ 399724.211597151588649, 3781901.627670396585017 ], [ 399723.906408952199854, 3781901.932858596090227 ], [ 399723.906408952199854, 3781902.238046795595437 ], [ 399723.601220752811059, 3781902.543234995100647 ], [ 399723.296032553422265, 3781902.543234995100647 ], [ 399722.685656154644676, 3781903.153611393645406 ], [ 399722.380467955255881, 3781903.153611393645406 ], [ 399722.075279755867086, 3781903.458799593150616 ], [ 399721.464903357089497, 3781903.458799593150616 ], [ 399721.159715157700703, 3781903.763987792655826 ], [ 399720.244150559534319, 3781903.763987792655826 ], [ 399719.938962360145524, 3781904.069175991695374 ], [ 399719.63377416075673, 3781904.069175991695374 ], [ 399719.328585961367935, 3781904.374364191200584 ], [ 399719.02339776197914, 3781904.374364191200584 ], [ 399718.718209562590346, 3781904.679552390705794 ], [ 399717.192268565588165, 3781904.679552390705794 ] ] ] } },
{ "type": "Feature", "properties": { "confidence": 0.96718752384185791, "class": 1, "regularized": null }, "geometry": { "type": "Polygon", "coordinates": [ [ [ 399886.57171922683483, 3782061.241098677739501 ], [ 399885.961342828057241, 3782060.630722278729081 ], [ 399885.656154628668446, 3782060.630722278729081 ], [ 399881.993896236002911, 3782056.968463886063546 ], [ 399881.993896236002911, 3782056.663275686558336 ], [ 399881.688708036614116, 3782056.358087487053126 ], [ 399881.688708036614116, 3782056.052899288013577 ], [ 399881.383519837225322, 3782055.747711088508368 ], [ 399881.383519837225322, 3782054.832146490458399 ], [ 399882.6042726347805, 3782053.611393692903221 ], [ 399882.6042726347805, 3782053.306205493398011 ], [ 399882.909460834169295, 3782053.306205493398011 ], [ 399883.825025432335678, 3782052.390640895348042 ], [ 399884.130213631724473, 3782052.390640895348042 ], [ 399884.435401831113268, 3782052.085452695842832 ], [ 399885.656154628668446, 3782052.085452695842832 ], [ 399887.182095625612419, 3782053.611393692903221 ], [ 399887.487283825001214, 3782053.611393692903221 ], [ 399888.402848423167598, 3782054.526958290953189 ], [ 399889.013224821945187, 3782054.526958290953189 ], [ 399889.013224821945187, 3782054.832146490458399 ], [ 399889.318413021392189, 3782055.137334689497948 ], [ 399889.623601220780984, 3782055.137334689497948 ], [ 399890.233977619558573, 3782055.747711088508368 ], [ 399890.539165818947367, 3782055.747711088508368 ], [ 399891.454730417113751, 3782056.663275686558336 ], [ 399891.149542217724957, 3782056.968463886063546 ], [ 399891.149542217724957, 3782057.578840285073966 ], [ 399890.844354018336162, 3782057.884028484113514 ], [ 399890.844354018336162, 3782058.189216683618724 ], [ 399890.233977619558573, 3782058.799593082629144 ], [ 399890.233977619558573, 3782059.104781281668693 ], [ 399889.928789420169778, 3782059.104781281668693 ], [ 399889.013224821945187, 3782060.020345880184323 ], [ 399888.708036622556392, 3782060.020345880184323 ], [ 399887.487283825001214, 3782061.241098677739501 ], [ 399886.57171922683483, 3782061.241098677739501 ] ] ] } },
{ "type": "Feature", "properties": { "confidence": 0.96596640348434448, "class": 1, "regularized": null }, "geometry": { "type": "Polygon", "coordinates": [ [ [ 399898.168870803667232, 3782342.319430315401405 ], [ 399897.863682604278438, 3782342.014242115896195 ], [ 399897.558494404889643, 3782342.014242115896195 ], [ 399896.948118006112054, 3782341.403865717351437 ], [ 399896.642929806723259, 3782341.403865717351437 ], [ 399896.642929806723259, 3782341.098677517846227 ], [ 399896.337741607334465, 3782340.793489318341017 ], [ 399896.337741607334465, 3782339.572736520785838 ], [ 399896.03255340794567, 3782339.267548321280628 ], [ 399896.337741607334465, 3782338.96236012224108 ], [ 399896.337741607334465, 3782338.04679552372545 ], [ 399896.642929806723259, 3782338.04679552372545 ], [ 399896.948118006112054, 3782337.741607324685901 ], [ 399897.558494404889643, 3782337.741607324685901 ], [ 399897.863682604278438, 3782337.436419125180691 ], [ 399898.168870803667232, 3782337.436419125180691 ], [ 399900.0, 3782335.605289928615093 ], [ 399900.305188199388795, 3782335.605289928615093 ], [ 399900.610376398777589, 3782335.300101729575545 ], [ 399902.136317395721562, 3782335.300101729575545 ], [ 399902.441505595110357, 3782335.605289928615093 ], [ 399902.746693794499151, 3782335.605289928615093 ], [ 399903.357070193276741, 3782336.215666327625513 ], [ 399903.357070193276741, 3782336.520854527130723 ], [ 399903.662258392665535, 3782336.826042726170272 ], [ 399902.441505595110357, 3782338.04679552372545 ], [ 399902.441505595110357, 3782338.35198372323066 ], [ 399901.831129196332768, 3782338.96236012224108 ], [ 399901.831129196332768, 3782339.572736520785838 ], [ 399901.525940996943973, 3782339.877924720291048 ], [ 399901.525940996943973, 3782340.488301118835807 ], [ 399901.220752797555178, 3782340.488301118835807 ], [ 399900.915564598166384, 3782340.793489318341017 ], [ 399900.610376398777589, 3782340.793489318341017 ], [ 399900.0, 3782341.403865717351437 ], [ 399899.694811800611205, 3782341.403865717351437 ], [ 399898.779247202444822, 3782342.319430315401405 ], [ 399898.168870803667232, 3782342.319430315401405 ] ] ] } },
{ "type": "Feature", "properties": { "confidence": 0.96536523103713989, "class": 1, "regularized": null }, "geometry": { "type": "Polygon", "coordinates": [ [ [ 399845.371312309231143, 3781956.256358087528497 ], [ 399845.371312309231143, 3781955.951169888023287 ], [ 399845.066124109842349, 3781955.645981688518077 ], [ 399845.066124109842349, 3781955.035605289973319 ], [ 399844.760935910453554, 3781954.730417090468109 ], [ 399844.760935910453554, 3781954.425228890962899 ], [ 399844.45574771106476, 3781954.12004069192335 ], [ 399844.45574771106476, 3781953.81485249241814 ], [ 399844.150559511675965, 3781953.50966429291293 ], [ 399844.150559511675965, 3781952.899287894368172 ], [ 399843.540183112898376, 3781952.288911495357752 ], [ 399843.540183112898376, 3781951.983723295852542 ], [ 399843.234994913509581, 3781951.678535096812993 ], [ 399843.234994913509581, 3781949.237029501702636 ], [ 399842.929806714120787, 3781948.931841302197427 ], [ 399843.234994913509581, 3781948.626653102692217 ], [ 399843.234994913509581, 3781948.321464903187007 ], [ 399843.540183112898376, 3781948.016276704147458 ], [ 399843.540183112898376, 3781947.711088504642248 ], [ 399843.84537131228717, 3781947.711088504642248 ], [ 399844.150559511675965, 3781947.405900305137038 ], [ 399844.150559511675965, 3781947.100712105631828 ], [ 399844.45574771106476, 3781946.79552390659228 ], [ 399844.45574771106476, 3781946.49033570708707 ], [ 399844.760935910453554, 3781946.49033570708707 ], [ 399845.371312309231143, 3781945.87995930807665 ], [ 399845.981688708008733, 3781945.87995930807665 ], [ 399846.286876907397527, 3781945.574771109037101 ], [ 399848.118006103788503, 3781945.574771109037101 ], [ 399848.423194303177297, 3781945.87995930807665 ], [ 399848.423194303177297, 3781946.18514750758186 ], [ 399848.728382502566092, 3781946.49033570708707 ], [ 399848.728382502566092, 3781947.711088504642248 ], [ 399849.033570701954886, 3781948.016276704147458 ], [ 399849.033570701954886, 3781948.321464903187007 ], [ 399849.338758901343681, 3781948.626653102692217 ], [ 399849.338758901343681, 3781951.068158697802573 ], [ 399849.643947100732476, 3781951.373346897307783 ], [ 399849.643947100732476, 3781953.20447609340772 ], [ 399849.338758901343681, 3781953.50966429291293 ], [ 399849.338758901343681, 3781954.425228890962899 ], [ 399849.033570701954886, 3781954.730417090468109 ], [ 399849.033570701954886, 3781955.035605289973319 ], [ 399848.728382502566092, 3781955.340793489478528 ], [ 399848.728382502566092, 3781955.645981688518077 ], [ 399848.423194303177297, 3781955.951169888023287 ], [ 399848.423194303177297, 3781956.256358087528497 ], [ 399845.371312309231143, 3781956.256358087528497 ] ] ] } },
{ "type": "Feature", "properties": { "confidence": 0.95931804180145264, "class": 1, "regularized": null }, "geometry": { "type": "Polygon", "coordinates": [ [ [ 399615.564598168886732, 3782186.063072227872908 ], [ 399615.259409969497938, 3782185.757884028367698 ], [ 399615.259409969497938, 3782184.53713123081252 ], [ 399614.649033570720349, 3782183.926754832267761 ], [ 399614.343845371331554, 3782183.926754832267761 ], [ 399614.038657171942759, 3782183.621566632762551 ], [ 399614.038657171942759, 3782183.316378433257341 ], [ 399613.123092573776376, 3782182.400813835207373 ], [ 399613.123092573776376, 3782182.095625635702163 ], [ 399612.817904374387581, 3782181.790437436196953 ], [ 399612.817904374387581, 3782180.874872838146985 ], [ 399613.123092573776376, 3782180.569684638641775 ], [ 399613.123092573776376, 3782180.264496439602226 ], [ 399613.42828077316517, 3782179.959308240097016 ], [ 399613.42828077316517, 3782179.348931841086596 ], [ 399613.733468972553965, 3782179.043743642047048 ], [ 399613.733468972553965, 3782178.738555442541838 ], [ 399614.343845371331554, 3782178.128179043531418 ], [ 399614.343845371331554, 3782177.822990844491869 ], [ 399614.649033570720349, 3782177.822990844491869 ], [ 399615.869786368275527, 3782176.602238046936691 ], [ 399616.785350966441911, 3782176.602238046936691 ], [ 399619.226856561552268, 3782179.043743642047048 ], [ 399619.532044760941062, 3782179.043743642047048 ], [ 399621.36317395727383, 3782180.874872838146985 ], [ 399621.36317395727383, 3782182.095625635702163 ], [ 399620.752797558496241, 3782182.706002034712583 ], [ 399620.447609359107446, 3782182.706002034712583 ], [ 399617.3957273652195, 3782185.757884028367698 ], [ 399617.090539165830705, 3782185.757884028367698 ], [ 399616.785350966441911, 3782186.063072227872908 ], [ 399615.564598168886732, 3782186.063072227872908 ] ] ] } },
{ "type": "Feature", "properties": { "confidence": 0.95824885368347168, "class": 1, "regularized": null }, "geometry": { "type": "Polygon", "coordinates": [ [ [ 399708.646998982701916, 3781982.197355035692453 ], [ 399707.731434384535532, 3781981.281790437642485 ], [ 399707.731434384535532, 3781980.671414038632065 ], [ 399707.426246185146738, 3781980.366225839126855 ], [ 399707.426246185146738, 3781979.450661241076887 ], [ 399707.731434384535532, 3781979.145473041571677 ], [ 399707.731434384535532, 3781978.535096643026918 ], [ 399707.426246185146738, 3781978.229908443521708 ], [ 399707.426246185146738, 3781975.178026449866593 ], [ 399707.731434384535532, 3781974.872838250361383 ], [ 399708.036622583924327, 3781974.872838250361383 ], [ 399708.341810783313122, 3781974.567650050856173 ], [ 399708.646998982701916, 3781974.567650050856173 ], [ 399708.952187182090711, 3781974.262461851350963 ], [ 399709.5625635808683, 3781974.262461851350963 ], [ 399709.867751780257095, 3781973.957273652311414 ], [ 399710.172939979645889, 3781974.262461851350963 ], [ 399710.172939979645889, 3781974.567650050856173 ], [ 399710.478128179034684, 3781974.872838250361383 ], [ 399710.478128179034684, 3781975.178026449866593 ], [ 399711.088504577812273, 3781975.788402848411351 ], [ 399711.088504577812273, 3781976.093591047916561 ], [ 399711.393692777201068, 3781976.398779247421771 ], [ 399711.393692777201068, 3781977.00915564596653 ], [ 399711.698880976589862, 3781977.31434384547174 ], [ 399711.698880976589862, 3781977.924720244016498 ], [ 399712.004069175978657, 3781978.229908443521708 ], [ 399712.004069175978657, 3781978.840284842532128 ], [ 399712.309257375367451, 3781979.145473041571677 ], [ 399712.309257375367451, 3781979.450661241076887 ], [ 399712.614445574756246, 3781979.755849440582097 ], [ 399712.614445574756246, 3781980.976602238137275 ], [ 399712.004069175978657, 3781981.586978636682034 ], [ 399711.698880976589862, 3781981.586978636682034 ], [ 399711.393692777201068, 3781981.892166836187243 ], [ 399710.478128179034684, 3781981.892166836187243 ], [ 399710.172939979645889, 3781982.197355035692453 ], [ 399708.646998982701916, 3781982.197355035692453 ] ] ] } },
{ "type": "Feature", "properties": { "confidence": 0.95494866371154785, "class": 1, "regularized": null }, "geometry": { "type": "Polygon", "coordinates": [ [ [ 399662.258392675488722, 3782132.349949135445058 ], [ 399661.953204476099927, 3782132.044760935939848 ], [ 399661.342828077322338, 3782132.044760935939848 ], [ 399660.732451678544749, 3782131.434384536929429 ], [ 399660.427263479155954, 3782131.434384536929429 ], [ 399660.427263479155954, 3782131.12919633788988 ], [ 399659.816887080378365, 3782130.51881993887946 ], [ 399659.816887080378365, 3782130.21363173937425 ], [ 399659.51169888098957, 3782129.908443540334702 ], [ 399659.51169888098957, 3782128.992878941819072 ], [ 399659.206510681600776, 3782128.687690742779523 ], [ 399659.206510681600776, 3782127.772126144263893 ], [ 399659.51169888098957, 3782127.466937945224345 ], [ 399659.51169888098957, 3782127.161749745719135 ], [ 399660.427263479155954, 3782126.246185147669166 ], [ 399660.732451678544749, 3782126.246185147669166 ], [ 399661.037639877933543, 3782125.940996948163956 ], [ 399661.342828077322338, 3782125.940996948163956 ], [ 399661.953204476099927, 3782125.330620549153537 ], [ 399662.258392675488722, 3782125.330620549153537 ], [ 399662.868769074266311, 3782124.720244150608778 ], [ 399663.173957273655105, 3782124.720244150608778 ], [ 399663.4791454730439, 3782124.415055951103568 ], [ 399663.784333672432695, 3782124.415055951103568 ], [ 399664.699898270599078, 3782123.4994913530536 ], [ 399665.005086469987873, 3782123.4994913530536 ], [ 399665.615462868765462, 3782122.88911495404318 ], [ 399665.920651068154257, 3782122.88911495404318 ], [ 399666.225839267543051, 3782122.583926755003631 ], [ 399668.056968463875819, 3782122.583926755003631 ], [ 399668.667344862653408, 3782123.19430315354839 ], [ 399668.972533062042203, 3782123.19430315354839 ], [ 399668.972533062042203, 3782123.4994913530536 ], [ 399669.888097660208587, 3782124.415055951103568 ], [ 399669.582909460819792, 3782124.720244150608778 ], [ 399669.582909460819792, 3782125.025432350113988 ], [ 399669.277721261430997, 3782125.025432350113988 ], [ 399667.141403865709435, 3782127.161749745719135 ], [ 399666.836215666320641, 3782127.161749745719135 ], [ 399666.225839267543051, 3782127.772126144263893 ], [ 399665.920651068154257, 3782127.772126144263893 ], [ 399665.615462868765462, 3782128.077314343769103 ], [ 399665.615462868765462, 3782128.382502543274313 ], [ 399664.089521871821489, 3782129.908443540334702 ], [ 399664.089521871821489, 3782130.21363173937425 ], [ 399663.784333672432695, 3782130.51881993887946 ], [ 399663.784333672432695, 3782130.82400813838467 ], [ 399663.173957273655105, 3782131.434384536929429 ], [ 399663.173957273655105, 3782132.044760935939848 ], [ 399662.563580874877516, 3782132.044760935939848 ], [ 399662.258392675488722, 3782132.349949135445058 ] ] ] } },
{ "type": "Feature", "properties": { "confidence": 0.95378202199935913, "class": 1, "regularized": null }, "geometry": { "type": "Polygon", "coordinates": [ [ [ 399925.940996948105749, 3781911.393692777026445 ], [ 399925.635808748716954, 3781911.088504577986896 ], [ 399925.33062054932816, 3781911.088504577986896 ], [ 399925.025432349939365, 3781910.783316378481686 ], [ 399925.025432349939365, 3781910.172939979471266 ], [ 399924.72024415055057, 3781909.867751780431718 ], [ 399924.72024415055057, 3781909.562563580926508 ], [ 399925.025432349939365, 3781909.257375381421298 ], [ 399925.025432349939365, 3781904.984740590211004 ], [ 399926.246185147494543, 3781903.763987792655826 ], [ 399926.551373346883338, 3781903.763987792655826 ], [ 399926.856561546272133, 3781903.458799593150616 ], [ 399927.161749745660927, 3781903.458799593150616 ], [ 399927.466937945049722, 3781903.153611393645406 ], [ 399929.298067141382489, 3781903.153611393645406 ], [ 399929.908443540160079, 3781903.763987792655826 ], [ 399929.908443540160079, 3781904.069175991695374 ], [ 399930.518819938937668, 3781904.679552390705794 ], [ 399930.518819938937668, 3781904.984740590211004 ], [ 399931.434384537104052, 3781905.900305188260972 ], [ 399931.434384537104052, 3781906.510681586805731 ], [ 399931.739572736492846, 3781906.815869786310941 ], [ 399931.739572736492846, 3781908.341810783371329 ], [ 399931.434384537104052, 3781908.646998982876539 ], [ 399931.434384537104052, 3781910.172939979471266 ], [ 399930.824008138326462, 3781910.783316378481686 ], [ 399930.213631739548873, 3781910.783316378481686 ], [ 399929.908443540160079, 3781911.088504577986896 ], [ 399927.466937945049722, 3781911.088504577986896 ], [ 399927.161749745660927, 3781911.393692777026445 ], [ 399925.940996948105749, 3781911.393692777026445 ] ] ] } },
{ "type": "Feature", "properties": { "confidence": 0.95237308740615845, "class": 1, "regularized": null }, "geometry": { "type": "Polygon", "coordinates": [ [ [ 399667.44659206509823, 3782248.626653102692217 ], [ 399667.141403865709435, 3782248.321464903187007 ], [ 399666.836215666320641, 3782248.321464903187007 ], [ 399666.225839267543051, 3782247.711088504642248 ], [ 399665.920651068154257, 3782247.711088504642248 ], [ 399665.310274669376668, 3782247.100712105631828 ], [ 399665.005086469987873, 3782247.100712105631828 ], [ 399664.699898270599078, 3782246.79552390659228 ], [ 399664.394710071210284, 3782246.79552390659228 ], [ 399664.089521871821489, 3782246.49033570708707 ], [ 399663.173957273655105, 3782246.49033570708707 ], [ 399662.868769074266311, 3782246.18514750758186 ], [ 399662.563580874877516, 3782246.18514750758186 ], [ 399662.258392675488722, 3782245.87995930807665 ], [ 399661.953204476099927, 3782245.87995930807665 ], [ 399661.648016276711132, 3782245.574771109037101 ], [ 399661.648016276711132, 3782245.269582909531891 ], [ 399661.342828077322338, 3782244.964394710026681 ], [ 399661.342828077322338, 3782244.048830111976713 ], [ 399671.41403865715256, 3782244.048830111976713 ], [ 399671.41403865715256, 3782244.659206510521472 ], [ 399671.108850457763765, 3782244.964394710026681 ], [ 399671.108850457763765, 3782245.574771109037101 ], [ 399670.80366225837497, 3782245.87995930807665 ], [ 399670.80366225837497, 3782246.49033570708707 ], [ 399670.498474058986176, 3782246.79552390659228 ], [ 399670.498474058986176, 3782247.100712105631828 ], [ 399670.193285859597381, 3782247.405900305137038 ], [ 399670.193285859597381, 3782248.016276704147458 ], [ 399669.582909460819792, 3782248.626653102692217 ], [ 399667.44659206509823, 3782248.626653102692217 ] ] ] } },
{ "type": "Feature", "properties": { "confidence": 0.95176184177398682, "class": 1, "regularized": null }, "geometry": { "type": "Polygon", "coordinates": [ [ [ 399648.830111902323551, 3782123.19430315354839 ], [ 399648.219735503545962, 3782122.583926755003631 ], [ 399647.914547304157168, 3782122.583926755003631 ], [ 399647.304170905379578, 3782121.973550355993211 ], [ 399646.998982705990784, 3782121.973550355993211 ], [ 399646.693794506601989, 3782121.668362156488001 ], [ 399646.693794506601989, 3782121.363173957448453 ], [ 399646.388606307213195, 3782121.057985757943243 ], [ 399646.0834181078244, 3782121.057985757943243 ], [ 399645.778229908435605, 3782120.752797558438033 ], [ 399645.778229908435605, 3782120.447609358932823 ], [ 399645.167853509658016, 3782119.837232960388064 ], [ 399645.167853509658016, 3782119.532044760882854 ], [ 399644.862665310269222, 3782119.226856561377645 ], [ 399644.862665310269222, 3782118.006103763822466 ], [ 399645.778229908435605, 3782117.090539165772498 ], [ 399646.0834181078244, 3782117.090539165772498 ], [ 399646.998982705990784, 3782116.174974567722529 ], [ 399647.304170905379578, 3782116.174974567722529 ], [ 399647.609359104768373, 3782115.869786368217319 ], [ 399647.609359104768373, 3782115.564598168712109 ], [ 399647.914547304157168, 3782115.564598168712109 ], [ 399648.830111902323551, 3782114.649033570662141 ], [ 399649.135300101712346, 3782114.649033570662141 ], [ 399650.661241098656319, 3782113.123092573601753 ], [ 399650.661241098656319, 3782112.817904374562204 ], [ 399650.966429298045114, 3782112.817904374562204 ], [ 399651.271617497433908, 3782112.512716175056994 ], [ 399651.576805696822703, 3782112.512716175056994 ], [ 399652.187182095600292, 3782113.123092573601753 ], [ 399652.187182095600292, 3782113.428280773106962 ], [ 399652.492370294989087, 3782113.733468972612172 ], [ 399652.492370294989087, 3782114.038657172117382 ], [ 399653.40793489315547, 3782114.954221770167351 ], [ 399653.713123092602473, 3782114.954221770167351 ], [ 399654.018311291991267, 3782115.259409969672561 ], [ 399654.323499491380062, 3782115.259409969672561 ], [ 399654.933875890157651, 3782115.869786368217319 ], [ 399655.239064089546446, 3782115.869786368217319 ], [ 399655.54425228893524, 3782116.174974567722529 ], [ 399655.54425228893524, 3782116.480162767227739 ], [ 399655.239064089546446, 3782116.785350966267288 ], [ 399655.239064089546446, 3782117.700915564782917 ], [ 399654.933875890157651, 3782118.006103763822466 ], [ 399654.933875890157651, 3782118.921668362338096 ], [ 399651.271617497433908, 3782122.583926755003631 ], [ 399651.271617497433908, 3782122.88911495404318 ], [ 399650.966429298045114, 3782123.19430315354839 ], [ 399648.830111902323551, 3782123.19430315354839 ] ] ] } },
{ "type": "Feature", "properties": { "confidence": 0.95009171962738037, "class": 1, "regularized": null }, "geometry": { "type": "Polygon", "coordinates": [ [ [ 400134.384537131234538, 3782190.946083418093622 ], [ 400134.079348931845743, 3782190.640895218588412 ], [ 400132.858596134290565, 3782190.640895218588412 ], [ 400132.55340793490177, 3782190.335707019548863 ], [ 400132.248219735512976, 3782190.335707019548863 ], [ 400132.248219735512976, 3782187.894201424438506 ], [ 400132.55340793490177, 3782187.589013224933296 ], [ 400132.55340793490177, 3782186.673448626883328 ], [ 400132.858596134290565, 3782186.368260427378118 ], [ 400132.858596134290565, 3782185.757884028367698 ], [ 400133.774160732456949, 3782184.84231943031773 ], [ 400134.994913530012127, 3782184.84231943031773 ], [ 400135.300101729400922, 3782185.14750762982294 ], [ 400138.657171922677662, 3782185.14750762982294 ], [ 400138.962360122066457, 3782185.452695828862488 ], [ 400139.572736520844046, 3782185.452695828862488 ], [ 400139.877924720232841, 3782185.14750762982294 ], [ 400140.183112919621635, 3782185.452695828862488 ], [ 400142.929806714120787, 3782185.452695828862488 ], [ 400143.234994913509581, 3782185.14750762982294 ], [ 400143.84537131228717, 3782185.14750762982294 ], [ 400144.150559511675965, 3782184.84231943031773 ], [ 400145.066124109842349, 3782184.84231943031773 ], [ 400145.371312309231143, 3782184.53713123081252 ], [ 400145.676500508619938, 3782184.84231943031773 ], [ 400145.981688708008733, 3782184.84231943031773 ], [ 400146.286876907397527, 3782185.14750762982294 ], [ 400146.286876907397527, 3782185.757884028367698 ], [ 400146.59206510684453, 3782186.063072227872908 ], [ 400146.286876907397527, 3782186.368260427378118 ], [ 400146.286876907397527, 3782186.673448626883328 ], [ 400145.981688708008733, 3782186.978636825922877 ], [ 400145.981688708008733, 3782187.894201424438506 ], [ 400145.676500508619938, 3782188.199389623478055 ], [ 400145.676500508619938, 3782188.504577822983265 ], [ 400145.371312309231143, 3782188.809766022488475 ], [ 400145.371312309231143, 3782189.114954221993685 ], [ 400145.066124109842349, 3782189.420142421033233 ], [ 400145.066124109842349, 3782190.335707019548863 ], [ 400144.760935910453554, 3782190.640895218588412 ], [ 400143.84537131228717, 3782190.640895218588412 ], [ 400143.540183112898376, 3782190.946083418093622 ], [ 400134.384537131234538, 3782190.946083418093622 ] ] ] } },
{ "type": "Feature", "properties": { "confidence": 0.9497719407081604, "class": 1, "regularized": null }, "geometry": { "type": "Polygon", "coordinates": [ [ [ 399671.41403865715256, 3782255.645981688518077 ], [ 399671.108850457763765, 3782255.340793489478528 ], [ 399670.498474058986176, 3782255.340793489478528 ], [ 399669.277721261430997, 3782254.12004069192335 ], [ 399669.277721261430997, 3782250.762970498297364 ], [ 399669.582909460819792, 3782250.457782299257815 ], [ 399669.582909460819792, 3782250.152594099752605 ], [ 399669.888097660208587, 3782250.152594099752605 ], [ 399670.80366225837497, 3782249.237029501702636 ], [ 399671.108850457763765, 3782249.237029501702636 ], [ 399671.41403865715256, 3782248.931841302197427 ], [ 399671.41403865715256, 3782248.626653102692217 ], [ 399672.024415055930149, 3782248.016276704147458 ], [ 399672.329603255318943, 3782248.016276704147458 ], [ 399673.245167853485327, 3782247.100712105631828 ], [ 399673.855544252262916, 3782247.100712105631828 ], [ 399674.160732451651711, 3782246.79552390659228 ], [ 399674.465920651040506, 3782246.79552390659228 ], [ 399674.7711088504293, 3782246.49033570708707 ], [ 399675.076297049876302, 3782246.79552390659228 ], [ 399675.381485249265097, 3782246.79552390659228 ], [ 399675.381485249265097, 3782247.100712105631828 ], [ 399675.686673448653892, 3782247.405900305137038 ], [ 399675.686673448653892, 3782248.626653102692217 ], [ 399675.991861648042686, 3782248.931841302197427 ], [ 399675.991861648042686, 3782249.237029501702636 ], [ 399676.297049847431481, 3782249.542217700742185 ], [ 399676.602238046820275, 3782249.542217700742185 ], [ 399676.90742624620907, 3782249.847405900247395 ], [ 399677.517802644986659, 3782249.847405900247395 ], [ 399677.517802644986659, 3782250.152594099752605 ], [ 399678.128179043764248, 3782250.762970498297364 ], [ 399678.128179043764248, 3782251.678535096812993 ], [ 399677.212614445597865, 3782252.594099694862962 ], [ 399677.212614445597865, 3782252.899287894368172 ], [ 399676.90742624620907, 3782252.899287894368172 ], [ 399676.602238046820275, 3782253.20447609340772 ], [ 399676.297049847431481, 3782253.20447609340772 ], [ 399675.686673448653892, 3782253.81485249241814 ], [ 399675.381485249265097, 3782253.81485249241814 ], [ 399674.7711088504293, 3782254.425228890962899 ], [ 399674.465920651040506, 3782254.425228890962899 ], [ 399673.855544252262916, 3782255.035605289973319 ], [ 399673.550356052874122, 3782255.035605289973319 ], [ 399673.245167853485327, 3782255.340793489478528 ], [ 399672.939979654096533, 3782255.340793489478528 ], [ 399672.634791454707738, 3782255.645981688518077 ], [ 399671.41403865715256, 3782255.645981688518077 ] ] ] } },
{ "type": "Feature", "properties": { "confidence": 0.94501543045043945, "class": 1, "regularized": null }, "geometry": { "type": "Polygon", "coordinates": [ [ [ 400089.827060020354111, 3782079.247202441561967 ], [ 400089.521871820965316, 3782078.942014242056757 ], [ 400087.080366225854959, 3782078.942014242056757 ], [ 400086.775178026466165, 3782078.636826042551547 ], [ 400085.554425228910986, 3782078.636826042551547 ], [ 400084.944048830133397, 3782078.026449644006789 ], [ 400084.944048830133397, 3782075.584944048896432 ], [ 400085.249237029522192, 3782075.279755849391222 ], [ 400085.249237029522192, 3782074.974567649886012 ], [ 400085.859613428299781, 3782074.364191251341254 ], [ 400088.301119023410138, 3782074.364191251341254 ], [ 400088.606307222798932, 3782074.059003051836044 ], [ 400093.794506612408441, 3782074.059003051836044 ], [ 400093.794506612408441, 3782074.364191251341254 ], [ 400094.099694811797235, 3782074.669379450846463 ], [ 400094.099694811797235, 3782078.026449644006789 ], [ 400093.794506612408441, 3782078.331637843511999 ], [ 400093.794506612408441, 3782079.247202441561967 ], [ 400089.827060020354111, 3782079.247202441561967 ] ] ] } },
{ "type": "Feature", "properties": { "confidence": 0.94393396377563477, "class": 1, "regularized": null }, "geometry": { "type": "Polygon", "coordinates": [ [ [ 400158.494404883007519, 3781871.414038657210767 ], [ 400157.88402848422993, 3781870.803662258200347 ], [ 400157.88402848422993, 3781867.751780264545232 ], [ 400157.578840284841135, 3781867.446592065040022 ], [ 400157.578840284841135, 3781866.531027466990054 ], [ 400157.88402848422993, 3781866.225839267484844 ], [ 400157.88402848422993, 3781865.615462868940085 ], [ 400158.799593082396314, 3781865.615462868940085 ], [ 400159.104781281785108, 3781865.310274669434875 ], [ 400159.409969481173903, 3781865.310274669434875 ], [ 400159.715157680562697, 3781865.005086469929665 ], [ 400161.546286876895465, 3781865.005086469929665 ], [ 400161.85147507628426, 3781864.699898270424455 ], [ 400163.682604272617027, 3781864.699898270424455 ], [ 400163.987792472005822, 3781864.394710071384907 ], [ 400164.903357070172206, 3781864.394710071384907 ], [ 400165.208545269561, 3781864.089521871879697 ], [ 400167.039674465893768, 3781864.089521871879697 ], [ 400167.344862665282562, 3781863.784333672374487 ], [ 400170.396744659228716, 3781863.784333672374487 ], [ 400170.701932858617511, 3781864.089521871879697 ], [ 400171.3123092573951, 3781864.089521871879697 ], [ 400172.838250254339073, 3781865.615462868940085 ], [ 400172.838250254339073, 3781866.836215666495264 ], [ 400172.227873855561484, 3781867.446592065040022 ], [ 400171.922685656172689, 3781867.446592065040022 ], [ 400171.617497456783894, 3781867.751780264545232 ], [ 400170.701932858617511, 3781867.751780264545232 ], [ 400170.396744659228716, 3781868.056968464050442 ], [ 400169.481180061062332, 3781868.056968464050442 ], [ 400169.175991861673538, 3781868.362156663089991 ], [ 400167.955239064118359, 3781868.362156663089991 ], [ 400167.650050864671357, 3781868.667344862595201 ], [ 400167.039674465893768, 3781868.667344862595201 ], [ 400166.734486266504973, 3781868.97253306210041 ], [ 400166.124109867727384, 3781868.97253306210041 ], [ 400165.818921668338589, 3781869.27772126160562 ], [ 400165.208545269561, 3781869.27772126160562 ], [ 400164.903357070172206, 3781869.582909460645169 ], [ 400164.598168870783411, 3781869.582909460645169 ], [ 400164.292980671394616, 3781869.888097660150379 ], [ 400163.682604272617027, 3781869.888097660150379 ], [ 400163.377416073228233, 3781870.193285859655589 ], [ 400163.072227873839438, 3781870.193285859655589 ], [ 400162.767039674450643, 3781870.498474059160799 ], [ 400162.156663275673054, 3781870.498474059160799 ], [ 400161.85147507628426, 3781870.803662258200347 ], [ 400160.935910478117876, 3781870.803662258200347 ], [ 400160.325534079340287, 3781871.414038657210767 ], [ 400158.494404883007519, 3781871.414038657210767 ] ] ] } },
{ "type": "Feature", "properties": { "confidence": 0.94271713495254517, "class": 1, "regularized": null }, "geometry": { "type": "Polygon", "coordinates": [ [ [ 399747.405900305195246, 3782138.758901322260499 ], [ 399746.795523906417657, 3782138.14852492371574 ], [ 399746.490335707028862, 3782138.14852492371574 ], [ 399746.490335707028862, 3782137.538148524705321 ], [ 399745.879959308251273, 3782136.927772126160562 ], [ 399745.879959308251273, 3782136.622583926655352 ], [ 399745.574771108862478, 3782136.317395727150142 ], [ 399745.574771108862478, 3782135.096642929594964 ], [ 399745.269582909473684, 3782134.791454730555415 ], [ 399745.269582909473684, 3782132.960325533989817 ], [ 399745.574771108862478, 3782132.655137334484607 ], [ 399745.574771108862478, 3782132.349949135445058 ], [ 399745.879959308251273, 3782132.044760935939848 ], [ 399745.879959308251273, 3782131.739572736434639 ], [ 399746.490335707028862, 3782131.12919633788988 ], [ 399746.490335707028862, 3782130.82400813838467 ], [ 399747.100712105806451, 3782130.82400813838467 ], [ 399747.405900305195246, 3782130.51881993887946 ], [ 399749.542217700916808, 3782130.51881993887946 ], [ 399749.542217700916808, 3782130.82400813838467 ], [ 399750.152594099694397, 3782131.434384536929429 ], [ 399750.152594099694397, 3782131.739572736434639 ], [ 399750.457782299083192, 3782132.044760935939848 ], [ 399750.762970498471987, 3782132.044760935939848 ], [ 399751.068158697860781, 3782132.349949135445058 ], [ 399752.594099694804754, 3782132.349949135445058 ], [ 399752.899287894193549, 3782132.044760935939848 ], [ 399753.509664292971138, 3782132.044760935939848 ], [ 399753.509664292971138, 3782132.349949135445058 ], [ 399753.814852492359933, 3782132.655137334484607 ], [ 399753.814852492359933, 3782133.875890132039785 ], [ 399753.509664292971138, 3782134.181078331544995 ], [ 399753.509664292971138, 3782135.707019328605384 ], [ 399753.204476093582343, 3782136.012207528110594 ], [ 399753.204476093582343, 3782136.317395727150142 ], [ 399752.28891149541596, 3782137.232960325665772 ], [ 399751.983723296027165, 3782137.232960325665772 ], [ 399751.068158697860781, 3782138.14852492371574 ], [ 399750.762970498471987, 3782138.14852492371574 ], [ 399750.457782299083192, 3782138.45371312322095 ], [ 399749.542217700916808, 3782138.45371312322095 ], [ 399749.237029501528013, 3782138.758901322260499 ], [ 399747.405900305195246, 3782138.758901322260499 ] ] ] } },
{ "type": "Feature", "properties": { "confidence": 0.93955284357070923, "class": 1, "regularized": null }, "geometry": { "type": "Polygon", "coordinates": [ [ [ 400048.931841302139219, 3782014.85249237017706 ], [ 400048.626653102750424, 3782014.547304171137512 ], [ 400047.405900305195246, 3782014.547304171137512 ], [ 400047.100712105806451, 3782014.242115971632302 ], [ 400047.100712105806451, 3782012.105798575561494 ], [ 400046.795523906417657, 3782011.800610376521945 ], [ 400046.795523906417657, 3782010.274669379461557 ], [ 400047.100712105806451, 3782010.274669379461557 ], [ 400047.405900305195246, 3782009.969481179956347 ], [ 400047.405900305195246, 3782009.664292980451137 ], [ 400060.223804679524619, 3782009.664292980451137 ], [ 400060.223804679524619, 3782009.969481179956347 ], [ 400059.918616480135825, 3782010.274669379461557 ], [ 400059.918616480135825, 3782011.190233977511525 ], [ 400059.61342828074703, 3782011.495422177016735 ], [ 400059.61342828074703, 3782011.800610376521945 ], [ 400059.308240081358235, 3782012.105798575561494 ], [ 400059.308240081358235, 3782012.410986775066704 ], [ 400058.392675483191852, 3782013.326551373116672 ], [ 400058.392675483191852, 3782013.631739572621882 ], [ 400058.087487283803057, 3782013.631739572621882 ], [ 400057.782299084414262, 3782013.936927772127092 ], [ 400052.899287894193549, 3782013.936927772127092 ], [ 400052.594099694804754, 3782014.242115971632302 ], [ 400052.28891149541596, 3782014.242115971632302 ], [ 400051.983723296027165, 3782014.547304171137512 ], [ 400051.068158697860781, 3782014.547304171137512 ], [ 400050.762970498471987, 3782014.85249237017706 ], [ 400048.931841302139219, 3782014.85249237017706 ] ] ] } },
{ "type": "Feature", "properties": { "confidence": 0.93441545963287354, "class": 1, "regularized": null }, "geometry": { "type": "Polygon", "coordinates": [ [ [ 399668.667344862653408, 3782208.341810783371329 ], [ 399668.362156663264614, 3782208.036622583866119 ], [ 399668.056968463875819, 3782208.036622583866119 ], [ 399667.751780264487024, 3782207.731434384360909 ], [ 399667.751780264487024, 3782207.426246185321361 ], [ 399667.44659206509823, 3782207.121057985816151 ], [ 399667.141403865709435, 3782207.121057985816151 ], [ 399667.141403865709435, 3782206.815869786310941 ], [ 399666.225839267543051, 3782205.900305188260972 ], [ 399666.225839267543051, 3782205.595116988755763 ], [ 399665.920651068154257, 3782205.289928789250553 ], [ 399665.920651068154257, 3782203.763987792655826 ], [ 399666.225839267543051, 3782203.458799593150616 ], [ 399666.225839267543051, 3782203.153611393645406 ], [ 399666.531027466931846, 3782202.848423194140196 ], [ 399666.836215666320641, 3782202.848423194140196 ], [ 399668.056968463875819, 3782201.627670396585017 ], [ 399668.362156663264614, 3782201.627670396585017 ], [ 399668.667344862653408, 3782201.322482197545469 ], [ 399668.972533062042203, 3782201.322482197545469 ], [ 399669.582909460819792, 3782200.712105798535049 ], [ 399669.888097660208587, 3782200.712105798535049 ], [ 399670.193285859597381, 3782200.406917599029839 ], [ 399670.193285859597381, 3782200.10172939999029 ], [ 399671.108850457763765, 3782199.186164801474661 ], [ 399672.024415055930149, 3782199.186164801474661 ], [ 399672.634791454707738, 3782199.79654120048508 ], [ 399672.634791454707738, 3782200.10172939999029 ], [ 399672.939979654096533, 3782200.406917599029839 ], [ 399672.939979654096533, 3782200.712105798535049 ], [ 399673.245167853485327, 3782201.017293998040259 ], [ 399673.245167853485327, 3782201.932858596090227 ], [ 399673.550356052874122, 3782202.238046795595437 ], [ 399673.550356052874122, 3782204.374364191200584 ], [ 399673.245167853485327, 3782204.679552390705794 ], [ 399673.245167853485327, 3782207.426246185321361 ], [ 399672.634791454707738, 3782207.426246185321361 ], [ 399672.329603255318943, 3782207.731434384360909 ], [ 399671.108850457763765, 3782207.731434384360909 ], [ 399670.80366225837497, 3782208.036622583866119 ], [ 399670.498474058986176, 3782208.036622583866119 ], [ 399670.193285859597381, 3782208.341810783371329 ], [ 399668.667344862653408, 3782208.341810783371329 ] ] ] } },
{ "type": "Feature", "properties": { "confidence": 0.92646622657775879, "class": 1, "regularized": null }, "geometry": { "type": "Polygon", "coordinates": [ [ [ 399717.192268565588165, 3782129.298067141324282 ], [ 399717.192268565588165, 3782126.856561546213925 ], [ 399721.464903357089497, 3782126.856561546213925 ], [ 399721.464903357089497, 3782128.382502543274313 ], [ 399721.159715157700703, 3782128.687690742779523 ], [ 399720.549338758923113, 3782128.687690742779523 ], [ 399720.244150559534319, 3782128.992878941819072 ], [ 399719.328585961367935, 3782128.992878941819072 ], [ 399719.02339776197914, 3782129.298067141324282 ], [ 399717.192268565588165, 3782129.298067141324282 ] ] ] } },
{ "type": "Feature", "properties": { "confidence": 0.92586827278137207, "class": 1, "regularized": null }, "geometry": { "type": "Polygon", "coordinates": [ [ [ 399934.181078331661411, 3781841.810783316381276 ], [ 399934.181078331661411, 3781839.064089521765709 ], [ 399934.791454730439, 3781838.45371312322095 ], [ 399934.791454730439, 3781837.843336724210531 ], [ 399936.317395727382973, 3781836.317395727150142 ], [ 399936.317395727382973, 3781836.012207528110594 ], [ 399936.927772126160562, 3781835.401831129100174 ], [ 399936.927772126160562, 3781835.096642929594964 ], [ 399937.232960325549357, 3781834.791454730555415 ], [ 399937.232960325549357, 3781834.486266531050205 ], [ 399937.538148524938151, 3781834.181078331544995 ], [ 399939.674465920659713, 3781834.181078331544995 ], [ 399939.979654120048508, 3781834.486266531050205 ], [ 399943.031536113936454, 3781834.486266531050205 ], [ 399943.336724313325249, 3781834.791454730555415 ], [ 399943.947100712102838, 3781834.791454730555415 ], [ 399943.947100712102838, 3781835.096642929594964 ], [ 399944.252288911491632, 3781835.401831129100174 ], [ 399944.557477110880427, 3781835.401831129100174 ], [ 399944.557477110880427, 3781835.707019328605384 ], [ 399944.862665310269222, 3781836.012207528110594 ], [ 399944.862665310269222, 3781838.14852492371574 ], [ 399944.252288911491632, 3781838.758901322260499 ], [ 399943.641912512714043, 3781838.758901322260499 ], [ 399943.336724313325249, 3781839.064089521765709 ], [ 399943.031536113936454, 3781839.064089521765709 ], [ 399942.726347914547659, 3781839.369277721270919 ], [ 399942.11597151577007, 3781839.369277721270919 ], [ 399941.810783316381276, 3781839.674465920776129 ], [ 399941.505595116992481, 3781839.674465920776129 ], [ 399941.200406917603686, 3781839.979654119815677 ], [ 399940.895218718214892, 3781839.979654119815677 ], [ 399940.590030518826097, 3781840.284842319320887 ], [ 399939.979654120048508, 3781840.284842319320887 ], [ 399939.674465920659713, 3781840.590030518826097 ], [ 399939.064089521882124, 3781840.590030518826097 ], [ 399938.75890132249333, 3781840.895218718331307 ], [ 399938.14852492371574, 3781840.895218718331307 ], [ 399937.843336724326946, 3781841.200406917370856 ], [ 399936.622583926771767, 3781841.200406917370856 ], [ 399936.317395727382973, 3781841.505595116876066 ], [ 399935.707019328605384, 3781841.505595116876066 ], [ 399935.401831129216589, 3781841.810783316381276 ], [ 399934.181078331661411, 3781841.810783316381276 ] ] ] } },
{ "type": "Feature", "properties": { "confidence": 0.9198649525642395, "class": 1, "regularized": null }, "geometry": { "type": "Polygon", "coordinates": [ [ [ 399761.444557477138005, 3781972.126144455745816 ], [ 399761.444557477138005, 3781971.515768057201058 ], [ 399761.7497456765268, 3781971.210579857695848 ], [ 399761.7497456765268, 3781966.937945066019893 ], [ 399762.054933875915594, 3781966.632756866514683 ], [ 399762.054933875915594, 3781966.327568667475134 ], [ 399762.360122075304389, 3781966.327568667475134 ], [ 399762.665310274693184, 3781966.022380467969924 ], [ 399762.970498474081978, 3781966.022380467969924 ], [ 399763.275686673470773, 3781965.717192268464714 ], [ 399766.022380467969924, 3781965.717192268464714 ], [ 399766.022380467969924, 3781966.022380467969924 ], [ 399766.632756866747513, 3781966.632756866514683 ], [ 399766.632756866747513, 3781968.463886063080281 ], [ 399766.937945066136308, 3781968.769074262585491 ], [ 399766.937945066136308, 3781969.37945066113025 ], [ 399766.022380467969924, 3781970.295015259180218 ], [ 399765.71719226858113, 3781970.295015259180218 ], [ 399765.10681586980354, 3781970.905391658190638 ], [ 399764.496439471025951, 3781970.905391658190638 ], [ 399764.191251271637157, 3781971.210579857695848 ], [ 399763.886063072248362, 3781971.210579857695848 ], [ 399763.580874872859567, 3781971.515768057201058 ], [ 399763.275686673470773, 3781971.515768057201058 ], [ 399762.970498474081978, 3781971.820956256240606 ], [ 399762.665310274693184, 3781971.820956256240606 ], [ 399762.360122075304389, 3781972.126144455745816 ], [ 399761.444557477138005, 3781972.126144455745816 ] ] ] } },
{ "type": "Feature", "properties": { "confidence": 0.91963380575180054, "class": 1, "regularized": null }, "geometry": { "type": "Polygon", "coordinates": [ [ [ 399990.030518819927238, 3781899.186164801474661 ], [ 399989.725330620538443, 3781898.880976602435112 ], [ 399987.894201424205676, 3781898.880976602435112 ], [ 399986.978636826039292, 3781897.965412003919482 ], [ 399986.978636826039292, 3781897.355035605374724 ], [ 399986.673448626650497, 3781897.049847405869514 ], [ 399986.673448626650497, 3781893.692777212709188 ], [ 399986.978636826039292, 3781893.387589013203979 ], [ 399986.978636826039292, 3781892.47202441515401 ], [ 399990.335707019316033, 3781892.47202441515401 ], [ 399990.335707019316033, 3781899.186164801474661 ], [ 399990.030518819927238, 3781899.186164801474661 ] ] ] } },
{ "type": "Feature", "properties": { "confidence": 0.91779845952987671, "class": 1, "regularized": null }, "geometry": { "type": "Polygon", "coordinates": [ [ [ 399754.425228891137522, 3782066.429298066999763 ], [ 399754.425228891137522, 3782066.124109867960215 ], [ 399754.120040691748727, 3782065.818921668455005 ], [ 399753.814852492359933, 3782065.818921668455005 ], [ 399753.814852492359933, 3782065.513733468949795 ], [ 399753.509664292971138, 3782065.208545269444585 ], [ 399752.899287894193549, 3782065.208545269444585 ], [ 399752.594099694804754, 3782064.903357070405036 ], [ 399750.762970498471987, 3782064.903357070405036 ], [ 399750.457782299083192, 3782064.598168870899826 ], [ 399750.152594099694397, 3782064.598168870899826 ], [ 399749.847405900305603, 3782064.292980671394616 ], [ 399749.847405900305603, 3782063.987792471889406 ], [ 399749.542217700916808, 3782063.682604272849858 ], [ 399749.542217700916808, 3782060.630722278729081 ], [ 399749.847405900305603, 3782060.630722278729081 ], [ 399750.152594099694397, 3782060.325534079223871 ], [ 399750.152594099694397, 3782060.020345880184323 ], [ 399750.457782299083192, 3782060.020345880184323 ], [ 399750.762970498471987, 3782059.715157680679113 ], [ 399751.068158697860781, 3782059.715157680679113 ], [ 399751.373346897249576, 3782059.409969481173903 ], [ 399751.373346897249576, 3782059.104781281668693 ], [ 399751.67853509663837, 3782059.104781281668693 ], [ 399751.983723296027165, 3782058.799593082629144 ], [ 399752.28891149541596, 3782058.799593082629144 ], [ 399752.594099694804754, 3782058.494404883123934 ], [ 399753.204476093582343, 3782058.494404883123934 ], [ 399753.509664292971138, 3782058.189216683618724 ], [ 399753.814852492359933, 3782058.189216683618724 ], [ 399754.120040691748727, 3782057.884028484113514 ], [ 399754.425228891137522, 3782057.884028484113514 ], [ 399755.340793489303906, 3782056.968463886063546 ], [ 399755.951169888081495, 3782056.968463886063546 ], [ 399755.951169888081495, 3782066.124109867960215 ], [ 399755.340793489303906, 3782066.124109867960215 ], [ 399755.035605289915111, 3782066.429298066999763 ], [ 399754.425228891137522, 3782066.429298066999763 ] ] ] } },
{ "type": "Feature", "properties": { "confidence": 0.91412627696990967, "class": 1, "regularized": null }, "geometry": { "type": "Polygon", "coordinates": [ [ [ 400174.974567650060635, 3782317.293997965287417 ], [ 400174.364191251283046, 3782316.683621566742659 ], [ 400174.364191251283046, 3782316.378433367237449 ], [ 400174.059003051894251, 3782316.073245167732239 ], [ 400174.66937945067184, 3782315.46286876918748 ], [ 400174.66937945067184, 3782313.326551373116672 ], [ 400174.364191251283046, 3782313.021363174077123 ], [ 400174.364191251283046, 3782312.105798575561494 ], [ 400174.059003051894251, 3782311.800610376521945 ], [ 400174.059003051894251, 3782311.190233977511525 ], [ 400176.805696846393403, 3782311.190233977511525 ], [ 400177.110885045782197, 3782310.885045778006315 ], [ 400178.63682604272617, 3782310.885045778006315 ], [ 400178.942014242114965, 3782310.579857578966767 ], [ 400179.857578840281349, 3782310.579857578966767 ], [ 400180.162767039670143, 3782310.274669379461557 ], [ 400181.688708036614116, 3782310.274669379461557 ], [ 400181.993896236002911, 3782309.969481179956347 ], [ 400182.909460834169295, 3782309.969481179956347 ], [ 400183.214649033558089, 3782309.664292980451137 ], [ 400183.825025432335678, 3782309.664292980451137 ], [ 400184.130213631724473, 3782309.359104781411588 ], [ 400184.740590030502062, 3782309.359104781411588 ], [ 400185.045778229890857, 3782309.053916581906378 ], [ 400185.961342828057241, 3782309.053916581906378 ], [ 400186.266531027446035, 3782309.359104781411588 ], [ 400186.266531027446035, 3782310.885045778006315 ], [ 400186.57171922683483, 3782311.190233977511525 ], [ 400186.57171922683483, 3782314.242115971632302 ], [ 400185.961342828057241, 3782314.85249237017706 ], [ 400185.045778229890857, 3782314.85249237017706 ], [ 400184.740590030502062, 3782315.15768056968227 ], [ 400184.130213631724473, 3782315.15768056968227 ], [ 400183.825025432335678, 3782315.46286876918748 ], [ 400183.519837232946884, 3782315.46286876918748 ], [ 400183.214649033558089, 3782315.76805696869269 ], [ 400182.909460834169295, 3782315.76805696869269 ], [ 400182.6042726347805, 3782316.073245167732239 ], [ 400181.993896236002911, 3782316.073245167732239 ], [ 400181.688708036614116, 3782316.378433367237449 ], [ 400180.773143438447732, 3782316.378433367237449 ], [ 400180.467955239058938, 3782316.683621566742659 ], [ 400178.63682604272617, 3782316.683621566742659 ], [ 400178.331637843337376, 3782316.988809766247869 ], [ 400176.805696846393403, 3782316.988809766247869 ], [ 400176.500508647004608, 3782317.293997965287417 ], [ 400174.974567650060635, 3782317.293997965287417 ] ] ] } },
{ "type": "Feature", "properties": { "confidence": 0.90997046232223511, "class": 1, "regularized": null }, "geometry": { "type": "Polygon", "coordinates": [ [ [ 399653.40793489315547, 3781956.256358087528497 ], [ 399653.40793489315547, 3781955.645981688518077 ], [ 399653.102746693766676, 3781955.340793489478528 ], [ 399653.102746693766676, 3781954.730417090468109 ], [ 399652.797558494377881, 3781954.425228890962899 ], [ 399652.797558494377881, 3781953.81485249241814 ], [ 399652.187182095600292, 3781953.20447609340772 ], [ 399652.187182095600292, 3781952.288911495357752 ], [ 399652.492370294989087, 3781951.983723295852542 ], [ 399653.102746693766676, 3781951.983723295852542 ], [ 399653.40793489315547, 3781951.678535096812993 ], [ 399653.713123092602473, 3781951.678535096812993 ], [ 399654.323499491380062, 3781951.068158697802573 ], [ 399654.323499491380062, 3781950.762970498297364 ], [ 399654.628687690768857, 3781950.762970498297364 ], [ 399655.239064089546446, 3781950.152594099752605 ], [ 399655.54425228893524, 3781950.152594099752605 ], [ 399655.54425228893524, 3781950.457782299257815 ], [ 399656.765005086490419, 3781951.678535096812993 ], [ 399656.765005086490419, 3781956.256358087528497 ], [ 399653.40793489315547, 3781956.256358087528497 ] ] ] } },
{ "type": "Feature", "properties": { "confidence": 0.90081369876861572, "class": 1, "regularized": null }, "geometry": { "type": "Polygon", "coordinates": [ [ [ 400008.646998982701916, 3781931.230925737414509 ], [ 400008.646998982701916, 3781930.92573753837496 ], [ 400008.341810783313122, 3781930.62054933886975 ], [ 400008.036622583924327, 3781930.62054933886975 ], [ 400007.426246185146738, 3781930.010172939859331 ], [ 400007.121057985757943, 3781930.010172939859331 ], [ 400006.815869786369149, 3781929.704984740819782 ], [ 400006.510681586980354, 3781929.704984740819782 ], [ 400005.59511698881397, 3781928.789420142304152 ], [ 400005.59511698881397, 3781925.737538148649037 ], [ 400006.205493387591559, 3781925.737538148649037 ], [ 400006.510681586980354, 3781925.432349949143827 ], [ 400008.036622583924327, 3781925.432349949143827 ], [ 400008.646998982701916, 3781926.042726347688586 ], [ 400009.5625635808683, 3781926.042726347688586 ], [ 400009.867751780257095, 3781926.347914547193795 ], [ 400011.393692777201068, 3781926.347914547193795 ], [ 400011.698880976589862, 3781926.653102746699005 ], [ 400011.698880976589862, 3781929.704984740819782 ], [ 400011.393692777201068, 3781930.010172939859331 ], [ 400011.393692777201068, 3781930.62054933886975 ], [ 400011.088504577812273, 3781930.62054933886975 ], [ 400010.783316378423478, 3781930.92573753837496 ], [ 400010.783316378423478, 3781931.230925737414509 ], [ 400008.646998982701916, 3781931.230925737414509 ] ] ] } },
{ "type": "Feature", "properties": { "confidence": 0.89965265989303589, "class": 1, "regularized": null }, "geometry": { "type": "Polygon", "coordinates": [ [ [ 399703.763987792481203, 3781974.872838250361383 ], [ 399703.458799593092408, 3781974.567650050856173 ], [ 399702.848423194314819, 3781974.567650050856173 ], [ 399702.848423194314819, 3781974.262461851350963 ], [ 399702.23804679553723, 3781973.652085452806205 ], [ 399702.23804679553723, 3781973.346897253300995 ], [ 399701.932858596148435, 3781973.041709053795785 ], [ 399701.932858596148435, 3781972.126144455745816 ], [ 399701.62767039675964, 3781971.820956256240606 ], [ 399701.62767039675964, 3781971.210579857695848 ], [ 399701.322482197370846, 3781970.905391658190638 ], [ 399701.017293997982051, 3781970.905391658190638 ], [ 399701.017293997982051, 3781970.600203458685428 ], [ 399700.712105798593257, 3781970.295015259180218 ], [ 399701.017293997982051, 3781969.989827060140669 ], [ 399701.322482197370846, 3781969.989827060140669 ], [ 399701.62767039675964, 3781969.684638860635459 ], [ 399703.153611393703613, 3781969.684638860635459 ], [ 399703.458799593092408, 3781969.37945066113025 ], [ 399704.374364191258792, 3781969.37945066113025 ], [ 399704.679552390647586, 3781969.07426246162504 ], [ 399704.984740590036381, 3781969.07426246162504 ], [ 399706.205493387591559, 3781967.853509664069861 ], [ 399707.731434384535532, 3781967.853509664069861 ], [ 399707.731434384535532, 3781968.158697863575071 ], [ 399708.036622583924327, 3781968.463886063080281 ], [ 399708.036622583924327, 3781968.769074262585491 ], [ 399708.646998982701916, 3781969.37945066113025 ], [ 399708.646998982701916, 3781969.684638860635459 ], [ 399708.952187182090711, 3781969.989827060140669 ], [ 399709.257375381479505, 3781969.989827060140669 ], [ 399709.257375381479505, 3781970.600203458685428 ], [ 399708.952187182090711, 3781970.600203458685428 ], [ 399707.731434384535532, 3781971.820956256240606 ], [ 399707.731434384535532, 3781972.126144455745816 ], [ 399707.426246185146738, 3781972.431332655251026 ], [ 399707.426246185146738, 3781973.041709053795785 ], [ 399707.121057985757943, 3781973.346897253300995 ], [ 399707.121057985757943, 3781973.652085452806205 ], [ 399706.815869786369149, 3781973.957273652311414 ], [ 399706.815869786369149, 3781974.262461851350963 ], [ 399706.510681586980354, 3781974.262461851350963 ], [ 399705.900305188202765, 3781974.872838250361383 ], [ 399703.763987792481203, 3781974.872838250361383 ] ] ] } },
{ "type": "Feature", "properties": { "confidence": 0.89454871416091919, "class": 1, "regularized": null }, "geometry": { "type": "Polygon", "coordinates": [ [ [ 399815.462868769071065, 3781928.484231942798942 ], [ 399815.15768056968227, 3781928.179043743759394 ], [ 399815.15768056968227, 3781927.568667344748974 ], [ 399814.852492370293476, 3781927.263479145243764 ], [ 399814.852492370293476, 3781923.601220752578229 ], [ 399815.15768056968227, 3781923.29603255353868 ], [ 399815.15768056968227, 3781922.38046795502305 ], [ 399815.462868769071065, 3781922.075279755983502 ], [ 399815.462868769071065, 3781921.464903356973082 ], [ 399816.378433367237449, 3781920.549338758923113 ], [ 399816.683621566626243, 3781920.549338758923113 ], [ 399816.988809766015038, 3781920.244150559417903 ], [ 399818.514750762959011, 3781920.244150559417903 ], [ 399818.819938962347806, 3781920.549338758923113 ], [ 399820.345879959291779, 3781920.549338758923113 ], [ 399820.651068158680573, 3781920.854526958428323 ], [ 399821.566632756846957, 3781920.854526958428323 ], [ 399822.177009155624546, 3781921.464903356973082 ], [ 399822.482197355013341, 3781921.464903356973082 ], [ 399822.482197355013341, 3781921.770091556478292 ], [ 399822.787385554402135, 3781922.075279755983502 ], [ 399822.787385554402135, 3781922.38046795502305 ], [ 399823.397761953179725, 3781922.99084435403347 ], [ 399823.397761953179725, 3781923.29603255353868 ], [ 399823.702950152568519, 3781923.601220752578229 ], [ 399823.702950152568519, 3781924.516785351093858 ], [ 399824.008138351957314, 3781924.821973550133407 ], [ 399824.008138351957314, 3781927.263479145243764 ], [ 399823.702950152568519, 3781927.568667344748974 ], [ 399823.702950152568519, 3781927.873855544254184 ], [ 399823.09257375379093, 3781927.873855544254184 ], [ 399822.787385554402135, 3781928.179043743759394 ], [ 399820.345879959291779, 3781928.179043743759394 ], [ 399820.040691759902984, 3781928.484231942798942 ], [ 399815.462868769071065, 3781928.484231942798942 ] ] ] } },
{ "type": "Feature", "properties": { "confidence": 0.88887947797775269, "class": 1, "regularized": null }, "geometry": { "type": "Polygon", "coordinates": [ [ [ 400042.217700915585738, 3782363.682604272849858 ], [ 400041.912512716196943, 3782363.377416073344648 ], [ 400041.302136317419354, 3782363.377416073344648 ], [ 400041.302136317419354, 3782362.461851475294679 ], [ 400040.996948118030559, 3782362.156663275789469 ], [ 400039.471007121086586, 3782362.156663275789469 ], [ 400039.165818921639584, 3782361.85147507628426 ], [ 400038.2502543234732, 3782361.85147507628426 ], [ 400037.945066124084406, 3782361.54628687677905 ], [ 400036.113936927751638, 3782361.54628687677905 ], [ 400035.808748728362843, 3782361.241098677739501 ], [ 400035.808748728362843, 3782360.020345880184323 ], [ 400037.029501525918022, 3782358.799593082629144 ], [ 400037.334689725306816, 3782358.799593082629144 ], [ 400037.639877924695611, 3782358.494404883123934 ], [ 400038.2502543234732, 3782358.494404883123934 ], [ 400039.471007121086586, 3782357.273652085568756 ], [ 400039.471007121086586, 3782356.663275686558336 ], [ 400040.38657171925297, 3782355.747711088508368 ], [ 400041.912512716196943, 3782355.747711088508368 ], [ 400042.217700915585738, 3782356.052899288013577 ], [ 400043.438453713140916, 3782356.052899288013577 ], [ 400043.743641912529711, 3782356.358087487053126 ], [ 400045.269582909473684, 3782356.358087487053126 ], [ 400045.574771108862478, 3782356.663275686558336 ], [ 400046.185147507640067, 3782356.663275686558336 ], [ 400046.795523906417657, 3782357.273652085568756 ], [ 400046.795523906417657, 3782358.189216683618724 ], [ 400047.100712105806451, 3782358.494404883123934 ], [ 400047.100712105806451, 3782359.715157680679113 ], [ 400046.795523906417657, 3782360.020345880184323 ], [ 400046.795523906417657, 3782360.325534079223871 ], [ 400046.490335707028862, 3782360.630722278729081 ], [ 400046.490335707028862, 3782361.54628687677905 ], [ 400046.185147507640067, 3782361.85147507628426 ], [ 400046.185147507640067, 3782362.461851475294679 ], [ 400045.879959308251273, 3782362.767039674334228 ], [ 400045.574771108862478, 3782362.767039674334228 ], [ 400045.269582909473684, 3782363.072227873839438 ], [ 400044.964394710084889, 3782363.072227873839438 ], [ 400044.659206510696094, 3782363.377416073344648 ], [ 400043.743641912529711, 3782363.377416073344648 ], [ 400043.438453713140916, 3782363.682604272849858 ], [ 400042.217700915585738, 3782363.682604272849858 ] ] ] } },
{ "type": "Feature", "properties": { "confidence": 0.88751769065856934, "class": 1, "regularized": null }, "geometry": { "type": "Polygon", "coordinates": [ [ [ 399977.822990844375454, 3781886.063072227872908 ], [ 399977.517802644986659, 3781885.757884028367698 ], [ 399975.991861648042686, 3781885.757884028367698 ], [ 399975.686673448653892, 3781885.452695828862488 ], [ 399975.076297049876302, 3781885.452695828862488 ], [ 399974.7711088504293, 3781885.14750762982294 ], [ 399974.7711088504293, 3781884.84231943031773 ], [ 399974.465920651040506, 3781884.53713123081252 ], [ 399974.465920651040506, 3781883.316378433257341 ], [ 399974.160732451651711, 3781883.011190233752131 ], [ 399974.160732451651711, 3781882.706002034712583 ], [ 399973.855544252262916, 3781882.400813835207373 ], [ 399973.855544252262916, 3781881.180061037652194 ], [ 399974.160732451651711, 3781880.874872838146985 ], [ 399975.381485249265097, 3781880.874872838146985 ], [ 399975.686673448653892, 3781880.569684638641775 ], [ 399979.959308240097016, 3781880.569684638641775 ], [ 399980.264496439485811, 3781880.264496439602226 ], [ 399982.400813835207373, 3781880.264496439602226 ], [ 399982.706002034596168, 3781879.959308240097016 ], [ 399983.926754832151346, 3781879.959308240097016 ], [ 399984.231943031540141, 3781880.264496439602226 ], [ 399984.537131230928935, 3781880.264496439602226 ], [ 399984.537131230928935, 3781880.569684638641775 ], [ 399984.84231943031773, 3781880.874872838146985 ], [ 399984.84231943031773, 3781883.011190233752131 ], [ 399984.537131230928935, 3781883.316378433257341 ], [ 399984.537131230928935, 3781884.23194303130731 ], [ 399984.231943031540141, 3781884.53713123081252 ], [ 399983.926754832151346, 3781884.53713123081252 ], [ 399983.621566632762551, 3781884.84231943031773 ], [ 399983.316378433373757, 3781884.84231943031773 ], [ 399983.011190233984962, 3781885.14750762982294 ], [ 399982.706002034596168, 3781885.14750762982294 ], [ 399982.400813835207373, 3781885.452695828862488 ], [ 399981.485249237040989, 3781885.452695828862488 ], [ 399981.180061037652194, 3781885.757884028367698 ], [ 399980.569684638874605, 3781885.757884028367698 ], [ 399980.264496439485811, 3781886.063072227872908 ], [ 399977.822990844375454, 3781886.063072227872908 ] ] ] } },
{ "type": "Feature", "properties": { "confidence": 0.88071638345718384, "class": 1, "regularized": "rectangle" }, "geometry": { "type": "Polygon", "coordinates": [ [ [ 400184.40625, 3781838.0 ], [ 400185.40625, 3781826.5 ], [ 400198.84375, 3781827.5 ], [ 400197.84375, 3781839.0 ], [ 400184.40625, 3781838.0 ] ] ] } },
{ "type": "Feature", "properties": { "confidence": 0.87789672613143921, "class": 1, "regularized": null }, "geometry": { "type": "Polygon", "coordinates": [ [ [ 399793.489318413019646, 3781929.399796541314572 ], [ 399793.184130213630851, 3781929.094608341809362 ], [ 399791.353001017298084, 3781929.094608341809362 ], [ 399791.047812817909289, 3781928.789420142304152 ], [ 399791.047812817909289, 3781926.958290946204215 ], [ 399791.353001017298084, 3781926.653102746699005 ], [ 399791.353001017298084, 3781925.432349949143827 ], [ 399791.658189216686878, 3781925.127161749638617 ], [ 399791.658189216686878, 3781924.516785351093858 ], [ 399792.573753814853262, 3781923.601220752578229 ], [ 399793.184130213630851, 3781923.601220752578229 ], [ 399793.489318413019646, 3781923.29603255353868 ], [ 399793.794506612408441, 3781923.29603255353868 ], [ 399794.099694811797235, 3781922.99084435403347 ], [ 399795.320447609352414, 3781922.99084435403347 ], [ 399795.625635808741208, 3781922.68565615452826 ], [ 399798.37232960324036, 3781922.68565615452826 ], [ 399798.677517802629154, 3781922.38046795502305 ], [ 399801.424211597128306, 3781922.38046795502305 ], [ 399801.7293997965171, 3781922.68565615452826 ], [ 399802.339776195294689, 3781922.68565615452826 ], [ 399802.644964394683484, 3781922.99084435403347 ], [ 399802.644964394683484, 3781923.906408952083439 ], [ 399802.339776195294689, 3781924.211597151588649 ], [ 399802.339776195294689, 3781926.653102746699005 ], [ 399802.950152594072279, 3781927.263479145243764 ], [ 399802.950152594072279, 3781927.568667344748974 ], [ 399803.255340793461073, 3781927.873855544254184 ], [ 399803.255340793461073, 3781928.484231942798942 ], [ 399802.339776195294689, 3781928.484231942798942 ], [ 399802.034587995905895, 3781928.789420142304152 ], [ 399800.203458799573127, 3781928.789420142304152 ], [ 399799.898270600184333, 3781929.094608341809362 ], [ 399794.710071210574824, 3781929.094608341809362 ], [ 399794.40488301118603, 3781929.399796541314572 ], [ 399793.489318413019646, 3781929.399796541314572 ] ] ] } },
{ "type": "Feature", "properties": { "confidence": 0.87525022029876709, "class": 1, "regularized": null }, "geometry": { "type": "Polygon", "coordinates": [ [ [ 400165.208545269561, 3782063.377416073344648 ], [ 400164.903357070172206, 3782063.072227873839438 ], [ 400163.682604272617027, 3782063.072227873839438 ], [ 400163.377416073228233, 3782062.767039674334228 ], [ 400163.377416073228233, 3782061.85147507628426 ], [ 400163.682604272617027, 3782061.54628687677905 ], [ 400163.682604272617027, 3782059.409969481173903 ], [ 400163.987792472005822, 3782059.104781281668693 ], [ 400165.818921668338589, 3782059.104781281668693 ], [ 400166.124109867727384, 3782058.799593082629144 ], [ 400170.701932858617511, 3782058.799593082629144 ], [ 400171.007121058006305, 3782059.104781281668693 ], [ 400172.227873855561484, 3782059.104781281668693 ], [ 400172.533062054950278, 3782059.409969481173903 ], [ 400173.753814852505457, 3782059.409969481173903 ], [ 400174.059003051894251, 3782059.715157680679113 ], [ 400174.059003051894251, 3782060.020345880184323 ], [ 400174.364191251283046, 3782060.325534079223871 ], [ 400174.364191251283046, 3782063.072227873839438 ], [ 400170.701932858617511, 3782063.072227873839438 ], [ 400170.396744659228716, 3782063.377416073344648 ], [ 400165.208545269561, 3782063.377416073344648 ] ] ] } },
{ "type": "Feature", "properties": { "confidence": 0.87468254566192627, "class": 1, "regularized": null }, "geometry": { "type": "Polygon", "coordinates": [ [ [ 399792.268565615464468, 3782165.615462868940085 ], [ 399792.268565615464468, 3782165.005086469929665 ], [ 399792.573753814853262, 3782164.699898270424455 ], [ 399792.878942014242057, 3782164.699898270424455 ], [ 399793.184130213630851, 3782164.394710071384907 ], [ 399793.794506612408441, 3782164.394710071384907 ], [ 399794.099694811797235, 3782164.089521871879697 ], [ 399794.099694811797235, 3782163.784333672374487 ], [ 399795.625635808741208, 3782163.784333672374487 ], [ 399795.930824008130003, 3782163.479145472869277 ], [ 399796.236012207518797, 3782163.479145472869277 ], [ 399796.541200406907592, 3782163.173957273829728 ], [ 399799.898270600184333, 3782163.173957273829728 ], [ 399800.203458799573127, 3782163.479145472869277 ], [ 399800.508646998961922, 3782163.479145472869277 ], [ 399800.813835198350716, 3782163.784333672374487 ], [ 399801.7293997965171, 3782163.784333672374487 ], [ 399802.339776195294689, 3782164.394710071384907 ], [ 399802.339776195294689, 3782165.615462868940085 ], [ 399792.268565615464468, 3782165.615462868940085 ] ] ] } },
{ "type": "Feature", "properties": { "confidence": 0.87402790784835815, "class": 1, "regularized": null }, "geometry": { "type": "Polygon", "coordinates": [ [ [ 400149.643947100732476, 3782003.255340793635696 ], [ 400149.338758901343681, 3782002.950152594130486 ], [ 400148.423194303177297, 3782002.950152594130486 ], [ 400148.118006103788503, 3782002.644964394625276 ], [ 400147.202441505622119, 3782002.644964394625276 ], [ 400146.897253306233324, 3782002.339776195120066 ], [ 400141.709053916565608, 3782002.339776195120066 ], [ 400141.403865717176814, 3782002.034587996080518 ], [ 400140.793489318399224, 3782002.034587996080518 ], [ 400140.48830111901043, 3782001.729399796575308 ], [ 400140.183112919621635, 3782001.729399796575308 ], [ 400139.267548321455251, 3782000.813835198525339 ], [ 400139.267548321455251, 3782000.20345879951492 ], [ 400138.962360122066457, 3781999.89827060000971 ], [ 400138.962360122066457, 3781998.372329603414983 ], [ 400139.267548321455251, 3781998.067141403909773 ], [ 400139.267548321455251, 3781997.761953204404563 ], [ 400139.572736520844046, 3781997.456765004899353 ], [ 400141.098677517788019, 3781997.456765004899353 ], [ 400141.403865717176814, 3781997.151576805859804 ], [ 400145.371312309231143, 3781997.151576805859804 ], [ 400145.676500508619938, 3781996.846388606354594 ], [ 400145.981688708008733, 3781997.151576805859804 ], [ 400146.897253306233324, 3781997.151576805859804 ], [ 400147.202441505622119, 3781997.456765004899353 ], [ 400147.202441505622119, 3781997.761953204404563 ], [ 400147.507629705010913, 3781998.067141403909773 ], [ 400147.507629705010913, 3781998.372329603414983 ], [ 400148.423194303177297, 3781999.287894201464951 ], [ 400148.728382502566092, 3781999.287894201464951 ], [ 400148.728382502566092, 3781999.593082400970161 ], [ 400150.559511698898859, 3782001.424211597070098 ], [ 400150.559511698898859, 3782002.034587996080518 ], [ 400150.864699898287654, 3782002.339776195120066 ], [ 400150.864699898287654, 3782002.644964394625276 ], [ 400150.559511698898859, 3782002.950152594130486 ], [ 400150.254323499510065, 3782002.950152594130486 ], [ 400149.94913530012127, 3782003.255340793635696 ], [ 400149.643947100732476, 3782003.255340793635696 ] ] ] } },
{ "type": "Feature", "properties": { "confidence": 0.87032514810562134, "class": 1, "regularized": null }, "geometry": { "type": "Polygon", "coordinates": [ [ [ 399755.951169888081495, 3781954.425228890962899 ], [ 399755.340793489303906, 3781953.81485249241814 ], [ 399755.035605289915111, 3781953.81485249241814 ], [ 399754.425228891137522, 3781953.20447609340772 ], [ 399754.425228891137522, 3781952.594099694862962 ], [ 399754.120040691748727, 3781952.288911495357752 ], [ 399754.120040691748727, 3781951.983723295852542 ], [ 399753.814852492359933, 3781951.678535096812993 ], [ 399753.814852492359933, 3781951.068158697802573 ], [ 399753.509664292971138, 3781950.762970498297364 ], [ 399753.509664292971138, 3781950.457782299257815 ], [ 399753.204476093582343, 3781950.152594099752605 ], [ 399753.204476093582343, 3781949.847405900247395 ], [ 399752.594099694804754, 3781949.237029501702636 ], [ 399752.594099694804754, 3781948.931841302197427 ], [ 399752.28891149541596, 3781948.626653102692217 ], [ 399752.28891149541596, 3781946.79552390659228 ], [ 399753.204476093582343, 3781946.79552390659228 ], [ 399753.509664292971138, 3781946.49033570708707 ], [ 399753.814852492359933, 3781946.49033570708707 ], [ 399754.120040691748727, 3781946.18514750758186 ], [ 399755.035605289915111, 3781946.18514750758186 ], [ 399755.340793489303906, 3781945.87995930807665 ], [ 399755.951169888081495, 3781945.87995930807665 ], [ 399755.951169888081495, 3781954.425228890962899 ] ] ] } },
{ "type": "Feature", "properties": { "confidence": 0.87003743648529053, "class": 1, "regularized": null }, "geometry": { "type": "Polygon", "coordinates": [ [ [ 400060.528992878913414, 3782172.024415055755526 ], [ 400060.223804679524619, 3782171.719226856715977 ], [ 400059.918616480135825, 3782171.719226856715977 ], [ 400059.61342828074703, 3782171.414038657210767 ], [ 400059.61342828074703, 3782171.108850457705557 ], [ 400059.003051881969441, 3782170.498474059160799 ], [ 400059.003051881969441, 3782170.193285859655589 ], [ 400058.087487283803057, 3782169.27772126160562 ], [ 400058.087487283803057, 3782168.97253306210041 ], [ 400057.782299084414262, 3782168.667344862595201 ], [ 400057.477110885025468, 3782168.667344862595201 ], [ 400057.477110885025468, 3782168.362156663089991 ], [ 400056.561546286859084, 3782167.446592065040022 ], [ 400056.561546286859084, 3782167.141403865534812 ], [ 400055.951169888081495, 3782166.531027466990054 ], [ 400055.951169888081495, 3782165.615462868940085 ], [ 400056.256358087470289, 3782165.310274669434875 ], [ 400056.561546286859084, 3782165.310274669434875 ], [ 400056.866734486247879, 3782165.005086469929665 ], [ 400057.171922685636673, 3782165.310274669434875 ], [ 400057.782299084414262, 3782165.310274669434875 ], [ 400058.087487283803057, 3782165.615462868940085 ], [ 400058.392675483191852, 3782165.615462868940085 ], [ 400058.697863682580646, 3782165.920651067979634 ], [ 400059.003051881969441, 3782165.920651067979634 ], [ 400059.308240081358235, 3782166.225839267484844 ], [ 400059.918616480135825, 3782166.225839267484844 ], [ 400060.223804679524619, 3782166.531027466990054 ], [ 400060.528992878913414, 3782166.531027466990054 ], [ 400060.834181078360416, 3782166.836215666495264 ], [ 400061.139369277749211, 3782166.836215666495264 ], [ 400061.444557477138005, 3782167.141403865534812 ], [ 400062.054933875915594, 3782167.141403865534812 ], [ 400062.360122075304389, 3782167.446592065040022 ], [ 400062.665310274693184, 3782167.446592065040022 ], [ 400062.970498474081978, 3782167.751780264545232 ], [ 400063.275686673470773, 3782167.751780264545232 ], [ 400063.275686673470773, 3782168.362156663089991 ], [ 400062.970498474081978, 3782168.667344862595201 ], [ 400062.970498474081978, 3782169.27772126160562 ], [ 400062.054933875915594, 3782170.193285859655589 ], [ 400062.054933875915594, 3782170.498474059160799 ], [ 400061.139369277749211, 3782171.414038657210767 ], [ 400061.139369277749211, 3782171.719226856715977 ], [ 400060.834181078360416, 3782172.024415055755526 ], [ 400060.528992878913414, 3782172.024415055755526 ] ] ] } },
{ "type": "Feature", "properties": { "confidence": 0.86891323328018188, "class": 1, "regularized": null }, "geometry": { "type": "Polygon", "coordinates": [ [ [ 400165.818921668338589, 3782069.17599186161533 ], [ 400165.513733468949795, 3782068.87080366211012 ], [ 400165.513733468949795, 3782067.650050864554942 ], [ 400165.208545269561, 3782067.344862665515393 ], [ 400164.903357070172206, 3782067.344862665515393 ], [ 400164.598168870783411, 3782067.039674466010183 ], [ 400164.292980671394616, 3782067.039674466010183 ], [ 400164.292980671394616, 3782065.513733468949795 ], [ 400165.513733468949795, 3782064.292980671394616 ], [ 400167.039674465893768, 3782064.292980671394616 ], [ 400168.565615462895948, 3782065.818921668455005 ], [ 400168.870803662284743, 3782065.818921668455005 ], [ 400169.481180061062332, 3782066.429298066999763 ], [ 400169.786368260451127, 3782066.429298066999763 ], [ 400169.786368260451127, 3782066.734486266504973 ], [ 400170.091556459839921, 3782067.039674466010183 ], [ 400170.091556459839921, 3782068.565615463070571 ], [ 400169.481180061062332, 3782068.565615463070571 ], [ 400169.175991861673538, 3782068.87080366211012 ], [ 400167.955239064118359, 3782068.87080366211012 ], [ 400167.650050864671357, 3782069.17599186161533 ], [ 400165.818921668338589, 3782069.17599186161533 ] ] ] } },
{ "type": "Feature", "properties": { "confidence": 0.85060077905654907, "class": 1, "regularized": null }, "geometry": { "type": "Polygon", "coordinates": [ [ [ 399737.945066124084406, 3782358.799593082629144 ], [ 399737.639877924695611, 3782358.494404883123934 ], [ 399737.334689725306816, 3782358.494404883123934 ], [ 399737.334689725306816, 3782356.358087487053126 ], [ 399737.639877924695611, 3782356.052899288013577 ], [ 399737.639877924695611, 3782355.747711088508368 ], [ 399738.2502543234732, 3782355.137334689497948 ], [ 399738.2502543234732, 3782354.221770091447979 ], [ 399738.555442522861995, 3782353.916581891942769 ], [ 399738.555442522861995, 3782353.611393692903221 ], [ 399739.776195320475381, 3782352.390640895348042 ], [ 399740.081383519864175, 3782352.390640895348042 ], [ 399740.38657171925297, 3782352.085452695842832 ], [ 399740.691759918641765, 3782352.085452695842832 ], [ 399740.996948118030559, 3782351.780264496337622 ], [ 399742.217700915585738, 3782351.780264496337622 ], [ 399742.828077314363327, 3782352.390640895348042 ], [ 399742.828077314363327, 3782352.695829094387591 ], [ 399743.743641912529711, 3782353.611393692903221 ], [ 399743.743641912529711, 3782353.916581891942769 ], [ 399744.3540183113073, 3782354.526958290953189 ], [ 399744.3540183113073, 3782354.832146490458399 ], [ 399744.659206510696094, 3782355.137334689497948 ], [ 399744.3540183113073, 3782355.442522889003158 ], [ 399744.3540183113073, 3782355.747711088508368 ], [ 399744.048830111918505, 3782355.747711088508368 ], [ 399742.828077314363327, 3782356.968463886063546 ], [ 399742.217700915585738, 3782356.968463886063546 ], [ 399741.912512716196943, 3782357.273652085568756 ], [ 399741.607324516808148, 3782357.273652085568756 ], [ 399741.302136317419354, 3782357.578840285073966 ], [ 399740.996948118030559, 3782357.578840285073966 ], [ 399740.691759918641765, 3782357.884028484113514 ], [ 399740.38657171925297, 3782357.884028484113514 ], [ 399740.081383519864175, 3782358.189216683618724 ], [ 399739.776195320475381, 3782358.189216683618724 ], [ 399739.471007121086586, 3782358.494404883123934 ], [ 399738.555442522861995, 3782358.494404883123934 ], [ 399738.2502543234732, 3782358.799593082629144 ], [ 399737.945066124084406, 3782358.799593082629144 ] ] ] } },
{ "type": "Feature", "properties": { "confidence": 0.84373974800109863, "class": 1, "regularized": null }, "geometry": { "type": "Polygon", "coordinates": [ [ [ 400135.910478128178511, 3782013.326551373116672 ], [ 400135.605289928789716, 3782013.021363174077123 ], [ 400135.300101729400922, 3782013.021363174077123 ], [ 400134.689725330623332, 3782012.410986775066704 ], [ 400134.689725330623332, 3782012.105798575561494 ], [ 400134.384537131234538, 3782011.800610376521945 ], [ 400134.384537131234538, 3782011.495422177016735 ], [ 400134.079348931845743, 3782011.190233977511525 ], [ 400134.079348931845743, 3782010.885045778006315 ], [ 400133.774160732456949, 3782010.579857578966767 ], [ 400133.774160732456949, 3782010.274669379461557 ], [ 400134.079348931845743, 3782009.969481179956347 ], [ 400134.079348931845743, 3782009.664292980451137 ], [ 400147.812817904399708, 3782009.664292980451137 ], [ 400147.812817904399708, 3782009.969481179956347 ], [ 400148.118006103788503, 3782010.274669379461557 ], [ 400148.118006103788503, 3782010.885045778006315 ], [ 400147.812817904399708, 3782010.885045778006315 ], [ 400147.202441505622119, 3782011.495422177016735 ], [ 400146.897253306233324, 3782011.495422177016735 ], [ 400146.59206510684453, 3782011.800610376521945 ], [ 400145.981688708008733, 3782011.800610376521945 ], [ 400145.371312309231143, 3782012.410986775066704 ], [ 400145.066124109842349, 3782012.410986775066704 ], [ 400144.45574771106476, 3782013.021363174077123 ], [ 400142.624618514731992, 3782013.021363174077123 ], [ 400142.319430315343197, 3782013.326551373116672 ], [ 400135.910478128178511, 3782013.326551373116672 ] ] ] } },
{ "type": "Feature", "properties": { "confidence": 0.84199708700180054, "class": 1, "regularized": null }, "geometry": { "type": "Polygon", "coordinates": [ [ [ 400146.286876907397527, 3781975.483214648906142 ], [ 400145.981688708008733, 3781975.178026449866593 ], [ 400143.84537131228717, 3781975.178026449866593 ], [ 400143.540183112898376, 3781974.872838250361383 ], [ 400142.929806714120787, 3781974.872838250361383 ], [ 400142.624618514731992, 3781974.567650050856173 ], [ 400142.319430315343197, 3781974.567650050856173 ], [ 400142.014242115954403, 3781974.262461851350963 ], [ 400141.709053916565608, 3781974.262461851350963 ], [ 400139.877924720232841, 3781972.431332655251026 ], [ 400139.877924720232841, 3781972.126144455745816 ], [ 400139.572736520844046, 3781971.820956256240606 ], [ 400139.572736520844046, 3781970.295015259180218 ], [ 400139.877924720232841, 3781969.989827060140669 ], [ 400140.183112919621635, 3781969.989827060140669 ], [ 400140.48830111901043, 3781969.684638860635459 ], [ 400142.014242115954403, 3781969.684638860635459 ], [ 400142.319430315343197, 3781969.989827060140669 ], [ 400142.624618514731992, 3781969.989827060140669 ], [ 400142.929806714120787, 3781970.295015259180218 ], [ 400143.234994913509581, 3781970.295015259180218 ], [ 400143.540183112898376, 3781970.600203458685428 ], [ 400145.981688708008733, 3781970.600203458685428 ], [ 400146.286876907397527, 3781970.295015259180218 ], [ 400148.118006103788503, 3781970.295015259180218 ], [ 400148.423194303177297, 3781969.989827060140669 ], [ 400148.423194303177297, 3781971.515768057201058 ], [ 400148.118006103788503, 3781971.820956256240606 ], [ 400148.118006103788503, 3781972.431332655251026 ], [ 400148.423194303177297, 3781972.736520854756236 ], [ 400148.423194303177297, 3781973.346897253300995 ], [ 400148.728382502566092, 3781973.652085452806205 ], [ 400148.728382502566092, 3781973.957273652311414 ], [ 400149.033570701954886, 3781974.262461851350963 ], [ 400149.033570701954886, 3781974.872838250361383 ], [ 400148.728382502566092, 3781975.178026449866593 ], [ 400148.118006103788503, 3781975.178026449866593 ], [ 400147.812817904399708, 3781975.483214648906142 ], [ 400146.286876907397527, 3781975.483214648906142 ] ] ] } },
{ "type": "Feature", "properties": { "confidence": 0.83880692720413208, "class": 1, "regularized": null }, "geometry": { "type": "Polygon", "coordinates": [ [ [ 399983.621566632762551, 3781832.960325533989817 ], [ 399983.316378433373757, 3781832.655137334484607 ], [ 399983.011190233984962, 3781832.655137334484607 ], [ 399983.316378433373757, 3781832.349949135445058 ], [ 399983.316378433373757, 3781830.82400813838467 ], [ 399982.400813835207373, 3781829.908443540334702 ], [ 399981.790437436429784, 3781829.908443540334702 ], [ 399981.485249237040989, 3781829.603255340829492 ], [ 399981.485249237040989, 3781825.940996948163956 ], [ 399981.790437436429784, 3781825.635808748658746 ], [ 399981.790437436429784, 3781825.025432350113988 ], [ 399982.095625635818578, 3781824.720244150608778 ], [ 399983.011190233984962, 3781824.720244150608778 ], [ 399983.316378433373757, 3781824.415055951103568 ], [ 399986.368260427261703, 3781824.415055951103568 ], [ 399986.673448626650497, 3781824.109867751598358 ], [ 399989.114954221760854, 3781824.109867751598358 ], [ 399989.420142421149649, 3781824.415055951103568 ], [ 399989.725330620538443, 3781824.415055951103568 ], [ 399989.725330620538443, 3781824.720244150608778 ], [ 399990.030518819927238, 3781825.025432350113988 ], [ 399990.335707019316033, 3781825.025432350113988 ], [ 399990.335707019316033, 3781828.382502543274313 ], [ 399989.725330620538443, 3781828.382502543274313 ], [ 399989.114954221760854, 3781828.992878941819072 ], [ 399989.114954221760854, 3781829.603255340829492 ], [ 399989.420142421149649, 3781829.908443540334702 ], [ 399989.420142421149649, 3781830.82400813838467 ], [ 399989.725330620538443, 3781831.12919633788988 ], [ 399989.725330620538443, 3781832.655137334484607 ], [ 399989.420142421149649, 3781832.655137334484607 ], [ 399989.114954221760854, 3781832.960325533989817 ], [ 399983.621566632762551, 3781832.960325533989817 ] ] ] } },
{ "type": "Feature", "properties": { "confidence": 0.82361704111099243, "class": 1, "regularized": null }, "geometry": { "type": "Polygon", "coordinates": [ [ [ 399718.718209562590346, 3781956.256358087528497 ], [ 399718.718209562590346, 3781955.951169888023287 ], [ 399718.413021363201551, 3781955.645981688518077 ], [ 399718.413021363201551, 3781955.035605289973319 ], [ 399718.107833163812757, 3781954.730417090468109 ], [ 399718.107833163812757, 3781953.50966429291293 ], [ 399718.413021363201551, 3781953.50966429291293 ], [ 399718.718209562590346, 3781953.20447609340772 ], [ 399719.02339776197914, 3781953.20447609340772 ], [ 399719.328585961367935, 3781952.899287894368172 ], [ 399719.938962360145524, 3781952.899287894368172 ], [ 399720.549338758923113, 3781952.288911495357752 ], [ 399720.854526958311908, 3781952.288911495357752 ], [ 399721.159715157700703, 3781951.983723295852542 ], [ 399721.770091556478292, 3781951.983723295852542 ], [ 399722.075279755867086, 3781951.678535096812993 ], [ 399722.380467955255881, 3781951.983723295852542 ], [ 399722.99084435403347, 3781951.983723295852542 ], [ 399723.296032553422265, 3781952.288911495357752 ], [ 399722.99084435403347, 3781952.594099694862962 ], [ 399722.99084435403347, 3781953.50966429291293 ], [ 399722.380467955255881, 3781954.12004069192335 ], [ 399722.380467955255881, 3781955.035605289973319 ], [ 399722.075279755867086, 3781955.340793489478528 ], [ 399722.075279755867086, 3781955.645981688518077 ], [ 399721.770091556478292, 3781955.951169888023287 ], [ 399721.770091556478292, 3781956.256358087528497 ], [ 399718.718209562590346, 3781956.256358087528497 ] ] ] } },
{ "type": "Feature", "properties": { "confidence": 0.82043206691741943, "class": 1, "regularized": null }, "geometry": { "type": "Polygon", "coordinates": [ [ [ 399890.539165818947367, 3782132.044760935939848 ], [ 399890.233977619558573, 3782131.739572736434639 ], [ 399889.928789420169778, 3782131.739572736434639 ], [ 399889.623601220780984, 3782131.434384536929429 ], [ 399889.318413021392189, 3782131.434384536929429 ], [ 399888.708036622556392, 3782130.82400813838467 ], [ 399888.708036622556392, 3782129.908443540334702 ], [ 399888.402848423167598, 3782129.603255340829492 ], [ 399888.402848423167598, 3782128.992878941819072 ], [ 399888.097660223778803, 3782128.687690742779523 ], [ 399887.792472024390008, 3782128.687690742779523 ], [ 399887.792472024390008, 3782128.382502543274313 ], [ 399887.487283825001214, 3782128.077314343769103 ], [ 399887.487283825001214, 3782127.772126144263893 ], [ 399887.182095625612419, 3782127.466937945224345 ], [ 399892.06510681589134, 3782127.466937945224345 ], [ 399891.759918616502546, 3782127.772126144263893 ], [ 399891.759918616502546, 3782128.992878941819072 ], [ 399892.06510681589134, 3782129.298067141324282 ], [ 399892.06510681589134, 3782130.82400813838467 ], [ 399891.759918616502546, 3782131.12919633788988 ], [ 399891.759918616502546, 3782131.434384536929429 ], [ 399891.454730417113751, 3782131.739572736434639 ], [ 399891.149542217724957, 3782131.739572736434639 ], [ 399890.844354018336162, 3782132.044760935939848 ], [ 399890.539165818947367, 3782132.044760935939848 ] ] ] } },
{ "type": "Feature", "properties": { "confidence": 0.81562787294387817, "class": 1, "regularized": "original" }, "geometry": { "type": "Polygon", "coordinates": [ [ [ 400026.653102746699005, 3782320.956256357952952 ], [ 400026.347914547310211, 3782320.651068158913404 ], [ 400026.042726347921416, 3782320.651068158913404 ], [ 400026.042726347921416, 3782317.599186164792627 ], [ 400025.737538148532622, 3782317.293997965287417 ], [ 400026.042726347921416, 3782316.988809766247869 ], [ 400026.042726347921416, 3782313.326551373116672 ], [ 400026.347914547310211, 3782313.021363174077123 ], [ 400026.9582909460878, 3782313.631739572621882 ], [ 400028.484231943031773, 3782313.631739572621882 ], [ 400028.789420142420568, 3782313.936927772127092 ], [ 400029.704984740586951, 3782313.936927772127092 ], [ 400029.704984740586951, 3782314.242115971632302 ], [ 400030.315361139364541, 3782314.85249237017706 ], [ 400030.92573753814213, 3782314.85249237017706 ], [ 400031.230925737530924, 3782315.15768056968227 ], [ 400031.536113936919719, 3782315.15768056968227 ], [ 400031.841302136308514, 3782315.46286876918748 ], [ 400033.367243133252487, 3782315.46286876918748 ], [ 400033.672431332641281, 3782315.15768056968227 ], [ 400039.776195320475381, 3782315.15768056968227 ], [ 400040.081383519864175, 3782314.85249237017706 ], [ 400043.743641912529711, 3782314.85249237017706 ], [ 400044.048830111918505, 3782314.547304171137512 ], [ 400045.269582909473684, 3782314.547304171137512 ], [ 400045.574771108862478, 3782314.85249237017706 ], [ 400045.879959308251273, 3782314.85249237017706 ], [ 400046.185147507640067, 3782315.15768056968227 ], [ 400046.185147507640067, 3782315.76805696869269 ], [ 400046.490335707028862, 3782316.073245167732239 ], [ 400046.490335707028862, 3782316.988809766247869 ], [ 400046.185147507640067, 3782317.293997965287417 ], [ 400046.185147507640067, 3782319.125127161853015 ], [ 400045.879959308251273, 3782319.430315361358225 ], [ 400045.574771108862478, 3782319.430315361358225 ], [ 400045.269582909473684, 3782319.735503560397774 ], [ 400042.828077314363327, 3782319.735503560397774 ], [ 400042.522889114974532, 3782320.040691759902984 ], [ 400040.081383519864175, 3782320.040691759902984 ], [ 400039.776195320475381, 3782320.345879959408194 ], [ 400036.419125127140433, 3782320.345879959408194 ], [ 400036.113936927751638, 3782320.651068158913404 ], [ 400033.062054933863692, 3782320.651068158913404 ], [ 400032.756866734474897, 3782320.956256357952952 ], [ 400026.653102746699005, 3782320.956256357952952 ] ] ] } },
{ "type": "Feature", "properties": { "confidence": 0.81328839063644409, "class": 1, "regularized": null }, "geometry": { "type": "Polygon", "coordinates": [ [ [ 399837.131230925733689, 3782165.615462868940085 ], [ 399837.131230925733689, 3782165.005086469929665 ], [ 399836.215666327567305, 3782164.089521871879697 ], [ 399835.605289928789716, 3782164.089521871879697 ], [ 399835.605289928789716, 3782163.784333672374487 ], [ 399835.300101729400922, 3782163.479145472869277 ], [ 399834.994913530012127, 3782163.479145472869277 ], [ 399834.994913530012127, 3782163.173957273829728 ], [ 399834.689725330623332, 3782162.868769074324518 ], [ 399834.384537131234538, 3782162.868769074324518 ], [ 399834.384537131234538, 3782162.563580874819309 ], [ 399834.689725330623332, 3782162.563580874819309 ], [ 399834.994913530012127, 3782162.258392675314099 ], [ 399835.300101729400922, 3782162.258392675314099 ], [ 399835.605289928789716, 3782161.95320447627455 ], [ 399837.131230925733689, 3782161.95320447627455 ], [ 399837.436419125122484, 3782162.258392675314099 ], [ 399838.046795523900073, 3782162.258392675314099 ], [ 399838.351983723288868, 3782162.563580874819309 ], [ 399838.657171922677662, 3782162.563580874819309 ], [ 399838.962360122066457, 3782162.868769074324518 ], [ 399838.962360122066457, 3782163.479145472869277 ], [ 399839.877924720232841, 3782164.394710071384907 ], [ 399840.183112919621635, 3782164.394710071384907 ], [ 399840.48830111901043, 3782164.699898270424455 ], [ 399840.48830111901043, 3782165.615462868940085 ], [ 399837.131230925733689, 3782165.615462868940085 ] ] ] } },
{ "type": "Feature", "properties": { "confidence": 0.80778717994689941, "class": 1, "regularized": null }, "geometry": { "type": "Polygon", "coordinates": [ [ [ 399835.910478128178511, 3781918.718209562357515 ], [ 399834.079348931845743, 3781916.887080366257578 ], [ 399834.079348931845743, 3781916.581892166752368 ], [ 399833.774160732456949, 3781916.276703967247158 ], [ 399833.774160732456949, 3781915.97151576820761 ], [ 399833.163784333679359, 3781915.36113936919719 ], [ 399833.163784333679359, 3781915.05595116969198 ], [ 399832.55340793490177, 3781914.445574771147221 ], [ 399832.55340793490177, 3781914.140386571642011 ], [ 399832.248219735512976, 3781913.835198372136801 ], [ 399832.248219735512976, 3781912.004069176036865 ], [ 399832.55340793490177, 3781911.698880976531655 ], [ 399833.468972533068154, 3781911.698880976531655 ], [ 399834.689725330623332, 3781912.919633774086833 ], [ 399834.689725330623332, 3781913.224821973592043 ], [ 399835.605289928789716, 3781914.140386571642011 ], [ 399835.910478128178511, 3781914.140386571642011 ], [ 399836.215666327567305, 3781914.445574771147221 ], [ 399836.5208545269561, 3781914.445574771147221 ], [ 399836.826042726344895, 3781914.750762970652431 ], [ 399836.826042726344895, 3781915.05595116969198 ], [ 399838.046795523900073, 3781916.276703967247158 ], [ 399838.046795523900073, 3781916.581892166752368 ], [ 399838.351983723288868, 3781916.887080366257578 ], [ 399838.351983723288868, 3781917.192268565762788 ], [ 399838.657171922677662, 3781917.497456764802337 ], [ 399838.657171922677662, 3781917.802644964307547 ], [ 399838.046795523900073, 3781918.413021363317966 ], [ 399837.741607324511278, 3781918.413021363317966 ], [ 399837.436419125122484, 3781918.718209562357515 ], [ 399835.910478128178511, 3781918.718209562357515 ] ] ] } },
{ "type": "Feature", "properties": { "confidence": 0.80617630481719971, "class": 1, "regularized": null }, "geometry": { "type": "Polygon", "coordinates": [ [ [ 399897.253306205500849, 3782062.767039674334228 ], [ 399896.948118006112054, 3782062.461851475294679 ], [ 399896.337741607334465, 3782062.461851475294679 ], [ 399896.03255340794567, 3782062.156663275789469 ], [ 399895.727365208556876, 3782062.156663275789469 ], [ 399895.422177009168081, 3782061.85147507628426 ], [ 399895.116988809779286, 3782061.85147507628426 ], [ 399894.811800610390492, 3782061.54628687677905 ], [ 399894.506612411001697, 3782061.54628687677905 ], [ 399893.896236012224108, 3782060.935910478234291 ], [ 399893.591047812835313, 3782060.935910478234291 ], [ 399892.980671414057724, 3782060.325534079223871 ], [ 399892.980671414057724, 3782060.020345880184323 ], [ 399892.67548321466893, 3782059.715157680679113 ], [ 399892.67548321466893, 3782058.494404883123934 ], [ 399892.980671414057724, 3782058.189216683618724 ], [ 399892.980671414057724, 3782056.968463886063546 ], [ 399893.285859613446519, 3782056.663275686558336 ], [ 399895.727365208556876, 3782056.663275686558336 ], [ 399896.03255340794567, 3782056.358087487053126 ], [ 399896.337741607334465, 3782056.358087487053126 ], [ 399896.948118006112054, 3782055.747711088508368 ], [ 399896.948118006112054, 3782055.442522889003158 ], [ 399897.253306205500849, 3782055.442522889003158 ], [ 399897.558494404889643, 3782055.137334689497948 ], [ 399897.558494404889643, 3782054.832146490458399 ], [ 399897.863682604278438, 3782054.832146490458399 ], [ 399898.474059003056027, 3782055.442522889003158 ], [ 399899.084435401833616, 3782055.442522889003158 ], [ 399899.389623601222411, 3782055.747711088508368 ], [ 399899.694811800611205, 3782055.747711088508368 ], [ 399900.305188199388795, 3782056.358087487053126 ], [ 399900.610376398777589, 3782056.358087487053126 ], [ 399900.610376398777589, 3782056.663275686558336 ], [ 399900.915564598166384, 3782056.968463886063546 ], [ 399900.915564598166384, 3782057.578840285073966 ], [ 399900.305188199388795, 3782058.189216683618724 ], [ 399900.305188199388795, 3782058.494404883123934 ], [ 399899.694811800611205, 3782059.104781281668693 ], [ 399899.694811800611205, 3782059.409969481173903 ], [ 399899.389623601222411, 3782059.715157680679113 ], [ 399899.389623601222411, 3782060.325534079223871 ], [ 399898.779247202444822, 3782060.935910478234291 ], [ 399898.779247202444822, 3782062.156663275789469 ], [ 399898.474059003056027, 3782062.461851475294679 ], [ 399898.168870803667232, 3782062.461851475294679 ], [ 399897.863682604278438, 3782062.767039674334228 ], [ 399897.253306205500849, 3782062.767039674334228 ] ] ] } },
{ "type": "Feature", "properties": { "confidence": 0.80586755275726318, "class": 1, "regularized": null }, "geometry": { "type": "Polygon", "coordinates": [ [ [ 399964.699898270599078, 3782370.091556459665298 ], [ 399964.394710071210284, 3782369.78636826062575 ], [ 399964.089521871821489, 3782369.78636826062575 ], [ 399963.784333672432695, 3782369.48118006112054 ], [ 399963.784333672432695, 3782368.87080366211012 ], [ 399963.4791454730439, 3782368.565615463070571 ], [ 399963.784333672432695, 3782368.260427263565361 ], [ 399963.784333672432695, 3782367.955239064060152 ], [ 399964.089521871821489, 3782367.650050864554942 ], [ 399964.089521871821489, 3782366.124109867960215 ], [ 399963.784333672432695, 3782365.818921668455005 ], [ 399963.784333672432695, 3782365.208545269444585 ], [ 399963.4791454730439, 3782364.903357070405036 ], [ 399963.4791454730439, 3782364.598168870899826 ], [ 399963.784333672432695, 3782364.292980671394616 ], [ 399963.784333672432695, 3782362.461851475294679 ], [ 399964.089521871821489, 3782362.156663275789469 ], [ 399964.089521871821489, 3782360.630722278729081 ], [ 399964.394710071210284, 3782360.325534079223871 ], [ 399964.699898270599078, 3782360.325534079223871 ], [ 399965.005086469987873, 3782360.020345880184323 ], [ 399965.310274669376668, 3782360.020345880184323 ], [ 399965.920651068154257, 3782359.409969481173903 ], [ 399967.44659206509823, 3782359.409969481173903 ], [ 399967.751780264487024, 3782359.715157680679113 ], [ 399969.277721261430997, 3782359.715157680679113 ], [ 399969.582909460819792, 3782360.020345880184323 ], [ 399970.193285859597381, 3782360.020345880184323 ], [ 399970.498474058986176, 3782360.325534079223871 ], [ 399970.498474058986176, 3782363.682604272849858 ], [ 399970.193285859597381, 3782363.987792471889406 ], [ 399970.193285859597381, 3782364.903357070405036 ], [ 399969.888097660208587, 3782365.208545269444585 ], [ 399969.888097660208587, 3782365.818921668455005 ], [ 399969.582909460819792, 3782366.124109867960215 ], [ 399969.582909460819792, 3782366.429298066999763 ], [ 399969.277721261430997, 3782366.734486266504973 ], [ 399969.277721261430997, 3782367.650050864554942 ], [ 399968.972533062042203, 3782367.955239064060152 ], [ 399968.972533062042203, 3782368.260427263565361 ], [ 399968.362156663264614, 3782368.87080366211012 ], [ 399967.751780264487024, 3782368.87080366211012 ], [ 399967.44659206509823, 3782369.17599186161533 ], [ 399967.141403865709435, 3782369.17599186161533 ], [ 399966.836215666320641, 3782369.48118006112054 ], [ 399966.836215666320641, 3782369.78636826062575 ], [ 399966.531027466931846, 3782370.091556459665298 ], [ 399964.699898270599078, 3782370.091556459665298 ] ] ] } },
{ "type": "Feature", "properties": { "confidence": 0.79351401329040527, "class": 1, "regularized": null }, "geometry": { "type": "Polygon", "coordinates": [ [ [ 399949.135300101712346, 3781895.829094608314335 ], [ 399948.830111902323551, 3781895.523906408809125 ], [ 399948.830111902323551, 3781895.218718209769577 ], [ 399948.219735503545962, 3781894.608341810759157 ], [ 399948.219735503545962, 3781894.303153611253947 ], [ 399947.914547304157168, 3781893.997965412214398 ], [ 399947.914547304157168, 3781892.47202441515401 ], [ 399951.271617497433908, 3781892.47202441515401 ], [ 399951.271617497433908, 3781895.218718209769577 ], [ 399950.661241098656319, 3781895.829094608314335 ], [ 399949.135300101712346, 3781895.829094608314335 ] ] ] } },
{ "type": "Feature", "properties": { "confidence": 0.7873845100402832, "class": 1, "regularized": null }, "geometry": { "type": "Polygon", "coordinates": [ [ [ 400120.040691759902984, 3782015.15768056968227 ], [ 400119.735503560514189, 3782014.85249237017706 ], [ 400119.1251271617366, 3782014.85249237017706 ], [ 400119.1251271617366, 3782014.547304171137512 ], [ 400118.209562563570216, 3782013.631739572621882 ], [ 400118.209562563570216, 3782013.326551373116672 ], [ 400117.904374364181422, 3782013.021363174077123 ], [ 400117.904374364181422, 3782012.716174974571913 ], [ 400117.599186164792627, 3782012.410986775066704 ], [ 400117.599186164792627, 3782012.105798575561494 ], [ 400116.988809766015038, 3782011.495422177016735 ], [ 400116.988809766015038, 3782011.190233977511525 ], [ 400116.683621566626243, 3782010.885045778006315 ], [ 400116.683621566626243, 3782010.579857578966767 ], [ 400117.293997965403832, 3782009.969481179956347 ], [ 400117.293997965403832, 3782009.664292980451137 ], [ 400125.2288911495707, 3782009.664292980451137 ], [ 400125.2288911495707, 3782015.15768056968227 ], [ 400120.040691759902984, 3782015.15768056968227 ] ] ] } },
{ "type": "Feature", "properties": { "confidence": 0.78490400314331055, "class": 1, "regularized": "rectangle" }, "geometry": { "type": "Polygon", "coordinates": [ [ [ 399754.71875, 3782244.5 ], [ 399768.15625, 3782244.5 ], [ 399768.15625, 3782257.5 ], [ 399754.71875, 3782257.5 ], [ 399754.71875, 3782244.5 ] ] ] } },
{ "type": "Feature", "properties": { "confidence": 0.77687358856201172, "class": 1, "regularized": null }, "geometry": { "type": "Polygon", "coordinates": [ [ [ 400188.708036622556392, 3781852.797558494377881 ], [ 400188.402848423167598, 3781852.492370294872671 ], [ 400187.792472024390008, 3781852.492370294872671 ], [ 400187.792472024390008, 3781843.947100711986423 ], [ 400188.097660223778803, 3781843.947100711986423 ], [ 400188.402848423167598, 3781843.641912512946874 ], [ 400189.013224821945187, 3781843.641912512946874 ], [ 400189.318413021392189, 3781843.336724313441664 ], [ 400195.422177009168081, 3781843.336724313441664 ], [ 400195.727365208556876, 3781843.641912512946874 ], [ 400196.337741607334465, 3781843.641912512946874 ], [ 400196.642929806723259, 3781843.947100711986423 ], [ 400196.642929806723259, 3781844.862665310502052 ], [ 400196.948118006112054, 3781845.167853509541601 ], [ 400196.948118006112054, 3781846.693794506601989 ], [ 400197.253306205500849, 3781846.998982706107199 ], [ 400197.253306205500849, 3781848.219735503662378 ], [ 400196.948118006112054, 3781848.524923703167588 ], [ 400196.948118006112054, 3781849.440488301217556 ], [ 400197.253306205500849, 3781849.745676500722766 ], [ 400196.948118006112054, 3781850.050864699762315 ], [ 400196.948118006112054, 3781851.881993896327913 ], [ 400196.642929806723259, 3781852.187182095833123 ], [ 400196.642929806723259, 3781852.492370294872671 ], [ 400195.727365208556876, 3781852.492370294872671 ], [ 400195.422177009168081, 3781852.797558494377881 ], [ 400194.201424211612903, 3781852.797558494377881 ], [ 400193.896236012224108, 3781852.492370294872671 ], [ 400190.844354018336162, 3781852.492370294872671 ], [ 400190.539165818947367, 3781852.797558494377881 ], [ 400188.708036622556392, 3781852.797558494377881 ] ] ] } },
{ "type": "Feature", "properties": { "confidence": 0.77595210075378418, "class": 1, "regularized": null }, "geometry": { "type": "Polygon", "coordinates": [ [ [ 399668.362156663264614, 3782296.541200406849384 ], [ 399668.362156663264614, 3782295.625635808799416 ], [ 399669.582909460819792, 3782294.404883011244237 ], [ 399669.888097660208587, 3782294.404883011244237 ], [ 399670.193285859597381, 3782294.099694811739028 ], [ 399670.498474058986176, 3782294.099694811739028 ], [ 399671.108850457763765, 3782293.489318413194269 ], [ 399671.41403865715256, 3782293.489318413194269 ], [ 399672.024415055930149, 3782292.878942014183849 ], [ 399672.329603255318943, 3782292.878942014183849 ], [ 399672.634791454707738, 3782292.573753814678639 ], [ 399672.939979654096533, 3782292.573753814678639 ], [ 399673.550356052874122, 3782291.963377416133881 ], [ 399673.855544252262916, 3782291.963377416133881 ], [ 399674.160732451651711, 3782291.658189216628671 ], [ 399675.381485249265097, 3782291.658189216628671 ], [ 399675.686673448653892, 3782291.963377416133881 ], [ 399675.686673448653892, 3782292.268565615639091 ], [ 399674.7711088504293, 3782293.184130213689059 ], [ 399674.465920651040506, 3782293.184130213689059 ], [ 399673.550356052874122, 3782294.099694811739028 ], [ 399673.245167853485327, 3782294.099694811739028 ], [ 399672.634791454707738, 3782294.710071210749447 ], [ 399672.329603255318943, 3782294.710071210749447 ], [ 399671.719226856541354, 3782295.320447609294206 ], [ 399671.41403865715256, 3782295.320447609294206 ], [ 399671.108850457763765, 3782295.625635808799416 ], [ 399670.80366225837497, 3782295.625635808799416 ], [ 399670.498474058986176, 3782295.930824008304626 ], [ 399670.193285859597381, 3782295.930824008304626 ], [ 399669.888097660208587, 3782296.236012207344174 ], [ 399669.582909460819792, 3782296.236012207344174 ], [ 399669.277721261430997, 3782296.541200406849384 ], [ 399668.362156663264614, 3782296.541200406849384 ] ] ] } },
{ "type": "Feature", "properties": { "confidence": 0.77218878269195557, "class": 1, "regularized": null }, "geometry": { "type": "Polygon", "coordinates": [ [ [ 399614.343845371331554, 3782092.980671414174139 ], [ 399614.038657171942759, 3782092.67548321466893 ], [ 399614.038657171942759, 3782092.06510681565851 ], [ 399613.42828077316517, 3782091.454730417113751 ], [ 399613.42828077316517, 3782089.318413021508604 ], [ 399613.733468972553965, 3782089.318413021508604 ], [ 399614.343845371331554, 3782088.708036622498184 ], [ 399615.259409969497938, 3782088.708036622498184 ], [ 399615.869786368275527, 3782088.097660223953426 ], [ 399615.869786368275527, 3782086.571719226893038 ], [ 399615.564598168886732, 3782086.266531027387828 ], [ 399616.174974567664322, 3782085.656154628843069 ], [ 399616.480162767053116, 3782085.656154628843069 ], [ 399616.785350966441911, 3782085.350966429337859 ], [ 399617.090539165830705, 3782085.350966429337859 ], [ 399617.3957273652195, 3782085.656154628843069 ], [ 399617.3957273652195, 3782085.961342827882618 ], [ 399617.700915564608295, 3782086.266531027387828 ], [ 399618.006103763997089, 3782086.266531027387828 ], [ 399618.311291963385884, 3782086.571719226893038 ], [ 399618.616480162774678, 3782086.571719226893038 ], [ 399618.616480162774678, 3782086.876907426398247 ], [ 399618.921668362163473, 3782087.182095625437796 ], [ 399618.921668362163473, 3782089.013224822003394 ], [ 399619.226856561552268, 3782089.318413021508604 ], [ 399619.226856561552268, 3782089.928789420053363 ], [ 399618.921668362163473, 3782090.233977619558573 ], [ 399618.921668362163473, 3782090.539165819063783 ], [ 399617.700915564608295, 3782091.759918616618961 ], [ 399617.3957273652195, 3782091.759918616618961 ], [ 399616.480162767053116, 3782092.67548321466893 ], [ 399616.174974567664322, 3782092.67548321466893 ], [ 399615.869786368275527, 3782092.980671414174139 ], [ 399614.343845371331554, 3782092.980671414174139 ] ] ] } },
{ "type": "Feature", "properties": { "confidence": 0.77135229110717773, "class": 1, "regularized": null }, "geometry": { "type": "Polygon", "coordinates": [ [ [ 400108.138351983739994, 3782026.144455747678876 ], [ 400107.8331637843512, 3782025.839267548173666 ], [ 400106.002034588018432, 3782025.839267548173666 ], [ 400105.696846388629638, 3782025.534079349134117 ], [ 400105.391658189240843, 3782025.534079349134117 ], [ 400105.086469989852048, 3782025.228891149628907 ], [ 400105.086469989852048, 3782022.177009155508131 ], [ 400112.716174974571913, 3782022.177009155508131 ], [ 400112.716174974571913, 3782022.482197355013341 ], [ 400113.021363173960708, 3782022.787385554518551 ], [ 400113.021363173960708, 3782023.092573754023761 ], [ 400114.242115971515886, 3782024.313326551578939 ], [ 400114.242115971515886, 3782024.618514750618488 ], [ 400114.547304170904681, 3782024.923702950123698 ], [ 400114.547304170904681, 3782025.228891149628907 ], [ 400113.936927772127092, 3782025.839267548173666 ], [ 400113.631739572738297, 3782025.839267548173666 ], [ 400113.326551373349503, 3782026.144455747678876 ], [ 400108.138351983739994, 3782026.144455747678876 ] ] ] } },
{ "type": "Feature", "properties": { "confidence": 0.76857465505599976, "class": 1, "regularized": null }, "geometry": { "type": "Polygon", "coordinates": [ [ [ 400107.222787385573611, 3782026.144455747678876 ], [ 400106.917599186184816, 3782025.839267548173666 ], [ 400105.086469989852048, 3782025.839267548173666 ], [ 400104.781281790463254, 3782025.534079349134117 ], [ 400104.781281790463254, 3782022.177009155508131 ], [ 400105.086469989852048, 3782021.871820956468582 ], [ 400107.527975584962405, 3782021.871820956468582 ], [ 400107.527975584962405, 3782026.144455747678876 ], [ 400107.222787385573611, 3782026.144455747678876 ] ] ] } },
{ "type": "Feature", "properties": { "confidence": 0.75734591484069824, "class": 1, "regularized": null }, "geometry": { "type": "Polygon", "coordinates": [ [ [ 399662.258392675488722, 3782132.655137334484607 ], [ 399661.648016276711132, 3782132.044760935939848 ], [ 399661.342828077322338, 3782132.044760935939848 ], [ 399660.122075279767159, 3782130.82400813838467 ], [ 399660.122075279767159, 3782130.51881993887946 ], [ 399659.816887080378365, 3782130.21363173937425 ], [ 399659.816887080378365, 3782129.603255340829492 ], [ 399659.51169888098957, 3782129.298067141324282 ], [ 399659.51169888098957, 3782128.992878941819072 ], [ 399659.206510681600776, 3782128.687690742779523 ], [ 399659.206510681600776, 3782128.077314343769103 ], [ 399658.901322482211981, 3782127.772126144263893 ], [ 399658.901322482211981, 3782126.856561546213925 ], [ 399665.920651068154257, 3782126.856561546213925 ], [ 399665.920651068154257, 3782127.466937945224345 ], [ 399664.699898270599078, 3782128.687690742779523 ], [ 399664.699898270599078, 3782128.992878941819072 ], [ 399664.089521871821489, 3782129.603255340829492 ], [ 399664.089521871821489, 3782130.82400813838467 ], [ 399663.173957273655105, 3782131.739572736434639 ], [ 399663.173957273655105, 3782132.044760935939848 ], [ 399662.563580874877516, 3782132.655137334484607 ], [ 399662.258392675488722, 3782132.655137334484607 ] ] ] } },
{ "type": "Feature", "properties": { "confidence": 0.7471168041229248, "class": 1, "regularized": null }, "geometry": { "type": "Polygon", "coordinates": [ [ [ 400128.58596134284744, 3782165.615462868940085 ], [ 400128.58596134284744, 3782164.089521871879697 ], [ 400128.891149542236235, 3782163.784333672374487 ], [ 400128.891149542236235, 3782162.258392675314099 ], [ 400129.19633774162503, 3782161.95320447627455 ], [ 400129.19633774162503, 3782161.64801627676934 ], [ 400129.806714140402619, 3782161.03763987775892 ], [ 400130.111902339791413, 3782161.03763987775892 ], [ 400130.417090539180208, 3782160.732451678719372 ], [ 400130.722278738569003, 3782160.732451678719372 ], [ 400131.027466937957797, 3782160.427263479214162 ], [ 400131.332655137346592, 3782160.427263479214162 ], [ 400131.637843336735386, 3782160.732451678719372 ], [ 400131.943031536124181, 3782160.732451678719372 ], [ 400132.248219735512976, 3782161.03763987775892 ], [ 400132.858596134290565, 3782161.03763987775892 ], [ 400133.163784333679359, 3782161.34282807726413 ], [ 400135.605289928789716, 3782161.34282807726413 ], [ 400135.910478128178511, 3782161.64801627676934 ], [ 400136.826042726344895, 3782161.64801627676934 ], [ 400137.131230925733689, 3782161.95320447627455 ], [ 400137.436419125122484, 3782161.95320447627455 ], [ 400137.436419125122484, 3782162.258392675314099 ], [ 400137.741607324511278, 3782162.563580874819309 ], [ 400137.741607324511278, 3782163.479145472869277 ], [ 400137.436419125122484, 3782163.784333672374487 ], [ 400137.436419125122484, 3782164.699898270424455 ], [ 400137.131230925733689, 3782164.699898270424455 ], [ 400136.826042726344895, 3782165.005086469929665 ], [ 400136.215666327567305, 3782165.005086469929665 ], [ 400135.910478128178511, 3782165.310274669434875 ], [ 400135.910478128178511, 3782165.615462868940085 ], [ 400128.58596134284744, 3782165.615462868940085 ] ] ] } },
{ "type": "Feature", "properties": { "confidence": 0.73245078325271606, "class": 1, "regularized": null }, "geometry": { "type": "Polygon", "coordinates": [ [ [ 400185.350966429279651, 3781949.237029501702636 ], [ 400185.045778229890857, 3781948.931841302197427 ], [ 400185.045778229890857, 3781948.626653102692217 ], [ 400184.740590030502062, 3781948.321464903187007 ], [ 400184.740590030502062, 3781945.87995930807665 ], [ 400185.045778229890857, 3781945.574771109037101 ], [ 400185.045778229890857, 3781944.354018311481923 ], [ 400185.350966429279651, 3781944.048830111976713 ], [ 400185.350966429279651, 3781940.996948117855936 ], [ 400185.656154628668446, 3781940.691759918816388 ], [ 400188.708036622556392, 3781940.691759918816388 ], [ 400188.708036622556392, 3781942.522889114916325 ], [ 400188.402848423167598, 3781942.828077314421535 ], [ 400188.402848423167598, 3781948.016276704147458 ], [ 400188.097660223778803, 3781948.321464903187007 ], [ 400188.097660223778803, 3781948.931841302197427 ], [ 400187.792472024390008, 3781949.237029501702636 ], [ 400185.350966429279651, 3781949.237029501702636 ] ] ] } },
{ "type": "Feature", "properties": { "confidence": 0.71082931756973267, "class": 1, "regularized": null }, "geometry": { "type": "Polygon", "coordinates": [ [ [ 400152.695829094620422, 3781973.652085452806205 ], [ 400152.695829094620422, 3781973.346897253300995 ], [ 400152.390640895231627, 3781973.041709053795785 ], [ 400152.390640895231627, 3781970.905391658190638 ], [ 400152.085452695842832, 3781970.600203458685428 ], [ 400152.085452695842832, 3781969.37945066113025 ], [ 400151.780264496454038, 3781969.07426246162504 ], [ 400151.780264496454038, 3781968.463886063080281 ], [ 400151.475076297065243, 3781968.158697863575071 ], [ 400151.475076297065243, 3781966.327568667475134 ], [ 400152.695829094620422, 3781965.106815869919956 ], [ 400152.695829094620422, 3781964.801627670414746 ], [ 400153.001017294009216, 3781964.496439470909536 ], [ 400156.052899287897162, 3781964.496439470909536 ], [ 400156.358087487285957, 3781964.801627670414746 ], [ 400156.358087487285957, 3781965.106815869919956 ], [ 400156.968463886063546, 3781965.717192268464714 ], [ 400157.273652085452341, 3781965.717192268464714 ], [ 400157.88402848422993, 3781966.327568667475134 ], [ 400157.88402848422993, 3781966.937945066019893 ], [ 400158.189216683618724, 3781967.243133265525103 ], [ 400158.189216683618724, 3781968.158697863575071 ], [ 400158.494404883007519, 3781968.463886063080281 ], [ 400158.494404883007519, 3781969.07426246162504 ], [ 400158.799593082396314, 3781969.37945066113025 ], [ 400158.799593082396314, 3781969.989827060140669 ], [ 400159.104781281785108, 3781970.295015259180218 ], [ 400159.104781281785108, 3781971.515768057201058 ], [ 400159.409969481173903, 3781971.820956256240606 ], [ 400159.409969481173903, 3781972.736520854756236 ], [ 400158.799593082396314, 3781973.346897253300995 ], [ 400156.358087487285957, 3781973.346897253300995 ], [ 400156.052899287897162, 3781973.652085452806205 ], [ 400152.695829094620422, 3781973.652085452806205 ] ] ] } },
{ "type": "Feature", "properties": { "confidence": 0.69511759281158447, "class": 1, "regularized": null }, "geometry": { "type": "Polygon", "coordinates": [ [ [ 399609.155645981663838, 3781981.892166836187243 ], [ 399608.850457782275043, 3781981.586978636682034 ], [ 399608.240081383497454, 3781981.586978636682034 ], [ 399607.629704984719865, 3781980.976602238137275 ], [ 399607.32451678533107, 3781980.976602238137275 ], [ 399607.019328585942276, 3781980.671414038632065 ], [ 399606.714140386553481, 3781980.671414038632065 ], [ 399606.408952187164687, 3781980.366225839126855 ], [ 399606.103763987775892, 3781980.366225839126855 ], [ 399605.798575788387097, 3781980.061037640087306 ], [ 399605.188199389609508, 3781980.061037640087306 ], [ 399603.96744659205433, 3781978.840284842532128 ], [ 399603.96744659205433, 3781976.70396744646132 ], [ 399603.662258392665535, 3781976.398779247421771 ], [ 399603.662258392665535, 3781975.178026449866593 ], [ 399604.272634791443124, 3781974.567650050856173 ], [ 399604.883011190220714, 3781974.567650050856173 ], [ 399605.188199389609508, 3781974.262461851350963 ], [ 399606.408952187164687, 3781974.262461851350963 ], [ 399606.714140386553481, 3781974.567650050856173 ], [ 399608.850457782275043, 3781974.567650050856173 ], [ 399609.155645981663838, 3781974.262461851350963 ], [ 399610.071210579830222, 3781974.262461851350963 ], [ 399610.376398779219016, 3781974.567650050856173 ], [ 399611.291963377443608, 3781974.567650050856173 ], [ 399611.291963377443608, 3781975.483214648906142 ], [ 399611.902339776221197, 3781976.093591047916561 ], [ 399612.207527975609992, 3781976.093591047916561 ], [ 399612.207527975609992, 3781977.00915564596653 ], [ 399612.817904374387581, 3781977.61953204497695 ], [ 399612.817904374387581, 3781980.061037640087306 ], [ 399612.512716174998786, 3781980.366225839126855 ], [ 399612.512716174998786, 3781980.671414038632065 ], [ 399611.902339776221197, 3781981.281790437642485 ], [ 399611.902339776221197, 3781981.586978636682034 ], [ 399611.291963377443608, 3781981.586978636682034 ], [ 399610.986775178054813, 3781981.892166836187243 ], [ 399609.155645981663838, 3781981.892166836187243 ] ] ] } },
{ "type": "Feature", "properties": { "confidence": 0.69347751140594482, "class": 1, "regularized": null }, "geometry": { "type": "Polygon", "coordinates": [ [ [ 400115.15768056968227, 3781865.005086469929665 ], [ 400114.852492370293476, 3781864.699898270424455 ], [ 400114.852492370293476, 3781859.206510681658983 ], [ 400115.15768056968227, 3781858.901322482153773 ], [ 400115.15768056968227, 3781858.596134282648563 ], [ 400116.378433367237449, 3781857.375381485093385 ], [ 400116.988809766015038, 3781857.375381485093385 ], [ 400117.293997965403832, 3781857.070193286053836 ], [ 400117.599186164792627, 3781857.070193286053836 ], [ 400117.904374364181422, 3781856.765005086548626 ], [ 400120.345879959291779, 3781856.765005086548626 ], [ 400120.651068158680573, 3781856.459816887043417 ], [ 400120.956256358069368, 3781856.459816887043417 ], [ 400121.261444557458162, 3781856.765005086548626 ], [ 400121.261444557458162, 3781857.680569684598595 ], [ 400121.566632756846957, 3781857.985757884103805 ], [ 400121.566632756846957, 3781860.122075279708952 ], [ 400120.956256358069368, 3781860.732451678719372 ], [ 400120.651068158680573, 3781860.732451678719372 ], [ 400120.040691759902984, 3781861.34282807726413 ], [ 400120.040691759902984, 3781861.95320447627455 ], [ 400119.735503560514189, 3781862.258392675314099 ], [ 400119.735503560514189, 3781863.173957273829728 ], [ 400119.430315361125395, 3781863.479145472869277 ], [ 400119.430315361125395, 3781863.784333672374487 ], [ 400118.514750762959011, 3781864.699898270424455 ], [ 400117.293997965403832, 3781864.699898270424455 ], [ 400116.988809766015038, 3781865.005086469929665 ], [ 400116.378433367237449, 3781865.005086469929665 ], [ 400116.073245167848654, 3781864.699898270424455 ], [ 400115.462868769071065, 3781864.699898270424455 ], [ 400115.15768056968227, 3781865.005086469929665 ] ] ] } },
{ "type": "Feature", "properties": { "confidence": 0.68489354848861694, "class": 1, "regularized": null }, "geometry": { "type": "Polygon", "coordinates": [ [ [ 399871.922685656172689, 3782210.478128178976476 ], [ 399871.617497456783894, 3782210.172939979471266 ], [ 399871.3123092573951, 3782210.172939979471266 ], [ 399871.007121058006305, 3782209.867751780431718 ], [ 399870.701932858617511, 3782209.867751780431718 ], [ 399870.701932858617511, 3782209.257375381421298 ], [ 399870.396744659228716, 3782208.952187181916088 ], [ 399870.091556459839921, 3782208.952187181916088 ], [ 399870.091556459839921, 3782204.374364191200584 ], [ 399870.396744659228716, 3782204.069175991695374 ], [ 399870.396744659228716, 3782203.153611393645406 ], [ 399870.701932858617511, 3782202.848423194140196 ], [ 399870.701932858617511, 3782202.238046795595437 ], [ 399871.3123092573951, 3782201.627670396585017 ], [ 399872.227873855561484, 3782201.627670396585017 ], [ 399872.533062054950278, 3782201.932858596090227 ], [ 399872.533062054950278, 3782210.478128178976476 ], [ 399871.922685656172689, 3782210.478128178976476 ] ] ] } },
{ "type": "Feature", "properties": { "confidence": 0.67795813083648682, "class": 1, "regularized": null }, "geometry": { "type": "Polygon", "coordinates": [ [ [ 399752.28891149541596, 3781929.704984740819782 ], [ 399751.373346897249576, 3781928.789420142304152 ], [ 399751.068158697860781, 3781928.789420142304152 ], [ 399750.762970498471987, 3781928.484231942798942 ], [ 399750.457782299083192, 3781928.484231942798942 ], [ 399749.847405900305603, 3781927.873855544254184 ], [ 399748.931841302139219, 3781927.873855544254184 ], [ 399748.32146490336163, 3781927.263479145243764 ], [ 399748.32146490336163, 3781926.653102746699005 ], [ 399748.626653102750424, 3781926.347914547193795 ], [ 399748.626653102750424, 3781925.737538148649037 ], [ 399749.237029501528013, 3781925.127161749638617 ], [ 399749.237029501528013, 3781924.821973550133407 ], [ 399749.847405900305603, 3781924.211597151588649 ], [ 399749.847405900305603, 3781923.906408952083439 ], [ 399750.152594099694397, 3781923.906408952083439 ], [ 399751.67853509663837, 3781922.38046795502305 ], [ 399751.67853509663837, 3781922.075279755983502 ], [ 399751.983723296027165, 3781921.770091556478292 ], [ 399752.28891149541596, 3781921.770091556478292 ], [ 399752.594099694804754, 3781921.464903356973082 ], [ 399752.899287894193549, 3781921.464903356973082 ], [ 399753.204476093582343, 3781921.159715157467872 ], [ 399753.509664292971138, 3781921.159715157467872 ], [ 399753.814852492359933, 3781921.464903356973082 ], [ 399753.814852492359933, 3781925.432349949143827 ], [ 399754.120040691748727, 3781925.737538148649037 ], [ 399754.120040691748727, 3781928.179043743759394 ], [ 399753.814852492359933, 3781928.484231942798942 ], [ 399753.814852492359933, 3781928.789420142304152 ], [ 399753.509664292971138, 3781929.094608341809362 ], [ 399753.509664292971138, 3781929.704984740819782 ], [ 399752.28891149541596, 3781929.704984740819782 ] ] ] } },
{ "type": "Feature", "properties": { "confidence": 0.66942709684371948, "class": 1, "regularized": null }, "geometry": { "type": "Polygon", "coordinates": [ [ [ 399836.5208545269561, 3781929.704984740819782 ], [ 399836.215666327567305, 3781929.399796541314572 ], [ 399835.910478128178511, 3781929.399796541314572 ], [ 399835.605289928789716, 3781929.094608341809362 ], [ 399835.605289928789716, 3781928.789420142304152 ], [ 399835.300101729400922, 3781928.484231942798942 ], [ 399834.994913530012127, 3781928.484231942798942 ], [ 399834.994913530012127, 3781926.653102746699005 ], [ 399835.300101729400922, 3781926.653102746699005 ], [ 399835.605289928789716, 3781926.347914547193795 ], [ 399835.605289928789716, 3781925.737538148649037 ], [ 399835.910478128178511, 3781925.432349949143827 ], [ 399836.5208545269561, 3781925.432349949143827 ], [ 399836.826042726344895, 3781925.127161749638617 ], [ 399837.436419125122484, 3781925.127161749638617 ], [ 399837.741607324511278, 3781924.821973550133407 ], [ 399837.741607324511278, 3781924.516785351093858 ], [ 399838.351983723288868, 3781924.516785351093858 ], [ 399838.351983723288868, 3781924.821973550133407 ], [ 399838.962360122066457, 3781925.432349949143827 ], [ 399839.267548321455251, 3781925.432349949143827 ], [ 399840.183112919621635, 3781926.347914547193795 ], [ 399839.877924720232841, 3781926.653102746699005 ], [ 399839.877924720232841, 3781927.263479145243764 ], [ 399839.572736520844046, 3781927.568667344748974 ], [ 399839.572736520844046, 3781927.873855544254184 ], [ 399839.267548321455251, 3781928.179043743759394 ], [ 399838.962360122066457, 3781928.179043743759394 ], [ 399838.657171922677662, 3781928.484231942798942 ], [ 399838.351983723288868, 3781928.484231942798942 ], [ 399838.046795523900073, 3781928.789420142304152 ], [ 399837.436419125122484, 3781928.789420142304152 ], [ 399836.5208545269561, 3781929.704984740819782 ] ] ] } },
{ "type": "Feature", "properties": { "confidence": 0.66843372583389282, "class": 1, "regularized": null }, "geometry": { "type": "Polygon", "coordinates": [ [ [ 400058.697863682580646, 3781893.692777212709188 ], [ 400058.697863682580646, 3781893.387589013203979 ], [ 400058.392675483191852, 3781893.082400813698769 ], [ 400058.392675483191852, 3781892.47202441515401 ], [ 400058.697863682580646, 3781892.1668362156488 ], [ 400058.697863682580646, 3781891.556459817104042 ], [ 400059.003051881969441, 3781891.251271617598832 ], [ 400059.003051881969441, 3781886.368260427378118 ], [ 400061.444557477138005, 3781883.926754832267761 ], [ 400061.444557477138005, 3781883.621566632762551 ], [ 400062.970498474081978, 3781882.095625635702163 ], [ 400063.275686673470773, 3781882.095625635702163 ], [ 400063.580874872859567, 3781881.790437436196953 ], [ 400067.548321464913897, 3781881.790437436196953 ], [ 400067.853509664302692, 3781882.095625635702163 ], [ 400067.853509664302692, 3781883.011190233752131 ], [ 400067.243133265525103, 3781883.621566632762551 ], [ 400067.243133265525103, 3781884.23194303130731 ], [ 400066.937945066136308, 3781884.53713123081252 ], [ 400066.937945066136308, 3781885.757884028367698 ], [ 400066.632756866747513, 3781886.063072227872908 ], [ 400066.632756866747513, 3781889.725330620538443 ], [ 400066.937945066136308, 3781890.030518820043653 ], [ 400066.937945066136308, 3781890.335707019548863 ], [ 400067.243133265525103, 3781890.640895218588412 ], [ 400067.548321464913897, 3781890.640895218588412 ], [ 400067.853509664302692, 3781890.946083418093622 ], [ 400067.853509664302692, 3781892.1668362156488 ], [ 400068.158697863691486, 3781892.47202441515401 ], [ 400068.158697863691486, 3781893.692777212709188 ], [ 400058.697863682580646, 3781893.692777212709188 ] ] ] } },
{ "type": "Feature", "properties": { "confidence": 0.65796488523483276, "class": 1, "regularized": null }, "geometry": { "type": "Polygon", "coordinates": [ [ [ 399953.713123092602473, 3782126.856561546213925 ], [ 399953.713123092602473, 3782126.551373346708715 ], [ 399953.40793489315547, 3782126.246185147669166 ], [ 399953.40793489315547, 3782125.940996948163956 ], [ 399953.102746693766676, 3782125.635808748658746 ], [ 399953.102746693766676, 3782125.330620549153537 ], [ 399952.797558494377881, 3782125.025432350113988 ], [ 399952.797558494377881, 3782124.415055951103568 ], [ 399953.102746693766676, 3782124.109867751598358 ], [ 399953.102746693766676, 3782123.19430315354839 ], [ 399953.40793489315547, 3782122.88911495404318 ], [ 399953.40793489315547, 3782122.583926755003631 ], [ 399954.628687690768857, 3782121.363173957448453 ], [ 399954.628687690768857, 3782121.057985757943243 ], [ 399954.933875890157651, 3782120.752797558438033 ], [ 399954.933875890157651, 3782120.447609358932823 ], [ 399955.239064089546446, 3782120.447609358932823 ], [ 399955.54425228893524, 3782120.142421159893274 ], [ 399955.54425228893524, 3782119.837232960388064 ], [ 399956.765005086490419, 3782119.837232960388064 ], [ 399957.070193285879213, 3782119.532044760882854 ], [ 399957.680569684656803, 3782120.142421159893274 ], [ 399957.680569684656803, 3782123.4994913530536 ], [ 399957.375381485268008, 3782123.80467955255881 ], [ 399957.375381485268008, 3782124.109867751598358 ], [ 399957.070193285879213, 3782124.415055951103568 ], [ 399957.070193285879213, 3782124.720244150608778 ], [ 399956.765005086490419, 3782125.025432350113988 ], [ 399956.765005086490419, 3782125.330620549153537 ], [ 399955.54425228893524, 3782126.551373346708715 ], [ 399955.239064089546446, 3782126.551373346708715 ], [ 399954.933875890157651, 3782126.856561546213925 ], [ 399953.713123092602473, 3782126.856561546213925 ] ] ] } },
{ "type": "Feature", "properties": { "confidence": 0.65424889326095581, "class": 1, "regularized": null }, "geometry": { "type": "Polygon", "coordinates": [ [ [ 400050.457782299083192, 3781937.029501526150852 ], [ 400050.152594099694397, 3781936.724313326645643 ], [ 400050.152594099694397, 3781931.230925737414509 ], [ 400050.762970498471987, 3781930.62054933886975 ], [ 400051.068158697860781, 3781930.62054933886975 ], [ 400051.373346897249576, 3781930.315361139364541 ], [ 400055.340793489303906, 3781930.315361139364541 ], [ 400055.6459816886927, 3781930.62054933886975 ], [ 400055.6459816886927, 3781936.419125127140433 ], [ 400055.035605289915111, 3781937.029501526150852 ], [ 400050.457782299083192, 3781937.029501526150852 ] ] ] } },
{ "type": "Feature", "properties": { "confidence": 0.64827948808670044, "class": 1, "regularized": null }, "geometry": { "type": "Polygon", "coordinates": [ [ [ 399872.533062054950278, 3782210.783316378481686 ], [ 399871.922685656172689, 3782210.172939979471266 ], [ 399871.617497456783894, 3782210.172939979471266 ], [ 399871.3123092573951, 3782209.867751780431718 ], [ 399871.3123092573951, 3782203.458799593150616 ], [ 399871.617497456783894, 3782203.153611393645406 ], [ 399871.617497456783894, 3782202.238046795595437 ], [ 399872.227873855561484, 3782201.627670396585017 ], [ 399873.143438453727867, 3782201.627670396585017 ], [ 399873.143438453727867, 3782210.783316378481686 ], [ 399872.533062054950278, 3782210.783316378481686 ] ] ] } },
{ "type": "Feature", "properties": { "confidence": 0.6477886438369751, "class": 1, "regularized": null }, "geometry": { "type": "Polygon", "coordinates": [ [ [ 399835.605289928789716, 3782264.191251271404326 ], [ 399835.300101729400922, 3782263.886063072364777 ], [ 399835.300101729400922, 3782258.392675483133644 ], [ 399835.605289928789716, 3782258.087487283628434 ], [ 399835.605289928789716, 3782256.866734486073256 ], [ 399835.910478128178511, 3782256.561546287033707 ], [ 399835.910478128178511, 3782256.256358087528497 ], [ 399838.351983723288868, 3782256.256358087528497 ], [ 399838.351983723288868, 3782256.561546287033707 ], [ 399838.657171922677662, 3782256.866734486073256 ], [ 399839.572736520844046, 3782256.866734486073256 ], [ 399839.572736520844046, 3782257.171922685578465 ], [ 399839.877924720232841, 3782257.477110885083675 ], [ 399839.877924720232841, 3782259.918616480194032 ], [ 399839.572736520844046, 3782260.223804679699242 ], [ 399839.572736520844046, 3782262.054933875799179 ], [ 399838.962360122066457, 3782262.665310274809599 ], [ 399838.962360122066457, 3782262.970498473849148 ], [ 399838.657171922677662, 3782263.275686673354357 ], [ 399838.657171922677662, 3782263.580874872859567 ], [ 399838.046795523900073, 3782264.191251271404326 ], [ 399835.605289928789716, 3782264.191251271404326 ] ] ] } },
{ "type": "Feature", "properties": { "confidence": 0.64480388164520264, "class": 1, "regularized": null }, "geometry": { "type": "Polygon", "coordinates": [ [ [ 399763.886063072248362, 3782066.429298066999763 ], [ 399762.360122075304389, 3782064.903357070405036 ], [ 399760.528992878913414, 3782064.903357070405036 ], [ 399760.223804679524619, 3782065.208545269444585 ], [ 399759.003051881969441, 3782065.208545269444585 ], [ 399759.003051881969441, 3782064.292980671394616 ], [ 399759.308240081358235, 3782063.987792471889406 ], [ 399759.308240081358235, 3782063.682604272849858 ], [ 399759.61342828074703, 3782063.377416073344648 ], [ 399759.61342828074703, 3782060.935910478234291 ], [ 399759.918616480135825, 3782060.630722278729081 ], [ 399759.918616480135825, 3782058.799593082629144 ], [ 399760.223804679524619, 3782058.494404883123934 ], [ 399760.223804679524619, 3782057.578840285073966 ], [ 399760.528992878913414, 3782057.273652085568756 ], [ 399760.528992878913414, 3782056.663275686558336 ], [ 399760.834181078360416, 3782056.358087487053126 ], [ 399760.834181078360416, 3782056.052899288013577 ], [ 399761.139369277749211, 3782055.747711088508368 ], [ 399761.139369277749211, 3782055.137334689497948 ], [ 399762.054933875915594, 3782054.221770091447979 ], [ 399762.360122075304389, 3782054.221770091447979 ], [ 399762.665310274693184, 3782053.916581891942769 ], [ 399763.580874872859567, 3782053.916581891942769 ], [ 399763.886063072248362, 3782054.221770091447979 ], [ 399765.71719226858113, 3782054.221770091447979 ], [ 399766.632756866747513, 3782055.137334689497948 ], [ 399766.327568667358719, 3782055.442522889003158 ], [ 399766.327568667358719, 3782056.052899288013577 ], [ 399766.022380467969924, 3782056.358087487053126 ], [ 399766.022380467969924, 3782057.578840285073966 ], [ 399765.71719226858113, 3782057.884028484113514 ], [ 399765.71719226858113, 3782058.494404883123934 ], [ 399765.412004069192335, 3782058.799593082629144 ], [ 399765.412004069192335, 3782059.715157680679113 ], [ 399765.10681586980354, 3782060.020345880184323 ], [ 399765.10681586980354, 3782061.54628687677905 ], [ 399765.412004069192335, 3782061.85147507628426 ], [ 399765.412004069192335, 3782062.461851475294679 ], [ 399766.022380467969924, 3782063.072227873839438 ], [ 399766.022380467969924, 3782063.682604272849858 ], [ 399766.632756866747513, 3782064.292980671394616 ], [ 399766.632756866747513, 3782065.208545269444585 ], [ 399765.412004069192335, 3782066.429298066999763 ], [ 399763.886063072248362, 3782066.429298066999763 ] ] ] } },
{ "type": "Feature", "properties": { "confidence": 0.64448374509811401, "class": 1, "regularized": null }, "geometry": { "type": "Polygon", "coordinates": [ [ [ 399846.286876907397527, 3782246.18514750758186 ], [ 399845.981688708008733, 3782245.87995930807665 ], [ 399844.45574771106476, 3782245.87995930807665 ], [ 399844.150559511675965, 3782245.574771109037101 ], [ 399844.150559511675965, 3782245.269582909531891 ], [ 399843.540183112898376, 3782244.659206510521472 ], [ 399843.540183112898376, 3782244.048830111976713 ], [ 399842.624618514731992, 3782243.133265513926744 ], [ 399842.624618514731992, 3782242.828077314421535 ], [ 399842.319430315343197, 3782242.522889114916325 ], [ 399842.319430315343197, 3782242.217700915411115 ], [ 399841.709053916565608, 3782241.607324516866356 ], [ 399841.709053916565608, 3782240.996948117855936 ], [ 399841.403865717176814, 3782240.691759918816388 ], [ 399841.403865717176814, 3782235.503560529090464 ], [ 399842.624618514731992, 3782235.503560529090464 ], [ 399843.234994913509581, 3782236.113936927635223 ], [ 399843.540183112898376, 3782236.113936927635223 ], [ 399843.84537131228717, 3782236.419125127140433 ], [ 399845.066124109842349, 3782236.419125127140433 ], [ 399845.371312309231143, 3782236.113936927635223 ], [ 399845.981688708008733, 3782236.113936927635223 ], [ 399846.286876907397527, 3782235.808748728595674 ], [ 399846.59206510684453, 3782235.808748728595674 ], [ 399846.897253306233324, 3782236.113936927635223 ], [ 399847.202441505622119, 3782236.113936927635223 ], [ 399847.202441505622119, 3782236.419125127140433 ], [ 399847.507629705010913, 3782236.724313326645643 ], [ 399847.812817904399708, 3782236.724313326645643 ], [ 399848.423194303177297, 3782237.334689725190401 ], [ 399848.728382502566092, 3782237.334689725190401 ], [ 399848.728382502566092, 3782237.639877924695611 ], [ 399849.033570701954886, 3782237.945066124200821 ], [ 399849.033570701954886, 3782239.471007121261209 ], [ 399849.338758901343681, 3782239.776195320300758 ], [ 399849.338758901343681, 3782240.081383519805968 ], [ 399850.254323499510065, 3782240.996948117855936 ], [ 399850.559511698898859, 3782240.996948117855936 ], [ 399850.559511698898859, 3782243.438453712966293 ], [ 399850.254323499510065, 3782243.743641912471503 ], [ 399850.254323499510065, 3782244.354018311481923 ], [ 399849.94913530012127, 3782244.659206510521472 ], [ 399849.94913530012127, 3782245.269582909531891 ], [ 399849.338758901343681, 3782245.87995930807665 ], [ 399849.033570701954886, 3782245.87995930807665 ], [ 399848.728382502566092, 3782246.18514750758186 ], [ 399846.286876907397527, 3782246.18514750758186 ] ] ] } },
{ "type": "Feature", "properties": { "confidence": 0.63846403360366821, "class": 1, "regularized": null }, "geometry": { "type": "Polygon", "coordinates": [ [ [ 400107.8331637843512, 3781833.875890132039785 ], [ 400107.527975584962405, 3781833.570701933000237 ], [ 400106.612410986796021, 3781833.570701933000237 ], [ 400106.307222787407227, 3781833.265513733495027 ], [ 400106.002034588018432, 3781833.265513733495027 ], [ 400106.002034588018432, 3781830.21363173937425 ], [ 400105.696846388629638, 3781829.908443540334702 ], [ 400105.696846388629638, 3781826.551373346708715 ], [ 400111.19023397762794, 3781826.551373346708715 ], [ 400111.495422177016735, 3781826.856561546213925 ], [ 400112.410986775183119, 3781826.856561546213925 ], [ 400112.410986775183119, 3781827.161749745719135 ], [ 400112.716174974571913, 3781827.466937945224345 ], [ 400112.410986775183119, 3781827.772126144263893 ], [ 400112.410986775183119, 3781829.603255340829492 ], [ 400112.716174974571913, 3781829.908443540334702 ], [ 400112.716174974571913, 3781831.12919633788988 ], [ 400112.410986775183119, 3781831.434384536929429 ], [ 400112.410986775183119, 3781831.739572736434639 ], [ 400112.105798575794324, 3781832.044760935939848 ], [ 400112.105798575794324, 3781832.655137334484607 ], [ 400111.80061037640553, 3781832.655137334484607 ], [ 400111.19023397762794, 3781833.265513733495027 ], [ 400110.579857578850351, 3781833.265513733495027 ], [ 400110.274669379461557, 3781833.570701933000237 ], [ 400109.664292980683967, 3781833.570701933000237 ], [ 400109.359104781295173, 3781833.875890132039785 ], [ 400107.8331637843512, 3781833.875890132039785 ] ] ] } },
{ "type": "Feature", "properties": { "confidence": 0.63759750127792358, "class": 1, "regularized": null }, "geometry": { "type": "Polygon", "coordinates": [ [ [ 400047.405900305195246, 3781926.958290946204215 ], [ 400047.100712105806451, 3781926.653102746699005 ], [ 400046.795523906417657, 3781926.653102746699005 ], [ 400046.490335707028862, 3781926.347914547193795 ], [ 400046.185147507640067, 3781926.347914547193795 ], [ 400046.185147507640067, 3781926.042726347688586 ], [ 400045.879959308251273, 3781925.737538148649037 ], [ 400045.879959308251273, 3781924.516785351093858 ], [ 400045.574771108862478, 3781924.211597151588649 ], [ 400045.574771108862478, 3781922.68565615452826 ], [ 400045.879959308251273, 3781922.38046795502305 ], [ 400045.879959308251273, 3781919.938962359912694 ], [ 400046.795523906417657, 3781919.023397761862725 ], [ 400047.405900305195246, 3781919.023397761862725 ], [ 400047.71108850458404, 3781919.328585961367935 ], [ 400048.016276703972835, 3781919.328585961367935 ], [ 400048.32146490336163, 3781919.633774160873145 ], [ 400048.626653102750424, 3781919.633774160873145 ], [ 400048.931841302139219, 3781919.938962359912694 ], [ 400048.931841302139219, 3781920.244150559417903 ], [ 400049.237029501528013, 3781920.549338758923113 ], [ 400049.237029501528013, 3781920.854526958428323 ], [ 400049.542217700916808, 3781921.159715157467872 ], [ 400049.542217700916808, 3781921.464903356973082 ], [ 400050.152594099694397, 3781922.075279755983502 ], [ 400050.152594099694397, 3781923.29603255353868 ], [ 400049.847405900305603, 3781923.601220752578229 ], [ 400049.847405900305603, 3781925.432349949143827 ], [ 400049.542217700916808, 3781925.737538148649037 ], [ 400049.542217700916808, 3781926.347914547193795 ], [ 400049.237029501528013, 3781926.653102746699005 ], [ 400048.626653102750424, 3781926.653102746699005 ], [ 400048.32146490336163, 3781926.958290946204215 ], [ 400047.405900305195246, 3781926.958290946204215 ] ] ] } },
{ "type": "Feature", "properties": { "confidence": 0.63121002912521362, "class": 1, "regularized": null }, "geometry": { "type": "Polygon", "coordinates": [ [ [ 399751.068158697860781, 3782132.044760935939848 ], [ 399750.457782299083192, 3782131.434384536929429 ], [ 399750.457782299083192, 3782130.82400813838467 ], [ 399750.152594099694397, 3782130.51881993887946 ], [ 399750.152594099694397, 3782130.21363173937425 ], [ 399750.457782299083192, 3782130.21363173937425 ], [ 399751.068158697860781, 3782129.603255340829492 ], [ 399751.373346897249576, 3782129.603255340829492 ], [ 399751.67853509663837, 3782129.298067141324282 ], [ 399751.983723296027165, 3782129.298067141324282 ], [ 399752.594099694804754, 3782128.687690742779523 ], [ 399752.899287894193549, 3782128.687690742779523 ], [ 399753.204476093582343, 3782128.382502543274313 ], [ 399753.509664292971138, 3782128.382502543274313 ], [ 399753.814852492359933, 3782128.077314343769103 ], [ 399754.425228891137522, 3782128.077314343769103 ], [ 399754.730417090526316, 3782127.772126144263893 ], [ 399755.035605289915111, 3782127.772126144263893 ], [ 399755.340793489303906, 3782127.466937945224345 ], [ 399755.951169888081495, 3782127.466937945224345 ], [ 399755.951169888081495, 3782128.382502543274313 ], [ 399755.340793489303906, 3782128.382502543274313 ], [ 399755.035605289915111, 3782128.687690742779523 ], [ 399755.035605289915111, 3782128.992878941819072 ], [ 399754.425228891137522, 3782129.603255340829492 ], [ 399754.425228891137522, 3782130.21363173937425 ], [ 399754.120040691748727, 3782130.51881993887946 ], [ 399753.814852492359933, 3782130.51881993887946 ], [ 399752.594099694804754, 3782131.739572736434639 ], [ 399752.28891149541596, 3782131.739572736434639 ], [ 399751.983723296027165, 3782132.044760935939848 ], [ 399751.068158697860781, 3782132.044760935939848 ] ] ] } },
{ "type": "Feature", "properties": { "confidence": 0.62452238798141479, "class": 1, "regularized": null }, "geometry": { "type": "Polygon", "coordinates": [ [ [ 399711.698880976589862, 3781931.230925737414509 ], [ 399711.698880976589862, 3781927.873855544254184 ], [ 399712.004069175978657, 3781927.568667344748974 ], [ 399712.004069175978657, 3781927.263479145243764 ], [ 399712.309257375367451, 3781927.263479145243764 ], [ 399712.614445574756246, 3781926.958290946204215 ], [ 399712.919633774145041, 3781926.958290946204215 ], [ 399713.53001017292263, 3781926.347914547193795 ], [ 399713.835198372311424, 3781926.347914547193795 ], [ 399714.140386571700219, 3781926.042726347688586 ], [ 399715.055951169866603, 3781926.042726347688586 ], [ 399715.361139369255397, 3781925.737538148649037 ], [ 399716.276703967421781, 3781925.737538148649037 ], [ 399716.276703967421781, 3781926.042726347688586 ], [ 399716.581892166810576, 3781926.347914547193795 ], [ 399716.581892166810576, 3781928.789420142304152 ], [ 399716.276703967421781, 3781929.094608341809362 ], [ 399716.276703967421781, 3781930.62054933886975 ], [ 399715.971515768032987, 3781930.92573753837496 ], [ 399715.971515768032987, 3781931.230925737414509 ], [ 399711.698880976589862, 3781931.230925737414509 ] ] ] } },
{ "type": "Feature", "properties": { "confidence": 0.62231773138046265, "class": 1, "regularized": null }, "geometry": { "type": "Polygon", "coordinates": [ [ [ 399872.227873855561484, 3782139.369277721270919 ], [ 399871.922685656172689, 3782139.064089521765709 ], [ 399871.617497456783894, 3782139.064089521765709 ], [ 399871.007121058006305, 3782138.45371312322095 ], [ 399871.007121058006305, 3782138.14852492371574 ], [ 399870.701932858617511, 3782137.843336724210531 ], [ 399870.701932858617511, 3782136.622583926655352 ], [ 399870.396744659228716, 3782136.317395727150142 ], [ 399870.396744659228716, 3782134.486266531050205 ], [ 399870.091556459839921, 3782134.181078331544995 ], [ 399869.786368260451127, 3782134.181078331544995 ], [ 399869.481180061062332, 3782133.875890132039785 ], [ 399869.481180061062332, 3782133.570701933000237 ], [ 399869.175991861673538, 3782133.265513733495027 ], [ 399869.175991861673538, 3782132.655137334484607 ], [ 399868.260427263507154, 3782131.739572736434639 ], [ 399868.260427263507154, 3782131.12919633788988 ], [ 399867.955239064118359, 3782130.82400813838467 ], [ 399867.955239064118359, 3782126.856561546213925 ], [ 399870.701932858617511, 3782126.856561546213925 ], [ 399870.701932858617511, 3782127.161749745719135 ], [ 399871.617497456783894, 3782128.077314343769103 ], [ 399871.617497456783894, 3782128.687690742779523 ], [ 399871.922685656172689, 3782128.992878941819072 ], [ 399871.922685656172689, 3782130.21363173937425 ], [ 399872.533062054950278, 3782130.82400813838467 ], [ 399873.143438453727867, 3782130.82400813838467 ], [ 399873.143438453727867, 3782139.369277721270919 ], [ 399872.227873855561484, 3782139.369277721270919 ] ] ] } },
{ "type": "Feature", "properties": { "confidence": 0.62055397033691406, "class": 1, "regularized": null }, "geometry": { "type": "Polygon", "coordinates": [ [ [ 399932.655137334717438, 3781875.381485249381512 ], [ 399932.044760935881641, 3781874.771108850371093 ], [ 399931.739572736492846, 3781874.771108850371093 ], [ 399931.434384537104052, 3781874.465920650865883 ], [ 399931.129196337715257, 3781874.465920650865883 ], [ 399931.129196337715257, 3781874.160732451826334 ], [ 399930.824008138326462, 3781873.855544252321124 ], [ 399930.213631739548873, 3781873.855544252321124 ], [ 399929.603255340771284, 3781873.245167853310704 ], [ 399929.603255340771284, 3781872.939979654271156 ], [ 399928.6876907426049, 3781872.024415055755526 ], [ 399928.6876907426049, 3781871.719226856715977 ], [ 399928.382502543216106, 3781871.414038657210767 ], [ 399928.382502543216106, 3781871.108850457705557 ], [ 399928.077314343827311, 3781870.803662258200347 ], [ 399928.077314343827311, 3781870.498474059160799 ], [ 399927.772126144438516, 3781870.193285859655589 ], [ 399927.772126144438516, 3781867.751780264545232 ], [ 399928.077314343827311, 3781867.446592065040022 ], [ 399928.077314343827311, 3781867.141403865534812 ], [ 399928.382502543216106, 3781866.836215666495264 ], [ 399928.382502543216106, 3781866.531027466990054 ], [ 399928.6876907426049, 3781866.225839267484844 ], [ 399928.992878941993695, 3781866.225839267484844 ], [ 399929.298067141382489, 3781865.920651067979634 ], [ 399932.044760935881641, 3781865.920651067979634 ], [ 399932.349949135328643, 3781866.225839267484844 ], [ 399932.960325534106232, 3781866.225839267484844 ], [ 399933.570701932883821, 3781866.836215666495264 ], [ 399933.570701932883821, 3781867.751780264545232 ], [ 399933.875890132272616, 3781868.056968464050442 ], [ 399933.875890132272616, 3781868.97253306210041 ], [ 399934.181078331661411, 3781869.27772126160562 ], [ 399934.181078331661411, 3781870.193285859655589 ], [ 399934.486266531050205, 3781870.498474059160799 ], [ 399934.486266531050205, 3781870.803662258200347 ], [ 399934.791454730439, 3781871.108850457705557 ], [ 399934.791454730439, 3781874.160732451826334 ], [ 399934.486266531050205, 3781874.465920650865883 ], [ 399934.486266531050205, 3781874.771108850371093 ], [ 399934.181078331661411, 3781875.076297049876302 ], [ 399933.875890132272616, 3781875.076297049876302 ], [ 399933.570701932883821, 3781875.381485249381512 ], [ 399932.655137334717438, 3781875.381485249381512 ] ] ] } },
{ "type": "Feature", "properties": { "confidence": 0.61915504932403564, "class": 1, "regularized": null }, "geometry": { "type": "Polygon", "coordinates": [ [ [ 399788.606307222798932, 3782131.434384536929429 ], [ 399788.301119023410138, 3782131.12919633788988 ], [ 399787.385554425243754, 3782131.12919633788988 ], [ 399787.080366225854959, 3782130.82400813838467 ], [ 399787.080366225854959, 3782130.51881993887946 ], [ 399786.775178026466165, 3782130.21363173937425 ], [ 399786.775178026466165, 3782129.908443540334702 ], [ 399785.859613428299781, 3782128.992878941819072 ], [ 399785.859613428299781, 3782128.687690742779523 ], [ 399786.164801627688576, 3782128.382502543274313 ], [ 399786.164801627688576, 3782127.466937945224345 ], [ 399785.859613428299781, 3782127.161749745719135 ], [ 399785.859613428299781, 3782126.856561546213925 ], [ 399792.268565615464468, 3782126.856561546213925 ], [ 399792.268565615464468, 3782128.382502543274313 ], [ 399790.742624618520495, 3782129.908443540334702 ], [ 399790.742624618520495, 3782130.51881993887946 ], [ 399789.827060020354111, 3782131.434384536929429 ], [ 399788.606307222798932, 3782131.434384536929429 ] ] ] } },
{ "type": "Feature", "properties": { "confidence": 0.6189577579498291, "class": 1, "regularized": null }, "geometry": { "type": "Polygon", "coordinates": [ [ [ 399931.434384537104052, 3782244.964394710026681 ], [ 399931.129196337715257, 3782244.659206510521472 ], [ 399929.908443540160079, 3782244.659206510521472 ], [ 399929.603255340771284, 3782244.354018311481923 ], [ 399929.603255340771284, 3782244.048830111976713 ], [ 399929.298067141382489, 3782243.743641912471503 ], [ 399929.298067141382489, 3782239.776195320300758 ], [ 399929.603255340771284, 3782239.471007121261209 ], [ 399929.603255340771284, 3782237.945066124200821 ], [ 399930.518819938937668, 3782237.029501526150852 ], [ 399932.655137334717438, 3782237.029501526150852 ], [ 399932.960325534106232, 3782237.334689725190401 ], [ 399933.570701932883821, 3782237.334689725190401 ], [ 399933.875890132272616, 3782237.639877924695611 ], [ 399934.181078331661411, 3782237.639877924695611 ], [ 399934.181078331661411, 3782237.945066124200821 ], [ 399934.486266531050205, 3782238.250254323706031 ], [ 399935.096642929827794, 3782238.250254323706031 ], [ 399935.096642929827794, 3782238.555442522745579 ], [ 399935.401831129216589, 3782238.860630722250789 ], [ 399935.707019328605384, 3782238.860630722250789 ], [ 399937.232960325549357, 3782240.386571719311178 ], [ 399937.232960325549357, 3782241.912512716371566 ], [ 399935.401831129216589, 3782243.743641912471503 ], [ 399935.401831129216589, 3782244.048830111976713 ], [ 399935.096642929827794, 3782244.048830111976713 ], [ 399934.791454730439, 3782244.354018311481923 ], [ 399934.181078331661411, 3782244.354018311481923 ], [ 399933.875890132272616, 3782244.659206510521472 ], [ 399932.655137334717438, 3782244.659206510521472 ], [ 399932.349949135328643, 3782244.964394710026681 ], [ 399931.434384537104052, 3782244.964394710026681 ] ] ] } },
{ "type": "Feature", "properties": { "confidence": 0.61792510747909546, "class": 1, "regularized": null }, "geometry": { "type": "Polygon", "coordinates": [ [ [ 400072.736520854523405, 3782296.846388606354594 ], [ 400072.431332655134611, 3782296.541200406849384 ], [ 400071.515768056968227, 3782296.541200406849384 ], [ 400071.210579857579432, 3782296.236012207344174 ], [ 400070.600203458801843, 3782296.236012207344174 ], [ 400069.989827060024254, 3782295.625635808799416 ], [ 400069.684638860635459, 3782295.625635808799416 ], [ 400069.07426246185787, 3782295.015259409788996 ], [ 400068.769074262469076, 3782295.015259409788996 ], [ 400068.158697863691486, 3782294.404883011244237 ], [ 400067.853509664302692, 3782294.404883011244237 ], [ 400066.937945066136308, 3782293.489318413194269 ], [ 400066.937945066136308, 3782293.184130213689059 ], [ 400066.327568667358719, 3782292.573753814678639 ], [ 400066.327568667358719, 3782292.268565615639091 ], [ 400066.022380467969924, 3782291.963377416133881 ], [ 400066.022380467969924, 3782291.658189216628671 ], [ 400065.71719226858113, 3782291.353001017123461 ], [ 400065.71719226858113, 3782289.521871821023524 ], [ 400066.022380467969924, 3782289.216683621518314 ], [ 400066.022380467969924, 3782288.911495422013104 ], [ 400066.632756866747513, 3782288.301119023468345 ], [ 400066.632756866747513, 3782287.995930823963135 ], [ 400066.937945066136308, 3782287.995930823963135 ], [ 400067.243133265525103, 3782287.690742624457926 ], [ 400067.548321464913897, 3782287.690742624457926 ], [ 400067.853509664302692, 3782287.385554425418377 ], [ 400068.769074262469076, 3782287.385554425418377 ], [ 400069.07426246185787, 3782287.080366225913167 ], [ 400071.210579857579432, 3782287.080366225913167 ], [ 400071.515768056968227, 3782287.385554425418377 ], [ 400072.736520854523405, 3782287.385554425418377 ], [ 400073.0417090539122, 3782287.690742624457926 ], [ 400073.0417090539122, 3782288.301119023468345 ], [ 400072.736520854523405, 3782288.606307222973555 ], [ 400072.736520854523405, 3782289.827060020528734 ], [ 400073.0417090539122, 3782290.132248219568282 ], [ 400073.0417090539122, 3782290.437436419073492 ], [ 400074.262461851467378, 3782291.658189216628671 ], [ 400074.567650050856173, 3782291.658189216628671 ], [ 400074.567650050856173, 3782292.268565615639091 ], [ 400074.872838250244968, 3782292.573753814678639 ], [ 400074.872838250244968, 3782296.236012207344174 ], [ 400074.567650050856173, 3782296.541200406849384 ], [ 400074.567650050856173, 3782296.846388606354594 ], [ 400072.736520854523405, 3782296.846388606354594 ] ] ] } },
{ "type": "Feature", "properties": { "confidence": 0.61717379093170166, "class": 1, "regularized": null }, "geometry": { "type": "Polygon", "coordinates": [ [ [ 399638.75890132249333, 3782194.608341810759157 ], [ 399638.453713123104535, 3782194.303153611253947 ], [ 399638.14852492371574, 3782194.303153611253947 ], [ 399637.843336724326946, 3782193.997965412214398 ], [ 399637.843336724326946, 3782193.082400813698769 ], [ 399637.538148524938151, 3782192.77721261465922 ], [ 399637.538148524938151, 3782191.251271617598832 ], [ 399637.232960325549357, 3782190.946083418093622 ], [ 399637.232960325549357, 3782190.030518820043653 ], [ 399636.927772126160562, 3782189.725330620538443 ], [ 399636.927772126160562, 3782188.504577822983265 ], [ 399636.622583926771767, 3782188.199389623478055 ], [ 399636.622583926771767, 3782187.589013224933296 ], [ 399636.927772126160562, 3782187.283825025428087 ], [ 399643.031536113936454, 3782187.283825025428087 ], [ 399643.031536113936454, 3782188.809766022488475 ], [ 399643.336724313325249, 3782189.114954221993685 ], [ 399643.336724313325249, 3782191.556459817104042 ], [ 399643.031536113936454, 3782191.86164801614359 ], [ 399643.031536113936454, 3782192.1668362156488 ], [ 399642.726347914547659, 3782192.1668362156488 ], [ 399642.421159715158865, 3782192.47202441515401 ], [ 399642.11597151577007, 3782192.47202441515401 ], [ 399641.810783316381276, 3782192.77721261465922 ], [ 399641.505595116992481, 3782192.77721261465922 ], [ 399640.895218718214892, 3782193.387589013203979 ], [ 399640.590030518826097, 3782193.387589013203979 ], [ 399639.979654120048508, 3782193.997965412214398 ], [ 399639.674465920659713, 3782193.997965412214398 ], [ 399639.369277721270919, 3782194.303153611253947 ], [ 399639.064089521882124, 3782194.303153611253947 ], [ 399638.75890132249333, 3782194.608341810759157 ] ] ] } },
{ "type": "Feature", "properties": { "confidence": 0.61558908224105835, "class": 1, "regularized": null }, "geometry": { "type": "Polygon", "coordinates": [ [ [ 399849.643947100732476, 3782264.191251271404326 ], [ 399849.033570701954886, 3782263.580874872859567 ], [ 399849.033570701954886, 3782262.054933875799179 ], [ 399848.728382502566092, 3782261.749745676293969 ], [ 399848.728382502566092, 3782261.139369277749211 ], [ 399849.033570701954886, 3782260.834181078244001 ], [ 399849.033570701954886, 3782259.918616480194032 ], [ 399849.338758901343681, 3782259.613428280688822 ], [ 399849.338758901343681, 3782258.392675483133644 ], [ 399849.643947100732476, 3782258.087487283628434 ], [ 399851.169888097676449, 3782258.087487283628434 ], [ 399851.475076297065243, 3782258.392675483133644 ], [ 399852.695829094620422, 3782258.392675483133644 ], [ 399853.001017294009216, 3782258.087487283628434 ], [ 399853.306205493398011, 3782258.392675483133644 ], [ 399854.221770091564395, 3782258.392675483133644 ], [ 399856.052899287897162, 3782260.223804679699242 ], [ 399856.052899287897162, 3782260.528992878738791 ], [ 399856.358087487285957, 3782260.834181078244001 ], [ 399856.358087487285957, 3782261.749745676293969 ], [ 399856.663275686674751, 3782262.054933875799179 ], [ 399856.663275686674751, 3782262.360122075304389 ], [ 399856.358087487285957, 3782262.665310274809599 ], [ 399856.358087487285957, 3782262.970498473849148 ], [ 399856.052899287897162, 3782263.275686673354357 ], [ 399855.747711088508368, 3782263.275686673354357 ], [ 399855.442522889119573, 3782263.580874872859567 ], [ 399854.526958290953189, 3782263.580874872859567 ], [ 399854.221770091564395, 3782263.886063072364777 ], [ 399851.780264496454038, 3782263.886063072364777 ], [ 399851.475076297065243, 3782264.191251271404326 ], [ 399849.643947100732476, 3782264.191251271404326 ] ] ] } },
{ "type": "Feature", "properties": { "confidence": 0.61165386438369751, "class": 1, "regularized": null }, "geometry": { "type": "Polygon", "coordinates": [ [ [ 399953.713123092602473, 3781859.816887080203742 ], [ 399953.102746693766676, 3781859.206510681658983 ], [ 399952.797558494377881, 3781859.206510681658983 ], [ 399952.797558494377881, 3781858.901322482153773 ], [ 399952.492370294989087, 3781858.596134282648563 ], [ 399952.187182095600292, 3781858.596134282648563 ], [ 399952.187182095600292, 3781858.290946083609015 ], [ 399952.492370294989087, 3781858.290946083609015 ], [ 399952.797558494377881, 3781857.985757884103805 ], [ 399952.797558494377881, 3781855.544252288993448 ], [ 399953.102746693766676, 3781855.239064089488238 ], [ 399953.102746693766676, 3781854.62868769094348 ], [ 399953.40793489315547, 3781854.32349949143827 ], [ 399953.40793489315547, 3781853.407934893388301 ], [ 399953.102746693766676, 3781853.102746693883091 ], [ 399952.797558494377881, 3781853.102746693883091 ], [ 399952.797558494377881, 3781852.797558494377881 ], [ 399952.492370294989087, 3781852.492370294872671 ], [ 399952.492370294989087, 3781852.187182095833123 ], [ 399952.797558494377881, 3781852.187182095833123 ], [ 399953.713123092602473, 3781851.271617497317493 ], [ 399954.018311291991267, 3781851.271617497317493 ], [ 399954.323499491380062, 3781850.966429298277944 ], [ 399955.849440488324035, 3781850.966429298277944 ], [ 399956.459816887101624, 3781851.576805696822703 ], [ 399956.459816887101624, 3781851.881993896327913 ], [ 399957.680569684656803, 3781853.102746693883091 ], [ 399957.680569684656803, 3781853.407934893388301 ], [ 399957.985757884045597, 3781853.71312309242785 ], [ 399957.985757884045597, 3781855.849440488498658 ], [ 399956.15462868771283, 3781857.680569684598595 ], [ 399956.15462868771283, 3781857.985757884103805 ], [ 399955.849440488324035, 3781858.290946083609015 ], [ 399955.849440488324035, 3781858.596134282648563 ], [ 399954.933875890157651, 3781859.511698881164193 ], [ 399954.628687690768857, 3781859.511698881164193 ], [ 399954.323499491380062, 3781859.816887080203742 ], [ 399953.713123092602473, 3781859.816887080203742 ] ] ] } },
{ "type": "Feature", "properties": { "confidence": 0.61065399646759033, "class": 1, "regularized": null }, "geometry": { "type": "Polygon", "coordinates": [ [ [ 400142.624618514731992, 3781947.100712105631828 ], [ 400142.624618514731992, 3781942.217700915411115 ], [ 400142.929806714120787, 3781942.217700915411115 ], [ 400143.540183112898376, 3781941.607324516866356 ], [ 400143.84537131228717, 3781941.607324516866356 ], [ 400144.150559511675965, 3781941.302136317361146 ], [ 400144.760935910453554, 3781941.302136317361146 ], [ 400145.066124109842349, 3781940.996948117855936 ], [ 400145.676500508619938, 3781940.996948117855936 ], [ 400146.286876907397527, 3781940.386571719311178 ], [ 400146.286876907397527, 3781939.776195320300758 ], [ 400146.59206510684453, 3781939.471007121261209 ], [ 400146.59206510684453, 3781938.250254323706031 ], [ 400146.897253306233324, 3781938.250254323706031 ], [ 400147.202441505622119, 3781937.945066124200821 ], [ 400149.94913530012127, 3781937.945066124200821 ], [ 400150.254323499510065, 3781937.639877924695611 ], [ 400153.9165818921756, 3781937.639877924695611 ], [ 400154.221770091564395, 3781937.945066124200821 ], [ 400154.221770091564395, 3781938.555442522745579 ], [ 400154.526958290953189, 3781938.860630722250789 ], [ 400154.526958290953189, 3781939.776195320300758 ], [ 400154.832146490341984, 3781940.081383519805968 ], [ 400154.832146490341984, 3781942.522889114916325 ], [ 400154.221770091564395, 3781943.133265513926744 ], [ 400153.9165818921756, 3781943.133265513926744 ], [ 400153.611393692786805, 3781943.438453712966293 ], [ 400153.001017294009216, 3781943.438453712966293 ], [ 400152.695829094620422, 3781943.743641912471503 ], [ 400152.390640895231627, 3781943.743641912471503 ], [ 400151.169888097676449, 3781944.964394710026681 ], [ 400151.169888097676449, 3781945.269582909531891 ], [ 400149.94913530012127, 3781946.49033570708707 ], [ 400147.507629705010913, 3781946.49033570708707 ], [ 400147.202441505622119, 3781946.79552390659228 ], [ 400144.150559511675965, 3781946.79552390659228 ], [ 400143.84537131228717, 3781947.100712105631828 ], [ 400142.624618514731992, 3781947.100712105631828 ] ] ] } },
{ "type": "Feature", "properties": { "confidence": 0.60130888223648071, "class": 1, "regularized": null }, "geometry": { "type": "Polygon", "coordinates": [ [ [ 399714.140386571700219, 3782381.383519837167114 ], [ 399713.835198372311424, 3782381.078331637661904 ], [ 399713.53001017292263, 3782381.078331637661904 ], [ 399713.224821973533835, 3782380.773143438622355 ], [ 399713.224821973533835, 3782380.467955239117146 ], [ 399712.919633774145041, 3782380.162767039611936 ], [ 399713.224821973533835, 3782379.857578840106726 ], [ 399713.224821973533835, 3782375.584944048896432 ], [ 399713.53001017292263, 3782375.279755849391222 ], [ 399713.53001017292263, 3782374.974567649886012 ], [ 399714.445574771089014, 3782374.059003051836044 ], [ 399714.750762970477808, 3782374.059003051836044 ], [ 399715.055951169866603, 3782373.753814852330834 ], [ 399715.361139369255397, 3782373.753814852330834 ], [ 399715.666327568644192, 3782373.448626653291285 ], [ 399717.49745676497696, 3782373.448626653291285 ], [ 399717.802644964365754, 3782373.753814852330834 ], [ 399718.107833163812757, 3782373.753814852330834 ], [ 399718.413021363201551, 3782374.059003051836044 ], [ 399718.718209562590346, 3782374.059003051836044 ], [ 399719.02339776197914, 3782374.364191251341254 ], [ 399719.02339776197914, 3782374.669379450846463 ], [ 399719.328585961367935, 3782374.974567649886012 ], [ 399719.328585961367935, 3782375.279755849391222 ], [ 399719.938962360145524, 3782375.890132248401642 ], [ 399720.244150559534319, 3782375.890132248401642 ], [ 399720.244150559534319, 3782376.19532044744119 ], [ 399720.549338758923113, 3782376.5005086469464 ], [ 399720.549338758923113, 3782377.11088504595682 ], [ 399719.938962360145524, 3782377.721261444501579 ], [ 399719.938962360145524, 3782378.026449644006789 ], [ 399718.718209562590346, 3782379.247202441561967 ], [ 399718.413021363201551, 3782379.247202441561967 ], [ 399717.49745676497696, 3782380.162767039611936 ], [ 399717.192268565588165, 3782380.162767039611936 ], [ 399716.581892166810576, 3782380.773143438622355 ], [ 399716.276703967421781, 3782380.773143438622355 ], [ 399715.971515768032987, 3782381.078331637661904 ], [ 399715.666327568644192, 3782381.078331637661904 ], [ 399715.361139369255397, 3782381.383519837167114 ], [ 399714.140386571700219, 3782381.383519837167114 ] ] ] } },
{ "type": "Feature", "properties": { "confidence": 0.59389811754226685, "class": 1, "regularized": null }, "geometry": { "type": "Polygon", "coordinates": [ [ [ 400048.32146490336163, 3782021.566632756963372 ], [ 400048.016276703972835, 3782021.261444557458162 ], [ 400047.405900305195246, 3782021.261444557458162 ], [ 400047.100712105806451, 3782020.956256357952952 ], [ 400046.795523906417657, 3782020.956256357952952 ], [ 400044.964394710084889, 3782019.125127161853015 ], [ 400044.964394710084889, 3782018.819938962347806 ], [ 400044.659206510696094, 3782018.514750762842596 ], [ 400044.659206510696094, 3782017.599186164792627 ], [ 400044.3540183113073, 3782017.293997965287417 ], [ 400044.3540183113073, 3782014.85249237017706 ], [ 400044.964394710084889, 3782014.85249237017706 ], [ 400045.269582909473684, 3782014.547304171137512 ], [ 400045.574771108862478, 3782014.85249237017706 ], [ 400045.879959308251273, 3782014.85249237017706 ], [ 400046.185147507640067, 3782015.15768056968227 ], [ 400046.490335707028862, 3782015.15768056968227 ], [ 400047.100712105806451, 3782015.76805696869269 ], [ 400047.71108850458404, 3782015.76805696869269 ], [ 400048.016276703972835, 3782016.073245167732239 ], [ 400048.32146490336163, 3782016.073245167732239 ], [ 400048.626653102750424, 3782016.378433367237449 ], [ 400049.237029501528013, 3782016.378433367237449 ], [ 400049.542217700916808, 3782016.683621566742659 ], [ 400049.847405900305603, 3782016.683621566742659 ], [ 400050.152594099694397, 3782016.988809766247869 ], [ 400050.457782299083192, 3782016.988809766247869 ], [ 400050.457782299083192, 3782017.904374364297837 ], [ 400050.152594099694397, 3782018.209562563803047 ], [ 400050.152594099694397, 3782018.514750762842596 ], [ 400049.847405900305603, 3782018.819938962347806 ], [ 400049.847405900305603, 3782019.430315361358225 ], [ 400049.542217700916808, 3782019.735503560397774 ], [ 400049.542217700916808, 3782020.956256357952952 ], [ 400048.931841302139219, 3782021.566632756963372 ], [ 400048.32146490336163, 3782021.566632756963372 ] ] ] } },
{ "type": "Feature", "properties": { "confidence": 0.58361995220184326, "class": 1, "regularized": null }, "geometry": { "type": "Polygon", "coordinates": [ [ [ 399849.94913530012127, 3781988.606307222973555 ], [ 399849.033570701954886, 3781987.690742624457926 ], [ 399849.033570701954886, 3781987.385554425418377 ], [ 399848.728382502566092, 3781987.080366225913167 ], [ 399848.728382502566092, 3781986.775178026407957 ], [ 399848.423194303177297, 3781986.469989826902747 ], [ 399848.423194303177297, 3781983.418107833247632 ], [ 399848.728382502566092, 3781983.112919633742422 ], [ 399848.728382502566092, 3781982.807731434237212 ], [ 399849.033570701954886, 3781982.502543235197663 ], [ 399849.338758901343681, 3781982.502543235197663 ], [ 399849.94913530012127, 3781981.892166836187243 ], [ 399850.864699898287654, 3781981.892166836187243 ], [ 399851.169888097676449, 3781981.586978636682034 ], [ 399851.475076297065243, 3781981.586978636682034 ], [ 399851.780264496454038, 3781981.281790437642485 ], [ 399852.695829094620422, 3781981.281790437642485 ], [ 399853.001017294009216, 3781981.586978636682034 ], [ 399853.306205493398011, 3781981.586978636682034 ], [ 399853.611393692786805, 3781981.892166836187243 ], [ 399855.747711088508368, 3781981.892166836187243 ], [ 399855.747711088508368, 3781982.197355035692453 ], [ 399856.358087487285957, 3781982.807731434237212 ], [ 399856.663275686674751, 3781982.807731434237212 ], [ 399856.663275686674751, 3781983.723296032752842 ], [ 399856.052899287897162, 3781984.3336724312976 ], [ 399856.052899287897162, 3781984.63886063080281 ], [ 399855.137334689730778, 3781985.554425228852779 ], [ 399855.137334689730778, 3781985.859613428357989 ], [ 399854.526958290953189, 3781986.469989826902747 ], [ 399854.221770091564395, 3781986.469989826902747 ], [ 399853.611393692786805, 3781987.080366225913167 ], [ 399853.611393692786805, 3781987.385554425418377 ], [ 399852.695829094620422, 3781988.301119023468345 ], [ 399852.085452695842832, 3781988.301119023468345 ], [ 399851.780264496454038, 3781988.606307222973555 ], [ 399849.94913530012127, 3781988.606307222973555 ] ] ] } },
{ "type": "Feature", "properties": { "confidence": 0.57862180471420288, "class": 1, "regularized": null }, "geometry": { "type": "Polygon", "coordinates": [ [ [ 400139.572736520844046, 3782198.270600203424692 ], [ 400139.267548321455251, 3782197.965412003919482 ], [ 400138.962360122066457, 3782197.965412003919482 ], [ 400138.962360122066457, 3782195.523906408809125 ], [ 400139.267548321455251, 3782195.218718209769577 ], [ 400139.267548321455251, 3782194.913530010264367 ], [ 400139.572736520844046, 3782194.608341810759157 ], [ 400139.572736520844046, 3782194.303153611253947 ], [ 400139.877924720232841, 3782194.303153611253947 ], [ 400141.098677517788019, 3782193.082400813698769 ], [ 400141.098677517788019, 3782192.77721261465922 ], [ 400141.403865717176814, 3782192.47202441515401 ], [ 400141.403865717176814, 3782191.556459817104042 ], [ 400141.709053916565608, 3782191.251271617598832 ], [ 400143.234994913509581, 3782191.251271617598832 ], [ 400143.540183112898376, 3782191.556459817104042 ], [ 400144.150559511675965, 3782191.556459817104042 ], [ 400144.45574771106476, 3782191.86164801614359 ], [ 400144.45574771106476, 3782192.47202441515401 ], [ 400144.760935910453554, 3782192.77721261465922 ], [ 400144.760935910453554, 3782194.303153611253947 ], [ 400145.066124109842349, 3782194.608341810759157 ], [ 400145.066124109842349, 3782196.134282807819545 ], [ 400144.760935910453554, 3782196.439471007324755 ], [ 400144.760935910453554, 3782197.049847405869514 ], [ 400144.45574771106476, 3782197.355035605374724 ], [ 400144.45574771106476, 3782197.660223804879934 ], [ 400144.150559511675965, 3782197.660223804879934 ], [ 400143.540183112898376, 3782198.270600203424692 ], [ 400139.572736520844046, 3782198.270600203424692 ] ] ] } },
{ "type": "Feature", "properties": { "confidence": 0.57685071229934692, "class": 1, "regularized": null }, "geometry": { "type": "Polygon", "coordinates": [ [ [ 400107.222787385573611, 3781833.570701933000237 ], [ 400106.917599186184816, 3781833.265513733495027 ], [ 400106.307222787407227, 3781833.265513733495027 ], [ 400106.002034588018432, 3781832.960325533989817 ], [ 400106.002034588018432, 3781830.82400813838467 ], [ 400105.696846388629638, 3781830.51881993887946 ], [ 400105.696846388629638, 3781826.246185147669166 ], [ 400107.527975584962405, 3781826.246185147669166 ], [ 400107.527975584962405, 3781833.570701933000237 ], [ 400107.222787385573611, 3781833.570701933000237 ] ] ] } },
{ "type": "Feature", "properties": { "confidence": 0.57526010274887085, "class": 1, "regularized": null }, "geometry": { "type": "Polygon", "coordinates": [ [ [ 399692.777212614426389, 3782098.168870803434402 ], [ 399692.472024415037595, 3782097.863682604394853 ], [ 399691.861648016260006, 3782097.863682604394853 ], [ 399691.251271617482416, 3782097.253306205384433 ], [ 399691.251271617482416, 3782096.948118005879223 ], [ 399690.946083418093622, 3782096.642929806839675 ], [ 399690.946083418093622, 3782096.337741607334465 ], [ 399690.640895218704827, 3782096.032553407829255 ], [ 399690.640895218704827, 3782095.422177009284496 ], [ 399690.335707019316033, 3782095.116988809779286 ], [ 399690.335707019316033, 3782094.811800610274076 ], [ 399690.030518819927238, 3782094.506612410768867 ], [ 399690.030518819927238, 3782093.591047812718898 ], [ 399689.725330620538443, 3782093.285859613213688 ], [ 399689.725330620538443, 3782092.980671414174139 ], [ 399690.030518819927238, 3782092.980671414174139 ], [ 399690.335707019316033, 3782092.67548321466893 ], [ 399693.082400813815184, 3782092.67548321466893 ], [ 399693.387589013203979, 3782092.980671414174139 ], [ 399693.692777212592773, 3782092.980671414174139 ], [ 399695.829094608314335, 3782095.116988809779286 ], [ 399695.829094608314335, 3782095.422177009284496 ], [ 399696.13428280770313, 3782095.727365208324045 ], [ 399695.829094608314335, 3782096.032553407829255 ], [ 399695.829094608314335, 3782096.948118005879223 ], [ 399695.218718209536746, 3782097.558494404889643 ], [ 399695.218718209536746, 3782097.863682604394853 ], [ 399694.913530010147952, 3782098.168870803434402 ], [ 399692.777212614426389, 3782098.168870803434402 ] ] ] } },
{ "type": "Feature", "properties": { "confidence": 0.55659568309783936, "class": 1, "regularized": null }, "geometry": { "type": "Polygon", "coordinates": [ [ [ 399717.49745676497696, 3782023.092573754023761 ], [ 399715.971515768032987, 3782021.566632756963372 ], [ 399715.971515768032987, 3782021.261444557458162 ], [ 399715.666327568644192, 3782020.956256357952952 ], [ 399715.666327568644192, 3782020.651068158913404 ], [ 399715.361139369255397, 3782020.345879959408194 ], [ 399715.361139369255397, 3782019.735503560397774 ], [ 399715.055951169866603, 3782019.430315361358225 ], [ 399715.055951169866603, 3782019.125127161853015 ], [ 399714.750762970477808, 3782018.819938962347806 ], [ 399714.750762970477808, 3782018.514750762842596 ], [ 399714.445574771089014, 3782018.209562563803047 ], [ 399714.445574771089014, 3782017.904374364297837 ], [ 399714.140386571700219, 3782017.599186164792627 ], [ 399714.140386571700219, 3782017.293997965287417 ], [ 399713.835198372311424, 3782016.988809766247869 ], [ 399713.835198372311424, 3782016.683621566742659 ], [ 399713.53001017292263, 3782016.378433367237449 ], [ 399713.53001017292263, 3782015.76805696869269 ], [ 399713.224821973533835, 3782015.46286876918748 ], [ 399713.224821973533835, 3782013.326551373116672 ], [ 399713.53001017292263, 3782013.021363174077123 ], [ 399713.53001017292263, 3782012.410986775066704 ], [ 399713.835198372311424, 3782012.105798575561494 ], [ 399713.835198372311424, 3782011.800610376521945 ], [ 399714.140386571700219, 3782011.495422177016735 ], [ 399714.445574771089014, 3782011.495422177016735 ], [ 399714.750762970477808, 3782011.190233977511525 ], [ 399715.361139369255397, 3782011.190233977511525 ], [ 399715.361139369255397, 3782011.495422177016735 ], [ 399716.581892166810576, 3782012.716174974571913 ], [ 399716.581892166810576, 3782013.021363174077123 ], [ 399718.718209562590346, 3782015.15768056968227 ], [ 399718.718209562590346, 3782015.46286876918748 ], [ 399719.328585961367935, 3782016.073245167732239 ], [ 399719.328585961367935, 3782016.378433367237449 ], [ 399719.63377416075673, 3782016.683621566742659 ], [ 399719.63377416075673, 3782017.293997965287417 ], [ 399719.938962360145524, 3782017.599186164792627 ], [ 399719.938962360145524, 3782018.514750762842596 ], [ 399720.244150559534319, 3782018.819938962347806 ], [ 399720.549338758923113, 3782018.819938962347806 ], [ 399720.549338758923113, 3782020.651068158913404 ], [ 399720.854526958311908, 3782020.956256357952952 ], [ 399720.854526958311908, 3782021.566632756963372 ], [ 399720.244150559534319, 3782022.177009155508131 ], [ 399719.63377416075673, 3782022.177009155508131 ], [ 399719.02339776197914, 3782022.787385554518551 ], [ 399718.413021363201551, 3782022.787385554518551 ], [ 399718.107833163812757, 3782023.092573754023761 ], [ 399717.49745676497696, 3782023.092573754023761 ] ] ] } },
{ "type": "Feature", "properties": { "confidence": 0.54721242189407349, "class": 1, "regularized": null }, "geometry": { "type": "Polygon", "coordinates": [ [ [ 399724.821973550366238, 3782105.188199389725924 ], [ 399724.516785350977443, 3782104.883011190220714 ], [ 399723.906408952199854, 3782104.883011190220714 ], [ 399723.601220752811059, 3782104.577822990715504 ], [ 399723.601220752811059, 3782104.272634791675955 ], [ 399723.296032553422265, 3782103.967446592170745 ], [ 399723.296032553422265, 3782101.525940997060388 ], [ 399723.601220752811059, 3782101.220752797555178 ], [ 399723.601220752811059, 3782100.915564598049968 ], [ 399724.821973550366238, 3782099.69481180049479 ], [ 399725.432349949143827, 3782099.69481180049479 ], [ 399725.737538148532622, 3782099.38962360098958 ], [ 399726.347914547310211, 3782099.38962360098958 ], [ 399727.568667344865389, 3782098.168870803434402 ], [ 399727.568667344865389, 3782097.863682604394853 ], [ 399727.873855544254184, 3782097.863682604394853 ], [ 399728.179043743642978, 3782097.558494404889643 ], [ 399728.179043743642978, 3782096.337741607334465 ], [ 399728.484231943031773, 3782096.642929806839675 ], [ 399728.484231943031773, 3782097.863682604394853 ], [ 399728.789420142420568, 3782098.168870803434402 ], [ 399728.789420142420568, 3782103.662258392665535 ], [ 399728.179043743642978, 3782104.272634791675955 ], [ 399728.179043743642978, 3782104.577822990715504 ], [ 399727.873855544254184, 3782104.577822990715504 ], [ 399727.568667344865389, 3782104.883011190220714 ], [ 399727.263479145476595, 3782104.883011190220714 ], [ 399726.9582909460878, 3782105.188199389725924 ], [ 399724.821973550366238, 3782105.188199389725924 ] ] ] } },
{ "type": "Feature", "properties": { "confidence": 0.54691952466964722, "class": 1, "regularized": null }, "geometry": { "type": "Polygon", "coordinates": [ [ [ 399866.429298067116179, 3782287.385554425418377 ], [ 399866.124109867727384, 3782287.080366225913167 ], [ 399865.513733468949795, 3782287.080366225913167 ], [ 399865.208545269561, 3782286.775178026407957 ], [ 399864.292980671394616, 3782286.775178026407957 ], [ 399863.987792472005822, 3782286.469989826902747 ], [ 399863.987792472005822, 3782285.249237029347569 ], [ 399864.598168870783411, 3782284.63886063080281 ], [ 399864.598168870783411, 3782284.3336724312976 ], [ 399865.208545269561, 3782283.723296032752842 ], [ 399865.513733468949795, 3782283.723296032752842 ], [ 399865.818921668338589, 3782283.418107833247632 ], [ 399866.734486266504973, 3782283.418107833247632 ], [ 399867.039674465893768, 3782283.112919633742422 ], [ 399870.396744659228716, 3782283.112919633742422 ], [ 399871.007121058006305, 3782283.723296032752842 ], [ 399871.3123092573951, 3782283.723296032752842 ], [ 399871.3123092573951, 3782284.02848423179239 ], [ 399870.091556459839921, 3782285.249237029347569 ], [ 399870.091556459839921, 3782285.554425228852779 ], [ 399869.786368260451127, 3782285.554425228852779 ], [ 399869.481180061062332, 3782285.859613428357989 ], [ 399869.175991861673538, 3782285.859613428357989 ], [ 399867.650050864671357, 3782287.385554425418377 ], [ 399866.429298067116179, 3782287.385554425418377 ] ] ] } },
{ "type": "Feature", "properties": { "confidence": 0.54462987184524536, "class": 1, "regularized": null }, "geometry": { "type": "Polygon", "coordinates": [ [ [ 399717.802644964365754, 3782076.5005086469464 ], [ 399717.49745676497696, 3782076.19532044744119 ], [ 399717.192268565588165, 3782076.19532044744119 ], [ 399717.192268565588165, 3782070.396744659170508 ], [ 399717.49745676497696, 3782070.396744659170508 ], [ 399717.802644964365754, 3782070.091556459665298 ], [ 399718.107833163812757, 3782070.396744659170508 ], [ 399718.413021363201551, 3782070.396744659170508 ], [ 399719.938962360145524, 3782071.922685656230897 ], [ 399719.938962360145524, 3782072.227873855736107 ], [ 399720.244150559534319, 3782072.533062054775655 ], [ 399720.244150559534319, 3782072.838250254280865 ], [ 399720.549338758923113, 3782073.143438453786075 ], [ 399720.854526958311908, 3782073.143438453786075 ], [ 399720.854526958311908, 3782074.059003051836044 ], [ 399719.938962360145524, 3782074.974567649886012 ], [ 399719.63377416075673, 3782074.974567649886012 ], [ 399719.328585961367935, 3782075.279755849391222 ], [ 399719.328585961367935, 3782075.584944048896432 ], [ 399719.02339776197914, 3782075.890132248401642 ], [ 399718.718209562590346, 3782075.890132248401642 ], [ 399718.413021363201551, 3782076.19532044744119 ], [ 399718.107833163812757, 3782076.19532044744119 ], [ 399717.802644964365754, 3782076.5005086469464 ] ] ] } },
{ "type": "Feature", "properties": { "confidence": 0.54009866714477539, "class": 1, "regularized": null }, "geometry": { "type": "Polygon", "coordinates": [ [ [ 400140.48830111901043, 3781957.477110885083675 ], [ 400139.877924720232841, 3781956.866734486073256 ], [ 400139.877924720232841, 3781955.645981688518077 ], [ 400139.572736520844046, 3781955.340793489478528 ], [ 400139.572736520844046, 3781952.594099694862962 ], [ 400139.877924720232841, 3781952.288911495357752 ], [ 400139.877924720232841, 3781951.983723295852542 ], [ 400140.183112919621635, 3781951.983723295852542 ], [ 400140.48830111901043, 3781952.288911495357752 ], [ 400141.098677517788019, 3781952.288911495357752 ], [ 400141.403865717176814, 3781952.594099694862962 ], [ 400143.84537131228717, 3781952.594099694862962 ], [ 400144.150559511675965, 3781952.899287894368172 ], [ 400145.371312309231143, 3781952.899287894368172 ], [ 400145.676500508619938, 3781952.594099694862962 ], [ 400150.559511698898859, 3781952.594099694862962 ], [ 400150.864699898287654, 3781952.899287894368172 ], [ 400151.169888097676449, 3781952.899287894368172 ], [ 400151.475076297065243, 3781953.20447609340772 ], [ 400152.085452695842832, 3781953.20447609340772 ], [ 400152.695829094620422, 3781953.81485249241814 ], [ 400152.695829094620422, 3781955.951169888023287 ], [ 400152.390640895231627, 3781956.256358087528497 ], [ 400151.475076297065243, 3781956.256358087528497 ], [ 400151.169888097676449, 3781956.561546287033707 ], [ 400150.254323499510065, 3781956.561546287033707 ], [ 400149.94913530012127, 3781956.866734486073256 ], [ 400148.423194303177297, 3781956.866734486073256 ], [ 400148.118006103788503, 3781957.171922685578465 ], [ 400145.981688708008733, 3781957.171922685578465 ], [ 400145.676500508619938, 3781957.477110885083675 ], [ 400140.48830111901043, 3781957.477110885083675 ] ] ] } },
{ "type": "Feature", "properties": { "confidence": 0.53746479749679565, "class": 1, "regularized": null }, "geometry": { "type": "Polygon", "coordinates": [ [ [ 399751.983723296027165, 3782013.021363174077123 ], [ 399751.983723296027165, 3782012.716174974571913 ], [ 399751.67853509663837, 3782012.410986775066704 ], [ 399751.373346897249576, 3782012.410986775066704 ], [ 399751.373346897249576, 3782012.105798575561494 ], [ 399751.068158697860781, 3782011.800610376521945 ], [ 399751.068158697860781, 3782010.274669379461557 ], [ 399751.983723296027165, 3782010.274669379461557 ], [ 399752.28891149541596, 3782009.969481179956347 ], [ 399752.28891149541596, 3782009.664292980451137 ], [ 399756.866734486247879, 3782009.664292980451137 ], [ 399756.866734486247879, 3782009.969481179956347 ], [ 399757.171922685636673, 3782010.274669379461557 ], [ 399758.697863682580646, 3782010.274669379461557 ], [ 399758.697863682580646, 3782010.579857578966767 ], [ 399758.087487283803057, 3782011.190233977511525 ], [ 399757.782299084414262, 3782011.190233977511525 ], [ 399757.477110885025468, 3782011.495422177016735 ], [ 399757.171922685636673, 3782011.495422177016735 ], [ 399756.866734486247879, 3782011.800610376521945 ], [ 399756.561546286859084, 3782011.800610376521945 ], [ 399755.951169888081495, 3782012.410986775066704 ], [ 399754.425228891137522, 3782012.410986775066704 ], [ 399754.120040691748727, 3782012.716174974571913 ], [ 399753.814852492359933, 3782012.716174974571913 ], [ 399753.509664292971138, 3782013.021363174077123 ], [ 399751.983723296027165, 3782013.021363174077123 ] ] ] } },
{ "type": "Feature", "properties": { "confidence": 0.53721994161605835, "class": 1, "regularized": null }, "geometry": { "type": "Polygon", "coordinates": [ [ [ 400036.724313326529227, 3782012.716174974571913 ], [ 400036.419125127140433, 3782012.410986775066704 ], [ 400034.587995930807665, 3782012.410986775066704 ], [ 400034.28280773141887, 3782012.105798575561494 ], [ 400033.977619532030076, 3782012.105798575561494 ], [ 400033.672431332641281, 3782011.800610376521945 ], [ 400033.672431332641281, 3782010.274669379461557 ], [ 400034.89318413019646, 3782010.274669379461557 ], [ 400035.198372329585254, 3782009.969481179956347 ], [ 400035.198372329585254, 3782009.664292980451137 ], [ 400041.607324516808148, 3782009.664292980451137 ], [ 400041.607324516808148, 3782009.969481179956347 ], [ 400041.912512716196943, 3782010.274669379461557 ], [ 400042.217700915585738, 3782010.274669379461557 ], [ 400042.828077314363327, 3782010.885045778006315 ], [ 400042.828077314363327, 3782011.800610376521945 ], [ 400042.217700915585738, 3782012.410986775066704 ], [ 400041.912512716196943, 3782012.410986775066704 ], [ 400041.607324516808148, 3782012.716174974571913 ], [ 400036.724313326529227, 3782012.716174974571913 ] ] ] } },
{ "type": "Feature", "properties": { "confidence": 0.53017830848693848, "class": 1, "regularized": null }, "geometry": { "type": "Polygon", "coordinates": [ [ [ 400116.988809766015038, 3782022.482197355013341 ], [ 400116.683621566626243, 3782022.177009155508131 ], [ 400113.936927772127092, 3782022.177009155508131 ], [ 400113.631739572738297, 3782021.871820956468582 ], [ 400111.19023397762794, 3782021.871820956468582 ], [ 400110.885045778239146, 3782021.566632756963372 ], [ 400107.8331637843512, 3782021.566632756963372 ], [ 400107.527975584962405, 3782021.261444557458162 ], [ 400106.002034588018432, 3782021.261444557458162 ], [ 400105.391658189240843, 3782020.651068158913404 ], [ 400105.391658189240843, 3782017.293997965287417 ], [ 400115.15768056968227, 3782017.293997965287417 ], [ 400115.462868769071065, 3782017.599186164792627 ], [ 400116.683621566626243, 3782017.599186164792627 ], [ 400116.988809766015038, 3782017.904374364297837 ], [ 400120.956256358069368, 3782017.904374364297837 ], [ 400121.261444557458162, 3782018.209562563803047 ], [ 400122.177009155624546, 3782018.209562563803047 ], [ 400122.482197355013341, 3782018.514750762842596 ], [ 400122.482197355013341, 3782019.430315361358225 ], [ 400122.177009155624546, 3782019.735503560397774 ], [ 400122.177009155624546, 3782020.345879959408194 ], [ 400121.871820956235752, 3782020.651068158913404 ], [ 400121.871820956235752, 3782020.956256357952952 ], [ 400121.566632756846957, 3782021.261444557458162 ], [ 400121.566632756846957, 3782021.871820956468582 ], [ 400121.261444557458162, 3782022.177009155508131 ], [ 400120.651068158680573, 3782022.177009155508131 ], [ 400120.345879959291779, 3782022.482197355013341 ], [ 400116.988809766015038, 3782022.482197355013341 ] ] ] } },
{ "type": "Feature", "properties": { "confidence": 0.52717643976211548, "class": 1, "regularized": null }, "geometry": { "type": "Polygon", "coordinates": [ [ [ 400118.819938962347806, 3781830.82400813838467 ], [ 400118.514750762959011, 3781830.51881993887946 ], [ 400116.683621566626243, 3781830.51881993887946 ], [ 400116.378433367237449, 3781830.21363173937425 ], [ 400115.462868769071065, 3781830.21363173937425 ], [ 400115.15768056968227, 3781829.908443540334702 ], [ 400114.852492370293476, 3781829.908443540334702 ], [ 400114.852492370293476, 3781828.992878941819072 ], [ 400115.462868769071065, 3781828.382502543274313 ], [ 400115.462868769071065, 3781828.077314343769103 ], [ 400116.073245167848654, 3781827.466937945224345 ], [ 400116.073245167848654, 3781827.161749745719135 ], [ 400123.09257375379093, 3781827.161749745719135 ], [ 400123.702950152568519, 3781827.772126144263893 ], [ 400123.702950152568519, 3781829.298067141324282 ], [ 400124.008138351957314, 3781829.603255340829492 ], [ 400124.008138351957314, 3781830.21363173937425 ], [ 400123.702950152568519, 3781830.51881993887946 ], [ 400120.651068158680573, 3781830.51881993887946 ], [ 400120.345879959291779, 3781830.82400813838467 ], [ 400118.819938962347806, 3781830.82400813838467 ] ] ] } },
{ "type": "Feature", "properties": { "confidence": 0.51447123289108276, "class": 1, "regularized": null }, "geometry": { "type": "Polygon", "coordinates": [ [ [ 399869.481180061062332, 3782282.807731434237212 ], [ 399869.481180061062332, 3782282.197355035692453 ], [ 399869.175991861673538, 3782281.892166836187243 ], [ 399869.175991861673538, 3782281.586978636682034 ], [ 399868.870803662284743, 3782281.281790437642485 ], [ 399868.870803662284743, 3782280.976602238137275 ], [ 399868.565615462895948, 3782280.671414038632065 ], [ 399868.565615462895948, 3782280.366225839126855 ], [ 399869.175991861673538, 3782279.755849440582097 ], [ 399869.175991861673538, 3782279.450661241076887 ], [ 399870.396744659228716, 3782278.229908443521708 ], [ 399870.701932858617511, 3782278.229908443521708 ], [ 399871.3123092573951, 3782277.61953204497695 ], [ 399871.922685656172689, 3782277.61953204497695 ], [ 399872.227873855561484, 3782277.31434384547174 ], [ 399873.753814852505457, 3782277.31434384547174 ], [ 399873.753814852505457, 3782277.61953204497695 ], [ 399874.364191251283046, 3782278.229908443521708 ], [ 399874.66937945067184, 3782278.229908443521708 ], [ 399875.27975584944943, 3782278.840284842532128 ], [ 399875.584944048838224, 3782278.840284842532128 ], [ 399877.110885045782197, 3782280.366225839126855 ], [ 399877.110885045782197, 3782280.671414038632065 ], [ 399877.416073245170992, 3782280.976602238137275 ], [ 399877.416073245170992, 3782281.892166836187243 ], [ 399876.805696846393403, 3782282.502543235197663 ], [ 399876.805696846393403, 3782282.807731434237212 ], [ 399869.481180061062332, 3782282.807731434237212 ] ] ] } },
{ "type": "Feature", "properties": { "confidence": 0.5071185827255249, "class": 1, "regularized": null }, "geometry": { "type": "Polygon", "coordinates": [ [ [ 399694.608341810759157, 3781895.829094608314335 ], [ 399694.303153611370362, 3781895.523906408809125 ], [ 399694.303153611370362, 3781893.082400813698769 ], [ 399694.608341810759157, 3781892.77721261465922 ], [ 399694.608341810759157, 3781892.47202441515401 ], [ 399698.575788402871694, 3781892.47202441515401 ], [ 399698.575788402871694, 3781893.387589013203979 ], [ 399697.965412004094105, 3781893.997965412214398 ], [ 399697.965412004094105, 3781894.303153611253947 ], [ 399697.355035605316516, 3781894.913530010264367 ], [ 399697.049847405927721, 3781894.913530010264367 ], [ 399696.744659206538927, 3781895.218718209769577 ], [ 399696.439471007150132, 3781895.218718209769577 ], [ 399696.13428280770313, 3781895.523906408809125 ], [ 399695.829094608314335, 3781895.523906408809125 ], [ 399695.523906408925541, 3781895.829094608314335 ], [ 399694.608341810759157, 3781895.829094608314335 ] ] ] } },
{ "type": "Feature", "properties": { "confidence": 0.49016678333282471, "class": 1, "regularized": null }, "geometry": { "type": "Polygon", "coordinates": [ [ [ 399805.696846388629638, 3782282.197355035692453 ], [ 399805.391658189240843, 3782281.892166836187243 ], [ 399804.781281790463254, 3782281.892166836187243 ], [ 399804.476093591074459, 3782281.586978636682034 ], [ 399804.170905391685665, 3782281.586978636682034 ], [ 399803.560528992849868, 3782280.976602238137275 ], [ 399803.255340793461073, 3782280.976602238137275 ], [ 399803.255340793461073, 3782280.671414038632065 ], [ 399802.644964394683484, 3782280.061037640087306 ], [ 399802.644964394683484, 3782278.840284842532128 ], [ 399803.560528992849868, 3782277.924720244016498 ], [ 399803.86571719229687, 3782277.924720244016498 ], [ 399804.170905391685665, 3782277.61953204497695 ], [ 399804.476093591074459, 3782277.61953204497695 ], [ 399804.781281790463254, 3782277.31434384547174 ], [ 399806.612410986796021, 3782277.31434384547174 ], [ 399806.917599186184816, 3782277.61953204497695 ], [ 399807.222787385573611, 3782277.61953204497695 ], [ 399807.222787385573611, 3782278.229908443521708 ], [ 399807.527975584962405, 3782278.535096643026918 ], [ 399807.527975584962405, 3782280.061037640087306 ], [ 399807.8331637843512, 3782280.366225839126855 ], [ 399807.8331637843512, 3782280.671414038632065 ], [ 399807.527975584962405, 3782280.976602238137275 ], [ 399807.527975584962405, 3782281.586978636682034 ], [ 399807.222787385573611, 3782281.892166836187243 ], [ 399806.612410986796021, 3782281.892166836187243 ], [ 399806.307222787407227, 3782282.197355035692453 ], [ 399805.696846388629638, 3782282.197355035692453 ] ] ] } },
{ "type": "Feature", "properties": { "confidence": 0.48154017329216003, "class": 1, "regularized": null }, "geometry": { "type": "Polygon", "coordinates": [ [ [ 399816.683621566626243, 3782130.82400813838467 ], [ 399816.683621566626243, 3782130.51881993887946 ], [ 399816.378433367237449, 3782130.21363173937425 ], [ 399816.378433367237449, 3782129.603255340829492 ], [ 399815.768056968459859, 3782128.992878941819072 ], [ 399815.462868769071065, 3782128.992878941819072 ], [ 399815.462868769071065, 3782128.687690742779523 ], [ 399814.852492370293476, 3782128.077314343769103 ], [ 399814.852492370293476, 3782127.466937945224345 ], [ 399815.15768056968227, 3782127.161749745719135 ], [ 399815.15768056968227, 3782126.856561546213925 ], [ 399822.787385554402135, 3782126.856561546213925 ], [ 399822.787385554402135, 3782127.466937945224345 ], [ 399821.261444557458162, 3782128.992878941819072 ], [ 399820.956256358069368, 3782128.992878941819072 ], [ 399820.651068158680573, 3782129.298067141324282 ], [ 399820.345879959291779, 3782129.298067141324282 ], [ 399820.040691759902984, 3782129.603255340829492 ], [ 399819.735503560514189, 3782129.603255340829492 ], [ 399819.430315361125395, 3782129.908443540334702 ], [ 399818.819938962347806, 3782129.908443540334702 ], [ 399818.514750762959011, 3782130.21363173937425 ], [ 399818.209562563570216, 3782130.21363173937425 ], [ 399817.904374364181422, 3782130.51881993887946 ], [ 399817.599186164792627, 3782130.51881993887946 ], [ 399817.293997965403832, 3782130.82400813838467 ], [ 399816.683621566626243, 3782130.82400813838467 ] ] ] } },
{ "type": "Feature", "properties": { "confidence": 0.48132476210594177, "class": 1, "regularized": null }, "geometry": { "type": "Polygon", "coordinates": [ [ [ 399997.049847405927721, 3781896.134282807819545 ], [ 399996.744659206538927, 3781895.829094608314335 ], [ 399996.744659206538927, 3781894.913530010264367 ], [ 399996.439471007150132, 3781894.608341810759157 ], [ 399996.439471007150132, 3781894.303153611253947 ], [ 399996.13428280770313, 3781893.997965412214398 ], [ 399996.13428280770313, 3781893.692777212709188 ], [ 399995.218718209536746, 3781892.77721261465922 ], [ 399995.218718209536746, 3781892.47202441515401 ], [ 400000.406917599204462, 3781892.47202441515401 ], [ 400000.406917599204462, 3781894.303153611253947 ], [ 400000.101729399815667, 3781894.608341810759157 ], [ 400000.101729399815667, 3781894.913530010264367 ], [ 399999.796541200426873, 3781895.218718209769577 ], [ 399999.796541200426873, 3781895.523906408809125 ], [ 399999.186164801649284, 3781896.134282807819545 ], [ 399997.049847405927721, 3781896.134282807819545 ] ] ] } },
{ "type": "Feature", "properties": { "confidence": 0.47867348790168762, "class": 1, "regularized": null }, "geometry": { "type": "Polygon", "coordinates": [ [ [ 399748.32146490336163, 3782282.807731434237212 ], [ 399748.32146490336163, 3782281.586978636682034 ], [ 399751.068158697860781, 3782278.840284842532128 ], [ 399751.068158697860781, 3782278.535096643026918 ], [ 399751.373346897249576, 3782278.229908443521708 ], [ 399751.983723296027165, 3782278.229908443521708 ], [ 399752.28891149541596, 3782277.924720244016498 ], [ 399752.594099694804754, 3782277.924720244016498 ], [ 399752.899287894193549, 3782278.229908443521708 ], [ 399754.425228891137522, 3782278.229908443521708 ], [ 399754.730417090526316, 3782278.535096643026918 ], [ 399755.951169888081495, 3782278.535096643026918 ], [ 399755.951169888081495, 3782281.586978636682034 ], [ 399755.340793489303906, 3782281.586978636682034 ], [ 399755.035605289915111, 3782281.892166836187243 ], [ 399755.035605289915111, 3782282.807731434237212 ], [ 399748.32146490336163, 3782282.807731434237212 ] ] ] } },
{ "type": "Feature", "properties": { "confidence": 0.46934139728546143, "class": 1, "regularized": null }, "geometry": { "type": "Polygon", "coordinates": [ [ [ 399941.810783316381276, 3781891.251271617598832 ], [ 399941.505595116992481, 3781890.946083418093622 ], [ 399940.895218718214892, 3781890.946083418093622 ], [ 399940.895218718214892, 3781890.640895218588412 ], [ 399940.590030518826097, 3781890.335707019548863 ], [ 399940.590030518826097, 3781890.030518820043653 ], [ 399939.979654120048508, 3781889.420142421033233 ], [ 399939.674465920659713, 3781889.420142421033233 ], [ 399939.369277721270919, 3781889.114954221993685 ], [ 399939.369277721270919, 3781888.809766022488475 ], [ 399939.064089521882124, 3781888.504577822983265 ], [ 399939.064089521882124, 3781887.283825025428087 ], [ 399938.75890132249333, 3781886.978636825922877 ], [ 399938.75890132249333, 3781886.673448626883328 ], [ 399938.453713123104535, 3781886.368260427378118 ], [ 399938.453713123104535, 3781886.063072227872908 ], [ 399939.674465920659713, 3781884.84231943031773 ], [ 399940.590030518826097, 3781884.84231943031773 ], [ 399940.895218718214892, 3781884.53713123081252 ], [ 399941.200406917603686, 3781884.53713123081252 ], [ 399941.505595116992481, 3781884.23194303130731 ], [ 399942.11597151577007, 3781884.23194303130731 ], [ 399942.421159715158865, 3781883.926754832267761 ], [ 399942.726347914547659, 3781883.926754832267761 ], [ 399943.031536113936454, 3781883.621566632762551 ], [ 399943.336724313325249, 3781883.621566632762551 ], [ 399943.641912512714043, 3781883.316378433257341 ], [ 399945.778229908435605, 3781883.316378433257341 ], [ 399946.0834181078244, 3781883.621566632762551 ], [ 399946.998982705990784, 3781883.621566632762551 ], [ 399947.304170905379578, 3781883.926754832267761 ], [ 399948.219735503545962, 3781883.926754832267761 ], [ 399948.219735503545962, 3781884.23194303130731 ], [ 399948.524923702934757, 3781884.53713123081252 ], [ 399948.524923702934757, 3781887.283825025428087 ], [ 399948.219735503545962, 3781887.589013224933296 ], [ 399948.219735503545962, 3781887.894201424438506 ], [ 399947.914547304157168, 3781887.894201424438506 ], [ 399947.304170905379578, 3781888.504577822983265 ], [ 399946.998982705990784, 3781888.504577822983265 ], [ 399946.388606307213195, 3781889.114954221993685 ], [ 399946.388606307213195, 3781889.725330620538443 ], [ 399945.473041709046811, 3781890.640895218588412 ], [ 399944.862665310269222, 3781890.640895218588412 ], [ 399944.557477110880427, 3781890.946083418093622 ], [ 399943.947100712102838, 3781890.946083418093622 ], [ 399943.641912512714043, 3781891.251271617598832 ], [ 399941.810783316381276, 3781891.251271617598832 ] ] ] } },
{ "type": "Feature", "properties": { "confidence": 0.46234443783760071, "class": 1, "regularized": "rectangle" }, "geometry": { "type": "Polygon", "coordinates": [ [ [ 400176.5, 3782031.75 ], [ 400195.75, 3782031.75 ], [ 400195.75, 3782038.75 ], [ 400176.5, 3782038.75 ], [ 400176.5, 3782031.75 ] ] ] } },
{ "type": "Feature", "properties": { "confidence": 0.45382717251777649, "class": 1, "regularized": null }, "geometry": { "type": "Polygon", "coordinates": [ [ [ 400036.724313326529227, 3781956.256358087528497 ], [ 400036.724313326529227, 3781955.951169888023287 ], [ 400036.419125127140433, 3781955.645981688518077 ], [ 400036.113936927751638, 3781955.645981688518077 ], [ 400036.113936927751638, 3781955.340793489478528 ], [ 400035.808748728362843, 3781955.035605289973319 ], [ 400035.808748728362843, 3781954.12004069192335 ], [ 400035.503560528974049, 3781953.81485249241814 ], [ 400035.503560528974049, 3781952.899287894368172 ], [ 400035.198372329585254, 3781952.594099694862962 ], [ 400035.198372329585254, 3781951.373346897307783 ], [ 400035.503560528974049, 3781951.068158697802573 ], [ 400035.503560528974049, 3781950.457782299257815 ], [ 400037.334689725306816, 3781950.457782299257815 ], [ 400037.639877924695611, 3781950.762970498297364 ], [ 400039.165818921639584, 3781950.762970498297364 ], [ 400039.471007121086586, 3781951.068158697802573 ], [ 400039.471007121086586, 3781951.373346897307783 ], [ 400039.776195320475381, 3781951.678535096812993 ], [ 400039.776195320475381, 3781951.983723295852542 ], [ 400040.691759918641765, 3781952.899287894368172 ], [ 400040.691759918641765, 3781955.035605289973319 ], [ 400040.081383519864175, 3781955.645981688518077 ], [ 400040.081383519864175, 3781956.256358087528497 ], [ 400036.724313326529227, 3781956.256358087528497 ] ] ] } },
{ "type": "Feature", "properties": { "confidence": 0.45073112845420837, "class": 1, "regularized": null }, "geometry": { "type": "Polygon", "coordinates": [ [ [ 399755.6459816886927, 3782375.890132248401642 ], [ 399755.340793489303906, 3782375.584944048896432 ], [ 399755.035605289915111, 3782375.584944048896432 ], [ 399754.425228891137522, 3782374.974567649886012 ], [ 399754.425228891137522, 3782374.364191251341254 ], [ 399754.120040691748727, 3782374.059003051836044 ], [ 399754.120040691748727, 3782371.007121058180928 ], [ 399754.425228891137522, 3782370.701932858675718 ], [ 399754.425228891137522, 3782370.091556459665298 ], [ 399754.730417090526316, 3782369.78636826062575 ], [ 399755.951169888081495, 3782369.78636826062575 ], [ 399755.951169888081495, 3782375.890132248401642 ], [ 399755.6459816886927, 3782375.890132248401642 ] ] ] } },
{ "type": "Feature", "properties": { "confidence": 0.44132980704307556, "class": 1, "regularized": null }, "geometry": { "type": "Polygon", "coordinates": [ [ [ 399715.055951169866603, 3781854.62868769094348 ], [ 399714.750762970477808, 3781854.32349949143827 ], [ 399714.750762970477808, 3781854.01831129193306 ], [ 399714.445574771089014, 3781853.71312309242785 ], [ 399714.445574771089014, 3781853.407934893388301 ], [ 399714.140386571700219, 3781853.102746693883091 ], [ 399714.140386571700219, 3781852.797558494377881 ], [ 399713.835198372311424, 3781852.492370294872671 ], [ 399713.835198372311424, 3781852.187182095833123 ], [ 399713.53001017292263, 3781851.881993896327913 ], [ 399713.53001017292263, 3781850.966429298277944 ], [ 399713.224821973533835, 3781850.661241098772734 ], [ 399713.224821973533835, 3781849.135300101712346 ], [ 399713.53001017292263, 3781848.830111902207136 ], [ 399713.53001017292263, 3781848.219735503662378 ], [ 399713.835198372311424, 3781847.914547304157168 ], [ 399713.835198372311424, 3781847.609359104651958 ], [ 399714.140386571700219, 3781847.304170905612409 ], [ 399714.140386571700219, 3781846.693794506601989 ], [ 399714.750762970477808, 3781846.083418108057231 ], [ 399715.055951169866603, 3781846.083418108057231 ], [ 399715.361139369255397, 3781845.778229908552021 ], [ 399716.88708036619937, 3781845.778229908552021 ], [ 399717.192268565588165, 3781846.083418108057231 ], [ 399717.49745676497696, 3781846.083418108057231 ], [ 399717.802644964365754, 3781846.388606307096779 ], [ 399717.802644964365754, 3781846.693794506601989 ], [ 399719.328585961367935, 3781848.219735503662378 ], [ 399719.328585961367935, 3781848.524923703167588 ], [ 399719.63377416075673, 3781848.830111902207136 ], [ 399719.63377416075673, 3781853.102746693883091 ], [ 399719.328585961367935, 3781853.102746693883091 ], [ 399719.02339776197914, 3781853.407934893388301 ], [ 399718.718209562590346, 3781853.407934893388301 ], [ 399718.413021363201551, 3781853.71312309242785 ], [ 399717.802644964365754, 3781853.71312309242785 ], [ 399717.49745676497696, 3781854.01831129193306 ], [ 399717.192268565588165, 3781854.01831129193306 ], [ 399716.581892166810576, 3781854.62868769094348 ], [ 399715.055951169866603, 3781854.62868769094348 ] ] ] } },
{ "type": "Feature", "properties": { "confidence": 0.43427401781082153, "class": 1, "regularized": null }, "geometry": { "type": "Polygon", "coordinates": [ [ [ 399878.331637843337376, 3782137.232960325665772 ], [ 399878.331637843337376, 3782136.012207528110594 ], [ 399878.026449643948581, 3782135.707019328605384 ], [ 399878.026449643948581, 3782135.096642929594964 ], [ 399877.721261444559786, 3782134.791454730555415 ], [ 399877.110885045782197, 3782134.791454730555415 ], [ 399876.805696846393403, 3782134.486266531050205 ], [ 399876.195320447615813, 3782134.486266531050205 ], [ 399876.500508647004608, 3782134.181078331544995 ], [ 399877.110885045782197, 3782134.181078331544995 ], [ 399878.331637843337376, 3782132.960325533989817 ], [ 399878.63682604272617, 3782132.960325533989817 ], [ 399878.942014242114965, 3782132.655137334484607 ], [ 399879.857578840281349, 3782132.655137334484607 ], [ 399880.467955239058938, 3782132.044760935939848 ], [ 399880.773143438447732, 3782132.044760935939848 ], [ 399881.078331637836527, 3782131.739572736434639 ], [ 399882.909460834169295, 3782131.739572736434639 ], [ 399883.214649033558089, 3782132.044760935939848 ], [ 399884.130213631724473, 3782132.044760935939848 ], [ 399884.740590030502062, 3782132.655137334484607 ], [ 399885.350966429279651, 3782132.655137334484607 ], [ 399885.350966429279651, 3782132.960325533989817 ], [ 399885.656154628668446, 3782133.265513733495027 ], [ 399885.656154628668446, 3782134.486266531050205 ], [ 399885.961342828057241, 3782134.791454730555415 ], [ 399885.961342828057241, 3782135.096642929594964 ], [ 399885.350966429279651, 3782135.707019328605384 ], [ 399883.519837232946884, 3782135.707019328605384 ], [ 399882.6042726347805, 3782136.622583926655352 ], [ 399881.993896236002911, 3782136.622583926655352 ], [ 399881.688708036614116, 3782136.927772126160562 ], [ 399881.078331637836527, 3782136.927772126160562 ], [ 399880.773143438447732, 3782137.232960325665772 ], [ 399878.331637843337376, 3782137.232960325665772 ] ] ] } },
{ "type": "Feature", "properties": { "confidence": 0.42742666602134705, "class": 1, "regularized": null }, "geometry": { "type": "Polygon", "coordinates": [ [ [ 400170.701932858617511, 3781986.164801627863199 ], [ 400170.396744659228716, 3781985.859613428357989 ], [ 400170.091556459839921, 3781985.859613428357989 ], [ 400169.481180061062332, 3781985.249237029347569 ], [ 400169.481180061062332, 3781984.02848423179239 ], [ 400169.175991861673538, 3781983.723296032752842 ], [ 400169.175991861673538, 3781982.502543235197663 ], [ 400168.870803662284743, 3781982.197355035692453 ], [ 400168.870803662284743, 3781978.229908443521708 ], [ 400169.481180061062332, 3781977.61953204497695 ], [ 400169.786368260451127, 3781977.61953204497695 ], [ 400170.091556459839921, 3781977.31434384547174 ], [ 400173.143438453727867, 3781977.31434384547174 ], [ 400173.448626653116662, 3781977.61953204497695 ], [ 400173.753814852505457, 3781977.61953204497695 ], [ 400173.753814852505457, 3781978.229908443521708 ], [ 400174.059003051894251, 3781978.535096643026918 ], [ 400174.059003051894251, 3781980.671414038632065 ], [ 400173.753814852505457, 3781980.976602238137275 ], [ 400173.753814852505457, 3781981.586978636682034 ], [ 400173.448626653116662, 3781981.892166836187243 ], [ 400173.448626653116662, 3781983.112919633742422 ], [ 400173.143438453727867, 3781983.418107833247632 ], [ 400173.143438453727867, 3781984.94404883030802 ], [ 400172.838250254339073, 3781985.249237029347569 ], [ 400172.838250254339073, 3781985.554425228852779 ], [ 400172.227873855561484, 3781986.164801627863199 ], [ 400170.701932858617511, 3781986.164801627863199 ] ] ] } },
{ "type": "Feature", "properties": { "confidence": 0.42199522256851196, "class": 1, "regularized": null }, "geometry": { "type": "Polygon", "coordinates": [ [ [ 399674.7711088504293, 3782011.800610376521945 ], [ 399674.465920651040506, 3782011.495422177016735 ], [ 399674.160732451651711, 3782011.495422177016735 ], [ 399673.855544252262916, 3782011.190233977511525 ], [ 399673.550356052874122, 3782011.190233977511525 ], [ 399673.245167853485327, 3782010.885045778006315 ], [ 399673.245167853485327, 3782009.664292980451137 ], [ 399678.738555442541838, 3782009.664292980451137 ], [ 399678.738555442541838, 3782011.190233977511525 ], [ 399678.433367243153043, 3782011.495422177016735 ], [ 399677.822990844375454, 3782011.495422177016735 ], [ 399677.517802644986659, 3782011.800610376521945 ], [ 399674.7711088504293, 3782011.800610376521945 ] ] ] } },
{ "type": "Feature", "properties": { "confidence": 0.41948294639587402, "class": 1, "regularized": null }, "geometry": { "type": "Polygon", "coordinates": [ [ [ 399863.377416073228233, 3781982.807731434237212 ], [ 399863.072227873839438, 3781982.502543235197663 ], [ 399862.461851475061849, 3781982.502543235197663 ], [ 399862.156663275673054, 3781982.197355035692453 ], [ 399861.85147507628426, 3781982.197355035692453 ], [ 399861.546286876895465, 3781981.892166836187243 ], [ 399861.546286876895465, 3781981.586978636682034 ], [ 399861.24109867750667, 3781981.281790437642485 ], [ 399861.24109867750667, 3781979.755849440582097 ], [ 399861.546286876895465, 3781979.450661241076887 ], [ 399861.546286876895465, 3781979.145473041571677 ], [ 399862.461851475061849, 3781978.229908443521708 ], [ 399865.208545269561, 3781978.229908443521708 ], [ 399865.513733468949795, 3781977.924720244016498 ], [ 399865.818921668338589, 3781977.924720244016498 ], [ 399866.124109867727384, 3781978.229908443521708 ], [ 399866.734486266504973, 3781978.229908443521708 ], [ 399867.039674465893768, 3781978.535096643026918 ], [ 399867.344862665282562, 3781978.535096643026918 ], [ 399867.344862665282562, 3781979.450661241076887 ], [ 399867.039674465893768, 3781979.755849440582097 ], [ 399867.039674465893768, 3781980.061037640087306 ], [ 399866.734486266504973, 3781980.061037640087306 ], [ 399866.124109867727384, 3781980.671414038632065 ], [ 399866.124109867727384, 3781980.976602238137275 ], [ 399865.513733468949795, 3781981.586978636682034 ], [ 399865.513733468949795, 3781981.892166836187243 ], [ 399864.903357070172206, 3781982.502543235197663 ], [ 399863.987792472005822, 3781982.502543235197663 ], [ 399863.682604272617027, 3781982.807731434237212 ], [ 399863.377416073228233, 3781982.807731434237212 ] ] ] } },
{ "type": "Feature", "properties": { "confidence": 0.41777634620666504, "class": 1, "regularized": null }, "geometry": { "type": "Polygon", "coordinates": [ [ [ 399857.273652085452341, 3782243.438453712966293 ], [ 399856.052899287897162, 3782242.217700915411115 ], [ 399856.052899287897162, 3782241.607324516866356 ], [ 399855.747711088508368, 3782241.302136317361146 ], [ 399855.747711088508368, 3782237.334689725190401 ], [ 399856.052899287897162, 3782237.029501526150852 ], [ 399856.052899287897162, 3782233.977619532030076 ], [ 399856.358087487285957, 3782233.672431332524866 ], [ 399856.358087487285957, 3782232.146490335930139 ], [ 399856.663275686674751, 3782231.841302136424929 ], [ 399856.663275686674751, 3782231.536113936919719 ], [ 399856.968463886063546, 3782231.536113936919719 ], [ 399857.273652085452341, 3782231.230925737414509 ], [ 399858.189216683618724, 3782231.230925737414509 ], [ 399858.494404883007519, 3782230.92573753837496 ], [ 399859.409969481173903, 3782230.92573753837496 ], [ 399859.715157680562697, 3782231.230925737414509 ], [ 399860.630722278729081, 3782231.230925737414509 ], [ 399860.935910478117876, 3782231.536113936919719 ], [ 399861.24109867750667, 3782231.536113936919719 ], [ 399861.546286876895465, 3782231.841302136424929 ], [ 399862.156663275673054, 3782231.841302136424929 ], [ 399863.072227873839438, 3782232.756866734474897 ], [ 399863.072227873839438, 3782233.062054933980107 ], [ 399863.377416073228233, 3782233.367243133485317 ], [ 399863.377416073228233, 3782235.198372329585254 ], [ 399863.682604272617027, 3782235.503560529090464 ], [ 399863.682604272617027, 3782236.724313326645643 ], [ 399863.377416073228233, 3782237.029501526150852 ], [ 399863.377416073228233, 3782237.639877924695611 ], [ 399863.072227873839438, 3782237.639877924695611 ], [ 399862.767039674450643, 3782237.945066124200821 ], [ 399862.767039674450643, 3782238.555442522745579 ], [ 399861.546286876895465, 3782239.776195320300758 ], [ 399861.546286876895465, 3782240.081383519805968 ], [ 399861.24109867750667, 3782240.081383519805968 ], [ 399860.020345879951492, 3782241.302136317361146 ], [ 399860.020345879951492, 3782241.607324516866356 ], [ 399859.104781281785108, 3782242.522889114916325 ], [ 399859.104781281785108, 3782242.828077314421535 ], [ 399858.494404883007519, 3782243.438453712966293 ], [ 399857.273652085452341, 3782243.438453712966293 ] ] ] } },
{ "type": "Feature", "properties": { "confidence": 0.41690534353256226, "class": 1, "regularized": null }, "geometry": { "type": "Polygon", "coordinates": [ [ [ 399684.537131230928935, 3782164.089521871879697 ], [ 399684.231943031540141, 3782163.784333672374487 ], [ 399683.316378433373757, 3782163.784333672374487 ], [ 399683.316378433373757, 3782163.479145472869277 ], [ 399682.706002034596168, 3782162.868769074324518 ], [ 399682.706002034596168, 3782161.34282807726413 ], [ 399683.011190233984962, 3782161.03763987775892 ], [ 399683.011190233984962, 3782160.427263479214162 ], [ 399683.621566632762551, 3782159.816887080203742 ], [ 399684.231943031540141, 3782159.816887080203742 ], [ 399684.537131230928935, 3782160.122075279708952 ], [ 399686.063072227872908, 3782160.122075279708952 ], [ 399686.368260427261703, 3782159.816887080203742 ], [ 399686.673448626650497, 3782159.816887080203742 ], [ 399686.978636826039292, 3782159.511698881164193 ], [ 399687.283825025428087, 3782159.511698881164193 ], [ 399687.589013224816881, 3782159.206510681658983 ], [ 399687.894201424205676, 3782159.206510681658983 ], [ 399688.19938962359447, 3782159.511698881164193 ], [ 399688.19938962359447, 3782160.427263479214162 ], [ 399688.504577822983265, 3782160.732451678719372 ], [ 399688.504577822983265, 3782161.03763987775892 ], [ 399687.894201424205676, 3782161.64801627676934 ], [ 399687.894201424205676, 3782161.95320447627455 ], [ 399687.283825025428087, 3782162.563580874819309 ], [ 399687.283825025428087, 3782162.868769074324518 ], [ 399686.978636826039292, 3782162.868769074324518 ], [ 399686.673448626650497, 3782163.173957273829728 ], [ 399686.673448626650497, 3782163.479145472869277 ], [ 399686.368260427261703, 3782163.479145472869277 ], [ 399685.757884028484114, 3782164.089521871879697 ], [ 399684.537131230928935, 3782164.089521871879697 ] ] ] } },
{ "type": "Feature", "properties": { "confidence": 0.41633078455924988, "class": 1, "regularized": null }, "geometry": { "type": "Polygon", "coordinates": [ [ [ 399678.433367243153043, 3782270.905391658190638 ], [ 399678.128179043764248, 3782270.600203458685428 ], [ 399678.128179043764248, 3782269.37945066113025 ], [ 399678.433367243153043, 3782269.07426246162504 ], [ 399678.433367243153043, 3782268.158697863575071 ], [ 399678.738555442541838, 3782267.853509664069861 ], [ 399678.738555442541838, 3782267.548321465030313 ], [ 399679.654120040708221, 3782266.632756866514683 ], [ 399679.654120040708221, 3782266.327568667475134 ], [ 399679.959308240097016, 3782266.327568667475134 ], [ 399680.264496439485811, 3782266.022380467969924 ], [ 399680.8748728382634, 3782266.022380467969924 ], [ 399681.180061037652194, 3782265.717192268464714 ], [ 399682.095625635818578, 3782265.717192268464714 ], [ 399682.095625635818578, 3782266.022380467969924 ], [ 399683.011190233984962, 3782266.937945066019893 ], [ 399683.011190233984962, 3782267.853509664069861 ], [ 399682.400813835207373, 3782268.463886063080281 ], [ 399682.095625635818578, 3782268.463886063080281 ], [ 399679.654120040708221, 3782270.905391658190638 ], [ 399678.433367243153043, 3782270.905391658190638 ] ] ] } },
{ "type": "Feature", "properties": { "confidence": 0.41409045457839966, "class": 1, "regularized": null }, "geometry": { "type": "Polygon", "coordinates": [ [ [ 400078.229908443521708, 3782012.105798575561494 ], [ 400077.924720244132914, 3782011.800610376521945 ], [ 400077.619532044744119, 3782011.800610376521945 ], [ 400077.314343845355324, 3782011.495422177016735 ], [ 400077.00915564596653, 3782011.495422177016735 ], [ 400076.093591047800146, 3782010.579857578966767 ], [ 400076.093591047800146, 3782009.664292980451137 ], [ 400080.36622583924327, 3782009.664292980451137 ], [ 400080.36622583924327, 3782010.274669379461557 ], [ 400080.671414038632065, 3782010.579857578966767 ], [ 400080.671414038632065, 3782011.800610376521945 ], [ 400080.36622583924327, 3782012.105798575561494 ], [ 400078.229908443521708, 3782012.105798575561494 ] ] ] } },
{ "type": "Feature", "properties": { "confidence": 0.41312652826309204, "class": 1, "regularized": null }, "geometry": { "type": "Polygon", "coordinates": [ [ [ 399801.424211597128306, 3782322.787385554518551 ], [ 399801.119023397739511, 3782322.482197355013341 ], [ 399799.898270600184333, 3782322.482197355013341 ], [ 399799.898270600184333, 3782322.177009155508131 ], [ 399799.593082400795538, 3782321.871820956468582 ], [ 399799.593082400795538, 3782321.566632756963372 ], [ 399799.287894201406743, 3782321.261444557458162 ], [ 399799.287894201406743, 3782320.956256357952952 ], [ 399798.982706002017949, 3782320.651068158913404 ], [ 399798.982706002017949, 3782320.040691759902984 ], [ 399798.677517802629154, 3782319.735503560397774 ], [ 399798.677517802629154, 3782319.430315361358225 ], [ 399798.37232960324036, 3782319.125127161853015 ], [ 399798.37232960324036, 3782318.209562563803047 ], [ 399798.067141403851565, 3782317.904374364297837 ], [ 399798.067141403851565, 3782315.15768056968227 ], [ 399798.37232960324036, 3782314.85249237017706 ], [ 399800.203458799573127, 3782314.85249237017706 ], [ 399800.508646998961922, 3782315.15768056968227 ], [ 399801.119023397739511, 3782315.15768056968227 ], [ 399802.339776195294689, 3782316.378433367237449 ], [ 399802.950152594072279, 3782316.378433367237449 ], [ 399802.950152594072279, 3782316.683621566742659 ], [ 399803.255340793461073, 3782316.988809766247869 ], [ 399803.560528992849868, 3782316.988809766247869 ], [ 399803.560528992849868, 3782317.293997965287417 ], [ 399804.781281790463254, 3782318.514750762842596 ], [ 399804.781281790463254, 3782318.819938962347806 ], [ 399805.086469989852048, 3782319.125127161853015 ], [ 399805.391658189240843, 3782319.125127161853015 ], [ 399805.391658189240843, 3782319.430315361358225 ], [ 399805.696846388629638, 3782319.735503560397774 ], [ 399805.696846388629638, 3782320.956256357952952 ], [ 399804.781281790463254, 3782320.956256357952952 ], [ 399804.476093591074459, 3782321.261444557458162 ], [ 399804.170905391685665, 3782321.261444557458162 ], [ 399803.86571719229687, 3782321.566632756963372 ], [ 399803.86571719229687, 3782322.177009155508131 ], [ 399803.255340793461073, 3782322.787385554518551 ], [ 399801.424211597128306, 3782322.787385554518551 ] ] ] } },
{ "type": "Feature", "properties": { "confidence": 0.41287669539451599, "class": 1, "regularized": null }, "geometry": { "type": "Polygon", "coordinates": [ [ [ 399834.384537131234538, 3782235.503560529090464 ], [ 399834.384537131234538, 3782226.958290946204215 ], [ 399835.300101729400922, 3782226.958290946204215 ], [ 399835.300101729400922, 3782227.873855544254184 ], [ 399835.605289928789716, 3782228.179043743759394 ], [ 399835.605289928789716, 3782228.789420142304152 ], [ 399835.910478128178511, 3782229.094608341809362 ], [ 399835.910478128178511, 3782229.399796541314572 ], [ 399836.215666327567305, 3782229.704984740819782 ], [ 399836.215666327567305, 3782233.062054933980107 ], [ 399835.910478128178511, 3782233.367243133485317 ], [ 399835.910478128178511, 3782233.977619532030076 ], [ 399835.605289928789716, 3782234.282807731535286 ], [ 399835.605289928789716, 3782234.587995931040496 ], [ 399834.689725330623332, 3782235.503560529090464 ], [ 399834.384537131234538, 3782235.503560529090464 ] ] ] } },
{ "type": "Feature", "properties": { "confidence": 0.40887194871902466, "class": 1, "regularized": null }, "geometry": { "type": "Polygon", "coordinates": [ [ [ 400055.6459816886927, 3782012.716174974571913 ], [ 400055.340793489303906, 3782012.410986775066704 ], [ 400053.509664292971138, 3782012.410986775066704 ], [ 400053.204476093582343, 3782012.105798575561494 ], [ 400052.899287894193549, 3782012.105798575561494 ], [ 400052.28891149541596, 3782011.495422177016735 ], [ 400052.28891149541596, 3782009.664292980451137 ], [ 400051.983723296027165, 3782009.359104781411588 ], [ 400052.28891149541596, 3782009.053916581906378 ], [ 400052.28891149541596, 3782008.13835198385641 ], [ 400052.594099694804754, 3782007.8331637843512 ], [ 400052.594099694804754, 3782007.22278738534078 ], [ 400052.899287894193549, 3782006.917599186301231 ], [ 400052.899287894193549, 3782006.307222787290812 ], [ 400053.204476093582343, 3782006.002034587785602 ], [ 400053.204476093582343, 3782005.391658189240843 ], [ 400053.509664292971138, 3782005.086469989735633 ], [ 400053.509664292971138, 3782002.339776195120066 ], [ 400053.204476093582343, 3782002.034587996080518 ], [ 400053.204476093582343, 3782000.813835198525339 ], [ 400052.899287894193549, 3782000.508646999020129 ], [ 400053.204476093582343, 3782000.20345879951492 ], [ 400053.204476093582343, 3781999.89827060000971 ], [ 400053.814852492359933, 3781999.287894201464951 ], [ 400059.003051881969441, 3781999.287894201464951 ], [ 400059.308240081358235, 3781999.593082400970161 ], [ 400059.308240081358235, 3781999.89827060000971 ], [ 400059.61342828074703, 3782000.20345879951492 ], [ 400059.61342828074703, 3782004.170905391685665 ], [ 400059.308240081358235, 3782004.476093591190875 ], [ 400059.308240081358235, 3782009.664292980451137 ], [ 400059.003051881969441, 3782009.969481179956347 ], [ 400059.003051881969441, 3782011.190233977511525 ], [ 400059.308240081358235, 3782011.495422177016735 ], [ 400059.003051881969441, 3782011.800610376521945 ], [ 400059.003051881969441, 3782012.105798575561494 ], [ 400058.697863682580646, 3782012.410986775066704 ], [ 400058.392675483191852, 3782012.410986775066704 ], [ 400058.087487283803057, 3782012.716174974571913 ], [ 400055.6459816886927, 3782012.716174974571913 ] ] ] } },
{ "type": "Feature", "properties": { "confidence": 0.40671816468238831, "class": 1, "regularized": null }, "geometry": { "type": "Polygon", "coordinates": [ [ [ 399700.101729399815667, 3781846.388606307096779 ], [ 399700.101729399815667, 3781846.083418108057231 ], [ 399699.796541200426873, 3781845.778229908552021 ], [ 399699.796541200426873, 3781845.473041709046811 ], [ 399699.491353001038078, 3781845.167853509541601 ], [ 399699.491353001038078, 3781843.947100711986423 ], [ 399699.186164801649284, 3781843.641912512946874 ], [ 399699.186164801649284, 3781843.336724313441664 ], [ 399698.880976602260489, 3781843.031536113936454 ], [ 399698.880976602260489, 3781842.421159714926034 ], [ 399698.575788402871694, 3781842.115971515886486 ], [ 399698.575788402871694, 3781838.758901322260499 ], [ 399698.880976602260489, 3781838.758901322260499 ], [ 399699.186164801649284, 3781838.45371312322095 ], [ 399699.491353001038078, 3781838.45371312322095 ], [ 399699.796541200426873, 3781838.14852492371574 ], [ 399703.458799593092408, 3781838.14852492371574 ], [ 399703.763987792481203, 3781838.45371312322095 ], [ 399704.374364191258792, 3781838.45371312322095 ], [ 399704.374364191258792, 3781838.758901322260499 ], [ 399704.679552390647586, 3781839.064089521765709 ], [ 399704.679552390647586, 3781840.284842319320887 ], [ 399704.984740590036381, 3781840.590030518826097 ], [ 399704.984740590036381, 3781841.200406917370856 ], [ 399704.679552390647586, 3781841.505595116876066 ], [ 399704.679552390647586, 3781843.947100711986423 ], [ 399704.069175991869997, 3781844.557477110996842 ], [ 399704.069175991869997, 3781844.862665310502052 ], [ 399702.543234994926024, 3781846.388606307096779 ], [ 399700.101729399815667, 3781846.388606307096779 ] ] ] } },
{ "type": "Feature", "properties": { "confidence": 0.40235644578933716, "class": 1, "regularized": null }, "geometry": { "type": "Polygon", "coordinates": [ [ [ 400040.38657171925297, 3781858.596134282648563 ], [ 400040.081383519864175, 3781858.290946083609015 ], [ 400040.081383519864175, 3781857.985757884103805 ], [ 400039.776195320475381, 3781857.680569684598595 ], [ 400039.776195320475381, 3781856.765005086548626 ], [ 400040.081383519864175, 3781856.459816887043417 ], [ 400040.081383519864175, 3781855.544252288993448 ], [ 400040.38657171925297, 3781855.239064089488238 ], [ 400040.38657171925297, 3781852.492370294872671 ], [ 400040.691759918641765, 3781852.187182095833123 ], [ 400040.691759918641765, 3781851.881993896327913 ], [ 400041.302136317419354, 3781851.271617497317493 ], [ 400041.302136317419354, 3781850.966429298277944 ], [ 400041.607324516808148, 3781850.661241098772734 ], [ 400041.607324516808148, 3781850.356052899267524 ], [ 400042.217700915585738, 3781849.745676500722766 ], [ 400044.048830111918505, 3781849.745676500722766 ], [ 400044.3540183113073, 3781850.050864699762315 ], [ 400044.659206510696094, 3781850.050864699762315 ], [ 400045.269582909473684, 3781850.661241098772734 ], [ 400045.269582909473684, 3781851.576805696822703 ], [ 400044.964394710084889, 3781851.881993896327913 ], [ 400044.964394710084889, 3781852.187182095833123 ], [ 400044.659206510696094, 3781852.492370294872671 ], [ 400044.659206510696094, 3781852.797558494377881 ], [ 400044.3540183113073, 3781853.102746693883091 ], [ 400044.3540183113073, 3781853.407934893388301 ], [ 400044.048830111918505, 3781853.71312309242785 ], [ 400044.048830111918505, 3781854.32349949143827 ], [ 400043.743641912529711, 3781854.62868769094348 ], [ 400043.743641912529711, 3781854.933875889983028 ], [ 400043.438453713140916, 3781855.239064089488238 ], [ 400043.438453713140916, 3781855.544252288993448 ], [ 400042.522889114974532, 3781856.459816887043417 ], [ 400042.522889114974532, 3781856.765005086548626 ], [ 400042.217700915585738, 3781857.070193286053836 ], [ 400042.217700915585738, 3781857.375381485093385 ], [ 400041.607324516808148, 3781857.985757884103805 ], [ 400041.607324516808148, 3781858.290946083609015 ], [ 400041.302136317419354, 3781858.290946083609015 ], [ 400040.996948118030559, 3781858.596134282648563 ], [ 400040.38657171925297, 3781858.596134282648563 ] ] ] } },
{ "type": "Feature", "properties": { "confidence": 0.39624637365341187, "class": 1, "regularized": null }, "geometry": { "type": "Polygon", "coordinates": [ [ [ 399979.654120040708221, 3782135.401831129100174 ], [ 399979.348931841319427, 3782135.096642929594964 ], [ 399978.738555442541838, 3782135.096642929594964 ], [ 399978.433367243153043, 3782134.791454730555415 ], [ 399978.433367243153043, 3782134.486266531050205 ], [ 399977.822990844375454, 3782133.875890132039785 ], [ 399977.822990844375454, 3782132.960325533989817 ], [ 399977.517802644986659, 3782132.655137334484607 ], [ 399977.517802644986659, 3782128.687690742779523 ], [ 399977.212614445597865, 3782128.382502543274313 ], [ 399977.212614445597865, 3782127.466937945224345 ], [ 399976.90742624620907, 3782127.161749745719135 ], [ 399976.602238046820275, 3782127.161749745719135 ], [ 399976.602238046820275, 3782125.940996948163956 ], [ 399976.90742624620907, 3782125.635808748658746 ], [ 399976.90742624620907, 3782125.025432350113988 ], [ 399977.212614445597865, 3782124.720244150608778 ], [ 399977.212614445597865, 3782124.415055951103568 ], [ 399977.517802644986659, 3782124.109867751598358 ], [ 399977.517802644986659, 3782123.80467955255881 ], [ 399978.128179043764248, 3782123.19430315354839 ], [ 399978.433367243153043, 3782123.19430315354839 ], [ 399978.738555442541838, 3782122.88911495404318 ], [ 399983.621566632762551, 3782122.88911495404318 ], [ 399983.926754832151346, 3782123.19430315354839 ], [ 399983.926754832151346, 3782124.415055951103568 ], [ 399984.231943031540141, 3782124.720244150608778 ], [ 399984.231943031540141, 3782126.246185147669166 ], [ 399984.537131230928935, 3782126.551373346708715 ], [ 399984.537131230928935, 3782128.992878941819072 ], [ 399984.231943031540141, 3782129.298067141324282 ], [ 399984.231943031540141, 3782130.51881993887946 ], [ 399983.926754832151346, 3782130.82400813838467 ], [ 399983.926754832151346, 3782132.044760935939848 ], [ 399983.621566632762551, 3782132.349949135445058 ], [ 399983.621566632762551, 3782133.570701933000237 ], [ 399983.011190233984962, 3782134.181078331544995 ], [ 399982.706002034596168, 3782134.181078331544995 ], [ 399982.400813835207373, 3782134.486266531050205 ], [ 399982.095625635818578, 3782134.486266531050205 ], [ 399981.790437436429784, 3782134.791454730555415 ], [ 399981.180061037652194, 3782134.791454730555415 ], [ 399980.8748728382634, 3782135.096642929594964 ], [ 399980.569684638874605, 3782135.096642929594964 ], [ 399980.264496439485811, 3782135.401831129100174 ], [ 399979.654120040708221, 3782135.401831129100174 ] ] ] } },
{ "type": "Feature", "properties": { "confidence": 0.39502573013305664, "class": 1, "regularized": null }, "geometry": { "type": "Polygon", "coordinates": [ [ [ 400089.216683621576522, 3782203.153611393645406 ], [ 400088.911495422187727, 3782202.848423194140196 ], [ 400088.301119023410138, 3782202.848423194140196 ], [ 400087.995930824021343, 3782202.543234995100647 ], [ 400087.690742624632549, 3782202.543234995100647 ], [ 400087.080366225854959, 3782201.932858596090227 ], [ 400086.775178026466165, 3782201.932858596090227 ], [ 400085.859613428299781, 3782201.017293998040259 ], [ 400085.859613428299781, 3782200.712105798535049 ], [ 400085.554425228910986, 3782200.406917599029839 ], [ 400086.775178026466165, 3782200.406917599029839 ], [ 400087.080366225854959, 3782200.10172939999029 ], [ 400091.047812817909289, 3782200.10172939999029 ], [ 400091.353001017298084, 3782200.406917599029839 ], [ 400091.658189216686878, 3782200.406917599029839 ], [ 400091.963377416075673, 3782200.712105798535049 ], [ 400092.268565615464468, 3782200.712105798535049 ], [ 400092.268565615464468, 3782201.322482197545469 ], [ 400091.658189216686878, 3782201.932858596090227 ], [ 400091.353001017298084, 3782201.932858596090227 ], [ 400090.4374364191317, 3782202.848423194140196 ], [ 400089.827060020354111, 3782202.848423194140196 ], [ 400089.521871820965316, 3782203.153611393645406 ], [ 400089.216683621576522, 3782203.153611393645406 ] ] ] } },
{ "type": "Feature", "properties": { "confidence": 0.392923504114151, "class": 1, "regularized": null }, "geometry": { "type": "Polygon", "coordinates": [ [ [ 399678.433367243153043, 3782154.32349949143827 ], [ 399675.381485249265097, 3782151.271617497317493 ], [ 399675.381485249265097, 3782150.356052899267524 ], [ 399675.686673448653892, 3782150.050864699762315 ], [ 399675.991861648042686, 3782150.050864699762315 ], [ 399676.297049847431481, 3782149.745676500722766 ], [ 399676.602238046820275, 3782149.745676500722766 ], [ 399677.212614445597865, 3782149.135300101712346 ], [ 399677.517802644986659, 3782149.135300101712346 ], [ 399677.822990844375454, 3782148.830111902207136 ], [ 399678.128179043764248, 3782148.830111902207136 ], [ 399678.433367243153043, 3782148.524923703167588 ], [ 399678.738555442541838, 3782148.524923703167588 ], [ 399679.043743641930632, 3782148.219735503662378 ], [ 399679.348931841319427, 3782148.219735503662378 ], [ 399679.959308240097016, 3782147.609359104651958 ], [ 399680.569684638874605, 3782147.609359104651958 ], [ 399680.8748728382634, 3782147.304170905612409 ], [ 399681.180061037652194, 3782147.304170905612409 ], [ 399681.485249237040989, 3782146.998982706107199 ], [ 399681.790437436429784, 3782146.998982706107199 ], [ 399682.095625635818578, 3782146.693794506601989 ], [ 399682.400813835207373, 3782146.693794506601989 ], [ 399682.706002034596168, 3782146.998982706107199 ], [ 399682.706002034596168, 3782147.914547304157168 ], [ 399683.011190233984962, 3782148.219735503662378 ], [ 399683.316378433373757, 3782148.219735503662378 ], [ 399683.621566632762551, 3782148.524923703167588 ], [ 399684.537131230928935, 3782148.524923703167588 ], [ 399684.84231943031773, 3782148.830111902207136 ], [ 399684.84231943031773, 3782149.135300101712346 ], [ 399685.147507629706524, 3782149.440488301217556 ], [ 399685.147507629706524, 3782150.356052899267524 ], [ 399683.316378433373757, 3782152.187182095833123 ], [ 399683.011190233984962, 3782152.187182095833123 ], [ 399681.485249237040989, 3782153.71312309242785 ], [ 399681.180061037652194, 3782153.71312309242785 ], [ 399680.569684638874605, 3782154.32349949143827 ], [ 399678.433367243153043, 3782154.32349949143827 ] ] ] } },
{ "type": "Feature", "properties": { "confidence": 0.39059862494468689, "class": 1, "regularized": null }, "geometry": { "type": "Polygon", "coordinates": [ [ [ 399676.602238046820275, 3782170.803662258200347 ], [ 399675.991861648042686, 3782170.193285859655589 ], [ 399676.297049847431481, 3782169.888097660150379 ], [ 399676.297049847431481, 3782168.667344862595201 ], [ 399676.602238046820275, 3782168.362156663089991 ], [ 399676.602238046820275, 3782166.836215666495264 ], [ 399676.90742624620907, 3782166.531027466990054 ], [ 399676.90742624620907, 3782165.920651067979634 ], [ 399677.517802644986659, 3782165.310274669434875 ], [ 399677.517802644986659, 3782165.005086469929665 ], [ 399680.264496439485811, 3782162.258392675314099 ], [ 399681.180061037652194, 3782162.258392675314099 ], [ 399682.095625635818578, 3782163.173957273829728 ], [ 399683.621566632762551, 3782163.173957273829728 ], [ 399683.926754832151346, 3782163.479145472869277 ], [ 399684.231943031540141, 3782163.479145472869277 ], [ 399684.84231943031773, 3782164.089521871879697 ], [ 399685.147507629706524, 3782164.089521871879697 ], [ 399685.147507629706524, 3782164.394710071384907 ], [ 399684.84231943031773, 3782164.394710071384907 ], [ 399684.537131230928935, 3782164.699898270424455 ], [ 399684.537131230928935, 3782165.005086469929665 ], [ 399684.231943031540141, 3782165.310274669434875 ], [ 399684.231943031540141, 3782165.615462868940085 ], [ 399682.400813835207373, 3782167.446592065040022 ], [ 399682.095625635818578, 3782167.446592065040022 ], [ 399681.485249237040989, 3782168.056968464050442 ], [ 399681.485249237040989, 3782168.362156663089991 ], [ 399681.180061037652194, 3782168.362156663089991 ], [ 399680.569684638874605, 3782168.97253306210041 ], [ 399680.264496439485811, 3782168.97253306210041 ], [ 399679.654120040708221, 3782169.582909460645169 ], [ 399679.654120040708221, 3782169.888097660150379 ], [ 399679.348931841319427, 3782169.888097660150379 ], [ 399678.738555442541838, 3782170.498474059160799 ], [ 399678.433367243153043, 3782170.498474059160799 ], [ 399678.128179043764248, 3782170.803662258200347 ], [ 399676.602238046820275, 3782170.803662258200347 ] ] ] } },
{ "type": "Feature", "properties": { "confidence": 0.39050817489624023, "class": 1, "regularized": null }, "geometry": { "type": "Polygon", "coordinates": [ [ [ 400066.327568667358719, 3781894.303153611253947 ], [ 400066.022380467969924, 3781893.997965412214398 ], [ 400060.528992878913414, 3781893.997965412214398 ], [ 400060.223804679524619, 3781893.692777212709188 ], [ 400059.61342828074703, 3781893.692777212709188 ], [ 400059.308240081358235, 3781893.387589013203979 ], [ 400059.003051881969441, 3781893.387589013203979 ], [ 400059.003051881969441, 3781892.47202441515401 ], [ 400069.684638860635459, 3781892.47202441515401 ], [ 400069.684638860635459, 3781893.997965412214398 ], [ 400067.548321464913897, 3781893.997965412214398 ], [ 400067.243133265525103, 3781894.303153611253947 ], [ 400066.327568667358719, 3781894.303153611253947 ] ] ] } },
{ "type": "Feature", "properties": { "confidence": 0.38967159390449524, "class": 1, "regularized": null }, "geometry": { "type": "Polygon", "coordinates": [ [ [ 400057.171922685636673, 3782024.923702950123698 ], [ 400056.256358087470289, 3782024.008138352073729 ], [ 400056.256358087470289, 3782023.702950152568519 ], [ 400055.951169888081495, 3782023.397761953063309 ], [ 400055.951169888081495, 3782023.092573754023761 ], [ 400055.6459816886927, 3782022.787385554518551 ], [ 400055.6459816886927, 3782022.482197355013341 ], [ 400055.035605289915111, 3782021.871820956468582 ], [ 400055.035605289915111, 3782021.566632756963372 ], [ 400054.120040691748727, 3782020.651068158913404 ], [ 400054.120040691748727, 3782020.345879959408194 ], [ 400052.594099694804754, 3782018.819938962347806 ], [ 400052.594099694804754, 3782017.599186164792627 ], [ 400057.171922685636673, 3782017.599186164792627 ], [ 400057.477110885025468, 3782017.904374364297837 ], [ 400057.782299084414262, 3782017.904374364297837 ], [ 400057.782299084414262, 3782020.956256357952952 ], [ 400058.087487283803057, 3782021.261444557458162 ], [ 400058.087487283803057, 3782021.566632756963372 ], [ 400058.392675483191852, 3782021.871820956468582 ], [ 400058.392675483191852, 3782022.482197355013341 ], [ 400058.697863682580646, 3782022.787385554518551 ], [ 400058.697863682580646, 3782023.397761953063309 ], [ 400059.003051881969441, 3782023.702950152568519 ], [ 400058.697863682580646, 3782024.008138352073729 ], [ 400058.697863682580646, 3782024.313326551578939 ], [ 400058.087487283803057, 3782024.923702950123698 ], [ 400057.171922685636673, 3782024.923702950123698 ] ] ] } },
{ "type": "Feature", "properties": { "confidence": 0.38511630892753601, "class": 1, "regularized": null }, "geometry": { "type": "Polygon", "coordinates": [ [ [ 399753.814852492359933, 3782174.771108850371093 ], [ 399753.509664292971138, 3782174.465920650865883 ], [ 399753.204476093582343, 3782174.465920650865883 ], [ 399752.594099694804754, 3782173.855544252321124 ], [ 399752.28891149541596, 3782173.855544252321124 ], [ 399751.983723296027165, 3782173.550356052815914 ], [ 399751.67853509663837, 3782173.550356052815914 ], [ 399751.67853509663837, 3782173.245167853310704 ], [ 399751.373346897249576, 3782172.939979654271156 ], [ 399751.373346897249576, 3782170.498474059160799 ], [ 399751.068158697860781, 3782170.193285859655589 ], [ 399751.67853509663837, 3782169.582909460645169 ], [ 399751.67853509663837, 3782168.97253306210041 ], [ 399752.28891149541596, 3782168.362156663089991 ], [ 399752.594099694804754, 3782168.362156663089991 ], [ 399752.899287894193549, 3782168.056968464050442 ], [ 399752.899287894193549, 3782167.141403865534812 ], [ 399753.204476093582343, 3782166.836215666495264 ], [ 399753.509664292971138, 3782166.836215666495264 ], [ 399753.814852492359933, 3782167.141403865534812 ], [ 399754.425228891137522, 3782167.141403865534812 ], [ 399754.120040691748727, 3782167.446592065040022 ], [ 399753.814852492359933, 3782167.446592065040022 ], [ 399753.509664292971138, 3782167.751780264545232 ], [ 399753.509664292971138, 3782168.667344862595201 ], [ 399754.120040691748727, 3782169.27772126160562 ], [ 399755.035605289915111, 3782169.27772126160562 ], [ 399755.340793489303906, 3782169.582909460645169 ], [ 399755.951169888081495, 3782169.582909460645169 ], [ 399755.951169888081495, 3782174.771108850371093 ], [ 399753.814852492359933, 3782174.771108850371093 ] ] ] } },
{ "type": "Feature", "properties": { "confidence": 0.37984517216682434, "class": 1, "regularized": null }, "geometry": { "type": "Polygon", "coordinates": [ [ [ 399795.320447609352414, 3782279.755849440582097 ], [ 399794.710071210574824, 3782279.145473041571677 ], [ 399794.710071210574824, 3782278.840284842532128 ], [ 399793.489318413019646, 3782277.61953204497695 ], [ 399793.489318413019646, 3782277.31434384547174 ], [ 399793.184130213630851, 3782277.00915564596653 ], [ 399793.184130213630851, 3782276.70396744646132 ], [ 399792.573753814853262, 3782276.093591047916561 ], [ 399792.573753814853262, 3782275.178026449866593 ], [ 399796.236012207518797, 3782275.178026449866593 ], [ 399797.456765005073976, 3782276.398779247421771 ], [ 399797.456765005073976, 3782276.70396744646132 ], [ 399797.76195320446277, 3782277.00915564596653 ], [ 399797.76195320446277, 3782278.535096643026918 ], [ 399797.151576805685181, 3782279.145473041571677 ], [ 399797.151576805685181, 3782279.450661241076887 ], [ 399796.846388606296387, 3782279.755849440582097 ], [ 399795.320447609352414, 3782279.755849440582097 ] ] ] } },
{ "type": "Feature", "properties": { "confidence": 0.37275224924087524, "class": 1, "regularized": null }, "geometry": { "type": "Polygon", "coordinates": [ [ [ 399957.375381485268008, 3782231.230925737414509 ], [ 399956.765005086490419, 3782230.62054933886975 ], [ 399956.765005086490419, 3782230.315361139364541 ], [ 399956.459816887101624, 3782230.010172939859331 ], [ 399956.459816887101624, 3782229.399796541314572 ], [ 399955.849440488324035, 3782228.789420142304152 ], [ 399955.54425228893524, 3782228.789420142304152 ], [ 399955.54425228893524, 3782228.484231942798942 ], [ 399955.239064089546446, 3782228.179043743759394 ], [ 399954.933875890157651, 3782228.179043743759394 ], [ 399954.628687690768857, 3782227.873855544254184 ], [ 399954.628687690768857, 3782225.737538148649037 ], [ 399955.54425228893524, 3782224.821973550133407 ], [ 399956.15462868771283, 3782224.821973550133407 ], [ 399956.765005086490419, 3782224.211597151588649 ], [ 399958.290946083434392, 3782224.211597151588649 ], [ 399958.596134282823186, 3782223.906408952083439 ], [ 399958.901322482211981, 3782223.906408952083439 ], [ 399959.206510681600776, 3782224.211597151588649 ], [ 399961.342828077322338, 3782224.211597151588649 ], [ 399961.648016276711132, 3782224.516785351093858 ], [ 399961.953204476099927, 3782224.516785351093858 ], [ 399962.258392675488722, 3782224.821973550133407 ], [ 399962.563580874877516, 3782224.821973550133407 ], [ 399962.868769074266311, 3782225.127161749638617 ], [ 399963.4791454730439, 3782225.127161749638617 ], [ 399963.784333672432695, 3782225.432349949143827 ], [ 399964.699898270599078, 3782225.432349949143827 ], [ 399964.699898270599078, 3782225.737538148649037 ], [ 399965.005086469987873, 3782226.042726347688586 ], [ 399965.005086469987873, 3782227.873855544254184 ], [ 399964.699898270599078, 3782228.179043743759394 ], [ 399964.394710071210284, 3782228.179043743759394 ], [ 399964.089521871821489, 3782228.484231942798942 ], [ 399963.784333672432695, 3782228.484231942798942 ], [ 399962.868769074266311, 3782229.399796541314572 ], [ 399962.563580874877516, 3782229.399796541314572 ], [ 399962.258392675488722, 3782229.704984740819782 ], [ 399961.953204476099927, 3782229.704984740819782 ], [ 399961.648016276711132, 3782230.010172939859331 ], [ 399961.342828077322338, 3782230.010172939859331 ], [ 399960.732451678544749, 3782230.62054933886975 ], [ 399960.427263479155954, 3782230.62054933886975 ], [ 399959.816887080378365, 3782231.230925737414509 ], [ 399957.375381485268008, 3782231.230925737414509 ] ] ] } },
{ "type": "Feature", "properties": { "confidence": 0.36928203701972961, "class": 1, "regularized": null }, "geometry": { "type": "Polygon", "coordinates": [ [ [ 399884.130213631724473, 3781840.895218718331307 ], [ 399883.825025432335678, 3781840.590030518826097 ], [ 399883.214649033558089, 3781840.590030518826097 ], [ 399883.214649033558089, 3781840.284842319320887 ], [ 399882.6042726347805, 3781839.674465920776129 ], [ 399882.6042726347805, 3781839.369277721270919 ], [ 399882.299084435391705, 3781839.064089521765709 ], [ 399882.299084435391705, 3781838.45371312322095 ], [ 399881.993896236002911, 3781838.14852492371574 ], [ 399881.993896236002911, 3781836.927772126160562 ], [ 399882.6042726347805, 3781836.317395727150142 ], [ 399882.6042726347805, 3781836.012207528110594 ], [ 399882.909460834169295, 3781835.707019328605384 ], [ 399883.519837232946884, 3781835.707019328605384 ], [ 399883.825025432335678, 3781835.401831129100174 ], [ 399884.740590030502062, 3781835.401831129100174 ], [ 399885.045778229890857, 3781835.096642929594964 ], [ 399885.350966429279651, 3781835.096642929594964 ], [ 399885.656154628668446, 3781835.401831129100174 ], [ 399886.57171922683483, 3781835.401831129100174 ], [ 399886.876907426223624, 3781835.707019328605384 ], [ 399887.792472024390008, 3781835.707019328605384 ], [ 399887.792472024390008, 3781837.232960325665772 ], [ 399887.487283825001214, 3781837.538148524705321 ], [ 399887.182095625612419, 3781837.538148524705321 ], [ 399885.045778229890857, 3781839.674465920776129 ], [ 399885.045778229890857, 3781840.590030518826097 ], [ 399884.740590030502062, 3781840.895218718331307 ], [ 399884.130213631724473, 3781840.895218718331307 ] ] ] } },
{ "type": "Feature", "properties": { "confidence": 0.36606702208518982, "class": 1, "regularized": null }, "geometry": { "type": "Polygon", "coordinates": [ [ [ 399744.048830111918505, 3781924.516785351093858 ], [ 399743.438453713140916, 3781923.906408952083439 ], [ 399743.438453713140916, 3781923.601220752578229 ], [ 399743.133265513752121, 3781923.29603255353868 ], [ 399743.133265513752121, 3781922.99084435403347 ], [ 399743.438453713140916, 3781922.68565615452826 ], [ 399743.438453713140916, 3781921.159715157467872 ], [ 399743.743641912529711, 3781920.854526958428323 ], [ 399743.743641912529711, 3781920.244150559417903 ], [ 399744.048830111918505, 3781919.938962359912694 ], [ 399744.048830111918505, 3781919.328585961367935 ], [ 399744.659206510696094, 3781919.328585961367935 ], [ 399744.964394710084889, 3781919.023397761862725 ], [ 399745.269582909473684, 3781919.023397761862725 ], [ 399745.574771108862478, 3781918.718209562357515 ], [ 399746.185147507640067, 3781918.718209562357515 ], [ 399746.490335707028862, 3781918.413021363317966 ], [ 399747.405900305195246, 3781918.413021363317966 ], [ 399747.71108850458404, 3781918.107833163812757 ], [ 399750.152594099694397, 3781918.107833163812757 ], [ 399750.152594099694397, 3781921.159715157467872 ], [ 399749.542217700916808, 3781921.159715157467872 ], [ 399749.237029501528013, 3781921.464903356973082 ], [ 399748.931841302139219, 3781921.464903356973082 ], [ 399748.626653102750424, 3781921.770091556478292 ], [ 399748.626653102750424, 3781922.075279755983502 ], [ 399748.32146490336163, 3781922.38046795502305 ], [ 399748.016276703972835, 3781922.38046795502305 ], [ 399747.71108850458404, 3781922.68565615452826 ], [ 399747.71108850458404, 3781922.99084435403347 ], [ 399747.100712105806451, 3781922.99084435403347 ], [ 399746.795523906417657, 3781923.29603255353868 ], [ 399746.795523906417657, 3781923.601220752578229 ], [ 399746.490335707028862, 3781923.601220752578229 ], [ 399745.879959308251273, 3781924.211597151588649 ], [ 399745.269582909473684, 3781924.211597151588649 ], [ 399744.964394710084889, 3781924.516785351093858 ], [ 399744.048830111918505, 3781924.516785351093858 ] ] ] } },
{ "type": "Feature", "properties": { "confidence": 0.3524487316608429, "class": 1, "regularized": null }, "geometry": { "type": "Polygon", "coordinates": [ [ [ 399686.673448626650497, 3782384.435401831287891 ], [ 399686.063072227872908, 3782383.825025432277471 ], [ 399686.063072227872908, 3782380.773143438622355 ], [ 399686.368260427261703, 3782380.467955239117146 ], [ 399686.368260427261703, 3782379.857578840106726 ], [ 399686.978636826039292, 3782379.247202441561967 ], [ 399686.978636826039292, 3782378.942014242056757 ], [ 399687.589013224816881, 3782378.331637843511999 ], [ 399687.894201424205676, 3782378.331637843511999 ], [ 399688.19938962359447, 3782378.026449644006789 ], [ 399690.640895218704827, 3782378.026449644006789 ], [ 399690.946083418093622, 3782378.331637843511999 ], [ 399690.946083418093622, 3782379.247202441561967 ], [ 399690.640895218704827, 3782379.552390641067177 ], [ 399690.640895218704827, 3782379.857578840106726 ], [ 399690.335707019316033, 3782380.162767039611936 ], [ 399690.335707019316033, 3782380.467955239117146 ], [ 399690.030518819927238, 3782380.773143438622355 ], [ 399690.030518819927238, 3782381.078331637661904 ], [ 399689.725330620538443, 3782381.383519837167114 ], [ 399689.725330620538443, 3782381.993896236177534 ], [ 399689.420142421149649, 3782382.299084435217083 ], [ 399689.420142421149649, 3782382.909460834227502 ], [ 399689.114954221760854, 3782383.214649033732712 ], [ 399689.114954221760854, 3782383.519837232772261 ], [ 399688.504577822983265, 3782384.130213631782681 ], [ 399688.19938962359447, 3782384.130213631782681 ], [ 399687.894201424205676, 3782384.435401831287891 ], [ 399686.673448626650497, 3782384.435401831287891 ] ] ] } },
{ "type": "Feature", "properties": { "confidence": 0.34912672638893127, "class": 1, "regularized": null }, "geometry": { "type": "Polygon", "coordinates": [ [ [ 399876.195320447615813, 3782045.98168870806694 ], [ 399875.890132248227019, 3782045.67650050856173 ], [ 399874.974567650060635, 3782045.67650050856173 ], [ 399874.364191251283046, 3782045.066124110016972 ], [ 399874.059003051894251, 3782045.066124110016972 ], [ 399874.059003051894251, 3782044.760935910511762 ], [ 399873.753814852505457, 3782044.455747711006552 ], [ 399873.753814852505457, 3782044.150559511501342 ], [ 399873.448626653116662, 3782043.845371312461793 ], [ 399873.448626653116662, 3782040.793489318341017 ], [ 399875.27975584944943, 3782038.96236012224108 ], [ 399875.890132248227019, 3782038.96236012224108 ], [ 399876.195320447615813, 3782038.65717192273587 ], [ 399880.773143438447732, 3782038.65717192273587 ], [ 399881.383519837225322, 3782038.04679552372545 ], [ 399881.688708036614116, 3782038.04679552372545 ], [ 399882.299084435391705, 3782037.436419125180691 ], [ 399883.825025432335678, 3782037.436419125180691 ], [ 399883.825025432335678, 3782038.35198372323066 ], [ 399883.519837232946884, 3782038.35198372323066 ], [ 399883.214649033558089, 3782038.65717192273587 ], [ 399883.214649033558089, 3782039.572736520785838 ], [ 399882.909460834169295, 3782039.877924720291048 ], [ 399882.909460834169295, 3782040.183112919796258 ], [ 399882.6042726347805, 3782040.183112919796258 ], [ 399882.299084435391705, 3782040.488301118835807 ], [ 399881.993896236002911, 3782040.488301118835807 ], [ 399881.383519837225322, 3782041.098677517846227 ], [ 399881.078331637836527, 3782041.098677517846227 ], [ 399880.773143438447732, 3782041.403865717351437 ], [ 399880.773143438447732, 3782041.709053916390985 ], [ 399880.467955239058938, 3782041.709053916390985 ], [ 399879.857578840281349, 3782042.319430315401405 ], [ 399879.857578840281349, 3782042.624618514906615 ], [ 399877.721261444559786, 3782044.760935910511762 ], [ 399877.721261444559786, 3782045.066124110016972 ], [ 399877.110885045782197, 3782045.67650050856173 ], [ 399876.500508647004608, 3782045.67650050856173 ], [ 399876.195320447615813, 3782045.98168870806694 ] ] ] } },
{ "type": "Feature", "properties": { "confidence": 0.34347820281982422, "class": 1, "regularized": null }, "geometry": { "type": "Polygon", "coordinates": [ [ [ 399952.187182095600292, 3781825.635808748658746 ], [ 399951.881993896211497, 3781825.330620549153537 ], [ 399951.576805696822703, 3781825.330620549153537 ], [ 399951.576805696822703, 3781816.785350966267288 ], [ 399954.018311291991267, 3781816.785350966267288 ], [ 399954.323499491380062, 3781817.090539165772498 ], [ 399954.628687690768857, 3781817.090539165772498 ], [ 399954.933875890157651, 3781817.395727365277708 ], [ 399954.933875890157651, 3781818.616480162832886 ], [ 399955.239064089546446, 3781818.921668362338096 ], [ 399955.239064089546446, 3781819.837232960388064 ], [ 399955.54425228893524, 3781820.142421159893274 ], [ 399955.54425228893524, 3781821.057985757943243 ], [ 399955.849440488324035, 3781821.363173957448453 ], [ 399955.849440488324035, 3781822.278738555498421 ], [ 399956.15462868771283, 3781822.583926755003631 ], [ 399956.15462868771283, 3781825.025432350113988 ], [ 399954.323499491380062, 3781825.025432350113988 ], [ 399954.018311291991267, 3781825.330620549153537 ], [ 399952.797558494377881, 3781825.330620549153537 ], [ 399952.492370294989087, 3781825.635808748658746 ], [ 399952.187182095600292, 3781825.635808748658746 ] ] ] } },
{ "type": "Feature", "properties": { "confidence": 0.34230369329452515, "class": 1, "regularized": null }, "geometry": { "type": "Polygon", "coordinates": [ [ [ 399836.215666327567305, 3782053.306205493398011 ], [ 399835.300101729400922, 3782052.390640895348042 ], [ 399835.605289928789716, 3782052.085452695842832 ], [ 399835.605289928789716, 3782051.169888097792864 ], [ 399835.910478128178511, 3782050.864699898287654 ], [ 399835.910478128178511, 3782050.559511698782444 ], [ 399836.215666327567305, 3782050.254323499277234 ], [ 399836.215666327567305, 3782049.643947100732476 ], [ 399836.5208545269561, 3782049.338758901227266 ], [ 399836.5208545269561, 3782049.033570701722056 ], [ 399836.826042726344895, 3782048.728382502682507 ], [ 399837.131230925733689, 3782048.728382502682507 ], [ 399837.436419125122484, 3782048.423194303177297 ], [ 399837.436419125122484, 3782048.118006103672087 ], [ 399838.046795523900073, 3782048.118006103672087 ], [ 399838.351983723288868, 3782047.812817904166877 ], [ 399838.657171922677662, 3782047.812817904166877 ], [ 399839.267548321455251, 3782047.202441505622119 ], [ 399839.572736520844046, 3782047.202441505622119 ], [ 399839.877924720232841, 3782046.897253306116909 ], [ 399840.183112919621635, 3782047.202441505622119 ], [ 399841.403865717176814, 3782047.202441505622119 ], [ 399842.319430315343197, 3782048.118006103672087 ], [ 399842.319430315343197, 3782048.423194303177297 ], [ 399842.624618514731992, 3782048.728382502682507 ], [ 399842.624618514731992, 3782049.643947100732476 ], [ 399841.098677517788019, 3782051.169888097792864 ], [ 399840.793489318399224, 3782051.169888097792864 ], [ 399840.48830111901043, 3782051.475076296832412 ], [ 399840.183112919621635, 3782051.475076296832412 ], [ 399839.572736520844046, 3782052.085452695842832 ], [ 399838.962360122066457, 3782052.085452695842832 ], [ 399838.351983723288868, 3782052.695829094387591 ], [ 399838.046795523900073, 3782052.695829094387591 ], [ 399837.741607324511278, 3782053.001017293892801 ], [ 399837.436419125122484, 3782053.001017293892801 ], [ 399837.131230925733689, 3782053.306205493398011 ], [ 399836.215666327567305, 3782053.306205493398011 ] ] ] } },
{ "type": "Feature", "properties": { "confidence": 0.32639932632446289, "class": 1, "regularized": null }, "geometry": { "type": "Polygon", "coordinates": [ [ [ 399990.946083418093622, 3781900.10172939999029 ], [ 399990.640895218704827, 3781899.79654120048508 ], [ 399990.030518819927238, 3781899.79654120048508 ], [ 399989.725330620538443, 3781899.491353000979871 ], [ 399989.420142421149649, 3781899.491353000979871 ], [ 399989.114954221760854, 3781899.186164801474661 ], [ 399988.80976602237206, 3781899.186164801474661 ], [ 399988.19938962359447, 3781898.575788402929902 ], [ 399987.894201424205676, 3781898.575788402929902 ], [ 399987.894201424205676, 3781896.744659206364304 ], [ 399987.589013224816881, 3781896.439471007324755 ], [ 399987.589013224816881, 3781894.913530010264367 ], [ 399987.283825025428087, 3781894.608341810759157 ], [ 399987.589013224816881, 3781894.303153611253947 ], [ 399987.589013224816881, 3781893.387589013203979 ], [ 399987.894201424205676, 3781893.082400813698769 ], [ 399990.946083418093622, 3781893.082400813698769 ], [ 399991.251271617482416, 3781893.387589013203979 ], [ 399991.251271617482416, 3781894.303153611253947 ], [ 399992.472024415037595, 3781895.523906408809125 ], [ 399992.777212614426389, 3781895.523906408809125 ], [ 399993.082400813815184, 3781895.829094608314335 ], [ 399993.082400813815184, 3781897.355035605374724 ], [ 399993.387589013203979, 3781897.660223804879934 ], [ 399993.387589013203979, 3781899.186164801474661 ], [ 399993.082400813815184, 3781899.186164801474661 ], [ 399992.777212614426389, 3781899.491353000979871 ], [ 399992.472024415037595, 3781899.491353000979871 ], [ 399992.1668362156488, 3781899.79654120048508 ], [ 399992.1668362156488, 3781900.10172939999029 ], [ 399990.946083418093622, 3781900.10172939999029 ] ] ] } },
{ "type": "Feature", "properties": { "confidence": 0.32102715969085693, "class": 1, "regularized": null }, "geometry": { "type": "Polygon", "coordinates": [ [ [ 399793.184130213630851, 3782141.810783316381276 ], [ 399792.878942014242057, 3782141.505595116876066 ], [ 399792.573753814853262, 3782141.505595116876066 ], [ 399791.353001017298084, 3782140.284842319320887 ], [ 399791.353001017298084, 3782139.369277721270919 ], [ 399791.658189216686878, 3782139.064089521765709 ], [ 399791.658189216686878, 3782136.927772126160562 ], [ 399791.963377416075673, 3782136.622583926655352 ], [ 399791.963377416075673, 3782136.012207528110594 ], [ 399792.268565615464468, 3782135.707019328605384 ], [ 399792.268565615464468, 3782135.401831129100174 ], [ 399792.573753814853262, 3782135.096642929594964 ], [ 399792.573753814853262, 3782134.486266531050205 ], [ 399793.489318413019646, 3782134.486266531050205 ], [ 399794.710071210574824, 3782133.265513733495027 ], [ 399796.236012207518797, 3782133.265513733495027 ], [ 399796.541200406907592, 3782133.570701933000237 ], [ 399797.456765005073976, 3782133.570701933000237 ], [ 399797.76195320446277, 3782133.875890132039785 ], [ 399798.067141403851565, 3782133.875890132039785 ], [ 399799.593082400795538, 3782135.401831129100174 ], [ 399800.203458799573127, 3782135.401831129100174 ], [ 399800.203458799573127, 3782135.707019328605384 ], [ 399799.898270600184333, 3782136.012207528110594 ], [ 399799.898270600184333, 3782137.232960325665772 ], [ 399799.593082400795538, 3782137.538148524705321 ], [ 399799.593082400795538, 3782138.14852492371574 ], [ 399799.287894201406743, 3782138.45371312322095 ], [ 399799.287894201406743, 3782138.758901322260499 ], [ 399798.982706002017949, 3782139.064089521765709 ], [ 399798.677517802629154, 3782139.064089521765709 ], [ 399798.067141403851565, 3782139.674465920776129 ], [ 399797.76195320446277, 3782139.674465920776129 ], [ 399797.456765005073976, 3782139.979654119815677 ], [ 399796.846388606296387, 3782139.979654119815677 ], [ 399796.541200406907592, 3782140.284842319320887 ], [ 399796.541200406907592, 3782140.590030518826097 ], [ 399795.320447609352414, 3782141.810783316381276 ], [ 399793.184130213630851, 3782141.810783316381276 ] ] ] } },
{ "type": "Feature", "properties": { "confidence": 0.30781084299087524, "class": 1, "regularized": null }, "geometry": { "type": "Polygon", "coordinates": [ [ [ 399668.972533062042203, 3782093.896236012224108 ], [ 399668.667344862653408, 3782093.591047812718898 ], [ 399668.056968463875819, 3782093.591047812718898 ], [ 399668.362156663264614, 3782093.285859613213688 ], [ 399668.362156663264614, 3782092.980671414174139 ], [ 399668.667344862653408, 3782092.980671414174139 ], [ 399668.972533062042203, 3782092.67548321466893 ], [ 399668.972533062042203, 3782090.233977619558573 ], [ 399668.667344862653408, 3782089.928789420053363 ], [ 399668.667344862653408, 3782089.623601220548153 ], [ 399668.362156663264614, 3782089.318413021508604 ], [ 399668.362156663264614, 3782088.402848422992975 ], [ 399668.056968463875819, 3782088.097660223953426 ], [ 399667.751780264487024, 3782088.097660223953426 ], [ 399667.751780264487024, 3782087.182095625437796 ], [ 399667.44659206509823, 3782086.876907426398247 ], [ 399669.888097660208587, 3782086.876907426398247 ], [ 399670.498474058986176, 3782087.487283824943006 ], [ 399671.41403865715256, 3782087.487283824943006 ], [ 399672.024415055930149, 3782088.097660223953426 ], [ 399672.329603255318943, 3782088.097660223953426 ], [ 399672.329603255318943, 3782088.708036622498184 ], [ 399672.939979654096533, 3782089.318413021508604 ], [ 399672.939979654096533, 3782090.844354018103331 ], [ 399673.245167853485327, 3782091.149542217608541 ], [ 399673.245167853485327, 3782092.980671414174139 ], [ 399672.939979654096533, 3782093.285859613213688 ], [ 399672.024415055930149, 3782093.285859613213688 ], [ 399671.719226856541354, 3782093.591047812718898 ], [ 399670.80366225837497, 3782093.591047812718898 ], [ 399670.498474058986176, 3782093.896236012224108 ], [ 399668.972533062042203, 3782093.896236012224108 ] ] ] } },
{ "type": "Feature", "properties": { "confidence": 0.29197582602500916, "class": 1, "regularized": null }, "geometry": { "type": "Polygon", "coordinates": [ [ [ 399950.05086469987873, 3781864.394710071384907 ], [ 399949.745676500489935, 3781864.089521871879697 ], [ 399949.440488301101141, 3781864.089521871879697 ], [ 399949.135300101712346, 3781863.784333672374487 ], [ 399948.830111902323551, 3781863.784333672374487 ], [ 399947.609359104768373, 3781862.563580874819309 ], [ 399947.609359104768373, 3781861.34282807726413 ], [ 399947.914547304157168, 3781861.03763987775892 ], [ 399947.914547304157168, 3781860.732451678719372 ], [ 399948.524923702934757, 3781860.122075279708952 ], [ 399948.524923702934757, 3781859.816887080203742 ], [ 399949.440488301101141, 3781858.901322482153773 ], [ 399949.440488301101141, 3781858.596134282648563 ], [ 399949.745676500489935, 3781858.290946083609015 ], [ 399951.271617497433908, 3781858.290946083609015 ], [ 399951.576805696822703, 3781858.596134282648563 ], [ 399951.881993896211497, 3781858.596134282648563 ], [ 399952.492370294989087, 3781859.206510681658983 ], [ 399952.797558494377881, 3781859.206510681658983 ], [ 399953.102746693766676, 3781859.511698881164193 ], [ 399953.40793489315547, 3781859.511698881164193 ], [ 399953.713123092602473, 3781859.816887080203742 ], [ 399954.323499491380062, 3781859.816887080203742 ], [ 399954.323499491380062, 3781860.122075279708952 ], [ 399953.713123092602473, 3781860.732451678719372 ], [ 399953.713123092602473, 3781861.03763987775892 ], [ 399953.40793489315547, 3781861.34282807726413 ], [ 399953.40793489315547, 3781861.64801627676934 ], [ 399953.102746693766676, 3781861.95320447627455 ], [ 399953.102746693766676, 3781862.258392675314099 ], [ 399952.797558494377881, 3781862.563580874819309 ], [ 399952.797558494377881, 3781862.868769074324518 ], [ 399951.576805696822703, 3781864.089521871879697 ], [ 399951.271617497433908, 3781864.089521871879697 ], [ 399950.966429298045114, 3781864.394710071384907 ], [ 399950.05086469987873, 3781864.394710071384907 ] ] ] } },
{ "type": "Feature", "properties": { "confidence": 0.28890928626060486, "class": 1, "regularized": null }, "geometry": { "type": "Polygon", "coordinates": [ [ [ 399983.926754832151346, 3781911.088504577986896 ], [ 399983.926754832151346, 3781910.783316378481686 ], [ 399983.621566632762551, 3781910.478128178976476 ], [ 399983.316378433373757, 3781910.478128178976476 ], [ 399983.316378433373757, 3781909.867751780431718 ], [ 399982.400813835207373, 3781908.952187181916088 ], [ 399982.400813835207373, 3781908.036622583866119 ], [ 399982.706002034596168, 3781907.731434384360909 ], [ 399983.926754832151346, 3781907.731434384360909 ], [ 399984.537131230928935, 3781907.121057985816151 ], [ 399985.452695829095319, 3781907.121057985816151 ], [ 399985.757884028484114, 3781907.426246185321361 ], [ 399986.368260427261703, 3781907.426246185321361 ], [ 399986.978636826039292, 3781908.036622583866119 ], [ 399986.978636826039292, 3781908.341810783371329 ], [ 399987.589013224816881, 3781908.952187181916088 ], [ 399987.589013224816881, 3781909.562563580926508 ], [ 399986.978636826039292, 3781910.172939979471266 ], [ 399986.978636826039292, 3781910.783316378481686 ], [ 399985.757884028484114, 3781910.783316378481686 ], [ 399985.452695829095319, 3781911.088504577986896 ], [ 399983.926754832151346, 3781911.088504577986896 ] ] ] } },
{ "type": "Feature", "properties": { "confidence": 0.28118604421615601, "class": 1, "regularized": null }, "geometry": { "type": "Polygon", "coordinates": [ [ [ 400158.189216683618724, 3781894.608341810759157 ], [ 400157.88402848422993, 3781894.303153611253947 ], [ 400156.052899287897162, 3781894.303153611253947 ], [ 400155.747711088508368, 3781893.997965412214398 ], [ 400155.137334689730778, 3781893.997965412214398 ], [ 400154.221770091564395, 3781893.082400813698769 ], [ 400154.221770091564395, 3781892.47202441515401 ], [ 400162.767039674450643, 3781892.47202441515401 ], [ 400162.767039674450643, 3781893.082400813698769 ], [ 400162.461851475061849, 3781893.082400813698769 ], [ 400162.156663275673054, 3781893.387589013203979 ], [ 400162.156663275673054, 3781894.303153611253947 ], [ 400160.020345879951492, 3781894.303153611253947 ], [ 400159.715157680562697, 3781894.608341810759157 ], [ 400158.189216683618724, 3781894.608341810759157 ] ] ] } },
{ "type": "Feature", "properties": { "confidence": 0.27756726741790771, "class": 1, "regularized": null }, "geometry": { "type": "Polygon", "coordinates": [ [ [ 399777.314343845355324, 3782006.307222787290812 ], [ 399777.00915564596653, 3782006.002034587785602 ], [ 399775.483214649022557, 3782006.002034587785602 ], [ 399775.178026449633762, 3782005.696846388746053 ], [ 399774.567650050856173, 3782005.696846388746053 ], [ 399774.262461851467378, 3782005.391658189240843 ], [ 399774.262461851467378, 3782004.476093591190875 ], [ 399774.567650050856173, 3782004.170905391685665 ], [ 399774.567650050856173, 3782002.950152594130486 ], [ 399774.872838250244968, 3782002.644964394625276 ], [ 399774.872838250244968, 3782002.034587996080518 ], [ 399775.178026449633762, 3782001.729399796575308 ], [ 399775.178026449633762, 3782000.508646999020129 ], [ 399775.483214649022557, 3782000.20345879951492 ], [ 399775.483214649022557, 3781998.067141403909773 ], [ 399775.788402848411351, 3781997.761953204404563 ], [ 399775.788402848411351, 3781996.846388606354594 ], [ 399776.398779247188941, 3781996.846388606354594 ], [ 399776.703967446577735, 3781996.541200406849384 ], [ 399777.00915564596653, 3781996.541200406849384 ], [ 399777.314343845355324, 3781996.846388606354594 ], [ 399777.924720244132914, 3781996.846388606354594 ], [ 399778.229908443521708, 3781997.151576805859804 ], [ 399778.229908443521708, 3781997.761953204404563 ], [ 399778.535096642910503, 3781998.067141403909773 ], [ 399778.535096642910503, 3781998.372329603414983 ], [ 399779.755849440465681, 3781999.593082400970161 ], [ 399779.755849440465681, 3782001.119023397564888 ], [ 399779.450661241076887, 3782001.424211597070098 ], [ 399779.450661241076887, 3782003.865717192180455 ], [ 399779.145473041688092, 3782004.170905391685665 ], [ 399779.145473041688092, 3782005.696846388746053 ], [ 399778.840284842299297, 3782006.002034587785602 ], [ 399778.840284842299297, 3782006.307222787290812 ], [ 399777.314343845355324, 3782006.307222787290812 ] ] ] } },
{ "type": "Feature", "properties": { "confidence": 0.27698338031768799, "class": 1, "regularized": null }, "geometry": { "type": "Polygon", "coordinates": [ [ [ 399724.821973550366238, 3782210.783316378481686 ], [ 399724.211597151588649, 3782210.172939979471266 ], [ 399723.601220752811059, 3782210.172939979471266 ], [ 399723.296032553422265, 3782209.867751780431718 ], [ 399722.685656154644676, 3782209.867751780431718 ], [ 399722.075279755867086, 3782209.257375381421298 ], [ 399722.075279755867086, 3782208.646998982876539 ], [ 399721.770091556478292, 3782208.341810783371329 ], [ 399721.770091556478292, 3782206.815869786310941 ], [ 399721.464903357089497, 3782206.510681586805731 ], [ 399721.464903357089497, 3782206.205493387766182 ], [ 399721.159715157700703, 3782205.900305188260972 ], [ 399721.159715157700703, 3782204.679552390705794 ], [ 399720.854526958311908, 3782204.374364191200584 ], [ 399721.464903357089497, 3782203.763987792655826 ], [ 399722.99084435403347, 3782203.763987792655826 ], [ 399723.296032553422265, 3782203.458799593150616 ], [ 399726.042726347921416, 3782203.458799593150616 ], [ 399726.9582909460878, 3782204.374364191200584 ], [ 399726.9582909460878, 3782204.679552390705794 ], [ 399727.568667344865389, 3782205.289928789250553 ], [ 399727.873855544254184, 3782205.289928789250553 ], [ 399727.873855544254184, 3782205.900305188260972 ], [ 399728.179043743642978, 3782206.205493387766182 ], [ 399728.179043743642978, 3782208.036622583866119 ], [ 399728.484231943031773, 3782208.341810783371329 ], [ 399728.484231943031773, 3782208.646998982876539 ], [ 399728.179043743642978, 3782208.952187181916088 ], [ 399728.179043743642978, 3782209.562563580926508 ], [ 399727.873855544254184, 3782209.867751780431718 ], [ 399727.568667344865389, 3782209.867751780431718 ], [ 399726.9582909460878, 3782210.478128178976476 ], [ 399726.653102746699005, 3782210.478128178976476 ], [ 399726.347914547310211, 3782210.783316378481686 ], [ 399724.821973550366238, 3782210.783316378481686 ] ] ] } },
{ "type": "Feature", "properties": { "confidence": 0.27358895540237427, "class": 1, "regularized": null }, "geometry": { "type": "Polygon", "coordinates": [ [ [ 400074.262461851467378, 3782197.965412003919482 ], [ 400073.957273652078584, 3782197.660223804879934 ], [ 400073.346897253300995, 3782197.660223804879934 ], [ 400073.0417090539122, 3782197.355035605374724 ], [ 400072.736520854523405, 3782197.355035605374724 ], [ 400072.736520854523405, 3782196.744659206364304 ], [ 400072.431332655134611, 3782196.439471007324755 ], [ 400072.126144455745816, 3782196.439471007324755 ], [ 400072.126144455745816, 3782195.829094608314335 ], [ 400071.820956256357022, 3782195.523906408809125 ], [ 400071.820956256357022, 3782191.251271617598832 ], [ 400072.126144455745816, 3782190.946083418093622 ], [ 400072.126144455745816, 3782190.335707019548863 ], [ 400073.0417090539122, 3782189.420142421033233 ], [ 400073.652085452689789, 3782189.420142421033233 ], [ 400073.957273652078584, 3782189.114954221993685 ], [ 400074.872838250244968, 3782189.114954221993685 ], [ 400075.178026449633762, 3782188.809766022488475 ], [ 400075.788402848411351, 3782188.809766022488475 ], [ 400076.093591047800146, 3782188.504577822983265 ], [ 400077.619532044744119, 3782188.504577822983265 ], [ 400077.924720244132914, 3782188.199389623478055 ], [ 400078.229908443521708, 3782188.504577822983265 ], [ 400078.840284842299297, 3782188.504577822983265 ], [ 400079.145473041688092, 3782188.809766022488475 ], [ 400079.145473041688092, 3782193.997965412214398 ], [ 400078.840284842299297, 3782194.303153611253947 ], [ 400078.840284842299297, 3782194.608341810759157 ], [ 400078.229908443521708, 3782195.218718209769577 ], [ 400078.229908443521708, 3782195.523906408809125 ], [ 400077.314343845355324, 3782196.439471007324755 ], [ 400077.00915564596653, 3782196.439471007324755 ], [ 400076.093591047800146, 3782197.355035605374724 ], [ 400075.788402848411351, 3782197.355035605374724 ], [ 400075.483214649022557, 3782197.660223804879934 ], [ 400074.567650050856173, 3782197.660223804879934 ], [ 400074.262461851467378, 3782197.965412003919482 ] ] ] } },
{ "type": "Feature", "properties": { "confidence": 0.26743799448013306, "class": 1, "regularized": null }, "geometry": { "type": "Polygon", "coordinates": [ [ [ 400033.672431332641281, 3781880.874872838146985 ], [ 400033.062054933863692, 3781880.264496439602226 ], [ 400033.062054933863692, 3781879.959308240097016 ], [ 400032.756866734474897, 3781879.654120040591806 ], [ 400032.756866734474897, 3781877.212614445481449 ], [ 400033.062054933863692, 3781876.907426245976239 ], [ 400033.062054933863692, 3781876.297049847431481 ], [ 400033.367243133252487, 3781875.991861647926271 ], [ 400033.367243133252487, 3781874.771108850371093 ], [ 400035.503560528974049, 3781874.771108850371093 ], [ 400036.113936927751638, 3781875.381485249381512 ], [ 400036.113936927751638, 3781875.686673448421061 ], [ 400036.419125127140433, 3781875.991861647926271 ], [ 400036.419125127140433, 3781879.348931841086596 ], [ 400036.113936927751638, 3781879.654120040591806 ], [ 400035.808748728362843, 3781879.654120040591806 ], [ 400034.89318413019646, 3781880.569684638641775 ], [ 400034.28280773141887, 3781880.569684638641775 ], [ 400033.977619532030076, 3781880.874872838146985 ], [ 400033.672431332641281, 3781880.874872838146985 ] ] ] } },
{ "type": "Feature", "properties": { "confidence": 0.26583635807037354, "class": 1, "regularized": null }, "geometry": { "type": "Polygon", "coordinates": [ [ [ 400010.783316378423478, 3781984.3336724312976 ], [ 400010.478128179034684, 3781984.02848423179239 ], [ 400006.815869786369149, 3781984.02848423179239 ], [ 400006.510681586980354, 3781983.723296032752842 ], [ 400005.59511698881397, 3781983.723296032752842 ], [ 400004.984740590036381, 3781983.112919633742422 ], [ 400004.984740590036381, 3781982.807731434237212 ], [ 400004.679552390647586, 3781982.502543235197663 ], [ 400004.984740590036381, 3781982.197355035692453 ], [ 400004.984740590036381, 3781981.586978636682034 ], [ 400004.679552390647586, 3781981.281790437642485 ], [ 400004.679552390647586, 3781980.061037640087306 ], [ 400004.984740590036381, 3781979.755849440582097 ], [ 400004.984740590036381, 3781979.450661241076887 ], [ 400005.289928789425176, 3781979.450661241076887 ], [ 400005.59511698881397, 3781979.145473041571677 ], [ 400005.900305188202765, 3781979.145473041571677 ], [ 400006.510681586980354, 3781978.535096643026918 ], [ 400006.510681586980354, 3781977.61953204497695 ], [ 400006.815869786369149, 3781977.31434384547174 ], [ 400006.815869786369149, 3781977.00915564596653 ], [ 400007.121057985757943, 3781976.70396744646132 ], [ 400010.172939979645889, 3781976.70396744646132 ], [ 400010.478128179034684, 3781977.00915564596653 ], [ 400012.004069175978657, 3781977.00915564596653 ], [ 400012.309257375367451, 3781976.70396744646132 ], [ 400013.835198372311424, 3781976.70396744646132 ], [ 400014.140386571700219, 3781977.00915564596653 ], [ 400015.055951169866603, 3781977.00915564596653 ], [ 400015.666327568644192, 3781977.61953204497695 ], [ 400015.666327568644192, 3781977.924720244016498 ], [ 400015.971515768032987, 3781978.229908443521708 ], [ 400016.276703967421781, 3781978.229908443521708 ], [ 400016.276703967421781, 3781978.535096643026918 ], [ 400017.192268565588165, 3781979.450661241076887 ], [ 400017.192268565588165, 3781980.976602238137275 ], [ 400017.49745676497696, 3781981.281790437642485 ], [ 400017.49745676497696, 3781982.807731434237212 ], [ 400017.192268565588165, 3781983.112919633742422 ], [ 400017.192268565588165, 3781983.418107833247632 ], [ 400016.581892166810576, 3781984.02848423179239 ], [ 400015.666327568644192, 3781984.02848423179239 ], [ 400015.361139369255397, 3781984.3336724312976 ], [ 400010.783316378423478, 3781984.3336724312976 ] ] ] } },
{ "type": "Feature", "properties": { "confidence": 0.26225775480270386, "class": 1, "regularized": null }, "geometry": { "type": "Polygon", "coordinates": [ [ [ 399842.014242115954403, 3782013.631739572621882 ], [ 399841.709053916565608, 3782013.326551373116672 ], [ 399841.098677517788019, 3782013.326551373116672 ], [ 399840.793489318399224, 3782013.021363174077123 ], [ 399840.793489318399224, 3782012.716174974571913 ], [ 399839.572736520844046, 3782011.495422177016735 ], [ 399839.572736520844046, 3782010.274669379461557 ], [ 399849.033570701954886, 3782010.274669379461557 ], [ 399849.033570701954886, 3782010.885045778006315 ], [ 399848.728382502566092, 3782011.190233977511525 ], [ 399848.728382502566092, 3782011.495422177016735 ], [ 399848.118006103788503, 3782012.105798575561494 ], [ 399847.507629705010913, 3782012.105798575561494 ], [ 399847.202441505622119, 3782012.410986775066704 ], [ 399846.897253306233324, 3782012.410986775066704 ], [ 399846.59206510684453, 3782012.716174974571913 ], [ 399846.286876907397527, 3782012.716174974571913 ], [ 399845.981688708008733, 3782013.021363174077123 ], [ 399845.676500508619938, 3782013.021363174077123 ], [ 399845.371312309231143, 3782013.326551373116672 ], [ 399844.760935910453554, 3782013.326551373116672 ], [ 399844.45574771106476, 3782013.631739572621882 ], [ 399842.014242115954403, 3782013.631739572621882 ] ] ] } },
{ "type": "Feature", "properties": { "confidence": 0.26143807172775269, "class": 1, "regularized": null }, "geometry": { "type": "Polygon", "coordinates": [ [ [ 400106.917599186184816, 3782010.274669379461557 ], [ 400106.612410986796021, 3782009.969481179956347 ], [ 400106.307222787407227, 3782009.969481179956347 ], [ 400106.307222787407227, 3782009.359104781411588 ], [ 400106.002034588018432, 3782009.053916581906378 ], [ 400106.002034588018432, 3782005.696846388746053 ], [ 400106.307222787407227, 3782005.391658189240843 ], [ 400106.307222787407227, 3782003.560528992675245 ], [ 400106.612410986796021, 3782003.560528992675245 ], [ 400106.917599186184816, 3782003.255340793635696 ], [ 400107.527975584962405, 3782003.255340793635696 ], [ 400107.527975584962405, 3782010.274669379461557 ], [ 400106.917599186184816, 3782010.274669379461557 ] ] ] } },
{ "type": "Feature", "properties": { "confidence": 0.25710219144821167, "class": 1, "regularized": null }, "geometry": { "type": "Polygon", "coordinates": [ [ [ 400074.262461851467378, 3782356.968463886063546 ], [ 400073.652085452689789, 3782356.358087487053126 ], [ 400073.652085452689789, 3782356.052899288013577 ], [ 400073.346897253300995, 3782355.747711088508368 ], [ 400073.346897253300995, 3782355.442522889003158 ], [ 400073.0417090539122, 3782355.137334689497948 ], [ 400073.0417090539122, 3782354.526958290953189 ], [ 400072.736520854523405, 3782354.221770091447979 ], [ 400072.736520854523405, 3782348.728382502682507 ], [ 400073.0417090539122, 3782348.728382502682507 ], [ 400073.957273652078584, 3782347.812817904166877 ], [ 400074.262461851467378, 3782347.812817904166877 ], [ 400074.567650050856173, 3782347.507629705127329 ], [ 400074.567650050856173, 3782347.202441505622119 ], [ 400075.178026449633762, 3782347.202441505622119 ], [ 400075.483214649022557, 3782346.897253306116909 ], [ 400076.093591047800146, 3782346.897253306116909 ], [ 400076.703967446577735, 3782346.28687690757215 ], [ 400078.535096642910503, 3782346.28687690757215 ], [ 400078.840284842299297, 3782345.98168870806694 ], [ 400080.061037639854476, 3782345.98168870806694 ], [ 400080.36622583924327, 3782345.67650050856173 ], [ 400080.671414038632065, 3782345.67650050856173 ], [ 400080.97660223802086, 3782345.98168870806694 ], [ 400080.97660223802086, 3782346.592065106611699 ], [ 400081.281790437409654, 3782346.897253306116909 ], [ 400081.281790437409654, 3782347.202441505622119 ], [ 400082.197355035634246, 3782348.118006103672087 ], [ 400082.197355035634246, 3782348.423194303177297 ], [ 400082.807731434411835, 3782349.033570701722056 ], [ 400082.807731434411835, 3782351.780264496337622 ], [ 400083.11291963380063, 3782352.085452695842832 ], [ 400083.11291963380063, 3782353.001017293892801 ], [ 400082.807731434411835, 3782353.306205493398011 ], [ 400082.807731434411835, 3782354.526958290953189 ], [ 400081.892166836187243, 3782355.442522889003158 ], [ 400081.892166836187243, 3782355.747711088508368 ], [ 400081.281790437409654, 3782355.747711088508368 ], [ 400080.97660223802086, 3782356.052899288013577 ], [ 400080.36622583924327, 3782356.052899288013577 ], [ 400080.061037639854476, 3782356.358087487053126 ], [ 400079.450661241076887, 3782356.358087487053126 ], [ 400079.145473041688092, 3782356.663275686558336 ], [ 400077.00915564596653, 3782356.663275686558336 ], [ 400076.703967446577735, 3782356.968463886063546 ], [ 400074.262461851467378, 3782356.968463886063546 ] ] ] } },
{ "type": "Feature", "properties": { "confidence": 0.25668001174926758, "class": 1, "regularized": null }, "geometry": { "type": "Polygon", "coordinates": [ [ [ 399909.766022380441427, 3782130.21363173937425 ], [ 399909.460834181052633, 3782129.908443540334702 ], [ 399909.155645981663838, 3782129.908443540334702 ], [ 399908.850457782275043, 3782129.603255340829492 ], [ 399908.850457782275043, 3782129.298067141324282 ], [ 399908.545269582886249, 3782128.992878941819072 ], [ 399908.545269582886249, 3782128.687690742779523 ], [ 399908.240081383497454, 3782128.382502543274313 ], [ 399908.240081383497454, 3782127.466937945224345 ], [ 399907.93489318410866, 3782127.161749745719135 ], [ 399907.93489318410866, 3782124.720244150608778 ], [ 399908.545269582886249, 3782124.109867751598358 ], [ 399908.545269582886249, 3782123.80467955255881 ], [ 399909.155645981663838, 3782123.19430315354839 ], [ 399909.460834181052633, 3782123.19430315354839 ], [ 399909.766022380441427, 3782123.4994913530536 ], [ 399910.071210579830222, 3782123.4994913530536 ], [ 399910.071210579830222, 3782123.80467955255881 ], [ 399910.376398779219016, 3782124.109867751598358 ], [ 399910.376398779219016, 3782124.415055951103568 ], [ 399910.681586978607811, 3782124.720244150608778 ], [ 399910.681586978607811, 3782125.025432350113988 ], [ 399910.986775178054813, 3782125.330620549153537 ], [ 399910.986775178054813, 3782125.940996948163956 ], [ 399911.291963377443608, 3782126.246185147669166 ], [ 399911.291963377443608, 3782128.382502543274313 ], [ 399910.986775178054813, 3782128.687690742779523 ], [ 399910.986775178054813, 3782129.603255340829492 ], [ 399910.376398779219016, 3782130.21363173937425 ], [ 399909.766022380441427, 3782130.21363173937425 ] ] ] } },
{ "type": "Feature", "properties": { "confidence": 0.25373697280883789, "class": 1, "regularized": null }, "geometry": { "type": "Polygon", "coordinates": [ [ [ 400048.626653102750424, 3782290.132248219568282 ], [ 400048.626653102750424, 3782289.827060020528734 ], [ 400048.016276703972835, 3782289.216683621518314 ], [ 400048.016276703972835, 3782287.690742624457926 ], [ 400048.32146490336163, 3782287.385554425418377 ], [ 400048.32146490336163, 3782287.080366225913167 ], [ 400048.626653102750424, 3782286.775178026407957 ], [ 400048.931841302139219, 3782286.775178026407957 ], [ 400049.237029501528013, 3782286.469989826902747 ], [ 400049.237029501528013, 3782286.164801627863199 ], [ 400049.542217700916808, 3782285.859613428357989 ], [ 400051.068158697860781, 3782285.859613428357989 ], [ 400051.983723296027165, 3782286.775178026407957 ], [ 400051.983723296027165, 3782287.385554425418377 ], [ 400052.28891149541596, 3782287.690742624457926 ], [ 400051.983723296027165, 3782287.995930823963135 ], [ 400051.983723296027165, 3782288.301119023468345 ], [ 400051.67853509663837, 3782288.606307222973555 ], [ 400051.67853509663837, 3782288.911495422013104 ], [ 400050.762970498471987, 3782289.827060020528734 ], [ 400050.152594099694397, 3782289.827060020528734 ], [ 400049.847405900305603, 3782290.132248219568282 ], [ 400048.626653102750424, 3782290.132248219568282 ] ] ] } }
]
}
