{
"type": "FeatureCollection",
"name": "cell_00414_pre",
"crs": { "type": "name", "properties": { "name": "urn:ogc:def:crs:EPSG::32611" } },
"features": [
{ "type": "Feature", "properties": { "confidence": 0.999855637550354, "class": 1, "regularized": "rectangle" }, "geometry": { "type": "Polygon", "coordinates": [ [ [ 398833.375, 3780892.5 ], [ 398845.875, 3780892.5 ], [ 398845.875, 3780904.5 ], [ 398833.375, 3780904.5 ], [ 398833.375, 3780892.5 ] ] ] } },
{ "type": "Feature", "properties": { "confidence": 0.99966633319854736, "class": 1, "regularized": null }, "geometry": { "type": "Polygon", "coordinates": [ [ [ 398549.847405900305603, 3780757.782299084588885 ], [ 398549.542217700916808, 3780757.477110885083675 ], [ 398548.016276703972835, 3780757.477110885083675 ], [ 398547.100712105806451, 3780756.561546287033707 ], [ 398547.100712105806451, 3780749.847405900247395 ], [ 398547.405900305195246, 3780749.542217700742185 ], [ 398547.71108850458404, 3780749.847405900247395 ], [ 398549.237029501528013, 3780749.847405900247395 ], [ 398549.542217700916808, 3780749.542217700742185 ], [ 398555.951169888081495, 3780749.542217700742185 ], [ 398555.951169888081495, 3780754.12004069192335 ], [ 398555.6459816886927, 3780754.12004069192335 ], [ 398555.340793489303906, 3780754.425228890962899 ], [ 398555.340793489303906, 3780756.866734486073256 ], [ 398555.6459816886927, 3780757.171922685578465 ], [ 398555.951169888081495, 3780757.171922685578465 ], [ 398555.951169888081495, 3780757.477110885083675 ], [ 398555.6459816886927, 3780757.477110885083675 ], [ 398555.340793489303906, 3780757.782299084588885 ], [ 398549.847405900305603, 3780757.782299084588885 ] ] ] } },
{ "type": "Feature", "properties": { "confidence": 0.99963903427124023, "class": 1, "regularized": null }, "geometry": { "type": "Polygon", "coordinates": [ [ [ 398884.333672431355808, 3781133.468972533009946 ], [ 398884.028484231967013, 3781133.163784333504736 ], [ 398883.723296032578219, 3781133.163784333504736 ], [ 398883.723296032578219, 3781131.943031535949558 ], [ 398883.418107833189424, 3781131.637843336910009 ], [ 398883.418107833189424, 3781131.02746693789959 ], [ 398883.11291963380063, 3781130.72227873839438 ], [ 398883.11291963380063, 3781130.111902339849621 ], [ 398882.807731434411835, 3781129.806714140344411 ], [ 398882.807731434411835, 3781124.923702950123698 ], [ 398883.418107833189424, 3781124.313326551578939 ], [ 398890.742624618520495, 3781124.313326551578939 ], [ 398890.742624618520495, 3781124.618514750618488 ], [ 398891.047812817909289, 3781124.923702950123698 ], [ 398891.047812817909289, 3781128.280773143284023 ], [ 398891.658189216686878, 3781128.891149542294443 ], [ 398892.878942014242057, 3781128.891149542294443 ], [ 398893.184130213630851, 3781129.196337741799653 ], [ 398893.184130213630851, 3781132.553407934959978 ], [ 398892.573753814853262, 3781133.163784333504736 ], [ 398888.301119023410138, 3781133.163784333504736 ], [ 398887.995930824021343, 3781132.858596134465188 ], [ 398886.46998982707737, 3781132.858596134465188 ], [ 398886.164801627688576, 3781133.163784333504736 ], [ 398885.859613428299781, 3781133.163784333504736 ], [ 398885.554425228910986, 3781133.468972533009946 ], [ 398884.333672431355808, 3781133.468972533009946 ] ] ] } },
{ "type": "Feature", "properties": { "confidence": 0.99951589107513428, "class": 1, "regularized": "rectangle" }, "geometry": { "type": "Polygon", "coordinates": [ [ [ 398876.09375, 3780817.5 ], [ 398888.90625, 3780817.5 ], [ 398888.90625, 3780829.5 ], [ 398876.09375, 3780829.5 ], [ 398876.09375, 3780817.5 ] ] ] } },
{ "type": "Feature", "properties": { "confidence": 0.99947959184646606, "class": 1, "regularized": null }, "geometry": { "type": "Polygon", "coordinates": [ [ [ 398547.71108850458404, 3780708.036622583866119 ], [ 398547.405900305195246, 3780707.731434384360909 ], [ 398545.879959308251273, 3780707.731434384360909 ], [ 398545.574771108862478, 3780707.426246185321361 ], [ 398545.269582909473684, 3780707.426246185321361 ], [ 398544.659206510696094, 3780706.815869786310941 ], [ 398544.659206510696094, 3780704.679552390705794 ], [ 398544.964394710084889, 3780704.374364191200584 ], [ 398544.964394710084889, 3780704.069175991695374 ], [ 398545.269582909473684, 3780703.763987792655826 ], [ 398545.269582909473684, 3780703.458799593150616 ], [ 398545.574771108862478, 3780703.458799593150616 ], [ 398546.185147507640067, 3780702.848423194140196 ], [ 398546.185147507640067, 3780702.238046795595437 ], [ 398546.490335707028862, 3780702.238046795595437 ], [ 398546.795523906417657, 3780701.932858596090227 ], [ 398547.405900305195246, 3780701.932858596090227 ], [ 398547.71108850458404, 3780702.238046795595437 ], [ 398548.32146490336163, 3780702.238046795595437 ], [ 398548.626653102750424, 3780702.543234995100647 ], [ 398548.626653102750424, 3780702.848423194140196 ], [ 398549.237029501528013, 3780703.458799593150616 ], [ 398549.542217700916808, 3780703.458799593150616 ], [ 398550.152594099694397, 3780704.069175991695374 ], [ 398550.457782299083192, 3780704.069175991695374 ], [ 398550.762970498471987, 3780704.374364191200584 ], [ 398551.068158697860781, 3780704.374364191200584 ], [ 398551.67853509663837, 3780704.984740590211004 ], [ 398551.67853509663837, 3780707.121057985816151 ], [ 398551.373346897249576, 3780707.121057985816151 ], [ 398551.068158697860781, 3780707.426246185321361 ], [ 398550.457782299083192, 3780707.426246185321361 ], [ 398550.152594099694397, 3780707.731434384360909 ], [ 398549.237029501528013, 3780707.731434384360909 ], [ 398548.931841302139219, 3780708.036622583866119 ], [ 398547.71108850458404, 3780708.036622583866119 ] ] ] } },
{ "type": "Feature", "properties": { "confidence": 0.99941015243530273, "class": 1, "regularized": null }, "geometry": { "type": "Polygon", "coordinates": [ [ [ 398786.063072227872908, 3781073.041709053795785 ], [ 398785.757884028484114, 3781072.736520854756236 ], [ 398781.485249237040989, 3781072.736520854756236 ], [ 398781.180061037652194, 3781072.431332655251026 ], [ 398780.8748728382634, 3781072.431332655251026 ], [ 398780.569684638874605, 3781072.126144455745816 ], [ 398780.569684638874605, 3781066.632756866514683 ], [ 398780.264496439485811, 3781066.327568667475134 ], [ 398780.569684638874605, 3781066.022380467969924 ], [ 398780.569684638874605, 3781064.496439470909536 ], [ 398780.8748728382634, 3781064.496439470909536 ], [ 398781.180061037652194, 3781064.191251271404326 ], [ 398783.621566632762551, 3781064.191251271404326 ], [ 398783.926754832151346, 3781063.886063072364777 ], [ 398788.504577822983265, 3781063.886063072364777 ], [ 398788.80976602237206, 3781063.580874872859567 ], [ 398789.114954221760854, 3781063.580874872859567 ], [ 398789.420142421149649, 3781063.275686673354357 ], [ 398790.335707019316033, 3781063.275686673354357 ], [ 398790.335707019316033, 3781073.041709053795785 ], [ 398786.063072227872908, 3781073.041709053795785 ] ] ] } },
{ "type": "Feature", "properties": { "confidence": 0.99923038482666016, "class": 1, "regularized": null }, "geometry": { "type": "Polygon", "coordinates": [ [ [ 398902.034587995905895, 3780883.214649033732712 ], [ 398901.7293997965171, 3780882.909460834227502 ], [ 398900.203458799573127, 3780882.909460834227502 ], [ 398899.898270600184333, 3780882.604272634722292 ], [ 398899.287894201406743, 3780882.604272634722292 ], [ 398898.982706002017949, 3780882.299084435217083 ], [ 398898.37232960324036, 3780882.299084435217083 ], [ 398898.067141403851565, 3780881.993896236177534 ], [ 398898.067141403851565, 3780881.688708036672324 ], [ 398897.76195320446277, 3780881.383519837167114 ], [ 398897.76195320446277, 3780881.078331637661904 ], [ 398898.067141403851565, 3780880.773143438622355 ], [ 398898.067141403851565, 3780879.247202441561967 ], [ 398898.677517802629154, 3780878.636826042551547 ], [ 398898.677517802629154, 3780878.331637843511999 ], [ 398899.593082400795538, 3780877.416073244996369 ], [ 398899.593082400795538, 3780877.11088504595682 ], [ 398899.898270600184333, 3780876.80569684645161 ], [ 398900.508646998961922, 3780876.80569684645161 ], [ 398900.813835198350716, 3780876.5005086469464 ], [ 398904.476093591074459, 3780876.5005086469464 ], [ 398904.781281790463254, 3780876.80569684645161 ], [ 398905.086469989852048, 3780876.80569684645161 ], [ 398905.086469989852048, 3780877.11088504595682 ], [ 398905.391658189240843, 3780877.416073244996369 ], [ 398905.391658189240843, 3780878.331637843511999 ], [ 398905.696846388629638, 3780878.636826042551547 ], [ 398905.696846388629638, 3780881.383519837167114 ], [ 398905.086469989852048, 3780881.993896236177534 ], [ 398904.781281790463254, 3780881.993896236177534 ], [ 398903.86571719229687, 3780882.909460834227502 ], [ 398902.339776195294689, 3780882.909460834227502 ], [ 398902.034587995905895, 3780883.214649033732712 ] ] ] } },
{ "type": "Feature", "properties": { "confidence": 0.99917620420455933, "class": 1, "regularized": null }, "geometry": { "type": "Polygon", "coordinates": [ [ [ 398783.621566632762551, 3781039.165818921755999 ], [ 398783.316378433373757, 3781038.860630722250789 ], [ 398779.959308240097016, 3781038.860630722250789 ], [ 398779.654120040708221, 3781038.555442522745579 ], [ 398779.348931841319427, 3781038.555442522745579 ], [ 398779.348931841319427, 3781038.250254323706031 ], [ 398779.043743641930632, 3781037.945066124200821 ], [ 398779.043743641930632, 3781036.113936927635223 ], [ 398779.348931841319427, 3781035.808748728595674 ], [ 398779.348931841319427, 3781031.536113936919719 ], [ 398779.959308240097016, 3781030.92573753837496 ], [ 398780.264496439485811, 3781030.92573753837496 ], [ 398780.569684638874605, 3781030.62054933886975 ], [ 398781.180061037652194, 3781030.62054933886975 ], [ 398781.485249237040989, 3781030.315361139364541 ], [ 398785.147507629706524, 3781030.315361139364541 ], [ 398785.452695829095319, 3781030.62054933886975 ], [ 398786.978636826039292, 3781030.62054933886975 ], [ 398787.283825025428087, 3781030.92573753837496 ], [ 398787.894201424205676, 3781030.92573753837496 ], [ 398787.894201424205676, 3781031.536113936919719 ], [ 398788.19938962359447, 3781031.841302136424929 ], [ 398788.504577822983265, 3781031.841302136424929 ], [ 398788.19938962359447, 3781032.146490335930139 ], [ 398788.19938962359447, 3781033.367243133485317 ], [ 398788.504577822983265, 3781033.672431332524866 ], [ 398788.504577822983265, 3781033.977619532030076 ], [ 398788.80976602237206, 3781034.282807731535286 ], [ 398788.80976602237206, 3781035.198372329585254 ], [ 398788.504577822983265, 3781035.503560529090464 ], [ 398788.504577822983265, 3781036.724313326645643 ], [ 398788.19938962359447, 3781037.029501526150852 ], [ 398788.19938962359447, 3781037.334689725190401 ], [ 398787.589013224816881, 3781037.945066124200821 ], [ 398787.589013224816881, 3781038.250254323706031 ], [ 398787.283825025428087, 3781038.250254323706031 ], [ 398786.978636826039292, 3781038.555442522745579 ], [ 398786.673448626650497, 3781038.555442522745579 ], [ 398786.368260427261703, 3781038.860630722250789 ], [ 398786.063072227872908, 3781038.860630722250789 ], [ 398785.757884028484114, 3781039.165818921755999 ], [ 398783.621566632762551, 3781039.165818921755999 ] ] ] } },
{ "type": "Feature", "properties": { "confidence": 0.99907088279724121, "class": 1, "regularized": null }, "geometry": { "type": "Polygon", "coordinates": [ [ [ 398598.067141403851565, 3781150.254323499277234 ], [ 398597.76195320446277, 3781149.949135300237685 ], [ 398592.573753814853262, 3781149.949135300237685 ], [ 398592.268565615464468, 3781149.643947100732476 ], [ 398591.658189216686878, 3781149.643947100732476 ], [ 398591.658189216686878, 3781148.423194303177297 ], [ 398591.353001017298084, 3781148.118006103672087 ], [ 398591.353001017298084, 3781146.28687690757215 ], [ 398591.658189216686878, 3781145.98168870806694 ], [ 398591.658189216686878, 3781145.67650050856173 ], [ 398591.963377416075673, 3781145.67650050856173 ], [ 398592.268565615464468, 3781145.37131230905652 ], [ 398592.573753814853262, 3781145.37131230905652 ], [ 398592.878942014242057, 3781145.066124110016972 ], [ 398593.184130213630851, 3781145.066124110016972 ], [ 398593.794506612408441, 3781144.455747711006552 ], [ 398596.541200406907592, 3781144.455747711006552 ], [ 398596.846388606296387, 3781144.760935910511762 ], [ 398597.151576805685181, 3781144.760935910511762 ], [ 398597.456765005073976, 3781145.066124110016972 ], [ 398597.76195320446277, 3781145.066124110016972 ], [ 398598.067141403851565, 3781145.37131230905652 ], [ 398600.203458799573127, 3781145.37131230905652 ], [ 398600.813835198350716, 3781145.98168870806694 ], [ 398600.813835198350716, 3781146.28687690757215 ], [ 398600.508646998961922, 3781146.592065106611699 ], [ 398600.508646998961922, 3781147.507629705127329 ], [ 398600.203458799573127, 3781147.812817904166877 ], [ 398600.203458799573127, 3781148.118006103672087 ], [ 398599.898270600184333, 3781148.423194303177297 ], [ 398599.898270600184333, 3781148.728382502682507 ], [ 398599.593082400795538, 3781149.033570701722056 ], [ 398599.593082400795538, 3781149.338758901227266 ], [ 398599.287894201406743, 3781149.643947100732476 ], [ 398599.287894201406743, 3781149.949135300237685 ], [ 398598.982706002017949, 3781150.254323499277234 ], [ 398598.067141403851565, 3781150.254323499277234 ] ] ] } },
{ "type": "Feature", "properties": { "confidence": 0.99898463487625122, "class": 1, "regularized": null }, "geometry": { "type": "Polygon", "coordinates": [ [ [ 398580.97660223802086, 3780848.118006103672087 ], [ 398580.671414038632065, 3780847.812817904166877 ], [ 398579.145473041688092, 3780847.812817904166877 ], [ 398578.535096642910503, 3780847.202441505622119 ], [ 398578.535096642910503, 3780844.455747711006552 ], [ 398578.840284842299297, 3780844.150559511501342 ], [ 398578.840284842299297, 3780842.014242115896195 ], [ 398579.145473041688092, 3780841.709053916390985 ], [ 398579.145473041688092, 3780841.403865717351437 ], [ 398579.450661241076887, 3780841.403865717351437 ], [ 398580.671414038632065, 3780840.183112919796258 ], [ 398580.671414038632065, 3780839.877924720291048 ], [ 398581.281790437409654, 3780839.267548321280628 ], [ 398581.281790437409654, 3780838.65717192273587 ], [ 398581.586978636798449, 3780838.35198372323066 ], [ 398581.586978636798449, 3780837.741607324685901 ], [ 398581.892166836187243, 3780837.436419125180691 ], [ 398581.892166836187243, 3780837.131230925675482 ], [ 398582.50254323502304, 3780837.131230925675482 ], [ 398582.807731434411835, 3780836.826042726170272 ], [ 398584.638860630744603, 3780836.826042726170272 ], [ 398584.944048830133397, 3780837.131230925675482 ], [ 398585.249237029522192, 3780837.131230925675482 ], [ 398585.554425228910986, 3780837.436419125180691 ], [ 398585.554425228910986, 3780838.35198372323066 ], [ 398585.859613428299781, 3780838.65717192273587 ], [ 398585.859613428299781, 3780839.877924720291048 ], [ 398586.164801627688576, 3780840.183112919796258 ], [ 398586.164801627688576, 3780842.624618514906615 ], [ 398586.46998982707737, 3780842.929806713946164 ], [ 398586.46998982707737, 3780843.540183112956583 ], [ 398586.775178026466165, 3780843.845371312461793 ], [ 398586.775178026466165, 3780847.202441505622119 ], [ 398586.46998982707737, 3780847.507629705127329 ], [ 398586.46998982707737, 3780847.812817904166877 ], [ 398584.028484231967013, 3780847.812817904166877 ], [ 398583.723296032578219, 3780848.118006103672087 ], [ 398580.97660223802086, 3780848.118006103672087 ] ] ] } },
{ "type": "Feature", "properties": { "confidence": 0.99884259700775146, "class": 1, "regularized": "rectangle" }, "geometry": { "type": "Polygon", "coordinates": [ [ [ 398450.0625, 3780645.25 ], [ 398457.6875, 3780645.25 ], [ 398457.6875, 3780662.25 ], [ 398450.0625, 3780662.25 ], [ 398450.0625, 3780645.25 ] ] ] } },
{ "type": "Feature", "properties": { "confidence": 0.99867516756057739, "class": 1, "regularized": null }, "geometry": { "type": "Polygon", "coordinates": [ [ [ 398752.492370294989087, 3780703.763987792655826 ], [ 398751.881993896211497, 3780703.153611393645406 ], [ 398751.576805696822703, 3780703.153611393645406 ], [ 398751.576805696822703, 3780692.1668362156488 ], [ 398752.492370294989087, 3780692.1668362156488 ], [ 398752.797558494377881, 3780691.86164801614359 ], [ 398753.40793489315547, 3780691.86164801614359 ], [ 398753.713123092602473, 3780692.1668362156488 ], [ 398754.323499491380062, 3780692.1668362156488 ], [ 398754.628687690768857, 3780692.47202441515401 ], [ 398754.628687690768857, 3780693.997965412214398 ], [ 398754.933875890157651, 3780694.303153611253947 ], [ 398754.933875890157651, 3780703.458799593150616 ], [ 398754.628687690768857, 3780703.763987792655826 ], [ 398752.492370294989087, 3780703.763987792655826 ] ] ] } },
{ "type": "Feature", "properties": { "confidence": 0.99855190515518188, "class": 1, "regularized": "rectangle" }, "geometry": { "type": "Polygon", "coordinates": [ [ [ 398636.0, 3780623.25 ], [ 398636.9375, 3780609.75 ], [ 398647.375, 3780610.25 ], [ 398646.4375, 3780623.75 ], [ 398636.0, 3780623.25 ] ] ] } },
{ "type": "Feature", "properties": { "confidence": 0.99846374988555908, "class": 1, "regularized": null }, "geometry": { "type": "Polygon", "coordinates": [ [ [ 398877.00915564596653, 3780814.85249237017706 ], [ 398876.703967446577735, 3780814.547304171137512 ], [ 398876.703967446577735, 3780809.664292980451137 ], [ 398889.827060020354111, 3780809.664292980451137 ], [ 398889.827060020354111, 3780810.274669379461557 ], [ 398890.132248219742905, 3780810.579857578966767 ], [ 398890.132248219742905, 3780811.495422177016735 ], [ 398890.4374364191317, 3780811.800610376521945 ], [ 398890.4374364191317, 3780813.021363174077123 ], [ 398890.742624618520495, 3780813.326551373116672 ], [ 398890.742624618520495, 3780813.936927772127092 ], [ 398890.4374364191317, 3780813.936927772127092 ], [ 398890.132248219742905, 3780814.242115971632302 ], [ 398884.944048830133397, 3780814.242115971632302 ], [ 398884.638860630744603, 3780814.547304171137512 ], [ 398881.892166836187243, 3780814.547304171137512 ], [ 398881.586978636798449, 3780814.85249237017706 ], [ 398877.00915564596653, 3780814.85249237017706 ] ] ] } },
{ "type": "Feature", "properties": { "confidence": 0.99818283319473267, "class": 1, "regularized": "rectangle" }, "geometry": { "type": "Polygon", "coordinates": [ [ [ 398527.1875, 3780705.5 ], [ 398527.75, 3780692.5 ], [ 398537.875, 3780693.0 ], [ 398537.3125, 3780706.0 ], [ 398527.1875, 3780705.5 ] ] ] } },
{ "type": "Feature", "properties": { "confidence": 0.99816066026687622, "class": 1, "regularized": null }, "geometry": { "type": "Polygon", "coordinates": [ [ [ 398783.316378433373757, 3781103.255340793635696 ], [ 398783.011190233984962, 3781102.950152594130486 ], [ 398780.8748728382634, 3781102.950152594130486 ], [ 398780.569684638874605, 3781102.644964394625276 ], [ 398780.569684638874605, 3781099.593082400970161 ], [ 398780.8748728382634, 3781099.287894201464951 ], [ 398780.8748728382634, 3781096.541200406849384 ], [ 398781.180061037652194, 3781096.236012207344174 ], [ 398781.180061037652194, 3781095.320447609294206 ], [ 398781.485249237040989, 3781095.015259409788996 ], [ 398781.485249237040989, 3781094.404883011244237 ], [ 398781.790437436429784, 3781094.099694811739028 ], [ 398781.790437436429784, 3781093.794506612233818 ], [ 398782.095625635818578, 3781093.489318413194269 ], [ 398782.095625635818578, 3781093.184130213689059 ], [ 398784.231943031540141, 3781093.184130213689059 ], [ 398784.537131230928935, 3781093.489318413194269 ], [ 398786.063072227872908, 3781093.489318413194269 ], [ 398786.368260427261703, 3781093.184130213689059 ], [ 398787.589013224816881, 3781093.184130213689059 ], [ 398787.894201424205676, 3781092.878942014183849 ], [ 398790.335707019316033, 3781092.878942014183849 ], [ 398790.335707019316033, 3781101.729399796575308 ], [ 398790.030518819927238, 3781101.729399796575308 ], [ 398788.80976602237206, 3781102.950152594130486 ], [ 398787.589013224816881, 3781102.950152594130486 ], [ 398787.283825025428087, 3781103.255340793635696 ], [ 398783.316378433373757, 3781103.255340793635696 ] ] ] } },
{ "type": "Feature", "properties": { "confidence": 0.99811291694641113, "class": 1, "regularized": null }, "geometry": { "type": "Polygon", "coordinates": [ [ [ 398517.802644964365754, 3780704.374364191200584 ], [ 398517.802644964365754, 3780697.355035605374724 ], [ 398518.107833163812757, 3780697.049847405869514 ], [ 398520.854526958311908, 3780697.049847405869514 ], [ 398521.464903357089497, 3780697.660223804879934 ], [ 398521.464903357089497, 3780697.965412003919482 ], [ 398522.380467955255881, 3780698.880976602435112 ], [ 398522.685656154644676, 3780698.880976602435112 ], [ 398522.99084435403347, 3780699.186164801474661 ], [ 398523.906408952199854, 3780699.186164801474661 ], [ 398524.211597151588649, 3780699.491353000979871 ], [ 398524.211597151588649, 3780704.069175991695374 ], [ 398523.906408952199854, 3780704.374364191200584 ], [ 398517.802644964365754, 3780704.374364191200584 ] ] ] } },
{ "type": "Feature", "properties": { "confidence": 0.99810373783111572, "class": 1, "regularized": null }, "geometry": { "type": "Polygon", "coordinates": [ [ [ 398577.924720244132914, 3780670.803662258200347 ], [ 398577.619532044744119, 3780670.498474059160799 ], [ 398577.619532044744119, 3780664.394710071384907 ], [ 398577.924720244132914, 3780664.089521871879697 ], [ 398577.924720244132914, 3780663.784333672374487 ], [ 398584.638860630744603, 3780663.784333672374487 ], [ 398584.944048830133397, 3780664.089521871879697 ], [ 398584.638860630744603, 3780664.394710071384907 ], [ 398584.638860630744603, 3780669.888097660150379 ], [ 398584.944048830133397, 3780670.193285859655589 ], [ 398584.638860630744603, 3780670.498474059160799 ], [ 398584.333672431355808, 3780670.498474059160799 ], [ 398584.028484231967013, 3780670.803662258200347 ], [ 398577.924720244132914, 3780670.803662258200347 ] ] ] } },
{ "type": "Feature", "properties": { "confidence": 0.99804282188415527, "class": 1, "regularized": null }, "geometry": { "type": "Polygon", "coordinates": [ [ [ 398613.631739572738297, 3781165.818921668455005 ], [ 398613.326551373349503, 3781165.513733468949795 ], [ 398612.716174974571913, 3781165.513733468949795 ], [ 398612.410986775183119, 3781165.208545269444585 ], [ 398612.410986775183119, 3781164.903357070405036 ], [ 398612.105798575794324, 3781164.598168870899826 ], [ 398612.105798575794324, 3781163.072227873839438 ], [ 398612.410986775183119, 3781162.767039674334228 ], [ 398612.410986775183119, 3781161.54628687677905 ], [ 398612.716174974571913, 3781161.241098677739501 ], [ 398612.716174974571913, 3781160.935910478234291 ], [ 398613.326551373349503, 3781160.325534079223871 ], [ 398613.326551373349503, 3781160.020345880184323 ], [ 398613.936927772127092, 3781159.409969481173903 ], [ 398613.936927772127092, 3781159.104781281668693 ], [ 398614.547304170904681, 3781158.494404883123934 ], [ 398614.547304170904681, 3781158.189216683618724 ], [ 398615.15768056968227, 3781157.578840285073966 ], [ 398615.768056968459859, 3781157.578840285073966 ], [ 398616.073245167848654, 3781157.273652085568756 ], [ 398616.378433367237449, 3781157.273652085568756 ], [ 398616.683621566626243, 3781156.968463886063546 ], [ 398616.988809766015038, 3781157.273652085568756 ], [ 398617.599186164792627, 3781157.273652085568756 ], [ 398617.904374364181422, 3781157.578840285073966 ], [ 398618.819938962347806, 3781157.578840285073966 ], [ 398618.819938962347806, 3781157.884028484113514 ], [ 398619.1251271617366, 3781158.189216683618724 ], [ 398619.430315361125395, 3781158.189216683618724 ], [ 398619.430315361125395, 3781159.715157680679113 ], [ 398619.1251271617366, 3781160.020345880184323 ], [ 398619.1251271617366, 3781162.156663275789469 ], [ 398618.819938962347806, 3781162.461851475294679 ], [ 398618.819938962347806, 3781163.682604272849858 ], [ 398618.514750762959011, 3781163.987792471889406 ], [ 398618.514750762959011, 3781164.292980671394616 ], [ 398618.209562563570216, 3781164.598168870899826 ], [ 398618.209562563570216, 3781164.903357070405036 ], [ 398617.904374364181422, 3781164.903357070405036 ], [ 398617.293997965403832, 3781165.513733468949795 ], [ 398616.683621566626243, 3781165.513733468949795 ], [ 398616.378433367237449, 3781165.818921668455005 ], [ 398613.631739572738297, 3781165.818921668455005 ] ] ] } },
{ "type": "Feature", "properties": { "confidence": 0.99803954362869263, "class": 1, "regularized": "rectangle" }, "geometry": { "type": "Polygon", "coordinates": [ [ [ 398571.8125, 3780656.25 ], [ 398571.8125, 3780638.25 ], [ 398580.375, 3780638.25 ], [ 398580.375, 3780656.25 ], [ 398571.8125, 3780656.25 ] ] ] } },
{ "type": "Feature", "properties": { "confidence": 0.99802100658416748, "class": 1, "regularized": null }, "geometry": { "type": "Polygon", "coordinates": [ [ [ 398460.732451678544749, 3781073.957273652311414 ], [ 398460.427263479155954, 3781073.652085452806205 ], [ 398460.427263479155954, 3781073.346897253300995 ], [ 398460.122075279767159, 3781073.041709053795785 ], [ 398460.122075279767159, 3781072.736520854756236 ], [ 398459.816887080378365, 3781072.431332655251026 ], [ 398459.816887080378365, 3781071.515768057201058 ], [ 398459.51169888098957, 3781071.210579857695848 ], [ 398459.51169888098957, 3781066.632756866514683 ], [ 398460.122075279767159, 3781066.022380467969924 ], [ 398461.342828077322338, 3781066.022380467969924 ], [ 398461.648016276711132, 3781066.327568667475134 ], [ 398461.953204476099927, 3781066.327568667475134 ], [ 398462.258392675488722, 3781066.632756866514683 ], [ 398462.563580874877516, 3781066.632756866514683 ], [ 398463.173957273655105, 3781067.243133265525103 ], [ 398463.173957273655105, 3781067.548321465030313 ], [ 398464.089521871821489, 3781068.463886063080281 ], [ 398464.089521871821489, 3781068.769074262585491 ], [ 398464.394710071210284, 3781069.07426246162504 ], [ 398464.394710071210284, 3781069.37945066113025 ], [ 398464.699898270599078, 3781069.684638860635459 ], [ 398464.699898270599078, 3781069.989827060140669 ], [ 398465.005086469987873, 3781070.295015259180218 ], [ 398465.005086469987873, 3781073.652085452806205 ], [ 398464.699898270599078, 3781073.652085452806205 ], [ 398464.394710071210284, 3781073.957273652311414 ], [ 398460.732451678544749, 3781073.957273652311414 ] ] ] } },
{ "type": "Feature", "properties": { "confidence": 0.99770820140838623, "class": 1, "regularized": null }, "geometry": { "type": "Polygon", "coordinates": [ [ [ 398982.299084435391705, 3781102.339776195120066 ], [ 398981.993896236002911, 3781102.034587996080518 ], [ 398981.383519837225322, 3781102.034587996080518 ], [ 398981.383519837225322, 3781099.593082400970161 ], [ 398981.688708036614116, 3781099.287894201464951 ], [ 398981.688708036614116, 3781098.677517802454531 ], [ 398981.993896236002911, 3781098.372329603414983 ], [ 398981.993896236002911, 3781098.067141403909773 ], [ 398982.6042726347805, 3781097.456765004899353 ], [ 398983.214649033558089, 3781097.456765004899353 ], [ 398984.130213631724473, 3781096.541200406849384 ], [ 398984.130213631724473, 3781095.625635808799416 ], [ 398984.435401831113268, 3781095.625635808799416 ], [ 398984.740590030502062, 3781095.320447609294206 ], [ 398986.876907426223624, 3781095.320447609294206 ], [ 398987.182095625612419, 3781095.015259409788996 ], [ 398990.539165818947367, 3781095.015259409788996 ], [ 398990.844354018336162, 3781094.710071210749447 ], [ 398994.811800610390492, 3781094.710071210749447 ], [ 398994.811800610390492, 3781098.982706001959741 ], [ 398994.506612411001697, 3781099.287894201464951 ], [ 398993.285859613446519, 3781099.287894201464951 ], [ 398993.285859613446519, 3781098.982706001959741 ], [ 398992.980671414057724, 3781098.677517802454531 ], [ 398992.370295015280135, 3781098.677517802454531 ], [ 398992.06510681589134, 3781098.982706001959741 ], [ 398992.06510681589134, 3781099.287894201464951 ], [ 398991.759918616502546, 3781099.593082400970161 ], [ 398991.759918616502546, 3781100.20345879951492 ], [ 398991.454730417113751, 3781100.508646999020129 ], [ 398991.149542217724957, 3781100.508646999020129 ], [ 398990.539165818947367, 3781101.119023397564888 ], [ 398990.233977619558573, 3781101.119023397564888 ], [ 398989.318413021392189, 3781102.034587996080518 ], [ 398987.792472024390008, 3781102.034587996080518 ], [ 398987.487283825001214, 3781102.339776195120066 ], [ 398982.299084435391705, 3781102.339776195120066 ] ] ] } },
{ "type": "Feature", "properties": { "confidence": 0.99763107299804688, "class": 1, "regularized": null }, "geometry": { "type": "Polygon", "coordinates": [ [ [ 398571.820956256357022, 3781048.016276704147458 ], [ 398571.515768056968227, 3781047.711088504642248 ], [ 398570.905391658190638, 3781047.711088504642248 ], [ 398570.600203458801843, 3781047.405900305137038 ], [ 398570.600203458801843, 3781046.79552390659228 ], [ 398570.295015259413049, 3781046.49033570708707 ], [ 398570.295015259413049, 3781044.659206510521472 ], [ 398569.989827060024254, 3781044.354018311481923 ], [ 398569.989827060024254, 3781044.048830111976713 ], [ 398578.535096642910503, 3781044.048830111976713 ], [ 398578.535096642910503, 3781046.49033570708707 ], [ 398578.229908443521708, 3781046.49033570708707 ], [ 398577.924720244132914, 3781046.79552390659228 ], [ 398577.924720244132914, 3781047.100712105631828 ], [ 398577.00915564596653, 3781048.016276704147458 ], [ 398571.820956256357022, 3781048.016276704147458 ] ] ] } },
{ "type": "Feature", "properties": { "confidence": 0.99759310483932495, "class": 1, "regularized": "rectangle" }, "geometry": { "type": "Polygon", "coordinates": [ [ [ 398565.875, 3780893.0 ], [ 398579.0625, 3780892.5 ], [ 398579.3125, 3780901.5 ], [ 398566.125, 3780902.0 ], [ 398565.875, 3780893.0 ] ] ] } },
{ "type": "Feature", "properties": { "confidence": 0.99757248163223267, "class": 1, "regularized": null }, "geometry": { "type": "Polygon", "coordinates": [ [ [ 398979.552390640892554, 3780888.402848422992975 ], [ 398979.247202441503759, 3780888.097660223953426 ], [ 398978.63682604272617, 3780888.097660223953426 ], [ 398977.721261444559786, 3780887.182095625437796 ], [ 398977.416073245170992, 3780887.182095625437796 ], [ 398977.416073245170992, 3780886.876907426398247 ], [ 398977.110885045782197, 3780886.571719226893038 ], [ 398977.110885045782197, 3780885.961342827882618 ], [ 398976.805696846393403, 3780885.656154628843069 ], [ 398976.805696846393403, 3780883.825025432277471 ], [ 398977.110885045782197, 3780883.519837232772261 ], [ 398977.110885045782197, 3780880.773143438622355 ], [ 398977.416073245170992, 3780880.467955239117146 ], [ 398977.721261444559786, 3780880.467955239117146 ], [ 398978.026449643948581, 3780880.162767039611936 ], [ 398981.383519837225322, 3780880.162767039611936 ], [ 398981.688708036614116, 3780880.467955239117146 ], [ 398981.688708036614116, 3780881.383519837167114 ], [ 398981.993896236002911, 3780881.688708036672324 ], [ 398981.993896236002911, 3780881.993896236177534 ], [ 398982.299084435391705, 3780882.299084435217083 ], [ 398982.6042726347805, 3780882.299084435217083 ], [ 398982.909460834169295, 3780882.604272634722292 ], [ 398983.214649033558089, 3780882.604272634722292 ], [ 398983.519837232946884, 3780882.909460834227502 ], [ 398983.825025432335678, 3780882.909460834227502 ], [ 398985.045778229890857, 3780884.130213631782681 ], [ 398985.656154628668446, 3780884.130213631782681 ], [ 398985.961342828057241, 3780884.435401831287891 ], [ 398986.266531027446035, 3780884.435401831287891 ], [ 398986.57171922683483, 3780884.740590030327439 ], [ 398986.57171922683483, 3780885.961342827882618 ], [ 398986.266531027446035, 3780886.266531027387828 ], [ 398986.266531027446035, 3780887.487283824943006 ], [ 398985.961342828057241, 3780887.792472024448216 ], [ 398985.961342828057241, 3780888.097660223953426 ], [ 398985.656154628668446, 3780888.402848422992975 ], [ 398979.552390640892554, 3780888.402848422992975 ] ] ] } },
{ "type": "Feature", "properties": { "confidence": 0.99749517440795898, "class": 1, "regularized": null }, "geometry": { "type": "Polygon", "coordinates": [ [ [ 398976.805696846393403, 3780799.593082400970161 ], [ 398976.500508647004608, 3780799.287894201464951 ], [ 398976.195320447615813, 3780799.287894201464951 ], [ 398975.890132248227019, 3780798.982706001959741 ], [ 398975.890132248227019, 3780791.963377416133881 ], [ 398976.500508647004608, 3780791.353001017123461 ], [ 398976.500508647004608, 3780791.047812818083912 ], [ 398978.942014242114965, 3780791.047812818083912 ], [ 398979.247202441503759, 3780790.742624618578702 ], [ 398980.467955239058938, 3780790.742624618578702 ], [ 398980.773143438447732, 3780790.437436419073492 ], [ 398982.909460834169295, 3780790.437436419073492 ], [ 398983.214649033558089, 3780790.742624618578702 ], [ 398984.435401831113268, 3780790.742624618578702 ], [ 398984.740590030502062, 3780790.437436419073492 ], [ 398987.182095625612419, 3780790.437436419073492 ], [ 398987.487283825001214, 3780790.742624618578702 ], [ 398987.487283825001214, 3780793.794506612233818 ], [ 398987.182095625612419, 3780794.099694811739028 ], [ 398987.182095625612419, 3780795.930824008304626 ], [ 398986.876907426223624, 3780796.236012207344174 ], [ 398986.876907426223624, 3780796.541200406849384 ], [ 398986.57171922683483, 3780796.846388606354594 ], [ 398986.57171922683483, 3780797.151576805859804 ], [ 398986.266531027446035, 3780797.456765004899353 ], [ 398986.266531027446035, 3780799.287894201464951 ], [ 398985.961342828057241, 3780799.593082400970161 ], [ 398976.805696846393403, 3780799.593082400970161 ] ] ] } },
{ "type": "Feature", "properties": { "confidence": 0.99736988544464111, "class": 1, "regularized": null }, "geometry": { "type": "Polygon", "coordinates": [ [ [ 398862.360122075304389, 3780679.959308240097016 ], [ 398862.054933875915594, 3780679.654120040591806 ], [ 398860.834181078360416, 3780679.654120040591806 ], [ 398860.528992878913414, 3780679.348931841086596 ], [ 398859.918616480135825, 3780679.348931841086596 ], [ 398859.61342828074703, 3780679.043743642047048 ], [ 398859.308240081358235, 3780679.043743642047048 ], [ 398858.697863682580646, 3780678.433367243036628 ], [ 398858.697863682580646, 3780677.517802644986659 ], [ 398858.392675483191852, 3780677.212614445481449 ], [ 398858.697863682580646, 3780676.907426245976239 ], [ 398858.697863682580646, 3780675.686673448421061 ], [ 398859.003051881969441, 3780675.686673448421061 ], [ 398859.308240081358235, 3780675.381485249381512 ], [ 398859.308240081358235, 3780675.076297049876302 ], [ 398859.61342828074703, 3780675.076297049876302 ], [ 398860.223804679524619, 3780674.465920650865883 ], [ 398860.223804679524619, 3780674.160732451826334 ], [ 398860.528992878913414, 3780674.160732451826334 ], [ 398860.834181078360416, 3780673.855544252321124 ], [ 398860.834181078360416, 3780673.550356052815914 ], [ 398861.7497456765268, 3780672.634791454765946 ], [ 398861.7497456765268, 3780672.329603255260736 ], [ 398862.360122075304389, 3780671.719226856715977 ], [ 398862.970498474081978, 3780671.719226856715977 ], [ 398863.275686673470773, 3780671.414038657210767 ], [ 398866.937945066136308, 3780671.414038657210767 ], [ 398867.243133265525103, 3780671.719226856715977 ], [ 398867.548321464913897, 3780671.719226856715977 ], [ 398867.548321464913897, 3780672.024415055755526 ], [ 398867.853509664302692, 3780672.329603255260736 ], [ 398867.853509664302692, 3780675.686673448421061 ], [ 398867.548321464913897, 3780675.991861647926271 ], [ 398867.548321464913897, 3780677.517802644986659 ], [ 398867.243133265525103, 3780677.822990844491869 ], [ 398867.243133265525103, 3780678.433367243036628 ], [ 398866.937945066136308, 3780678.738555442541838 ], [ 398866.937945066136308, 3780679.043743642047048 ], [ 398866.632756866747513, 3780679.043743642047048 ], [ 398866.022380467969924, 3780679.654120040591806 ], [ 398864.191251271637157, 3780679.654120040591806 ], [ 398863.886063072248362, 3780679.959308240097016 ], [ 398862.360122075304389, 3780679.959308240097016 ] ] ] } },
{ "type": "Feature", "properties": { "confidence": 0.99729996919631958, "class": 1, "regularized": null }, "geometry": { "type": "Polygon", "coordinates": [ [ [ 398811.088504577812273, 3781043.743641912471503 ], [ 398810.783316378423478, 3781043.438453712966293 ], [ 398809.867751780257095, 3781043.438453712966293 ], [ 398809.5625635808683, 3781043.133265513926744 ], [ 398808.036622583924327, 3781043.133265513926744 ], [ 398807.731434384535532, 3781043.438453712966293 ], [ 398806.510681586980354, 3781043.438453712966293 ], [ 398806.510681586980354, 3781043.133265513926744 ], [ 398806.205493387591559, 3781042.828077314421535 ], [ 398806.205493387591559, 3781037.639877924695611 ], [ 398806.510681586980354, 3781037.334689725190401 ], [ 398806.510681586980354, 3781036.113936927635223 ], [ 398806.815869786369149, 3781035.808748728595674 ], [ 398807.731434384535532, 3781035.808748728595674 ], [ 398808.036622583924327, 3781036.113936927635223 ], [ 398809.5625635808683, 3781036.113936927635223 ], [ 398809.867751780257095, 3781036.419125127140433 ], [ 398811.088504577812273, 3781036.419125127140433 ], [ 398811.088504577812273, 3781036.724313326645643 ], [ 398811.393692777201068, 3781037.029501526150852 ], [ 398811.698880976589862, 3781037.029501526150852 ], [ 398812.004069175978657, 3781037.334689725190401 ], [ 398812.309257375367451, 3781037.334689725190401 ], [ 398812.309257375367451, 3781037.945066124200821 ], [ 398812.614445574756246, 3781038.250254323706031 ], [ 398812.919633774145041, 3781038.250254323706031 ], [ 398812.919633774145041, 3781038.860630722250789 ], [ 398813.224821973533835, 3781039.165818921755999 ], [ 398813.53001017292263, 3781039.165818921755999 ], [ 398813.53001017292263, 3781039.776195320300758 ], [ 398813.835198372311424, 3781040.081383519805968 ], [ 398813.835198372311424, 3781041.607324516866356 ], [ 398814.140386571700219, 3781041.912512716371566 ], [ 398814.140386571700219, 3781042.217700915411115 ], [ 398814.445574771089014, 3781042.522889114916325 ], [ 398814.445574771089014, 3781042.828077314421535 ], [ 398813.835198372311424, 3781043.438453712966293 ], [ 398813.53001017292263, 3781043.438453712966293 ], [ 398813.224821973533835, 3781043.743641912471503 ], [ 398811.088504577812273, 3781043.743641912471503 ] ] ] } },
{ "type": "Feature", "properties": { "confidence": 0.99720436334609985, "class": 1, "regularized": null }, "geometry": { "type": "Polygon", "coordinates": [ [ [ 398664.903357070172206, 3780973.245167853310704 ], [ 398664.598168870783411, 3780972.939979654271156 ], [ 398662.156663275673054, 3780972.939979654271156 ], [ 398661.85147507628426, 3780972.634791454765946 ], [ 398661.85147507628426, 3780967.141403865534812 ], [ 398662.156663275673054, 3780966.836215666495264 ], [ 398662.156663275673054, 3780966.225839267484844 ], [ 398662.767039674450643, 3780965.615462868940085 ], [ 398665.208545269561, 3780965.615462868940085 ], [ 398665.513733468949795, 3780965.920651067979634 ], [ 398667.039674465893768, 3780965.920651067979634 ], [ 398667.344862665282562, 3780965.615462868940085 ], [ 398667.650050864671357, 3780965.920651067979634 ], [ 398668.260427263507154, 3780965.920651067979634 ], [ 398668.260427263507154, 3780972.024415055755526 ], [ 398667.955239064118359, 3780972.329603255260736 ], [ 398667.955239064118359, 3780972.634791454765946 ], [ 398667.039674465893768, 3780972.634791454765946 ], [ 398666.734486266504973, 3780972.939979654271156 ], [ 398665.818921668338589, 3780972.939979654271156 ], [ 398665.513733468949795, 3780973.245167853310704 ], [ 398664.903357070172206, 3780973.245167853310704 ] ] ] } },
{ "type": "Feature", "properties": { "confidence": 0.99717283248901367, "class": 1, "regularized": null }, "geometry": { "type": "Polygon", "coordinates": [ [ [ 398843.743641912529711, 3780935.096642929594964 ], [ 398843.743641912529711, 3780926.856561546213925 ], [ 398845.574771108862478, 3780926.856561546213925 ], [ 398845.574771108862478, 3780927.161749745719135 ], [ 398845.879959308251273, 3780927.466937945224345 ], [ 398846.185147507640067, 3780927.466937945224345 ], [ 398846.490335707028862, 3780927.772126144263893 ], [ 398847.100712105806451, 3780927.772126144263893 ], [ 398847.100712105806451, 3780928.077314343769103 ], [ 398847.405900305195246, 3780928.382502543274313 ], [ 398847.405900305195246, 3780934.181078331544995 ], [ 398847.100712105806451, 3780934.486266531050205 ], [ 398845.574771108862478, 3780934.486266531050205 ], [ 398845.269582909473684, 3780934.791454730555415 ], [ 398844.659206510696094, 3780934.791454730555415 ], [ 398844.3540183113073, 3780935.096642929594964 ], [ 398843.743641912529711, 3780935.096642929594964 ] ] ] } },
{ "type": "Feature", "properties": { "confidence": 0.9971662163734436, "class": 1, "regularized": null }, "geometry": { "type": "Polygon", "coordinates": [ [ [ 398411.291963377443608, 3780771.210579857695848 ], [ 398410.986775178054813, 3780770.905391658190638 ], [ 398410.986775178054813, 3780764.496439470909536 ], [ 398411.291963377443608, 3780764.191251271404326 ], [ 398411.291963377443608, 3780763.886063072364777 ], [ 398412.512716174998786, 3780763.886063072364777 ], [ 398412.817904374387581, 3780763.580874872859567 ], [ 398419.837232960329857, 3780763.580874872859567 ], [ 398420.142421159718651, 3780763.886063072364777 ], [ 398420.142421159718651, 3780769.684638860635459 ], [ 398420.447609359107446, 3780769.989827060140669 ], [ 398420.447609359107446, 3780770.600203458685428 ], [ 398420.142421159718651, 3780770.905391658190638 ], [ 398418.616480162774678, 3780770.905391658190638 ], [ 398418.311291963385884, 3780771.210579857695848 ], [ 398411.291963377443608, 3780771.210579857695848 ] ] ] } },
{ "type": "Feature", "properties": { "confidence": 0.99716174602508545, "class": 1, "regularized": "rectangle" }, "geometry": { "type": "Polygon", "coordinates": [ [ [ 398832.75, 3780923.5 ], [ 398847.375, 3780923.5 ], [ 398847.375, 3780935.0 ], [ 398832.75, 3780935.0 ], [ 398832.75, 3780923.5 ] ] ] } },
{ "type": "Feature", "properties": { "confidence": 0.99714523553848267, "class": 1, "regularized": null }, "geometry": { "type": "Polygon", "coordinates": [ [ [ 398983.214649033558089, 3781082.807731434237212 ], [ 398983.214649033558089, 3781079.755849440582097 ], [ 398983.519837232946884, 3781079.450661241076887 ], [ 398983.519837232946884, 3781079.145473041571677 ], [ 398983.825025432335678, 3781078.840284842532128 ], [ 398983.825025432335678, 3781078.535096643026918 ], [ 398984.130213631724473, 3781078.229908443521708 ], [ 398984.130213631724473, 3781077.924720244016498 ], [ 398984.435401831113268, 3781077.61953204497695 ], [ 398984.435401831113268, 3781077.31434384547174 ], [ 398984.740590030502062, 3781077.31434384547174 ], [ 398985.045778229890857, 3781077.00915564596653 ], [ 398985.961342828057241, 3781077.00915564596653 ], [ 398986.266531027446035, 3781076.70396744646132 ], [ 398986.876907426223624, 3781076.70396744646132 ], [ 398987.182095625612419, 3781076.398779247421771 ], [ 398988.097660223778803, 3781076.398779247421771 ], [ 398988.402848423167598, 3781076.093591047916561 ], [ 398996.642929806723259, 3781076.093591047916561 ], [ 398996.948118006112054, 3781075.788402848411351 ], [ 398999.084435401833616, 3781075.788402848411351 ], [ 398999.389623601222411, 3781076.093591047916561 ], [ 398999.389623601222411, 3781078.535096643026918 ], [ 398999.084435401833616, 3781078.840284842532128 ], [ 398999.084435401833616, 3781079.755849440582097 ], [ 398998.779247202444822, 3781080.061037640087306 ], [ 398998.779247202444822, 3781080.976602238137275 ], [ 398998.474059003056027, 3781081.281790437642485 ], [ 398998.474059003056027, 3781081.892166836187243 ], [ 398998.168870803667232, 3781082.197355035692453 ], [ 398998.168870803667232, 3781082.807731434237212 ], [ 398993.285859613446519, 3781082.807731434237212 ], [ 398993.285859613446519, 3781082.502543235197663 ], [ 398992.980671414057724, 3781082.197355035692453 ], [ 398991.454730417113751, 3781082.197355035692453 ], [ 398991.149542217724957, 3781081.892166836187243 ], [ 398989.013224821945187, 3781081.892166836187243 ], [ 398988.708036622556392, 3781082.197355035692453 ], [ 398986.876907426223624, 3781082.197355035692453 ], [ 398986.57171922683483, 3781082.502543235197663 ], [ 398986.57171922683483, 3781082.807731434237212 ], [ 398983.214649033558089, 3781082.807731434237212 ] ] ] } },
{ "type": "Feature", "properties": { "confidence": 0.99687272310256958, "class": 1, "regularized": "rectangle" }, "geometry": { "type": "Polygon", "coordinates": [ [ [ 398884.9375, 3781152.0 ], [ 398895.3125, 3781152.0 ], [ 398895.3125, 3781163.5 ], [ 398884.9375, 3781163.5 ], [ 398884.9375, 3781152.0 ] ] ] } },
{ "type": "Feature", "properties": { "confidence": 0.99685847759246826, "class": 1, "regularized": null }, "geometry": { "type": "Polygon", "coordinates": [ [ [ 398514.750762970477808, 3781152.390640895348042 ], [ 398514.445574771089014, 3781152.085452695842832 ], [ 398513.835198372311424, 3781152.085452695842832 ], [ 398513.835198372311424, 3781151.780264496337622 ], [ 398513.53001017292263, 3781151.475076296832412 ], [ 398513.53001017292263, 3781141.098677517846227 ], [ 398513.835198372311424, 3781140.793489318341017 ], [ 398513.835198372311424, 3781140.183112919796258 ], [ 398514.140386571700219, 3781140.183112919796258 ], [ 398514.445574771089014, 3781139.877924720291048 ], [ 398515.361139369255397, 3781139.877924720291048 ], [ 398515.971515768032987, 3781140.488301118835807 ], [ 398516.276703967421781, 3781140.488301118835807 ], [ 398516.88708036619937, 3781141.098677517846227 ], [ 398517.192268565588165, 3781141.098677517846227 ], [ 398517.802644964365754, 3781141.709053916390985 ], [ 398518.107833163812757, 3781141.709053916390985 ], [ 398519.63377416075673, 3781143.234994913451374 ], [ 398519.63377416075673, 3781145.37131230905652 ], [ 398519.938962360145524, 3781145.67650050856173 ], [ 398519.938962360145524, 3781152.085452695842832 ], [ 398519.63377416075673, 3781152.390640895348042 ], [ 398514.750762970477808, 3781152.390640895348042 ] ] ] } },
{ "type": "Feature", "properties": { "confidence": 0.9968525767326355, "class": 1, "regularized": null }, "geometry": { "type": "Polygon", "coordinates": [ [ [ 398691.759918616502546, 3781094.404883011244237 ], [ 398691.454730417113751, 3781094.099694811739028 ], [ 398691.149542217724957, 3781094.099694811739028 ], [ 398691.149542217724957, 3781093.489318413194269 ], [ 398690.233977619558573, 3781092.573753814678639 ], [ 398689.928789420169778, 3781092.573753814678639 ], [ 398689.623601220780984, 3781092.268565615639091 ], [ 398689.013224821945187, 3781092.268565615639091 ], [ 398688.708036622556392, 3781091.963377416133881 ], [ 398688.097660223778803, 3781091.963377416133881 ], [ 398687.182095625612419, 3781091.047812818083912 ], [ 398687.182095625612419, 3781090.742624618578702 ], [ 398686.876907426223624, 3781090.437436419073492 ], [ 398686.876907426223624, 3781087.995930823963135 ], [ 398687.182095625612419, 3781087.690742624457926 ], [ 398695.116988809779286, 3781087.690742624457926 ], [ 398695.727365208556876, 3781088.301119023468345 ], [ 398695.727365208556876, 3781091.963377416133881 ], [ 398695.422177009168081, 3781092.268565615639091 ], [ 398695.422177009168081, 3781092.573753814678639 ], [ 398695.116988809779286, 3781092.878942014183849 ], [ 398695.116988809779286, 3781093.184130213689059 ], [ 398694.506612411001697, 3781093.794506612233818 ], [ 398694.506612411001697, 3781094.099694811739028 ], [ 398694.201424211612903, 3781094.404883011244237 ], [ 398691.759918616502546, 3781094.404883011244237 ] ] ] } },
{ "type": "Feature", "properties": { "confidence": 0.99675565958023071, "class": 1, "regularized": null }, "geometry": { "type": "Polygon", "coordinates": [ [ [ 398823.906408952199854, 3781080.061037640087306 ], [ 398823.601220752811059, 3781079.755849440582097 ], [ 398823.296032553422265, 3781079.755849440582097 ], [ 398822.99084435403347, 3781079.450661241076887 ], [ 398822.99084435403347, 3781076.398779247421771 ], [ 398823.296032553422265, 3781076.093591047916561 ], [ 398823.296032553422265, 3781075.483214648906142 ], [ 398823.601220752811059, 3781075.178026449866593 ], [ 398823.601220752811059, 3781074.872838250361383 ], [ 398824.211597151588649, 3781074.262461851350963 ], [ 398824.821973550366238, 3781074.262461851350963 ], [ 398825.127161749755032, 3781073.957273652311414 ], [ 398828.789420142420568, 3781073.957273652311414 ], [ 398828.789420142420568, 3781074.262461851350963 ], [ 398829.094608341809362, 3781074.567650050856173 ], [ 398829.094608341809362, 3781074.872838250361383 ], [ 398829.399796541198157, 3781075.178026449866593 ], [ 398830.010172939975746, 3781075.178026449866593 ], [ 398830.315361139364541, 3781075.483214648906142 ], [ 398831.536113936919719, 3781075.483214648906142 ], [ 398831.841302136308514, 3781075.788402848411351 ], [ 398832.146490335697308, 3781075.788402848411351 ], [ 398832.146490335697308, 3781076.093591047916561 ], [ 398832.451678535086103, 3781076.398779247421771 ], [ 398832.451678535086103, 3781076.70396744646132 ], [ 398832.146490335697308, 3781077.00915564596653 ], [ 398832.146490335697308, 3781077.61953204497695 ], [ 398831.841302136308514, 3781077.924720244016498 ], [ 398831.841302136308514, 3781078.229908443521708 ], [ 398830.92573753814213, 3781079.145473041571677 ], [ 398830.92573753814213, 3781079.450661241076887 ], [ 398830.315361139364541, 3781080.061037640087306 ], [ 398828.789420142420568, 3781080.061037640087306 ], [ 398828.484231943031773, 3781079.755849440582097 ], [ 398825.737538148532622, 3781079.755849440582097 ], [ 398825.432349949143827, 3781080.061037640087306 ], [ 398823.906408952199854, 3781080.061037640087306 ] ] ] } },
{ "type": "Feature", "properties": { "confidence": 0.99671363830566406, "class": 1, "regularized": null }, "geometry": { "type": "Polygon", "coordinates": [ [ [ 398491.251271617482416, 3781051.983723295852542 ], [ 398490.946083418093622, 3781051.678535096812993 ], [ 398490.335707019316033, 3781051.678535096812993 ], [ 398489.725330620538443, 3781051.068158697802573 ], [ 398489.725330620538443, 3781050.762970498297364 ], [ 398489.114954221760854, 3781050.152594099752605 ], [ 398484.231943031540141, 3781050.152594099752605 ], [ 398483.621566632762551, 3781049.542217700742185 ], [ 398483.621566632762551, 3781044.048830111976713 ], [ 398496.744659206538927, 3781044.048830111976713 ], [ 398496.744659206538927, 3781051.373346897307783 ], [ 398496.439471007150132, 3781051.678535096812993 ], [ 398494.608341810759157, 3781051.678535096812993 ], [ 398494.303153611370362, 3781051.983723295852542 ], [ 398491.251271617482416, 3781051.983723295852542 ] ] ] } },
{ "type": "Feature", "properties": { "confidence": 0.99669754505157471, "class": 1, "regularized": null }, "geometry": { "type": "Polygon", "coordinates": [ [ [ 398844.3540183113073, 3781027.568667344748974 ], [ 398844.3540183113073, 3781016.581892166752368 ], [ 398844.659206510696094, 3781016.581892166752368 ], [ 398844.964394710084889, 3781016.276703967247158 ], [ 398847.405900305195246, 3781016.276703967247158 ], [ 398847.71108850458404, 3781016.581892166752368 ], [ 398848.626653102750424, 3781016.581892166752368 ], [ 398848.931841302139219, 3781016.887080366257578 ], [ 398848.931841302139219, 3781019.633774160873145 ], [ 398849.237029501528013, 3781019.938962359912694 ], [ 398849.237029501528013, 3781025.432349949143827 ], [ 398849.542217700916808, 3781025.737538148649037 ], [ 398849.542217700916808, 3781026.958290946204215 ], [ 398849.237029501528013, 3781027.263479145243764 ], [ 398847.100712105806451, 3781027.263479145243764 ], [ 398846.795523906417657, 3781027.568667344748974 ], [ 398844.3540183113073, 3781027.568667344748974 ] ] ] } },
{ "type": "Feature", "properties": { "confidence": 0.99651139974594116, "class": 1, "regularized": null }, "geometry": { "type": "Polygon", "coordinates": [ [ [ 398625.2288911495707, 3780750.457782299257815 ], [ 398624.618514750734903, 3780749.847405900247395 ], [ 398624.618514750734903, 3780748.016276704147458 ], [ 398624.313326551346108, 3780747.711088504642248 ], [ 398624.313326551346108, 3780739.165818921755999 ], [ 398624.618514750734903, 3780738.860630722250789 ], [ 398624.618514750734903, 3780738.555442522745579 ], [ 398624.923702950123698, 3780738.250254323706031 ], [ 398625.2288911495707, 3780738.250254323706031 ], [ 398625.534079348959494, 3780737.945066124200821 ], [ 398625.839267548348289, 3780737.945066124200821 ], [ 398626.144455747737084, 3780737.639877924695611 ], [ 398629.19633774162503, 3780737.639877924695611 ], [ 398629.501525941013824, 3780737.334689725190401 ], [ 398630.417090539180208, 3780737.334689725190401 ], [ 398630.722278738569003, 3780737.029501526150852 ], [ 398631.332655137346592, 3780737.029501526150852 ], [ 398631.637843336735386, 3780737.334689725190401 ], [ 398631.637843336735386, 3780739.776195320300758 ], [ 398631.943031536124181, 3780740.081383519805968 ], [ 398631.943031536124181, 3780744.048830111976713 ], [ 398631.637843336735386, 3780744.354018311481923 ], [ 398631.637843336735386, 3780746.49033570708707 ], [ 398631.332655137346592, 3780746.79552390659228 ], [ 398631.332655137346592, 3780747.711088504642248 ], [ 398631.027466937957797, 3780748.016276704147458 ], [ 398631.027466937957797, 3780748.626653102692217 ], [ 398630.722278738569003, 3780748.931841302197427 ], [ 398630.722278738569003, 3780749.237029501702636 ], [ 398630.417090539180208, 3780749.542217700742185 ], [ 398630.417090539180208, 3780749.847405900247395 ], [ 398630.111902339791413, 3780750.152594099752605 ], [ 398629.806714140402619, 3780750.152594099752605 ], [ 398629.501525941013824, 3780750.457782299257815 ], [ 398625.2288911495707, 3780750.457782299257815 ] ] ] } },
{ "type": "Feature", "properties": { "confidence": 0.99629515409469604, "class": 1, "regularized": null }, "geometry": { "type": "Polygon", "coordinates": [ [ [ 398530.315361139364541, 3780795.320447609294206 ], [ 398530.010172939975746, 3780795.015259409788996 ], [ 398528.789420142420568, 3780795.015259409788996 ], [ 398528.484231943031773, 3780794.710071210749447 ], [ 398528.484231943031773, 3780789.827060020528734 ], [ 398528.789420142420568, 3780789.521871821023524 ], [ 398528.789420142420568, 3780788.911495422013104 ], [ 398534.89318413019646, 3780788.911495422013104 ], [ 398535.503560528974049, 3780789.521871821023524 ], [ 398535.503560528974049, 3780789.827060020528734 ], [ 398535.808748728362843, 3780790.132248219568282 ], [ 398536.419125127140433, 3780790.132248219568282 ], [ 398536.724313326529227, 3780790.437436419073492 ], [ 398536.724313326529227, 3780790.742624618578702 ], [ 398537.029501525918022, 3780791.047812818083912 ], [ 398537.029501525918022, 3780791.963377416133881 ], [ 398537.334689725306816, 3780792.268565615639091 ], [ 398537.334689725306816, 3780792.878942014183849 ], [ 398537.639877924695611, 3780793.184130213689059 ], [ 398537.639877924695611, 3780793.794506612233818 ], [ 398537.945066124084406, 3780794.099694811739028 ], [ 398537.945066124084406, 3780794.710071210749447 ], [ 398537.639877924695611, 3780794.710071210749447 ], [ 398537.334689725306816, 3780795.015259409788996 ], [ 398534.89318413019646, 3780795.015259409788996 ], [ 398534.587995930807665, 3780795.320447609294206 ], [ 398530.315361139364541, 3780795.320447609294206 ] ] ] } },
{ "type": "Feature", "properties": { "confidence": 0.99624985456466675, "class": 1, "regularized": null }, "geometry": { "type": "Polygon", "coordinates": [ [ [ 398553.509664292971138, 3780952.492370294872671 ], [ 398553.204476093582343, 3780952.187182095833123 ], [ 398551.67853509663837, 3780952.187182095833123 ], [ 398551.67853509663837, 3780950.966429298277944 ], [ 398551.373346897249576, 3780950.661241098772734 ], [ 398551.373346897249576, 3780948.219735503662378 ], [ 398551.068158697860781, 3780947.914547304157168 ], [ 398551.068158697860781, 3780947.609359104651958 ], [ 398550.762970498471987, 3780947.304170905612409 ], [ 398550.762970498471987, 3780946.998982706107199 ], [ 398550.457782299083192, 3780946.693794506601989 ], [ 398550.457782299083192, 3780943.031536113936454 ], [ 398551.67853509663837, 3780943.031536113936454 ], [ 398551.983723296027165, 3780942.726347914431244 ], [ 398554.425228891137522, 3780942.726347914431244 ], [ 398555.035605289915111, 3780943.336724313441664 ], [ 398555.951169888081495, 3780943.336724313441664 ], [ 398555.951169888081495, 3780952.492370294872671 ], [ 398553.509664292971138, 3780952.492370294872671 ] ] ] } },
{ "type": "Feature", "properties": { "confidence": 0.99614185094833374, "class": 1, "regularized": null }, "geometry": { "type": "Polygon", "coordinates": [ [ [ 398517.802644964365754, 3780954.01831129193306 ], [ 398517.802644964365754, 3780950.661241098772734 ], [ 398518.107833163812757, 3780950.661241098772734 ], [ 398518.413021363201551, 3780950.356052899267524 ], [ 398525.127161749755032, 3780950.356052899267524 ], [ 398525.432349949143827, 3780950.661241098772734 ], [ 398525.432349949143827, 3780951.271617497317493 ], [ 398525.737538148532622, 3780951.576805696822703 ], [ 398525.737538148532622, 3780953.102746693883091 ], [ 398525.127161749755032, 3780953.71312309242785 ], [ 398522.99084435403347, 3780953.71312309242785 ], [ 398522.685656154644676, 3780954.01831129193306 ], [ 398517.802644964365754, 3780954.01831129193306 ] ] ] } },
{ "type": "Feature", "properties": { "confidence": 0.99603110551834106, "class": 1, "regularized": null }, "geometry": { "type": "Polygon", "coordinates": [ [ [ 398634.384537131234538, 3780821.566632756963372 ], [ 398634.384537131234538, 3780813.936927772127092 ], [ 398634.689725330623332, 3780813.936927772127092 ], [ 398634.994913530012127, 3780813.631739572621882 ], [ 398638.657171922677662, 3780813.631739572621882 ], [ 398639.572736520844046, 3780814.547304171137512 ], [ 398640.48830111901043, 3780814.547304171137512 ], [ 398640.48830111901043, 3780816.378433367237449 ], [ 398640.183112919621635, 3780816.683621566742659 ], [ 398640.183112919621635, 3780818.819938962347806 ], [ 398639.877924720232841, 3780819.125127161853015 ], [ 398639.877924720232841, 3780820.651068158913404 ], [ 398639.572736520844046, 3780820.956256357952952 ], [ 398639.572736520844046, 3780821.261444557458162 ], [ 398639.267548321455251, 3780821.261444557458162 ], [ 398638.962360122066457, 3780821.566632756963372 ], [ 398634.384537131234538, 3780821.566632756963372 ] ] ] } },
{ "type": "Feature", "properties": { "confidence": 0.9959794282913208, "class": 1, "regularized": "rectangle" }, "geometry": { "type": "Polygon", "coordinates": [ [ [ 398654.53125, 3780786.5 ], [ 398667.96875, 3780786.5 ], [ 398667.96875, 3780800.5 ], [ 398654.53125, 3780800.5 ], [ 398654.53125, 3780786.5 ] ] ] } },
{ "type": "Feature", "properties": { "confidence": 0.99596941471099854, "class": 1, "regularized": null }, "geometry": { "type": "Polygon", "coordinates": [ [ [ 398665.818921668338589, 3781082.807731434237212 ], [ 398665.818921668338589, 3781080.671414038632065 ], [ 398665.513733468949795, 3781080.366225839126855 ], [ 398665.513733468949795, 3781076.398779247421771 ], [ 398665.818921668338589, 3781076.398779247421771 ], [ 398666.124109867727384, 3781076.093591047916561 ], [ 398666.734486266504973, 3781076.093591047916561 ], [ 398667.039674465893768, 3781075.788402848411351 ], [ 398667.955239064118359, 3781075.788402848411351 ], [ 398668.260427263507154, 3781075.483214648906142 ], [ 398671.007121058006305, 3781075.483214648906142 ], [ 398671.3123092573951, 3781075.178026449866593 ], [ 398671.617497456783894, 3781075.178026449866593 ], [ 398672.227873855561484, 3781074.567650050856173 ], [ 398673.143438453727867, 3781074.567650050856173 ], [ 398673.143438453727867, 3781082.807731434237212 ], [ 398665.818921668338589, 3781082.807731434237212 ] ] ] } },
{ "type": "Feature", "properties": { "confidence": 0.99560576677322388, "class": 1, "regularized": null }, "geometry": { "type": "Polygon", "coordinates": [ [ [ 398949.338758901343681, 3781134.384537131059915 ], [ 398949.033570701954886, 3781134.079348932020366 ], [ 398945.066124109842349, 3781134.079348932020366 ], [ 398944.760935910453554, 3781133.774160732515156 ], [ 398943.84537131228717, 3781133.774160732515156 ], [ 398942.929806714120787, 3781132.858596134465188 ], [ 398942.624618514731992, 3781132.858596134465188 ], [ 398942.319430315343197, 3781132.553407934959978 ], [ 398941.709053916565608, 3781132.553407934959978 ], [ 398941.403865717176814, 3781132.248219735454768 ], [ 398940.793489318399224, 3781132.248219735454768 ], [ 398940.48830111901043, 3781131.943031535949558 ], [ 398940.48830111901043, 3781129.196337741799653 ], [ 398941.403865717176814, 3781129.196337741799653 ], [ 398941.709053916565608, 3781128.891149542294443 ], [ 398943.84537131228717, 3781128.891149542294443 ], [ 398944.45574771106476, 3781128.280773143284023 ], [ 398944.45574771106476, 3781127.975584944244474 ], [ 398944.760935910453554, 3781127.670396744739264 ], [ 398944.760935910453554, 3781126.449643947184086 ], [ 398944.45574771106476, 3781126.144455747678876 ], [ 398944.45574771106476, 3781125.839267548173666 ], [ 398944.150559511675965, 3781125.534079349134117 ], [ 398944.150559511675965, 3781125.228891149628907 ], [ 398944.45574771106476, 3781125.228891149628907 ], [ 398944.760935910453554, 3781124.923702950123698 ], [ 398952.085452695842832, 3781124.923702950123698 ], [ 398952.390640895231627, 3781125.228891149628907 ], [ 398952.390640895231627, 3781130.111902339849621 ], [ 398952.695829094620422, 3781130.417090539354831 ], [ 398952.695829094620422, 3781133.163784333504736 ], [ 398953.001017294009216, 3781133.468972533009946 ], [ 398952.695829094620422, 3781133.774160732515156 ], [ 398952.390640895231627, 3781133.774160732515156 ], [ 398952.085452695842832, 3781134.079348932020366 ], [ 398949.643947100732476, 3781134.079348932020366 ], [ 398949.338758901343681, 3781134.384537131059915 ] ] ] } },
{ "type": "Feature", "properties": { "confidence": 0.99556487798690796, "class": 1, "regularized": null }, "geometry": { "type": "Polygon", "coordinates": [ [ [ 398900.813835198350716, 3780858.494404883123934 ], [ 398900.508646998961922, 3780858.189216683618724 ], [ 398899.898270600184333, 3780858.189216683618724 ], [ 398899.898270600184333, 3780857.884028484113514 ], [ 398899.593082400795538, 3780857.578840285073966 ], [ 398899.593082400795538, 3780855.442522889003158 ], [ 398899.898270600184333, 3780855.137334689497948 ], [ 398899.898270600184333, 3780853.001017293892801 ], [ 398899.593082400795538, 3780852.695829094387591 ], [ 398899.593082400795538, 3780850.254323499277234 ], [ 398899.287894201406743, 3780849.949135300237685 ], [ 398899.287894201406743, 3780848.118006103672087 ], [ 398899.593082400795538, 3780847.812817904166877 ], [ 398899.593082400795538, 3780845.98168870806694 ], [ 398900.203458799573127, 3780845.37131230905652 ], [ 398904.170905391685665, 3780845.37131230905652 ], [ 398904.170905391685665, 3780845.67650050856173 ], [ 398904.476093591074459, 3780845.98168870806694 ], [ 398904.476093591074459, 3780846.897253306116909 ], [ 398904.781281790463254, 3780847.202441505622119 ], [ 398904.781281790463254, 3780848.728382502682507 ], [ 398905.086469989852048, 3780849.033570701722056 ], [ 398905.086469989852048, 3780858.494404883123934 ], [ 398900.813835198350716, 3780858.494404883123934 ] ] ] } },
{ "type": "Feature", "properties": { "confidence": 0.99538016319274902, "class": 1, "regularized": null }, "geometry": { "type": "Polygon", "coordinates": [ [ [ 398413.733468972553965, 3781049.847405900247395 ], [ 398414.343845371331554, 3781049.237029501702636 ], [ 398414.343845371331554, 3781048.321464903187007 ], [ 398414.038657171942759, 3781048.016276704147458 ], [ 398414.038657171942759, 3781047.405900305137038 ], [ 398413.733468972553965, 3781047.100712105631828 ], [ 398413.42828077316517, 3781047.100712105631828 ], [ 398413.123092573776376, 3781046.79552390659228 ], [ 398413.123092573776376, 3781046.49033570708707 ], [ 398412.817904374387581, 3781046.18514750758186 ], [ 398412.817904374387581, 3781045.87995930807665 ], [ 398412.512716174998786, 3781045.574771109037101 ], [ 398412.512716174998786, 3781045.269582909531891 ], [ 398412.207527975609992, 3781044.964394710026681 ], [ 398412.207527975609992, 3781044.048830111976713 ], [ 398418.616480162774678, 3781044.048830111976713 ], [ 398418.616480162774678, 3781047.711088504642248 ], [ 398418.311291963385884, 3781048.016276704147458 ], [ 398418.311291963385884, 3781048.626653102692217 ], [ 398417.3957273652195, 3781049.542217700742185 ], [ 398416.785350966441911, 3781049.542217700742185 ], [ 398416.480162767053116, 3781049.847405900247395 ], [ 398413.733468972553965, 3781049.847405900247395 ] ] ] } },
{ "type": "Feature", "properties": { "confidence": 0.9953187108039856, "class": 1, "regularized": "rectangle" }, "geometry": { "type": "Polygon", "coordinates": [ [ [ 398975.3125, 3780820.5 ], [ 398992.6875, 3780820.5 ], [ 398992.6875, 3780829.5 ], [ 398975.3125, 3780829.5 ], [ 398975.3125, 3780820.5 ] ] ] } },
{ "type": "Feature", "properties": { "confidence": 0.99531388282775879, "class": 1, "regularized": null }, "geometry": { "type": "Polygon", "coordinates": [ [ [ 398843.743641912529711, 3781101.119023397564888 ], [ 398843.743641912529711, 3781091.047812818083912 ], [ 398847.100712105806451, 3781091.047812818083912 ], [ 398847.405900305195246, 3781091.353001017123461 ], [ 398848.626653102750424, 3781091.353001017123461 ], [ 398849.542217700916808, 3781092.268565615639091 ], [ 398849.542217700916808, 3781092.573753814678639 ], [ 398850.152594099694397, 3781093.184130213689059 ], [ 398850.152594099694397, 3781093.489318413194269 ], [ 398850.762970498471987, 3781094.099694811739028 ], [ 398850.762970498471987, 3781097.456765004899353 ], [ 398851.068158697860781, 3781097.761953204404563 ], [ 398851.068158697860781, 3781099.593082400970161 ], [ 398850.762970498471987, 3781099.89827060000971 ], [ 398850.762970498471987, 3781100.20345879951492 ], [ 398850.457782299083192, 3781100.20345879951492 ], [ 398850.152594099694397, 3781100.508646999020129 ], [ 398847.71108850458404, 3781100.508646999020129 ], [ 398847.405900305195246, 3781100.813835198525339 ], [ 398846.490335707028862, 3781100.813835198525339 ], [ 398846.185147507640067, 3781101.119023397564888 ], [ 398843.743641912529711, 3781101.119023397564888 ] ] ] } },
{ "type": "Feature", "properties": { "confidence": 0.9952772855758667, "class": 1, "regularized": null }, "geometry": { "type": "Polygon", "coordinates": [ [ [ 398473.245167853485327, 3781047.711088504642248 ], [ 398472.634791454707738, 3781047.100712105631828 ], [ 398472.634791454707738, 3781044.048830111976713 ], [ 398479.043743641930632, 3781044.048830111976713 ], [ 398479.043743641930632, 3781046.49033570708707 ], [ 398478.738555442541838, 3781046.79552390659228 ], [ 398478.738555442541838, 3781047.100712105631828 ], [ 398478.433367243153043, 3781047.405900305137038 ], [ 398477.517802644986659, 3781047.405900305137038 ], [ 398477.212614445597865, 3781047.711088504642248 ], [ 398475.991861648042686, 3781047.711088504642248 ], [ 398475.686673448653892, 3781047.405900305137038 ], [ 398475.076297049876302, 3781047.405900305137038 ], [ 398474.7711088504293, 3781047.711088504642248 ], [ 398473.245167853485327, 3781047.711088504642248 ] ] ] } },
{ "type": "Feature", "properties": { "confidence": 0.99518555402755737, "class": 1, "regularized": null }, "geometry": { "type": "Polygon", "coordinates": [ [ [ 398440.895218718214892, 3781171.312309257220477 ], [ 398440.895218718214892, 3781163.682604272849858 ], [ 398441.200406917603686, 3781163.377416073344648 ], [ 398441.200406917603686, 3781162.767039674334228 ], [ 398444.252288911491632, 3781162.767039674334228 ], [ 398444.557477110880427, 3781163.072227873839438 ], [ 398444.557477110880427, 3781163.987792471889406 ], [ 398444.862665310269222, 3781164.292980671394616 ], [ 398444.862665310269222, 3781164.598168870899826 ], [ 398445.167853509658016, 3781164.903357070405036 ], [ 398445.167853509658016, 3781170.091556459665298 ], [ 398444.862665310269222, 3781170.396744659170508 ], [ 398444.862665310269222, 3781170.701932858675718 ], [ 398444.557477110880427, 3781171.007121058180928 ], [ 398441.505595116992481, 3781171.007121058180928 ], [ 398441.200406917603686, 3781171.312309257220477 ], [ 398440.895218718214892, 3781171.312309257220477 ] ] ] } },
{ "type": "Feature", "properties": { "confidence": 0.9951820969581604, "class": 1, "regularized": null }, "geometry": { "type": "Polygon", "coordinates": [ [ [ 398464.089521871821489, 3781088.606307222973555 ], [ 398463.784333672432695, 3781088.301119023468345 ], [ 398463.784333672432695, 3781087.995930823963135 ], [ 398463.4791454730439, 3781087.690742624457926 ], [ 398463.784333672432695, 3781087.385554425418377 ], [ 398463.784333672432695, 3781086.469989826902747 ], [ 398464.089521871821489, 3781086.164801627863199 ], [ 398464.089521871821489, 3781084.63886063080281 ], [ 398463.784333672432695, 3781084.3336724312976 ], [ 398463.784333672432695, 3781081.586978636682034 ], [ 398464.089521871821489, 3781081.281790437642485 ], [ 398464.089521871821489, 3781079.450661241076887 ], [ 398464.394710071210284, 3781079.145473041571677 ], [ 398464.394710071210284, 3781078.535096643026918 ], [ 398465.005086469987873, 3781077.924720244016498 ], [ 398465.005086469987873, 3781077.61953204497695 ], [ 398465.310274669376668, 3781077.61953204497695 ], [ 398465.920651068154257, 3781077.00915564596653 ], [ 398466.531027466931846, 3781077.00915564596653 ], [ 398466.836215666320641, 3781076.70396744646132 ], [ 398472.634791454707738, 3781076.70396744646132 ], [ 398472.939979654096533, 3781077.00915564596653 ], [ 398472.634791454707738, 3781077.31434384547174 ], [ 398472.634791454707738, 3781079.450661241076887 ], [ 398472.939979654096533, 3781079.755849440582097 ], [ 398472.634791454707738, 3781080.061037640087306 ], [ 398472.634791454707738, 3781086.469989826902747 ], [ 398472.329603255318943, 3781086.775178026407957 ], [ 398472.329603255318943, 3781088.606307222973555 ], [ 398469.888097660208587, 3781088.606307222973555 ], [ 398469.582909460819792, 3781088.301119023468345 ], [ 398468.667344862653408, 3781088.301119023468345 ], [ 398468.362156663264614, 3781087.995930823963135 ], [ 398467.141403865709435, 3781087.995930823963135 ], [ 398466.836215666320641, 3781088.301119023468345 ], [ 398466.531027466931846, 3781088.301119023468345 ], [ 398466.225839267543051, 3781088.606307222973555 ], [ 398464.089521871821489, 3781088.606307222973555 ] ] ] } },
{ "type": "Feature", "properties": { "confidence": 0.99497932195663452, "class": 1, "regularized": null }, "geometry": { "type": "Polygon", "coordinates": [ [ [ 398982.909460834169295, 3781071.210579857695848 ], [ 398982.6042726347805, 3781070.905391658190638 ], [ 398981.383519837225322, 3781070.905391658190638 ], [ 398981.078331637836527, 3781070.600203458685428 ], [ 398981.078331637836527, 3781066.937945066019893 ], [ 398981.383519837225322, 3781066.632756866514683 ], [ 398981.383519837225322, 3781064.801627670414746 ], [ 398981.688708036614116, 3781064.496439470909536 ], [ 398981.688708036614116, 3781062.970498473849148 ], [ 398981.993896236002911, 3781062.665310274809599 ], [ 398981.993896236002911, 3781062.054933875799179 ], [ 398983.214649033558089, 3781062.054933875799179 ], [ 398983.519837232946884, 3781061.749745676293969 ], [ 398987.487283825001214, 3781061.749745676293969 ], [ 398987.792472024390008, 3781062.054933875799179 ], [ 398989.928789420169778, 3781062.054933875799179 ], [ 398990.233977619558573, 3781062.360122075304389 ], [ 398992.06510681589134, 3781062.360122075304389 ], [ 398992.370295015280135, 3781062.665310274809599 ], [ 398992.980671414057724, 3781062.665310274809599 ], [ 398993.285859613446519, 3781062.970498473849148 ], [ 398993.591047812835313, 3781062.970498473849148 ], [ 398993.591047812835313, 3781063.275686673354357 ], [ 398993.896236012224108, 3781063.580874872859567 ], [ 398993.896236012224108, 3781065.106815869919956 ], [ 398993.591047812835313, 3781065.412004068959504 ], [ 398993.591047812835313, 3781065.717192268464714 ], [ 398993.285859613446519, 3781066.022380467969924 ], [ 398992.370295015280135, 3781066.022380467969924 ], [ 398992.06510681589134, 3781066.327568667475134 ], [ 398990.539165818947367, 3781066.327568667475134 ], [ 398990.233977619558573, 3781066.632756866514683 ], [ 398987.792472024390008, 3781066.632756866514683 ], [ 398987.487283825001214, 3781066.937945066019893 ], [ 398987.487283825001214, 3781067.548321465030313 ], [ 398987.792472024390008, 3781067.853509664069861 ], [ 398988.097660223778803, 3781067.853509664069861 ], [ 398988.708036622556392, 3781068.463886063080281 ], [ 398989.928789420169778, 3781068.463886063080281 ], [ 398989.928789420169778, 3781068.769074262585491 ], [ 398990.233977619558573, 3781069.07426246162504 ], [ 398990.233977619558573, 3781069.684638860635459 ], [ 398990.539165818947367, 3781069.989827060140669 ], [ 398990.233977619558573, 3781070.295015259180218 ], [ 398990.233977619558573, 3781070.600203458685428 ], [ 398989.623601220780984, 3781070.600203458685428 ], [ 398989.318413021392189, 3781070.905391658190638 ], [ 398988.708036622556392, 3781070.905391658190638 ], [ 398988.402848423167598, 3781071.210579857695848 ], [ 398982.909460834169295, 3781071.210579857695848 ] ] ] } },
{ "type": "Feature", "properties": { "confidence": 0.99481683969497681, "class": 1, "regularized": null }, "geometry": { "type": "Polygon", "coordinates": [ [ [ 398869.684638860635459, 3780631.739572736434639 ], [ 398869.379450661246665, 3780631.434384536929429 ], [ 398868.769074262469076, 3780631.434384536929429 ], [ 398868.769074262469076, 3780624.415055951103568 ], [ 398870.600203458801843, 3780624.415055951103568 ], [ 398870.905391658190638, 3780624.720244150608778 ], [ 398874.262461851467378, 3780624.720244150608778 ], [ 398874.567650050856173, 3780625.025432350113988 ], [ 398874.872838250244968, 3780625.025432350113988 ], [ 398874.872838250244968, 3780625.330620549153537 ], [ 398875.178026449633762, 3780625.635808748658746 ], [ 398875.178026449633762, 3780630.51881993887946 ], [ 398874.872838250244968, 3780630.51881993887946 ], [ 398874.567650050856173, 3780630.82400813838467 ], [ 398874.262461851467378, 3780630.82400813838467 ], [ 398873.652085452689789, 3780631.434384536929429 ], [ 398873.0417090539122, 3780631.434384536929429 ], [ 398872.736520854523405, 3780631.739572736434639 ], [ 398869.684638860635459, 3780631.739572736434639 ] ] ] } },
{ "type": "Feature", "properties": { "confidence": 0.99464130401611328, "class": 1, "regularized": null }, "geometry": { "type": "Polygon", "coordinates": [ [ [ 398434.181078331661411, 3780666.531027466990054 ], [ 398433.875890132272616, 3780666.225839267484844 ], [ 398433.570701932883821, 3780666.225839267484844 ], [ 398433.570701932883821, 3780661.03763987775892 ], [ 398434.486266531050205, 3780660.122075279708952 ], [ 398435.401831129216589, 3780660.122075279708952 ], [ 398435.707019328605384, 3780659.816887080203742 ], [ 398438.453713123104535, 3780659.816887080203742 ], [ 398438.75890132249333, 3780660.122075279708952 ], [ 398439.369277721270919, 3780660.122075279708952 ], [ 398439.674465920659713, 3780660.427263479214162 ], [ 398440.284842319437303, 3780660.427263479214162 ], [ 398440.284842319437303, 3780661.03763987775892 ], [ 398440.590030518826097, 3780661.34282807726413 ], [ 398440.590030518826097, 3780662.868769074324518 ], [ 398440.895218718214892, 3780663.173957273829728 ], [ 398440.895218718214892, 3780665.615462868940085 ], [ 398440.590030518826097, 3780665.920651067979634 ], [ 398440.284842319437303, 3780665.920651067979634 ], [ 398439.979654120048508, 3780666.225839267484844 ], [ 398439.674465920659713, 3780666.225839267484844 ], [ 398439.369277721270919, 3780666.531027466990054 ], [ 398434.181078331661411, 3780666.531027466990054 ] ] ] } },
{ "type": "Feature", "properties": { "confidence": 0.99448978900909424, "class": 1, "regularized": null }, "geometry": { "type": "Polygon", "coordinates": [ [ [ 398833.062054933863692, 3780888.097660223953426 ], [ 398832.756866734474897, 3780887.792472024448216 ], [ 398831.841302136308514, 3780887.792472024448216 ], [ 398831.841302136308514, 3780882.909460834227502 ], [ 398832.146490335697308, 3780882.604272634722292 ], [ 398832.146490335697308, 3780882.299084435217083 ], [ 398832.756866734474897, 3780881.688708036672324 ], [ 398833.062054933863692, 3780881.688708036672324 ], [ 398834.587995930807665, 3780880.162767039611936 ], [ 398834.587995930807665, 3780879.857578840106726 ], [ 398835.198372329585254, 3780879.247202441561967 ], [ 398835.503560528974049, 3780879.247202441561967 ], [ 398835.808748728362843, 3780878.942014242056757 ], [ 398836.419125127140433, 3780878.942014242056757 ], [ 398836.724313326529227, 3780878.636826042551547 ], [ 398842.522889114974532, 3780878.636826042551547 ], [ 398842.828077314363327, 3780878.942014242056757 ], [ 398842.828077314363327, 3780879.247202441561967 ], [ 398843.133265513752121, 3780879.552390641067177 ], [ 398842.828077314363327, 3780879.857578840106726 ], [ 398842.828077314363327, 3780881.078331637661904 ], [ 398843.133265513752121, 3780881.383519837167114 ], [ 398843.133265513752121, 3780884.740590030327439 ], [ 398843.438453713140916, 3780885.045778229832649 ], [ 398843.438453713140916, 3780887.487283824943006 ], [ 398837.945066124084406, 3780887.487283824943006 ], [ 398837.639877924695611, 3780887.792472024448216 ], [ 398834.28280773141887, 3780887.792472024448216 ], [ 398833.977619532030076, 3780888.097660223953426 ], [ 398833.062054933863692, 3780888.097660223953426 ] ] ] } },
{ "type": "Feature", "properties": { "confidence": 0.99446022510528564, "class": 1, "regularized": null }, "geometry": { "type": "Polygon", "coordinates": [ [ [ 398525.432349949143827, 3780683.621566632762551 ], [ 398524.821973550366238, 3780683.011190233752131 ], [ 398524.821973550366238, 3780679.348931841086596 ], [ 398525.127161749755032, 3780679.043743642047048 ], [ 398525.127161749755032, 3780677.212614445481449 ], [ 398525.432349949143827, 3780676.907426245976239 ], [ 398526.042726347921416, 3780676.907426245976239 ], [ 398526.347914547310211, 3780676.602238046936691 ], [ 398530.010172939975746, 3780676.602238046936691 ], [ 398530.315361139364541, 3780676.907426245976239 ], [ 398530.620549338753335, 3780676.907426245976239 ], [ 398530.92573753814213, 3780677.212614445481449 ], [ 398531.230925737530924, 3780677.212614445481449 ], [ 398531.230925737530924, 3780677.517802644986659 ], [ 398531.536113936919719, 3780677.822990844491869 ], [ 398531.841302136308514, 3780677.822990844491869 ], [ 398531.841302136308514, 3780678.433367243036628 ], [ 398532.146490335697308, 3780678.738555442541838 ], [ 398532.146490335697308, 3780679.654120040591806 ], [ 398531.841302136308514, 3780679.959308240097016 ], [ 398531.841302136308514, 3780682.095625635702163 ], [ 398531.536113936919719, 3780682.095625635702163 ], [ 398531.230925737530924, 3780682.400813835207373 ], [ 398531.230925737530924, 3780682.706002034712583 ], [ 398530.92573753814213, 3780683.011190233752131 ], [ 398530.92573753814213, 3780683.316378433257341 ], [ 398530.620549338753335, 3780683.316378433257341 ], [ 398530.315361139364541, 3780683.621566632762551 ], [ 398525.432349949143827, 3780683.621566632762551 ] ] ] } },
{ "type": "Feature", "properties": { "confidence": 0.99438369274139404, "class": 1, "regularized": null }, "geometry": { "type": "Polygon", "coordinates": [ [ [ 398431.129196337715257, 3780760.834181078244001 ], [ 398430.824008138326462, 3780760.528992878738791 ], [ 398430.518819938937668, 3780760.528992878738791 ], [ 398430.213631739548873, 3780760.223804679699242 ], [ 398430.213631739548873, 3780758.697863682638854 ], [ 398430.518819938937668, 3780758.392675483133644 ], [ 398430.518819938937668, 3780754.12004069192335 ], [ 398431.739572736492846, 3780754.12004069192335 ], [ 398432.044760935881641, 3780753.81485249241814 ], [ 398435.401831129216589, 3780753.81485249241814 ], [ 398435.707019328605384, 3780754.12004069192335 ], [ 398436.927772126160562, 3780754.12004069192335 ], [ 398437.843336724326946, 3780755.035605289973319 ], [ 398438.14852492371574, 3780755.035605289973319 ], [ 398438.14852492371574, 3780755.340793489478528 ], [ 398438.453713123104535, 3780755.645981688518077 ], [ 398438.75890132249333, 3780755.645981688518077 ], [ 398439.369277721270919, 3780756.256358087528497 ], [ 398439.979654120048508, 3780756.256358087528497 ], [ 398439.979654120048508, 3780756.561546287033707 ], [ 398440.284842319437303, 3780756.866734486073256 ], [ 398441.505595116992481, 3780756.866734486073256 ], [ 398441.810783316381276, 3780757.171922685578465 ], [ 398443.336724313325249, 3780757.171922685578465 ], [ 398443.336724313325249, 3780759.918616480194032 ], [ 398443.031536113936454, 3780759.918616480194032 ], [ 398442.726347914547659, 3780760.223804679699242 ], [ 398439.674465920659713, 3780760.223804679699242 ], [ 398439.369277721270919, 3780760.528992878738791 ], [ 398435.096642929827794, 3780760.528992878738791 ], [ 398434.791454730439, 3780760.834181078244001 ], [ 398431.129196337715257, 3780760.834181078244001 ] ] ] } },
{ "type": "Feature", "properties": { "confidence": 0.99410688877105713, "class": 1, "regularized": "rectangle" }, "geometry": { "type": "Polygon", "coordinates": [ [ [ 398600.8125, 3780739.75 ], [ 398613.9375, 3780739.75 ], [ 398613.9375, 3780753.25 ], [ 398600.8125, 3780753.25 ], [ 398600.8125, 3780739.75 ] ] ] } },
{ "type": "Feature", "properties": { "confidence": 0.99382472038269043, "class": 1, "regularized": null }, "geometry": { "type": "Polygon", "coordinates": [ [ [ 398845.879959308251273, 3781118.514750762842596 ], [ 398845.269582909473684, 3781117.904374364297837 ], [ 398844.964394710084889, 3781117.904374364297837 ], [ 398843.743641912529711, 3781116.683621566742659 ], [ 398843.133265513752121, 3781116.683621566742659 ], [ 398842.522889114974532, 3781116.073245167732239 ], [ 398842.217700915585738, 3781116.073245167732239 ], [ 398842.217700915585738, 3781115.46286876918748 ], [ 398841.607324516808148, 3781114.85249237017706 ], [ 398841.302136317419354, 3781114.85249237017706 ], [ 398841.302136317419354, 3781113.936927772127092 ], [ 398840.996948118030559, 3781113.631739572621882 ], [ 398840.691759918641765, 3781113.631739572621882 ], [ 398840.691759918641765, 3781112.105798575561494 ], [ 398840.996948118030559, 3781111.800610376521945 ], [ 398840.996948118030559, 3781111.495422177016735 ], [ 398841.302136317419354, 3781111.190233977511525 ], [ 398850.457782299083192, 3781111.190233977511525 ], [ 398850.457782299083192, 3781111.495422177016735 ], [ 398850.762970498471987, 3781111.800610376521945 ], [ 398850.762970498471987, 3781112.410986775066704 ], [ 398851.068158697860781, 3781112.716174974571913 ], [ 398851.068158697860781, 3781113.936927772127092 ], [ 398851.373346897249576, 3781114.242115971632302 ], [ 398851.373346897249576, 3781114.85249237017706 ], [ 398851.67853509663837, 3781115.15768056968227 ], [ 398851.67853509663837, 3781117.599186164792627 ], [ 398851.983723296027165, 3781117.904374364297837 ], [ 398851.67853509663837, 3781118.209562563803047 ], [ 398850.762970498471987, 3781118.209562563803047 ], [ 398850.457782299083192, 3781118.514750762842596 ], [ 398845.879959308251273, 3781118.514750762842596 ] ] ] } },
{ "type": "Feature", "properties": { "confidence": 0.99372124671936035, "class": 1, "regularized": "rectangle" }, "geometry": { "type": "Polygon", "coordinates": [ [ [ 398619.75, 3780995.25 ], [ 398619.75, 3780980.25 ], [ 398631.9375, 3780980.25 ], [ 398631.9375, 3780995.25 ], [ 398619.75, 3780995.25 ] ] ] } },
{ "type": "Feature", "properties": { "confidence": 0.99366909265518188, "class": 1, "regularized": null }, "geometry": { "type": "Polygon", "coordinates": [ [ [ 398920.956256358069368, 3780912.207527975551784 ], [ 398920.345879959291779, 3780911.597151577007025 ], [ 398920.345879959291779, 3780911.291963377501816 ], [ 398920.040691759902984, 3780910.986775177996606 ], [ 398920.040691759902984, 3780910.681586978491396 ], [ 398918.819938962347806, 3780909.460834180936217 ], [ 398918.819938962347806, 3780908.240081383381039 ], [ 398920.345879959291779, 3780906.714140386786312 ], [ 398921.871820956235752, 3780906.714140386786312 ], [ 398922.177009155624546, 3780907.019328585825861 ], [ 398925.839267548348289, 3780907.019328585825861 ], [ 398926.144455747737084, 3780907.32451678533107 ], [ 398926.144455747737084, 3780907.62970498483628 ], [ 398926.449643947125878, 3780907.93489318434149 ], [ 398926.449643947125878, 3780908.240081383381039 ], [ 398926.754832146514673, 3780908.545269582886249 ], [ 398926.754832146514673, 3780911.291963377501816 ], [ 398926.144455747737084, 3780911.902339776046574 ], [ 398925.839267548348289, 3780911.902339776046574 ], [ 398925.534079348959494, 3780912.207527975551784 ], [ 398920.956256358069368, 3780912.207527975551784 ] ] ] } },
{ "type": "Feature", "properties": { "confidence": 0.99346631765365601, "class": 1, "regularized": null }, "geometry": { "type": "Polygon", "coordinates": [ [ [ 398846.490335707028862, 3781073.041709053795785 ], [ 398846.490335707028862, 3781071.210579857695848 ], [ 398845.879959308251273, 3781070.600203458685428 ], [ 398844.964394710084889, 3781070.600203458685428 ], [ 398844.3540183113073, 3781069.989827060140669 ], [ 398843.743641912529711, 3781069.989827060140669 ], [ 398843.743641912529711, 3781062.970498473849148 ], [ 398844.048830111918505, 3781062.970498473849148 ], [ 398844.3540183113073, 3781062.665310274809599 ], [ 398844.3540183113073, 3781062.360122075304389 ], [ 398844.659206510696094, 3781062.360122075304389 ], [ 398844.964394710084889, 3781062.054933875799179 ], [ 398846.795523906417657, 3781062.054933875799179 ], [ 398847.100712105806451, 3781061.749745676293969 ], [ 398848.016276703972835, 3781061.749745676293969 ], [ 398848.32146490336163, 3781062.054933875799179 ], [ 398850.152594099694397, 3781062.054933875799179 ], [ 398850.457782299083192, 3781062.360122075304389 ], [ 398850.457782299083192, 3781066.327568667475134 ], [ 398850.152594099694397, 3781066.632756866514683 ], [ 398850.152594099694397, 3781067.548321465030313 ], [ 398849.847405900305603, 3781067.853509664069861 ], [ 398849.847405900305603, 3781071.820956256240606 ], [ 398849.542217700916808, 3781072.126144455745816 ], [ 398849.237029501528013, 3781072.126144455745816 ], [ 398848.931841302139219, 3781072.431332655251026 ], [ 398848.626653102750424, 3781072.431332655251026 ], [ 398848.016276703972835, 3781073.041709053795785 ], [ 398846.490335707028862, 3781073.041709053795785 ] ] ] } },
{ "type": "Feature", "properties": { "confidence": 0.99345970153808594, "class": 1, "regularized": null }, "geometry": { "type": "Polygon", "coordinates": [ [ [ 398940.793489318399224, 3780919.837232960388064 ], [ 398940.48830111901043, 3780919.532044760882854 ], [ 398940.183112919621635, 3780919.532044760882854 ], [ 398940.183112919621635, 3780918.006103763822466 ], [ 398939.877924720232841, 3780917.700915564782917 ], [ 398939.877924720232841, 3780916.174974567722529 ], [ 398939.572736520844046, 3780915.869786368217319 ], [ 398939.572736520844046, 3780915.564598168712109 ], [ 398938.962360122066457, 3780914.954221770167351 ], [ 398938.657171922677662, 3780914.954221770167351 ], [ 398938.046795523900073, 3780914.343845371156931 ], [ 398938.046795523900073, 3780911.902339776046574 ], [ 398938.351983723288868, 3780911.597151577007025 ], [ 398941.403865717176814, 3780911.597151577007025 ], [ 398941.709053916565608, 3780911.902339776046574 ], [ 398943.84537131228717, 3780911.902339776046574 ], [ 398944.150559511675965, 3780911.597151577007025 ], [ 398947.812817904399708, 3780911.597151577007025 ], [ 398948.118006103788503, 3780911.902339776046574 ], [ 398948.118006103788503, 3780912.512716175056994 ], [ 398947.812817904399708, 3780912.817904374562204 ], [ 398947.812817904399708, 3780914.343845371156931 ], [ 398947.507629705010913, 3780914.649033570662141 ], [ 398947.507629705010913, 3780918.921668362338096 ], [ 398946.897253306233324, 3780919.532044760882854 ], [ 398945.371312309231143, 3780919.532044760882854 ], [ 398945.066124109842349, 3780919.837232960388064 ], [ 398940.793489318399224, 3780919.837232960388064 ] ] ] } },
{ "type": "Feature", "properties": { "confidence": 0.99337571859359741, "class": 1, "regularized": null }, "geometry": { "type": "Polygon", "coordinates": [ [ [ 398502.848423194314819, 3781047.405900305137038 ], [ 398502.543234994926024, 3781047.100712105631828 ], [ 398502.23804679553723, 3781047.100712105631828 ], [ 398501.932858596148435, 3781046.79552390659228 ], [ 398501.62767039675964, 3781046.79552390659228 ], [ 398501.62767039675964, 3781046.49033570708707 ], [ 398501.017293997982051, 3781045.87995930807665 ], [ 398501.017293997982051, 3781045.269582909531891 ], [ 398500.712105798593257, 3781044.964394710026681 ], [ 398500.712105798593257, 3781044.659206510521472 ], [ 398508.341810783313122, 3781044.659206510521472 ], [ 398508.646998982701916, 3781044.354018311481923 ], [ 398508.646998982701916, 3781044.048830111976713 ], [ 398510.172939979645889, 3781044.048830111976713 ], [ 398510.172939979645889, 3781044.354018311481923 ], [ 398510.478128179034684, 3781044.659206510521472 ], [ 398511.088504577812273, 3781044.659206510521472 ], [ 398511.088504577812273, 3781046.79552390659228 ], [ 398510.783316378423478, 3781046.79552390659228 ], [ 398510.478128179034684, 3781047.100712105631828 ], [ 398503.153611393703613, 3781047.100712105631828 ], [ 398502.848423194314819, 3781047.405900305137038 ] ] ] } },
{ "type": "Feature", "properties": { "confidence": 0.99328774213790894, "class": 1, "regularized": null }, "geometry": { "type": "Polygon", "coordinates": [ [ [ 398906.307222787407227, 3781035.808748728595674 ], [ 398906.002034588018432, 3781035.503560529090464 ], [ 398904.781281790463254, 3781035.503560529090464 ], [ 398904.476093591074459, 3781035.198372329585254 ], [ 398903.560528992908075, 3781035.198372329585254 ], [ 398903.255340793461073, 3781034.893184130080044 ], [ 398902.950152594072279, 3781034.893184130080044 ], [ 398902.950152594072279, 3781034.587995931040496 ], [ 398902.644964394683484, 3781034.282807731535286 ], [ 398902.644964394683484, 3781031.536113936919719 ], [ 398902.339776195294689, 3781031.230925737414509 ], [ 398902.339776195294689, 3781030.62054933886975 ], [ 398902.644964394683484, 3781030.315361139364541 ], [ 398902.644964394683484, 3781028.484231942798942 ], [ 398907.527975584962405, 3781028.484231942798942 ], [ 398907.527975584962405, 3781035.808748728595674 ], [ 398906.307222787407227, 3781035.808748728595674 ] ] ] } },
{ "type": "Feature", "properties": { "confidence": 0.99306797981262207, "class": 1, "regularized": null }, "geometry": { "type": "Polygon", "coordinates": [ [ [ 398891.658189216686878, 3781082.807731434237212 ], [ 398891.658189216686878, 3781082.502543235197663 ], [ 398891.353001017298084, 3781082.197355035692453 ], [ 398891.353001017298084, 3781078.535096643026918 ], [ 398891.047812817909289, 3781078.229908443521708 ], [ 398891.047812817909289, 3781077.31434384547174 ], [ 398891.353001017298084, 3781077.00915564596653 ], [ 398891.353001017298084, 3781076.093591047916561 ], [ 398891.658189216686878, 3781075.788402848411351 ], [ 398895.930824008130003, 3781075.788402848411351 ], [ 398896.236012207518797, 3781076.093591047916561 ], [ 398896.541200406907592, 3781076.093591047916561 ], [ 398896.541200406907592, 3781076.398779247421771 ], [ 398896.846388606296387, 3781076.70396744646132 ], [ 398896.846388606296387, 3781077.00915564596653 ], [ 398897.76195320446277, 3781077.924720244016498 ], [ 398897.76195320446277, 3781079.145473041571677 ], [ 398898.067141403851565, 3781079.450661241076887 ], [ 398898.067141403851565, 3781081.586978636682034 ], [ 398898.37232960324036, 3781081.892166836187243 ], [ 398898.37232960324036, 3781082.197355035692453 ], [ 398898.067141403851565, 3781082.502543235197663 ], [ 398898.067141403851565, 3781082.807731434237212 ], [ 398891.658189216686878, 3781082.807731434237212 ] ] ] } },
{ "type": "Feature", "properties": { "confidence": 0.99292165040969849, "class": 1, "regularized": null }, "geometry": { "type": "Polygon", "coordinates": [ [ [ 398522.99084435403347, 3781094.404883011244237 ], [ 398522.685656154644676, 3781094.099694811739028 ], [ 398522.075279755867086, 3781094.099694811739028 ], [ 398521.770091556478292, 3781093.794506612233818 ], [ 398521.770091556478292, 3781090.437436419073492 ], [ 398522.075279755867086, 3781090.132248219568282 ], [ 398522.075279755867086, 3781089.521871821023524 ], [ 398522.380467955255881, 3781089.521871821023524 ], [ 398523.296032553422265, 3781088.606307222973555 ], [ 398523.296032553422265, 3781088.301119023468345 ], [ 398523.906408952199854, 3781088.301119023468345 ], [ 398524.211597151588649, 3781087.995930823963135 ], [ 398525.127161749755032, 3781087.995930823963135 ], [ 398525.432349949143827, 3781088.301119023468345 ], [ 398525.737538148532622, 3781088.301119023468345 ], [ 398526.042726347921416, 3781088.606307222973555 ], [ 398526.042726347921416, 3781088.911495422013104 ], [ 398526.347914547310211, 3781089.216683621518314 ], [ 398526.653102746699005, 3781089.216683621518314 ], [ 398526.9582909460878, 3781089.521871821023524 ], [ 398527.263479145476595, 3781089.521871821023524 ], [ 398527.568667344865389, 3781089.827060020528734 ], [ 398528.179043743642978, 3781089.827060020528734 ], [ 398528.484231943031773, 3781090.132248219568282 ], [ 398528.789420142420568, 3781090.132248219568282 ], [ 398529.399796541198157, 3781090.742624618578702 ], [ 398529.399796541198157, 3781092.878942014183849 ], [ 398529.704984740586951, 3781093.184130213689059 ], [ 398529.704984740586951, 3781093.489318413194269 ], [ 398529.399796541198157, 3781093.794506612233818 ], [ 398528.179043743642978, 3781093.794506612233818 ], [ 398527.873855544254184, 3781094.099694811739028 ], [ 398525.737538148532622, 3781094.099694811739028 ], [ 398525.432349949143827, 3781094.404883011244237 ], [ 398522.99084435403347, 3781094.404883011244237 ] ] ] } },
{ "type": "Feature", "properties": { "confidence": 0.99262481927871704, "class": 1, "regularized": "rectangle" }, "geometry": { "type": "Polygon", "coordinates": [ [ [ 398799.1875, 3781176.5 ], [ 398799.1875, 3781164.5 ], [ 398810.1875, 3781164.5 ], [ 398810.1875, 3781176.5 ], [ 398799.1875, 3781176.5 ] ] ] } },
{ "type": "Feature", "properties": { "confidence": 0.99229198694229126, "class": 1, "regularized": null }, "geometry": { "type": "Polygon", "coordinates": [ [ [ 398994.506612411001697, 3781043.743641912471503 ], [ 398994.201424211612903, 3781043.438453712966293 ], [ 398986.876907426223624, 3781043.438453712966293 ], [ 398986.57171922683483, 3781043.133265513926744 ], [ 398986.57171922683483, 3781037.029501526150852 ], [ 398986.876907426223624, 3781036.724313326645643 ], [ 398986.876907426223624, 3781036.419125127140433 ], [ 398987.487283825001214, 3781035.808748728595674 ], [ 398988.097660223778803, 3781035.808748728595674 ], [ 398988.402848423167598, 3781035.503560529090464 ], [ 398992.370295015280135, 3781035.503560529090464 ], [ 398992.67548321466893, 3781035.808748728595674 ], [ 398995.116988809779286, 3781035.808748728595674 ], [ 398995.422177009168081, 3781036.113936927635223 ], [ 398995.422177009168081, 3781036.419125127140433 ], [ 398995.727365208556876, 3781036.724313326645643 ], [ 398995.727365208556876, 3781037.334689725190401 ], [ 398996.03255340794567, 3781037.639877924695611 ], [ 398996.03255340794567, 3781037.945066124200821 ], [ 398996.337741607334465, 3781038.250254323706031 ], [ 398996.337741607334465, 3781039.165818921755999 ], [ 398996.948118006112054, 3781039.776195320300758 ], [ 398997.253306205500849, 3781039.776195320300758 ], [ 398997.558494404889643, 3781040.081383519805968 ], [ 398997.558494404889643, 3781043.438453712966293 ], [ 398996.337741607334465, 3781043.438453712966293 ], [ 398996.03255340794567, 3781043.743641912471503 ], [ 398994.506612411001697, 3781043.743641912471503 ] ] ] } },
{ "type": "Feature", "properties": { "confidence": 0.99217164516448975, "class": 1, "regularized": null }, "geometry": { "type": "Polygon", "coordinates": [ [ [ 398529.704984740586951, 3780848.423194303177297 ], [ 398529.704984740586951, 3780848.118006103672087 ], [ 398528.789420142420568, 3780847.202441505622119 ], [ 398528.789420142420568, 3780846.897253306116909 ], [ 398528.484231943031773, 3780846.592065106611699 ], [ 398528.179043743642978, 3780846.592065106611699 ], [ 398528.179043743642978, 3780846.28687690757215 ], [ 398527.873855544254184, 3780845.98168870806694 ], [ 398527.873855544254184, 3780841.403865717351437 ], [ 398528.179043743642978, 3780841.098677517846227 ], [ 398534.587995930807665, 3780841.098677517846227 ], [ 398534.89318413019646, 3780841.403865717351437 ], [ 398534.587995930807665, 3780841.709053916390985 ], [ 398534.587995930807665, 3780842.929806713946164 ], [ 398534.89318413019646, 3780843.234994913451374 ], [ 398535.198372329585254, 3780843.234994913451374 ], [ 398535.503560528974049, 3780843.540183112956583 ], [ 398537.029501525918022, 3780843.540183112956583 ], [ 398537.334689725306816, 3780843.845371312461793 ], [ 398537.639877924695611, 3780843.845371312461793 ], [ 398538.2502543234732, 3780844.455747711006552 ], [ 398538.555442522861995, 3780844.455747711006552 ], [ 398538.860630722250789, 3780844.760935910511762 ], [ 398539.165818921639584, 3780844.760935910511762 ], [ 398539.471007121086586, 3780845.066124110016972 ], [ 398540.081383519864175, 3780845.066124110016972 ], [ 398540.38657171925297, 3780845.37131230905652 ], [ 398540.691759918641765, 3780845.37131230905652 ], [ 398540.691759918641765, 3780848.423194303177297 ], [ 398529.704984740586951, 3780848.423194303177297 ] ] ] } },
{ "type": "Feature", "properties": { "confidence": 0.99185806512832642, "class": 1, "regularized": null }, "geometry": { "type": "Polygon", "coordinates": [ [ [ 398413.123092573776376, 3780999.79654120048508 ], [ 398412.817904374387581, 3780999.491353000979871 ], [ 398412.817904374387581, 3780998.880976602435112 ], [ 398412.512716174998786, 3780998.575788402929902 ], [ 398412.512716174998786, 3780997.660223804879934 ], [ 398412.207527975609992, 3780997.355035605374724 ], [ 398412.207527975609992, 3780996.744659206364304 ], [ 398411.902339776221197, 3780996.439471007324755 ], [ 398411.902339776221197, 3780994.913530010264367 ], [ 398412.207527975609992, 3780994.608341810759157 ], [ 398416.174974567664322, 3780994.608341810759157 ], [ 398416.480162767053116, 3780994.303153611253947 ], [ 398418.311291963385884, 3780994.303153611253947 ], [ 398418.311291963385884, 3780995.523906408809125 ], [ 398419.226856561552268, 3780996.439471007324755 ], [ 398419.226856561552268, 3780996.744659206364304 ], [ 398419.532044760941062, 3780997.049847405869514 ], [ 398419.532044760941062, 3780999.186164801474661 ], [ 398418.921668362163473, 3780999.79654120048508 ], [ 398413.123092573776376, 3780999.79654120048508 ] ] ] } },
{ "type": "Feature", "properties": { "confidence": 0.99103373289108276, "class": 1, "regularized": "rectangle" }, "geometry": { "type": "Polygon", "coordinates": [ [ [ 398804.6875, 3781073.5 ], [ 398804.6875, 3781060.5 ], [ 398813.8125, 3781060.5 ], [ 398813.8125, 3781073.5 ], [ 398804.6875, 3781073.5 ] ] ] } },
{ "type": "Feature", "properties": { "confidence": 0.99077409505844116, "class": 1, "regularized": null }, "geometry": { "type": "Polygon", "coordinates": [ [ [ 398785.757884028484114, 3781128.891149542294443 ], [ 398785.452695829095319, 3781128.585961342789233 ], [ 398781.485249237040989, 3781128.585961342789233 ], [ 398781.180061037652194, 3781128.280773143284023 ], [ 398780.8748728382634, 3781128.280773143284023 ], [ 398780.569684638874605, 3781127.975584944244474 ], [ 398780.569684638874605, 3781124.923702950123698 ], [ 398780.8748728382634, 3781124.618514750618488 ], [ 398780.8748728382634, 3781121.871820956468582 ], [ 398780.569684638874605, 3781121.566632756963372 ], [ 398780.8748728382634, 3781121.261444557458162 ], [ 398780.8748728382634, 3781120.040691759902984 ], [ 398781.180061037652194, 3781119.735503560397774 ], [ 398781.790437436429784, 3781119.735503560397774 ], [ 398782.095625635818578, 3781119.430315361358225 ], [ 398782.400813835207373, 3781119.430315361358225 ], [ 398782.706002034596168, 3781119.735503560397774 ], [ 398789.725330620538443, 3781119.735503560397774 ], [ 398789.725330620538443, 3781124.618514750618488 ], [ 398789.114954221760854, 3781125.228891149628907 ], [ 398788.80976602237206, 3781125.228891149628907 ], [ 398788.504577822983265, 3781125.534079349134117 ], [ 398788.504577822983265, 3781127.365208545234054 ], [ 398788.19938962359447, 3781127.670396744739264 ], [ 398788.19938962359447, 3781127.975584944244474 ], [ 398787.894201424205676, 3781128.280773143284023 ], [ 398787.894201424205676, 3781128.585961342789233 ], [ 398787.589013224816881, 3781128.891149542294443 ], [ 398785.757884028484114, 3781128.891149542294443 ] ] ] } },
{ "type": "Feature", "properties": { "confidence": 0.99069410562515259, "class": 1, "regularized": null }, "geometry": { "type": "Polygon", "coordinates": [ [ [ 398800.406917599204462, 3780874.059003051836044 ], [ 398800.101729399815667, 3780873.753814852330834 ], [ 398799.491353001038078, 3780873.753814852330834 ], [ 398798.880976602260489, 3780873.143438453786075 ], [ 398798.880976602260489, 3780872.838250254280865 ], [ 398798.575788402871694, 3780872.533062054775655 ], [ 398798.575788402871694, 3780871.922685656230897 ], [ 398798.880976602260489, 3780871.617497456725687 ], [ 398798.880976602260489, 3780861.54628687677905 ], [ 398803.458799593092408, 3780861.54628687677905 ], [ 398803.763987792481203, 3780861.85147507628426 ], [ 398804.374364191258792, 3780861.85147507628426 ], [ 398804.374364191258792, 3780862.156663275789469 ], [ 398804.984740590036381, 3780862.767039674334228 ], [ 398804.984740590036381, 3780863.377416073344648 ], [ 398805.289928789425176, 3780863.682604272849858 ], [ 398805.289928789425176, 3780863.987792471889406 ], [ 398805.900305188202765, 3780864.598168870899826 ], [ 398805.900305188202765, 3780864.903357070405036 ], [ 398806.205493387591559, 3780865.208545269444585 ], [ 398806.205493387591559, 3780865.513733468949795 ], [ 398807.121057985757943, 3780866.429298066999763 ], [ 398807.121057985757943, 3780866.734486266504973 ], [ 398807.426246185146738, 3780867.039674466010183 ], [ 398807.426246185146738, 3780868.565615463070571 ], [ 398807.731434384535532, 3780868.87080366211012 ], [ 398807.731434384535532, 3780873.143438453786075 ], [ 398807.426246185146738, 3780873.448626653291285 ], [ 398807.426246185146738, 3780873.753814852330834 ], [ 398807.121057985757943, 3780873.753814852330834 ], [ 398806.815869786369149, 3780874.059003051836044 ], [ 398800.406917599204462, 3780874.059003051836044 ] ] ] } },
{ "type": "Feature", "properties": { "confidence": 0.99022042751312256, "class": 1, "regularized": null }, "geometry": { "type": "Polygon", "coordinates": [ [ [ 398482.706002034596168, 3781063.275686673354357 ], [ 398482.400813835207373, 3781062.970498473849148 ], [ 398482.095625635818578, 3781062.970498473849148 ], [ 398482.095625635818578, 3781055.035605289973319 ], [ 398482.400813835207373, 3781054.730417090468109 ], [ 398487.589013224816881, 3781054.730417090468109 ], [ 398487.894201424205676, 3781055.035605289973319 ], [ 398487.894201424205676, 3781056.256358087528497 ], [ 398488.19938962359447, 3781056.561546287033707 ], [ 398488.19938962359447, 3781057.171922685578465 ], [ 398488.504577822983265, 3781057.477110885083675 ], [ 398488.504577822983265, 3781058.392675483133644 ], [ 398488.80976602237206, 3781058.697863682638854 ], [ 398488.80976602237206, 3781061.139369277749211 ], [ 398488.504577822983265, 3781061.444557477254421 ], [ 398488.504577822983265, 3781061.749745676293969 ], [ 398488.19938962359447, 3781062.054933875799179 ], [ 398488.19938962359447, 3781062.665310274809599 ], [ 398487.589013224816881, 3781063.275686673354357 ], [ 398482.706002034596168, 3781063.275686673354357 ] ] ] } },
{ "type": "Feature", "properties": { "confidence": 0.99018925428390503, "class": 1, "regularized": null }, "geometry": { "type": "Polygon", "coordinates": [ [ [ 398878.535096642910503, 3780843.540183112956583 ], [ 398878.535096642910503, 3780842.319430315401405 ], [ 398878.840284842299297, 3780842.014242115896195 ], [ 398878.840284842299297, 3780841.403865717351437 ], [ 398878.535096642910503, 3780841.098677517846227 ], [ 398878.535096642910503, 3780840.183112919796258 ], [ 398878.229908443521708, 3780839.877924720291048 ], [ 398878.229908443521708, 3780837.436419125180691 ], [ 398878.535096642910503, 3780837.131230925675482 ], [ 398878.535096642910503, 3780835.910478128120303 ], [ 398878.840284842299297, 3780835.605289928615093 ], [ 398887.080366225854959, 3780835.605289928615093 ], [ 398887.385554425243754, 3780835.910478128120303 ], [ 398888.301119023410138, 3780835.910478128120303 ], [ 398888.606307222798932, 3780836.215666327625513 ], [ 398889.216683621576522, 3780836.215666327625513 ], [ 398890.132248219742905, 3780837.131230925675482 ], [ 398890.132248219742905, 3780838.35198372323066 ], [ 398889.521871820965316, 3780838.96236012224108 ], [ 398889.521871820965316, 3780839.267548321280628 ], [ 398889.216683621576522, 3780839.572736520785838 ], [ 398889.216683621576522, 3780840.793489318341017 ], [ 398889.521871820965316, 3780841.098677517846227 ], [ 398889.521871820965316, 3780841.403865717351437 ], [ 398889.827060020354111, 3780841.709053916390985 ], [ 398889.827060020354111, 3780842.014242115896195 ], [ 398890.132248219742905, 3780842.319430315401405 ], [ 398890.132248219742905, 3780842.929806713946164 ], [ 398889.521871820965316, 3780842.929806713946164 ], [ 398889.521871820965316, 3780842.624618514906615 ], [ 398889.216683621576522, 3780842.319430315401405 ], [ 398887.995930824021343, 3780842.319430315401405 ], [ 398887.385554425243754, 3780842.929806713946164 ], [ 398887.080366225854959, 3780842.929806713946164 ], [ 398886.775178026466165, 3780843.234994913451374 ], [ 398886.46998982707737, 3780843.234994913451374 ], [ 398886.164801627688576, 3780843.540183112956583 ], [ 398878.535096642910503, 3780843.540183112956583 ] ] ] } },
{ "type": "Feature", "properties": { "confidence": 0.99017602205276489, "class": 1, "regularized": null }, "geometry": { "type": "Polygon", "coordinates": [ [ [ 398500.712105798593257, 3780705.900305188260972 ], [ 398500.406917599204462, 3780705.595116988755763 ], [ 398500.406917599204462, 3780703.458799593150616 ], [ 398500.712105798593257, 3780703.153611393645406 ], [ 398500.712105798593257, 3780701.932858596090227 ], [ 398501.017293997982051, 3780701.627670396585017 ], [ 398501.017293997982051, 3780699.186164801474661 ], [ 398500.712105798593257, 3780698.880976602435112 ], [ 398500.712105798593257, 3780697.965412003919482 ], [ 398501.017293997982051, 3780697.660223804879934 ], [ 398501.017293997982051, 3780697.355035605374724 ], [ 398501.322482197370846, 3780697.049847405869514 ], [ 398501.932858596148435, 3780697.049847405869514 ], [ 398502.23804679553723, 3780696.744659206364304 ], [ 398503.763987792481203, 3780696.744659206364304 ], [ 398504.069175991869997, 3780696.439471007324755 ], [ 398504.984740590036381, 3780696.439471007324755 ], [ 398505.289928789425176, 3780696.134282807819545 ], [ 398505.59511698881397, 3780696.134282807819545 ], [ 398505.900305188202765, 3780695.829094608314335 ], [ 398506.510681586980354, 3780695.829094608314335 ], [ 398506.815869786369149, 3780696.134282807819545 ], [ 398507.121057985757943, 3780696.134282807819545 ], [ 398507.426246185146738, 3780696.439471007324755 ], [ 398507.426246185146738, 3780697.355035605374724 ], [ 398507.731434384535532, 3780697.660223804879934 ], [ 398507.731434384535532, 3780700.712105798535049 ], [ 398507.426246185146738, 3780701.017293998040259 ], [ 398507.426246185146738, 3780701.322482197545469 ], [ 398506.510681586980354, 3780702.238046795595437 ], [ 398506.205493387591559, 3780702.238046795595437 ], [ 398505.900305188202765, 3780702.543234995100647 ], [ 398505.900305188202765, 3780702.848423194140196 ], [ 398505.59511698881397, 3780702.848423194140196 ], [ 398504.984740590036381, 3780703.458799593150616 ], [ 398504.984740590036381, 3780703.763987792655826 ], [ 398504.374364191258792, 3780704.374364191200584 ], [ 398504.374364191258792, 3780704.679552390705794 ], [ 398503.763987792481203, 3780705.289928789250553 ], [ 398503.458799593092408, 3780705.289928789250553 ], [ 398503.153611393703613, 3780705.595116988755763 ], [ 398502.848423194314819, 3780705.595116988755763 ], [ 398502.543234994926024, 3780705.900305188260972 ], [ 398500.712105798593257, 3780705.900305188260972 ] ] ] } },
{ "type": "Feature", "properties": { "confidence": 0.99005401134490967, "class": 1, "regularized": null }, "geometry": { "type": "Polygon", "coordinates": [ [ [ 398822.685656154644676, 3781024.211597151588649 ], [ 398822.380467955255881, 3781023.906408952083439 ], [ 398821.464903357089497, 3781023.906408952083439 ], [ 398821.159715157700703, 3781023.601220752578229 ], [ 398821.159715157700703, 3781022.075279755983502 ], [ 398821.464903357089497, 3781021.770091556478292 ], [ 398821.464903357089497, 3781018.107833163812757 ], [ 398821.770091556478292, 3781017.802644964307547 ], [ 398821.770091556478292, 3781016.581892166752368 ], [ 398822.075279755867086, 3781016.276703967247158 ], [ 398822.075279755867086, 3781015.97151576820761 ], [ 398822.380467955255881, 3781015.6663275687024 ], [ 398822.380467955255881, 3781015.36113936919719 ], [ 398823.296032553422265, 3781014.445574771147221 ], [ 398825.737538148532622, 3781014.445574771147221 ], [ 398826.042726347921416, 3781014.140386571642011 ], [ 398826.347914547310211, 3781014.445574771147221 ], [ 398827.263479145476595, 3781014.445574771147221 ], [ 398827.568667344865389, 3781014.750762970652431 ], [ 398827.568667344865389, 3781015.05595116969198 ], [ 398827.873855544254184, 3781015.36113936919719 ], [ 398827.873855544254184, 3781018.718209562357515 ], [ 398827.568667344865389, 3781019.023397761862725 ], [ 398827.568667344865389, 3781022.99084435403347 ], [ 398826.9582909460878, 3781023.601220752578229 ], [ 398826.042726347921416, 3781023.601220752578229 ], [ 398825.737538148532622, 3781023.906408952083439 ], [ 398824.516785350977443, 3781023.906408952083439 ], [ 398824.211597151588649, 3781024.211597151588649 ], [ 398822.685656154644676, 3781024.211597151588649 ] ] ] } },
{ "type": "Feature", "properties": { "confidence": 0.98957633972167969, "class": 1, "regularized": "rectangle" }, "geometry": { "type": "Polygon", "coordinates": [ [ [ 398828.8125, 3780847.0 ], [ 398845.5625, 3780847.0 ], [ 398845.5625, 3780858.0 ], [ 398828.8125, 3780858.0 ], [ 398828.8125, 3780847.0 ] ] ] } },
{ "type": "Feature", "properties": { "confidence": 0.98856145143508911, "class": 1, "regularized": null }, "geometry": { "type": "Polygon", "coordinates": [ [ [ 398629.501525941013824, 3780899.084435401950032 ], [ 398629.19633774162503, 3780898.779247202444822 ], [ 398629.19633774162503, 3780897.863682604394853 ], [ 398629.501525941013824, 3780897.558494404889643 ], [ 398629.501525941013824, 3780896.948118005879223 ], [ 398629.806714140402619, 3780896.642929806839675 ], [ 398629.806714140402619, 3780896.032553407829255 ], [ 398630.111902339791413, 3780895.727365208324045 ], [ 398630.111902339791413, 3780895.422177009284496 ], [ 398630.417090539180208, 3780895.116988809779286 ], [ 398630.417090539180208, 3780894.811800610274076 ], [ 398630.722278738569003, 3780894.506612410768867 ], [ 398630.722278738569003, 3780894.201424211729318 ], [ 398631.027466937957797, 3780893.896236012224108 ], [ 398631.027466937957797, 3780893.591047812718898 ], [ 398632.248219735512976, 3780893.591047812718898 ], [ 398632.55340793490177, 3780893.285859613213688 ], [ 398636.826042726344895, 3780893.285859613213688 ], [ 398636.826042726344895, 3780894.201424211729318 ], [ 398637.131230925733689, 3780894.506612410768867 ], [ 398637.131230925733689, 3780895.422177009284496 ], [ 398637.436419125122484, 3780895.727365208324045 ], [ 398637.436419125122484, 3780897.253306205384433 ], [ 398637.131230925733689, 3780897.558494404889643 ], [ 398635.910478128178511, 3780897.558494404889643 ], [ 398635.605289928789716, 3780897.863682604394853 ], [ 398634.689725330623332, 3780897.863682604394853 ], [ 398634.079348931845743, 3780898.474059002939612 ], [ 398633.774160732456949, 3780898.474059002939612 ], [ 398633.468972533068154, 3780898.779247202444822 ], [ 398633.163784333679359, 3780898.779247202444822 ], [ 398632.858596134290565, 3780899.084435401950032 ], [ 398629.501525941013824, 3780899.084435401950032 ] ] ] } },
{ "type": "Feature", "properties": { "confidence": 0.9883953332901001, "class": 1, "regularized": null }, "geometry": { "type": "Polygon", "coordinates": [ [ [ 398544.659206510696094, 3781153.001017293892801 ], [ 398544.3540183113073, 3781152.695829094387591 ], [ 398544.048830111918505, 3781152.695829094387591 ], [ 398544.048830111918505, 3781148.118006103672087 ], [ 398544.3540183113073, 3781147.812817904166877 ], [ 398544.3540183113073, 3781147.202441505622119 ], [ 398544.659206510696094, 3781146.897253306116909 ], [ 398544.659206510696094, 3781146.592065106611699 ], [ 398544.964394710084889, 3781146.28687690757215 ], [ 398548.626653102750424, 3781146.28687690757215 ], [ 398548.931841302139219, 3781145.98168870806694 ], [ 398550.152594099694397, 3781145.98168870806694 ], [ 398550.457782299083192, 3781145.67650050856173 ], [ 398551.373346897249576, 3781145.67650050856173 ], [ 398551.67853509663837, 3781145.98168870806694 ], [ 398552.594099694804754, 3781145.98168870806694 ], [ 398552.899287894193549, 3781146.28687690757215 ], [ 398553.204476093582343, 3781146.28687690757215 ], [ 398553.509664292971138, 3781146.592065106611699 ], [ 398553.509664292971138, 3781149.033570701722056 ], [ 398553.204476093582343, 3781149.338758901227266 ], [ 398553.204476093582343, 3781149.949135300237685 ], [ 398552.899287894193549, 3781150.254323499277234 ], [ 398552.899287894193549, 3781151.780264496337622 ], [ 398552.594099694804754, 3781152.085452695842832 ], [ 398552.594099694804754, 3781152.390640895348042 ], [ 398552.28891149541596, 3781152.695829094387591 ], [ 398548.016276703972835, 3781152.695829094387591 ], [ 398547.71108850458404, 3781153.001017293892801 ], [ 398544.659206510696094, 3781153.001017293892801 ] ] ] } },
{ "type": "Feature", "properties": { "confidence": 0.9880555272102356, "class": 1, "regularized": null }, "geometry": { "type": "Polygon", "coordinates": [ [ [ 398517.192268565588165, 3780965.920651067979634 ], [ 398517.192268565588165, 3780958.290946083609015 ], [ 398520.244150559534319, 3780958.290946083609015 ], [ 398520.549338758923113, 3780958.596134282648563 ], [ 398520.549338758923113, 3780959.816887080203742 ], [ 398520.854526958311908, 3780960.122075279708952 ], [ 398520.854526958311908, 3780961.03763987775892 ], [ 398521.159715157700703, 3780961.34282807726413 ], [ 398521.159715157700703, 3780965.005086469929665 ], [ 398520.854526958311908, 3780965.310274669434875 ], [ 398519.938962360145524, 3780965.310274669434875 ], [ 398519.63377416075673, 3780965.615462868940085 ], [ 398519.02339776197914, 3780965.615462868940085 ], [ 398518.718209562590346, 3780965.920651067979634 ], [ 398517.192268565588165, 3780965.920651067979634 ] ] ] } },
{ "type": "Feature", "properties": { "confidence": 0.98784631490707397, "class": 1, "regularized": "rectangle" }, "geometry": { "type": "Polygon", "coordinates": [ [ [ 398671.3125, 3780981.0 ], [ 398683.5625, 3780981.0 ], [ 398683.5625, 3780991.0 ], [ 398671.3125, 3780991.0 ], [ 398671.3125, 3780981.0 ] ] ] } },
{ "type": "Feature", "properties": { "confidence": 0.98775601387023926, "class": 1, "regularized": null }, "geometry": { "type": "Polygon", "coordinates": [ [ [ 398500.712105798593257, 3781059.918616480194032 ], [ 398500.406917599204462, 3781059.613428280688822 ], [ 398500.101729399815667, 3781059.613428280688822 ], [ 398500.101729399815667, 3781059.308240081183612 ], [ 398499.796541200426873, 3781059.003051882144064 ], [ 398499.796541200426873, 3781056.561546287033707 ], [ 398499.491353001038078, 3781056.256358087528497 ], [ 398499.491353001038078, 3781051.678535096812993 ], [ 398500.101729399815667, 3781051.068158697802573 ], [ 398501.017293997982051, 3781051.068158697802573 ], [ 398501.322482197370846, 3781050.762970498297364 ], [ 398507.731434384535532, 3781050.762970498297364 ], [ 398508.036622583924327, 3781051.068158697802573 ], [ 398508.341810783313122, 3781051.068158697802573 ], [ 398508.646998982701916, 3781051.373346897307783 ], [ 398509.867751780257095, 3781051.373346897307783 ], [ 398510.172939979645889, 3781051.678535096812993 ], [ 398510.172939979645889, 3781051.983723295852542 ], [ 398510.783316378423478, 3781052.594099694862962 ], [ 398510.783316378423478, 3781053.81485249241814 ], [ 398510.478128179034684, 3781054.12004069192335 ], [ 398510.478128179034684, 3781055.035605289973319 ], [ 398510.172939979645889, 3781055.340793489478528 ], [ 398510.172939979645889, 3781055.951169888023287 ], [ 398509.867751780257095, 3781056.256358087528497 ], [ 398509.867751780257095, 3781056.561546287033707 ], [ 398509.5625635808683, 3781056.866734486073256 ], [ 398509.5625635808683, 3781057.171922685578465 ], [ 398509.257375381479505, 3781057.477110885083675 ], [ 398509.257375381479505, 3781057.782299084588885 ], [ 398508.646998982701916, 3781058.392675483133644 ], [ 398508.646998982701916, 3781059.003051882144064 ], [ 398508.341810783313122, 3781059.308240081183612 ], [ 398507.731434384535532, 3781059.308240081183612 ], [ 398507.426246185146738, 3781059.613428280688822 ], [ 398504.679552390647586, 3781059.613428280688822 ], [ 398504.374364191258792, 3781059.918616480194032 ], [ 398500.712105798593257, 3781059.918616480194032 ] ] ] } },
{ "type": "Feature", "properties": { "confidence": 0.98753184080123901, "class": 1, "regularized": null }, "geometry": { "type": "Polygon", "coordinates": [ [ [ 398540.996948118030559, 3780643.031536113936454 ], [ 398540.691759918641765, 3780642.726347914431244 ], [ 398540.691759918641765, 3780638.758901322260499 ], [ 398540.996948118030559, 3780638.45371312322095 ], [ 398541.607324516808148, 3780638.45371312322095 ], [ 398541.912512716196943, 3780638.14852492371574 ], [ 398552.594099694804754, 3780638.14852492371574 ], [ 398553.204476093582343, 3780638.758901322260499 ], [ 398553.204476093582343, 3780639.064089521765709 ], [ 398553.509664292971138, 3780639.369277721270919 ], [ 398553.509664292971138, 3780642.726347914431244 ], [ 398548.931841302139219, 3780642.726347914431244 ], [ 398548.626653102750424, 3780643.031536113936454 ], [ 398540.996948118030559, 3780643.031536113936454 ] ] ] } },
{ "type": "Feature", "properties": { "confidence": 0.98748207092285156, "class": 1, "regularized": "rectangle" }, "geometry": { "type": "Polygon", "coordinates": [ [ [ 398981.375, 3781003.25 ], [ 398996.625, 3781003.25 ], [ 398996.625, 3781012.25 ], [ 398981.375, 3781012.25 ], [ 398981.375, 3781003.25 ] ] ] } },
{ "type": "Feature", "properties": { "confidence": 0.98636001348495483, "class": 1, "regularized": null }, "geometry": { "type": "Polygon", "coordinates": [ [ [ 398800.712105798593257, 3780829.501525940839201 ], [ 398800.406917599204462, 3780829.196337741799653 ], [ 398800.406917599204462, 3780828.891149542294443 ], [ 398800.101729399815667, 3780828.585961342789233 ], [ 398800.101729399815667, 3780823.397761953063309 ], [ 398800.406917599204462, 3780823.092573754023761 ], [ 398808.341810783313122, 3780823.092573754023761 ], [ 398808.646998982701916, 3780823.397761953063309 ], [ 398808.646998982701916, 3780824.008138352073729 ], [ 398808.952187182090711, 3780824.313326551578939 ], [ 398808.952187182090711, 3780825.228891149628907 ], [ 398808.646998982701916, 3780825.534079349134117 ], [ 398808.646998982701916, 3780826.144455747678876 ], [ 398808.952187182090711, 3780826.449643947184086 ], [ 398808.952187182090711, 3780828.585961342789233 ], [ 398808.646998982701916, 3780828.891149542294443 ], [ 398808.646998982701916, 3780829.196337741799653 ], [ 398804.069175991869997, 3780829.196337741799653 ], [ 398803.763987792481203, 3780829.501525940839201 ], [ 398800.712105798593257, 3780829.501525940839201 ] ] ] } },
{ "type": "Feature", "properties": { "confidence": 0.98616427183151245, "class": 1, "regularized": null }, "geometry": { "type": "Polygon", "coordinates": [ [ [ 398754.323499491380062, 3780755.951169888023287 ], [ 398754.018311291991267, 3780755.645981688518077 ], [ 398754.018311291991267, 3780744.659206510521472 ], [ 398754.323499491380062, 3780744.354018311481923 ], [ 398754.933875890157651, 3780744.354018311481923 ], [ 398755.239064089546446, 3780744.048830111976713 ], [ 398755.849440488324035, 3780744.048830111976713 ], [ 398756.15462868771283, 3780744.354018311481923 ], [ 398756.459816887101624, 3780744.354018311481923 ], [ 398756.459816887101624, 3780744.659206510521472 ], [ 398756.765005086490419, 3780744.964394710026681 ], [ 398756.765005086490419, 3780755.951169888023287 ], [ 398754.323499491380062, 3780755.951169888023287 ] ] ] } },
{ "type": "Feature", "properties": { "confidence": 0.98605853319168091, "class": 1, "regularized": null }, "geometry": { "type": "Polygon", "coordinates": [ [ [ 398444.557477110880427, 3780869.17599186161533 ], [ 398444.252288911491632, 3780868.87080366211012 ], [ 398443.031536113936454, 3780868.87080366211012 ], [ 398442.726347914547659, 3780868.565615463070571 ], [ 398442.421159715158865, 3780868.565615463070571 ], [ 398442.421159715158865, 3780868.260427263565361 ], [ 398442.11597151577007, 3780867.955239064060152 ], [ 398441.810783316381276, 3780867.955239064060152 ], [ 398441.505595116992481, 3780867.650050864554942 ], [ 398441.200406917603686, 3780867.650050864554942 ], [ 398440.590030518826097, 3780867.039674466010183 ], [ 398440.590030518826097, 3780863.682604272849858 ], [ 398440.895218718214892, 3780863.377416073344648 ], [ 398441.810783316381276, 3780863.377416073344648 ], [ 398442.11597151577007, 3780863.072227873839438 ], [ 398443.641912512714043, 3780863.072227873839438 ], [ 398443.947100712102838, 3780862.767039674334228 ], [ 398447.914547304157168, 3780862.767039674334228 ], [ 398448.219735503545962, 3780863.072227873839438 ], [ 398448.524923702934757, 3780863.072227873839438 ], [ 398449.440488301101141, 3780863.987792471889406 ], [ 398449.440488301101141, 3780864.292980671394616 ], [ 398449.745676500489935, 3780864.598168870899826 ], [ 398449.745676500489935, 3780867.955239064060152 ], [ 398449.440488301101141, 3780868.260427263565361 ], [ 398449.440488301101141, 3780868.565615463070571 ], [ 398449.135300101712346, 3780868.87080366211012 ], [ 398448.524923702934757, 3780868.87080366211012 ], [ 398448.219735503545962, 3780869.17599186161533 ], [ 398444.557477110880427, 3780869.17599186161533 ] ] ] } },
{ "type": "Feature", "properties": { "confidence": 0.98592007160186768, "class": 1, "regularized": null }, "geometry": { "type": "Polygon", "coordinates": [ [ [ 398665.818921668338589, 3781059.308240081183612 ], [ 398665.513733468949795, 3781059.003051882144064 ], [ 398665.208545269561, 3781059.003051882144064 ], [ 398664.903357070172206, 3781058.697863682638854 ], [ 398664.903357070172206, 3781057.171922685578465 ], [ 398665.208545269561, 3781056.866734486073256 ], [ 398665.208545269561, 3781054.12004069192335 ], [ 398665.513733468949795, 3781053.81485249241814 ], [ 398665.513733468949795, 3781052.288911495357752 ], [ 398665.818921668338589, 3781051.983723295852542 ], [ 398670.396744659228716, 3781051.983723295852542 ], [ 398671.007121058006305, 3781052.594099694862962 ], [ 398671.007121058006305, 3781054.730417090468109 ], [ 398671.3123092573951, 3781055.035605289973319 ], [ 398671.3123092573951, 3781058.392675483133644 ], [ 398671.007121058006305, 3781058.697863682638854 ], [ 398670.091556459839921, 3781058.697863682638854 ], [ 398669.786368260451127, 3781059.003051882144064 ], [ 398669.481180061062332, 3781059.003051882144064 ], [ 398669.175991861673538, 3781059.308240081183612 ], [ 398665.818921668338589, 3781059.308240081183612 ] ] ] } },
{ "type": "Feature", "properties": { "confidence": 0.98588645458221436, "class": 1, "regularized": null }, "geometry": { "type": "Polygon", "coordinates": [ [ [ 398944.45574771106476, 3780814.547304171137512 ], [ 398943.84537131228717, 3780813.936927772127092 ], [ 398943.540183112898376, 3780813.936927772127092 ], [ 398942.624618514731992, 3780813.021363174077123 ], [ 398942.014242115954403, 3780813.021363174077123 ], [ 398941.709053916565608, 3780812.716174974571913 ], [ 398941.403865717176814, 3780812.716174974571913 ], [ 398941.098677517788019, 3780812.410986775066704 ], [ 398939.572736520844046, 3780812.410986775066704 ], [ 398939.267548321455251, 3780812.105798575561494 ], [ 398938.351983723288868, 3780812.105798575561494 ], [ 398938.046795523900073, 3780811.800610376521945 ], [ 398933.163784333679359, 3780811.800610376521945 ], [ 398932.858596134290565, 3780812.105798575561494 ], [ 398932.858596134290565, 3780812.410986775066704 ], [ 398931.943031536124181, 3780812.410986775066704 ], [ 398931.943031536124181, 3780811.800610376521945 ], [ 398931.637843336735386, 3780811.495422177016735 ], [ 398931.332655137346592, 3780811.495422177016735 ], [ 398931.332655137346592, 3780807.52797558484599 ], [ 398931.637843336735386, 3780807.22278738534078 ], [ 398934.079348931845743, 3780807.22278738534078 ], [ 398934.384537131234538, 3780806.917599186301231 ], [ 398934.994913530012127, 3780806.917599186301231 ], [ 398935.300101729400922, 3780806.612410986796021 ], [ 398935.300101729400922, 3780806.002034587785602 ], [ 398935.605289928789716, 3780805.696846388746053 ], [ 398935.605289928789716, 3780803.560528992675245 ], [ 398936.5208545269561, 3780803.560528992675245 ], [ 398936.826042726344895, 3780803.255340793635696 ], [ 398939.572736520844046, 3780803.255340793635696 ], [ 398939.877924720232841, 3780803.560528992675245 ], [ 398941.098677517788019, 3780803.560528992675245 ], [ 398941.709053916565608, 3780804.170905391685665 ], [ 398941.709053916565608, 3780805.086469989735633 ], [ 398942.014242115954403, 3780805.391658189240843 ], [ 398942.014242115954403, 3780805.696846388746053 ], [ 398942.319430315343197, 3780806.002034587785602 ], [ 398942.319430315343197, 3780806.307222787290812 ], [ 398942.929806714120787, 3780806.917599186301231 ], [ 398943.540183112898376, 3780806.917599186301231 ], [ 398943.540183112898376, 3780807.22278738534078 ], [ 398944.150559511675965, 3780807.8331637843512 ], [ 398944.150559511675965, 3780808.13835198385641 ], [ 398944.45574771106476, 3780808.443540182895958 ], [ 398944.45574771106476, 3780809.053916581906378 ], [ 398944.760935910453554, 3780809.359104781411588 ], [ 398944.760935910453554, 3780812.410986775066704 ], [ 398945.066124109842349, 3780812.716174974571913 ], [ 398945.066124109842349, 3780813.936927772127092 ], [ 398944.45574771106476, 3780814.547304171137512 ] ] ] } },
{ "type": "Feature", "properties": { "confidence": 0.98562407493591309, "class": 1, "regularized": null }, "geometry": { "type": "Polygon", "coordinates": [ [ [ 398893.184130213630851, 3780731.230925737414509 ], [ 398893.184130213630851, 3780726.958290946204215 ], [ 398893.794506612408441, 3780726.347914547193795 ], [ 398897.151576805685181, 3780726.347914547193795 ], [ 398897.456765005073976, 3780726.042726347688586 ], [ 398904.170905391685665, 3780726.042726347688586 ], [ 398904.476093591074459, 3780726.347914547193795 ], [ 398904.781281790463254, 3780726.347914547193795 ], [ 398904.781281790463254, 3780729.094608341809362 ], [ 398904.476093591074459, 3780729.399796541314572 ], [ 398904.476093591074459, 3780729.704984740819782 ], [ 398904.170905391685665, 3780730.010172939859331 ], [ 398904.170905391685665, 3780731.230925737414509 ], [ 398893.184130213630851, 3780731.230925737414509 ] ] ] } },
{ "type": "Feature", "properties": { "confidence": 0.98495286703109741, "class": 1, "regularized": null }, "geometry": { "type": "Polygon", "coordinates": [ [ [ 398980.162767039670143, 3780964.394710071384907 ], [ 398980.162767039670143, 3780964.089521871879697 ], [ 398979.857578840281349, 3780963.784333672374487 ], [ 398980.162767039670143, 3780963.479145472869277 ], [ 398980.162767039670143, 3780959.206510681658983 ], [ 398979.857578840281349, 3780958.901322482153773 ], [ 398979.857578840281349, 3780957.985757884103805 ], [ 398981.993896236002911, 3780957.985757884103805 ], [ 398983.214649033558089, 3780959.206510681658983 ], [ 398983.825025432335678, 3780959.206510681658983 ], [ 398984.130213631724473, 3780959.511698881164193 ], [ 398984.435401831113268, 3780959.511698881164193 ], [ 398984.740590030502062, 3780959.816887080203742 ], [ 398985.350966429279651, 3780959.816887080203742 ], [ 398985.656154628668446, 3780960.122075279708952 ], [ 398985.961342828057241, 3780960.122075279708952 ], [ 398986.266531027446035, 3780960.427263479214162 ], [ 398986.57171922683483, 3780960.427263479214162 ], [ 398986.876907426223624, 3780960.732451678719372 ], [ 398987.487283825001214, 3780960.732451678719372 ], [ 398987.792472024390008, 3780961.03763987775892 ], [ 398988.402848423167598, 3780961.03763987775892 ], [ 398988.402848423167598, 3780961.34282807726413 ], [ 398988.708036622556392, 3780961.64801627676934 ], [ 398988.708036622556392, 3780963.479145472869277 ], [ 398988.097660223778803, 3780964.089521871879697 ], [ 398986.266531027446035, 3780964.089521871879697 ], [ 398985.961342828057241, 3780964.394710071384907 ], [ 398980.162767039670143, 3780964.394710071384907 ] ] ] } },
{ "type": "Feature", "properties": { "confidence": 0.98482692241668701, "class": 1, "regularized": null }, "geometry": { "type": "Polygon", "coordinates": [ [ [ 398927.365208545292262, 3781128.585961342789233 ], [ 398927.060020345903467, 3781128.280773143284023 ], [ 398927.060020345903467, 3781124.923702950123698 ], [ 398927.365208545292262, 3781124.618514750618488 ], [ 398927.670396744681057, 3781124.618514750618488 ], [ 398927.975584944069851, 3781124.313326551578939 ], [ 398928.280773143458646, 3781124.313326551578939 ], [ 398928.58596134284744, 3781124.008138352073729 ], [ 398929.19633774162503, 3781124.008138352073729 ], [ 398929.806714140402619, 3781123.397761953063309 ], [ 398930.111902339791413, 3781123.397761953063309 ], [ 398930.417090539180208, 3781123.092573754023761 ], [ 398930.417090539180208, 3781122.177009155508131 ], [ 398930.722278738569003, 3781122.177009155508131 ], [ 398931.027466937957797, 3781121.871820956468582 ], [ 398934.079348931845743, 3781121.871820956468582 ], [ 398934.384537131234538, 3781122.177009155508131 ], [ 398934.384537131234538, 3781123.092573754023761 ], [ 398934.689725330623332, 3781123.397761953063309 ], [ 398934.689725330623332, 3781125.228891149628907 ], [ 398934.384537131234538, 3781125.534079349134117 ], [ 398934.384537131234538, 3781127.365208545234054 ], [ 398934.079348931845743, 3781127.365208545234054 ], [ 398933.774160732456949, 3781127.670396744739264 ], [ 398933.468972533068154, 3781127.670396744739264 ], [ 398932.858596134290565, 3781128.280773143284023 ], [ 398928.891149542236235, 3781128.280773143284023 ], [ 398928.58596134284744, 3781128.585961342789233 ], [ 398927.365208545292262, 3781128.585961342789233 ] ] ] } },
{ "type": "Feature", "properties": { "confidence": 0.98448216915130615, "class": 1, "regularized": null }, "geometry": { "type": "Polygon", "coordinates": [ [ [ 398980.773143438447732, 3780934.791454730555415 ], [ 398980.467955239058938, 3780934.486266531050205 ], [ 398980.162767039670143, 3780934.486266531050205 ], [ 398980.773143438447732, 3780933.875890132039785 ], [ 398980.773143438447732, 3780931.12919633788988 ], [ 398980.467955239058938, 3780930.82400813838467 ], [ 398980.467955239058938, 3780930.51881993887946 ], [ 398980.162767039670143, 3780930.21363173937425 ], [ 398980.162767039670143, 3780929.908443540334702 ], [ 398979.552390640892554, 3780929.298067141324282 ], [ 398979.552390640892554, 3780928.992878941819072 ], [ 398979.857578840281349, 3780928.687690742779523 ], [ 398979.857578840281349, 3780928.382502543274313 ], [ 398980.467955239058938, 3780928.382502543274313 ], [ 398980.773143438447732, 3780928.077314343769103 ], [ 398981.078331637836527, 3780928.077314343769103 ], [ 398981.383519837225322, 3780927.772126144263893 ], [ 398982.299084435391705, 3780927.772126144263893 ], [ 398982.6042726347805, 3780927.466937945224345 ], [ 398982.909460834169295, 3780927.466937945224345 ], [ 398983.214649033558089, 3780927.161749745719135 ], [ 398983.214649033558089, 3780926.856561546213925 ], [ 398988.402848423167598, 3780926.856561546213925 ], [ 398988.402848423167598, 3780927.161749745719135 ], [ 398988.708036622556392, 3780927.466937945224345 ], [ 398989.318413021392189, 3780927.466937945224345 ], [ 398989.623601220780984, 3780927.772126144263893 ], [ 398990.539165818947367, 3780927.772126144263893 ], [ 398990.844354018336162, 3780928.077314343769103 ], [ 398991.149542217724957, 3780928.077314343769103 ], [ 398991.454730417113751, 3780928.382502543274313 ], [ 398991.454730417113751, 3780930.21363173937425 ], [ 398991.149542217724957, 3780930.51881993887946 ], [ 398991.149542217724957, 3780931.12919633788988 ], [ 398990.844354018336162, 3780931.434384536929429 ], [ 398989.623601220780984, 3780931.434384536929429 ], [ 398989.318413021392189, 3780931.739572736434639 ], [ 398988.708036622556392, 3780931.739572736434639 ], [ 398987.792472024390008, 3780932.655137334484607 ], [ 398987.792472024390008, 3780932.960325533989817 ], [ 398987.487283825001214, 3780933.265513733495027 ], [ 398987.487283825001214, 3780934.181078331544995 ], [ 398987.792472024390008, 3780934.486266531050205 ], [ 398987.487283825001214, 3780934.486266531050205 ], [ 398987.182095625612419, 3780934.791454730555415 ], [ 398980.773143438447732, 3780934.791454730555415 ] ] ] } },
{ "type": "Feature", "properties": { "confidence": 0.98437470197677612, "class": 1, "regularized": "rectangle" }, "geometry": { "type": "Polygon", "coordinates": [ [ [ 398774.46875, 3780920.5 ], [ 398790.34375, 3780920.5 ], [ 398790.34375, 3780930.0 ], [ 398774.46875, 3780930.0 ], [ 398774.46875, 3780920.5 ] ] ] } },
{ "type": "Feature", "properties": { "confidence": 0.98408776521682739, "class": 1, "regularized": null }, "geometry": { "type": "Polygon", "coordinates": [ [ [ 398989.623601220780984, 3781117.599186164792627 ], [ 398989.318413021392189, 3781117.293997965287417 ], [ 398988.402848423167598, 3781117.293997965287417 ], [ 398988.402848423167598, 3781116.988809766247869 ], [ 398988.097660223778803, 3781116.683621566742659 ], [ 398988.402848423167598, 3781116.378433367237449 ], [ 398988.402848423167598, 3781113.326551373116672 ], [ 398988.708036622556392, 3781113.021363174077123 ], [ 398988.708036622556392, 3781111.800610376521945 ], [ 398989.013224821945187, 3781111.495422177016735 ], [ 398992.06510681589134, 3781111.495422177016735 ], [ 398992.370295015280135, 3781111.800610376521945 ], [ 398992.980671414057724, 3781111.800610376521945 ], [ 398993.285859613446519, 3781112.105798575561494 ], [ 398993.896236012224108, 3781112.105798575561494 ], [ 398993.896236012224108, 3781112.410986775066704 ], [ 398994.811800610390492, 3781113.326551373116672 ], [ 398995.422177009168081, 3781113.326551373116672 ], [ 398996.03255340794567, 3781113.936927772127092 ], [ 398996.642929806723259, 3781113.936927772127092 ], [ 398997.558494404889643, 3781114.85249237017706 ], [ 398997.253306205500849, 3781115.15768056968227 ], [ 398997.253306205500849, 3781116.683621566742659 ], [ 398996.948118006112054, 3781116.988809766247869 ], [ 398996.642929806723259, 3781116.988809766247869 ], [ 398996.337741607334465, 3781117.293997965287417 ], [ 398995.116988809779286, 3781117.293997965287417 ], [ 398994.811800610390492, 3781117.599186164792627 ], [ 398989.623601220780984, 3781117.599186164792627 ] ] ] } },
{ "type": "Feature", "properties": { "confidence": 0.98389589786529541, "class": 1, "regularized": null }, "geometry": { "type": "Polygon", "coordinates": [ [ [ 398555.951169888081495, 3780658.596134282648563 ], [ 398555.951169888081495, 3780652.797558494377881 ], [ 398556.256358087470289, 3780652.492370294872671 ], [ 398562.665310274693184, 3780652.492370294872671 ], [ 398562.665310274693184, 3780654.62868769094348 ], [ 398562.970498474081978, 3780654.933875889983028 ], [ 398562.970498474081978, 3780655.544252288993448 ], [ 398563.275686673470773, 3780655.849440488498658 ], [ 398563.275686673470773, 3780657.985757884103805 ], [ 398562.970498474081978, 3780658.290946083609015 ], [ 398562.054933875915594, 3780658.290946083609015 ], [ 398561.7497456765268, 3780658.596134282648563 ], [ 398555.951169888081495, 3780658.596134282648563 ] ] ] } },
{ "type": "Feature", "properties": { "confidence": 0.98389589786529541, "class": 1, "regularized": null }, "geometry": { "type": "Polygon", "coordinates": [ [ [ 398489.725330620538443, 3780975.686673448421061 ], [ 398489.420142421149649, 3780975.381485249381512 ], [ 398489.420142421149649, 3780972.634791454765946 ], [ 398489.725330620538443, 3780972.329603255260736 ], [ 398489.725330620538443, 3780970.498474059160799 ], [ 398490.030518819927238, 3780970.193285859655589 ], [ 398490.030518819927238, 3780969.888097660150379 ], [ 398490.335707019316033, 3780969.582909460645169 ], [ 398490.335707019316033, 3780969.27772126160562 ], [ 398490.946083418093622, 3780968.667344862595201 ], [ 398493.082400813815184, 3780968.667344862595201 ], [ 398493.387589013203979, 3780968.362156663089991 ], [ 398494.913530010147952, 3780968.362156663089991 ], [ 398495.218718209536746, 3780968.667344862595201 ], [ 398496.744659206538927, 3780968.667344862595201 ], [ 398497.049847405927721, 3780968.97253306210041 ], [ 398499.186164801649284, 3780968.97253306210041 ], [ 398499.491353001038078, 3780969.27772126160562 ], [ 398500.101729399815667, 3780969.27772126160562 ], [ 398500.101729399815667, 3780969.582909460645169 ], [ 398500.406917599204462, 3780969.888097660150379 ], [ 398501.62767039675964, 3780969.888097660150379 ], [ 398501.62767039675964, 3780970.803662258200347 ], [ 398501.932858596148435, 3780971.108850457705557 ], [ 398501.932858596148435, 3780971.414038657210767 ], [ 398502.23804679553723, 3780971.719226856715977 ], [ 398502.543234994926024, 3780971.719226856715977 ], [ 398502.543234994926024, 3780972.024415055755526 ], [ 398502.848423194314819, 3780972.329603255260736 ], [ 398502.848423194314819, 3780974.465920650865883 ], [ 398502.543234994926024, 3780974.771108850371093 ], [ 398502.23804679553723, 3780974.771108850371093 ], [ 398501.932858596148435, 3780975.076297049876302 ], [ 398501.017293997982051, 3780975.076297049876302 ], [ 398500.712105798593257, 3780975.381485249381512 ], [ 398495.218718209536746, 3780975.381485249381512 ], [ 398494.913530010147952, 3780975.686673448421061 ], [ 398489.725330620538443, 3780975.686673448421061 ] ] ] } },
{ "type": "Feature", "properties": { "confidence": 0.98380428552627563, "class": 1, "regularized": null }, "geometry": { "type": "Polygon", "coordinates": [ [ [ 398990.844354018336162, 3781165.208545269444585 ], [ 398990.539165818947367, 3781164.903357070405036 ], [ 398989.013224821945187, 3781164.903357070405036 ], [ 398988.708036622556392, 3781164.598168870899826 ], [ 398988.097660223778803, 3781164.598168870899826 ], [ 398987.792472024390008, 3781164.292980671394616 ], [ 398987.792472024390008, 3781163.987792471889406 ], [ 398987.487283825001214, 3781163.682604272849858 ], [ 398987.487283825001214, 3781163.377416073344648 ], [ 398986.876907426223624, 3781162.767039674334228 ], [ 398986.876907426223624, 3781162.461851475294679 ], [ 398986.57171922683483, 3781162.156663275789469 ], [ 398986.57171922683483, 3781160.325534079223871 ], [ 398986.876907426223624, 3781160.020345880184323 ], [ 398986.876907426223624, 3781159.409969481173903 ], [ 398987.182095625612419, 3781159.104781281668693 ], [ 398987.182095625612419, 3781158.799593082629144 ], [ 398987.487283825001214, 3781158.494404883123934 ], [ 398987.487283825001214, 3781158.189216683618724 ], [ 398987.792472024390008, 3781157.884028484113514 ], [ 398987.792472024390008, 3781157.578840285073966 ], [ 398988.097660223778803, 3781157.273652085568756 ], [ 398988.097660223778803, 3781156.968463886063546 ], [ 398988.402848423167598, 3781156.663275686558336 ], [ 398988.708036622556392, 3781156.663275686558336 ], [ 398989.318413021392189, 3781156.052899288013577 ], [ 398994.201424211612903, 3781156.052899288013577 ], [ 398994.811800610390492, 3781156.663275686558336 ], [ 398995.116988809779286, 3781156.663275686558336 ], [ 398995.116988809779286, 3781156.968463886063546 ], [ 398995.422177009168081, 3781157.273652085568756 ], [ 398995.727365208556876, 3781157.273652085568756 ], [ 398995.727365208556876, 3781157.578840285073966 ], [ 398996.642929806723259, 3781158.494404883123934 ], [ 398996.642929806723259, 3781161.54628687677905 ], [ 398996.948118006112054, 3781161.85147507628426 ], [ 398996.948118006112054, 3781163.987792471889406 ], [ 398996.642929806723259, 3781164.292980671394616 ], [ 398996.642929806723259, 3781164.598168870899826 ], [ 398996.03255340794567, 3781164.598168870899826 ], [ 398995.727365208556876, 3781164.903357070405036 ], [ 398994.811800610390492, 3781164.903357070405036 ], [ 398994.506612411001697, 3781165.208545269444585 ], [ 398990.844354018336162, 3781165.208545269444585 ] ] ] } },
{ "type": "Feature", "properties": { "confidence": 0.983756422996521, "class": 1, "regularized": null }, "geometry": { "type": "Polygon", "coordinates": [ [ [ 398831.841302136308514, 3780931.434384536929429 ], [ 398831.841302136308514, 3780927.466937945224345 ], [ 398836.724313326529227, 3780927.466937945224345 ], [ 398836.724313326529227, 3780929.908443540334702 ], [ 398837.029501525918022, 3780930.21363173937425 ], [ 398837.029501525918022, 3780931.12919633788988 ], [ 398836.724313326529227, 3780931.434384536929429 ], [ 398831.841302136308514, 3780931.434384536929429 ] ] ] } },
{ "type": "Feature", "properties": { "confidence": 0.98355561494827271, "class": 1, "regularized": null }, "geometry": { "type": "Polygon", "coordinates": [ [ [ 398576.093591047800146, 3781138.35198372323066 ], [ 398575.788402848411351, 3781138.04679552372545 ], [ 398575.788402848411351, 3781136.520854527130723 ], [ 398576.093591047800146, 3781136.215666327625513 ], [ 398576.093591047800146, 3781134.689725330565125 ], [ 398576.398779247188941, 3781134.384537131059915 ], [ 398576.398779247188941, 3781133.163784333504736 ], [ 398576.703967446577735, 3781132.858596134465188 ], [ 398576.703967446577735, 3781132.553407934959978 ], [ 398577.619532044744119, 3781132.553407934959978 ], [ 398577.924720244132914, 3781132.248219735454768 ], [ 398585.249237029522192, 3781132.248219735454768 ], [ 398585.249237029522192, 3781134.689725330565125 ], [ 398585.554425228910986, 3781134.994913530070335 ], [ 398585.859613428299781, 3781134.994913530070335 ], [ 398585.859613428299781, 3781137.436419125180691 ], [ 398585.554425228910986, 3781137.741607324685901 ], [ 398582.50254323502304, 3781137.741607324685901 ], [ 398582.197355035634246, 3781138.04679552372545 ], [ 398581.281790437409654, 3781138.04679552372545 ], [ 398580.97660223802086, 3781138.35198372323066 ], [ 398576.093591047800146, 3781138.35198372323066 ] ] ] } },
{ "type": "Feature", "properties": { "confidence": 0.98342609405517578, "class": 1, "regularized": null }, "geometry": { "type": "Polygon", "coordinates": [ [ [ 398939.572736520844046, 3780843.540183112956583 ], [ 398939.267548321455251, 3780843.234994913451374 ], [ 398934.994913530012127, 3780843.234994913451374 ], [ 398934.689725330623332, 3780842.929806713946164 ], [ 398934.689725330623332, 3780841.709053916390985 ], [ 398934.994913530012127, 3780841.403865717351437 ], [ 398934.994913530012127, 3780840.488301118835807 ], [ 398935.300101729400922, 3780840.183112919796258 ], [ 398935.300101729400922, 3780839.267548321280628 ], [ 398935.605289928789716, 3780838.96236012224108 ], [ 398935.605289928789716, 3780838.35198372323066 ], [ 398935.910478128178511, 3780838.35198372323066 ], [ 398936.215666327567305, 3780838.04679552372545 ], [ 398936.5208545269561, 3780838.04679552372545 ], [ 398936.826042726344895, 3780837.741607324685901 ], [ 398938.351983723288868, 3780837.741607324685901 ], [ 398938.657171922677662, 3780837.436419125180691 ], [ 398938.962360122066457, 3780837.436419125180691 ], [ 398939.877924720232841, 3780836.520854527130723 ], [ 398939.877924720232841, 3780835.910478128120303 ], [ 398942.929806714120787, 3780835.910478128120303 ], [ 398943.540183112898376, 3780836.520854527130723 ], [ 398943.84537131228717, 3780836.520854527130723 ], [ 398944.760935910453554, 3780837.436419125180691 ], [ 398945.066124109842349, 3780837.436419125180691 ], [ 398945.371312309231143, 3780837.741607324685901 ], [ 398945.676500508619938, 3780837.741607324685901 ], [ 398945.981688708008733, 3780838.04679552372545 ], [ 398946.286876907397527, 3780838.04679552372545 ], [ 398946.286876907397527, 3780838.96236012224108 ], [ 398946.59206510684453, 3780839.267548321280628 ], [ 398946.59206510684453, 3780839.877924720291048 ], [ 398946.286876907397527, 3780840.183112919796258 ], [ 398946.286876907397527, 3780841.098677517846227 ], [ 398946.59206510684453, 3780841.403865717351437 ], [ 398945.981688708008733, 3780842.014242115896195 ], [ 398945.676500508619938, 3780842.014242115896195 ], [ 398945.371312309231143, 3780842.319430315401405 ], [ 398945.371312309231143, 3780842.624618514906615 ], [ 398944.760935910453554, 3780842.624618514906615 ], [ 398944.45574771106476, 3780842.929806713946164 ], [ 398944.45574771106476, 3780843.234994913451374 ], [ 398944.150559511675965, 3780843.234994913451374 ], [ 398943.84537131228717, 3780843.540183112956583 ], [ 398939.572736520844046, 3780843.540183112956583 ] ] ] } },
{ "type": "Feature", "properties": { "confidence": 0.9832308292388916, "class": 1, "regularized": null }, "geometry": { "type": "Polygon", "coordinates": [ [ [ 398406.714140386553481, 3781143.845371312461793 ], [ 398406.408952187164687, 3781143.540183112956583 ], [ 398405.798575788387097, 3781143.540183112956583 ], [ 398405.798575788387097, 3781143.234994913451374 ], [ 398405.493387588998303, 3781142.929806713946164 ], [ 398405.493387588998303, 3781141.709053916390985 ], [ 398405.188199389609508, 3781141.403865717351437 ], [ 398405.188199389609508, 3781139.877924720291048 ], [ 398404.883011190220714, 3781139.572736520785838 ], [ 398404.883011190220714, 3781138.35198372323066 ], [ 398405.188199389609508, 3781138.04679552372545 ], [ 398405.188199389609508, 3781137.741607324685901 ], [ 398405.798575788387097, 3781137.131230925675482 ], [ 398405.798575788387097, 3781136.826042726170272 ], [ 398406.103763987775892, 3781136.520854527130723 ], [ 398406.408952187164687, 3781136.520854527130723 ], [ 398406.714140386553481, 3781136.215666327625513 ], [ 398407.019328585942276, 3781136.215666327625513 ], [ 398407.32451678533107, 3781135.910478128120303 ], [ 398411.291963377443608, 3781135.910478128120303 ], [ 398411.902339776221197, 3781136.520854527130723 ], [ 398411.902339776221197, 3781137.436419125180691 ], [ 398412.207527975609992, 3781137.741607324685901 ], [ 398412.207527975609992, 3781139.267548321280628 ], [ 398411.902339776221197, 3781139.572736520785838 ], [ 398411.902339776221197, 3781139.877924720291048 ], [ 398411.291963377443608, 3781140.488301118835807 ], [ 398411.291963377443608, 3781141.709053916390985 ], [ 398410.986775178054813, 3781142.014242115896195 ], [ 398410.986775178054813, 3781143.234994913451374 ], [ 398410.376398779219016, 3781143.845371312461793 ], [ 398406.714140386553481, 3781143.845371312461793 ] ] ] } },
{ "type": "Feature", "properties": { "confidence": 0.98320293426513672, "class": 1, "regularized": null }, "geometry": { "type": "Polygon", "coordinates": [ [ [ 398406.408952187164687, 3780881.383519837167114 ], [ 398406.103763987775892, 3780881.078331637661904 ], [ 398405.188199389609508, 3780881.078331637661904 ], [ 398404.577822990831919, 3780880.467955239117146 ], [ 398404.577822990831919, 3780877.721261444501579 ], [ 398404.883011190220714, 3780877.416073244996369 ], [ 398404.883011190220714, 3780874.974567649886012 ], [ 398405.493387588998303, 3780874.364191251341254 ], [ 398410.986775178054813, 3780874.364191251341254 ], [ 398411.291963377443608, 3780874.669379450846463 ], [ 398411.291963377443608, 3780875.279755849391222 ], [ 398411.597151576832402, 3780875.584944048896432 ], [ 398411.597151576832402, 3780876.19532044744119 ], [ 398411.902339776221197, 3780876.5005086469464 ], [ 398411.902339776221197, 3780876.80569684645161 ], [ 398412.207527975609992, 3780877.11088504595682 ], [ 398412.207527975609992, 3780879.857578840106726 ], [ 398412.512716174998786, 3780880.162767039611936 ], [ 398411.902339776221197, 3780880.773143438622355 ], [ 398411.597151576832402, 3780880.773143438622355 ], [ 398411.291963377443608, 3780881.078331637661904 ], [ 398410.376398779219016, 3780881.078331637661904 ], [ 398410.071210579830222, 3780881.383519837167114 ], [ 398406.408952187164687, 3780881.383519837167114 ] ] ] } },
{ "type": "Feature", "properties": { "confidence": 0.98255354166030884, "class": 1, "regularized": null }, "geometry": { "type": "Polygon", "coordinates": [ [ [ 398918.514750762959011, 3780796.236012207344174 ], [ 398918.209562563570216, 3780795.930824008304626 ], [ 398918.209562563570216, 3780795.320447609294206 ], [ 398917.904374364181422, 3780795.015259409788996 ], [ 398917.904374364181422, 3780789.827060020528734 ], [ 398918.514750762959011, 3780789.216683621518314 ], [ 398918.819938962347806, 3780789.216683621518314 ], [ 398919.1251271617366, 3780788.911495422013104 ], [ 398922.787385554402135, 3780788.911495422013104 ], [ 398923.09257375379093, 3780789.216683621518314 ], [ 398923.09257375379093, 3780790.132248219568282 ], [ 398922.787385554402135, 3780790.437436419073492 ], [ 398922.787385554402135, 3780793.489318413194269 ], [ 398922.482197355013341, 3780793.794506612233818 ], [ 398922.482197355013341, 3780794.099694811739028 ], [ 398922.177009155624546, 3780794.404883011244237 ], [ 398922.177009155624546, 3780794.710071210749447 ], [ 398921.871820956235752, 3780794.710071210749447 ], [ 398921.566632756846957, 3780795.015259409788996 ], [ 398921.261444557458162, 3780795.015259409788996 ], [ 398920.651068158680573, 3780795.625635808799416 ], [ 398920.345879959291779, 3780795.625635808799416 ], [ 398920.040691759902984, 3780795.930824008304626 ], [ 398919.735503560514189, 3780795.930824008304626 ], [ 398919.430315361125395, 3780796.236012207344174 ], [ 398918.514750762959011, 3780796.236012207344174 ] ] ] } },
{ "type": "Feature", "properties": { "confidence": 0.98247379064559937, "class": 1, "regularized": null }, "geometry": { "type": "Polygon", "coordinates": [ [ [ 398712.512716174998786, 3781086.775178026407957 ], [ 398712.207527975609992, 3781086.469989826902747 ], [ 398709.155645981663838, 3781086.469989826902747 ], [ 398709.155645981663838, 3781086.164801627863199 ], [ 398708.850457782275043, 3781085.859613428357989 ], [ 398708.850457782275043, 3781085.554425228852779 ], [ 398708.545269582886249, 3781085.249237029347569 ], [ 398708.240081383497454, 3781085.249237029347569 ], [ 398708.240081383497454, 3781083.418107833247632 ], [ 398707.93489318410866, 3781083.112919633742422 ], [ 398707.93489318410866, 3781082.502543235197663 ], [ 398708.240081383497454, 3781082.197355035692453 ], [ 398708.240081383497454, 3781077.924720244016498 ], [ 398707.93489318410866, 3781077.61953204497695 ], [ 398707.93489318410866, 3781075.178026449866593 ], [ 398708.240081383497454, 3781074.872838250361383 ], [ 398708.240081383497454, 3781074.262461851350963 ], [ 398708.850457782275043, 3781074.262461851350963 ], [ 398709.155645981663838, 3781073.957273652311414 ], [ 398713.123092573776376, 3781073.957273652311414 ], [ 398713.42828077316517, 3781074.262461851350963 ], [ 398713.733468972553965, 3781074.262461851350963 ], [ 398714.038657171942759, 3781074.567650050856173 ], [ 398714.038657171942759, 3781075.483214648906142 ], [ 398714.343845371331554, 3781075.788402848411351 ], [ 398714.649033570720349, 3781075.788402848411351 ], [ 398714.954221770109143, 3781076.093591047916561 ], [ 398714.954221770109143, 3781083.418107833247632 ], [ 398714.649033570720349, 3781083.723296032752842 ], [ 398714.649033570720349, 3781085.554425228852779 ], [ 398713.733468972553965, 3781086.469989826902747 ], [ 398712.817904374387581, 3781086.469989826902747 ], [ 398712.512716174998786, 3781086.775178026407957 ] ] ] } },
{ "type": "Feature", "properties": { "confidence": 0.98229837417602539, "class": 1, "regularized": null }, "geometry": { "type": "Polygon", "coordinates": [ [ [ 398445.778229908435605, 3780955.544252288993448 ], [ 398445.473041709046811, 3780955.239064089488238 ], [ 398444.862665310269222, 3780955.239064089488238 ], [ 398444.862665310269222, 3780954.62868769094348 ], [ 398444.557477110880427, 3780954.32349949143827 ], [ 398444.557477110880427, 3780953.71312309242785 ], [ 398444.252288911491632, 3780953.407934893388301 ], [ 398444.252288911491632, 3780948.219735503662378 ], [ 398446.388606307213195, 3780948.219735503662378 ], [ 398446.693794506601989, 3780948.524923703167588 ], [ 398447.304170905379578, 3780948.524923703167588 ], [ 398447.609359104768373, 3780948.830111902207136 ], [ 398448.524923702934757, 3780948.830111902207136 ], [ 398448.830111902323551, 3780948.524923703167588 ], [ 398451.881993896211497, 3780948.524923703167588 ], [ 398452.187182095600292, 3780948.830111902207136 ], [ 398453.40793489315547, 3780948.830111902207136 ], [ 398453.713123092602473, 3780949.135300101712346 ], [ 398453.713123092602473, 3780949.440488301217556 ], [ 398454.018311291991267, 3780949.745676500722766 ], [ 398453.713123092602473, 3780950.050864699762315 ], [ 398453.713123092602473, 3780953.407934893388301 ], [ 398453.40793489315547, 3780953.71312309242785 ], [ 398453.40793489315547, 3780954.32349949143827 ], [ 398452.492370294989087, 3780955.239064089488238 ], [ 398452.187182095600292, 3780955.239064089488238 ], [ 398451.881993896211497, 3780955.544252288993448 ], [ 398445.778229908435605, 3780955.544252288993448 ] ] ] } },
{ "type": "Feature", "properties": { "confidence": 0.98224818706512451, "class": 1, "regularized": null }, "geometry": { "type": "Polygon", "coordinates": [ [ [ 398781.790437436429784, 3781145.37131230905652 ], [ 398781.485249237040989, 3781145.066124110016972 ], [ 398781.485249237040989, 3781143.234994913451374 ], [ 398781.790437436429784, 3781142.929806713946164 ], [ 398781.790437436429784, 3781140.793489318341017 ], [ 398781.485249237040989, 3781140.488301118835807 ], [ 398781.790437436429784, 3781140.183112919796258 ], [ 398781.790437436429784, 3781137.436419125180691 ], [ 398782.095625635818578, 3781137.131230925675482 ], [ 398788.80976602237206, 3781137.131230925675482 ], [ 398789.114954221760854, 3781137.436419125180691 ], [ 398789.725330620538443, 3781137.436419125180691 ], [ 398790.030518819927238, 3781137.741607324685901 ], [ 398790.335707019316033, 3781137.741607324685901 ], [ 398790.335707019316033, 3781142.929806713946164 ], [ 398786.673448626650497, 3781142.929806713946164 ], [ 398786.368260427261703, 3781143.234994913451374 ], [ 398785.757884028484114, 3781143.234994913451374 ], [ 398785.452695829095319, 3781143.540183112956583 ], [ 398785.147507629706524, 3781143.540183112956583 ], [ 398783.621566632762551, 3781145.066124110016972 ], [ 398783.316378433373757, 3781145.066124110016972 ], [ 398783.011190233984962, 3781145.37131230905652 ], [ 398781.790437436429784, 3781145.37131230905652 ] ] ] } },
{ "type": "Feature", "properties": { "confidence": 0.98209917545318604, "class": 1, "regularized": null }, "geometry": { "type": "Polygon", "coordinates": [ [ [ 398834.587995930807665, 3780797.151576805859804 ], [ 398834.28280773141887, 3780796.846388606354594 ], [ 398830.010172939975746, 3780796.846388606354594 ], [ 398829.704984740586951, 3780796.541200406849384 ], [ 398829.704984740586951, 3780796.236012207344174 ], [ 398830.010172939975746, 3780796.236012207344174 ], [ 398830.620549338753335, 3780795.625635808799416 ], [ 398830.620549338753335, 3780792.573753814678639 ], [ 398830.92573753814213, 3780792.268565615639091 ], [ 398830.92573753814213, 3780791.658189216628671 ], [ 398831.230925737530924, 3780791.353001017123461 ], [ 398831.230925737530924, 3780790.132248219568282 ], [ 398831.536113936919719, 3780790.132248219568282 ], [ 398831.841302136308514, 3780789.827060020528734 ], [ 398833.062054933863692, 3780789.827060020528734 ], [ 398833.367243133252487, 3780789.521871821023524 ], [ 398834.587995930807665, 3780789.521871821023524 ], [ 398835.198372329585254, 3780790.132248219568282 ], [ 398835.503560528974049, 3780790.132248219568282 ], [ 398835.198372329585254, 3780790.437436419073492 ], [ 398835.198372329585254, 3780791.047812818083912 ], [ 398835.808748728362843, 3780791.658189216628671 ], [ 398837.639877924695611, 3780791.658189216628671 ], [ 398837.945066124084406, 3780791.353001017123461 ], [ 398839.165818921639584, 3780791.353001017123461 ], [ 398839.471007121086586, 3780791.047812818083912 ], [ 398839.776195320475381, 3780791.047812818083912 ], [ 398839.776195320475381, 3780791.353001017123461 ], [ 398840.081383519864175, 3780791.658189216628671 ], [ 398840.081383519864175, 3780793.794506612233818 ], [ 398840.38657171925297, 3780794.099694811739028 ], [ 398840.38657171925297, 3780794.710071210749447 ], [ 398840.691759918641765, 3780795.015259409788996 ], [ 398840.691759918641765, 3780797.151576805859804 ], [ 398836.419125127140433, 3780797.151576805859804 ], [ 398836.113936927751638, 3780796.846388606354594 ], [ 398834.89318413019646, 3780796.846388606354594 ], [ 398834.587995930807665, 3780797.151576805859804 ] ] ] } },
{ "type": "Feature", "properties": { "confidence": 0.98136800527572632, "class": 1, "regularized": null }, "geometry": { "type": "Polygon", "coordinates": [ [ [ 398541.302136317419354, 3781047.711088504642248 ], [ 398540.996948118030559, 3781047.405900305137038 ], [ 398536.419125127140433, 3781047.405900305137038 ], [ 398536.113936927751638, 3781047.100712105631828 ], [ 398536.113936927751638, 3781045.87995930807665 ], [ 398535.808748728362843, 3781045.574771109037101 ], [ 398535.808748728362843, 3781044.048830111976713 ], [ 398544.964394710084889, 3781044.048830111976713 ], [ 398544.964394710084889, 3781045.574771109037101 ], [ 398543.743641912529711, 3781046.79552390659228 ], [ 398543.743641912529711, 3781047.100712105631828 ], [ 398543.438453713140916, 3781047.405900305137038 ], [ 398543.133265513752121, 3781047.405900305137038 ], [ 398542.828077314363327, 3781047.711088504642248 ], [ 398541.302136317419354, 3781047.711088504642248 ] ] ] } },
{ "type": "Feature", "properties": { "confidence": 0.98098069429397583, "class": 1, "regularized": null }, "geometry": { "type": "Polygon", "coordinates": [ [ [ 398473.550356052874122, 3780764.801627670414746 ], [ 398473.245167853485327, 3780764.496439470909536 ], [ 398473.245167853485327, 3780760.834181078244001 ], [ 398472.939979654096533, 3780760.528992878738791 ], [ 398472.939979654096533, 3780759.613428280688822 ], [ 398473.245167853485327, 3780759.308240081183612 ], [ 398473.245167853485327, 3780759.003051882144064 ], [ 398473.550356052874122, 3780758.697863682638854 ], [ 398477.212614445597865, 3780758.697863682638854 ], [ 398477.517802644986659, 3780758.392675483133644 ], [ 398479.043743641930632, 3780758.392675483133644 ], [ 398479.348931841319427, 3780758.697863682638854 ], [ 398479.348931841319427, 3780759.613428280688822 ], [ 398479.654120040708221, 3780759.918616480194032 ], [ 398479.654120040708221, 3780760.834181078244001 ], [ 398479.959308240097016, 3780761.139369277749211 ], [ 398479.959308240097016, 3780762.665310274809599 ], [ 398479.654120040708221, 3780762.970498473849148 ], [ 398479.654120040708221, 3780763.580874872859567 ], [ 398478.738555442541838, 3780764.496439470909536 ], [ 398478.433367243153043, 3780764.496439470909536 ], [ 398478.128179043764248, 3780764.801627670414746 ], [ 398473.550356052874122, 3780764.801627670414746 ] ] ] } },
{ "type": "Feature", "properties": { "confidence": 0.97991549968719482, "class": 1, "regularized": null }, "geometry": { "type": "Polygon", "coordinates": [ [ [ 398937.436419125122484, 3780814.547304171137512 ], [ 398937.131230925733689, 3780814.242115971632302 ], [ 398931.943031536124181, 3780814.242115971632302 ], [ 398931.637843336735386, 3780813.936927772127092 ], [ 398931.637843336735386, 3780813.631739572621882 ], [ 398931.332655137346592, 3780813.326551373116672 ], [ 398931.637843336735386, 3780813.021363174077123 ], [ 398931.637843336735386, 3780810.885045778006315 ], [ 398931.332655137346592, 3780810.579857578966767 ], [ 398931.332655137346592, 3780810.274669379461557 ], [ 398931.637843336735386, 3780809.969481179956347 ], [ 398931.637843336735386, 3780809.664292980451137 ], [ 398945.371312309231143, 3780809.664292980451137 ], [ 398945.371312309231143, 3780813.021363174077123 ], [ 398945.066124109842349, 3780813.326551373116672 ], [ 398945.066124109842349, 3780813.631739572621882 ], [ 398944.45574771106476, 3780814.242115971632302 ], [ 398941.709053916565608, 3780814.242115971632302 ], [ 398941.403865717176814, 3780814.547304171137512 ], [ 398937.436419125122484, 3780814.547304171137512 ] ] ] } },
{ "type": "Feature", "properties": { "confidence": 0.97984057664871216, "class": 1, "regularized": null }, "geometry": { "type": "Polygon", "coordinates": [ [ [ 398921.261444557458162, 3781008.646998982876539 ], [ 398920.651068158680573, 3781008.036622583866119 ], [ 398920.651068158680573, 3781002.238046795595437 ], [ 398921.261444557458162, 3781001.627670396585017 ], [ 398925.2288911495707, 3781001.627670396585017 ], [ 398925.534079348959494, 3781001.932858596090227 ], [ 398925.839267548348289, 3781001.932858596090227 ], [ 398926.144455747737084, 3781002.238046795595437 ], [ 398926.144455747737084, 3781002.848423194140196 ], [ 398925.839267548348289, 3781003.153611393645406 ], [ 398925.839267548348289, 3781008.036622583866119 ], [ 398925.534079348959494, 3781008.341810783371329 ], [ 398923.702950152568519, 3781008.341810783371329 ], [ 398923.397761953179725, 3781008.646998982876539 ], [ 398921.261444557458162, 3781008.646998982876539 ] ] ] } },
{ "type": "Feature", "properties": { "confidence": 0.97973638772964478, "class": 1, "regularized": null }, "geometry": { "type": "Polygon", "coordinates": [ [ [ 398723.194303153606597, 3780809.359104781411588 ], [ 398722.583926754829008, 3780808.748728382401168 ], [ 398722.278738555440214, 3780808.748728382401168 ], [ 398721.973550356051419, 3780808.443540182895958 ], [ 398721.668362156662624, 3780808.443540182895958 ], [ 398721.36317395727383, 3780808.13835198385641 ], [ 398721.057985757885035, 3780808.13835198385641 ], [ 398720.752797558496241, 3780807.8331637843512 ], [ 398720.142421159718651, 3780807.8331637843512 ], [ 398719.532044760941062, 3780807.22278738534078 ], [ 398719.532044760941062, 3780806.917599186301231 ], [ 398719.226856561552268, 3780806.612410986796021 ], [ 398719.226856561552268, 3780806.002034587785602 ], [ 398719.532044760941062, 3780805.696846388746053 ], [ 398719.532044760941062, 3780805.086469989735633 ], [ 398721.36317395727383, 3780803.255340793635696 ], [ 398721.668362156662624, 3780803.255340793635696 ], [ 398721.973550356051419, 3780802.950152594130486 ], [ 398722.278738555440214, 3780802.950152594130486 ], [ 398722.889114954217803, 3780802.339776195120066 ], [ 398723.499491352995392, 3780802.339776195120066 ], [ 398723.804679552384187, 3780802.034587996080518 ], [ 398725.33062054932816, 3780802.034587996080518 ], [ 398725.635808748716954, 3780802.339776195120066 ], [ 398725.940996948105749, 3780802.339776195120066 ], [ 398725.940996948105749, 3780802.644964394625276 ], [ 398726.246185147494543, 3780802.950152594130486 ], [ 398726.551373346883338, 3780802.950152594130486 ], [ 398726.551373346883338, 3780803.255340793635696 ], [ 398726.856561546272133, 3780803.560528992675245 ], [ 398727.466937945049722, 3780803.560528992675245 ], [ 398727.772126144438516, 3780803.865717192180455 ], [ 398728.077314343827311, 3780803.865717192180455 ], [ 398728.077314343827311, 3780807.8331637843512 ], [ 398727.466937945049722, 3780808.443540182895958 ], [ 398726.856561546272133, 3780808.443540182895958 ], [ 398726.246185147494543, 3780809.053916581906378 ], [ 398725.635808748716954, 3780809.053916581906378 ], [ 398725.33062054932816, 3780809.359104781411588 ], [ 398723.194303153606597, 3780809.359104781411588 ] ] ] } },
{ "type": "Feature", "properties": { "confidence": 0.97957921028137207, "class": 1, "regularized": "rectangle" }, "geometry": { "type": "Polygon", "coordinates": [ [ [ 398775.6875, 3780891.5 ], [ 398790.3125, 3780891.5 ], [ 398790.3125, 3780900.0 ], [ 398775.6875, 3780900.0 ], [ 398775.6875, 3780891.5 ] ] ] } },
{ "type": "Feature", "properties": { "confidence": 0.97863787412643433, "class": 1, "regularized": null }, "geometry": { "type": "Polygon", "coordinates": [ [ [ 398934.079348931845743, 3781050.457782299257815 ], [ 398933.774160732456949, 3781050.152594099752605 ], [ 398928.58596134284744, 3781050.152594099752605 ], [ 398928.280773143458646, 3781049.847405900247395 ], [ 398927.975584944069851, 3781049.847405900247395 ], [ 398927.975584944069851, 3781045.269582909531891 ], [ 398928.280773143458646, 3781044.964394710026681 ], [ 398928.58596134284744, 3781044.964394710026681 ], [ 398928.891149542236235, 3781044.659206510521472 ], [ 398931.332655137346592, 3781044.659206510521472 ], [ 398931.637843336735386, 3781044.964394710026681 ], [ 398931.943031536124181, 3781044.964394710026681 ], [ 398932.55340793490177, 3781045.574771109037101 ], [ 398933.163784333679359, 3781045.574771109037101 ], [ 398934.079348931845743, 3781044.659206510521472 ], [ 398934.384537131234538, 3781044.659206510521472 ], [ 398934.689725330623332, 3781044.354018311481923 ], [ 398935.605289928789716, 3781044.354018311481923 ], [ 398935.910478128178511, 3781044.659206510521472 ], [ 398936.215666327567305, 3781044.659206510521472 ], [ 398936.5208545269561, 3781044.964394710026681 ], [ 398936.5208545269561, 3781046.18514750758186 ], [ 398936.826042726344895, 3781046.49033570708707 ], [ 398936.826042726344895, 3781050.152594099752605 ], [ 398936.5208545269561, 3781050.457782299257815 ], [ 398934.079348931845743, 3781050.457782299257815 ] ] ] } },
{ "type": "Feature", "properties": { "confidence": 0.97827577590942383, "class": 1, "regularized": null }, "geometry": { "type": "Polygon", "coordinates": [ [ [ 398545.574771108862478, 3781179.247202441561967 ], [ 398545.269582909473684, 3781178.942014242056757 ], [ 398545.269582909473684, 3781174.364191251341254 ], [ 398545.574771108862478, 3781174.059003051836044 ], [ 398545.879959308251273, 3781174.059003051836044 ], [ 398546.185147507640067, 3781173.753814852330834 ], [ 398546.185147507640067, 3781173.448626653291285 ], [ 398546.490335707028862, 3781173.143438453786075 ], [ 398546.795523906417657, 3781173.143438453786075 ], [ 398547.100712105806451, 3781172.838250254280865 ], [ 398548.931841302139219, 3781172.838250254280865 ], [ 398549.237029501528013, 3781173.143438453786075 ], [ 398551.068158697860781, 3781173.143438453786075 ], [ 398551.373346897249576, 3781173.448626653291285 ], [ 398551.67853509663837, 3781173.448626653291285 ], [ 398551.67853509663837, 3781173.753814852330834 ], [ 398551.983723296027165, 3781174.059003051836044 ], [ 398551.67853509663837, 3781174.364191251341254 ], [ 398551.67853509663837, 3781174.669379450846463 ], [ 398551.373346897249576, 3781174.974567649886012 ], [ 398551.373346897249576, 3781175.890132248401642 ], [ 398551.068158697860781, 3781175.890132248401642 ], [ 398550.762970498471987, 3781176.19532044744119 ], [ 398550.762970498471987, 3781176.5005086469464 ], [ 398550.457782299083192, 3781176.80569684645161 ], [ 398550.457782299083192, 3781177.11088504595682 ], [ 398550.152594099694397, 3781177.416073244996369 ], [ 398550.152594099694397, 3781178.331637843511999 ], [ 398549.847405900305603, 3781178.636826042551547 ], [ 398549.847405900305603, 3781178.942014242056757 ], [ 398548.016276703972835, 3781178.942014242056757 ], [ 398547.71108850458404, 3781179.247202441561967 ], [ 398545.574771108862478, 3781179.247202441561967 ] ] ] } },
{ "type": "Feature", "properties": { "confidence": 0.97791016101837158, "class": 1, "regularized": null }, "geometry": { "type": "Polygon", "coordinates": [ [ [ 398521.464903357089497, 3781143.234994913451374 ], [ 398521.159715157700703, 3781142.929806713946164 ], [ 398521.464903357089497, 3781142.624618514906615 ], [ 398521.464903357089497, 3781142.319430315401405 ], [ 398521.770091556478292, 3781142.014242115896195 ], [ 398521.770091556478292, 3781140.793489318341017 ], [ 398521.464903357089497, 3781140.488301118835807 ], [ 398521.464903357089497, 3781139.877924720291048 ], [ 398521.159715157700703, 3781139.572736520785838 ], [ 398520.854526958311908, 3781139.572736520785838 ], [ 398520.244150559534319, 3781138.96236012224108 ], [ 398519.63377416075673, 3781138.96236012224108 ], [ 398519.328585961367935, 3781138.65717192273587 ], [ 398518.718209562590346, 3781138.65717192273587 ], [ 398518.413021363201551, 3781138.35198372323066 ], [ 398517.802644964365754, 3781138.35198372323066 ], [ 398517.49745676497696, 3781138.04679552372545 ], [ 398517.192268565588165, 3781138.04679552372545 ], [ 398517.192268565588165, 3781133.163784333504736 ], [ 398518.107833163812757, 3781133.163784333504736 ], [ 398518.413021363201551, 3781132.858596134465188 ], [ 398524.516785350977443, 3781132.858596134465188 ], [ 398524.821973550366238, 3781133.163784333504736 ], [ 398524.821973550366238, 3781136.520854527130723 ], [ 398524.516785350977443, 3781136.826042726170272 ], [ 398524.516785350977443, 3781140.183112919796258 ], [ 398524.821973550366238, 3781140.488301118835807 ], [ 398524.821973550366238, 3781141.709053916390985 ], [ 398524.516785350977443, 3781142.014242115896195 ], [ 398524.516785350977443, 3781142.929806713946164 ], [ 398523.906408952199854, 3781142.929806713946164 ], [ 398523.601220752811059, 3781143.234994913451374 ], [ 398521.464903357089497, 3781143.234994913451374 ] ] ] } },
{ "type": "Feature", "properties": { "confidence": 0.97772961854934692, "class": 1, "regularized": null }, "geometry": { "type": "Polygon", "coordinates": [ [ [ 398517.192268565588165, 3780669.582909460645169 ], [ 398517.192268565588165, 3780662.258392675314099 ], [ 398518.413021363201551, 3780662.258392675314099 ], [ 398518.718209562590346, 3780662.563580874819309 ], [ 398518.718209562590346, 3780662.868769074324518 ], [ 398519.938962360145524, 3780664.089521871879697 ], [ 398519.938962360145524, 3780664.394710071384907 ], [ 398520.244150559534319, 3780664.699898270424455 ], [ 398520.244150559534319, 3780665.920651067979634 ], [ 398519.938962360145524, 3780666.225839267484844 ], [ 398519.938962360145524, 3780667.751780264545232 ], [ 398519.63377416075673, 3780667.751780264545232 ], [ 398519.328585961367935, 3780668.056968464050442 ], [ 398519.328585961367935, 3780668.667344862595201 ], [ 398518.413021363201551, 3780668.667344862595201 ], [ 398517.49745676497696, 3780669.582909460645169 ], [ 398517.192268565588165, 3780669.582909460645169 ] ] ] } },
{ "type": "Feature", "properties": { "confidence": 0.97746992111206055, "class": 1, "regularized": null }, "geometry": { "type": "Polygon", "coordinates": [ [ [ 398572.431332655134611, 3781059.918616480194032 ], [ 398572.126144455745816, 3781059.613428280688822 ], [ 398570.295015259413049, 3781059.613428280688822 ], [ 398569.684638860635459, 3781059.003051882144064 ], [ 398569.684638860635459, 3781058.392675483133644 ], [ 398569.379450661246665, 3781058.087487283628434 ], [ 398569.379450661246665, 3781056.256358087528497 ], [ 398569.684638860635459, 3781055.951169888023287 ], [ 398569.989827060024254, 3781055.951169888023287 ], [ 398570.295015259413049, 3781055.645981688518077 ], [ 398570.600203458801843, 3781055.645981688518077 ], [ 398571.210579857579432, 3781055.035605289973319 ], [ 398571.515768056968227, 3781055.035605289973319 ], [ 398571.820956256357022, 3781054.730417090468109 ], [ 398572.126144455745816, 3781054.730417090468109 ], [ 398572.431332655134611, 3781054.425228890962899 ], [ 398572.736520854523405, 3781054.425228890962899 ], [ 398573.0417090539122, 3781054.12004069192335 ], [ 398575.788402848411351, 3781054.12004069192335 ], [ 398576.093591047800146, 3781054.425228890962899 ], [ 398576.093591047800146, 3781055.035605289973319 ], [ 398576.398779247188941, 3781055.340793489478528 ], [ 398576.703967446577735, 3781055.340793489478528 ], [ 398576.703967446577735, 3781055.951169888023287 ], [ 398577.00915564596653, 3781056.256358087528497 ], [ 398577.314343845355324, 3781056.256358087528497 ], [ 398577.314343845355324, 3781057.171922685578465 ], [ 398577.00915564596653, 3781057.477110885083675 ], [ 398577.00915564596653, 3781058.087487283628434 ], [ 398576.703967446577735, 3781058.392675483133644 ], [ 398576.703967446577735, 3781059.003051882144064 ], [ 398576.093591047800146, 3781059.613428280688822 ], [ 398573.346897253300995, 3781059.613428280688822 ], [ 398573.0417090539122, 3781059.918616480194032 ], [ 398572.431332655134611, 3781059.918616480194032 ] ] ] } },
{ "type": "Feature", "properties": { "confidence": 0.97740012407302856, "class": 1, "regularized": null }, "geometry": { "type": "Polygon", "coordinates": [ [ [ 398532.146490335697308, 3781145.37131230905652 ], [ 398531.841302136308514, 3781145.066124110016972 ], [ 398530.92573753814213, 3781145.066124110016972 ], [ 398530.620549338753335, 3781144.760935910511762 ], [ 398530.010172939975746, 3781144.760935910511762 ], [ 398529.704984740586951, 3781144.455747711006552 ], [ 398529.399796541198157, 3781144.455747711006552 ], [ 398529.399796541198157, 3781144.150559511501342 ], [ 398529.094608341809362, 3781143.845371312461793 ], [ 398529.094608341809362, 3781141.403865717351437 ], [ 398529.399796541198157, 3781141.098677517846227 ], [ 398529.399796541198157, 3781137.741607324685901 ], [ 398529.094608341809362, 3781137.436419125180691 ], [ 398529.094608341809362, 3781136.215666327625513 ], [ 398528.789420142420568, 3781135.910478128120303 ], [ 398528.789420142420568, 3781134.994913530070335 ], [ 398529.094608341809362, 3781134.689725330565125 ], [ 398530.010172939975746, 3781134.689725330565125 ], [ 398530.315361139364541, 3781134.994913530070335 ], [ 398530.315361139364541, 3781135.300101729575545 ], [ 398531.536113936919719, 3781136.520854527130723 ], [ 398531.841302136308514, 3781136.520854527130723 ], [ 398532.756866734474897, 3781137.436419125180691 ], [ 398533.062054933863692, 3781137.436419125180691 ], [ 398533.367243133252487, 3781137.741607324685901 ], [ 398534.89318413019646, 3781137.741607324685901 ], [ 398535.198372329585254, 3781138.04679552372545 ], [ 398535.198372329585254, 3781139.267548321280628 ], [ 398534.89318413019646, 3781139.572736520785838 ], [ 398534.89318413019646, 3781140.183112919796258 ], [ 398534.587995930807665, 3781140.488301118835807 ], [ 398534.587995930807665, 3781141.098677517846227 ], [ 398534.28280773141887, 3781141.098677517846227 ], [ 398533.977619532030076, 3781141.403865717351437 ], [ 398533.977619532030076, 3781143.234994913451374 ], [ 398533.672431332641281, 3781143.540183112956583 ], [ 398533.672431332641281, 3781144.760935910511762 ], [ 398533.367243133252487, 3781145.066124110016972 ], [ 398533.367243133252487, 3781145.37131230905652 ], [ 398532.146490335697308, 3781145.37131230905652 ] ] ] } },
{ "type": "Feature", "properties": { "confidence": 0.9769521951675415, "class": 1, "regularized": null }, "geometry": { "type": "Polygon", "coordinates": [ [ [ 398552.28891149541596, 3780975.076297049876302 ], [ 398551.983723296027165, 3780974.771108850371093 ], [ 398550.762970498471987, 3780974.771108850371093 ], [ 398550.152594099694397, 3780974.160732451826334 ], [ 398550.152594099694397, 3780970.803662258200347 ], [ 398550.457782299083192, 3780970.498474059160799 ], [ 398550.457782299083192, 3780969.582909460645169 ], [ 398550.762970498471987, 3780969.27772126160562 ], [ 398550.762970498471987, 3780968.667344862595201 ], [ 398551.068158697860781, 3780968.362156663089991 ], [ 398556.256358087470289, 3780968.362156663089991 ], [ 398556.561546286859084, 3780968.667344862595201 ], [ 398556.561546286859084, 3780971.108850457705557 ], [ 398556.866734486247879, 3780971.414038657210767 ], [ 398556.866734486247879, 3780973.550356052815914 ], [ 398556.561546286859084, 3780973.855544252321124 ], [ 398556.561546286859084, 3780974.160732451826334 ], [ 398555.951169888081495, 3780974.771108850371093 ], [ 398555.340793489303906, 3780974.771108850371093 ], [ 398555.035605289915111, 3780975.076297049876302 ], [ 398552.28891149541596, 3780975.076297049876302 ] ] ] } },
{ "type": "Feature", "properties": { "confidence": 0.97673380374908447, "class": 1, "regularized": "rectangle" }, "geometry": { "type": "Polygon", "coordinates": [ [ [ 398799.1875, 3781000.0 ], [ 398809.25, 3781000.0 ], [ 398809.25, 3781014.5 ], [ 398799.1875, 3781014.5 ], [ 398799.1875, 3781000.0 ] ] ] } },
{ "type": "Feature", "properties": { "confidence": 0.97640442848205566, "class": 1, "regularized": null }, "geometry": { "type": "Polygon", "coordinates": [ [ [ 398420.142421159718651, 3780701.322482197545469 ], [ 398419.532044760941062, 3780700.712105798535049 ], [ 398419.532044760941062, 3780700.406917599029839 ], [ 398419.837232960329857, 3780700.10172939999029 ], [ 398419.837232960329857, 3780699.186164801474661 ], [ 398420.142421159718651, 3780698.880976602435112 ], [ 398420.142421159718651, 3780698.575788402929902 ], [ 398420.447609359107446, 3780698.270600203424692 ], [ 398420.447609359107446, 3780697.965412003919482 ], [ 398420.752797558496241, 3780697.660223804879934 ], [ 398420.752797558496241, 3780697.355035605374724 ], [ 398421.057985757885035, 3780697.049847405869514 ], [ 398421.057985757885035, 3780696.439471007324755 ], [ 398421.36317395727383, 3780696.439471007324755 ], [ 398421.668362156662624, 3780696.134282807819545 ], [ 398421.668362156662624, 3780695.218718209769577 ], [ 398421.973550356051419, 3780694.913530010264367 ], [ 398421.973550356051419, 3780693.082400813698769 ], [ 398427.772126144438516, 3780693.082400813698769 ], [ 398428.077314343827311, 3780693.387589013203979 ], [ 398428.077314343827311, 3780693.692777212709188 ], [ 398428.382502543216106, 3780693.997965412214398 ], [ 398428.382502543216106, 3780695.523906408809125 ], [ 398428.6876907426049, 3780695.829094608314335 ], [ 398428.6876907426049, 3780698.575788402929902 ], [ 398428.382502543216106, 3780698.880976602435112 ], [ 398428.382502543216106, 3780701.322482197545469 ], [ 398420.142421159718651, 3780701.322482197545469 ] ] ] } },
{ "type": "Feature", "properties": { "confidence": 0.97622615098953247, "class": 1, "regularized": null }, "geometry": { "type": "Polygon", "coordinates": [ [ [ 398534.89318413019646, 3780672.329603255260736 ], [ 398534.587995930807665, 3780672.024415055755526 ], [ 398533.367243133252487, 3780672.024415055755526 ], [ 398533.062054933863692, 3780671.719226856715977 ], [ 398533.062054933863692, 3780671.108850457705557 ], [ 398533.367243133252487, 3780670.803662258200347 ], [ 398533.367243133252487, 3780670.498474059160799 ], [ 398533.672431332641281, 3780670.193285859655589 ], [ 398533.672431332641281, 3780669.888097660150379 ], [ 398534.587995930807665, 3780668.97253306210041 ], [ 398534.587995930807665, 3780668.362156663089991 ], [ 398534.28280773141887, 3780668.056968464050442 ], [ 398534.28280773141887, 3780667.751780264545232 ], [ 398533.977619532030076, 3780667.446592065040022 ], [ 398533.977619532030076, 3780667.141403865534812 ], [ 398533.672431332641281, 3780666.836215666495264 ], [ 398533.672431332641281, 3780665.310274669434875 ], [ 398533.977619532030076, 3780665.005086469929665 ], [ 398537.639877924695611, 3780665.005086469929665 ], [ 398537.945066124084406, 3780664.699898270424455 ], [ 398539.471007121086586, 3780664.699898270424455 ], [ 398539.776195320475381, 3780665.005086469929665 ], [ 398539.776195320475381, 3780666.836215666495264 ], [ 398539.471007121086586, 3780667.141403865534812 ], [ 398539.471007121086586, 3780668.97253306210041 ], [ 398539.776195320475381, 3780669.27772126160562 ], [ 398539.776195320475381, 3780671.414038657210767 ], [ 398539.471007121086586, 3780671.719226856715977 ], [ 398539.165818921639584, 3780671.719226856715977 ], [ 398538.860630722250789, 3780672.024415055755526 ], [ 398537.029501525918022, 3780672.024415055755526 ], [ 398536.724313326529227, 3780672.329603255260736 ], [ 398534.89318413019646, 3780672.329603255260736 ] ] ] } },
{ "type": "Feature", "properties": { "confidence": 0.97515362501144409, "class": 1, "regularized": null }, "geometry": { "type": "Polygon", "coordinates": [ [ [ 398783.926754832151346, 3781054.730417090468109 ], [ 398783.621566632762551, 3781054.425228890962899 ], [ 398779.043743641930632, 3781054.425228890962899 ], [ 398778.738555442541838, 3781054.12004069192335 ], [ 398778.433367243153043, 3781054.12004069192335 ], [ 398778.433367243153043, 3781049.847405900247395 ], [ 398778.738555442541838, 3781049.542217700742185 ], [ 398783.926754832151346, 3781049.542217700742185 ], [ 398784.231943031540141, 3781049.847405900247395 ], [ 398784.231943031540141, 3781050.152594099752605 ], [ 398784.537131230928935, 3781050.457782299257815 ], [ 398784.84231943031773, 3781050.457782299257815 ], [ 398785.147507629706524, 3781050.762970498297364 ], [ 398787.894201424205676, 3781050.762970498297364 ], [ 398788.19938962359447, 3781051.068158697802573 ], [ 398790.335707019316033, 3781051.068158697802573 ], [ 398790.335707019316033, 3781054.12004069192335 ], [ 398789.725330620538443, 3781054.12004069192335 ], [ 398789.420142421149649, 3781054.425228890962899 ], [ 398788.504577822983265, 3781054.425228890962899 ], [ 398788.19938962359447, 3781054.730417090468109 ], [ 398783.926754832151346, 3781054.730417090468109 ] ] ] } },
{ "type": "Feature", "properties": { "confidence": 0.9750177264213562, "class": 1, "regularized": null }, "geometry": { "type": "Polygon", "coordinates": [ [ [ 398845.574771108862478, 3780976.907426245976239 ], [ 398845.269582909473684, 3780976.602238046936691 ], [ 398844.3540183113073, 3780976.602238046936691 ], [ 398844.048830111918505, 3780976.297049847431481 ], [ 398843.743641912529711, 3780976.297049847431481 ], [ 398843.743641912529711, 3780975.381485249381512 ], [ 398844.048830111918505, 3780975.381485249381512 ], [ 398844.3540183113073, 3780975.076297049876302 ], [ 398844.3540183113073, 3780973.550356052815914 ], [ 398844.048830111918505, 3780973.245167853310704 ], [ 398843.743641912529711, 3780973.245167853310704 ], [ 398843.743641912529711, 3780968.362156663089991 ], [ 398848.016276703972835, 3780968.362156663089991 ], [ 398848.32146490336163, 3780968.667344862595201 ], [ 398848.626653102750424, 3780968.667344862595201 ], [ 398848.626653102750424, 3780968.97253306210041 ], [ 398848.931841302139219, 3780969.27772126160562 ], [ 398848.931841302139219, 3780970.803662258200347 ], [ 398849.237029501528013, 3780971.108850457705557 ], [ 398849.237029501528013, 3780972.329603255260736 ], [ 398849.542217700916808, 3780972.634791454765946 ], [ 398849.237029501528013, 3780972.939979654271156 ], [ 398849.237029501528013, 3780975.076297049876302 ], [ 398848.32146490336163, 3780975.991861647926271 ], [ 398848.016276703972835, 3780975.991861647926271 ], [ 398847.405900305195246, 3780976.602238046936691 ], [ 398846.490335707028862, 3780976.602238046936691 ], [ 398846.185147507640067, 3780976.907426245976239 ], [ 398845.574771108862478, 3780976.907426245976239 ] ] ] } },
{ "type": "Feature", "properties": { "confidence": 0.97484958171844482, "class": 1, "regularized": "rectangle" }, "geometry": { "type": "Polygon", "coordinates": [ [ [ 398499.5, 3781030.5 ], [ 398511.125, 3781030.5 ], [ 398511.125, 3781043.5 ], [ 398499.5, 3781043.5 ], [ 398499.5, 3781030.5 ] ] ] } },
{ "type": "Feature", "properties": { "confidence": 0.97454369068145752, "class": 1, "regularized": null }, "geometry": { "type": "Polygon", "coordinates": [ [ [ 398996.642929806723259, 3781177.11088504595682 ], [ 398995.727365208556876, 3781176.19532044744119 ], [ 398991.149542217724957, 3781176.19532044744119 ], [ 398990.844354018336162, 3781176.5005086469464 ], [ 398990.539165818947367, 3781176.5005086469464 ], [ 398990.233977619558573, 3781176.80569684645161 ], [ 398989.013224821945187, 3781176.80569684645161 ], [ 398988.708036622556392, 3781176.5005086469464 ], [ 398988.402848423167598, 3781176.5005086469464 ], [ 398988.402848423167598, 3781176.19532044744119 ], [ 398987.792472024390008, 3781175.584944048896432 ], [ 398987.792472024390008, 3781175.279755849391222 ], [ 398987.487283825001214, 3781174.974567649886012 ], [ 398987.487283825001214, 3781174.364191251341254 ], [ 398987.182095625612419, 3781174.059003051836044 ], [ 398987.182095625612419, 3781168.260427263565361 ], [ 398987.487283825001214, 3781167.955239064060152 ], [ 398988.402848423167598, 3781167.955239064060152 ], [ 398988.708036622556392, 3781167.650050864554942 ], [ 398992.980671414057724, 3781167.650050864554942 ], [ 398993.285859613446519, 3781167.955239064060152 ], [ 398997.253306205500849, 3781167.955239064060152 ], [ 398997.558494404889643, 3781168.260427263565361 ], [ 398997.558494404889643, 3781168.565615463070571 ], [ 398997.863682604278438, 3781168.87080366211012 ], [ 398997.863682604278438, 3781169.48118006112054 ], [ 398998.168870803667232, 3781169.78636826062575 ], [ 398998.168870803667232, 3781170.396744659170508 ], [ 398997.863682604278438, 3781170.701932858675718 ], [ 398997.863682604278438, 3781173.753814852330834 ], [ 398998.168870803667232, 3781174.059003051836044 ], [ 398998.168870803667232, 3781175.890132248401642 ], [ 398998.474059003056027, 3781176.19532044744119 ], [ 398998.474059003056027, 3781176.5005086469464 ], [ 398998.168870803667232, 3781176.80569684645161 ], [ 398998.168870803667232, 3781177.11088504595682 ], [ 398996.642929806723259, 3781177.11088504595682 ] ] ] } },
{ "type": "Feature", "properties": { "confidence": 0.9740099310874939, "class": 1, "regularized": null }, "geometry": { "type": "Polygon", "coordinates": [ [ [ 398848.016276703972835, 3780919.532044760882854 ], [ 398847.71108850458404, 3780919.226856561377645 ], [ 398846.795523906417657, 3780919.226856561377645 ], [ 398846.490335707028862, 3780918.921668362338096 ], [ 398846.185147507640067, 3780918.921668362338096 ], [ 398845.879959308251273, 3780918.616480162832886 ], [ 398845.574771108862478, 3780918.616480162832886 ], [ 398845.269582909473684, 3780918.311291963327676 ], [ 398845.269582909473684, 3780918.006103763822466 ], [ 398844.3540183113073, 3780917.090539165772498 ], [ 398844.3540183113073, 3780915.869786368217319 ], [ 398844.048830111918505, 3780915.564598168712109 ], [ 398843.743641912529711, 3780915.564598168712109 ], [ 398843.743641912529711, 3780910.681586978491396 ], [ 398844.048830111918505, 3780910.681586978491396 ], [ 398844.3540183113073, 3780910.376398779451847 ], [ 398844.3540183113073, 3780909.155645981896669 ], [ 398844.659206510696094, 3780909.155645981896669 ], [ 398844.964394710084889, 3780908.850457782391459 ], [ 398844.964394710084889, 3780908.545269582886249 ], [ 398845.269582909473684, 3780908.545269582886249 ], [ 398846.185147507640067, 3780907.62970498483628 ], [ 398848.32146490336163, 3780907.62970498483628 ], [ 398848.32146490336163, 3780908.240081383381039 ], [ 398848.626653102750424, 3780908.545269582886249 ], [ 398848.626653102750424, 3780909.766022380441427 ], [ 398848.931841302139219, 3780910.071210579946637 ], [ 398848.931841302139219, 3780910.681586978491396 ], [ 398849.237029501528013, 3780910.986775177996606 ], [ 398849.237029501528013, 3780918.921668362338096 ], [ 398848.931841302139219, 3780919.226856561377645 ], [ 398848.626653102750424, 3780919.226856561377645 ], [ 398848.32146490336163, 3780919.532044760882854 ], [ 398848.016276703972835, 3780919.532044760882854 ] ] ] } },
{ "type": "Feature", "properties": { "confidence": 0.97343981266021729, "class": 1, "regularized": null }, "geometry": { "type": "Polygon", "coordinates": [ [ [ 398659.104781281785108, 3781193.591047812718898 ], [ 398658.799593082396314, 3781193.285859613213688 ], [ 398658.494404883007519, 3781193.285859613213688 ], [ 398657.578840284841135, 3781192.37029501516372 ], [ 398657.578840284841135, 3781189.623601220548153 ], [ 398657.273652085452341, 3781189.318413021508604 ], [ 398657.273652085452341, 3781189.013224822003394 ], [ 398657.578840284841135, 3781188.708036622498184 ], [ 398657.578840284841135, 3781187.182095625437796 ], [ 398656.358087487285957, 3781185.961342827882618 ], [ 398656.358087487285957, 3781185.350966429337859 ], [ 398656.052899287897162, 3781185.045778229832649 ], [ 398656.052899287897162, 3781181.993896236177534 ], [ 398656.358087487285957, 3781181.688708036672324 ], [ 398656.358087487285957, 3781181.078331637661904 ], [ 398656.663275686674751, 3781180.773143438622355 ], [ 398657.273652085452341, 3781180.773143438622355 ], [ 398658.189216683618724, 3781179.857578840106726 ], [ 398658.494404883007519, 3781179.857578840106726 ], [ 398658.799593082396314, 3781179.552390641067177 ], [ 398662.461851475061849, 3781179.552390641067177 ], [ 398663.072227873839438, 3781180.162767039611936 ], [ 398663.072227873839438, 3781182.299084435217083 ], [ 398663.377416073228233, 3781182.604272634722292 ], [ 398663.377416073228233, 3781183.214649033732712 ], [ 398663.682604272617027, 3781183.519837232772261 ], [ 398663.682604272617027, 3781183.825025432277471 ], [ 398663.987792472005822, 3781184.130213631782681 ], [ 398663.987792472005822, 3781185.045778229832649 ], [ 398664.292980671394616, 3781185.350966429337859 ], [ 398664.292980671394616, 3781188.402848422992975 ], [ 398663.987792472005822, 3781188.708036622498184 ], [ 398663.987792472005822, 3781190.233977619558573 ], [ 398663.682604272617027, 3781190.539165819063783 ], [ 398663.682604272617027, 3781192.06510681565851 ], [ 398663.377416073228233, 3781192.37029501516372 ], [ 398663.377416073228233, 3781192.67548321466893 ], [ 398663.072227873839438, 3781192.980671414174139 ], [ 398662.767039674450643, 3781192.980671414174139 ], [ 398662.461851475061849, 3781193.285859613213688 ], [ 398662.156663275673054, 3781193.285859613213688 ], [ 398661.85147507628426, 3781193.591047812718898 ], [ 398661.546286876895465, 3781193.285859613213688 ], [ 398660.935910478117876, 3781193.285859613213688 ], [ 398660.630722278729081, 3781193.591047812718898 ], [ 398659.104781281785108, 3781193.591047812718898 ] ] ] } },
{ "type": "Feature", "properties": { "confidence": 0.97301203012466431, "class": 1, "regularized": null }, "geometry": { "type": "Polygon", "coordinates": [ [ [ 398423.194303153606597, 3781162.767039674334228 ], [ 398422.583926754829008, 3781162.156663275789469 ], [ 398422.583926754829008, 3781155.137334689497948 ], [ 398422.889114954217803, 3781154.832146490458399 ], [ 398423.804679552384187, 3781154.832146490458399 ], [ 398424.109867751772981, 3781154.526958290953189 ], [ 398424.415055951161776, 3781154.526958290953189 ], [ 398424.72024415055057, 3781154.221770091447979 ], [ 398426.246185147494543, 3781154.221770091447979 ], [ 398426.551373346883338, 3781153.916581891942769 ], [ 398426.856561546272133, 3781153.916581891942769 ], [ 398427.466937945049722, 3781154.526958290953189 ], [ 398427.466937945049722, 3781156.358087487053126 ], [ 398427.772126144438516, 3781156.663275686558336 ], [ 398427.772126144438516, 3781157.273652085568756 ], [ 398428.077314343827311, 3781157.578840285073966 ], [ 398428.077314343827311, 3781159.409969481173903 ], [ 398427.772126144438516, 3781159.715157680679113 ], [ 398427.772126144438516, 3781160.020345880184323 ], [ 398427.466937945049722, 3781160.325534079223871 ], [ 398427.466937945049722, 3781161.85147507628426 ], [ 398427.161749745660927, 3781162.156663275789469 ], [ 398427.161749745660927, 3781162.767039674334228 ], [ 398423.194303153606597, 3781162.767039674334228 ] ] ] } },
{ "type": "Feature", "properties": { "confidence": 0.97291791439056396, "class": 1, "regularized": null }, "geometry": { "type": "Polygon", "coordinates": [ [ [ 398800.101729399815667, 3780888.402848422992975 ], [ 398799.796541200426873, 3780888.097660223953426 ], [ 398799.491353001038078, 3780888.097660223953426 ], [ 398799.491353001038078, 3780887.792472024448216 ], [ 398799.186164801649284, 3780887.487283824943006 ], [ 398799.186164801649284, 3780886.876907426398247 ], [ 398798.880976602260489, 3780886.571719226893038 ], [ 398798.880976602260489, 3780885.045778229832649 ], [ 398799.186164801649284, 3780884.740590030327439 ], [ 398799.186164801649284, 3780879.857578840106726 ], [ 398799.491353001038078, 3780879.552390641067177 ], [ 398799.491353001038078, 3780878.636826042551547 ], [ 398800.406917599204462, 3780877.721261444501579 ], [ 398802.543234994926024, 3780877.721261444501579 ], [ 398802.848423194314819, 3780877.416073244996369 ], [ 398806.205493387591559, 3780877.416073244996369 ], [ 398806.510681586980354, 3780877.721261444501579 ], [ 398806.815869786369149, 3780877.721261444501579 ], [ 398807.121057985757943, 3780878.026449644006789 ], [ 398807.121057985757943, 3780881.993896236177534 ], [ 398807.426246185146738, 3780882.299084435217083 ], [ 398807.426246185146738, 3780886.571719226893038 ], [ 398807.731434384535532, 3780886.876907426398247 ], [ 398807.731434384535532, 3780887.792472024448216 ], [ 398807.426246185146738, 3780888.097660223953426 ], [ 398807.121057985757943, 3780888.097660223953426 ], [ 398806.815869786369149, 3780888.402848422992975 ], [ 398800.101729399815667, 3780888.402848422992975 ] ] ] } },
{ "type": "Feature", "properties": { "confidence": 0.97270309925079346, "class": 1, "regularized": null }, "geometry": { "type": "Polygon", "coordinates": [ [ [ 398674.364191251283046, 3781192.06510681565851 ], [ 398674.059003051894251, 3781191.759918616618961 ], [ 398674.059003051894251, 3781191.454730417113751 ], [ 398673.753814852505457, 3781191.149542217608541 ], [ 398673.753814852505457, 3781190.233977619558573 ], [ 398673.448626653116662, 3781189.928789420053363 ], [ 398673.448626653116662, 3781187.487283824943006 ], [ 398673.753814852505457, 3781187.182095625437796 ], [ 398673.753814852505457, 3781186.266531027387828 ], [ 398674.059003051894251, 3781185.961342827882618 ], [ 398674.059003051894251, 3781184.435401831287891 ], [ 398673.753814852505457, 3781184.130213631782681 ], [ 398673.753814852505457, 3781181.383519837167114 ], [ 398674.059003051894251, 3781181.078331637661904 ], [ 398674.059003051894251, 3781180.467955239117146 ], [ 398674.364191251283046, 3781180.162767039611936 ], [ 398679.247202441503759, 3781180.162767039611936 ], [ 398679.552390640892554, 3781180.467955239117146 ], [ 398679.857578840281349, 3781180.467955239117146 ], [ 398679.857578840281349, 3781180.773143438622355 ], [ 398680.162767039670143, 3781181.078331637661904 ], [ 398680.162767039670143, 3781187.182095625437796 ], [ 398680.467955239058938, 3781187.487283824943006 ], [ 398680.467955239058938, 3781190.844354018103331 ], [ 398679.552390640892554, 3781191.759918616618961 ], [ 398678.942014242114965, 3781191.759918616618961 ], [ 398678.63682604272617, 3781192.06510681565851 ], [ 398674.364191251283046, 3781192.06510681565851 ] ] ] } },
{ "type": "Feature", "properties": { "confidence": 0.97252738475799561, "class": 1, "regularized": null }, "geometry": { "type": "Polygon", "coordinates": [ [ [ 398475.686673448653892, 3780746.49033570708707 ], [ 398475.381485249265097, 3780746.18514750758186 ], [ 398475.381485249265097, 3780742.522889114916325 ], [ 398475.686673448653892, 3780742.217700915411115 ], [ 398475.686673448653892, 3780741.912512716371566 ], [ 398476.90742624620907, 3780741.912512716371566 ], [ 398477.212614445597865, 3780741.607324516866356 ], [ 398478.433367243153043, 3780741.607324516866356 ], [ 398478.738555442541838, 3780741.302136317361146 ], [ 398479.043743641930632, 3780741.302136317361146 ], [ 398479.959308240097016, 3780740.386571719311178 ], [ 398479.959308240097016, 3780740.081383519805968 ], [ 398480.569684638874605, 3780740.081383519805968 ], [ 398480.8748728382634, 3780739.776195320300758 ], [ 398482.706002034596168, 3780739.776195320300758 ], [ 398483.011190233984962, 3780739.471007121261209 ], [ 398484.231943031540141, 3780739.471007121261209 ], [ 398484.537131230928935, 3780739.776195320300758 ], [ 398484.84231943031773, 3780739.776195320300758 ], [ 398484.84231943031773, 3780740.691759918816388 ], [ 398485.147507629706524, 3780740.996948117855936 ], [ 398485.147507629706524, 3780741.607324516866356 ], [ 398484.84231943031773, 3780741.912512716371566 ], [ 398484.84231943031773, 3780742.828077314421535 ], [ 398484.537131230928935, 3780743.133265513926744 ], [ 398484.537131230928935, 3780744.048830111976713 ], [ 398484.231943031540141, 3780744.354018311481923 ], [ 398484.231943031540141, 3780745.269582909531891 ], [ 398483.926754832151346, 3780745.574771109037101 ], [ 398483.926754832151346, 3780746.18514750758186 ], [ 398483.621566632762551, 3780746.49033570708707 ], [ 398475.686673448653892, 3780746.49033570708707 ] ] ] } },
{ "type": "Feature", "properties": { "confidence": 0.97247689962387085, "class": 1, "regularized": null }, "geometry": { "type": "Polygon", "coordinates": [ [ [ 398819.63377416075673, 3780965.615462868940085 ], [ 398819.63377416075673, 3780965.310274669434875 ], [ 398819.328585961367935, 3780965.005086469929665 ], [ 398819.02339776197914, 3780965.005086469929665 ], [ 398819.02339776197914, 3780961.34282807726413 ], [ 398819.328585961367935, 3780961.03763987775892 ], [ 398819.328585961367935, 3780960.427263479214162 ], [ 398819.63377416075673, 3780960.122075279708952 ], [ 398821.159715157700703, 3780960.122075279708952 ], [ 398821.464903357089497, 3780959.816887080203742 ], [ 398824.211597151588649, 3780959.816887080203742 ], [ 398824.516785350977443, 3780960.122075279708952 ], [ 398826.042726347921416, 3780960.122075279708952 ], [ 398826.042726347921416, 3780961.64801627676934 ], [ 398825.737538148532622, 3780961.95320447627455 ], [ 398825.737538148532622, 3780965.615462868940085 ], [ 398819.63377416075673, 3780965.615462868940085 ] ] ] } },
{ "type": "Feature", "properties": { "confidence": 0.97155308723449707, "class": 1, "regularized": null }, "geometry": { "type": "Polygon", "coordinates": [ [ [ 398588.301119023410138, 3781082.807731434237212 ], [ 398588.301119023410138, 3781079.145473041571677 ], [ 398588.606307222798932, 3781078.840284842532128 ], [ 398595.015259409963619, 3781078.840284842532128 ], [ 398595.320447609352414, 3781079.145473041571677 ], [ 398595.625635808741208, 3781079.145473041571677 ], [ 398595.625635808741208, 3781082.807731434237212 ], [ 398588.301119023410138, 3781082.807731434237212 ] ] ] } },
{ "type": "Feature", "properties": { "confidence": 0.97061723470687866, "class": 1, "regularized": "rectangle" }, "geometry": { "type": "Polygon", "coordinates": [ [ [ 398981.5, 3781056.5 ], [ 398982.125, 3781047.0 ], [ 398998.5, 3781048.0 ], [ 398997.875, 3781057.5 ], [ 398981.5, 3781056.5 ] ] ] } },
{ "type": "Feature", "properties": { "confidence": 0.969704270362854, "class": 1, "regularized": null }, "geometry": { "type": "Polygon", "coordinates": [ [ [ 398554.730417090526316, 3781071.515768057201058 ], [ 398554.120040691748727, 3781070.905391658190638 ], [ 398553.814852492359933, 3781070.905391658190638 ], [ 398553.509664292971138, 3781070.600203458685428 ], [ 398552.594099694804754, 3781070.600203458685428 ], [ 398552.28891149541596, 3781070.905391658190638 ], [ 398551.373346897249576, 3781070.905391658190638 ], [ 398551.373346897249576, 3781070.600203458685428 ], [ 398551.068158697860781, 3781070.295015259180218 ], [ 398551.068158697860781, 3781064.191251271404326 ], [ 398551.373346897249576, 3781063.886063072364777 ], [ 398551.373346897249576, 3781063.580874872859567 ], [ 398551.983723296027165, 3781062.970498473849148 ], [ 398552.899287894193549, 3781062.970498473849148 ], [ 398553.204476093582343, 3781062.665310274809599 ], [ 398555.951169888081495, 3781062.665310274809599 ], [ 398555.951169888081495, 3781071.515768057201058 ], [ 398554.730417090526316, 3781071.515768057201058 ] ] ] } },
{ "type": "Feature", "properties": { "confidence": 0.96957367658615112, "class": 1, "regularized": null }, "geometry": { "type": "Polygon", "coordinates": [ [ [ 398425.635808748716954, 3781062.360122075304389 ], [ 398425.33062054932816, 3781062.054933875799179 ], [ 398422.889114954217803, 3781062.054933875799179 ], [ 398422.278738555440214, 3781061.444557477254421 ], [ 398422.278738555440214, 3781057.171922685578465 ], [ 398422.583926754829008, 3781056.866734486073256 ], [ 398422.583926754829008, 3781055.951169888023287 ], [ 398422.889114954217803, 3781055.645981688518077 ], [ 398427.466937945049722, 3781055.645981688518077 ], [ 398427.466937945049722, 3781062.054933875799179 ], [ 398427.161749745660927, 3781062.054933875799179 ], [ 398426.856561546272133, 3781062.360122075304389 ], [ 398425.635808748716954, 3781062.360122075304389 ] ] ] } },
{ "type": "Feature", "properties": { "confidence": 0.96915239095687866, "class": 1, "regularized": null }, "geometry": { "type": "Polygon", "coordinates": [ [ [ 398843.743641912529711, 3780857.884028484113514 ], [ 398843.743641912529711, 3780846.897253306116909 ], [ 398846.490335707028862, 3780846.897253306116909 ], [ 398846.490335707028862, 3780853.306205493398011 ], [ 398846.795523906417657, 3780853.611393692903221 ], [ 398846.795523906417657, 3780857.273652085568756 ], [ 398846.490335707028862, 3780857.578840285073966 ], [ 398845.879959308251273, 3780857.578840285073966 ], [ 398845.574771108862478, 3780857.884028484113514 ], [ 398843.743641912529711, 3780857.884028484113514 ] ] ] } },
{ "type": "Feature", "properties": { "confidence": 0.96914172172546387, "class": 1, "regularized": null }, "geometry": { "type": "Polygon", "coordinates": [ [ [ 398920.651068158680573, 3780806.917599186301231 ], [ 398920.345879959291779, 3780806.612410986796021 ], [ 398919.1251271617366, 3780806.612410986796021 ], [ 398918.819938962347806, 3780806.307222787290812 ], [ 398917.904374364181422, 3780806.307222787290812 ], [ 398917.599186164792627, 3780806.002034587785602 ], [ 398917.293997965403832, 3780806.002034587785602 ], [ 398916.988809766015038, 3780805.696846388746053 ], [ 398916.988809766015038, 3780801.119023397564888 ], [ 398917.293997965403832, 3780800.813835198525339 ], [ 398917.293997965403832, 3780800.508646999020129 ], [ 398917.904374364181422, 3780800.508646999020129 ], [ 398918.209562563570216, 3780800.20345879951492 ], [ 398921.261444557458162, 3780800.20345879951492 ], [ 398921.566632756846957, 3780800.508646999020129 ], [ 398921.871820956235752, 3780800.508646999020129 ], [ 398922.177009155624546, 3780800.813835198525339 ], [ 398922.177009155624546, 3780801.119023397564888 ], [ 398922.787385554402135, 3780801.729399796575308 ], [ 398922.787385554402135, 3780802.034587996080518 ], [ 398923.09257375379093, 3780802.339776195120066 ], [ 398923.702950152568519, 3780802.339776195120066 ], [ 398924.008138351957314, 3780802.644964394625276 ], [ 398924.923702950123698, 3780802.644964394625276 ], [ 398925.2288911495707, 3780802.950152594130486 ], [ 398928.280773143458646, 3780802.950152594130486 ], [ 398928.58596134284744, 3780803.255340793635696 ], [ 398928.58596134284744, 3780804.476093591190875 ], [ 398928.280773143458646, 3780804.476093591190875 ], [ 398927.975584944069851, 3780804.781281790230423 ], [ 398927.975584944069851, 3780805.086469989735633 ], [ 398926.449643947125878, 3780805.086469989735633 ], [ 398926.144455747737084, 3780805.391658189240843 ], [ 398924.923702950123698, 3780805.391658189240843 ], [ 398924.618514750734903, 3780805.696846388746053 ], [ 398923.397761953179725, 3780805.696846388746053 ], [ 398922.787385554402135, 3780806.307222787290812 ], [ 398922.177009155624546, 3780806.307222787290812 ], [ 398921.871820956235752, 3780806.612410986796021 ], [ 398921.261444557458162, 3780806.612410986796021 ], [ 398920.956256358069368, 3780806.917599186301231 ], [ 398920.651068158680573, 3780806.917599186301231 ] ] ] } },
{ "type": "Feature", "properties": { "confidence": 0.96868926286697388, "class": 1, "regularized": null }, "geometry": { "type": "Polygon", "coordinates": [ [ [ 398903.560528992908075, 3780807.22278738534078 ], [ 398903.255340793461073, 3780806.917599186301231 ], [ 398900.813835198350716, 3780806.917599186301231 ], [ 398900.508646998961922, 3780806.612410986796021 ], [ 398900.203458799573127, 3780806.612410986796021 ], [ 398899.593082400795538, 3780806.002034587785602 ], [ 398899.593082400795538, 3780805.391658189240843 ], [ 398899.287894201406743, 3780805.086469989735633 ], [ 398899.287894201406743, 3780804.781281790230423 ], [ 398898.37232960324036, 3780803.865717192180455 ], [ 398898.067141403851565, 3780803.865717192180455 ], [ 398897.76195320446277, 3780803.560528992675245 ], [ 398897.76195320446277, 3780801.424211597070098 ], [ 398898.067141403851565, 3780801.119023397564888 ], [ 398898.067141403851565, 3780800.813835198525339 ], [ 398899.898270600184333, 3780800.813835198525339 ], [ 398900.203458799573127, 3780801.119023397564888 ], [ 398900.813835198350716, 3780801.119023397564888 ], [ 398901.119023397739511, 3780801.424211597070098 ], [ 398902.950152594072279, 3780801.424211597070098 ], [ 398902.950152594072279, 3780801.729399796575308 ], [ 398903.255340793461073, 3780802.034587996080518 ], [ 398904.781281790463254, 3780802.034587996080518 ], [ 398906.002034588018432, 3780800.813835198525339 ], [ 398907.527975584962405, 3780800.813835198525339 ], [ 398907.527975584962405, 3780806.307222787290812 ], [ 398907.222787385573611, 3780806.307222787290812 ], [ 398906.917599186184816, 3780806.612410986796021 ], [ 398906.612410986796021, 3780806.612410986796021 ], [ 398906.307222787407227, 3780806.917599186301231 ], [ 398904.781281790463254, 3780806.917599186301231 ], [ 398904.476093591074459, 3780807.22278738534078 ], [ 398903.560528992908075, 3780807.22278738534078 ] ] ] } },
{ "type": "Feature", "properties": { "confidence": 0.96785998344421387, "class": 1, "regularized": null }, "geometry": { "type": "Polygon", "coordinates": [ [ [ 398668.870803662284743, 3781091.658189216628671 ], [ 398668.565615462895948, 3781091.353001017123461 ], [ 398668.260427263507154, 3781091.353001017123461 ], [ 398667.955239064118359, 3781091.047812818083912 ], [ 398667.650050864671357, 3781091.047812818083912 ], [ 398667.344862665282562, 3781090.742624618578702 ], [ 398667.039674465893768, 3781090.742624618578702 ], [ 398666.429298067116179, 3781090.132248219568282 ], [ 398666.429298067116179, 3781089.827060020528734 ], [ 398666.124109867727384, 3781089.521871821023524 ], [ 398666.124109867727384, 3781083.418107833247632 ], [ 398665.818921668338589, 3781083.112919633742422 ], [ 398665.818921668338589, 3781080.671414038632065 ], [ 398666.429298067116179, 3781080.671414038632065 ], [ 398666.734486266504973, 3781080.366225839126855 ], [ 398670.701932858617511, 3781080.366225839126855 ], [ 398671.007121058006305, 3781080.061037640087306 ], [ 398671.3123092573951, 3781080.061037640087306 ], [ 398671.922685656172689, 3781080.671414038632065 ], [ 398671.922685656172689, 3781082.502543235197663 ], [ 398672.533062054950278, 3781083.112919633742422 ], [ 398672.533062054950278, 3781084.63886063080281 ], [ 398672.838250254339073, 3781084.94404883030802 ], [ 398673.143438453727867, 3781084.94404883030802 ], [ 398673.143438453727867, 3781091.353001017123461 ], [ 398672.838250254339073, 3781091.353001017123461 ], [ 398672.533062054950278, 3781091.658189216628671 ], [ 398668.870803662284743, 3781091.658189216628671 ] ] ] } },
{ "type": "Feature", "properties": { "confidence": 0.96746325492858887, "class": 1, "regularized": null }, "geometry": { "type": "Polygon", "coordinates": [ [ [ 398647.812817904399708, 3780783.418107833247632 ], [ 398647.507629705010913, 3780783.112919633742422 ], [ 398647.202441505622119, 3780783.112919633742422 ], [ 398647.202441505622119, 3780772.736520854756236 ], [ 398647.507629705010913, 3780772.431332655251026 ], [ 398647.507629705010913, 3780772.126144455745816 ], [ 398648.118006103788503, 3780771.515768057201058 ], [ 398652.390640895231627, 3780771.515768057201058 ], [ 398652.695829094620422, 3780771.820956256240606 ], [ 398653.001017294009216, 3780771.820956256240606 ], [ 398653.306205493398011, 3780772.126144455745816 ], [ 398653.306205493398011, 3780772.431332655251026 ], [ 398653.611393692786805, 3780772.736520854756236 ], [ 398653.611393692786805, 3780779.145473041571677 ], [ 398653.306205493398011, 3780779.450661241076887 ], [ 398653.306205493398011, 3780782.502543235197663 ], [ 398653.001017294009216, 3780782.807731434237212 ], [ 398650.559511698898859, 3780782.807731434237212 ], [ 398650.254323499510065, 3780783.112919633742422 ], [ 398649.94913530012127, 3780783.112919633742422 ], [ 398649.643947100732476, 3780783.418107833247632 ], [ 398647.812817904399708, 3780783.418107833247632 ] ] ] } },
{ "type": "Feature", "properties": { "confidence": 0.96696078777313232, "class": 1, "regularized": null }, "geometry": { "type": "Polygon", "coordinates": [ [ [ 398553.509664292971138, 3780995.829094608314335 ], [ 398553.204476093582343, 3780995.523906408809125 ], [ 398552.594099694804754, 3780995.523906408809125 ], [ 398552.594099694804754, 3780989.420142421033233 ], [ 398552.28891149541596, 3780989.114954221993685 ], [ 398552.28891149541596, 3780987.283825025428087 ], [ 398551.983723296027165, 3780986.978636825922877 ], [ 398551.983723296027165, 3780981.485249237157404 ], [ 398551.67853509663837, 3780981.180061037652194 ], [ 398551.67853509663837, 3780979.654120040591806 ], [ 398552.28891149541596, 3780979.043743642047048 ], [ 398552.899287894193549, 3780979.043743642047048 ], [ 398553.204476093582343, 3780978.738555442541838 ], [ 398555.035605289915111, 3780978.738555442541838 ], [ 398555.340793489303906, 3780979.043743642047048 ], [ 398555.6459816886927, 3780979.043743642047048 ], [ 398556.256358087470289, 3780979.654120040591806 ], [ 398556.256358087470289, 3780980.264496439602226 ], [ 398557.171922685636673, 3780981.180061037652194 ], [ 398557.171922685636673, 3780981.485249237157404 ], [ 398557.477110885025468, 3780981.790437436196953 ], [ 398557.477110885025468, 3780982.400813835207373 ], [ 398557.782299084414262, 3780982.706002034712583 ], [ 398557.782299084414262, 3780983.926754832267761 ], [ 398557.477110885025468, 3780984.23194303130731 ], [ 398557.477110885025468, 3780986.063072227872908 ], [ 398557.171922685636673, 3780986.368260427378118 ], [ 398557.171922685636673, 3780988.809766022488475 ], [ 398557.477110885025468, 3780989.114954221993685 ], [ 398557.477110885025468, 3780990.030518820043653 ], [ 398557.782299084414262, 3780990.335707019548863 ], [ 398557.782299084414262, 3780990.640895218588412 ], [ 398558.087487283803057, 3780990.946083418093622 ], [ 398558.087487283803057, 3780991.86164801614359 ], [ 398558.392675483191852, 3780992.1668362156488 ], [ 398558.392675483191852, 3780993.692777212709188 ], [ 398558.087487283803057, 3780993.997965412214398 ], [ 398558.087487283803057, 3780995.523906408809125 ], [ 398557.782299084414262, 3780995.829094608314335 ], [ 398553.509664292971138, 3780995.829094608314335 ] ] ] } },
{ "type": "Feature", "properties": { "confidence": 0.96611994504928589, "class": 1, "regularized": "rectangle" }, "geometry": { "type": "Polygon", "coordinates": [ [ [ 398690.5625, 3780981.25 ], [ 398699.6875, 3780981.25 ], [ 398699.6875, 3780995.25 ], [ 398690.5625, 3780995.25 ], [ 398690.5625, 3780981.25 ] ] ] } },
{ "type": "Feature", "properties": { "confidence": 0.96507537364959717, "class": 1, "regularized": "rectangle" }, "geometry": { "type": "Polygon", "coordinates": [ [ [ 398932.5625, 3781117.25 ], [ 398932.5625, 3781106.25 ], [ 398953.625, 3781106.25 ], [ 398953.625, 3781117.25 ], [ 398932.5625, 3781117.25 ] ] ] } },
{ "type": "Feature", "properties": { "confidence": 0.96383458375930786, "class": 1, "regularized": null }, "geometry": { "type": "Polygon", "coordinates": [ [ [ 398752.492370294989087, 3780717.802644964307547 ], [ 398752.492370294989087, 3780709.257375381421298 ], [ 398753.40793489315547, 3780709.257375381421298 ], [ 398753.40793489315547, 3780709.562563580926508 ], [ 398753.713123092602473, 3780709.867751780431718 ], [ 398753.713123092602473, 3780710.478128178976476 ], [ 398754.628687690768857, 3780711.393692777026445 ], [ 398754.628687690768857, 3780711.698880976531655 ], [ 398754.933875890157651, 3780712.004069176036865 ], [ 398754.933875890157651, 3780717.497456764802337 ], [ 398754.628687690768857, 3780717.802644964307547 ], [ 398752.492370294989087, 3780717.802644964307547 ] ] ] } },
{ "type": "Feature", "properties": { "confidence": 0.96337044239044189, "class": 1, "regularized": null }, "geometry": { "type": "Polygon", "coordinates": [ [ [ 398673.143438453727867, 3780963.173957273829728 ], [ 398672.838250254339073, 3780962.868769074324518 ], [ 398672.533062054950278, 3780962.868769074324518 ], [ 398672.227873855561484, 3780962.563580874819309 ], [ 398672.227873855561484, 3780958.290946083609015 ], [ 398672.533062054950278, 3780957.985757884103805 ], [ 398672.533062054950278, 3780957.375381485093385 ], [ 398672.838250254339073, 3780957.375381485093385 ], [ 398673.143438453727867, 3780957.070193286053836 ], [ 398679.247202441503759, 3780957.070193286053836 ], [ 398679.857578840281349, 3780957.680569684598595 ], [ 398679.552390640892554, 3780957.985757884103805 ], [ 398679.552390640892554, 3780958.901322482153773 ], [ 398679.857578840281349, 3780959.206510681658983 ], [ 398679.857578840281349, 3780962.563580874819309 ], [ 398679.552390640892554, 3780962.868769074324518 ], [ 398678.63682604272617, 3780962.868769074324518 ], [ 398678.331637843337376, 3780963.173957273829728 ], [ 398673.143438453727867, 3780963.173957273829728 ] ] ] } },
{ "type": "Feature", "properties": { "confidence": 0.96330851316452026, "class": 1, "regularized": "rectangle" }, "geometry": { "type": "Polygon", "coordinates": [ [ [ 398775.0625, 3780863.0 ], [ 398787.9375, 3780863.0 ], [ 398787.9375, 3780874.0 ], [ 398775.0625, 3780874.0 ], [ 398775.0625, 3780863.0 ] ] ] } },
{ "type": "Feature", "properties": { "confidence": 0.96238881349563599, "class": 1, "regularized": null }, "geometry": { "type": "Polygon", "coordinates": [ [ [ 398521.770091556478292, 3780851.169888097792864 ], [ 398521.464903357089497, 3780850.864699898287654 ], [ 398520.854526958311908, 3780850.864699898287654 ], [ 398519.328585961367935, 3780849.338758901227266 ], [ 398519.328585961367935, 3780849.033570701722056 ], [ 398519.02339776197914, 3780848.728382502682507 ], [ 398518.718209562590346, 3780848.728382502682507 ], [ 398518.718209562590346, 3780848.423194303177297 ], [ 398518.413021363201551, 3780848.118006103672087 ], [ 398518.413021363201551, 3780844.760935910511762 ], [ 398518.718209562590346, 3780844.455747711006552 ], [ 398518.718209562590346, 3780843.845371312461793 ], [ 398519.02339776197914, 3780843.540183112956583 ], [ 398519.02339776197914, 3780843.234994913451374 ], [ 398519.328585961367935, 3780842.929806713946164 ], [ 398519.328585961367935, 3780842.624618514906615 ], [ 398519.63377416075673, 3780842.319430315401405 ], [ 398519.63377416075673, 3780841.709053916390985 ], [ 398519.938962360145524, 3780841.403865717351437 ], [ 398519.938962360145524, 3780840.488301118835807 ], [ 398520.244150559534319, 3780840.183112919796258 ], [ 398520.549338758923113, 3780840.183112919796258 ], [ 398520.854526958311908, 3780839.877924720291048 ], [ 398522.99084435403347, 3780839.877924720291048 ], [ 398523.296032553422265, 3780840.183112919796258 ], [ 398523.296032553422265, 3780840.488301118835807 ], [ 398523.601220752811059, 3780840.793489318341017 ], [ 398523.296032553422265, 3780841.098677517846227 ], [ 398523.296032553422265, 3780842.929806713946164 ], [ 398523.601220752811059, 3780843.234994913451374 ], [ 398523.601220752811059, 3780844.455747711006552 ], [ 398523.906408952199854, 3780844.760935910511762 ], [ 398523.906408952199854, 3780847.812817904166877 ], [ 398524.211597151588649, 3780848.118006103672087 ], [ 398524.211597151588649, 3780850.864699898287654 ], [ 398523.601220752811059, 3780850.864699898287654 ], [ 398523.296032553422265, 3780851.169888097792864 ], [ 398521.770091556478292, 3780851.169888097792864 ] ] ] } },
{ "type": "Feature", "properties": { "confidence": 0.96139025688171387, "class": 1, "regularized": null }, "geometry": { "type": "Polygon", "coordinates": [ [ [ 398757.375381485268008, 3780705.595116988755763 ], [ 398757.070193285879213, 3780705.289928789250553 ], [ 398756.15462868771283, 3780705.289928789250553 ], [ 398756.15462868771283, 3780704.374364191200584 ], [ 398755.849440488324035, 3780704.069175991695374 ], [ 398755.849440488324035, 3780693.997965412214398 ], [ 398756.15462868771283, 3780693.692777212709188 ], [ 398756.15462868771283, 3780693.387589013203979 ], [ 398758.596134282823186, 3780693.387589013203979 ], [ 398758.901322482211981, 3780693.692777212709188 ], [ 398758.901322482211981, 3780696.134282807819545 ], [ 398759.206510681600776, 3780696.439471007324755 ], [ 398759.206510681600776, 3780702.848423194140196 ], [ 398758.901322482211981, 3780703.153611393645406 ], [ 398758.901322482211981, 3780705.289928789250553 ], [ 398758.596134282823186, 3780705.289928789250553 ], [ 398758.290946083434392, 3780705.595116988755763 ], [ 398757.375381485268008, 3780705.595116988755763 ] ] ] } },
{ "type": "Feature", "properties": { "confidence": 0.95906537771224976, "class": 1, "regularized": null }, "geometry": { "type": "Polygon", "coordinates": [ [ [ 398478.738555442541838, 3781149.949135300237685 ], [ 398478.128179043764248, 3781149.338758901227266 ], [ 398477.822990844375454, 3781149.338758901227266 ], [ 398477.822990844375454, 3781149.033570701722056 ], [ 398477.517802644986659, 3781148.728382502682507 ], [ 398477.517802644986659, 3781148.118006103672087 ], [ 398477.212614445597865, 3781147.812817904166877 ], [ 398477.517802644986659, 3781147.507629705127329 ], [ 398477.517802644986659, 3781146.28687690757215 ], [ 398477.822990844375454, 3781145.98168870806694 ], [ 398477.822990844375454, 3781145.67650050856173 ], [ 398478.128179043764248, 3781145.37131230905652 ], [ 398478.128179043764248, 3781145.066124110016972 ], [ 398478.433367243153043, 3781144.760935910511762 ], [ 398478.433367243153043, 3781144.455747711006552 ], [ 398478.738555442541838, 3781144.150559511501342 ], [ 398478.738555442541838, 3781143.234994913451374 ], [ 398479.043743641930632, 3781142.929806713946164 ], [ 398479.348931841319427, 3781142.929806713946164 ], [ 398479.654120040708221, 3781142.624618514906615 ], [ 398479.959308240097016, 3781142.929806713946164 ], [ 398480.569684638874605, 3781142.929806713946164 ], [ 398480.8748728382634, 3781143.234994913451374 ], [ 398481.180061037652194, 3781143.234994913451374 ], [ 398481.485249237040989, 3781143.540183112956583 ], [ 398481.485249237040989, 3781143.845371312461793 ], [ 398481.790437436429784, 3781144.150559511501342 ], [ 398482.400813835207373, 3781144.150559511501342 ], [ 398482.400813835207373, 3781144.455747711006552 ], [ 398483.926754832151346, 3781145.98168870806694 ], [ 398483.926754832151346, 3781146.592065106611699 ], [ 398484.231943031540141, 3781146.897253306116909 ], [ 398484.231943031540141, 3781149.033570701722056 ], [ 398483.926754832151346, 3781149.338758901227266 ], [ 398483.011190233984962, 3781149.338758901227266 ], [ 398482.706002034596168, 3781149.643947100732476 ], [ 398481.485249237040989, 3781149.643947100732476 ], [ 398481.180061037652194, 3781149.949135300237685 ], [ 398478.738555442541838, 3781149.949135300237685 ] ] ] } },
{ "type": "Feature", "properties": { "confidence": 0.95870745182037354, "class": 1, "regularized": "rectangle" }, "geometry": { "type": "Polygon", "coordinates": [ [ [ 398773.6875, 3780825.0 ], [ 398774.5625, 3780816.0 ], [ 398793.9375, 3780818.0 ], [ 398793.0625, 3780827.0 ], [ 398773.6875, 3780825.0 ] ] ] } },
{ "type": "Feature", "properties": { "confidence": 0.95576173067092896, "class": 1, "regularized": null }, "geometry": { "type": "Polygon", "coordinates": [ [ [ 398542.828077314363327, 3780701.322482197545469 ], [ 398542.828077314363327, 3780701.017293998040259 ], [ 398542.522889114974532, 3780700.712105798535049 ], [ 398542.522889114974532, 3780699.79654120048508 ], [ 398542.828077314363327, 3780699.491353000979871 ], [ 398542.828077314363327, 3780697.049847405869514 ], [ 398543.133265513752121, 3780696.744659206364304 ], [ 398543.133265513752121, 3780695.523906408809125 ], [ 398543.438453713140916, 3780695.218718209769577 ], [ 398543.438453713140916, 3780693.997965412214398 ], [ 398543.743641912529711, 3780693.692777212709188 ], [ 398543.743641912529711, 3780693.387589013203979 ], [ 398544.048830111918505, 3780693.082400813698769 ], [ 398551.67853509663837, 3780693.082400813698769 ], [ 398551.983723296027165, 3780693.387589013203979 ], [ 398551.983723296027165, 3780696.439471007324755 ], [ 398551.67853509663837, 3780696.744659206364304 ], [ 398551.67853509663837, 3780698.270600203424692 ], [ 398551.373346897249576, 3780698.575788402929902 ], [ 398551.373346897249576, 3780699.186164801474661 ], [ 398551.068158697860781, 3780699.491353000979871 ], [ 398551.068158697860781, 3780701.017293998040259 ], [ 398550.762970498471987, 3780701.017293998040259 ], [ 398550.457782299083192, 3780701.322482197545469 ], [ 398542.828077314363327, 3780701.322482197545469 ] ] ] } },
{ "type": "Feature", "properties": { "confidence": 0.95570510625839233, "class": 1, "regularized": null }, "geometry": { "type": "Polygon", "coordinates": [ [ [ 398552.594099694804754, 3781050.457782299257815 ], [ 398552.594099694804754, 3781050.152594099752605 ], [ 398552.28891149541596, 3781049.847405900247395 ], [ 398552.28891149541596, 3781044.048830111976713 ], [ 398555.951169888081495, 3781044.048830111976713 ], [ 398555.951169888081495, 3781048.626653102692217 ], [ 398555.340793489303906, 3781048.626653102692217 ], [ 398555.035605289915111, 3781048.931841302197427 ], [ 398554.730417090526316, 3781048.931841302197427 ], [ 398553.204476093582343, 3781050.457782299257815 ], [ 398552.594099694804754, 3781050.457782299257815 ] ] ] } },
{ "type": "Feature", "properties": { "confidence": 0.95329338312149048, "class": 1, "regularized": "rectangle" }, "geometry": { "type": "Polygon", "coordinates": [ [ [ 398880.96875, 3781071.0 ], [ 398880.96875, 3781060.5 ], [ 398898.34375, 3781060.5 ], [ 398898.34375, 3781071.0 ], [ 398880.96875, 3781071.0 ] ] ] } },
{ "type": "Feature", "properties": { "confidence": 0.95223796367645264, "class": 1, "regularized": null }, "geometry": { "type": "Polygon", "coordinates": [ [ [ 398444.557477110880427, 3781186.876907426398247 ], [ 398444.252288911491632, 3781186.571719226893038 ], [ 398443.947100712102838, 3781186.571719226893038 ], [ 398443.641912512714043, 3781186.266531027387828 ], [ 398443.641912512714043, 3781180.467955239117146 ], [ 398443.947100712102838, 3781180.162767039611936 ], [ 398448.219735503545962, 3781180.162767039611936 ], [ 398448.524923702934757, 3781179.857578840106726 ], [ 398449.440488301101141, 3781179.857578840106726 ], [ 398449.745676500489935, 3781180.162767039611936 ], [ 398450.356052899267524, 3781180.162767039611936 ], [ 398450.356052899267524, 3781180.773143438622355 ], [ 398450.661241098656319, 3781181.078331637661904 ], [ 398450.661241098656319, 3781183.519837232772261 ], [ 398450.966429298045114, 3781183.825025432277471 ], [ 398450.966429298045114, 3781185.961342827882618 ], [ 398450.661241098656319, 3781186.266531027387828 ], [ 398450.661241098656319, 3781186.571719226893038 ], [ 398450.356052899267524, 3781186.571719226893038 ], [ 398450.05086469987873, 3781186.876907426398247 ], [ 398444.557477110880427, 3781186.876907426398247 ] ] ] } },
{ "type": "Feature", "properties": { "confidence": 0.95121431350708008, "class": 1, "regularized": null }, "geometry": { "type": "Polygon", "coordinates": [ [ [ 398710.681586978607811, 3781091.963377416133881 ], [ 398710.376398779219016, 3781091.658189216628671 ], [ 398709.766022380441427, 3781091.658189216628671 ], [ 398709.460834181052633, 3781091.353001017123461 ], [ 398708.850457782275043, 3781091.353001017123461 ], [ 398708.545269582886249, 3781091.047812818083912 ], [ 398707.629704984719865, 3781091.047812818083912 ], [ 398707.32451678533107, 3781090.742624618578702 ], [ 398707.32451678533107, 3781086.164801627863199 ], [ 398714.343845371331554, 3781086.164801627863199 ], [ 398714.649033570720349, 3781086.469989826902747 ], [ 398714.649033570720349, 3781087.385554425418377 ], [ 398714.343845371331554, 3781087.690742624457926 ], [ 398714.343845371331554, 3781090.742624618578702 ], [ 398714.038657171942759, 3781091.047812818083912 ], [ 398714.038657171942759, 3781091.353001017123461 ], [ 398713.733468972553965, 3781091.658189216628671 ], [ 398713.123092573776376, 3781091.658189216628671 ], [ 398712.817904374387581, 3781091.963377416133881 ], [ 398710.681586978607811, 3781091.963377416133881 ] ] ] } },
{ "type": "Feature", "properties": { "confidence": 0.94924551248550415, "class": 1, "regularized": null }, "geometry": { "type": "Polygon", "coordinates": [ [ [ 398925.2288911495707, 3781119.125127161853015 ], [ 398924.923702950123698, 3781118.819938962347806 ], [ 398924.923702950123698, 3781116.683621566742659 ], [ 398925.534079348959494, 3781116.073245167732239 ], [ 398931.637843336735386, 3781116.073245167732239 ], [ 398931.943031536124181, 3781116.378433367237449 ], [ 398931.943031536124181, 3781116.988809766247869 ], [ 398932.248219735512976, 3781117.293997965287417 ], [ 398932.248219735512976, 3781117.599186164792627 ], [ 398931.943031536124181, 3781117.904374364297837 ], [ 398931.943031536124181, 3781118.514750762842596 ], [ 398931.637843336735386, 3781118.514750762842596 ], [ 398931.332655137346592, 3781118.819938962347806 ], [ 398927.975584944069851, 3781118.819938962347806 ], [ 398927.670396744681057, 3781119.125127161853015 ], [ 398925.2288911495707, 3781119.125127161853015 ] ] ] } },
{ "type": "Feature", "properties": { "confidence": 0.94675809144973755, "class": 1, "regularized": null }, "geometry": { "type": "Polygon", "coordinates": [ [ [ 398512.309257375367451, 3780887.487283824943006 ], [ 398512.004069175978657, 3780887.182095625437796 ], [ 398511.698880976589862, 3780887.182095625437796 ], [ 398511.088504577812273, 3780886.571719226893038 ], [ 398510.478128179034684, 3780886.571719226893038 ], [ 398510.172939979645889, 3780886.266531027387828 ], [ 398510.172939979645889, 3780885.656154628843069 ], [ 398509.867751780257095, 3780885.350966429337859 ], [ 398510.172939979645889, 3780885.045778229832649 ], [ 398510.172939979645889, 3780884.130213631782681 ], [ 398510.478128179034684, 3780883.825025432277471 ], [ 398510.478128179034684, 3780883.214649033732712 ], [ 398511.088504577812273, 3780882.604272634722292 ], [ 398511.393692777201068, 3780882.604272634722292 ], [ 398511.698880976589862, 3780882.299084435217083 ], [ 398512.309257375367451, 3780882.299084435217083 ], [ 398512.614445574756246, 3780882.604272634722292 ], [ 398516.276703967421781, 3780882.604272634722292 ], [ 398516.581892166810576, 3780882.299084435217083 ], [ 398516.88708036619937, 3780882.299084435217083 ], [ 398517.192268565588165, 3780882.604272634722292 ], [ 398518.107833163812757, 3780882.604272634722292 ], [ 398518.107833163812757, 3780884.740590030327439 ], [ 398516.581892166810576, 3780886.266531027387828 ], [ 398516.276703967421781, 3780886.266531027387828 ], [ 398515.971515768032987, 3780886.571719226893038 ], [ 398515.666327568644192, 3780886.571719226893038 ], [ 398515.361139369255397, 3780886.876907426398247 ], [ 398514.750762970477808, 3780886.876907426398247 ], [ 398514.445574771089014, 3780887.182095625437796 ], [ 398513.53001017292263, 3780887.182095625437796 ], [ 398513.224821973533835, 3780887.487283824943006 ], [ 398512.309257375367451, 3780887.487283824943006 ] ] ] } },
{ "type": "Feature", "properties": { "confidence": 0.94659978151321411, "class": 1, "regularized": null }, "geometry": { "type": "Polygon", "coordinates": [ [ [ 398538.555442522861995, 3781047.405900305137038 ], [ 398538.2502543234732, 3781047.100712105631828 ], [ 398537.029501525918022, 3781047.100712105631828 ], [ 398537.029501525918022, 3781046.79552390659228 ], [ 398536.724313326529227, 3781046.49033570708707 ], [ 398536.724313326529227, 3781045.87995930807665 ], [ 398537.029501525918022, 3781045.574771109037101 ], [ 398537.029501525918022, 3781044.048830111976713 ], [ 398537.334689725306816, 3781043.743641912471503 ], [ 398537.334689725306816, 3781042.828077314421535 ], [ 398537.639877924695611, 3781042.522889114916325 ], [ 398537.639877924695611, 3781040.691759918816388 ], [ 398537.945066124084406, 3781040.386571719311178 ], [ 398537.945066124084406, 3781040.081383519805968 ], [ 398538.555442522861995, 3781040.081383519805968 ], [ 398538.555442522861995, 3781040.386571719311178 ], [ 398539.471007121086586, 3781041.302136317361146 ], [ 398540.38657171925297, 3781041.302136317361146 ], [ 398540.691759918641765, 3781041.607324516866356 ], [ 398541.912512716196943, 3781041.607324516866356 ], [ 398542.217700915585738, 3781041.912512716371566 ], [ 398542.828077314363327, 3781041.912512716371566 ], [ 398543.133265513752121, 3781042.217700915411115 ], [ 398544.659206510696094, 3781042.217700915411115 ], [ 398545.269582909473684, 3781042.828077314421535 ], [ 398545.269582909473684, 3781043.133265513926744 ], [ 398544.964394710084889, 3781043.438453712966293 ], [ 398544.964394710084889, 3781044.964394710026681 ], [ 398545.269582909473684, 3781045.269582909531891 ], [ 398544.964394710084889, 3781045.574771109037101 ], [ 398544.964394710084889, 3781046.49033570708707 ], [ 398544.3540183113073, 3781047.100712105631828 ], [ 398544.048830111918505, 3781047.100712105631828 ], [ 398543.743641912529711, 3781047.405900305137038 ], [ 398542.217700915585738, 3781047.405900305137038 ], [ 398541.912512716196943, 3781047.100712105631828 ], [ 398540.691759918641765, 3781047.100712105631828 ], [ 398540.38657171925297, 3781047.405900305137038 ], [ 398538.555442522861995, 3781047.405900305137038 ] ] ] } },
{ "type": "Feature", "properties": { "confidence": 0.94537699222564697, "class": 1, "regularized": "rectangle" }, "geometry": { "type": "Polygon", "coordinates": [ [ [ 398876.71875, 3780879.5 ], [ 398894.09375, 3780879.5 ], [ 398894.09375, 3780890.5 ], [ 398876.71875, 3780890.5 ], [ 398876.71875, 3780879.5 ] ] ] } },
{ "type": "Feature", "properties": { "confidence": 0.94502383470535278, "class": 1, "regularized": null }, "geometry": { "type": "Polygon", "coordinates": [ [ [ 398613.631739572738297, 3780846.28687690757215 ], [ 398613.326551373349503, 3780845.98168870806694 ], [ 398613.021363173960708, 3780845.98168870806694 ], [ 398613.021363173960708, 3780840.488301118835807 ], [ 398613.326551373349503, 3780840.183112919796258 ], [ 398613.326551373349503, 3780839.572736520785838 ], [ 398613.631739572738297, 3780839.267548321280628 ], [ 398617.904374364181422, 3780839.267548321280628 ], [ 398618.209562563570216, 3780839.572736520785838 ], [ 398618.209562563570216, 3780839.877924720291048 ], [ 398618.514750762959011, 3780840.183112919796258 ], [ 398618.514750762959011, 3780841.403865717351437 ], [ 398618.209562563570216, 3780841.709053916390985 ], [ 398618.209562563570216, 3780842.319430315401405 ], [ 398617.904374364181422, 3780842.624618514906615 ], [ 398617.904374364181422, 3780842.929806713946164 ], [ 398617.599186164792627, 3780843.234994913451374 ], [ 398617.599186164792627, 3780843.540183112956583 ], [ 398617.293997965403832, 3780843.845371312461793 ], [ 398617.293997965403832, 3780844.150559511501342 ], [ 398616.988809766015038, 3780844.455747711006552 ], [ 398616.988809766015038, 3780845.37131230905652 ], [ 398616.378433367237449, 3780845.98168870806694 ], [ 398615.768056968459859, 3780845.98168870806694 ], [ 398615.462868769071065, 3780846.28687690757215 ], [ 398613.631739572738297, 3780846.28687690757215 ] ] ] } },
{ "type": "Feature", "properties": { "confidence": 0.9449583888053894, "class": 1, "regularized": null }, "geometry": { "type": "Polygon", "coordinates": [ [ [ 398991.149542217724957, 3781024.211597151588649 ], [ 398990.844354018336162, 3781023.906408952083439 ], [ 398989.623601220780984, 3781023.906408952083439 ], [ 398989.318413021392189, 3781023.601220752578229 ], [ 398987.487283825001214, 3781023.601220752578229 ], [ 398987.182095625612419, 3781023.29603255353868 ], [ 398986.876907426223624, 3781023.29603255353868 ], [ 398986.57171922683483, 3781022.99084435403347 ], [ 398986.57171922683483, 3781022.68565615452826 ], [ 398985.656154628668446, 3781021.770091556478292 ], [ 398985.656154628668446, 3781020.549338758923113 ], [ 398985.350966429279651, 3781020.244150559417903 ], [ 398985.350966429279651, 3781019.328585961367935 ], [ 398985.045778229890857, 3781019.023397761862725 ], [ 398985.045778229890857, 3781016.887080366257578 ], [ 398985.350966429279651, 3781016.581892166752368 ], [ 398992.370295015280135, 3781016.581892166752368 ], [ 398992.370295015280135, 3781016.887080366257578 ], [ 398992.980671414057724, 3781017.497456764802337 ], [ 398992.980671414057724, 3781017.802644964307547 ], [ 398993.591047812835313, 3781018.413021363317966 ], [ 398993.896236012224108, 3781018.413021363317966 ], [ 398993.896236012224108, 3781018.718209562357515 ], [ 398994.201424211612903, 3781019.023397761862725 ], [ 398994.506612411001697, 3781019.023397761862725 ], [ 398994.506612411001697, 3781019.633774160873145 ], [ 398994.811800610390492, 3781019.938962359912694 ], [ 398994.506612411001697, 3781020.244150559417903 ], [ 398994.506612411001697, 3781021.464903356973082 ], [ 398994.201424211612903, 3781021.770091556478292 ], [ 398994.201424211612903, 3781022.38046795502305 ], [ 398993.896236012224108, 3781022.68565615452826 ], [ 398993.896236012224108, 3781023.29603255353868 ], [ 398993.591047812835313, 3781023.29603255353868 ], [ 398993.285859613446519, 3781023.601220752578229 ], [ 398993.285859613446519, 3781023.906408952083439 ], [ 398992.980671414057724, 3781024.211597151588649 ], [ 398991.149542217724957, 3781024.211597151588649 ] ] ] } },
{ "type": "Feature", "properties": { "confidence": 0.94485002756118774, "class": 1, "regularized": null }, "geometry": { "type": "Polygon", "coordinates": [ [ [ 398685.350966429279651, 3780753.20447609340772 ], [ 398685.045778229890857, 3780752.899287894368172 ], [ 398685.045778229890857, 3780752.594099694862962 ], [ 398684.740590030502062, 3780752.288911495357752 ], [ 398684.740590030502062, 3780745.574771109037101 ], [ 398685.045778229890857, 3780745.269582909531891 ], [ 398685.045778229890857, 3780744.354018311481923 ], [ 398685.350966429279651, 3780744.048830111976713 ], [ 398685.350966429279651, 3780742.522889114916325 ], [ 398685.656154628668446, 3780742.217700915411115 ], [ 398685.656154628668446, 3780740.081383519805968 ], [ 398685.350966429279651, 3780739.776195320300758 ], [ 398685.350966429279651, 3780739.165818921755999 ], [ 398685.656154628668446, 3780738.860630722250789 ], [ 398685.656154628668446, 3780737.945066124200821 ], [ 398685.961342828057241, 3780737.639877924695611 ], [ 398686.57171922683483, 3780737.639877924695611 ], [ 398686.876907426223624, 3780737.945066124200821 ], [ 398688.097660223778803, 3780737.945066124200821 ], [ 398688.402848423167598, 3780738.250254323706031 ], [ 398690.844354018336162, 3780738.250254323706031 ], [ 398691.149542217724957, 3780738.555442522745579 ], [ 398691.149542217724957, 3780748.016276704147458 ], [ 398690.844354018336162, 3780748.321464903187007 ], [ 398690.844354018336162, 3780750.152594099752605 ], [ 398690.539165818947367, 3780750.457782299257815 ], [ 398690.539165818947367, 3780751.983723295852542 ], [ 398689.928789420169778, 3780751.983723295852542 ], [ 398689.623601220780984, 3780752.288911495357752 ], [ 398686.876907426223624, 3780752.288911495357752 ], [ 398686.57171922683483, 3780752.594099694862962 ], [ 398686.266531027446035, 3780752.594099694862962 ], [ 398685.961342828057241, 3780752.899287894368172 ], [ 398685.656154628668446, 3780752.899287894368172 ], [ 398685.350966429279651, 3780753.20447609340772 ] ] ] } },
{ "type": "Feature", "properties": { "confidence": 0.94469177722930908, "class": 1, "regularized": null }, "geometry": { "type": "Polygon", "coordinates": [ [ [ 398934.689725330623332, 3780931.434384536929429 ], [ 398934.384537131234538, 3780931.12919633788988 ], [ 398934.384537131234538, 3780929.298067141324282 ], [ 398934.689725330623332, 3780928.992878941819072 ], [ 398934.689725330623332, 3780928.077314343769103 ], [ 398934.994913530012127, 3780927.772126144263893 ], [ 398934.994913530012127, 3780926.856561546213925 ], [ 398948.423194303177297, 3780926.856561546213925 ], [ 398948.423194303177297, 3780927.772126144263893 ], [ 398948.118006103788503, 3780928.077314343769103 ], [ 398948.118006103788503, 3780928.382502543274313 ], [ 398947.812817904399708, 3780928.687690742779523 ], [ 398947.812817904399708, 3780930.82400813838467 ], [ 398945.981688708008733, 3780930.82400813838467 ], [ 398945.676500508619938, 3780931.12919633788988 ], [ 398940.48830111901043, 3780931.12919633788988 ], [ 398940.183112919621635, 3780931.434384536929429 ], [ 398934.689725330623332, 3780931.434384536929429 ] ] ] } },
{ "type": "Feature", "properties": { "confidence": 0.94262665510177612, "class": 1, "regularized": null }, "geometry": { "type": "Polygon", "coordinates": [ [ [ 398939.267548321455251, 3780829.196337741799653 ], [ 398939.267548321455251, 3780828.891149542294443 ], [ 398938.962360122066457, 3780828.585961342789233 ], [ 398939.267548321455251, 3780828.280773143284023 ], [ 398939.267548321455251, 3780824.008138352073729 ], [ 398938.962360122066457, 3780823.702950152568519 ], [ 398938.962360122066457, 3780822.482197355013341 ], [ 398939.267548321455251, 3780822.177009155508131 ], [ 398939.267548321455251, 3780821.871820956468582 ], [ 398940.183112919621635, 3780821.871820956468582 ], [ 398940.48830111901043, 3780821.566632756963372 ], [ 398942.929806714120787, 3780821.566632756963372 ], [ 398943.234994913509581, 3780821.261444557458162 ], [ 398943.84537131228717, 3780821.261444557458162 ], [ 398944.150559511675965, 3780820.956256357952952 ], [ 398947.202441505622119, 3780820.956256357952952 ], [ 398947.202441505622119, 3780823.702950152568519 ], [ 398947.507629705010913, 3780824.008138352073729 ], [ 398947.507629705010913, 3780824.313326551578939 ], [ 398947.812817904399708, 3780824.618514750618488 ], [ 398947.812817904399708, 3780828.585961342789233 ], [ 398947.507629705010913, 3780828.891149542294443 ], [ 398946.59206510684453, 3780828.891149542294443 ], [ 398946.286876907397527, 3780829.196337741799653 ], [ 398939.267548321455251, 3780829.196337741799653 ] ] ] } },
{ "type": "Feature", "properties": { "confidence": 0.93898671865463257, "class": 1, "regularized": null }, "geometry": { "type": "Polygon", "coordinates": [ [ [ 398491.861648016260006, 3781191.759918616618961 ], [ 398491.556459816871211, 3781191.454730417113751 ], [ 398487.894201424205676, 3781191.454730417113751 ], [ 398487.283825025428087, 3781190.844354018103331 ], [ 398487.283825025428087, 3781190.233977619558573 ], [ 398486.978636826039292, 3781189.928789420053363 ], [ 398486.978636826039292, 3781188.402848422992975 ], [ 398486.673448626650497, 3781188.097660223953426 ], [ 398486.673448626650497, 3781186.571719226893038 ], [ 398486.978636826039292, 3781186.266531027387828 ], [ 398486.978636826039292, 3781185.656154628843069 ], [ 398487.283825025428087, 3781185.350966429337859 ], [ 398487.283825025428087, 3781184.740590030327439 ], [ 398488.504577822983265, 3781183.519837232772261 ], [ 398488.504577822983265, 3781183.214649033732712 ], [ 398488.80976602237206, 3781182.909460834227502 ], [ 398488.80976602237206, 3781182.299084435217083 ], [ 398493.387589013203979, 3781182.299084435217083 ], [ 398493.387589013203979, 3781184.435401831287891 ], [ 398493.082400813815184, 3781184.740590030327439 ], [ 398493.082400813815184, 3781188.097660223953426 ], [ 398492.777212614426389, 3781188.402848422992975 ], [ 398492.777212614426389, 3781191.149542217608541 ], [ 398492.472024415037595, 3781191.454730417113751 ], [ 398492.1668362156488, 3781191.454730417113751 ], [ 398491.861648016260006, 3781191.759918616618961 ] ] ] } },
{ "type": "Feature", "properties": { "confidence": 0.93769699335098267, "class": 1, "regularized": null }, "geometry": { "type": "Polygon", "coordinates": [ [ [ 398787.283825025428087, 3781019.023397761862725 ], [ 398786.673448626650497, 3781018.413021363317966 ], [ 398786.673448626650497, 3781003.458799593150616 ], [ 398786.978636826039292, 3781003.153611393645406 ], [ 398786.978636826039292, 3781002.848423194140196 ], [ 398787.283825025428087, 3781002.543234995100647 ], [ 398789.420142421149649, 3781002.543234995100647 ], [ 398789.725330620538443, 3781002.238046795595437 ], [ 398791.556459816871211, 3781002.238046795595437 ], [ 398791.861648016260006, 3781002.543234995100647 ], [ 398791.861648016260006, 3781005.900305188260972 ], [ 398791.556459816871211, 3781006.205493387766182 ], [ 398791.556459816871211, 3781008.646998982876539 ], [ 398791.251271617482416, 3781008.952187181916088 ], [ 398791.251271617482416, 3781010.172939979471266 ], [ 398790.946083418093622, 3781010.478128178976476 ], [ 398790.946083418093622, 3781010.783316378481686 ], [ 398790.640895218704827, 3781011.088504577986896 ], [ 398790.640895218704827, 3781011.698880976531655 ], [ 398790.335707019316033, 3781012.004069176036865 ], [ 398790.335707019316033, 3781012.919633774086833 ], [ 398790.030518819927238, 3781013.224821973592043 ], [ 398790.030518819927238, 3781013.835198372136801 ], [ 398789.725330620538443, 3781014.140386571642011 ], [ 398789.725330620538443, 3781014.750762970652431 ], [ 398789.420142421149649, 3781015.05595116969198 ], [ 398789.420142421149649, 3781016.276703967247158 ], [ 398789.114954221760854, 3781016.581892166752368 ], [ 398789.114954221760854, 3781017.497456764802337 ], [ 398788.80976602237206, 3781017.802644964307547 ], [ 398788.80976602237206, 3781018.107833163812757 ], [ 398788.504577822983265, 3781018.413021363317966 ], [ 398788.504577822983265, 3781018.718209562357515 ], [ 398788.19938962359447, 3781018.718209562357515 ], [ 398787.894201424205676, 3781019.023397761862725 ], [ 398787.283825025428087, 3781019.023397761862725 ] ] ] } },
{ "type": "Feature", "properties": { "confidence": 0.93736094236373901, "class": 1, "regularized": null }, "geometry": { "type": "Polygon", "coordinates": [ [ [ 398784.231943031540141, 3780755.340793489478528 ], [ 398783.621566632762551, 3780754.730417090468109 ], [ 398783.621566632762551, 3780753.50966429291293 ], [ 398783.316378433373757, 3780753.20447609340772 ], [ 398783.316378433373757, 3780752.594099694862962 ], [ 398783.621566632762551, 3780752.288911495357752 ], [ 398783.621566632762551, 3780748.931841302197427 ], [ 398783.926754832151346, 3780748.626653102692217 ], [ 398783.926754832151346, 3780747.405900305137038 ], [ 398784.231943031540141, 3780747.100712105631828 ], [ 398784.231943031540141, 3780746.49033570708707 ], [ 398784.537131230928935, 3780746.18514750758186 ], [ 398784.537131230928935, 3780744.964394710026681 ], [ 398784.84231943031773, 3780744.659206510521472 ], [ 398784.84231943031773, 3780744.354018311481923 ], [ 398785.147507629706524, 3780744.048830111976713 ], [ 398785.452695829095319, 3780744.048830111976713 ], [ 398785.757884028484114, 3780744.354018311481923 ], [ 398786.673448626650497, 3780744.354018311481923 ], [ 398786.978636826039292, 3780744.659206510521472 ], [ 398787.894201424205676, 3780744.659206510521472 ], [ 398788.19938962359447, 3780744.964394710026681 ], [ 398788.19938962359447, 3780749.847405900247395 ], [ 398787.894201424205676, 3780750.152594099752605 ], [ 398787.894201424205676, 3780752.288911495357752 ], [ 398787.589013224816881, 3780752.594099694862962 ], [ 398787.589013224816881, 3780752.899287894368172 ], [ 398787.283825025428087, 3780753.20447609340772 ], [ 398787.283825025428087, 3780753.50966429291293 ], [ 398786.978636826039292, 3780753.81485249241814 ], [ 398786.978636826039292, 3780754.730417090468109 ], [ 398786.673448626650497, 3780755.035605289973319 ], [ 398786.063072227872908, 3780755.035605289973319 ], [ 398785.757884028484114, 3780755.340793489478528 ], [ 398784.231943031540141, 3780755.340793489478528 ] ] ] } },
{ "type": "Feature", "properties": { "confidence": 0.93438607454299927, "class": 1, "regularized": null }, "geometry": { "type": "Polygon", "coordinates": [ [ [ 398497.049847405927721, 3780684.84231943031773 ], [ 398496.744659206538927, 3780684.53713123081252 ], [ 398495.523906408925541, 3780684.53713123081252 ], [ 398495.218718209536746, 3780684.23194303130731 ], [ 398494.303153611370362, 3780684.23194303130731 ], [ 398493.997965411981568, 3780683.926754832267761 ], [ 398493.387589013203979, 3780683.926754832267761 ], [ 398493.082400813815184, 3780683.621566632762551 ], [ 398493.082400813815184, 3780682.095625635702163 ], [ 398493.387589013203979, 3780681.790437436196953 ], [ 398493.387589013203979, 3780681.485249237157404 ], [ 398493.692777212592773, 3780681.485249237157404 ], [ 398493.997965411981568, 3780681.180061037652194 ], [ 398493.997965411981568, 3780680.874872838146985 ], [ 398494.608341810759157, 3780680.264496439602226 ], [ 398494.608341810759157, 3780679.654120040591806 ], [ 398494.913530010147952, 3780679.654120040591806 ], [ 398495.218718209536746, 3780679.348931841086596 ], [ 398495.218718209536746, 3780679.043743642047048 ], [ 398495.523906408925541, 3780678.738555442541838 ], [ 398501.932858596148435, 3780678.738555442541838 ], [ 398502.23804679553723, 3780679.043743642047048 ], [ 398502.23804679553723, 3780682.706002034712583 ], [ 398501.932858596148435, 3780683.011190233752131 ], [ 398501.932858596148435, 3780683.316378433257341 ], [ 398501.322482197370846, 3780683.926754832267761 ], [ 398501.322482197370846, 3780684.23194303130731 ], [ 398501.017293997982051, 3780684.23194303130731 ], [ 398500.712105798593257, 3780684.53713123081252 ], [ 398498.880976602260489, 3780684.53713123081252 ], [ 398498.575788402871694, 3780684.84231943031773 ], [ 398497.049847405927721, 3780684.84231943031773 ] ] ] } },
{ "type": "Feature", "properties": { "confidence": 0.93429160118103027, "class": 1, "regularized": null }, "geometry": { "type": "Polygon", "coordinates": [ [ [ 398634.384537131234538, 3780933.570701933000237 ], [ 398634.384537131234538, 3780926.856561546213925 ], [ 398637.131230925733689, 3780926.856561546213925 ], [ 398637.131230925733689, 3780927.466937945224345 ], [ 398636.826042726344895, 3780927.772126144263893 ], [ 398636.826042726344895, 3780928.687690742779523 ], [ 398636.5208545269561, 3780928.992878941819072 ], [ 398636.5208545269561, 3780929.603255340829492 ], [ 398636.215666327567305, 3780929.908443540334702 ], [ 398636.215666327567305, 3780931.434384536929429 ], [ 398635.910478128178511, 3780931.739572736434639 ], [ 398635.910478128178511, 3780932.349949135445058 ], [ 398635.605289928789716, 3780932.655137334484607 ], [ 398635.605289928789716, 3780932.960325533989817 ], [ 398635.300101729400922, 3780933.265513733495027 ], [ 398635.300101729400922, 3780933.570701933000237 ], [ 398634.384537131234538, 3780933.570701933000237 ] ] ] } },
{ "type": "Feature", "properties": { "confidence": 0.9326445460319519, "class": 1, "regularized": null }, "geometry": { "type": "Polygon", "coordinates": [ [ [ 398609.359104781295173, 3781059.003051882144064 ], [ 398609.053916581906378, 3781058.697863682638854 ], [ 398607.8331637843512, 3781058.697863682638854 ], [ 398607.527975584962405, 3781058.392675483133644 ], [ 398607.527975584962405, 3781057.782299084588885 ], [ 398607.222787385573611, 3781057.477110885083675 ], [ 398607.222787385573611, 3781053.50966429291293 ], [ 398607.527975584962405, 3781053.20447609340772 ], [ 398607.527975584962405, 3781052.899287894368172 ], [ 398608.443540183128789, 3781052.899287894368172 ], [ 398608.748728382517584, 3781053.20447609340772 ], [ 398609.969481180072762, 3781053.20447609340772 ], [ 398610.274669379461557, 3781052.899287894368172 ], [ 398610.885045778239146, 3781052.899287894368172 ], [ 398611.19023397762794, 3781052.594099694862962 ], [ 398611.19023397762794, 3781052.288911495357752 ], [ 398611.495422177016735, 3781052.288911495357752 ], [ 398612.105798575794324, 3781051.678535096812993 ], [ 398613.021363173960708, 3781051.678535096812993 ], [ 398613.326551373349503, 3781051.373346897307783 ], [ 398616.073245167848654, 3781051.373346897307783 ], [ 398616.378433367237449, 3781051.068158697802573 ], [ 398617.599186164792627, 3781051.068158697802573 ], [ 398617.904374364181422, 3781051.373346897307783 ], [ 398617.904374364181422, 3781057.782299084588885 ], [ 398617.599186164792627, 3781058.087487283628434 ], [ 398616.988809766015038, 3781058.087487283628434 ], [ 398616.683621566626243, 3781058.392675483133644 ], [ 398614.852492370293476, 3781058.392675483133644 ], [ 398614.547304170904681, 3781058.697863682638854 ], [ 398610.579857578850351, 3781058.697863682638854 ], [ 398610.274669379461557, 3781059.003051882144064 ], [ 398609.359104781295173, 3781059.003051882144064 ] ] ] } },
{ "type": "Feature", "properties": { "confidence": 0.93134403228759766, "class": 1, "regularized": null }, "geometry": { "type": "Polygon", "coordinates": [ [ [ 398534.28280773141887, 3780859.409969481173903 ], [ 398533.977619532030076, 3780859.104781281668693 ], [ 398532.756866734474897, 3780859.104781281668693 ], [ 398532.451678535086103, 3780858.799593082629144 ], [ 398532.146490335697308, 3780858.799593082629144 ], [ 398531.841302136308514, 3780858.494404883123934 ], [ 398531.536113936919719, 3780858.494404883123934 ], [ 398530.620549338753335, 3780857.578840285073966 ], [ 398530.620549338753335, 3780849.949135300237685 ], [ 398530.92573753814213, 3780849.643947100732476 ], [ 398532.146490335697308, 3780849.643947100732476 ], [ 398532.451678535086103, 3780849.338758901227266 ], [ 398532.756866734474897, 3780849.643947100732476 ], [ 398533.672431332641281, 3780849.643947100732476 ], [ 398533.977619532030076, 3780849.949135300237685 ], [ 398534.28280773141887, 3780849.949135300237685 ], [ 398534.587995930807665, 3780850.254323499277234 ], [ 398534.89318413019646, 3780850.254323499277234 ], [ 398535.503560528974049, 3780850.864699898287654 ], [ 398535.808748728362843, 3780850.864699898287654 ], [ 398536.113936927751638, 3780851.169888097792864 ], [ 398536.419125127140433, 3780851.169888097792864 ], [ 398537.334689725306816, 3780852.085452695842832 ], [ 398537.334689725306816, 3780852.695829094387591 ], [ 398537.639877924695611, 3780853.001017293892801 ], [ 398537.639877924695611, 3780854.832146490458399 ], [ 398537.945066124084406, 3780855.137334689497948 ], [ 398538.2502543234732, 3780855.137334689497948 ], [ 398538.2502543234732, 3780855.442522889003158 ], [ 398538.555442522861995, 3780855.747711088508368 ], [ 398538.555442522861995, 3780857.273652085568756 ], [ 398538.860630722250789, 3780857.578840285073966 ], [ 398538.860630722250789, 3780858.799593082629144 ], [ 398539.165818921639584, 3780859.104781281668693 ], [ 398538.860630722250789, 3780859.409969481173903 ], [ 398534.28280773141887, 3780859.409969481173903 ] ] ] } },
{ "type": "Feature", "properties": { "confidence": 0.93100899457931519, "class": 1, "regularized": null }, "geometry": { "type": "Polygon", "coordinates": [ [ [ 398775.686673448653892, 3780858.494404883123934 ], [ 398774.7711088504293, 3780857.578840285073966 ], [ 398774.7711088504293, 3780856.052899288013577 ], [ 398774.465920651040506, 3780855.747711088508368 ], [ 398774.465920651040506, 3780850.254323499277234 ], [ 398775.686673448653892, 3780849.033570701722056 ], [ 398775.686673448653892, 3780848.728382502682507 ], [ 398777.212614445597865, 3780847.202441505622119 ], [ 398779.043743641930632, 3780847.202441505622119 ], [ 398779.348931841319427, 3780847.507629705127329 ], [ 398779.654120040708221, 3780847.507629705127329 ], [ 398779.654120040708221, 3780848.118006103672087 ], [ 398779.959308240097016, 3780848.423194303177297 ], [ 398779.959308240097016, 3780848.728382502682507 ], [ 398780.569684638874605, 3780849.338758901227266 ], [ 398780.569684638874605, 3780849.643947100732476 ], [ 398781.180061037652194, 3780850.254323499277234 ], [ 398781.180061037652194, 3780850.559511698782444 ], [ 398782.400813835207373, 3780851.780264496337622 ], [ 398782.706002034596168, 3780851.780264496337622 ], [ 398783.621566632762551, 3780852.695829094387591 ], [ 398783.621566632762551, 3780855.747711088508368 ], [ 398783.316378433373757, 3780856.052899288013577 ], [ 398783.316378433373757, 3780857.273652085568756 ], [ 398782.706002034596168, 3780857.884028484113514 ], [ 398782.095625635818578, 3780857.884028484113514 ], [ 398781.790437436429784, 3780858.189216683618724 ], [ 398781.180061037652194, 3780858.189216683618724 ], [ 398780.8748728382634, 3780858.494404883123934 ], [ 398775.686673448653892, 3780858.494404883123934 ] ] ] } },
{ "type": "Feature", "properties": { "confidence": 0.92935097217559814, "class": 1, "regularized": null }, "geometry": { "type": "Polygon", "coordinates": [ [ [ 398696.337741607334465, 3780960.427263479214162 ], [ 398696.03255340794567, 3780960.122075279708952 ], [ 398695.422177009168081, 3780960.122075279708952 ], [ 398695.116988809779286, 3780959.816887080203742 ], [ 398692.67548321466893, 3780959.816887080203742 ], [ 398692.370295015280135, 3780960.122075279708952 ], [ 398691.759918616502546, 3780959.511698881164193 ], [ 398691.759918616502546, 3780958.596134282648563 ], [ 398692.06510681589134, 3780958.290946083609015 ], [ 398692.06510681589134, 3780954.933875889983028 ], [ 398692.370295015280135, 3780954.62868769094348 ], [ 398692.370295015280135, 3780954.32349949143827 ], [ 398692.67548321466893, 3780954.32349949143827 ], [ 398692.980671414057724, 3780954.01831129193306 ], [ 398695.116988809779286, 3780954.01831129193306 ], [ 398695.422177009168081, 3780954.32349949143827 ], [ 398696.337741607334465, 3780954.32349949143827 ], [ 398696.642929806723259, 3780954.01831129193306 ], [ 398698.168870803667232, 3780954.01831129193306 ], [ 398698.168870803667232, 3780954.32349949143827 ], [ 398698.474059003056027, 3780954.62868769094348 ], [ 398698.168870803667232, 3780954.933875889983028 ], [ 398698.168870803667232, 3780959.816887080203742 ], [ 398697.863682604278438, 3780960.122075279708952 ], [ 398697.558494404889643, 3780960.122075279708952 ], [ 398697.253306205500849, 3780960.427263479214162 ], [ 398696.337741607334465, 3780960.427263479214162 ] ] ] } },
{ "type": "Feature", "properties": { "confidence": 0.92842721939086914, "class": 1, "regularized": null }, "geometry": { "type": "Polygon", "coordinates": [ [ [ 398548.931841302139219, 3780848.423194303177297 ], [ 398548.931841302139219, 3780848.118006103672087 ], [ 398548.626653102750424, 3780847.812817904166877 ], [ 398547.71108850458404, 3780847.812817904166877 ], [ 398547.71108850458404, 3780841.403865717351437 ], [ 398547.405900305195246, 3780841.098677517846227 ], [ 398547.405900305195246, 3780840.488301118835807 ], [ 398547.100712105806451, 3780840.183112919796258 ], [ 398547.100712105806451, 3780838.96236012224108 ], [ 398546.795523906417657, 3780838.65717192273587 ], [ 398547.100712105806451, 3780838.35198372323066 ], [ 398547.100712105806451, 3780837.741607324685901 ], [ 398549.542217700916808, 3780837.741607324685901 ], [ 398549.847405900305603, 3780838.04679552372545 ], [ 398550.762970498471987, 3780838.04679552372545 ], [ 398551.068158697860781, 3780837.741607324685901 ], [ 398551.373346897249576, 3780837.741607324685901 ], [ 398551.67853509663837, 3780837.436419125180691 ], [ 398554.425228891137522, 3780837.436419125180691 ], [ 398554.730417090526316, 3780837.741607324685901 ], [ 398555.340793489303906, 3780837.741607324685901 ], [ 398555.340793489303906, 3780841.098677517846227 ], [ 398555.035605289915111, 3780841.403865717351437 ], [ 398555.035605289915111, 3780841.709053916390985 ], [ 398554.730417090526316, 3780842.014242115896195 ], [ 398554.730417090526316, 3780842.624618514906615 ], [ 398554.425228891137522, 3780842.929806713946164 ], [ 398554.425228891137522, 3780846.28687690757215 ], [ 398553.814852492359933, 3780846.897253306116909 ], [ 398553.814852492359933, 3780847.202441505622119 ], [ 398553.509664292971138, 3780847.507629705127329 ], [ 398553.509664292971138, 3780847.812817904166877 ], [ 398553.204476093582343, 3780847.812817904166877 ], [ 398552.899287894193549, 3780848.118006103672087 ], [ 398552.899287894193549, 3780848.423194303177297 ], [ 398548.931841302139219, 3780848.423194303177297 ] ] ] } },
{ "type": "Feature", "properties": { "confidence": 0.92777669429779053, "class": 1, "regularized": "rectangle" }, "geometry": { "type": "Polygon", "coordinates": [ [ [ 398882.5, 3781076.5 ], [ 398897.125, 3781076.5 ], [ 398897.125, 3781087.5 ], [ 398882.5, 3781087.5 ], [ 398882.5, 3781076.5 ] ] ] } },
{ "type": "Feature", "properties": { "confidence": 0.92714607715606689, "class": 1, "regularized": null }, "geometry": { "type": "Polygon", "coordinates": [ [ [ 398783.316378433373757, 3781082.807731434237212 ], [ 398783.316378433373757, 3781081.892166836187243 ], [ 398783.011190233984962, 3781081.586978636682034 ], [ 398783.011190233984962, 3781080.976602238137275 ], [ 398782.706002034596168, 3781080.671414038632065 ], [ 398782.706002034596168, 3781079.450661241076887 ], [ 398782.400813835207373, 3781079.145473041571677 ], [ 398782.400813835207373, 3781077.924720244016498 ], [ 398782.095625635818578, 3781077.61953204497695 ], [ 398782.095625635818578, 3781075.483214648906142 ], [ 398782.400813835207373, 3781075.178026449866593 ], [ 398782.400813835207373, 3781074.872838250361383 ], [ 398785.757884028484114, 3781074.872838250361383 ], [ 398786.063072227872908, 3781074.567650050856173 ], [ 398787.894201424205676, 3781074.567650050856173 ], [ 398788.19938962359447, 3781074.872838250361383 ], [ 398789.114954221760854, 3781074.872838250361383 ], [ 398789.114954221760854, 3781077.31434384547174 ], [ 398789.420142421149649, 3781077.61953204497695 ], [ 398789.420142421149649, 3781082.197355035692453 ], [ 398789.114954221760854, 3781082.502543235197663 ], [ 398789.114954221760854, 3781082.807731434237212 ], [ 398783.316378433373757, 3781082.807731434237212 ] ] ] } },
{ "type": "Feature", "properties": { "confidence": 0.92651045322418213, "class": 1, "regularized": null }, "geometry": { "type": "Polygon", "coordinates": [ [ [ 398421.057985757885035, 3780658.901322482153773 ], [ 398420.447609359107446, 3780658.290946083609015 ], [ 398420.447609359107446, 3780656.154628687538207 ], [ 398420.142421159718651, 3780655.849440488498658 ], [ 398420.142421159718651, 3780654.933875889983028 ], [ 398419.837232960329857, 3780654.62868769094348 ], [ 398419.837232960329857, 3780653.102746693883091 ], [ 398419.532044760941062, 3780652.797558494377881 ], [ 398419.532044760941062, 3780651.881993896327913 ], [ 398420.142421159718651, 3780651.271617497317493 ], [ 398421.973550356051419, 3780651.271617497317493 ], [ 398422.278738555440214, 3780651.576805696822703 ], [ 398424.72024415055057, 3780651.576805696822703 ], [ 398425.025432349939365, 3780651.271617497317493 ], [ 398425.33062054932816, 3780651.576805696822703 ], [ 398427.772126144438516, 3780651.576805696822703 ], [ 398428.077314343827311, 3780651.881993896327913 ], [ 398428.6876907426049, 3780651.881993896327913 ], [ 398428.992878941993695, 3780652.187182095833123 ], [ 398428.992878941993695, 3780653.102746693883091 ], [ 398429.298067141382489, 3780653.407934893388301 ], [ 398429.298067141382489, 3780653.71312309242785 ], [ 398428.992878941993695, 3780654.01831129193306 ], [ 398428.992878941993695, 3780654.62868769094348 ], [ 398429.298067141382489, 3780654.933875889983028 ], [ 398429.298067141382489, 3780656.765005086548626 ], [ 398428.992878941993695, 3780657.070193286053836 ], [ 398428.992878941993695, 3780657.375381485093385 ], [ 398428.382502543216106, 3780657.375381485093385 ], [ 398427.772126144438516, 3780656.765005086548626 ], [ 398425.635808748716954, 3780656.765005086548626 ], [ 398425.33062054932816, 3780657.070193286053836 ], [ 398425.33062054932816, 3780657.680569684598595 ], [ 398425.635808748716954, 3780657.985757884103805 ], [ 398425.940996948105749, 3780657.985757884103805 ], [ 398425.940996948105749, 3780658.290946083609015 ], [ 398426.246185147494543, 3780658.596134282648563 ], [ 398425.940996948105749, 3780658.596134282648563 ], [ 398425.635808748716954, 3780658.901322482153773 ], [ 398421.057985757885035, 3780658.901322482153773 ] ] ] } },
{ "type": "Feature", "properties": { "confidence": 0.92568278312683105, "class": 1, "regularized": null }, "geometry": { "type": "Polygon", "coordinates": [ [ [ 398837.334689725306816, 3780963.784333672374487 ], [ 398837.029501525918022, 3780963.479145472869277 ], [ 398837.029501525918022, 3780963.173957273829728 ], [ 398836.724313326529227, 3780962.868769074324518 ], [ 398836.724313326529227, 3780962.563580874819309 ], [ 398835.808748728362843, 3780961.64801627676934 ], [ 398835.808748728362843, 3780960.427263479214162 ], [ 398835.503560528974049, 3780960.122075279708952 ], [ 398835.503560528974049, 3780959.816887080203742 ], [ 398835.198372329585254, 3780959.511698881164193 ], [ 398834.89318413019646, 3780959.511698881164193 ], [ 398834.89318413019646, 3780959.206510681658983 ], [ 398834.587995930807665, 3780958.901322482153773 ], [ 398834.587995930807665, 3780957.680569684598595 ], [ 398834.89318413019646, 3780957.375381485093385 ], [ 398834.89318413019646, 3780956.459816887043417 ], [ 398834.28280773141887, 3780955.849440488498658 ], [ 398834.587995930807665, 3780955.544252288993448 ], [ 398834.587995930807665, 3780955.239064089488238 ], [ 398835.198372329585254, 3780954.62868769094348 ], [ 398835.503560528974049, 3780954.62868769094348 ], [ 398835.808748728362843, 3780954.32349949143827 ], [ 398836.113936927751638, 3780954.32349949143827 ], [ 398836.419125127140433, 3780954.01831129193306 ], [ 398844.048830111918505, 3780954.01831129193306 ], [ 398844.3540183113073, 3780954.32349949143827 ], [ 398844.3540183113073, 3780957.680569684598595 ], [ 398844.048830111918505, 3780957.985757884103805 ], [ 398844.048830111918505, 3780961.95320447627455 ], [ 398843.438453713140916, 3780962.563580874819309 ], [ 398842.522889114974532, 3780962.563580874819309 ], [ 398842.217700915585738, 3780962.868769074324518 ], [ 398840.081383519864175, 3780962.868769074324518 ], [ 398839.471007121086586, 3780963.479145472869277 ], [ 398839.165818921639584, 3780963.479145472869277 ], [ 398838.860630722250789, 3780963.784333672374487 ], [ 398837.334689725306816, 3780963.784333672374487 ] ] ] } },
{ "type": "Feature", "properties": { "confidence": 0.92457336187362671, "class": 1, "regularized": null }, "geometry": { "type": "Polygon", "coordinates": [ [ [ 398937.741607324511278, 3780905.798575788270682 ], [ 398937.741607324511278, 3780905.493387589231133 ], [ 398937.436419125122484, 3780905.188199389725924 ], [ 398937.436419125122484, 3780904.577822990715504 ], [ 398937.131230925733689, 3780904.272634791675955 ], [ 398937.131230925733689, 3780903.967446592170745 ], [ 398936.826042726344895, 3780903.662258392665535 ], [ 398936.826042726344895, 3780899.38962360098958 ], [ 398936.5208545269561, 3780899.084435401950032 ], [ 398936.826042726344895, 3780898.779247202444822 ], [ 398936.826042726344895, 3780898.168870803434402 ], [ 398937.131230925733689, 3780898.168870803434402 ], [ 398937.436419125122484, 3780897.863682604394853 ], [ 398942.014242115954403, 3780897.863682604394853 ], [ 398942.319430315343197, 3780897.558494404889643 ], [ 398944.150559511675965, 3780897.558494404889643 ], [ 398944.45574771106476, 3780897.863682604394853 ], [ 398945.066124109842349, 3780897.863682604394853 ], [ 398944.760935910453554, 3780898.168870803434402 ], [ 398944.760935910453554, 3780898.474059002939612 ], [ 398944.45574771106476, 3780898.779247202444822 ], [ 398944.45574771106476, 3780899.38962360098958 ], [ 398945.371312309231143, 3780900.30518819950521 ], [ 398945.676500508619938, 3780900.30518819950521 ], [ 398945.981688708008733, 3780900.61037639901042 ], [ 398945.981688708008733, 3780901.831129196565598 ], [ 398946.286876907397527, 3780902.136317395605147 ], [ 398946.286876907397527, 3780903.662258392665535 ], [ 398946.59206510684453, 3780903.967446592170745 ], [ 398946.59206510684453, 3780904.883011190220714 ], [ 398946.897253306233324, 3780905.188199389725924 ], [ 398946.897253306233324, 3780905.798575788270682 ], [ 398937.741607324511278, 3780905.798575788270682 ] ] ] } },
{ "type": "Feature", "properties": { "confidence": 0.92014944553375244, "class": 1, "regularized": null }, "geometry": { "type": "Polygon", "coordinates": [ [ [ 398797.355035605316516, 3780854.221770091447979 ], [ 398797.660223804705311, 3780853.916581891942769 ], [ 398797.660223804705311, 3780853.306205493398011 ], [ 398797.355035605316516, 3780853.001017293892801 ], [ 398797.355035605316516, 3780850.254323499277234 ], [ 398797.660223804705311, 3780849.949135300237685 ], [ 398797.660223804705311, 3780849.643947100732476 ], [ 398798.880976602260489, 3780848.423194303177297 ], [ 398799.186164801649284, 3780848.423194303177297 ], [ 398800.101729399815667, 3780847.507629705127329 ], [ 398800.406917599204462, 3780847.507629705127329 ], [ 398801.017293997982051, 3780846.897253306116909 ], [ 398801.322482197370846, 3780846.897253306116909 ], [ 398801.62767039675964, 3780846.592065106611699 ], [ 398809.257375381479505, 3780846.592065106611699 ], [ 398809.257375381479505, 3780849.338758901227266 ], [ 398808.952187182090711, 3780849.643947100732476 ], [ 398808.952187182090711, 3780849.949135300237685 ], [ 398808.341810783313122, 3780850.559511698782444 ], [ 398806.510681586980354, 3780850.559511698782444 ], [ 398806.205493387591559, 3780850.864699898287654 ], [ 398805.900305188202765, 3780850.864699898287654 ], [ 398805.59511698881397, 3780851.169888097792864 ], [ 398805.59511698881397, 3780851.780264496337622 ], [ 398804.984740590036381, 3780852.390640895348042 ], [ 398804.984740590036381, 3780853.916581891942769 ], [ 398804.374364191258792, 3780853.916581891942769 ], [ 398804.069175991869997, 3780854.221770091447979 ], [ 398797.355035605316516, 3780854.221770091447979 ] ] ] } },
{ "type": "Feature", "properties": { "confidence": 0.91799437999725342, "class": 1, "regularized": null }, "geometry": { "type": "Polygon", "coordinates": [ [ [ 398537.029501525918022, 3781055.951169888023287 ], [ 398536.724313326529227, 3781055.645981688518077 ], [ 398536.419125127140433, 3781055.645981688518077 ], [ 398536.419125127140433, 3781053.81485249241814 ], [ 398537.029501525918022, 3781053.20447609340772 ], [ 398537.029501525918022, 3781051.678535096812993 ], [ 398536.724313326529227, 3781051.373346897307783 ], [ 398536.724313326529227, 3781050.762970498297364 ], [ 398536.419125127140433, 3781050.457782299257815 ], [ 398536.419125127140433, 3781049.847405900247395 ], [ 398537.029501525918022, 3781049.847405900247395 ], [ 398537.334689725306816, 3781049.542217700742185 ], [ 398542.217700915585738, 3781049.542217700742185 ], [ 398542.217700915585738, 3781052.288911495357752 ], [ 398541.912512716196943, 3781052.594099694862962 ], [ 398541.912512716196943, 3781054.730417090468109 ], [ 398541.607324516808148, 3781055.035605289973319 ], [ 398541.607324516808148, 3781055.340793489478528 ], [ 398541.302136317419354, 3781055.340793489478528 ], [ 398540.996948118030559, 3781055.645981688518077 ], [ 398539.776195320475381, 3781055.645981688518077 ], [ 398539.471007121086586, 3781055.951169888023287 ], [ 398537.029501525918022, 3781055.951169888023287 ] ] ] } },
{ "type": "Feature", "properties": { "confidence": 0.91561275720596313, "class": 1, "regularized": null }, "geometry": { "type": "Polygon", "coordinates": [ [ [ 398553.814852492359933, 3780952.797558494377881 ], [ 398553.509664292971138, 3780952.492370294872671 ], [ 398552.28891149541596, 3780952.492370294872671 ], [ 398551.67853509663837, 3780951.881993896327913 ], [ 398551.67853509663837, 3780947.609359104651958 ], [ 398552.899287894193549, 3780946.388606307096779 ], [ 398553.204476093582343, 3780946.388606307096779 ], [ 398553.814852492359933, 3780945.778229908552021 ], [ 398553.814852492359933, 3780945.167853509541601 ], [ 398554.120040691748727, 3780944.862665310502052 ], [ 398554.425228891137522, 3780944.862665310502052 ], [ 398554.730417090526316, 3780944.557477110996842 ], [ 398556.256358087470289, 3780944.557477110996842 ], [ 398556.866734486247879, 3780945.167853509541601 ], [ 398557.171922685636673, 3780945.167853509541601 ], [ 398557.477110885025468, 3780945.473041709046811 ], [ 398557.782299084414262, 3780945.473041709046811 ], [ 398558.087487283803057, 3780945.778229908552021 ], [ 398558.697863682580646, 3780945.778229908552021 ], [ 398559.308240081358235, 3780946.388606307096779 ], [ 398559.308240081358235, 3780946.693794506601989 ], [ 398559.003051881969441, 3780946.998982706107199 ], [ 398559.003051881969441, 3780947.914547304157168 ], [ 398559.308240081358235, 3780948.219735503662378 ], [ 398559.308240081358235, 3780948.524923703167588 ], [ 398559.918616480135825, 3780949.135300101712346 ], [ 398559.918616480135825, 3780949.745676500722766 ], [ 398560.223804679524619, 3780950.050864699762315 ], [ 398560.223804679524619, 3780950.966429298277944 ], [ 398559.918616480135825, 3780951.271617497317493 ], [ 398559.918616480135825, 3780951.881993896327913 ], [ 398560.223804679524619, 3780952.187182095833123 ], [ 398559.918616480135825, 3780952.187182095833123 ], [ 398559.61342828074703, 3780952.492370294872671 ], [ 398558.697863682580646, 3780952.492370294872671 ], [ 398558.392675483191852, 3780952.797558494377881 ], [ 398553.814852492359933, 3780952.797558494377881 ] ] ] } },
{ "type": "Feature", "properties": { "confidence": 0.9144744873046875, "class": 1, "regularized": null }, "geometry": { "type": "Polygon", "coordinates": [ [ [ 398945.371312309231143, 3780857.884028484113514 ], [ 398945.066124109842349, 3780857.578840285073966 ], [ 398944.45574771106476, 3780857.578840285073966 ], [ 398944.150559511675965, 3780857.273652085568756 ], [ 398943.84537131228717, 3780857.273652085568756 ], [ 398942.319430315343197, 3780855.747711088508368 ], [ 398942.014242115954403, 3780855.747711088508368 ], [ 398941.403865717176814, 3780855.137334689497948 ], [ 398938.657171922677662, 3780855.137334689497948 ], [ 398938.351983723288868, 3780854.832146490458399 ], [ 398938.351983723288868, 3780854.526958290953189 ], [ 398938.046795523900073, 3780854.221770091447979 ], [ 398938.046795523900073, 3780852.085452695842832 ], [ 398937.741607324511278, 3780851.780264496337622 ], [ 398937.741607324511278, 3780851.169888097792864 ], [ 398937.436419125122484, 3780850.864699898287654 ], [ 398937.436419125122484, 3780849.643947100732476 ], [ 398937.741607324511278, 3780849.338758901227266 ], [ 398938.657171922677662, 3780849.338758901227266 ], [ 398938.962360122066457, 3780849.033570701722056 ], [ 398940.793489318399224, 3780849.033570701722056 ], [ 398941.098677517788019, 3780849.338758901227266 ], [ 398944.760935910453554, 3780849.338758901227266 ], [ 398945.066124109842349, 3780849.033570701722056 ], [ 398945.371312309231143, 3780849.033570701722056 ], [ 398945.676500508619938, 3780848.728382502682507 ], [ 398945.981688708008733, 3780848.728382502682507 ], [ 398946.286876907397527, 3780848.423194303177297 ], [ 398947.507629705010913, 3780848.423194303177297 ], [ 398947.812817904399708, 3780848.728382502682507 ], [ 398947.812817904399708, 3780849.033570701722056 ], [ 398948.118006103788503, 3780849.338758901227266 ], [ 398947.812817904399708, 3780849.643947100732476 ], [ 398947.812817904399708, 3780852.390640895348042 ], [ 398947.507629705010913, 3780852.695829094387591 ], [ 398947.507629705010913, 3780853.001017293892801 ], [ 398947.202441505622119, 3780853.306205493398011 ], [ 398946.897253306233324, 3780853.306205493398011 ], [ 398945.981688708008733, 3780854.221770091447979 ], [ 398945.981688708008733, 3780856.358087487053126 ], [ 398946.286876907397527, 3780856.663275686558336 ], [ 398946.286876907397527, 3780856.968463886063546 ], [ 398946.59206510684453, 3780857.273652085568756 ], [ 398945.981688708008733, 3780857.884028484113514 ], [ 398945.371312309231143, 3780857.884028484113514 ] ] ] } },
{ "type": "Feature", "properties": { "confidence": 0.91426336765289307, "class": 1, "regularized": null }, "geometry": { "type": "Polygon", "coordinates": [ [ [ 398503.153611393703613, 3781151.169888097792864 ], [ 398503.153611393703613, 3781150.864699898287654 ], [ 398502.848423194314819, 3781150.559511698782444 ], [ 398502.543234994926024, 3781150.559511698782444 ], [ 398501.932858596148435, 3781149.949135300237685 ], [ 398501.932858596148435, 3781148.423194303177297 ], [ 398502.23804679553723, 3781148.118006103672087 ], [ 398502.23804679553723, 3781147.202441505622119 ], [ 398502.543234994926024, 3781146.897253306116909 ], [ 398502.543234994926024, 3781146.592065106611699 ], [ 398504.679552390647586, 3781146.592065106611699 ], [ 398504.984740590036381, 3781146.897253306116909 ], [ 398505.59511698881397, 3781146.897253306116909 ], [ 398505.900305188202765, 3781147.202441505622119 ], [ 398506.205493387591559, 3781147.202441505622119 ], [ 398506.510681586980354, 3781147.507629705127329 ], [ 398506.815869786369149, 3781147.507629705127329 ], [ 398507.121057985757943, 3781147.812817904166877 ], [ 398507.121057985757943, 3781148.118006103672087 ], [ 398507.426246185146738, 3781148.423194303177297 ], [ 398507.426246185146738, 3781150.559511698782444 ], [ 398507.121057985757943, 3781150.864699898287654 ], [ 398506.815869786369149, 3781150.864699898287654 ], [ 398506.510681586980354, 3781151.169888097792864 ], [ 398503.153611393703613, 3781151.169888097792864 ] ] ] } },
{ "type": "Feature", "properties": { "confidence": 0.91412538290023804, "class": 1, "regularized": "rectangle" }, "geometry": { "type": "Polygon", "coordinates": [ [ [ 398413.125, 3780740.5 ], [ 398426.5625, 3780740.5 ], [ 398426.5625, 3780752.5 ], [ 398413.125, 3780752.5 ], [ 398413.125, 3780740.5 ] ] ] } },
{ "type": "Feature", "properties": { "confidence": 0.91087877750396729, "class": 1, "regularized": null }, "geometry": { "type": "Polygon", "coordinates": [ [ [ 398488.80976602237206, 3780704.679552390705794 ], [ 398488.80976602237206, 3780704.374364191200584 ], [ 398488.504577822983265, 3780704.069175991695374 ], [ 398488.504577822983265, 3780703.458799593150616 ], [ 398487.589013224816881, 3780702.543234995100647 ], [ 398482.095625635818578, 3780702.543234995100647 ], [ 398481.790437436429784, 3780702.238046795595437 ], [ 398481.790437436429784, 3780701.322482197545469 ], [ 398482.095625635818578, 3780701.017293998040259 ], [ 398482.095625635818578, 3780700.406917599029839 ], [ 398482.400813835207373, 3780700.10172939999029 ], [ 398482.400813835207373, 3780696.744659206364304 ], [ 398483.011190233984962, 3780696.744659206364304 ], [ 398483.316378433373757, 3780696.439471007324755 ], [ 398486.978636826039292, 3780696.439471007324755 ], [ 398487.283825025428087, 3780696.134282807819545 ], [ 398489.420142421149649, 3780696.134282807819545 ], [ 398489.725330620538443, 3780696.439471007324755 ], [ 398490.335707019316033, 3780696.439471007324755 ], [ 398490.946083418093622, 3780697.049847405869514 ], [ 398490.946083418093622, 3780698.880976602435112 ], [ 398491.251271617482416, 3780699.186164801474661 ], [ 398491.251271617482416, 3780700.406917599029839 ], [ 398491.556459816871211, 3780700.712105798535049 ], [ 398491.556459816871211, 3780701.627670396585017 ], [ 398491.861648016260006, 3780701.932858596090227 ], [ 398491.861648016260006, 3780703.458799593150616 ], [ 398491.556459816871211, 3780703.763987792655826 ], [ 398491.556459816871211, 3780704.069175991695374 ], [ 398491.251271617482416, 3780704.374364191200584 ], [ 398490.640895218704827, 3780704.374364191200584 ], [ 398490.335707019316033, 3780704.679552390705794 ], [ 398488.80976602237206, 3780704.679552390705794 ] ] ] } },
{ "type": "Feature", "properties": { "confidence": 0.90985405445098877, "class": 1, "regularized": null }, "geometry": { "type": "Polygon", "coordinates": [ [ [ 398547.100712105806451, 3781041.607324516866356 ], [ 398546.490335707028862, 3781040.996948117855936 ], [ 398546.185147507640067, 3781040.996948117855936 ], [ 398544.3540183113073, 3781039.165818921755999 ], [ 398544.048830111918505, 3781039.165818921755999 ], [ 398543.743641912529711, 3781038.860630722250789 ], [ 398540.38657171925297, 3781038.860630722250789 ], [ 398540.081383519864175, 3781038.555442522745579 ], [ 398538.860630722250789, 3781038.555442522745579 ], [ 398538.555442522861995, 3781038.250254323706031 ], [ 398538.2502543234732, 3781038.250254323706031 ], [ 398537.945066124084406, 3781037.945066124200821 ], [ 398537.945066124084406, 3781032.451678534969687 ], [ 398540.691759918641765, 3781032.451678534969687 ], [ 398540.996948118030559, 3781032.756866734474897 ], [ 398541.302136317419354, 3781032.756866734474897 ], [ 398541.607324516808148, 3781033.062054933980107 ], [ 398541.912512716196943, 3781033.062054933980107 ], [ 398542.217700915585738, 3781033.367243133485317 ], [ 398548.016276703972835, 3781033.367243133485317 ], [ 398548.32146490336163, 3781033.672431332524866 ], [ 398548.32146490336163, 3781037.029501526150852 ], [ 398548.626653102750424, 3781037.334689725190401 ], [ 398548.626653102750424, 3781037.945066124200821 ], [ 398548.931841302139219, 3781038.250254323706031 ], [ 398548.931841302139219, 3781041.607324516866356 ], [ 398547.100712105806451, 3781041.607324516866356 ] ] ] } },
{ "type": "Feature", "properties": { "confidence": 0.9097893238067627, "class": 1, "regularized": null }, "geometry": { "type": "Polygon", "coordinates": [ [ [ 398825.737538148532622, 3781065.106815869919956 ], [ 398825.432349949143827, 3781064.801627670414746 ], [ 398821.770091556478292, 3781064.801627670414746 ], [ 398821.159715157700703, 3781064.191251271404326 ], [ 398821.159715157700703, 3781062.360122075304389 ], [ 398821.464903357089497, 3781062.054933875799179 ], [ 398821.464903357089497, 3781061.444557477254421 ], [ 398822.685656154644676, 3781060.223804679699242 ], [ 398822.99084435403347, 3781060.223804679699242 ], [ 398823.296032553422265, 3781059.918616480194032 ], [ 398823.601220752811059, 3781059.918616480194032 ], [ 398823.906408952199854, 3781059.613428280688822 ], [ 398824.211597151588649, 3781059.613428280688822 ], [ 398824.516785350977443, 3781059.308240081183612 ], [ 398824.821973550366238, 3781059.308240081183612 ], [ 398825.127161749755032, 3781059.003051882144064 ], [ 398825.432349949143827, 3781059.003051882144064 ], [ 398825.737538148532622, 3781058.697863682638854 ], [ 398826.653102746699005, 3781058.697863682638854 ], [ 398826.9582909460878, 3781058.392675483133644 ], [ 398827.873855544254184, 3781058.392675483133644 ], [ 398828.179043743642978, 3781058.697863682638854 ], [ 398827.873855544254184, 3781059.003051882144064 ], [ 398827.873855544254184, 3781060.223804679699242 ], [ 398828.789420142420568, 3781061.139369277749211 ], [ 398829.094608341809362, 3781061.139369277749211 ], [ 398829.399796541198157, 3781061.444557477254421 ], [ 398830.010172939975746, 3781061.444557477254421 ], [ 398830.315361139364541, 3781061.749745676293969 ], [ 398830.620549338753335, 3781061.749745676293969 ], [ 398830.92573753814213, 3781062.054933875799179 ], [ 398830.92573753814213, 3781062.665310274809599 ], [ 398831.230925737530924, 3781062.970498473849148 ], [ 398831.230925737530924, 3781063.886063072364777 ], [ 398830.92573753814213, 3781064.191251271404326 ], [ 398830.92573753814213, 3781064.496439470909536 ], [ 398830.620549338753335, 3781064.496439470909536 ], [ 398830.315361139364541, 3781064.191251271404326 ], [ 398829.399796541198157, 3781064.191251271404326 ], [ 398828.789420142420568, 3781064.801627670414746 ], [ 398828.179043743642978, 3781064.801627670414746 ], [ 398827.873855544254184, 3781065.106815869919956 ], [ 398825.737538148532622, 3781065.106815869919956 ] ] ] } },
{ "type": "Feature", "properties": { "confidence": 0.90887260437011719, "class": 1, "regularized": null }, "geometry": { "type": "Polygon", "coordinates": [ [ [ 398878.840284842299297, 3780798.982706001959741 ], [ 398878.535096642910503, 3780798.677517802454531 ], [ 398877.924720244132914, 3780798.677517802454531 ], [ 398877.619532044744119, 3780798.372329603414983 ], [ 398877.619532044744119, 3780795.625635808799416 ], [ 398877.924720244132914, 3780795.320447609294206 ], [ 398877.924720244132914, 3780795.015259409788996 ], [ 398878.229908443521708, 3780794.710071210749447 ], [ 398878.229908443521708, 3780793.794506612233818 ], [ 398878.840284842299297, 3780793.184130213689059 ], [ 398878.840284842299297, 3780792.878942014183849 ], [ 398879.755849440465681, 3780791.963377416133881 ], [ 398880.061037639854476, 3780791.963377416133881 ], [ 398880.36622583924327, 3780791.658189216628671 ], [ 398880.36622583924327, 3780791.353001017123461 ], [ 398880.97660223802086, 3780791.353001017123461 ], [ 398881.586978636798449, 3780790.742624618578702 ], [ 398882.197355035634246, 3780790.742624618578702 ], [ 398883.11291963380063, 3780789.827060020528734 ], [ 398883.418107833189424, 3780789.827060020528734 ], [ 398883.723296032578219, 3780789.521871821023524 ], [ 398886.775178026466165, 3780789.521871821023524 ], [ 398887.080366225854959, 3780789.216683621518314 ], [ 398888.606307222798932, 3780789.216683621518314 ], [ 398888.911495422187727, 3780789.521871821023524 ], [ 398888.911495422187727, 3780790.132248219568282 ], [ 398888.606307222798932, 3780790.437436419073492 ], [ 398888.606307222798932, 3780791.658189216628671 ], [ 398888.911495422187727, 3780791.963377416133881 ], [ 398888.911495422187727, 3780792.573753814678639 ], [ 398889.521871820965316, 3780793.184130213689059 ], [ 398889.827060020354111, 3780793.184130213689059 ], [ 398890.132248219742905, 3780793.489318413194269 ], [ 398891.963377416075673, 3780793.489318413194269 ], [ 398892.268565615464468, 3780793.794506612233818 ], [ 398892.268565615464468, 3780795.930824008304626 ], [ 398891.963377416075673, 3780796.236012207344174 ], [ 398891.658189216686878, 3780796.236012207344174 ], [ 398891.353001017298084, 3780796.541200406849384 ], [ 398887.995930824021343, 3780796.541200406849384 ], [ 398887.690742624632549, 3780796.846388606354594 ], [ 398886.775178026466165, 3780796.846388606354594 ], [ 398886.164801627688576, 3780797.456765004899353 ], [ 398885.859613428299781, 3780797.456765004899353 ], [ 398885.249237029522192, 3780798.067141403909773 ], [ 398885.249237029522192, 3780798.677517802454531 ], [ 398884.944048830133397, 3780798.677517802454531 ], [ 398884.638860630744603, 3780798.982706001959741 ], [ 398878.840284842299297, 3780798.982706001959741 ] ] ] } },
{ "type": "Feature", "properties": { "confidence": 0.90867382287979126, "class": 1, "regularized": "rectangle" }, "geometry": { "type": "Polygon", "coordinates": [ [ [ 398923.6875, 3780880.5 ], [ 398942.3125, 3780880.5 ], [ 398942.3125, 3780891.5 ], [ 398923.6875, 3780891.5 ], [ 398923.6875, 3780880.5 ] ] ] } },
{ "type": "Feature", "properties": { "confidence": 0.90813702344894409, "class": 1, "regularized": null }, "geometry": { "type": "Polygon", "coordinates": [ [ [ 398432.349949135328643, 3780756.256358087528497 ], [ 398432.349949135328643, 3780755.645981688518077 ], [ 398432.044760935881641, 3780755.340793489478528 ], [ 398431.739572736492846, 3780755.340793489478528 ], [ 398431.739572736492846, 3780755.035605289973319 ], [ 398431.434384537104052, 3780754.730417090468109 ], [ 398431.434384537104052, 3780753.50966429291293 ], [ 398431.739572736492846, 3780753.20447609340772 ], [ 398438.14852492371574, 3780753.20447609340772 ], [ 398438.453713123104535, 3780752.899287894368172 ], [ 398441.810783316381276, 3780752.899287894368172 ], [ 398441.810783316381276, 3780755.340793489478528 ], [ 398441.200406917603686, 3780755.951169888023287 ], [ 398441.200406917603686, 3780756.256358087528497 ], [ 398432.349949135328643, 3780756.256358087528497 ] ] ] } },
{ "type": "Feature", "properties": { "confidence": 0.9060971736907959, "class": 1, "regularized": null }, "geometry": { "type": "Polygon", "coordinates": [ [ [ 398816.276703967421781, 3780845.066124110016972 ], [ 398815.971515768032987, 3780844.760935910511762 ], [ 398814.140386571700219, 3780844.760935910511762 ], [ 398813.835198372311424, 3780844.455747711006552 ], [ 398812.614445574756246, 3780844.455747711006552 ], [ 398812.309257375367451, 3780844.150559511501342 ], [ 398812.309257375367451, 3780843.540183112956583 ], [ 398812.614445574756246, 3780843.234994913451374 ], [ 398812.614445574756246, 3780840.183112919796258 ], [ 398812.919633774145041, 3780839.877924720291048 ], [ 398812.919633774145041, 3780838.35198372323066 ], [ 398812.614445574756246, 3780838.04679552372545 ], [ 398812.919633774145041, 3780837.741607324685901 ], [ 398813.224821973533835, 3780837.741607324685901 ], [ 398813.53001017292263, 3780837.436419125180691 ], [ 398817.192268565588165, 3780837.436419125180691 ], [ 398817.49745676497696, 3780837.741607324685901 ], [ 398822.075279755867086, 3780837.741607324685901 ], [ 398822.380467955255881, 3780838.04679552372545 ], [ 398822.380467955255881, 3780839.877924720291048 ], [ 398822.075279755867086, 3780840.183112919796258 ], [ 398822.075279755867086, 3780842.014242115896195 ], [ 398822.380467955255881, 3780842.319430315401405 ], [ 398822.380467955255881, 3780843.845371312461793 ], [ 398821.770091556478292, 3780844.455747711006552 ], [ 398820.854526958311908, 3780844.455747711006552 ], [ 398820.549338758923113, 3780844.760935910511762 ], [ 398819.328585961367935, 3780844.760935910511762 ], [ 398819.02339776197914, 3780845.066124110016972 ], [ 398816.276703967421781, 3780845.066124110016972 ] ] ] } },
{ "type": "Feature", "properties": { "confidence": 0.9032866358757019, "class": 1, "regularized": null }, "geometry": { "type": "Polygon", "coordinates": [ [ [ 398671.007121058006305, 3780976.602238046936691 ], [ 398671.007121058006305, 3780976.297049847431481 ], [ 398670.701932858617511, 3780975.991861647926271 ], [ 398670.701932858617511, 3780974.160732451826334 ], [ 398670.396744659228716, 3780973.855544252321124 ], [ 398670.396744659228716, 3780968.97253306210041 ], [ 398673.143438453727867, 3780968.97253306210041 ], [ 398673.143438453727867, 3780976.602238046936691 ], [ 398672.533062054950278, 3780976.602238046936691 ], [ 398672.227873855561484, 3780976.297049847431481 ], [ 398671.617497456783894, 3780976.297049847431481 ], [ 398671.3123092573951, 3780976.602238046936691 ], [ 398671.007121058006305, 3780976.602238046936691 ] ] ] } },
{ "type": "Feature", "properties": { "confidence": 0.90318512916564941, "class": 1, "regularized": null }, "geometry": { "type": "Polygon", "coordinates": [ [ [ 398792.777212614426389, 3780929.908443540334702 ], [ 398792.472024415037595, 3780929.603255340829492 ], [ 398791.251271617482416, 3780929.603255340829492 ], [ 398790.946083418093622, 3780929.298067141324282 ], [ 398790.946083418093622, 3780927.466937945224345 ], [ 398791.251271617482416, 3780927.161749745719135 ], [ 398791.251271617482416, 3780926.856561546213925 ], [ 398801.322482197370846, 3780926.856561546213925 ], [ 398801.322482197370846, 3780927.161749745719135 ], [ 398801.62767039675964, 3780927.466937945224345 ], [ 398801.62767039675964, 3780929.603255340829492 ], [ 398801.322482197370846, 3780929.603255340829492 ], [ 398801.017293997982051, 3780929.908443540334702 ], [ 398792.777212614426389, 3780929.908443540334702 ] ] ] } },
{ "type": "Feature", "properties": { "confidence": 0.90259510278701782, "class": 1, "regularized": null }, "geometry": { "type": "Polygon", "coordinates": [ [ [ 398600.203458799573127, 3781157.578840285073966 ], [ 398599.898270600184333, 3781157.273652085568756 ], [ 398599.287894201406743, 3781157.273652085568756 ], [ 398598.982706002017949, 3781156.968463886063546 ], [ 398598.37232960324036, 3781156.968463886063546 ], [ 398598.067141403851565, 3781156.663275686558336 ], [ 398597.456765005073976, 3781156.663275686558336 ], [ 398597.151576805685181, 3781156.358087487053126 ], [ 398596.846388606296387, 3781156.358087487053126 ], [ 398596.236012207518797, 3781155.747711088508368 ], [ 398596.236012207518797, 3781155.442522889003158 ], [ 398595.930824008130003, 3781155.137334689497948 ], [ 398595.930824008130003, 3781154.832146490458399 ], [ 398595.015259409963619, 3781153.916581891942769 ], [ 398595.015259409963619, 3781153.611393692903221 ], [ 398594.710071210574824, 3781153.306205493398011 ], [ 398594.710071210574824, 3781152.085452695842832 ], [ 398594.40488301118603, 3781151.780264496337622 ], [ 398594.710071210574824, 3781151.475076296832412 ], [ 398594.710071210574824, 3781150.864699898287654 ], [ 398595.015259409963619, 3781150.864699898287654 ], [ 398595.625635808741208, 3781150.254323499277234 ], [ 398595.930824008130003, 3781150.559511698782444 ], [ 398597.151576805685181, 3781150.559511698782444 ], [ 398597.76195320446277, 3781151.169888097792864 ], [ 398598.982706002017949, 3781151.169888097792864 ], [ 398599.593082400795538, 3781151.780264496337622 ], [ 398600.508646998961922, 3781151.780264496337622 ], [ 398600.813835198350716, 3781152.085452695842832 ], [ 398601.119023397739511, 3781152.085452695842832 ], [ 398602.034587995905895, 3781153.001017293892801 ], [ 398602.034587995905895, 3781153.611393692903221 ], [ 398601.7293997965171, 3781153.916581891942769 ], [ 398601.7293997965171, 3781154.832146490458399 ], [ 398602.339776195294689, 3781155.442522889003158 ], [ 398602.339776195294689, 3781156.052899288013577 ], [ 398602.034587995905895, 3781156.358087487053126 ], [ 398602.034587995905895, 3781157.273652085568756 ], [ 398601.7293997965171, 3781157.273652085568756 ], [ 398601.424211597128306, 3781157.578840285073966 ], [ 398600.203458799573127, 3781157.578840285073966 ] ] ] } },
{ "type": "Feature", "properties": { "confidence": 0.90199786424636841, "class": 1, "regularized": null }, "geometry": { "type": "Polygon", "coordinates": [ [ [ 398785.452695829095319, 3781114.242115971632302 ], [ 398785.147507629706524, 3781113.936927772127092 ], [ 398781.790437436429784, 3781113.936927772127092 ], [ 398781.790437436429784, 3781111.495422177016735 ], [ 398782.095625635818578, 3781111.190233977511525 ], [ 398782.400813835207373, 3781111.190233977511525 ], [ 398782.706002034596168, 3781110.885045778006315 ], [ 398782.706002034596168, 3781110.274669379461557 ], [ 398782.400813835207373, 3781109.969481179956347 ], [ 398782.400813835207373, 3781108.443540182895958 ], [ 398782.095625635818578, 3781108.13835198385641 ], [ 398782.095625635818578, 3781107.52797558484599 ], [ 398781.790437436429784, 3781107.22278738534078 ], [ 398781.790437436429784, 3781106.917599186301231 ], [ 398781.485249237040989, 3781106.612410986796021 ], [ 398781.485249237040989, 3781105.696846388746053 ], [ 398781.790437436429784, 3781105.391658189240843 ], [ 398789.725330620538443, 3781105.391658189240843 ], [ 398790.030518819927238, 3781105.696846388746053 ], [ 398790.335707019316033, 3781105.696846388746053 ], [ 398790.335707019316033, 3781113.021363174077123 ], [ 398790.030518819927238, 3781113.021363174077123 ], [ 398789.114954221760854, 3781113.936927772127092 ], [ 398788.80976602237206, 3781113.936927772127092 ], [ 398788.504577822983265, 3781114.242115971632302 ], [ 398785.452695829095319, 3781114.242115971632302 ] ] ] } },
{ "type": "Feature", "properties": { "confidence": 0.9005659818649292, "class": 1, "regularized": null }, "geometry": { "type": "Polygon", "coordinates": [ [ [ 398776.90742624620907, 3780889.623601220548153 ], [ 398776.602238046820275, 3780889.318413021508604 ], [ 398775.991861648042686, 3780889.318413021508604 ], [ 398775.686673448653892, 3780889.013224822003394 ], [ 398775.686673448653892, 3780886.266531027387828 ], [ 398775.991861648042686, 3780885.961342827882618 ], [ 398775.991861648042686, 3780885.045778229832649 ], [ 398776.297049847431481, 3780884.740590030327439 ], [ 398776.297049847431481, 3780883.519837232772261 ], [ 398776.602238046820275, 3780883.214649033732712 ], [ 398776.602238046820275, 3780882.909460834227502 ], [ 398776.90742624620907, 3780882.604272634722292 ], [ 398783.926754832151346, 3780882.604272634722292 ], [ 398784.231943031540141, 3780882.909460834227502 ], [ 398784.537131230928935, 3780882.909460834227502 ], [ 398784.84231943031773, 3780883.214649033732712 ], [ 398785.147507629706524, 3780883.214649033732712 ], [ 398785.452695829095319, 3780883.519837232772261 ], [ 398786.063072227872908, 3780883.519837232772261 ], [ 398786.368260427261703, 3780883.825025432277471 ], [ 398786.673448626650497, 3780883.825025432277471 ], [ 398787.283825025428087, 3780884.435401831287891 ], [ 398787.589013224816881, 3780884.435401831287891 ], [ 398788.19938962359447, 3780885.045778229832649 ], [ 398788.19938962359447, 3780885.350966429337859 ], [ 398788.504577822983265, 3780885.656154628843069 ], [ 398788.504577822983265, 3780885.961342827882618 ], [ 398788.80976602237206, 3780886.266531027387828 ], [ 398788.80976602237206, 3780886.571719226893038 ], [ 398789.114954221760854, 3780886.876907426398247 ], [ 398789.114954221760854, 3780887.182095625437796 ], [ 398789.420142421149649, 3780887.487283824943006 ], [ 398789.420142421149649, 3780889.013224822003394 ], [ 398789.114954221760854, 3780889.318413021508604 ], [ 398787.894201424205676, 3780889.318413021508604 ], [ 398787.589013224816881, 3780889.623601220548153 ], [ 398776.90742624620907, 3780889.623601220548153 ] ] ] } },
{ "type": "Feature", "properties": { "confidence": 0.90036791563034058, "class": 1, "regularized": null }, "geometry": { "type": "Polygon", "coordinates": [ [ [ 398435.707019328605384, 3780858.799593082629144 ], [ 398435.707019328605384, 3780858.494404883123934 ], [ 398435.401831129216589, 3780858.189216683618724 ], [ 398435.401831129216589, 3780856.358087487053126 ], [ 398435.096642929827794, 3780856.052899288013577 ], [ 398435.096642929827794, 3780854.526958290953189 ], [ 398434.791454730439, 3780854.221770091447979 ], [ 398434.791454730439, 3780850.864699898287654 ], [ 398435.096642929827794, 3780850.559511698782444 ], [ 398435.096642929827794, 3780843.234994913451374 ], [ 398435.401831129216589, 3780843.234994913451374 ], [ 398435.707019328605384, 3780842.929806713946164 ], [ 398438.14852492371574, 3780842.929806713946164 ], [ 398438.453713123104535, 3780843.234994913451374 ], [ 398438.75890132249333, 3780843.234994913451374 ], [ 398439.064089521882124, 3780843.540183112956583 ], [ 398439.369277721270919, 3780843.540183112956583 ], [ 398439.369277721270919, 3780844.455747711006552 ], [ 398439.674465920659713, 3780844.760935910511762 ], [ 398439.369277721270919, 3780845.066124110016972 ], [ 398439.369277721270919, 3780846.592065106611699 ], [ 398439.674465920659713, 3780846.897253306116909 ], [ 398439.674465920659713, 3780847.202441505622119 ], [ 398439.979654120048508, 3780847.507629705127329 ], [ 398441.200406917603686, 3780847.507629705127329 ], [ 398441.505595116992481, 3780847.202441505622119 ], [ 398442.11597151577007, 3780847.202441505622119 ], [ 398442.11597151577007, 3780849.033570701722056 ], [ 398442.421159715158865, 3780849.338758901227266 ], [ 398442.11597151577007, 3780849.643947100732476 ], [ 398442.11597151577007, 3780849.949135300237685 ], [ 398441.810783316381276, 3780850.254323499277234 ], [ 398441.810783316381276, 3780850.864699898287654 ], [ 398441.505595116992481, 3780851.169888097792864 ], [ 398441.505595116992481, 3780852.085452695842832 ], [ 398441.810783316381276, 3780852.390640895348042 ], [ 398441.810783316381276, 3780854.526958290953189 ], [ 398441.505595116992481, 3780854.832146490458399 ], [ 398441.505595116992481, 3780855.442522889003158 ], [ 398441.810783316381276, 3780855.747711088508368 ], [ 398441.810783316381276, 3780858.189216683618724 ], [ 398441.505595116992481, 3780858.189216683618724 ], [ 398441.200406917603686, 3780858.494404883123934 ], [ 398440.895218718214892, 3780858.494404883123934 ], [ 398440.590030518826097, 3780858.799593082629144 ], [ 398435.707019328605384, 3780858.799593082629144 ] ] ] } },
{ "type": "Feature", "properties": { "confidence": 0.89845716953277588, "class": 1, "regularized": null }, "geometry": { "type": "Polygon", "coordinates": [ [ [ 398519.02339776197914, 3780755.340793489478528 ], [ 398519.02339776197914, 3780755.035605289973319 ], [ 398518.107833163812757, 3780754.12004069192335 ], [ 398518.107833163812757, 3780753.50966429291293 ], [ 398517.802644964365754, 3780753.20447609340772 ], [ 398517.802644964365754, 3780748.321464903187007 ], [ 398518.107833163812757, 3780748.016276704147458 ], [ 398518.107833163812757, 3780745.87995930807665 ], [ 398518.413021363201551, 3780745.574771109037101 ], [ 398518.413021363201551, 3780744.964394710026681 ], [ 398519.02339776197914, 3780744.354018311481923 ], [ 398519.02339776197914, 3780743.438453712966293 ], [ 398519.328585961367935, 3780743.133265513926744 ], [ 398519.63377416075673, 3780743.438453712966293 ], [ 398519.938962360145524, 3780743.438453712966293 ], [ 398520.854526958311908, 3780744.354018311481923 ], [ 398520.854526958311908, 3780744.659206510521472 ], [ 398521.464903357089497, 3780745.269582909531891 ], [ 398521.770091556478292, 3780745.269582909531891 ], [ 398521.770091556478292, 3780745.574771109037101 ], [ 398522.075279755867086, 3780745.87995930807665 ], [ 398522.380467955255881, 3780745.87995930807665 ], [ 398522.685656154644676, 3780746.18514750758186 ], [ 398522.685656154644676, 3780746.79552390659228 ], [ 398522.99084435403347, 3780747.100712105631828 ], [ 398522.99084435403347, 3780749.237029501702636 ], [ 398522.685656154644676, 3780749.542217700742185 ], [ 398522.685656154644676, 3780752.899287894368172 ], [ 398522.380467955255881, 3780753.20447609340772 ], [ 398522.380467955255881, 3780753.81485249241814 ], [ 398522.075279755867086, 3780754.12004069192335 ], [ 398522.075279755867086, 3780755.035605289973319 ], [ 398521.770091556478292, 3780755.340793489478528 ], [ 398519.02339776197914, 3780755.340793489478528 ] ] ] } },
{ "type": "Feature", "properties": { "confidence": 0.89790302515029907, "class": 1, "regularized": null }, "geometry": { "type": "Polygon", "coordinates": [ [ [ 398590.742624618520495, 3780860.935910478234291 ], [ 398590.4374364191317, 3780860.630722278729081 ], [ 398590.4374364191317, 3780856.968463886063546 ], [ 398590.742624618520495, 3780856.663275686558336 ], [ 398590.742624618520495, 3780852.695829094387591 ], [ 398591.047812817909289, 3780852.390640895348042 ], [ 398591.047812817909289, 3780851.475076296832412 ], [ 398591.353001017298084, 3780851.169888097792864 ], [ 398591.353001017298084, 3780850.864699898287654 ], [ 398592.878942014242057, 3780849.338758901227266 ], [ 398593.184130213630851, 3780849.338758901227266 ], [ 398593.794506612408441, 3780848.728382502682507 ], [ 398594.099694811797235, 3780848.728382502682507 ], [ 398594.40488301118603, 3780848.423194303177297 ], [ 398594.40488301118603, 3780848.118006103672087 ], [ 398594.710071210574824, 3780848.118006103672087 ], [ 398595.015259409963619, 3780847.812817904166877 ], [ 398595.625635808741208, 3780847.812817904166877 ], [ 398595.930824008130003, 3780847.507629705127329 ], [ 398598.37232960324036, 3780847.507629705127329 ], [ 398598.677517802629154, 3780847.812817904166877 ], [ 398598.677517802629154, 3780852.085452695842832 ], [ 398598.982706002017949, 3780852.390640895348042 ], [ 398598.982706002017949, 3780858.189216683618724 ], [ 398598.37232960324036, 3780858.799593082629144 ], [ 398596.236012207518797, 3780858.799593082629144 ], [ 398595.930824008130003, 3780859.104781281668693 ], [ 398595.015259409963619, 3780859.104781281668693 ], [ 398594.710071210574824, 3780859.409969481173903 ], [ 398594.40488301118603, 3780859.409969481173903 ], [ 398594.099694811797235, 3780859.715157680679113 ], [ 398593.794506612408441, 3780859.715157680679113 ], [ 398593.184130213630851, 3780860.325534079223871 ], [ 398592.878942014242057, 3780860.325534079223871 ], [ 398592.268565615464468, 3780860.935910478234291 ], [ 398590.742624618520495, 3780860.935910478234291 ] ] ] } },
{ "type": "Feature", "properties": { "confidence": 0.89775210618972778, "class": 1, "regularized": null }, "geometry": { "type": "Polygon", "coordinates": [ [ [ 398575.178026449633762, 3780703.153611393645406 ], [ 398574.872838250244968, 3780702.848423194140196 ], [ 398571.820956256357022, 3780702.848423194140196 ], [ 398571.515768056968227, 3780702.543234995100647 ], [ 398571.515768056968227, 3780701.932858596090227 ], [ 398571.820956256357022, 3780701.627670396585017 ], [ 398571.820956256357022, 3780700.712105798535049 ], [ 398572.126144455745816, 3780700.406917599029839 ], [ 398572.126144455745816, 3780699.186164801474661 ], [ 398572.431332655134611, 3780698.880976602435112 ], [ 398572.431332655134611, 3780698.575788402929902 ], [ 398572.736520854523405, 3780698.270600203424692 ], [ 398572.736520854523405, 3780697.660223804879934 ], [ 398573.0417090539122, 3780697.660223804879934 ], [ 398573.346897253300995, 3780697.355035605374724 ], [ 398573.346897253300995, 3780697.049847405869514 ], [ 398573.957273652078584, 3780696.439471007324755 ], [ 398573.957273652078584, 3780695.523906408809125 ], [ 398574.262461851467378, 3780695.523906408809125 ], [ 398574.872838250244968, 3780694.913530010264367 ], [ 398574.872838250244968, 3780694.608341810759157 ], [ 398575.178026449633762, 3780694.608341810759157 ], [ 398575.483214649022557, 3780694.303153611253947 ], [ 398575.788402848411351, 3780694.303153611253947 ], [ 398576.093591047800146, 3780693.997965412214398 ], [ 398578.840284842299297, 3780693.997965412214398 ], [ 398579.145473041688092, 3780694.303153611253947 ], [ 398579.145473041688092, 3780697.355035605374724 ], [ 398579.450661241076887, 3780697.660223804879934 ], [ 398579.450661241076887, 3780697.965412003919482 ], [ 398579.145473041688092, 3780697.965412003919482 ], [ 398578.535096642910503, 3780698.575788402929902 ], [ 398578.535096642910503, 3780699.186164801474661 ], [ 398579.145473041688092, 3780699.79654120048508 ], [ 398579.145473041688092, 3780700.10172939999029 ], [ 398579.755849440465681, 3780700.712105798535049 ], [ 398579.755849440465681, 3780701.627670396585017 ], [ 398578.229908443521708, 3780703.153611393645406 ], [ 398575.178026449633762, 3780703.153611393645406 ] ] ] } },
{ "type": "Feature", "properties": { "confidence": 0.89431655406951904, "class": 1, "regularized": null }, "geometry": { "type": "Polygon", "coordinates": [ [ [ 398901.119023397739511, 3780795.625635808799416 ], [ 398900.813835198350716, 3780795.320447609294206 ], [ 398897.456765005073976, 3780795.320447609294206 ], [ 398897.151576805685181, 3780795.015259409788996 ], [ 398896.541200406907592, 3780795.015259409788996 ], [ 398896.541200406907592, 3780792.573753814678639 ], [ 398896.236012207518797, 3780792.268565615639091 ], [ 398896.541200406907592, 3780791.963377416133881 ], [ 398896.541200406907592, 3780790.132248219568282 ], [ 398896.846388606296387, 3780789.827060020528734 ], [ 398898.982706002017949, 3780789.827060020528734 ], [ 398899.287894201406743, 3780790.132248219568282 ], [ 398899.593082400795538, 3780790.132248219568282 ], [ 398899.593082400795538, 3780790.437436419073492 ], [ 398900.813835198350716, 3780791.658189216628671 ], [ 398901.119023397739511, 3780791.658189216628671 ], [ 398901.7293997965171, 3780792.268565615639091 ], [ 398901.7293997965171, 3780795.320447609294206 ], [ 398901.424211597128306, 3780795.625635808799416 ], [ 398901.119023397739511, 3780795.625635808799416 ] ] ] } },
{ "type": "Feature", "properties": { "confidence": 0.8942180871963501, "class": 1, "regularized": null }, "geometry": { "type": "Polygon", "coordinates": [ [ [ 398510.783316378423478, 3780659.206510681658983 ], [ 398510.172939979645889, 3780658.596134282648563 ], [ 398510.172939979645889, 3780656.765005086548626 ], [ 398510.478128179034684, 3780656.459816887043417 ], [ 398510.478128179034684, 3780654.62868769094348 ], [ 398510.783316378423478, 3780654.32349949143827 ], [ 398510.783316378423478, 3780652.492370294872671 ], [ 398511.088504577812273, 3780652.187182095833123 ], [ 398511.088504577812273, 3780651.576805696822703 ], [ 398512.004069175978657, 3780650.661241098772734 ], [ 398512.309257375367451, 3780650.661241098772734 ], [ 398512.614445574756246, 3780650.356052899267524 ], [ 398512.919633774145041, 3780650.356052899267524 ], [ 398513.224821973533835, 3780650.050864699762315 ], [ 398513.53001017292263, 3780650.050864699762315 ], [ 398513.835198372311424, 3780649.745676500722766 ], [ 398513.835198372311424, 3780649.135300101712346 ], [ 398514.445574771089014, 3780649.135300101712346 ], [ 398514.445574771089014, 3780649.745676500722766 ], [ 398514.750762970477808, 3780650.050864699762315 ], [ 398514.750762970477808, 3780650.356052899267524 ], [ 398515.971515768032987, 3780651.576805696822703 ], [ 398516.276703967421781, 3780651.576805696822703 ], [ 398516.581892166810576, 3780651.881993896327913 ], [ 398516.88708036619937, 3780651.881993896327913 ], [ 398516.88708036619937, 3780652.187182095833123 ], [ 398517.49745676497696, 3780652.797558494377881 ], [ 398517.802644964365754, 3780652.797558494377881 ], [ 398517.802644964365754, 3780653.102746693883091 ], [ 398518.107833163812757, 3780653.407934893388301 ], [ 398518.107833163812757, 3780653.71312309242785 ], [ 398518.413021363201551, 3780654.01831129193306 ], [ 398518.413021363201551, 3780655.544252288993448 ], [ 398518.107833163812757, 3780655.849440488498658 ], [ 398518.107833163812757, 3780656.154628687538207 ], [ 398517.192268565588165, 3780657.070193286053836 ], [ 398517.192268565588165, 3780658.290946083609015 ], [ 398516.581892166810576, 3780658.901322482153773 ], [ 398515.361139369255397, 3780658.901322482153773 ], [ 398515.055951169866603, 3780659.206510681658983 ], [ 398510.783316378423478, 3780659.206510681658983 ] ] ] } },
{ "type": "Feature", "properties": { "confidence": 0.89412182569503784, "class": 1, "regularized": null }, "geometry": { "type": "Polygon", "coordinates": [ [ [ 398634.384537131234538, 3780756.256358087528497 ], [ 398634.384537131234538, 3780750.762970498297364 ], [ 398636.5208545269561, 3780750.762970498297364 ], [ 398636.5208545269561, 3780751.068158697802573 ], [ 398636.826042726344895, 3780751.373346897307783 ], [ 398636.826042726344895, 3780752.899287894368172 ], [ 398637.131230925733689, 3780753.20447609340772 ], [ 398637.131230925733689, 3780754.12004069192335 ], [ 398636.826042726344895, 3780754.425228890962899 ], [ 398636.826042726344895, 3780755.645981688518077 ], [ 398637.131230925733689, 3780755.951169888023287 ], [ 398637.131230925733689, 3780756.256358087528497 ], [ 398634.384537131234538, 3780756.256358087528497 ] ] ] } },
{ "type": "Feature", "properties": { "confidence": 0.89304018020629883, "class": 1, "regularized": null }, "geometry": { "type": "Polygon", "coordinates": [ [ [ 398480.8748728382634, 3780695.829094608314335 ], [ 398480.569684638874605, 3780695.523906408809125 ], [ 398480.569684638874605, 3780690.640895218588412 ], [ 398480.264496439485811, 3780690.335707019548863 ], [ 398480.264496439485811, 3780683.926754832267761 ], [ 398484.84231943031773, 3780683.926754832267761 ], [ 398485.147507629706524, 3780684.23194303130731 ], [ 398485.147507629706524, 3780684.53713123081252 ], [ 398485.452695829095319, 3780684.84231943031773 ], [ 398485.452695829095319, 3780685.757884028367698 ], [ 398485.757884028484114, 3780686.063072227872908 ], [ 398485.757884028484114, 3780688.504577822983265 ], [ 398486.063072227872908, 3780688.809766022488475 ], [ 398486.063072227872908, 3780689.725330620538443 ], [ 398486.368260427261703, 3780690.030518820043653 ], [ 398486.368260427261703, 3780691.251271617598832 ], [ 398486.673448626650497, 3780691.556459817104042 ], [ 398486.673448626650497, 3780692.1668362156488 ], [ 398486.368260427261703, 3780692.47202441515401 ], [ 398486.368260427261703, 3780693.082400813698769 ], [ 398486.063072227872908, 3780693.387589013203979 ], [ 398486.063072227872908, 3780694.303153611253947 ], [ 398485.757884028484114, 3780694.608341810759157 ], [ 398485.757884028484114, 3780695.218718209769577 ], [ 398485.452695829095319, 3780695.523906408809125 ], [ 398484.84231943031773, 3780695.523906408809125 ], [ 398484.537131230928935, 3780695.829094608314335 ], [ 398480.8748728382634, 3780695.829094608314335 ] ] ] } },
{ "type": "Feature", "properties": { "confidence": 0.88950258493423462, "class": 1, "regularized": null }, "geometry": { "type": "Polygon", "coordinates": [ [ [ 398414.038657171942759, 3781162.461851475294679 ], [ 398413.733468972553965, 3781162.156663275789469 ], [ 398412.207527975609992, 3781162.156663275789469 ], [ 398411.597151576832402, 3781161.54628687677905 ], [ 398411.597151576832402, 3781159.715157680679113 ], [ 398411.291963377443608, 3781159.409969481173903 ], [ 398411.291963377443608, 3781157.884028484113514 ], [ 398411.597151576832402, 3781157.578840285073966 ], [ 398411.597151576832402, 3781156.968463886063546 ], [ 398412.512716174998786, 3781156.052899288013577 ], [ 398413.123092573776376, 3781156.052899288013577 ], [ 398413.42828077316517, 3781155.747711088508368 ], [ 398414.954221770109143, 3781155.747711088508368 ], [ 398415.259409969497938, 3781156.052899288013577 ], [ 398415.869786368275527, 3781156.052899288013577 ], [ 398416.174974567664322, 3781156.358087487053126 ], [ 398416.480162767053116, 3781156.358087487053126 ], [ 398416.480162767053116, 3781156.663275686558336 ], [ 398419.226856561552268, 3781159.409969481173903 ], [ 398419.226856561552268, 3781161.54628687677905 ], [ 398418.921668362163473, 3781161.54628687677905 ], [ 398418.616480162774678, 3781161.85147507628426 ], [ 398418.311291963385884, 3781161.85147507628426 ], [ 398418.006103763997089, 3781162.156663275789469 ], [ 398416.785350966441911, 3781162.156663275789469 ], [ 398416.480162767053116, 3781162.461851475294679 ], [ 398414.038657171942759, 3781162.461851475294679 ] ] ] } },
{ "type": "Feature", "properties": { "confidence": 0.88733547925949097, "class": 1, "regularized": null }, "geometry": { "type": "Polygon", "coordinates": [ [ [ 398479.654120040708221, 3781165.513733468949795 ], [ 398479.348931841319427, 3781165.208545269444585 ], [ 398479.043743641930632, 3781165.208545269444585 ], [ 398479.043743641930632, 3781164.903357070405036 ], [ 398478.738555442541838, 3781164.598168870899826 ], [ 398478.738555442541838, 3781157.578840285073966 ], [ 398479.043743641930632, 3781157.273652085568756 ], [ 398479.348931841319427, 3781157.273652085568756 ], [ 398479.654120040708221, 3781156.968463886063546 ], [ 398481.485249237040989, 3781156.968463886063546 ], [ 398481.790437436429784, 3781156.663275686558336 ], [ 398482.095625635818578, 3781156.663275686558336 ], [ 398482.400813835207373, 3781156.358087487053126 ], [ 398483.011190233984962, 3781156.358087487053126 ], [ 398483.011190233984962, 3781156.968463886063546 ], [ 398483.316378433373757, 3781157.273652085568756 ], [ 398483.316378433373757, 3781158.189216683618724 ], [ 398483.621566632762551, 3781158.494404883123934 ], [ 398483.621566632762551, 3781159.104781281668693 ], [ 398483.926754832151346, 3781159.409969481173903 ], [ 398483.926754832151346, 3781159.715157680679113 ], [ 398484.537131230928935, 3781160.325534079223871 ], [ 398484.537131230928935, 3781160.630722278729081 ], [ 398484.84231943031773, 3781160.935910478234291 ], [ 398484.84231943031773, 3781162.461851475294679 ], [ 398484.537131230928935, 3781162.767039674334228 ], [ 398484.537131230928935, 3781163.072227873839438 ], [ 398483.316378433373757, 3781164.292980671394616 ], [ 398483.011190233984962, 3781164.292980671394616 ], [ 398482.095625635818578, 3781165.208545269444585 ], [ 398481.790437436429784, 3781165.208545269444585 ], [ 398481.485249237040989, 3781165.513733468949795 ], [ 398479.654120040708221, 3781165.513733468949795 ] ] ] } },
{ "type": "Feature", "properties": { "confidence": 0.88655644655227661, "class": 1, "regularized": null }, "geometry": { "type": "Polygon", "coordinates": [ [ [ 398515.055951169866603, 3780698.270600203424692 ], [ 398515.055951169866603, 3780697.660223804879934 ], [ 398514.750762970477808, 3780697.355035605374724 ], [ 398514.750762970477808, 3780696.134282807819545 ], [ 398513.53001017292263, 3780694.913530010264367 ], [ 398513.53001017292263, 3780694.608341810759157 ], [ 398513.224821973533835, 3780694.303153611253947 ], [ 398513.224821973533835, 3780693.082400813698769 ], [ 398519.02339776197914, 3780693.082400813698769 ], [ 398519.02339776197914, 3780693.997965412214398 ], [ 398519.328585961367935, 3780694.303153611253947 ], [ 398519.328585961367935, 3780696.134282807819545 ], [ 398519.02339776197914, 3780696.439471007324755 ], [ 398518.413021363201551, 3780696.439471007324755 ], [ 398518.107833163812757, 3780696.744659206364304 ], [ 398517.802644964365754, 3780696.744659206364304 ], [ 398517.49745676497696, 3780697.049847405869514 ], [ 398517.192268565588165, 3780697.049847405869514 ], [ 398516.581892166810576, 3780697.660223804879934 ], [ 398516.581892166810576, 3780697.965412003919482 ], [ 398516.276703967421781, 3780698.270600203424692 ], [ 398515.055951169866603, 3780698.270600203424692 ] ] ] } },
{ "type": "Feature", "properties": { "confidence": 0.88653606176376343, "class": 1, "regularized": null }, "geometry": { "type": "Polygon", "coordinates": [ [ [ 398414.954221770109143, 3780847.812817904166877 ], [ 398414.649033570720349, 3780847.507629705127329 ], [ 398414.343845371331554, 3780847.507629705127329 ], [ 398414.038657171942759, 3780847.202441505622119 ], [ 398414.038657171942759, 3780845.98168870806694 ], [ 398413.733468972553965, 3780845.67650050856173 ], [ 398413.733468972553965, 3780842.014242115896195 ], [ 398419.837232960329857, 3780842.014242115896195 ], [ 398420.142421159718651, 3780842.319430315401405 ], [ 398421.057985757885035, 3780842.319430315401405 ], [ 398421.36317395727383, 3780842.624618514906615 ], [ 398423.194303153606597, 3780842.624618514906615 ], [ 398423.499491352995392, 3780842.929806713946164 ], [ 398423.499491352995392, 3780845.67650050856173 ], [ 398422.583926754829008, 3780846.592065106611699 ], [ 398421.973550356051419, 3780846.592065106611699 ], [ 398421.668362156662624, 3780846.897253306116909 ], [ 398421.36317395727383, 3780846.897253306116909 ], [ 398421.057985757885035, 3780847.202441505622119 ], [ 398420.752797558496241, 3780847.202441505622119 ], [ 398420.447609359107446, 3780847.507629705127329 ], [ 398418.616480162774678, 3780847.507629705127329 ], [ 398418.311291963385884, 3780847.812817904166877 ], [ 398414.954221770109143, 3780847.812817904166877 ] ] ] } },
{ "type": "Feature", "properties": { "confidence": 0.88577890396118164, "class": 1, "regularized": null }, "geometry": { "type": "Polygon", "coordinates": [ [ [ 398831.841302136308514, 3781104.170905391685665 ], [ 398831.536113936919719, 3781103.865717192180455 ], [ 398831.230925737530924, 3781103.865717192180455 ], [ 398831.230925737530924, 3781099.287894201464951 ], [ 398831.536113936919719, 3781098.982706001959741 ], [ 398838.555442522861995, 3781098.982706001959741 ], [ 398838.860630722250789, 3781099.287894201464951 ], [ 398838.860630722250789, 3781103.255340793635696 ], [ 398838.555442522861995, 3781103.560528992675245 ], [ 398837.639877924695611, 3781103.560528992675245 ], [ 398837.334689725306816, 3781103.865717192180455 ], [ 398836.419125127140433, 3781103.865717192180455 ], [ 398836.113936927751638, 3781104.170905391685665 ], [ 398831.841302136308514, 3781104.170905391685665 ] ] ] } },
{ "type": "Feature", "properties": { "confidence": 0.88495117425918579, "class": 1, "regularized": null }, "geometry": { "type": "Polygon", "coordinates": [ [ [ 398801.017293997982051, 3780951.576805696822703 ], [ 398800.712105798593257, 3780951.271617497317493 ], [ 398800.101729399815667, 3780951.271617497317493 ], [ 398799.796541200426873, 3780950.966429298277944 ], [ 398799.796541200426873, 3780950.356052899267524 ], [ 398799.491353001038078, 3780950.050864699762315 ], [ 398799.491353001038078, 3780947.914547304157168 ], [ 398799.796541200426873, 3780947.609359104651958 ], [ 398799.796541200426873, 3780946.998982706107199 ], [ 398800.101729399815667, 3780946.693794506601989 ], [ 398800.101729399815667, 3780944.252288911491632 ], [ 398800.406917599204462, 3780943.947100711986423 ], [ 398800.406917599204462, 3780943.641912512946874 ], [ 398800.712105798593257, 3780943.336724313441664 ], [ 398801.322482197370846, 3780943.336724313441664 ], [ 398801.62767039675964, 3780943.031536113936454 ], [ 398801.932858596148435, 3780943.031536113936454 ], [ 398802.23804679553723, 3780942.726347914431244 ], [ 398803.458799593092408, 3780942.726347914431244 ], [ 398803.763987792481203, 3780942.421159714926034 ], [ 398804.069175991869997, 3780942.421159714926034 ], [ 398804.374364191258792, 3780942.115971515886486 ], [ 398805.289928789425176, 3780942.115971515886486 ], [ 398805.289928789425176, 3780942.421159714926034 ], [ 398805.900305188202765, 3780943.031536113936454 ], [ 398806.205493387591559, 3780943.031536113936454 ], [ 398806.510681586980354, 3780943.336724313441664 ], [ 398809.5625635808683, 3780943.336724313441664 ], [ 398809.867751780257095, 3780943.641912512946874 ], [ 398810.172939979645889, 3780943.641912512946874 ], [ 398810.478128179034684, 3780943.947100711986423 ], [ 398810.172939979645889, 3780944.252288911491632 ], [ 398810.172939979645889, 3780945.778229908552021 ], [ 398809.867751780257095, 3780946.083418108057231 ], [ 398809.867751780257095, 3780949.745676500722766 ], [ 398810.172939979645889, 3780950.050864699762315 ], [ 398810.172939979645889, 3780950.661241098772734 ], [ 398810.478128179034684, 3780950.966429298277944 ], [ 398810.478128179034684, 3780951.271617497317493 ], [ 398810.172939979645889, 3780951.576805696822703 ], [ 398801.017293997982051, 3780951.576805696822703 ] ] ] } },
{ "type": "Feature", "properties": { "confidence": 0.88010120391845703, "class": 1, "regularized": null }, "geometry": { "type": "Polygon", "coordinates": [ [ [ 398588.301119023410138, 3780997.965412003919482 ], [ 398587.995930824021343, 3780997.660223804879934 ], [ 398587.690742624632549, 3780997.660223804879934 ], [ 398587.385554425243754, 3780997.355035605374724 ], [ 398587.385554425243754, 3780993.387589013203979 ], [ 398587.690742624632549, 3780993.082400813698769 ], [ 398587.690742624632549, 3780992.77721261465922 ], [ 398597.151576805685181, 3780992.77721261465922 ], [ 398596.846388606296387, 3780993.082400813698769 ], [ 398596.846388606296387, 3780995.523906408809125 ], [ 398596.541200406907592, 3780995.829094608314335 ], [ 398596.541200406907592, 3780996.439471007324755 ], [ 398596.236012207518797, 3780996.744659206364304 ], [ 398596.236012207518797, 3780997.049847405869514 ], [ 398595.930824008130003, 3780997.355035605374724 ], [ 398595.625635808741208, 3780997.355035605374724 ], [ 398595.320447609352414, 3780997.660223804879934 ], [ 398595.015259409963619, 3780997.660223804879934 ], [ 398594.710071210574824, 3780997.965412003919482 ], [ 398594.099694811797235, 3780997.965412003919482 ], [ 398593.794506612408441, 3780997.660223804879934 ], [ 398590.742624618520495, 3780997.660223804879934 ], [ 398590.4374364191317, 3780997.965412003919482 ], [ 398588.301119023410138, 3780997.965412003919482 ] ] ] } },
{ "type": "Feature", "properties": { "confidence": 0.87772893905639648, "class": 1, "regularized": null }, "geometry": { "type": "Polygon", "coordinates": [ [ [ 398575.788402848411351, 3780940.895218718331307 ], [ 398575.483214649022557, 3780940.590030518826097 ], [ 398575.178026449633762, 3780940.590030518826097 ], [ 398575.178026449633762, 3780934.791454730555415 ], [ 398582.807731434411835, 3780934.791454730555415 ], [ 398583.11291963380063, 3780935.096642929594964 ], [ 398583.11291963380063, 3780938.45371312322095 ], [ 398582.807731434411835, 3780938.758901322260499 ], [ 398582.807731434411835, 3780939.064089521765709 ], [ 398582.50254323502304, 3780939.369277721270919 ], [ 398582.50254323502304, 3780939.979654119815677 ], [ 398582.197355035634246, 3780940.284842319320887 ], [ 398581.281790437409654, 3780940.284842319320887 ], [ 398580.97660223802086, 3780940.590030518826097 ], [ 398578.840284842299297, 3780940.590030518826097 ], [ 398578.535096642910503, 3780940.895218718331307 ], [ 398575.788402848411351, 3780940.895218718331307 ] ] ] } },
{ "type": "Feature", "properties": { "confidence": 0.87686032056808472, "class": 1, "regularized": null }, "geometry": { "type": "Polygon", "coordinates": [ [ [ 398644.760935910453554, 3781139.267548321280628 ], [ 398644.150559511675965, 3781138.65717192273587 ], [ 398644.150559511675965, 3781136.215666327625513 ], [ 398643.84537131228717, 3781135.910478128120303 ], [ 398643.540183112898376, 3781135.910478128120303 ], [ 398643.540183112898376, 3781135.605289928615093 ], [ 398643.234994913509581, 3781135.300101729575545 ], [ 398643.234994913509581, 3781133.774160732515156 ], [ 398643.540183112898376, 3781133.774160732515156 ], [ 398643.84537131228717, 3781133.468972533009946 ], [ 398644.760935910453554, 3781133.468972533009946 ], [ 398645.066124109842349, 3781133.163784333504736 ], [ 398649.643947100732476, 3781133.163784333504736 ], [ 398649.94913530012127, 3781133.468972533009946 ], [ 398650.254323499510065, 3781133.468972533009946 ], [ 398650.559511698898859, 3781133.774160732515156 ], [ 398651.780264496454038, 3781133.774160732515156 ], [ 398652.085452695842832, 3781134.079348932020366 ], [ 398652.695829094620422, 3781134.079348932020366 ], [ 398652.695829094620422, 3781134.689725330565125 ], [ 398652.390640895231627, 3781134.994913530070335 ], [ 398652.390640895231627, 3781135.300101729575545 ], [ 398652.085452695842832, 3781135.605289928615093 ], [ 398652.085452695842832, 3781136.520854527130723 ], [ 398651.780264496454038, 3781136.826042726170272 ], [ 398651.780264496454038, 3781137.131230925675482 ], [ 398651.475076297065243, 3781137.436419125180691 ], [ 398651.475076297065243, 3781138.04679552372545 ], [ 398650.864699898287654, 3781138.65717192273587 ], [ 398650.559511698898859, 3781138.65717192273587 ], [ 398650.254323499510065, 3781138.96236012224108 ], [ 398649.94913530012127, 3781138.96236012224108 ], [ 398649.643947100732476, 3781139.267548321280628 ], [ 398648.728382502566092, 3781139.267548321280628 ], [ 398648.423194303177297, 3781138.96236012224108 ], [ 398645.981688708008733, 3781138.96236012224108 ], [ 398645.676500508619938, 3781139.267548321280628 ], [ 398644.760935910453554, 3781139.267548321280628 ] ] ] } },
{ "type": "Feature", "properties": { "confidence": 0.87513542175292969, "class": 1, "regularized": null }, "geometry": { "type": "Polygon", "coordinates": [ [ [ 398550.152594099694397, 3780942.115971515886486 ], [ 398549.847405900305603, 3780941.810783316381276 ], [ 398549.542217700916808, 3780941.810783316381276 ], [ 398549.542217700916808, 3780941.505595116876066 ], [ 398549.237029501528013, 3780941.200406917370856 ], [ 398549.542217700916808, 3780940.895218718331307 ], [ 398549.542217700916808, 3780936.927772126160562 ], [ 398549.237029501528013, 3780936.622583926655352 ], [ 398549.237029501528013, 3780935.096642929594964 ], [ 398549.542217700916808, 3780935.096642929594964 ], [ 398549.847405900305603, 3780934.791454730555415 ], [ 398555.340793489303906, 3780934.791454730555415 ], [ 398555.6459816886927, 3780935.096642929594964 ], [ 398555.951169888081495, 3780935.096642929594964 ], [ 398555.951169888081495, 3780942.115971515886486 ], [ 398550.152594099694397, 3780942.115971515886486 ] ] ] } },
{ "type": "Feature", "properties": { "confidence": 0.87467789649963379, "class": 1, "regularized": null }, "geometry": { "type": "Polygon", "coordinates": [ [ [ 398922.482197355013341, 3780822.482197355013341 ], [ 398922.177009155624546, 3780822.177009155508131 ], [ 398921.261444557458162, 3780822.177009155508131 ], [ 398920.956256358069368, 3780821.871820956468582 ], [ 398920.956256358069368, 3780820.345879959408194 ], [ 398920.651068158680573, 3780820.040691759902984 ], [ 398920.651068158680573, 3780815.76805696869269 ], [ 398926.754832146514673, 3780815.76805696869269 ], [ 398926.754832146514673, 3780817.293997965287417 ], [ 398927.060020345903467, 3780817.599186164792627 ], [ 398927.060020345903467, 3780818.514750762842596 ], [ 398926.754832146514673, 3780818.819938962347806 ], [ 398926.754832146514673, 3780822.177009155508131 ], [ 398926.144455747737084, 3780822.177009155508131 ], [ 398925.839267548348289, 3780822.482197355013341 ], [ 398922.482197355013341, 3780822.482197355013341 ] ] ] } },
{ "type": "Feature", "properties": { "confidence": 0.8741220235824585, "class": 1, "regularized": null }, "geometry": { "type": "Polygon", "coordinates": [ [ [ 398562.970498474081978, 3780680.264496439602226 ], [ 398562.665310274693184, 3780679.959308240097016 ], [ 398561.7497456765268, 3780679.959308240097016 ], [ 398561.7497456765268, 3780673.245167853310704 ], [ 398566.937945066136308, 3780673.245167853310704 ], [ 398567.243133265525103, 3780673.550356052815914 ], [ 398567.548321464913897, 3780673.550356052815914 ], [ 398567.853509664302692, 3780673.855544252321124 ], [ 398567.853509664302692, 3780676.602238046936691 ], [ 398567.548321464913897, 3780676.907426245976239 ], [ 398567.548321464913897, 3780677.517802644986659 ], [ 398567.243133265525103, 3780677.822990844491869 ], [ 398567.243133265525103, 3780679.043743642047048 ], [ 398566.937945066136308, 3780679.348931841086596 ], [ 398566.937945066136308, 3780679.654120040591806 ], [ 398566.632756866747513, 3780679.959308240097016 ], [ 398566.327568667358719, 3780679.959308240097016 ], [ 398566.022380467969924, 3780680.264496439602226 ], [ 398562.970498474081978, 3780680.264496439602226 ] ] ] } },
{ "type": "Feature", "properties": { "confidence": 0.87380403280258179, "class": 1, "regularized": null }, "geometry": { "type": "Polygon", "coordinates": [ [ [ 398884.333672431355808, 3781011.698880976531655 ], [ 398884.028484231967013, 3781011.393692777026445 ], [ 398883.11291963380063, 3781011.393692777026445 ], [ 398882.807731434411835, 3781011.088504577986896 ], [ 398882.50254323502304, 3781011.088504577986896 ], [ 398881.892166836187243, 3781010.478128178976476 ], [ 398881.892166836187243, 3781008.341810783371329 ], [ 398882.197355035634246, 3781008.036622583866119 ], [ 398882.197355035634246, 3781006.815869786310941 ], [ 398882.50254323502304, 3781006.510681586805731 ], [ 398882.807731434411835, 3781006.510681586805731 ], [ 398883.11291963380063, 3781006.205493387766182 ], [ 398887.995930824021343, 3781006.205493387766182 ], [ 398888.301119023410138, 3781006.510681586805731 ], [ 398889.521871820965316, 3781006.510681586805731 ], [ 398889.521871820965316, 3781006.815869786310941 ], [ 398890.4374364191317, 3781007.731434384360909 ], [ 398891.047812817909289, 3781007.731434384360909 ], [ 398891.658189216686878, 3781008.341810783371329 ], [ 398891.963377416075673, 3781008.341810783371329 ], [ 398892.268565615464468, 3781008.646998982876539 ], [ 398892.878942014242057, 3781008.646998982876539 ], [ 398893.794506612408441, 3781009.562563580926508 ], [ 398893.794506612408441, 3781009.867751780431718 ], [ 398894.099694811797235, 3781010.172939979471266 ], [ 398894.099694811797235, 3781010.783316378481686 ], [ 398893.794506612408441, 3781011.088504577986896 ], [ 398893.184130213630851, 3781011.088504577986896 ], [ 398892.878942014242057, 3781011.393692777026445 ], [ 398891.658189216686878, 3781011.393692777026445 ], [ 398891.353001017298084, 3781011.698880976531655 ], [ 398884.333672431355808, 3781011.698880976531655 ] ] ] } },
{ "type": "Feature", "properties": { "confidence": 0.87350958585739136, "class": 1, "regularized": "rectangle" }, "geometry": { "type": "Polygon", "coordinates": [ [ [ 398447.0, 3780981.5 ], [ 398457.375, 3780981.5 ], [ 398457.375, 3780998.5 ], [ 398447.0, 3780998.5 ], [ 398447.0, 3780981.5 ] ] ] } },
{ "type": "Feature", "properties": { "confidence": 0.87294793128967285, "class": 1, "regularized": null }, "geometry": { "type": "Polygon", "coordinates": [ [ [ 398645.981688708008733, 3781082.807731434237212 ], [ 398645.981688708008733, 3781077.31434384547174 ], [ 398646.286876907397527, 3781077.31434384547174 ], [ 398646.59206510684453, 3781077.00915564596653 ], [ 398646.897253306233324, 3781077.00915564596653 ], [ 398647.202441505622119, 3781076.70396744646132 ], [ 398650.864699898287654, 3781076.70396744646132 ], [ 398651.780264496454038, 3781075.788402848411351 ], [ 398652.085452695842832, 3781075.788402848411351 ], [ 398652.390640895231627, 3781075.483214648906142 ], [ 398653.611393692786805, 3781075.483214648906142 ], [ 398653.9165818921756, 3781075.178026449866593 ], [ 398658.799593082396314, 3781075.178026449866593 ], [ 398659.104781281785108, 3781075.483214648906142 ], [ 398659.409969481173903, 3781075.483214648906142 ], [ 398659.409969481173903, 3781075.788402848411351 ], [ 398659.715157680562697, 3781076.093591047916561 ], [ 398659.715157680562697, 3781076.398779247421771 ], [ 398660.325534079340287, 3781077.00915564596653 ], [ 398660.325534079340287, 3781078.535096643026918 ], [ 398660.630722278729081, 3781078.840284842532128 ], [ 398660.630722278729081, 3781079.755849440582097 ], [ 398660.325534079340287, 3781080.061037640087306 ], [ 398660.325534079340287, 3781082.197355035692453 ], [ 398660.020345879951492, 3781082.502543235197663 ], [ 398660.020345879951492, 3781082.807731434237212 ], [ 398645.981688708008733, 3781082.807731434237212 ] ] ] } },
{ "type": "Feature", "properties": { "confidence": 0.87060987949371338, "class": 1, "regularized": "rectangle" }, "geometry": { "type": "Polygon", "coordinates": [ [ [ 398642.625, 3780785.0 ], [ 398651.75, 3780785.0 ], [ 398651.75, 3780799.5 ], [ 398642.625, 3780799.5 ], [ 398642.625, 3780785.0 ] ] ] } },
{ "type": "Feature", "properties": { "confidence": 0.86935347318649292, "class": 1, "regularized": null }, "geometry": { "type": "Polygon", "coordinates": [ [ [ 398538.2502543234732, 3780879.247202441561967 ], [ 398537.945066124084406, 3780878.942014242056757 ], [ 398537.945066124084406, 3780873.143438453786075 ], [ 398538.555442522861995, 3780872.533062054775655 ], [ 398542.828077314363327, 3780872.533062054775655 ], [ 398543.133265513752121, 3780872.838250254280865 ], [ 398544.3540183113073, 3780872.838250254280865 ], [ 398544.964394710084889, 3780873.448626653291285 ], [ 398544.964394710084889, 3780878.026449644006789 ], [ 398545.269582909473684, 3780878.331637843511999 ], [ 398544.659206510696094, 3780878.942014242056757 ], [ 398542.828077314363327, 3780878.942014242056757 ], [ 398542.522889114974532, 3780879.247202441561967 ], [ 398538.2502543234732, 3780879.247202441561967 ] ] ] } },
{ "type": "Feature", "properties": { "confidence": 0.86778932809829712, "class": 1, "regularized": null }, "geometry": { "type": "Polygon", "coordinates": [ [ [ 398475.076297049876302, 3780623.4994913530536 ], [ 398474.7711088504293, 3780623.19430315354839 ], [ 398474.160732451651711, 3780623.19430315354839 ], [ 398473.855544252262916, 3780622.88911495404318 ], [ 398473.855544252262916, 3780622.583926755003631 ], [ 398473.550356052874122, 3780622.278738555498421 ], [ 398473.550356052874122, 3780621.363173957448453 ], [ 398473.855544252262916, 3780621.057985757943243 ], [ 398473.855544252262916, 3780619.532044760882854 ], [ 398474.160732451651711, 3780619.226856561377645 ], [ 398474.160732451651711, 3780616.480162767227739 ], [ 398474.465920651040506, 3780616.174974567722529 ], [ 398474.465920651040506, 3780615.259409969672561 ], [ 398474.7711088504293, 3780614.954221770167351 ], [ 398474.7711088504293, 3780614.343845371156931 ], [ 398475.076297049876302, 3780614.038657172117382 ], [ 398475.076297049876302, 3780612.817904374562204 ], [ 398475.381485249265097, 3780612.512716175056994 ], [ 398475.381485249265097, 3780612.207527975551784 ], [ 398477.822990844375454, 3780612.207527975551784 ], [ 398478.128179043764248, 3780611.902339776046574 ], [ 398479.043743641930632, 3780611.902339776046574 ], [ 398479.043743641930632, 3780615.869786368217319 ], [ 398478.738555442541838, 3780616.174974567722529 ], [ 398478.738555442541838, 3780618.921668362338096 ], [ 398478.433367243153043, 3780619.226856561377645 ], [ 398478.433367243153043, 3780619.837232960388064 ], [ 398478.128179043764248, 3780620.142421159893274 ], [ 398478.128179043764248, 3780621.057985757943243 ], [ 398477.822990844375454, 3780621.363173957448453 ], [ 398477.822990844375454, 3780621.668362156488001 ], [ 398477.212614445597865, 3780622.278738555498421 ], [ 398477.212614445597865, 3780622.583926755003631 ], [ 398476.602238046820275, 3780623.19430315354839 ], [ 398476.297049847431481, 3780623.19430315354839 ], [ 398475.991861648042686, 3780623.4994913530536 ], [ 398475.076297049876302, 3780623.4994913530536 ] ] ] } },
{ "type": "Feature", "properties": { "confidence": 0.86722880601882935, "class": 1, "regularized": null }, "geometry": { "type": "Polygon", "coordinates": [ [ [ 398845.879959308251273, 3781087.995930823963135 ], [ 398845.574771108862478, 3781087.690742624457926 ], [ 398844.964394710084889, 3781087.690742624457926 ], [ 398844.048830111918505, 3781086.775178026407957 ], [ 398843.743641912529711, 3781086.775178026407957 ], [ 398843.743641912529711, 3781081.892166836187243 ], [ 398844.659206510696094, 3781081.892166836187243 ], [ 398844.964394710084889, 3781081.586978636682034 ], [ 398845.269582909473684, 3781081.586978636682034 ], [ 398845.574771108862478, 3781081.281790437642485 ], [ 398847.100712105806451, 3781081.281790437642485 ], [ 398847.405900305195246, 3781081.586978636682034 ], [ 398848.931841302139219, 3781081.586978636682034 ], [ 398849.237029501528013, 3781081.892166836187243 ], [ 398849.237029501528013, 3781082.197355035692453 ], [ 398849.847405900305603, 3781082.807731434237212 ], [ 398849.847405900305603, 3781083.112919633742422 ], [ 398850.152594099694397, 3781083.418107833247632 ], [ 398850.152594099694397, 3781083.723296032752842 ], [ 398850.457782299083192, 3781084.02848423179239 ], [ 398850.457782299083192, 3781085.554425228852779 ], [ 398850.152594099694397, 3781085.859613428357989 ], [ 398850.152594099694397, 3781087.385554425418377 ], [ 398849.847405900305603, 3781087.690742624457926 ], [ 398849.237029501528013, 3781087.690742624457926 ], [ 398848.931841302139219, 3781087.995930823963135 ], [ 398845.879959308251273, 3781087.995930823963135 ] ] ] } },
{ "type": "Feature", "properties": { "confidence": 0.86437827348709106, "class": 1, "regularized": null }, "geometry": { "type": "Polygon", "coordinates": [ [ [ 398937.131230925733689, 3780798.677517802454531 ], [ 398936.826042726344895, 3780798.372329603414983 ], [ 398936.215666327567305, 3780798.372329603414983 ], [ 398935.605289928789716, 3780797.761953204404563 ], [ 398935.300101729400922, 3780797.761953204404563 ], [ 398934.994913530012127, 3780797.456765004899353 ], [ 398932.858596134290565, 3780797.456765004899353 ], [ 398932.55340793490177, 3780797.151576805859804 ], [ 398932.248219735512976, 3780797.151576805859804 ], [ 398931.943031536124181, 3780796.846388606354594 ], [ 398931.943031536124181, 3780795.015259409788996 ], [ 398932.55340793490177, 3780794.404883011244237 ], [ 398932.55340793490177, 3780794.099694811739028 ], [ 398932.858596134290565, 3780793.794506612233818 ], [ 398932.858596134290565, 3780793.489318413194269 ], [ 398933.163784333679359, 3780793.184130213689059 ], [ 398933.163784333679359, 3780792.573753814678639 ], [ 398933.468972533068154, 3780792.268565615639091 ], [ 398933.468972533068154, 3780790.437436419073492 ], [ 398934.079348931845743, 3780789.827060020528734 ], [ 398936.215666327567305, 3780789.827060020528734 ], [ 398936.5208545269561, 3780790.132248219568282 ], [ 398937.436419125122484, 3780790.132248219568282 ], [ 398937.741607324511278, 3780790.437436419073492 ], [ 398938.351983723288868, 3780790.437436419073492 ], [ 398938.657171922677662, 3780790.132248219568282 ], [ 398938.962360122066457, 3780790.132248219568282 ], [ 398939.267548321455251, 3780790.437436419073492 ], [ 398940.48830111901043, 3780790.437436419073492 ], [ 398940.48830111901043, 3780791.047812818083912 ], [ 398940.793489318399224, 3780791.353001017123461 ], [ 398940.793489318399224, 3780792.268565615639091 ], [ 398941.098677517788019, 3780792.573753814678639 ], [ 398941.098677517788019, 3780794.099694811739028 ], [ 398940.793489318399224, 3780794.404883011244237 ], [ 398940.793489318399224, 3780797.456765004899353 ], [ 398940.48830111901043, 3780797.761953204404563 ], [ 398940.48830111901043, 3780798.067141403909773 ], [ 398940.183112919621635, 3780798.372329603414983 ], [ 398940.183112919621635, 3780798.677517802454531 ], [ 398937.131230925733689, 3780798.677517802454531 ] ] ] } },
{ "type": "Feature", "properties": { "confidence": 0.86404067277908325, "class": 1, "regularized": null }, "geometry": { "type": "Polygon", "coordinates": [ [ [ 398803.153611393703613, 3781079.755849440582097 ], [ 398802.848423194314819, 3781079.450661241076887 ], [ 398802.543234994926024, 3781079.450661241076887 ], [ 398802.23804679553723, 3781079.145473041571677 ], [ 398802.23804679553723, 3781078.840284842532128 ], [ 398801.62767039675964, 3781078.229908443521708 ], [ 398801.62767039675964, 3781077.31434384547174 ], [ 398801.322482197370846, 3781077.00915564596653 ], [ 398801.322482197370846, 3781076.093591047916561 ], [ 398801.017293997982051, 3781075.788402848411351 ], [ 398801.322482197370846, 3781075.483214648906142 ], [ 398801.62767039675964, 3781075.483214648906142 ], [ 398802.848423194314819, 3781074.262461851350963 ], [ 398804.679552390647586, 3781074.262461851350963 ], [ 398804.984740590036381, 3781074.567650050856173 ], [ 398804.984740590036381, 3781075.178026449866593 ], [ 398805.289928789425176, 3781075.483214648906142 ], [ 398805.289928789425176, 3781077.924720244016498 ], [ 398805.59511698881397, 3781078.229908443521708 ], [ 398805.59511698881397, 3781078.535096643026918 ], [ 398805.289928789425176, 3781078.840284842532128 ], [ 398805.289928789425176, 3781079.450661241076887 ], [ 398804.984740590036381, 3781079.755849440582097 ], [ 398803.153611393703613, 3781079.755849440582097 ] ] ] } },
{ "type": "Feature", "properties": { "confidence": 0.86388742923736572, "class": 1, "regularized": null }, "geometry": { "type": "Polygon", "coordinates": [ [ [ 398778.738555442541838, 3780929.908443540334702 ], [ 398778.433367243153043, 3780929.603255340829492 ], [ 398777.517802644986659, 3780929.603255340829492 ], [ 398776.602238046820275, 3780928.687690742779523 ], [ 398776.602238046820275, 3780926.856561546213925 ], [ 398788.504577822983265, 3780926.856561546213925 ], [ 398788.504577822983265, 3780927.161749745719135 ], [ 398788.80976602237206, 3780927.466937945224345 ], [ 398788.80976602237206, 3780928.992878941819072 ], [ 398788.504577822983265, 3780929.298067141324282 ], [ 398788.504577822983265, 3780929.603255340829492 ], [ 398788.19938962359447, 3780929.603255340829492 ], [ 398787.894201424205676, 3780929.908443540334702 ], [ 398778.738555442541838, 3780929.908443540334702 ] ] ] } },
{ "type": "Feature", "properties": { "confidence": 0.86191320419311523, "class": 1, "regularized": null }, "geometry": { "type": "Polygon", "coordinates": [ [ [ 398646.286876907397527, 3780755.035605289973319 ], [ 398645.981688708008733, 3780754.730417090468109 ], [ 398645.066124109842349, 3780754.730417090468109 ], [ 398644.45574771106476, 3780754.12004069192335 ], [ 398644.45574771106476, 3780753.81485249241814 ], [ 398643.540183112898376, 3780752.899287894368172 ], [ 398643.540183112898376, 3780750.152594099752605 ], [ 398644.150559511675965, 3780749.542217700742185 ], [ 398644.760935910453554, 3780749.542217700742185 ], [ 398645.066124109842349, 3780749.847405900247395 ], [ 398645.371312309231143, 3780749.847405900247395 ], [ 398645.981688708008733, 3780750.457782299257815 ], [ 398646.286876907397527, 3780750.457782299257815 ], [ 398646.59206510684453, 3780750.762970498297364 ], [ 398646.59206510684453, 3780751.068158697802573 ], [ 398647.202441505622119, 3780751.678535096812993 ], [ 398647.202441505622119, 3780752.288911495357752 ], [ 398646.897253306233324, 3780752.594099694862962 ], [ 398646.897253306233324, 3780754.425228890962899 ], [ 398646.286876907397527, 3780755.035605289973319 ] ] ] } },
{ "type": "Feature", "properties": { "confidence": 0.86076855659484863, "class": 1, "regularized": null }, "geometry": { "type": "Polygon", "coordinates": [ [ [ 398883.723296032578219, 3780856.358087487053126 ], [ 398883.418107833189424, 3780856.052899288013577 ], [ 398880.97660223802086, 3780856.052899288013577 ], [ 398880.671414038632065, 3780855.747711088508368 ], [ 398880.36622583924327, 3780855.747711088508368 ], [ 398880.36622583924327, 3780854.832146490458399 ], [ 398879.755849440465681, 3780854.221770091447979 ], [ 398879.755849440465681, 3780853.916581891942769 ], [ 398879.450661241076887, 3780853.611393692903221 ], [ 398879.450661241076887, 3780853.306205493398011 ], [ 398878.840284842299297, 3780852.695829094387591 ], [ 398878.840284842299297, 3780851.475076296832412 ], [ 398879.145473041688092, 3780851.169888097792864 ], [ 398879.145473041688092, 3780850.864699898287654 ], [ 398879.450661241076887, 3780850.559511698782444 ], [ 398879.450661241076887, 3780850.254323499277234 ], [ 398880.061037639854476, 3780849.643947100732476 ], [ 398887.080366225854959, 3780849.643947100732476 ], [ 398887.385554425243754, 3780849.949135300237685 ], [ 398887.385554425243754, 3780850.254323499277234 ], [ 398887.690742624632549, 3780850.559511698782444 ], [ 398887.690742624632549, 3780851.475076296832412 ], [ 398888.301119023410138, 3780852.085452695842832 ], [ 398888.301119023410138, 3780852.390640895348042 ], [ 398888.911495422187727, 3780853.001017293892801 ], [ 398889.216683621576522, 3780853.001017293892801 ], [ 398889.216683621576522, 3780853.306205493398011 ], [ 398889.521871820965316, 3780853.611393692903221 ], [ 398889.521871820965316, 3780853.916581891942769 ], [ 398889.827060020354111, 3780854.221770091447979 ], [ 398889.827060020354111, 3780854.526958290953189 ], [ 398890.132248219742905, 3780854.832146490458399 ], [ 398890.132248219742905, 3780855.137334689497948 ], [ 398888.911495422187727, 3780856.358087487053126 ], [ 398883.723296032578219, 3780856.358087487053126 ] ] ] } },
{ "type": "Feature", "properties": { "confidence": 0.86022299528121948, "class": 1, "regularized": null }, "geometry": { "type": "Polygon", "coordinates": [ [ [ 398621.261444557458162, 3780766.937945066019893 ], [ 398621.261444557458162, 3780766.632756866514683 ], [ 398620.956256358069368, 3780766.327568667475134 ], [ 398620.956256358069368, 3780762.970498473849148 ], [ 398621.261444557458162, 3780762.665310274809599 ], [ 398621.261444557458162, 3780760.834181078244001 ], [ 398622.177009155624546, 3780759.918616480194032 ], [ 398623.702950152568519, 3780759.918616480194032 ], [ 398624.008138351957314, 3780759.613428280688822 ], [ 398624.313326551346108, 3780759.918616480194032 ], [ 398624.923702950123698, 3780759.918616480194032 ], [ 398625.2288911495707, 3780760.223804679699242 ], [ 398625.2288911495707, 3780760.528992878738791 ], [ 398626.144455747737084, 3780761.444557477254421 ], [ 398626.754832146514673, 3780761.444557477254421 ], [ 398627.365208545292262, 3780760.834181078244001 ], [ 398627.670396744681057, 3780760.834181078244001 ], [ 398627.975584944069851, 3780760.528992878738791 ], [ 398631.332655137346592, 3780760.528992878738791 ], [ 398631.332655137346592, 3780760.834181078244001 ], [ 398631.637843336735386, 3780761.139369277749211 ], [ 398631.637843336735386, 3780763.580874872859567 ], [ 398631.332655137346592, 3780763.886063072364777 ], [ 398631.332655137346592, 3780764.496439470909536 ], [ 398631.027466937957797, 3780764.801627670414746 ], [ 398630.722278738569003, 3780764.496439470909536 ], [ 398629.501525941013824, 3780764.496439470909536 ], [ 398628.58596134284744, 3780765.412004068959504 ], [ 398628.280773143458646, 3780765.412004068959504 ], [ 398627.060020345903467, 3780766.632756866514683 ], [ 398626.449643947125878, 3780766.632756866514683 ], [ 398626.144455747737084, 3780766.937945066019893 ], [ 398621.261444557458162, 3780766.937945066019893 ] ] ] } },
{ "type": "Feature", "properties": { "confidence": 0.86007994413375854, "class": 1, "regularized": null }, "geometry": { "type": "Polygon", "coordinates": [ [ [ 398885.554425228910986, 3781087.385554425418377 ], [ 398885.249237029522192, 3781087.080366225913167 ], [ 398883.11291963380063, 3781087.080366225913167 ], [ 398882.807731434411835, 3781086.775178026407957 ], [ 398882.197355035634246, 3781086.775178026407957 ], [ 398881.892166836187243, 3781086.469989826902747 ], [ 398881.892166836187243, 3781084.63886063080281 ], [ 398881.586978636798449, 3781084.3336724312976 ], [ 398881.586978636798449, 3781078.840284842532128 ], [ 398881.892166836187243, 3781078.535096643026918 ], [ 398881.892166836187243, 3781077.924720244016498 ], [ 398882.197355035634246, 3781077.924720244016498 ], [ 398882.807731434411835, 3781077.31434384547174 ], [ 398883.723296032578219, 3781077.31434384547174 ], [ 398884.028484231967013, 3781077.00915564596653 ], [ 398888.606307222798932, 3781077.00915564596653 ], [ 398888.911495422187727, 3781077.31434384547174 ], [ 398888.911495422187727, 3781081.281790437642485 ], [ 398888.606307222798932, 3781081.586978636682034 ], [ 398888.606307222798932, 3781081.892166836187243 ], [ 398888.301119023410138, 3781082.197355035692453 ], [ 398888.301119023410138, 3781082.502543235197663 ], [ 398887.995930824021343, 3781082.807731434237212 ], [ 398887.995930824021343, 3781083.418107833247632 ], [ 398887.690742624632549, 3781083.723296032752842 ], [ 398887.690742624632549, 3781084.02848423179239 ], [ 398887.385554425243754, 3781084.3336724312976 ], [ 398887.385554425243754, 3781087.080366225913167 ], [ 398886.46998982707737, 3781087.080366225913167 ], [ 398886.164801627688576, 3781087.385554425418377 ], [ 398885.554425228910986, 3781087.385554425418377 ] ] ] } },
{ "type": "Feature", "properties": { "confidence": 0.85810708999633789, "class": 1, "regularized": null }, "geometry": { "type": "Polygon", "coordinates": [ [ [ 398648.728382502566092, 3780846.28687690757215 ], [ 398648.728382502566092, 3780843.540183112956583 ], [ 398648.423194303177297, 3780843.234994913451374 ], [ 398647.812817904399708, 3780843.234994913451374 ], [ 398647.507629705010913, 3780842.929806713946164 ], [ 398646.59206510684453, 3780842.929806713946164 ], [ 398645.981688708008733, 3780842.319430315401405 ], [ 398646.286876907397527, 3780842.014242115896195 ], [ 398646.286876907397527, 3780841.098677517846227 ], [ 398646.59206510684453, 3780840.793489318341017 ], [ 398646.59206510684453, 3780840.183112919796258 ], [ 398647.202441505622119, 3780839.572736520785838 ], [ 398647.507629705010913, 3780839.572736520785838 ], [ 398648.423194303177297, 3780838.65717192273587 ], [ 398648.728382502566092, 3780838.65717192273587 ], [ 398649.338758901343681, 3780838.04679552372545 ], [ 398649.643947100732476, 3780838.04679552372545 ], [ 398649.94913530012127, 3780837.741607324685901 ], [ 398655.442522889119573, 3780837.741607324685901 ], [ 398655.747711088508368, 3780838.04679552372545 ], [ 398655.747711088508368, 3780838.65717192273587 ], [ 398656.052899287897162, 3780838.96236012224108 ], [ 398656.052899287897162, 3780841.403865717351437 ], [ 398655.747711088508368, 3780841.709053916390985 ], [ 398655.747711088508368, 3780842.014242115896195 ], [ 398655.137334689730778, 3780842.624618514906615 ], [ 398654.526958290953189, 3780842.624618514906615 ], [ 398654.221770091564395, 3780842.929806713946164 ], [ 398654.221770091564395, 3780843.540183112956583 ], [ 398653.9165818921756, 3780843.845371312461793 ], [ 398653.9165818921756, 3780845.67650050856173 ], [ 398654.221770091564395, 3780845.98168870806694 ], [ 398653.9165818921756, 3780846.28687690757215 ], [ 398648.728382502566092, 3780846.28687690757215 ] ] ] } },
{ "type": "Feature", "properties": { "confidence": 0.85808181762695312, "class": 1, "regularized": null }, "geometry": { "type": "Polygon", "coordinates": [ [ [ 398526.347914547310211, 3780779.145473041571677 ], [ 398526.042726347921416, 3780778.840284842532128 ], [ 398525.737538148532622, 3780778.840284842532128 ], [ 398525.432349949143827, 3780778.535096643026918 ], [ 398525.737538148532622, 3780778.229908443521708 ], [ 398525.737538148532622, 3780777.61953204497695 ], [ 398525.127161749755032, 3780777.00915564596653 ], [ 398525.127161749755032, 3780776.398779247421771 ], [ 398524.821973550366238, 3780776.093591047916561 ], [ 398524.821973550366238, 3780773.346897253300995 ], [ 398525.127161749755032, 3780773.041709053795785 ], [ 398531.230925737530924, 3780773.041709053795785 ], [ 398531.536113936919719, 3780773.346897253300995 ], [ 398531.841302136308514, 3780773.346897253300995 ], [ 398531.841302136308514, 3780773.957273652311414 ], [ 398532.146490335697308, 3780774.262461851350963 ], [ 398532.146490335697308, 3780774.872838250361383 ], [ 398532.451678535086103, 3780775.178026449866593 ], [ 398532.451678535086103, 3780777.31434384547174 ], [ 398532.146490335697308, 3780777.61953204497695 ], [ 398532.146490335697308, 3780778.229908443521708 ], [ 398531.536113936919719, 3780778.840284842532128 ], [ 398530.620549338753335, 3780778.840284842532128 ], [ 398530.315361139364541, 3780779.145473041571677 ], [ 398526.347914547310211, 3780779.145473041571677 ] ] ] } },
{ "type": "Feature", "properties": { "confidence": 0.85765767097473145, "class": 1, "regularized": null }, "geometry": { "type": "Polygon", "coordinates": [ [ [ 398787.283825025428087, 3780840.793489318341017 ], [ 398786.673448626650497, 3780840.183112919796258 ], [ 398786.368260427261703, 3780840.183112919796258 ], [ 398786.063072227872908, 3780839.877924720291048 ], [ 398785.757884028484114, 3780839.877924720291048 ], [ 398785.452695829095319, 3780839.572736520785838 ], [ 398784.84231943031773, 3780839.572736520785838 ], [ 398784.537131230928935, 3780839.267548321280628 ], [ 398782.400813835207373, 3780839.267548321280628 ], [ 398782.095625635818578, 3780838.96236012224108 ], [ 398780.264496439485811, 3780838.96236012224108 ], [ 398779.959308240097016, 3780838.65717192273587 ], [ 398778.128179043764248, 3780838.65717192273587 ], [ 398777.822990844375454, 3780838.35198372323066 ], [ 398775.686673448653892, 3780838.35198372323066 ], [ 398775.381485249265097, 3780838.04679552372545 ], [ 398775.076297049876302, 3780838.04679552372545 ], [ 398775.076297049876302, 3780837.741607324685901 ], [ 398774.7711088504293, 3780837.436419125180691 ], [ 398774.7711088504293, 3780834.384537131059915 ], [ 398782.706002034596168, 3780834.384537131059915 ], [ 398783.011190233984962, 3780834.079348932020366 ], [ 398783.316378433373757, 3780834.384537131059915 ], [ 398787.894201424205676, 3780834.384537131059915 ], [ 398788.19938962359447, 3780834.079348932020366 ], [ 398790.335707019316033, 3780834.079348932020366 ], [ 398790.335707019316033, 3780839.267548321280628 ], [ 398790.030518819927238, 3780839.267548321280628 ], [ 398789.725330620538443, 3780839.572736520785838 ], [ 398789.725330620538443, 3780839.877924720291048 ], [ 398789.420142421149649, 3780840.183112919796258 ], [ 398789.420142421149649, 3780840.793489318341017 ], [ 398787.283825025428087, 3780840.793489318341017 ] ] ] } },
{ "type": "Feature", "properties": { "confidence": 0.8565824031829834, "class": 1, "regularized": null }, "geometry": { "type": "Polygon", "coordinates": [ [ [ 398835.198372329585254, 3781082.807731434237212 ], [ 398835.198372329585254, 3781081.586978636682034 ], [ 398834.89318413019646, 3781081.281790437642485 ], [ 398835.198372329585254, 3781080.976602238137275 ], [ 398835.198372329585254, 3781079.755849440582097 ], [ 398835.503560528974049, 3781079.755849440582097 ], [ 398835.808748728362843, 3781079.450661241076887 ], [ 398837.029501525918022, 3781079.450661241076887 ], [ 398837.334689725306816, 3781079.145473041571677 ], [ 398839.165818921639584, 3781079.145473041571677 ], [ 398839.471007121086586, 3781078.840284842532128 ], [ 398839.776195320475381, 3781078.840284842532128 ], [ 398840.38657171925297, 3781078.229908443521708 ], [ 398840.691759918641765, 3781078.229908443521708 ], [ 398841.302136317419354, 3781077.61953204497695 ], [ 398842.522889114974532, 3781077.61953204497695 ], [ 398842.828077314363327, 3781077.924720244016498 ], [ 398843.743641912529711, 3781077.924720244016498 ], [ 398844.048830111918505, 3781078.229908443521708 ], [ 398844.3540183113073, 3781078.229908443521708 ], [ 398844.3540183113073, 3781078.840284842532128 ], [ 398844.659206510696094, 3781079.145473041571677 ], [ 398844.964394710084889, 3781079.145473041571677 ], [ 398845.269582909473684, 3781079.450661241076887 ], [ 398845.574771108862478, 3781079.450661241076887 ], [ 398845.879959308251273, 3781079.755849440582097 ], [ 398845.574771108862478, 3781079.755849440582097 ], [ 398845.269582909473684, 3781080.061037640087306 ], [ 398845.269582909473684, 3781082.807731434237212 ], [ 398835.198372329585254, 3781082.807731434237212 ] ] ] } },
{ "type": "Feature", "properties": { "confidence": 0.85653752088546753, "class": 1, "regularized": null }, "geometry": { "type": "Polygon", "coordinates": [ [ [ 398535.503560528974049, 3780865.818921668455005 ], [ 398535.198372329585254, 3780865.513733468949795 ], [ 398534.587995930807665, 3780865.513733468949795 ], [ 398534.587995930807665, 3780865.208545269444585 ], [ 398534.28280773141887, 3780864.903357070405036 ], [ 398534.28280773141887, 3780864.598168870899826 ], [ 398533.367243133252487, 3780863.682604272849858 ], [ 398533.367243133252487, 3780862.767039674334228 ], [ 398533.672431332641281, 3780862.461851475294679 ], [ 398533.672431332641281, 3780862.156663275789469 ], [ 398533.977619532030076, 3780862.156663275789469 ], [ 398534.587995930807665, 3780861.54628687677905 ], [ 398534.89318413019646, 3780861.54628687677905 ], [ 398535.198372329585254, 3780861.241098677739501 ], [ 398535.503560528974049, 3780861.241098677739501 ], [ 398537.029501525918022, 3780859.715157680679113 ], [ 398540.081383519864175, 3780859.715157680679113 ], [ 398540.38657171925297, 3780860.020345880184323 ], [ 398540.38657171925297, 3780860.325534079223871 ], [ 398540.691759918641765, 3780860.630722278729081 ], [ 398540.691759918641765, 3780860.935910478234291 ], [ 398540.996948118030559, 3780861.241098677739501 ], [ 398540.996948118030559, 3780861.54628687677905 ], [ 398541.302136317419354, 3780861.85147507628426 ], [ 398541.302136317419354, 3780863.682604272849858 ], [ 398540.996948118030559, 3780863.987792471889406 ], [ 398540.691759918641765, 3780863.987792471889406 ], [ 398540.38657171925297, 3780864.292980671394616 ], [ 398539.776195320475381, 3780864.292980671394616 ], [ 398539.471007121086586, 3780864.598168870899826 ], [ 398539.165818921639584, 3780864.598168870899826 ], [ 398538.860630722250789, 3780864.903357070405036 ], [ 398538.555442522861995, 3780864.903357070405036 ], [ 398537.945066124084406, 3780865.513733468949795 ], [ 398536.113936927751638, 3780865.513733468949795 ], [ 398535.808748728362843, 3780865.818921668455005 ], [ 398535.503560528974049, 3780865.818921668455005 ] ] ] } },
{ "type": "Feature", "properties": { "confidence": 0.85578691959381104, "class": 1, "regularized": null }, "geometry": { "type": "Polygon", "coordinates": [ [ [ 398538.2502543234732, 3780993.692777212709188 ], [ 398537.945066124084406, 3780993.387589013203979 ], [ 398537.334689725306816, 3780993.387589013203979 ], [ 398536.724313326529227, 3780992.77721261465922 ], [ 398536.724313326529227, 3780992.47202441515401 ], [ 398535.808748728362843, 3780991.556459817104042 ], [ 398535.808748728362843, 3780991.251271617598832 ], [ 398535.503560528974049, 3780990.946083418093622 ], [ 398535.503560528974049, 3780990.030518820043653 ], [ 398535.198372329585254, 3780989.725330620538443 ], [ 398535.198372329585254, 3780989.420142421033233 ], [ 398535.808748728362843, 3780988.809766022488475 ], [ 398537.334689725306816, 3780988.809766022488475 ], [ 398537.639877924695611, 3780988.504577822983265 ], [ 398544.964394710084889, 3780988.504577822983265 ], [ 398545.269582909473684, 3780988.809766022488475 ], [ 398545.269582909473684, 3780989.114954221993685 ], [ 398545.574771108862478, 3780989.420142421033233 ], [ 398545.574771108862478, 3780989.725330620538443 ], [ 398545.879959308251273, 3780990.030518820043653 ], [ 398545.879959308251273, 3780992.1668362156488 ], [ 398545.574771108862478, 3780992.47202441515401 ], [ 398545.574771108862478, 3780993.082400813698769 ], [ 398544.048830111918505, 3780993.082400813698769 ], [ 398543.743641912529711, 3780993.387589013203979 ], [ 398543.438453713140916, 3780993.082400813698769 ], [ 398541.302136317419354, 3780993.082400813698769 ], [ 398540.996948118030559, 3780993.387589013203979 ], [ 398539.165818921639584, 3780993.387589013203979 ], [ 398538.860630722250789, 3780993.692777212709188 ], [ 398538.2502543234732, 3780993.692777212709188 ] ] ] } },
{ "type": "Feature", "properties": { "confidence": 0.85155493021011353, "class": 1, "regularized": null }, "geometry": { "type": "Polygon", "coordinates": [ [ [ 398570.905391658190638, 3780747.100712105631828 ], [ 398570.600203458801843, 3780746.79552390659228 ], [ 398567.853509664302692, 3780746.79552390659228 ], [ 398567.548321464913897, 3780746.49033570708707 ], [ 398567.548321464913897, 3780745.269582909531891 ], [ 398567.853509664302692, 3780744.964394710026681 ], [ 398567.853509664302692, 3780744.659206510521472 ], [ 398568.158697863691486, 3780744.354018311481923 ], [ 398568.158697863691486, 3780744.048830111976713 ], [ 398568.769074262469076, 3780743.438453712966293 ], [ 398569.07426246185787, 3780743.438453712966293 ], [ 398570.295015259413049, 3780742.217700915411115 ], [ 398570.600203458801843, 3780742.217700915411115 ], [ 398570.905391658190638, 3780741.912512716371566 ], [ 398574.262461851467378, 3780741.912512716371566 ], [ 398574.567650050856173, 3780742.217700915411115 ], [ 398575.788402848411351, 3780742.217700915411115 ], [ 398576.093591047800146, 3780742.522889114916325 ], [ 398576.398779247188941, 3780742.522889114916325 ], [ 398576.703967446577735, 3780742.828077314421535 ], [ 398576.703967446577735, 3780743.438453712966293 ], [ 398577.00915564596653, 3780743.743641912471503 ], [ 398577.00915564596653, 3780744.659206510521472 ], [ 398576.703967446577735, 3780744.964394710026681 ], [ 398576.703967446577735, 3780745.574771109037101 ], [ 398576.398779247188941, 3780745.87995930807665 ], [ 398576.093591047800146, 3780745.87995930807665 ], [ 398575.788402848411351, 3780746.18514750758186 ], [ 398575.483214649022557, 3780746.18514750758186 ], [ 398575.178026449633762, 3780746.49033570708707 ], [ 398574.872838250244968, 3780746.49033570708707 ], [ 398574.567650050856173, 3780746.79552390659228 ], [ 398574.262461851467378, 3780746.79552390659228 ], [ 398573.957273652078584, 3780747.100712105631828 ], [ 398570.905391658190638, 3780747.100712105631828 ] ] ] } },
{ "type": "Feature", "properties": { "confidence": 0.85133194923400879, "class": 1, "regularized": null }, "geometry": { "type": "Polygon", "coordinates": [ [ [ 398509.257375381479505, 3780848.423194303177297 ], [ 398509.257375381479505, 3780848.118006103672087 ], [ 398508.646998982701916, 3780847.507629705127329 ], [ 398508.646998982701916, 3780845.37131230905652 ], [ 398508.952187182090711, 3780845.066124110016972 ], [ 398508.952187182090711, 3780843.845371312461793 ], [ 398509.257375381479505, 3780843.540183112956583 ], [ 398509.257375381479505, 3780843.234994913451374 ], [ 398509.5625635808683, 3780842.929806713946164 ], [ 398509.5625635808683, 3780842.014242115896195 ], [ 398509.867751780257095, 3780841.709053916390985 ], [ 398509.867751780257095, 3780841.403865717351437 ], [ 398510.172939979645889, 3780841.098677517846227 ], [ 398511.088504577812273, 3780841.098677517846227 ], [ 398511.393692777201068, 3780840.793489318341017 ], [ 398512.919633774145041, 3780840.793489318341017 ], [ 398513.224821973533835, 3780840.488301118835807 ], [ 398515.055951169866603, 3780840.488301118835807 ], [ 398515.361139369255397, 3780840.793489318341017 ], [ 398515.361139369255397, 3780842.624618514906615 ], [ 398515.055951169866603, 3780842.929806713946164 ], [ 398515.055951169866603, 3780844.150559511501342 ], [ 398514.750762970477808, 3780844.455747711006552 ], [ 398514.750762970477808, 3780844.760935910511762 ], [ 398514.140386571700219, 3780845.37131230905652 ], [ 398514.140386571700219, 3780845.67650050856173 ], [ 398513.835198372311424, 3780845.98168870806694 ], [ 398513.835198372311424, 3780846.592065106611699 ], [ 398513.224821973533835, 3780847.202441505622119 ], [ 398513.224821973533835, 3780847.507629705127329 ], [ 398512.919633774145041, 3780847.507629705127329 ], [ 398512.614445574756246, 3780847.812817904166877 ], [ 398511.393692777201068, 3780847.812817904166877 ], [ 398511.088504577812273, 3780848.118006103672087 ], [ 398511.088504577812273, 3780848.423194303177297 ], [ 398509.257375381479505, 3780848.423194303177297 ] ] ] } },
{ "type": "Feature", "properties": { "confidence": 0.84918725490570068, "class": 1, "regularized": null }, "geometry": { "type": "Polygon", "coordinates": [ [ [ 398405.798575788387097, 3780870.396744659170508 ], [ 398405.493387588998303, 3780870.091556459665298 ], [ 398404.883011190220714, 3780870.091556459665298 ], [ 398404.883011190220714, 3780866.734486266504973 ], [ 398404.577822990831919, 3780866.429298066999763 ], [ 398404.577822990831919, 3780864.292980671394616 ], [ 398408.850457782275043, 3780864.292980671394616 ], [ 398408.850457782275043, 3780867.650050864554942 ], [ 398409.155645981663838, 3780867.955239064060152 ], [ 398409.155645981663838, 3780868.87080366211012 ], [ 398409.460834181052633, 3780869.17599186161533 ], [ 398409.460834181052633, 3780870.091556459665298 ], [ 398409.155645981663838, 3780870.091556459665298 ], [ 398408.850457782275043, 3780870.396744659170508 ], [ 398405.798575788387097, 3780870.396744659170508 ] ] ] } },
{ "type": "Feature", "properties": { "confidence": 0.84308820962905884, "class": 1, "regularized": null }, "geometry": { "type": "Polygon", "coordinates": [ [ [ 398492.1668362156488, 3780755.035605289973319 ], [ 398492.1668362156488, 3780753.50966429291293 ], [ 398493.387589013203979, 3780752.288911495357752 ], [ 398493.692777212592773, 3780752.288911495357752 ], [ 398494.608341810759157, 3780751.373346897307783 ], [ 398494.608341810759157, 3780750.457782299257815 ], [ 398494.913530010147952, 3780750.152594099752605 ], [ 398496.744659206538927, 3780750.152594099752605 ], [ 398497.355035605316516, 3780750.762970498297364 ], [ 398497.355035605316516, 3780751.068158697802573 ], [ 398497.660223804705311, 3780751.373346897307783 ], [ 398497.660223804705311, 3780752.288911495357752 ], [ 398497.965412004094105, 3780752.594099694862962 ], [ 398497.965412004094105, 3780753.50966429291293 ], [ 398497.660223804705311, 3780753.81485249241814 ], [ 398497.660223804705311, 3780754.425228890962899 ], [ 398497.355035605316516, 3780754.730417090468109 ], [ 398497.049847405927721, 3780754.730417090468109 ], [ 398496.744659206538927, 3780755.035605289973319 ], [ 398492.1668362156488, 3780755.035605289973319 ] ] ] } },
{ "type": "Feature", "properties": { "confidence": 0.84253180027008057, "class": 1, "regularized": null }, "geometry": { "type": "Polygon", "coordinates": [ [ [ 398907.222787385573611, 3780915.259409969672561 ], [ 398906.917599186184816, 3780914.954221770167351 ], [ 398905.391658189240843, 3780914.954221770167351 ], [ 398905.086469989852048, 3780914.649033570662141 ], [ 398904.781281790463254, 3780914.649033570662141 ], [ 398904.781281790463254, 3780914.343845371156931 ], [ 398904.476093591074459, 3780914.038657172117382 ], [ 398904.476093591074459, 3780911.597151577007025 ], [ 398904.170905391685665, 3780911.291963377501816 ], [ 398904.170905391685665, 3780910.986775177996606 ], [ 398904.476093591074459, 3780910.681586978491396 ], [ 398904.476093591074459, 3780909.766022380441427 ], [ 398904.781281790463254, 3780909.766022380441427 ], [ 398905.086469989852048, 3780909.460834180936217 ], [ 398905.391658189240843, 3780909.460834180936217 ], [ 398905.391658189240843, 3780910.071210579946637 ], [ 398905.696846388629638, 3780910.376398779451847 ], [ 398906.307222787407227, 3780910.376398779451847 ], [ 398906.612410986796021, 3780910.071210579946637 ], [ 398906.612410986796021, 3780909.766022380441427 ], [ 398906.917599186184816, 3780909.766022380441427 ], [ 398907.222787385573611, 3780909.460834180936217 ], [ 398907.527975584962405, 3780909.460834180936217 ], [ 398907.527975584962405, 3780915.259409969672561 ], [ 398907.222787385573611, 3780915.259409969672561 ] ] ] } },
{ "type": "Feature", "properties": { "confidence": 0.83932614326477051, "class": 1, "regularized": null }, "geometry": { "type": "Polygon", "coordinates": [ [ [ 398529.094608341809362, 3780661.03763987775892 ], [ 398528.789420142420568, 3780660.732451678719372 ], [ 398528.484231943031773, 3780660.732451678719372 ], [ 398527.873855544254184, 3780660.122075279708952 ], [ 398527.873855544254184, 3780658.596134282648563 ], [ 398527.568667344865389, 3780658.290946083609015 ], [ 398527.568667344865389, 3780654.933875889983028 ], [ 398527.873855544254184, 3780654.62868769094348 ], [ 398528.179043743642978, 3780654.62868769094348 ], [ 398528.484231943031773, 3780654.933875889983028 ], [ 398530.010172939975746, 3780654.933875889983028 ], [ 398530.315361139364541, 3780655.239064089488238 ], [ 398530.620549338753335, 3780655.239064089488238 ], [ 398531.536113936919719, 3780656.154628687538207 ], [ 398531.536113936919719, 3780657.070193286053836 ], [ 398531.841302136308514, 3780657.375381485093385 ], [ 398531.841302136308514, 3780660.122075279708952 ], [ 398531.536113936919719, 3780660.427263479214162 ], [ 398531.536113936919719, 3780661.03763987775892 ], [ 398529.094608341809362, 3780661.03763987775892 ] ] ] } },
{ "type": "Feature", "properties": { "confidence": 0.83832693099975586, "class": 1, "regularized": null }, "geometry": { "type": "Polygon", "coordinates": [ [ [ 398983.214649033558089, 3780697.355035605374724 ], [ 398982.909460834169295, 3780697.049847405869514 ], [ 398981.383519837225322, 3780697.049847405869514 ], [ 398981.078331637836527, 3780696.744659206364304 ], [ 398981.383519837225322, 3780696.439471007324755 ], [ 398981.383519837225322, 3780696.134282807819545 ], [ 398981.688708036614116, 3780695.829094608314335 ], [ 398981.688708036614116, 3780694.913530010264367 ], [ 398981.993896236002911, 3780694.608341810759157 ], [ 398981.993896236002911, 3780692.47202441515401 ], [ 398993.896236012224108, 3780692.47202441515401 ], [ 398993.896236012224108, 3780695.523906408809125 ], [ 398993.285859613446519, 3780696.134282807819545 ], [ 398992.67548321466893, 3780696.134282807819545 ], [ 398992.370295015280135, 3780696.439471007324755 ], [ 398991.149542217724957, 3780696.439471007324755 ], [ 398990.844354018336162, 3780696.744659206364304 ], [ 398988.097660223778803, 3780696.744659206364304 ], [ 398987.792472024390008, 3780697.049847405869514 ], [ 398983.825025432335678, 3780697.049847405869514 ], [ 398983.519837232946884, 3780697.355035605374724 ], [ 398983.214649033558089, 3780697.355035605374724 ] ] ] } },
{ "type": "Feature", "properties": { "confidence": 0.83518326282501221, "class": 1, "regularized": null }, "geometry": { "type": "Polygon", "coordinates": [ [ [ 398840.38657171925297, 3781178.026449644006789 ], [ 398840.081383519864175, 3781177.721261444501579 ], [ 398838.555442522861995, 3781177.721261444501579 ], [ 398838.2502543234732, 3781177.416073244996369 ], [ 398837.945066124084406, 3781177.416073244996369 ], [ 398837.945066124084406, 3781173.448626653291285 ], [ 398838.2502543234732, 3781173.143438453786075 ], [ 398839.165818921639584, 3781173.143438453786075 ], [ 398839.471007121086586, 3781172.838250254280865 ], [ 398839.776195320475381, 3781172.838250254280865 ], [ 398840.691759918641765, 3781171.922685656230897 ], [ 398840.996948118030559, 3781171.922685656230897 ], [ 398842.217700915585738, 3781170.701932858675718 ], [ 398842.217700915585738, 3781170.396744659170508 ], [ 398842.828077314363327, 3781169.78636826062575 ], [ 398842.828077314363327, 3781169.48118006112054 ], [ 398843.133265513752121, 3781169.17599186161533 ], [ 398843.133265513752121, 3781168.87080366211012 ], [ 398843.438453713140916, 3781168.565615463070571 ], [ 398843.743641912529711, 3781168.565615463070571 ], [ 398844.048830111918505, 3781168.260427263565361 ], [ 398844.3540183113073, 3781168.260427263565361 ], [ 398844.659206510696094, 3781167.955239064060152 ], [ 398844.964394710084889, 3781167.955239064060152 ], [ 398845.269582909473684, 3781168.260427263565361 ], [ 398845.574771108862478, 3781168.260427263565361 ], [ 398846.185147507640067, 3781168.87080366211012 ], [ 398846.185147507640067, 3781170.091556459665298 ], [ 398846.490335707028862, 3781170.396744659170508 ], [ 398846.490335707028862, 3781172.227873855736107 ], [ 398846.185147507640067, 3781172.533062054775655 ], [ 398846.185147507640067, 3781173.448626653291285 ], [ 398845.574771108862478, 3781174.059003051836044 ], [ 398845.574771108862478, 3781174.364191251341254 ], [ 398845.269582909473684, 3781174.669379450846463 ], [ 398845.269582909473684, 3781174.974567649886012 ], [ 398844.964394710084889, 3781175.279755849391222 ], [ 398844.964394710084889, 3781175.890132248401642 ], [ 398844.659206510696094, 3781176.19532044744119 ], [ 398844.659206510696094, 3781177.416073244996369 ], [ 398844.3540183113073, 3781177.721261444501579 ], [ 398843.133265513752121, 3781177.721261444501579 ], [ 398842.828077314363327, 3781178.026449644006789 ], [ 398840.38657171925297, 3781178.026449644006789 ] ] ] } },
{ "type": "Feature", "properties": { "confidence": 0.83503627777099609, "class": 1, "regularized": null }, "geometry": { "type": "Polygon", "coordinates": [ [ [ 398899.898270600184333, 3781074.567650050856173 ], [ 398899.593082400795538, 3781074.262461851350963 ], [ 398899.287894201406743, 3781074.262461851350963 ], [ 398898.982706002017949, 3781073.957273652311414 ], [ 398898.982706002017949, 3781067.243133265525103 ], [ 398899.287894201406743, 3781066.937945066019893 ], [ 398899.287894201406743, 3781066.632756866514683 ], [ 398900.203458799573127, 3781066.632756866514683 ], [ 398900.508646998961922, 3781066.937945066019893 ], [ 398904.170905391685665, 3781066.937945066019893 ], [ 398904.476093591074459, 3781067.243133265525103 ], [ 398904.476093591074459, 3781073.652085452806205 ], [ 398904.170905391685665, 3781073.957273652311414 ], [ 398904.170905391685665, 3781074.262461851350963 ], [ 398902.034587995905895, 3781074.262461851350963 ], [ 398901.7293997965171, 3781074.567650050856173 ], [ 398899.898270600184333, 3781074.567650050856173 ] ] ] } },
{ "type": "Feature", "properties": { "confidence": 0.83133482933044434, "class": 1, "regularized": null }, "geometry": { "type": "Polygon", "coordinates": [ [ [ 398568.769074262469076, 3780753.20447609340772 ], [ 398568.463886063080281, 3780752.899287894368172 ], [ 398567.853509664302692, 3780752.899287894368172 ], [ 398567.548321464913897, 3780752.594099694862962 ], [ 398567.243133265525103, 3780752.594099694862962 ], [ 398567.243133265525103, 3780752.288911495357752 ], [ 398566.937945066136308, 3780751.983723295852542 ], [ 398566.022380467969924, 3780751.983723295852542 ], [ 398565.71719226858113, 3780751.678535096812993 ], [ 398565.10681586980354, 3780751.678535096812993 ], [ 398564.801627670414746, 3780751.373346897307783 ], [ 398564.801627670414746, 3780750.762970498297364 ], [ 398565.10681586980354, 3780750.457782299257815 ], [ 398565.10681586980354, 3780749.542217700742185 ], [ 398565.412004069192335, 3780749.542217700742185 ], [ 398565.71719226858113, 3780749.237029501702636 ], [ 398566.022380467969924, 3780749.237029501702636 ], [ 398566.632756866747513, 3780748.626653102692217 ], [ 398566.632756866747513, 3780748.321464903187007 ], [ 398566.937945066136308, 3780748.321464903187007 ], [ 398567.243133265525103, 3780748.016276704147458 ], [ 398567.243133265525103, 3780747.711088504642248 ], [ 398568.158697863691486, 3780747.711088504642248 ], [ 398568.769074262469076, 3780748.321464903187007 ], [ 398568.769074262469076, 3780748.626653102692217 ], [ 398569.07426246185787, 3780748.931841302197427 ], [ 398569.989827060024254, 3780748.931841302197427 ], [ 398570.295015259413049, 3780749.237029501702636 ], [ 398572.431332655134611, 3780749.237029501702636 ], [ 398572.736520854523405, 3780749.542217700742185 ], [ 398573.652085452689789, 3780749.542217700742185 ], [ 398573.957273652078584, 3780749.847405900247395 ], [ 398573.957273652078584, 3780750.152594099752605 ], [ 398574.262461851467378, 3780750.457782299257815 ], [ 398574.262461851467378, 3780751.068158697802573 ], [ 398573.957273652078584, 3780751.373346897307783 ], [ 398573.957273652078584, 3780752.899287894368172 ], [ 398573.652085452689789, 3780752.899287894368172 ], [ 398573.346897253300995, 3780753.20447609340772 ], [ 398568.769074262469076, 3780753.20447609340772 ] ] ] } },
{ "type": "Feature", "properties": { "confidence": 0.83000916242599487, "class": 1, "regularized": null }, "geometry": { "type": "Polygon", "coordinates": [ [ [ 398436.622583926771767, 3781095.015259409788996 ], [ 398436.317395727382973, 3781094.710071210749447 ], [ 398436.012207527994178, 3781094.710071210749447 ], [ 398436.012207527994178, 3781094.404883011244237 ], [ 398435.096642929827794, 3781093.489318413194269 ], [ 398433.265513733495027, 3781093.489318413194269 ], [ 398432.960325534106232, 3781093.184130213689059 ], [ 398432.960325534106232, 3781090.132248219568282 ], [ 398433.265513733495027, 3781089.827060020528734 ], [ 398438.75890132249333, 3781089.827060020528734 ], [ 398439.064089521882124, 3781089.521871821023524 ], [ 398442.421159715158865, 3781089.521871821023524 ], [ 398442.421159715158865, 3781091.353001017123461 ], [ 398442.726347914547659, 3781091.658189216628671 ], [ 398442.726347914547659, 3781094.710071210749447 ], [ 398442.421159715158865, 3781094.710071210749447 ], [ 398442.11597151577007, 3781095.015259409788996 ], [ 398436.622583926771767, 3781095.015259409788996 ] ] ] } },
{ "type": "Feature", "properties": { "confidence": 0.82594311237335205, "class": 1, "regularized": "rectangle" }, "geometry": { "type": "Polygon", "coordinates": [ [ [ 398890.4375, 3780726.0 ], [ 398906.9375, 3780726.0 ], [ 398906.9375, 3780735.0 ], [ 398890.4375, 3780735.0 ], [ 398890.4375, 3780726.0 ] ] ] } },
{ "type": "Feature", "properties": { "confidence": 0.82274198532104492, "class": 1, "regularized": null }, "geometry": { "type": "Polygon", "coordinates": [ [ [ 398634.994913530012127, 3780898.168870803434402 ], [ 398634.994913530012127, 3780893.591047812718898 ], [ 398635.910478128178511, 3780893.591047812718898 ], [ 398636.215666327567305, 3780893.285859613213688 ], [ 398636.215666327567305, 3780892.06510681565851 ], [ 398635.910478128178511, 3780891.759918616618961 ], [ 398635.910478128178511, 3780890.844354018103331 ], [ 398635.605289928789716, 3780890.539165819063783 ], [ 398636.215666327567305, 3780889.928789420053363 ], [ 398636.215666327567305, 3780889.318413021508604 ], [ 398636.5208545269561, 3780889.013224822003394 ], [ 398636.5208545269561, 3780888.708036622498184 ], [ 398636.826042726344895, 3780888.708036622498184 ], [ 398637.741607324511278, 3780887.792472024448216 ], [ 398637.741607324511278, 3780887.487283824943006 ], [ 398638.351983723288868, 3780887.487283824943006 ], [ 398638.657171922677662, 3780887.792472024448216 ], [ 398638.657171922677662, 3780889.623601220548153 ], [ 398638.962360122066457, 3780889.928789420053363 ], [ 398638.962360122066457, 3780890.539165819063783 ], [ 398639.572736520844046, 3780891.149542217608541 ], [ 398639.572736520844046, 3780891.454730417113751 ], [ 398639.877924720232841, 3780891.759918616618961 ], [ 398639.877924720232841, 3780896.642929806839675 ], [ 398639.572736520844046, 3780896.948118005879223 ], [ 398639.267548321455251, 3780896.948118005879223 ], [ 398638.962360122066457, 3780897.253306205384433 ], [ 398638.351983723288868, 3780897.253306205384433 ], [ 398638.046795523900073, 3780897.558494404889643 ], [ 398637.436419125122484, 3780897.558494404889643 ], [ 398637.131230925733689, 3780897.863682604394853 ], [ 398636.215666327567305, 3780897.863682604394853 ], [ 398635.910478128178511, 3780898.168870803434402 ], [ 398634.994913530012127, 3780898.168870803434402 ] ] ] } },
{ "type": "Feature", "properties": { "confidence": 0.81915712356567383, "class": 1, "regularized": null }, "geometry": { "type": "Polygon", "coordinates": [ [ [ 398668.870803662284743, 3781082.197355035692453 ], [ 398668.565615462895948, 3781081.892166836187243 ], [ 398667.955239064118359, 3781081.892166836187243 ], [ 398667.955239064118359, 3781081.281790437642485 ], [ 398667.039674465893768, 3781080.366225839126855 ], [ 398667.039674465893768, 3781076.093591047916561 ], [ 398667.344862665282562, 3781076.093591047916561 ], [ 398667.650050864671357, 3781075.788402848411351 ], [ 398671.007121058006305, 3781075.788402848411351 ], [ 398671.922685656172689, 3781074.872838250361383 ], [ 398671.922685656172689, 3781073.957273652311414 ], [ 398672.533062054950278, 3781073.346897253300995 ], [ 398678.63682604272617, 3781073.346897253300995 ], [ 398678.942014242114965, 3781073.652085452806205 ], [ 398678.942014242114965, 3781075.178026449866593 ], [ 398679.247202441503759, 3781075.483214648906142 ], [ 398679.247202441503759, 3781079.145473041571677 ], [ 398678.942014242114965, 3781079.450661241076887 ], [ 398678.942014242114965, 3781079.755849440582097 ], [ 398678.63682604272617, 3781080.061037640087306 ], [ 398678.63682604272617, 3781080.366225839126855 ], [ 398678.331637843337376, 3781080.671414038632065 ], [ 398678.331637843337376, 3781081.281790437642485 ], [ 398678.026449643948581, 3781081.586978636682034 ], [ 398677.721261444559786, 3781081.586978636682034 ], [ 398677.416073245170992, 3781081.892166836187243 ], [ 398676.500508647004608, 3781081.892166836187243 ], [ 398676.195320447615813, 3781081.586978636682034 ], [ 398674.66937945067184, 3781081.586978636682034 ], [ 398674.66937945067184, 3781081.281790437642485 ], [ 398674.364191251283046, 3781080.976602238137275 ], [ 398673.753814852505457, 3781080.976602238137275 ], [ 398673.448626653116662, 3781080.671414038632065 ], [ 398671.617497456783894, 3781080.671414038632065 ], [ 398671.3123092573951, 3781080.976602238137275 ], [ 398671.3123092573951, 3781081.586978636682034 ], [ 398670.701932858617511, 3781082.197355035692453 ], [ 398670.396744659228716, 3781081.892166836187243 ], [ 398669.481180061062332, 3781081.892166836187243 ], [ 398669.175991861673538, 3781082.197355035692453 ], [ 398668.870803662284743, 3781082.197355035692453 ] ] ] } },
{ "type": "Feature", "properties": { "confidence": 0.81102055311203003, "class": 1, "regularized": null }, "geometry": { "type": "Polygon", "coordinates": [ [ [ 398926.449643947125878, 3780751.678535096812993 ], [ 398926.449643947125878, 3780742.828077314421535 ], [ 398926.754832146514673, 3780742.522889114916325 ], [ 398929.501525941013824, 3780742.522889114916325 ], [ 398929.806714140402619, 3780742.828077314421535 ], [ 398929.806714140402619, 3780744.659206510521472 ], [ 398930.111902339791413, 3780744.964394710026681 ], [ 398930.111902339791413, 3780750.152594099752605 ], [ 398930.417090539180208, 3780750.457782299257815 ], [ 398930.417090539180208, 3780750.762970498297364 ], [ 398930.111902339791413, 3780751.068158697802573 ], [ 398930.111902339791413, 3780751.373346897307783 ], [ 398927.670396744681057, 3780751.373346897307783 ], [ 398927.365208545292262, 3780751.678535096812993 ], [ 398926.449643947125878, 3780751.678535096812993 ] ] ] } },
{ "type": "Feature", "properties": { "confidence": 0.80914753675460815, "class": 1, "regularized": null }, "geometry": { "type": "Polygon", "coordinates": [ [ [ 398797.049847405927721, 3780854.526958290953189 ], [ 398797.049847405927721, 3780850.559511698782444 ], [ 398798.2706002034829, 3780850.559511698782444 ], [ 398798.575788402871694, 3780850.864699898287654 ], [ 398806.510681586980354, 3780850.864699898287654 ], [ 398806.815869786369149, 3780850.559511698782444 ], [ 398807.121057985757943, 3780850.559511698782444 ], [ 398807.426246185146738, 3780850.864699898287654 ], [ 398807.731434384535532, 3780850.864699898287654 ], [ 398807.731434384535532, 3780851.169888097792864 ], [ 398807.426246185146738, 3780851.169888097792864 ], [ 398807.121057985757943, 3780851.475076296832412 ], [ 398807.121057985757943, 3780852.085452695842832 ], [ 398806.815869786369149, 3780852.390640895348042 ], [ 398806.815869786369149, 3780852.695829094387591 ], [ 398806.205493387591559, 3780853.306205493398011 ], [ 398805.900305188202765, 3780853.306205493398011 ], [ 398805.59511698881397, 3780853.611393692903221 ], [ 398805.59511698881397, 3780853.916581891942769 ], [ 398805.289928789425176, 3780853.916581891942769 ], [ 398804.984740590036381, 3780854.221770091447979 ], [ 398804.374364191258792, 3780854.221770091447979 ], [ 398804.069175991869997, 3780854.526958290953189 ], [ 398797.049847405927721, 3780854.526958290953189 ] ] ] } },
{ "type": "Feature", "properties": { "confidence": 0.80896186828613281, "class": 1, "regularized": null }, "geometry": { "type": "Polygon", "coordinates": [ [ [ 398498.2706002034829, 3780954.01831129193306 ], [ 398497.965412004094105, 3780953.71312309242785 ], [ 398497.355035605316516, 3780953.71312309242785 ], [ 398497.355035605316516, 3780948.830111902207136 ], [ 398498.575788402871694, 3780948.830111902207136 ], [ 398498.880976602260489, 3780948.524923703167588 ], [ 398505.900305188202765, 3780948.524923703167588 ], [ 398506.205493387591559, 3780948.830111902207136 ], [ 398509.867751780257095, 3780948.830111902207136 ], [ 398509.867751780257095, 3780949.135300101712346 ], [ 398510.172939979645889, 3780949.440488301217556 ], [ 398510.478128179034684, 3780949.440488301217556 ], [ 398510.478128179034684, 3780950.050864699762315 ], [ 398510.783316378423478, 3780950.356052899267524 ], [ 398510.478128179034684, 3780950.661241098772734 ], [ 398510.478128179034684, 3780951.576805696822703 ], [ 398508.646998982701916, 3780953.407934893388301 ], [ 398508.341810783313122, 3780953.407934893388301 ], [ 398508.036622583924327, 3780953.71312309242785 ], [ 398507.731434384535532, 3780953.71312309242785 ], [ 398507.426246185146738, 3780954.01831129193306 ], [ 398498.2706002034829, 3780954.01831129193306 ] ] ] } },
{ "type": "Feature", "properties": { "confidence": 0.80827772617340088, "class": 1, "regularized": "rectangle" }, "geometry": { "type": "Polygon", "coordinates": [ [ [ 398448.25, 3780739.75 ], [ 398456.75, 3780739.75 ], [ 398456.75, 3780753.25 ], [ 398448.25, 3780753.25 ], [ 398448.25, 3780739.75 ] ] ] } },
{ "type": "Feature", "properties": { "confidence": 0.80783063173294067, "class": 1, "regularized": null }, "geometry": { "type": "Polygon", "coordinates": [ [ [ 398494.608341810759157, 3780901.831129196565598 ], [ 398494.303153611370362, 3780901.525940997060388 ], [ 398491.861648016260006, 3780901.525940997060388 ], [ 398491.861648016260006, 3780900.30518819950521 ], [ 398492.1668362156488, 3780900.0 ], [ 398492.1668362156488, 3780897.863682604394853 ], [ 398492.472024415037595, 3780897.558494404889643 ], [ 398492.472024415037595, 3780897.253306205384433 ], [ 398493.082400813815184, 3780896.642929806839675 ], [ 398493.387589013203979, 3780896.642929806839675 ], [ 398493.997965411981568, 3780896.032553407829255 ], [ 398494.303153611370362, 3780896.032553407829255 ], [ 398494.608341810759157, 3780895.727365208324045 ], [ 398500.712105798593257, 3780895.727365208324045 ], [ 398501.017293997982051, 3780896.032553407829255 ], [ 398501.017293997982051, 3780896.948118005879223 ], [ 398501.322482197370846, 3780897.253306205384433 ], [ 398501.322482197370846, 3780897.558494404889643 ], [ 398501.62767039675964, 3780897.863682604394853 ], [ 398501.62767039675964, 3780899.69481180049479 ], [ 398501.322482197370846, 3780900.0 ], [ 398497.660223804705311, 3780900.0 ], [ 398497.355035605316516, 3780900.30518819950521 ], [ 398497.049847405927721, 3780900.30518819950521 ], [ 398496.439471007150132, 3780900.915564598049968 ], [ 398496.439471007150132, 3780901.525940997060388 ], [ 398496.13428280770313, 3780901.831129196565598 ], [ 398494.608341810759157, 3780901.831129196565598 ] ] ] } },
{ "type": "Feature", "properties": { "confidence": 0.8018108606338501, "class": 1, "regularized": null }, "geometry": { "type": "Polygon", "coordinates": [ [ [ 398464.699898270599078, 3781061.749745676293969 ], [ 398464.394710071210284, 3781061.444557477254421 ], [ 398463.784333672432695, 3781061.444557477254421 ], [ 398463.784333672432695, 3781060.528992878738791 ], [ 398463.4791454730439, 3781060.223804679699242 ], [ 398463.4791454730439, 3781055.035605289973319 ], [ 398463.784333672432695, 3781054.730417090468109 ], [ 398463.784333672432695, 3781054.425228890962899 ], [ 398464.089521871821489, 3781054.425228890962899 ], [ 398464.394710071210284, 3781054.12004069192335 ], [ 398468.362156663264614, 3781054.12004069192335 ], [ 398468.667344862653408, 3781053.81485249241814 ], [ 398468.972533062042203, 3781053.81485249241814 ], [ 398469.277721261430997, 3781054.12004069192335 ], [ 398469.582909460819792, 3781054.12004069192335 ], [ 398469.888097660208587, 3781054.425228890962899 ], [ 398469.888097660208587, 3781058.697863682638854 ], [ 398468.667344862653408, 3781059.918616480194032 ], [ 398468.362156663264614, 3781059.918616480194032 ], [ 398468.056968463875819, 3781060.223804679699242 ], [ 398468.056968463875819, 3781060.528992878738791 ], [ 398467.751780264487024, 3781060.528992878738791 ], [ 398467.44659206509823, 3781060.834181078244001 ], [ 398467.44659206509823, 3781061.139369277749211 ], [ 398467.141403865709435, 3781061.139369277749211 ], [ 398466.836215666320641, 3781061.444557477254421 ], [ 398466.531027466931846, 3781061.444557477254421 ], [ 398466.225839267543051, 3781061.749745676293969 ], [ 398464.699898270599078, 3781061.749745676293969 ] ] ] } },
{ "type": "Feature", "properties": { "confidence": 0.79945671558380127, "class": 1, "regularized": null }, "geometry": { "type": "Polygon", "coordinates": [ [ [ 398868.769074262469076, 3780731.230925737414509 ], [ 398868.769074262469076, 3780726.042726347688586 ], [ 398873.957273652078584, 3780726.042726347688586 ], [ 398874.567650050856173, 3780726.653102746699005 ], [ 398874.567650050856173, 3780729.704984740819782 ], [ 398874.262461851467378, 3780730.010172939859331 ], [ 398874.262461851467378, 3780731.230925737414509 ], [ 398868.769074262469076, 3780731.230925737414509 ] ] ] } },
{ "type": "Feature", "properties": { "confidence": 0.79794579744338989, "class": 1, "regularized": null }, "geometry": { "type": "Polygon", "coordinates": [ [ [ 398942.624618514731992, 3781143.234994913451374 ], [ 398942.319430315343197, 3781142.929806713946164 ], [ 398941.098677517788019, 3781142.929806713946164 ], [ 398940.183112919621635, 3781142.014242115896195 ], [ 398939.877924720232841, 3781142.014242115896195 ], [ 398939.572736520844046, 3781141.709053916390985 ], [ 398938.657171922677662, 3781141.709053916390985 ], [ 398938.351983723288868, 3781141.403865717351437 ], [ 398937.436419125122484, 3781141.403865717351437 ], [ 398937.131230925733689, 3781141.098677517846227 ], [ 398936.826042726344895, 3781141.098677517846227 ], [ 398936.5208545269561, 3781140.793489318341017 ], [ 398938.962360122066457, 3781138.35198372323066 ], [ 398939.267548321455251, 3781138.35198372323066 ], [ 398939.572736520844046, 3781138.04679552372545 ], [ 398946.897253306233324, 3781138.04679552372545 ], [ 398947.202441505622119, 3781138.35198372323066 ], [ 398947.202441505622119, 3781141.098677517846227 ], [ 398947.507629705010913, 3781141.403865717351437 ], [ 398947.507629705010913, 3781142.624618514906615 ], [ 398947.202441505622119, 3781142.929806713946164 ], [ 398945.981688708008733, 3781142.929806713946164 ], [ 398945.676500508619938, 3781143.234994913451374 ], [ 398942.624618514731992, 3781143.234994913451374 ] ] ] } },
{ "type": "Feature", "properties": { "confidence": 0.7978246808052063, "class": 1, "regularized": null }, "geometry": { "type": "Polygon", "coordinates": [ [ [ 398826.347914547310211, 3780821.566632756963372 ], [ 398826.042726347921416, 3780821.261444557458162 ], [ 398825.432349949143827, 3780821.261444557458162 ], [ 398825.432349949143827, 3780818.819938962347806 ], [ 398825.737538148532622, 3780818.514750762842596 ], [ 398825.737538148532622, 3780817.293997965287417 ], [ 398833.062054933863692, 3780817.293997965287417 ], [ 398833.367243133252487, 3780817.599186164792627 ], [ 398833.367243133252487, 3780817.904374364297837 ], [ 398833.672431332641281, 3780818.209562563803047 ], [ 398833.672431332641281, 3780819.125127161853015 ], [ 398833.977619532030076, 3780819.430315361358225 ], [ 398833.977619532030076, 3780820.956256357952952 ], [ 398833.672431332641281, 3780821.261444557458162 ], [ 398827.568667344865389, 3780821.261444557458162 ], [ 398827.263479145476595, 3780821.566632756963372 ], [ 398826.347914547310211, 3780821.566632756963372 ] ] ] } },
{ "type": "Feature", "properties": { "confidence": 0.7953566312789917, "class": 1, "regularized": null }, "geometry": { "type": "Polygon", "coordinates": [ [ [ 398887.690742624632549, 3781023.601220752578229 ], [ 398887.080366225854959, 3781022.99084435403347 ], [ 398887.080366225854959, 3781020.854526958428323 ], [ 398886.775178026466165, 3781020.549338758923113 ], [ 398886.775178026466165, 3781020.244150559417903 ], [ 398886.46998982707737, 3781019.938962359912694 ], [ 398886.46998982707737, 3781017.192268565762788 ], [ 398892.878942014242057, 3781017.192268565762788 ], [ 398893.184130213630851, 3781017.497456764802337 ], [ 398894.710071210574824, 3781017.497456764802337 ], [ 398895.015259409963619, 3781017.802644964307547 ], [ 398895.320447609352414, 3781017.802644964307547 ], [ 398895.625635808741208, 3781018.107833163812757 ], [ 398895.625635808741208, 3781018.413021363317966 ], [ 398895.930824008130003, 3781018.718209562357515 ], [ 398895.930824008130003, 3781019.328585961367935 ], [ 398896.236012207518797, 3781019.633774160873145 ], [ 398896.236012207518797, 3781019.938962359912694 ], [ 398896.541200406907592, 3781020.244150559417903 ], [ 398896.541200406907592, 3781022.99084435403347 ], [ 398895.015259409963619, 3781022.99084435403347 ], [ 398894.710071210574824, 3781023.29603255353868 ], [ 398888.606307222798932, 3781023.29603255353868 ], [ 398888.301119023410138, 3781023.601220752578229 ], [ 398887.690742624632549, 3781023.601220752578229 ] ] ] } },
{ "type": "Feature", "properties": { "confidence": 0.79225051403045654, "class": 1, "regularized": null }, "geometry": { "type": "Polygon", "coordinates": [ [ [ 398466.225839267543051, 3781082.807731434237212 ], [ 398466.225839267543051, 3781082.502543235197663 ], [ 398465.615462868765462, 3781081.892166836187243 ], [ 398465.615462868765462, 3781081.586978636682034 ], [ 398465.005086469987873, 3781080.976602238137275 ], [ 398465.005086469987873, 3781078.840284842532128 ], [ 398465.615462868765462, 3781078.229908443521708 ], [ 398465.615462868765462, 3781077.924720244016498 ], [ 398466.531027466931846, 3781077.00915564596653 ], [ 398466.531027466931846, 3781076.70396744646132 ], [ 398466.836215666320641, 3781076.398779247421771 ], [ 398466.836215666320641, 3781076.093591047916561 ], [ 398472.939979654096533, 3781076.093591047916561 ], [ 398472.939979654096533, 3781082.807731434237212 ], [ 398466.225839267543051, 3781082.807731434237212 ] ] ] } },
{ "type": "Feature", "properties": { "confidence": 0.7897375226020813, "class": 1, "regularized": null }, "geometry": { "type": "Polygon", "coordinates": [ [ [ 398726.551373346883338, 3780745.87995930807665 ], [ 398725.940996948105749, 3780745.269582909531891 ], [ 398725.940996948105749, 3780744.659206510521472 ], [ 398725.635808748716954, 3780744.354018311481923 ], [ 398725.635808748716954, 3780738.250254323706031 ], [ 398725.940996948105749, 3780737.945066124200821 ], [ 398725.940996948105749, 3780736.724313326645643 ], [ 398726.246185147494543, 3780736.419125127140433 ], [ 398726.246185147494543, 3780736.113936927635223 ], [ 398726.551373346883338, 3780735.808748728595674 ], [ 398726.551373346883338, 3780735.503560529090464 ], [ 398726.856561546272133, 3780735.198372329585254 ], [ 398726.856561546272133, 3780734.893184130080044 ], [ 398727.161749745660927, 3780734.587995931040496 ], [ 398727.161749745660927, 3780733.977619532030076 ], [ 398727.772126144438516, 3780733.367243133485317 ], [ 398728.6876907426049, 3780733.367243133485317 ], [ 398728.992878941993695, 3780733.672431332524866 ], [ 398729.603255340771284, 3780733.672431332524866 ], [ 398729.908443540160079, 3780733.977619532030076 ], [ 398731.129196337715257, 3780733.977619532030076 ], [ 398731.434384537104052, 3780734.282807731535286 ], [ 398732.349949135328643, 3780734.282807731535286 ], [ 398732.655137334717438, 3780734.587995931040496 ], [ 398732.655137334717438, 3780737.639877924695611 ], [ 398732.349949135328643, 3780737.945066124200821 ], [ 398732.349949135328643, 3780740.691759918816388 ], [ 398732.044760935881641, 3780740.996948117855936 ], [ 398732.044760935881641, 3780741.607324516866356 ], [ 398731.434384537104052, 3780742.217700915411115 ], [ 398731.434384537104052, 3780742.522889114916325 ], [ 398731.129196337715257, 3780742.828077314421535 ], [ 398731.129196337715257, 3780743.133265513926744 ], [ 398730.824008138326462, 3780743.438453712966293 ], [ 398730.824008138326462, 3780743.743641912471503 ], [ 398729.908443540160079, 3780744.659206510521472 ], [ 398729.603255340771284, 3780744.659206510521472 ], [ 398729.298067141382489, 3780744.964394710026681 ], [ 398728.6876907426049, 3780744.964394710026681 ], [ 398728.382502543216106, 3780745.269582909531891 ], [ 398728.077314343827311, 3780745.269582909531891 ], [ 398727.466937945049722, 3780745.87995930807665 ], [ 398726.551373346883338, 3780745.87995930807665 ] ] ] } },
{ "type": "Feature", "properties": { "confidence": 0.78500282764434814, "class": 1, "regularized": null }, "geometry": { "type": "Polygon", "coordinates": [ [ [ 398841.302136317419354, 3781023.906408952083439 ], [ 398840.996948118030559, 3781023.601220752578229 ], [ 398834.587995930807665, 3781023.601220752578229 ], [ 398834.587995930807665, 3781020.244150559417903 ], [ 398834.89318413019646, 3781019.938962359912694 ], [ 398834.89318413019646, 3781017.192268565762788 ], [ 398835.503560528974049, 3781016.581892166752368 ], [ 398841.302136317419354, 3781016.581892166752368 ], [ 398841.607324516808148, 3781016.887080366257578 ], [ 398841.912512716196943, 3781016.887080366257578 ], [ 398841.912512716196943, 3781018.107833163812757 ], [ 398842.217700915585738, 3781018.413021363317966 ], [ 398842.217700915585738, 3781018.718209562357515 ], [ 398843.133265513752121, 3781019.633774160873145 ], [ 398843.133265513752121, 3781020.549338758923113 ], [ 398843.438453713140916, 3781020.854526958428323 ], [ 398843.438453713140916, 3781021.770091556478292 ], [ 398843.743641912529711, 3781022.075279755983502 ], [ 398843.743641912529711, 3781022.68565615452826 ], [ 398844.048830111918505, 3781022.99084435403347 ], [ 398844.048830111918505, 3781023.601220752578229 ], [ 398843.438453713140916, 3781023.601220752578229 ], [ 398843.133265513752121, 3781023.906408952083439 ], [ 398841.302136317419354, 3781023.906408952083439 ] ] ] } },
{ "type": "Feature", "properties": { "confidence": 0.7842639684677124, "class": 1, "regularized": null }, "geometry": { "type": "Polygon", "coordinates": [ [ [ 398981.383519837225322, 3780815.46286876918748 ], [ 398981.078331637836527, 3780815.15768056968227 ], [ 398980.162767039670143, 3780815.15768056968227 ], [ 398979.857578840281349, 3780814.85249237017706 ], [ 398979.857578840281349, 3780813.021363174077123 ], [ 398979.552390640892554, 3780812.716174974571913 ], [ 398978.942014242114965, 3780812.716174974571913 ], [ 398978.331637843337376, 3780813.326551373116672 ], [ 398977.721261444559786, 3780812.716174974571913 ], [ 398977.721261444559786, 3780812.105798575561494 ], [ 398977.416073245170992, 3780811.800610376521945 ], [ 398977.416073245170992, 3780809.664292980451137 ], [ 398996.337741607334465, 3780809.664292980451137 ], [ 398996.337741607334465, 3780811.800610376521945 ], [ 398996.03255340794567, 3780812.105798575561494 ], [ 398993.896236012224108, 3780812.105798575561494 ], [ 398993.591047812835313, 3780812.410986775066704 ], [ 398993.591047812835313, 3780813.021363174077123 ], [ 398994.506612411001697, 3780813.936927772127092 ], [ 398995.116988809779286, 3780813.936927772127092 ], [ 398994.506612411001697, 3780814.547304171137512 ], [ 398992.67548321466893, 3780814.547304171137512 ], [ 398992.370295015280135, 3780814.85249237017706 ], [ 398987.182095625612419, 3780814.85249237017706 ], [ 398986.876907426223624, 3780815.15768056968227 ], [ 398985.350966429279651, 3780815.15768056968227 ], [ 398985.045778229890857, 3780815.46286876918748 ], [ 398981.383519837225322, 3780815.46286876918748 ] ] ] } },
{ "type": "Feature", "properties": { "confidence": 0.78388476371765137, "class": 1, "regularized": null }, "geometry": { "type": "Polygon", "coordinates": [ [ [ 398941.098677517788019, 3780979.043743642047048 ], [ 398940.793489318399224, 3780978.738555442541838 ], [ 398939.877924720232841, 3780978.738555442541838 ], [ 398939.572736520844046, 3780978.433367243036628 ], [ 398939.572736520844046, 3780974.465920650865883 ], [ 398939.877924720232841, 3780974.160732451826334 ], [ 398940.793489318399224, 3780974.160732451826334 ], [ 398941.098677517788019, 3780973.855544252321124 ], [ 398941.098677517788019, 3780973.550356052815914 ], [ 398941.403865717176814, 3780973.245167853310704 ], [ 398941.403865717176814, 3780972.634791454765946 ], [ 398943.84537131228717, 3780972.634791454765946 ], [ 398943.84537131228717, 3780972.939979654271156 ], [ 398945.066124109842349, 3780974.160732451826334 ], [ 398947.812817904399708, 3780974.160732451826334 ], [ 398948.118006103788503, 3780974.465920650865883 ], [ 398948.118006103788503, 3780978.433367243036628 ], [ 398947.812817904399708, 3780978.738555442541838 ], [ 398946.286876907397527, 3780978.738555442541838 ], [ 398945.981688708008733, 3780979.043743642047048 ], [ 398941.098677517788019, 3780979.043743642047048 ] ] ] } },
{ "type": "Feature", "properties": { "confidence": 0.78180384635925293, "class": 1, "regularized": null }, "geometry": { "type": "Polygon", "coordinates": [ [ [ 398482.095625635818578, 3780695.829094608314335 ], [ 398481.790437436429784, 3780695.523906408809125 ], [ 398481.180061037652194, 3780695.523906408809125 ], [ 398481.180061037652194, 3780695.218718209769577 ], [ 398480.8748728382634, 3780694.913530010264367 ], [ 398480.8748728382634, 3780694.303153611253947 ], [ 398480.569684638874605, 3780693.997965412214398 ], [ 398480.569684638874605, 3780693.082400813698769 ], [ 398480.8748728382634, 3780692.77721261465922 ], [ 398480.8748728382634, 3780692.47202441515401 ], [ 398487.283825025428087, 3780692.47202441515401 ], [ 398487.283825025428087, 3780692.77721261465922 ], [ 398487.589013224816881, 3780693.082400813698769 ], [ 398488.504577822983265, 3780693.082400813698769 ], [ 398488.504577822983265, 3780693.692777212709188 ], [ 398489.114954221760854, 3780694.303153611253947 ], [ 398489.114954221760854, 3780694.608341810759157 ], [ 398488.80976602237206, 3780694.608341810759157 ], [ 398488.504577822983265, 3780694.913530010264367 ], [ 398488.504577822983265, 3780695.218718209769577 ], [ 398487.894201424205676, 3780695.218718209769577 ], [ 398487.589013224816881, 3780695.523906408809125 ], [ 398484.231943031540141, 3780695.523906408809125 ], [ 398483.926754832151346, 3780695.829094608314335 ], [ 398483.621566632762551, 3780695.829094608314335 ], [ 398483.316378433373757, 3780695.523906408809125 ], [ 398482.706002034596168, 3780695.523906408809125 ], [ 398482.400813835207373, 3780695.829094608314335 ], [ 398482.095625635818578, 3780695.829094608314335 ] ] ] } },
{ "type": "Feature", "properties": { "confidence": 0.78060239553451538, "class": 1, "regularized": "rectangle" }, "geometry": { "type": "Polygon", "coordinates": [ [ [ 398877.3125, 3780849.75 ], [ 398891.9375, 3780849.75 ], [ 398891.9375, 3780859.75 ], [ 398877.3125, 3780859.75 ], [ 398877.3125, 3780849.75 ] ] ] } },
{ "type": "Feature", "properties": { "confidence": 0.77671492099761963, "class": 1, "regularized": null }, "geometry": { "type": "Polygon", "coordinates": [ [ [ 398563.580874872859567, 3780777.924720244016498 ], [ 398563.275686673470773, 3780777.61953204497695 ], [ 398562.970498474081978, 3780777.61953204497695 ], [ 398562.970498474081978, 3780777.31434384547174 ], [ 398562.665310274693184, 3780777.00915564596653 ], [ 398562.665310274693184, 3780776.70396744646132 ], [ 398562.360122075304389, 3780776.398779247421771 ], [ 398562.360122075304389, 3780775.483214648906142 ], [ 398562.054933875915594, 3780775.178026449866593 ], [ 398562.360122075304389, 3780774.872838250361383 ], [ 398562.360122075304389, 3780774.567650050856173 ], [ 398562.665310274693184, 3780774.262461851350963 ], [ 398562.665310274693184, 3780773.957273652311414 ], [ 398562.970498474081978, 3780773.652085452806205 ], [ 398562.970498474081978, 3780773.346897253300995 ], [ 398563.275686673470773, 3780773.041709053795785 ], [ 398563.275686673470773, 3780772.126144455745816 ], [ 398563.580874872859567, 3780771.820956256240606 ], [ 398564.191251271637157, 3780771.820956256240606 ], [ 398564.496439471025951, 3780771.515768057201058 ], [ 398565.412004069192335, 3780771.515768057201058 ], [ 398565.71719226858113, 3780771.210579857695848 ], [ 398566.022380467969924, 3780771.515768057201058 ], [ 398568.463886063080281, 3780771.515768057201058 ], [ 398569.379450661246665, 3780772.431332655251026 ], [ 398569.379450661246665, 3780773.957273652311414 ], [ 398569.07426246185787, 3780774.262461851350963 ], [ 398569.07426246185787, 3780774.872838250361383 ], [ 398568.769074262469076, 3780775.178026449866593 ], [ 398568.769074262469076, 3780775.788402848411351 ], [ 398568.463886063080281, 3780776.093591047916561 ], [ 398568.463886063080281, 3780776.70396744646132 ], [ 398568.158697863691486, 3780777.00915564596653 ], [ 398568.158697863691486, 3780777.61953204497695 ], [ 398567.853509664302692, 3780777.61953204497695 ], [ 398567.548321464913897, 3780777.924720244016498 ], [ 398563.580874872859567, 3780777.924720244016498 ] ] ] } },
{ "type": "Feature", "properties": { "confidence": 0.77587366104125977, "class": 1, "regularized": null }, "geometry": { "type": "Polygon", "coordinates": [ [ [ 398453.102746693766676, 3780699.491353000979871 ], [ 398452.797558494377881, 3780699.186164801474661 ], [ 398451.576805696822703, 3780699.186164801474661 ], [ 398451.271617497433908, 3780698.880976602435112 ], [ 398450.966429298045114, 3780698.880976602435112 ], [ 398450.661241098656319, 3780698.575788402929902 ], [ 398450.661241098656319, 3780696.744659206364304 ], [ 398450.356052899267524, 3780696.439471007324755 ], [ 398450.356052899267524, 3780695.218718209769577 ], [ 398450.05086469987873, 3780694.913530010264367 ], [ 398450.05086469987873, 3780693.387589013203979 ], [ 398450.356052899267524, 3780693.387589013203979 ], [ 398450.661241098656319, 3780693.082400813698769 ], [ 398453.40793489315547, 3780693.082400813698769 ], [ 398454.018311291991267, 3780693.692777212709188 ], [ 398454.323499491380062, 3780693.692777212709188 ], [ 398455.239064089546446, 3780694.608341810759157 ], [ 398455.239064089546446, 3780694.913530010264367 ], [ 398455.54425228893524, 3780695.218718209769577 ], [ 398455.849440488324035, 3780695.218718209769577 ], [ 398456.459816887101624, 3780695.829094608314335 ], [ 398456.765005086490419, 3780695.829094608314335 ], [ 398457.070193285879213, 3780696.134282807819545 ], [ 398457.070193285879213, 3780696.439471007324755 ], [ 398457.375381485268008, 3780696.744659206364304 ], [ 398457.375381485268008, 3780698.270600203424692 ], [ 398457.070193285879213, 3780698.575788402929902 ], [ 398456.765005086490419, 3780698.575788402929902 ], [ 398456.459816887101624, 3780698.880976602435112 ], [ 398455.849440488324035, 3780698.880976602435112 ], [ 398455.54425228893524, 3780699.186164801474661 ], [ 398453.713123092602473, 3780699.186164801474661 ], [ 398453.40793489315547, 3780699.491353000979871 ], [ 398453.102746693766676, 3780699.491353000979871 ] ] ] } },
{ "type": "Feature", "properties": { "confidence": 0.77445203065872192, "class": 1, "regularized": "rectangle" }, "geometry": { "type": "Polygon", "coordinates": [ [ [ 398773.5625, 3780810.0 ], [ 398773.5625, 3780800.5 ], [ 398789.375, 3780800.5 ], [ 398789.375, 3780810.0 ], [ 398773.5625, 3780810.0 ] ] ] } },
{ "type": "Feature", "properties": { "confidence": 0.77160495519638062, "class": 1, "regularized": null }, "geometry": { "type": "Polygon", "coordinates": [ [ [ 398758.596134282823186, 3780756.256358087528497 ], [ 398758.596134282823186, 3780745.87995930807665 ], [ 398758.290946083434392, 3780745.574771109037101 ], [ 398758.596134282823186, 3780745.269582909531891 ], [ 398758.596134282823186, 3780744.354018311481923 ], [ 398760.122075279767159, 3780744.354018311481923 ], [ 398760.427263479155954, 3780744.659206510521472 ], [ 398760.427263479155954, 3780749.237029501702636 ], [ 398760.732451678544749, 3780749.542217700742185 ], [ 398760.732451678544749, 3780756.256358087528497 ], [ 398758.596134282823186, 3780756.256358087528497 ] ] ] } },
{ "type": "Feature", "properties": { "confidence": 0.7635498046875, "class": 1, "regularized": null }, "geometry": { "type": "Polygon", "coordinates": [ [ [ 398674.059003051894251, 3781047.100712105631828 ], [ 398673.753814852505457, 3781046.79552390659228 ], [ 398672.533062054950278, 3781046.79552390659228 ], [ 398672.227873855561484, 3781046.49033570708707 ], [ 398672.227873855561484, 3781044.964394710026681 ], [ 398671.922685656172689, 3781044.659206510521472 ], [ 398672.227873855561484, 3781044.659206510521472 ], [ 398672.533062054950278, 3781044.354018311481923 ], [ 398672.533062054950278, 3781044.048830111976713 ], [ 398678.942014242114965, 3781044.048830111976713 ], [ 398678.942014242114965, 3781044.354018311481923 ], [ 398679.247202441503759, 3781044.659206510521472 ], [ 398679.247202441503759, 3781046.18514750758186 ], [ 398678.63682604272617, 3781046.79552390659228 ], [ 398678.026449643948581, 3781046.79552390659228 ], [ 398677.721261444559786, 3781047.100712105631828 ], [ 398674.059003051894251, 3781047.100712105631828 ] ] ] } },
{ "type": "Feature", "properties": { "confidence": 0.7586783766746521, "class": 1, "regularized": null }, "geometry": { "type": "Polygon", "coordinates": [ [ [ 398610.885045778239146, 3781044.048830111976713 ], [ 398610.274669379461557, 3781043.438453712966293 ], [ 398610.274669379461557, 3781041.302136317361146 ], [ 398610.579857578850351, 3781040.996948117855936 ], [ 398610.885045778239146, 3781040.996948117855936 ], [ 398611.19023397762794, 3781041.302136317361146 ], [ 398612.716174974571913, 3781041.302136317361146 ], [ 398613.021363173960708, 3781041.607324516866356 ], [ 398614.547304170904681, 3781041.607324516866356 ], [ 398614.852492370293476, 3781041.912512716371566 ], [ 398615.15768056968227, 3781041.912512716371566 ], [ 398615.768056968459859, 3781042.522889114916325 ], [ 398616.073245167848654, 3781042.522889114916325 ], [ 398616.073245167848654, 3781043.743641912471503 ], [ 398615.768056968459859, 3781044.048830111976713 ], [ 398610.885045778239146, 3781044.048830111976713 ] ] ] } },
{ "type": "Feature", "properties": { "confidence": 0.75838106870651245, "class": 1, "regularized": "rectangle" }, "geometry": { "type": "Polygon", "coordinates": [ [ [ 398832.75, 3781011.5 ], [ 398832.75, 3781001.0 ], [ 398847.375, 3781001.0 ], [ 398847.375, 3781011.5 ], [ 398832.75, 3781011.5 ] ] ] } },
{ "type": "Feature", "properties": { "confidence": 0.75734931230545044, "class": 1, "regularized": null }, "geometry": { "type": "Polygon", "coordinates": [ [ [ 398569.07426246185787, 3780867.344862665515393 ], [ 398568.769074262469076, 3780867.039674466010183 ], [ 398568.463886063080281, 3780867.039674466010183 ], [ 398567.853509664302692, 3780866.429298066999763 ], [ 398567.853509664302692, 3780866.124109867960215 ], [ 398567.548321464913897, 3780865.818921668455005 ], [ 398567.548321464913897, 3780865.513733468949795 ], [ 398567.243133265525103, 3780865.208545269444585 ], [ 398567.243133265525103, 3780864.903357070405036 ], [ 398566.937945066136308, 3780864.598168870899826 ], [ 398566.937945066136308, 3780863.377416073344648 ], [ 398567.548321464913897, 3780862.767039674334228 ], [ 398567.548321464913897, 3780862.461851475294679 ], [ 398568.769074262469076, 3780862.461851475294679 ], [ 398569.07426246185787, 3780862.156663275789469 ], [ 398570.600203458801843, 3780862.156663275789469 ], [ 398570.905391658190638, 3780861.85147507628426 ], [ 398572.736520854523405, 3780861.85147507628426 ], [ 398573.0417090539122, 3780861.54628687677905 ], [ 398574.872838250244968, 3780861.54628687677905 ], [ 398575.178026449633762, 3780861.85147507628426 ], [ 398575.483214649022557, 3780861.85147507628426 ], [ 398575.483214649022557, 3780862.156663275789469 ], [ 398575.788402848411351, 3780862.461851475294679 ], [ 398575.788402848411351, 3780862.767039674334228 ], [ 398575.483214649022557, 3780863.072227873839438 ], [ 398575.483214649022557, 3780863.987792471889406 ], [ 398574.567650050856173, 3780864.903357070405036 ], [ 398574.567650050856173, 3780865.208545269444585 ], [ 398573.346897253300995, 3780866.429298066999763 ], [ 398573.346897253300995, 3780866.734486266504973 ], [ 398573.0417090539122, 3780866.734486266504973 ], [ 398572.736520854523405, 3780867.039674466010183 ], [ 398572.431332655134611, 3780867.039674466010183 ], [ 398572.126144455745816, 3780867.344862665515393 ], [ 398569.07426246185787, 3780867.344862665515393 ] ] ] } },
{ "type": "Feature", "properties": { "confidence": 0.7560652494430542, "class": 1, "regularized": null }, "geometry": { "type": "Polygon", "coordinates": [ [ [ 398903.86571719229687, 3781120.651068158913404 ], [ 398903.560528992908075, 3781120.345879959408194 ], [ 398903.560528992908075, 3781120.040691759902984 ], [ 398902.950152594072279, 3781119.430315361358225 ], [ 398902.950152594072279, 3781116.073245167732239 ], [ 398903.255340793461073, 3781115.76805696869269 ], [ 398903.255340793461073, 3781114.547304171137512 ], [ 398903.560528992908075, 3781114.547304171137512 ], [ 398903.86571719229687, 3781114.242115971632302 ], [ 398904.781281790463254, 3781114.242115971632302 ], [ 398905.086469989852048, 3781113.936927772127092 ], [ 398907.222787385573611, 3781113.936927772127092 ], [ 398907.527975584962405, 3781113.631739572621882 ], [ 398907.527975584962405, 3781120.040691759902984 ], [ 398906.917599186184816, 3781120.040691759902984 ], [ 398906.612410986796021, 3781120.345879959408194 ], [ 398906.002034588018432, 3781120.345879959408194 ], [ 398905.696846388629638, 3781120.651068158913404 ], [ 398903.86571719229687, 3781120.651068158913404 ] ] ] } },
{ "type": "Feature", "properties": { "confidence": 0.75571560859680176, "class": 1, "regularized": "rectangle" }, "geometry": { "type": "Polygon", "coordinates": [ [ [ 398928.96875, 3781009.75 ], [ 398929.34375, 3781001.25 ], [ 398946.90625, 3781002.25 ], [ 398946.53125, 3781010.75 ], [ 398928.96875, 3781009.75 ] ] ] } },
{ "type": "Feature", "properties": { "confidence": 0.75536471605300903, "class": 1, "regularized": null }, "geometry": { "type": "Polygon", "coordinates": [ [ [ 398605.391658189240843, 3781192.980671414174139 ], [ 398605.086469989852048, 3781192.67548321466893 ], [ 398604.476093591074459, 3781192.67548321466893 ], [ 398604.170905391685665, 3781192.37029501516372 ], [ 398604.170905391685665, 3781189.318413021508604 ], [ 398604.476093591074459, 3781189.013224822003394 ], [ 398609.053916581906378, 3781189.013224822003394 ], [ 398609.053916581906378, 3781189.623601220548153 ], [ 398608.748728382517584, 3781189.928789420053363 ], [ 398608.748728382517584, 3781192.67548321466893 ], [ 398608.138351983739994, 3781192.67548321466893 ], [ 398607.8331637843512, 3781192.980671414174139 ], [ 398605.391658189240843, 3781192.980671414174139 ] ] ] } },
{ "type": "Feature", "properties": { "confidence": 0.75503987073898315, "class": 1, "regularized": null }, "geometry": { "type": "Polygon", "coordinates": [ [ [ 398457.070193285879213, 3781048.626653102692217 ], [ 398456.765005086490419, 3781048.321464903187007 ], [ 398456.459816887101624, 3781048.321464903187007 ], [ 398456.459816887101624, 3781047.711088504642248 ], [ 398455.849440488324035, 3781047.100712105631828 ], [ 398455.849440488324035, 3781046.49033570708707 ], [ 398455.54425228893524, 3781046.18514750758186 ], [ 398455.54425228893524, 3781045.87995930807665 ], [ 398455.239064089546446, 3781045.574771109037101 ], [ 398455.239064089546446, 3781044.659206510521472 ], [ 398461.953204476099927, 3781044.659206510521472 ], [ 398461.953204476099927, 3781046.49033570708707 ], [ 398462.258392675488722, 3781046.79552390659228 ], [ 398462.258392675488722, 3781047.711088504642248 ], [ 398461.648016276711132, 3781048.321464903187007 ], [ 398461.342828077322338, 3781048.321464903187007 ], [ 398461.037639877933543, 3781048.626653102692217 ], [ 398457.070193285879213, 3781048.626653102692217 ] ] ] } },
{ "type": "Feature", "properties": { "confidence": 0.75373238325119019, "class": 1, "regularized": null }, "geometry": { "type": "Polygon", "coordinates": [ [ [ 398567.243133265525103, 3781105.696846388746053 ], [ 398566.937945066136308, 3781105.391658189240843 ], [ 398566.937945066136308, 3781104.781281790230423 ], [ 398567.243133265525103, 3781104.476093591190875 ], [ 398567.243133265525103, 3781103.255340793635696 ], [ 398567.548321464913897, 3781102.950152594130486 ], [ 398567.548321464913897, 3781098.372329603414983 ], [ 398567.853509664302692, 3781098.067141403909773 ], [ 398567.853509664302692, 3781097.761953204404563 ], [ 398570.600203458801843, 3781097.761953204404563 ], [ 398570.905391658190638, 3781098.067141403909773 ], [ 398570.600203458801843, 3781098.372329603414983 ], [ 398570.600203458801843, 3781099.287894201464951 ], [ 398570.905391658190638, 3781099.593082400970161 ], [ 398570.905391658190638, 3781105.086469989735633 ], [ 398570.295015259413049, 3781105.696846388746053 ], [ 398567.243133265525103, 3781105.696846388746053 ] ] ] } },
{ "type": "Feature", "properties": { "confidence": 0.73980498313903809, "class": 1, "regularized": null }, "geometry": { "type": "Polygon", "coordinates": [ [ [ 398786.063072227872908, 3781026.042726347688586 ], [ 398786.063072227872908, 3781023.29603255353868 ], [ 398786.673448626650497, 3781023.29603255353868 ], [ 398786.978636826039292, 3781022.99084435403347 ], [ 398788.19938962359447, 3781022.99084435403347 ], [ 398788.504577822983265, 3781022.68565615452826 ], [ 398788.80976602237206, 3781022.99084435403347 ], [ 398789.114954221760854, 3781022.99084435403347 ], [ 398789.420142421149649, 3781023.29603255353868 ], [ 398789.420142421149649, 3781025.432349949143827 ], [ 398788.80976602237206, 3781026.042726347688586 ], [ 398786.063072227872908, 3781026.042726347688586 ] ] ] } },
{ "type": "Feature", "properties": { "confidence": 0.73771035671234131, "class": 1, "regularized": null }, "geometry": { "type": "Polygon", "coordinates": [ [ [ 398419.532044760941062, 3780705.595116988755763 ], [ 398419.226856561552268, 3780705.289928789250553 ], [ 398419.226856561552268, 3780703.458799593150616 ], [ 398419.532044760941062, 3780703.153611393645406 ], [ 398421.057985757885035, 3780703.153611393645406 ], [ 398421.36317395727383, 3780702.848423194140196 ], [ 398424.109867751772981, 3780702.848423194140196 ], [ 398424.415055951161776, 3780702.543234995100647 ], [ 398424.415055951161776, 3780702.238046795595437 ], [ 398424.72024415055057, 3780701.932858596090227 ], [ 398428.382502543216106, 3780701.932858596090227 ], [ 398428.6876907426049, 3780702.238046795595437 ], [ 398428.6876907426049, 3780705.289928789250553 ], [ 398428.382502543216106, 3780705.595116988755763 ], [ 398419.532044760941062, 3780705.595116988755763 ] ] ] } },
{ "type": "Feature", "properties": { "confidence": 0.73669219017028809, "class": 1, "regularized": null }, "geometry": { "type": "Polygon", "coordinates": [ [ [ 398497.355035605316516, 3780642.421159714926034 ], [ 398496.744659206538927, 3780641.810783316381276 ], [ 398496.744659206538927, 3780636.927772126160562 ], [ 398497.355035605316516, 3780636.927772126160562 ], [ 398497.660223804705311, 3780636.622583926655352 ], [ 398506.205493387591559, 3780636.622583926655352 ], [ 398506.205493387591559, 3780636.927772126160562 ], [ 398506.510681586980354, 3780637.232960325665772 ], [ 398506.205493387591559, 3780637.538148524705321 ], [ 398506.205493387591559, 3780639.674465920776129 ], [ 398505.900305188202765, 3780639.979654119815677 ], [ 398505.900305188202765, 3780640.590030518826097 ], [ 398504.679552390647586, 3780641.810783316381276 ], [ 398504.679552390647586, 3780642.421159714926034 ], [ 398497.355035605316516, 3780642.421159714926034 ] ] ] } },
{ "type": "Feature", "properties": { "confidence": 0.73504865169525146, "class": 1, "regularized": null }, "geometry": { "type": "Polygon", "coordinates": [ [ [ 398462.258392675488722, 3780965.005086469929665 ], [ 398461.953204476099927, 3780964.699898270424455 ], [ 398460.732451678544749, 3780964.699898270424455 ], [ 398460.427263479155954, 3780964.394710071384907 ], [ 398460.427263479155954, 3780964.089521871879697 ], [ 398460.122075279767159, 3780963.784333672374487 ], [ 398460.122075279767159, 3780962.563580874819309 ], [ 398460.427263479155954, 3780962.258392675314099 ], [ 398460.427263479155954, 3780961.95320447627455 ], [ 398460.732451678544749, 3780961.64801627676934 ], [ 398460.732451678544749, 3780959.816887080203742 ], [ 398460.122075279767159, 3780959.206510681658983 ], [ 398460.122075279767159, 3780957.985757884103805 ], [ 398460.427263479155954, 3780957.680569684598595 ], [ 398460.732451678544749, 3780957.680569684598595 ], [ 398461.037639877933543, 3780957.375381485093385 ], [ 398462.563580874877516, 3780957.375381485093385 ], [ 398462.868769074266311, 3780957.680569684598595 ], [ 398463.784333672432695, 3780957.680569684598595 ], [ 398464.394710071210284, 3780958.290946083609015 ], [ 398464.394710071210284, 3780958.596134282648563 ], [ 398465.310274669376668, 3780959.511698881164193 ], [ 398465.310274669376668, 3780960.427263479214162 ], [ 398465.615462868765462, 3780960.732451678719372 ], [ 398465.615462868765462, 3780961.95320447627455 ], [ 398465.310274669376668, 3780962.258392675314099 ], [ 398465.310274669376668, 3780964.089521871879697 ], [ 398465.005086469987873, 3780964.394710071384907 ], [ 398464.699898270599078, 3780964.394710071384907 ], [ 398464.394710071210284, 3780964.699898270424455 ], [ 398463.4791454730439, 3780964.699898270424455 ], [ 398463.173957273655105, 3780965.005086469929665 ], [ 398462.258392675488722, 3780965.005086469929665 ] ] ] } },
{ "type": "Feature", "properties": { "confidence": 0.72705018520355225, "class": 1, "regularized": null }, "geometry": { "type": "Polygon", "coordinates": [ [ [ 398786.978636826039292, 3781018.718209562357515 ], [ 398786.673448626650497, 3781018.413021363317966 ], [ 398786.673448626650497, 3781008.341810783371329 ], [ 398786.978636826039292, 3781008.036622583866119 ], [ 398789.725330620538443, 3781008.036622583866119 ], [ 398789.725330620538443, 3781013.835198372136801 ], [ 398789.420142421149649, 3781014.140386571642011 ], [ 398789.420142421149649, 3781015.05595116969198 ], [ 398789.114954221760854, 3781015.36113936919719 ], [ 398789.114954221760854, 3781015.97151576820761 ], [ 398788.80976602237206, 3781016.276703967247158 ], [ 398788.80976602237206, 3781016.581892166752368 ], [ 398788.504577822983265, 3781016.887080366257578 ], [ 398788.504577822983265, 3781017.497456764802337 ], [ 398788.19938962359447, 3781017.802644964307547 ], [ 398788.19938962359447, 3781018.107833163812757 ], [ 398787.589013224816881, 3781018.718209562357515 ], [ 398786.978636826039292, 3781018.718209562357515 ] ] ] } },
{ "type": "Feature", "properties": { "confidence": 0.7255856990814209, "class": 1, "regularized": null }, "geometry": { "type": "Polygon", "coordinates": [ [ [ 398573.0417090539122, 3780990.946083418093622 ], [ 398572.736520854523405, 3780990.640895218588412 ], [ 398572.431332655134611, 3780990.640895218588412 ], [ 398572.126144455745816, 3780990.335707019548863 ], [ 398572.126144455745816, 3780990.030518820043653 ], [ 398572.431332655134611, 3780989.725330620538443 ], [ 398572.431332655134611, 3780988.504577822983265 ], [ 398572.736520854523405, 3780988.199389623478055 ], [ 398572.736520854523405, 3780987.894201424438506 ], [ 398573.346897253300995, 3780987.283825025428087 ], [ 398573.652085452689789, 3780987.283825025428087 ], [ 398573.957273652078584, 3780986.978636825922877 ], [ 398573.957273652078584, 3780986.673448626883328 ], [ 398575.483214649022557, 3780985.14750762982294 ], [ 398575.483214649022557, 3780983.316378433257341 ], [ 398581.281790437409654, 3780983.316378433257341 ], [ 398581.586978636798449, 3780983.621566632762551 ], [ 398581.586978636798449, 3780985.757884028367698 ], [ 398581.281790437409654, 3780986.063072227872908 ], [ 398581.281790437409654, 3780988.504577822983265 ], [ 398581.586978636798449, 3780988.809766022488475 ], [ 398581.586978636798449, 3780989.420142421033233 ], [ 398581.281790437409654, 3780989.725330620538443 ], [ 398581.281790437409654, 3780990.946083418093622 ], [ 398573.0417090539122, 3780990.946083418093622 ] ] ] } },
{ "type": "Feature", "properties": { "confidence": 0.70975345373153687, "class": 1, "regularized": null }, "geometry": { "type": "Polygon", "coordinates": [ [ [ 398678.026449643948581, 3781147.812817904166877 ], [ 398677.416073245170992, 3781147.202441505622119 ], [ 398677.416073245170992, 3781146.592065106611699 ], [ 398677.110885045782197, 3781146.28687690757215 ], [ 398677.110885045782197, 3781143.234994913451374 ], [ 398677.721261444559786, 3781142.624618514906615 ], [ 398678.026449643948581, 3781142.624618514906615 ], [ 398678.331637843337376, 3781142.319430315401405 ], [ 398678.63682604272617, 3781142.319430315401405 ], [ 398679.247202441503759, 3781141.709053916390985 ], [ 398679.857578840281349, 3781141.709053916390985 ], [ 398680.162767039670143, 3781141.403865717351437 ], [ 398681.078331637836527, 3781141.403865717351437 ], [ 398681.078331637836527, 3781142.014242115896195 ], [ 398681.383519837225322, 3781142.319430315401405 ], [ 398682.6042726347805, 3781142.319430315401405 ], [ 398683.825025432335678, 3781143.540183112956583 ], [ 398684.130213631724473, 3781143.540183112956583 ], [ 398684.435401831113268, 3781143.845371312461793 ], [ 398684.435401831113268, 3781144.455747711006552 ], [ 398684.740590030502062, 3781144.760935910511762 ], [ 398684.740590030502062, 3781145.37131230905652 ], [ 398684.435401831113268, 3781145.67650050856173 ], [ 398684.435401831113268, 3781146.28687690757215 ], [ 398684.130213631724473, 3781146.592065106611699 ], [ 398684.130213631724473, 3781146.897253306116909 ], [ 398683.825025432335678, 3781146.897253306116909 ], [ 398683.519837232946884, 3781147.202441505622119 ], [ 398682.6042726347805, 3781147.202441505622119 ], [ 398682.299084435391705, 3781147.507629705127329 ], [ 398681.078331637836527, 3781147.507629705127329 ], [ 398680.773143438447732, 3781147.812817904166877 ], [ 398678.026449643948581, 3781147.812817904166877 ] ] ] } },
{ "type": "Feature", "properties": { "confidence": 0.70932048559188843, "class": 1, "regularized": null }, "geometry": { "type": "Polygon", "coordinates": [ [ [ 398542.828077314363327, 3780965.310274669434875 ], [ 398542.522889114974532, 3780965.005086469929665 ], [ 398541.912512716196943, 3780965.005086469929665 ], [ 398541.912512716196943, 3780964.699898270424455 ], [ 398541.607324516808148, 3780964.394710071384907 ], [ 398541.302136317419354, 3780964.394710071384907 ], [ 398541.302136317419354, 3780964.089521871879697 ], [ 398540.996948118030559, 3780963.784333672374487 ], [ 398540.691759918641765, 3780963.784333672374487 ], [ 398540.38657171925297, 3780963.479145472869277 ], [ 398539.776195320475381, 3780963.479145472869277 ], [ 398539.471007121086586, 3780963.173957273829728 ], [ 398538.555442522861995, 3780963.173957273829728 ], [ 398538.2502543234732, 3780962.868769074324518 ], [ 398538.2502543234732, 3780962.563580874819309 ], [ 398537.945066124084406, 3780962.258392675314099 ], [ 398537.945066124084406, 3780961.34282807726413 ], [ 398538.2502543234732, 3780961.03763987775892 ], [ 398538.2502543234732, 3780959.511698881164193 ], [ 398537.945066124084406, 3780959.206510681658983 ], [ 398537.945066124084406, 3780958.290946083609015 ], [ 398538.2502543234732, 3780957.985757884103805 ], [ 398538.2502543234732, 3780957.375381485093385 ], [ 398537.945066124084406, 3780957.070193286053836 ], [ 398538.2502543234732, 3780956.765005086548626 ], [ 398538.2502543234732, 3780956.154628687538207 ], [ 398538.860630722250789, 3780956.154628687538207 ], [ 398539.165818921639584, 3780955.849440488498658 ], [ 398542.522889114974532, 3780955.849440488498658 ], [ 398542.828077314363327, 3780956.154628687538207 ], [ 398543.743641912529711, 3780956.154628687538207 ], [ 398544.048830111918505, 3780956.459816887043417 ], [ 398544.048830111918505, 3780957.375381485093385 ], [ 398544.3540183113073, 3780957.680569684598595 ], [ 398544.964394710084889, 3780957.680569684598595 ], [ 398545.269582909473684, 3780957.985757884103805 ], [ 398545.879959308251273, 3780957.985757884103805 ], [ 398546.185147507640067, 3780958.290946083609015 ], [ 398547.71108850458404, 3780958.290946083609015 ], [ 398548.32146490336163, 3780958.901322482153773 ], [ 398548.32146490336163, 3780959.206510681658983 ], [ 398548.626653102750424, 3780959.511698881164193 ], [ 398548.626653102750424, 3780960.122075279708952 ], [ 398548.931841302139219, 3780960.427263479214162 ], [ 398548.931841302139219, 3780964.699898270424455 ], [ 398548.626653102750424, 3780964.699898270424455 ], [ 398548.32146490336163, 3780965.005086469929665 ], [ 398546.795523906417657, 3780965.005086469929665 ], [ 398546.490335707028862, 3780965.310274669434875 ], [ 398542.828077314363327, 3780965.310274669434875 ] ] ] } },
{ "type": "Feature", "properties": { "confidence": 0.70695400238037109, "class": 1, "regularized": null }, "geometry": { "type": "Polygon", "coordinates": [ [ [ 398548.626653102750424, 3781167.955239064060152 ], [ 398548.32146490336163, 3781167.650050864554942 ], [ 398543.743641912529711, 3781167.650050864554942 ], [ 398543.438453713140916, 3781167.344862665515393 ], [ 398543.133265513752121, 3781167.344862665515393 ], [ 398542.522889114974532, 3781166.734486266504973 ], [ 398542.217700915585738, 3781166.734486266504973 ], [ 398539.471007121086586, 3781163.987792471889406 ], [ 398539.471007121086586, 3781163.682604272849858 ], [ 398539.165818921639584, 3781163.377416073344648 ], [ 398539.165818921639584, 3781161.54628687677905 ], [ 398538.860630722250789, 3781161.241098677739501 ], [ 398539.165818921639584, 3781161.241098677739501 ], [ 398539.471007121086586, 3781160.935910478234291 ], [ 398540.691759918641765, 3781160.935910478234291 ], [ 398540.996948118030559, 3781160.630722278729081 ], [ 398543.438453713140916, 3781160.630722278729081 ], [ 398544.964394710084889, 3781162.156663275789469 ], [ 398545.574771108862478, 3781162.156663275789469 ], [ 398545.879959308251273, 3781162.461851475294679 ], [ 398546.795523906417657, 3781162.461851475294679 ], [ 398547.100712105806451, 3781162.767039674334228 ], [ 398547.71108850458404, 3781162.767039674334228 ], [ 398548.016276703972835, 3781163.072227873839438 ], [ 398548.32146490336163, 3781163.072227873839438 ], [ 398548.931841302139219, 3781163.682604272849858 ], [ 398548.931841302139219, 3781164.292980671394616 ], [ 398549.237029501528013, 3781164.598168870899826 ], [ 398549.237029501528013, 3781166.124109867960215 ], [ 398549.542217700916808, 3781166.429298066999763 ], [ 398549.542217700916808, 3781167.344862665515393 ], [ 398549.237029501528013, 3781167.650050864554942 ], [ 398548.931841302139219, 3781167.650050864554942 ], [ 398548.626653102750424, 3781167.955239064060152 ] ] ] } },
{ "type": "Feature", "properties": { "confidence": 0.70117604732513428, "class": 1, "regularized": null }, "geometry": { "type": "Polygon", "coordinates": [ [ [ 398634.994913530012127, 3781082.807731434237212 ], [ 398634.994913530012127, 3781080.671414038632065 ], [ 398635.300101729400922, 3781080.366225839126855 ], [ 398635.300101729400922, 3781078.840284842532128 ], [ 398634.994913530012127, 3781078.535096643026918 ], [ 398634.994913530012127, 3781076.093591047916561 ], [ 398640.48830111901043, 3781076.093591047916561 ], [ 398640.793489318399224, 3781076.398779247421771 ], [ 398641.403865717176814, 3781076.398779247421771 ], [ 398641.709053916565608, 3781076.70396744646132 ], [ 398641.709053916565608, 3781077.00915564596653 ], [ 398642.014242115954403, 3781077.31434384547174 ], [ 398642.014242115954403, 3781082.807731434237212 ], [ 398634.994913530012127, 3781082.807731434237212 ] ] ] } },
{ "type": "Feature", "properties": { "confidence": 0.70062166452407837, "class": 1, "regularized": null }, "geometry": { "type": "Polygon", "coordinates": [ [ [ 398801.017293997982051, 3780836.520854527130723 ], [ 398800.406917599204462, 3780835.910478128120303 ], [ 398800.406917599204462, 3780835.605289928615093 ], [ 398800.712105798593257, 3780835.300101729575545 ], [ 398800.712105798593257, 3780833.163784333504736 ], [ 398801.017293997982051, 3780832.858596134465188 ], [ 398801.322482197370846, 3780832.858596134465188 ], [ 398801.62767039675964, 3780832.553407934959978 ], [ 398801.932858596148435, 3780832.553407934959978 ], [ 398802.23804679553723, 3780832.858596134465188 ], [ 398802.543234994926024, 3780832.858596134465188 ], [ 398802.848423194314819, 3780833.163784333504736 ], [ 398804.374364191258792, 3780833.163784333504736 ], [ 398804.679552390647586, 3780832.858596134465188 ], [ 398805.289928789425176, 3780832.858596134465188 ], [ 398805.59511698881397, 3780832.553407934959978 ], [ 398805.900305188202765, 3780832.553407934959978 ], [ 398806.205493387591559, 3780832.248219735454768 ], [ 398806.205493387591559, 3780831.943031535949558 ], [ 398806.510681586980354, 3780831.637843336910009 ], [ 398806.510681586980354, 3780831.332655137404799 ], [ 398807.121057985757943, 3780831.332655137404799 ], [ 398807.426246185146738, 3780831.02746693789959 ], [ 398808.646998982701916, 3780831.02746693789959 ], [ 398808.952187182090711, 3780831.332655137404799 ], [ 398808.952187182090711, 3780832.248219735454768 ], [ 398809.257375381479505, 3780832.553407934959978 ], [ 398809.257375381479505, 3780832.858596134465188 ], [ 398808.952187182090711, 3780833.163784333504736 ], [ 398808.952187182090711, 3780836.215666327625513 ], [ 398808.646998982701916, 3780836.520854527130723 ], [ 398801.017293997982051, 3780836.520854527130723 ] ] ] } },
{ "type": "Feature", "properties": { "confidence": 0.69924992322921753, "class": 1, "regularized": null }, "geometry": { "type": "Polygon", "coordinates": [ [ [ 398410.071210579830222, 3780704.679552390705794 ], [ 398410.071210579830222, 3780704.069175991695374 ], [ 398409.766022380441427, 3780703.763987792655826 ], [ 398409.460834181052633, 3780703.763987792655826 ], [ 398409.155645981663838, 3780703.458799593150616 ], [ 398408.240081383497454, 3780703.458799593150616 ], [ 398408.240081383497454, 3780702.848423194140196 ], [ 398407.93489318410866, 3780702.543234995100647 ], [ 398407.93489318410866, 3780702.238046795595437 ], [ 398407.629704984719865, 3780701.932858596090227 ], [ 398407.629704984719865, 3780696.744659206364304 ], [ 398407.32451678533107, 3780696.439471007324755 ], [ 398407.32451678533107, 3780695.829094608314335 ], [ 398407.629704984719865, 3780695.523906408809125 ], [ 398407.629704984719865, 3780693.997965412214398 ], [ 398408.240081383497454, 3780693.387589013203979 ], [ 398408.545269582886249, 3780693.387589013203979 ], [ 398408.850457782275043, 3780693.082400813698769 ], [ 398410.071210579830222, 3780693.082400813698769 ], [ 398410.986775178054813, 3780692.1668362156488 ], [ 398410.986775178054813, 3780691.251271617598832 ], [ 398411.291963377443608, 3780690.946083418093622 ], [ 398411.291963377443608, 3780690.640895218588412 ], [ 398411.597151576832402, 3780690.335707019548863 ], [ 398414.649033570720349, 3780690.335707019548863 ], [ 398415.259409969497938, 3780690.946083418093622 ], [ 398414.954221770109143, 3780691.251271617598832 ], [ 398414.954221770109143, 3780698.880976602435112 ], [ 398415.259409969497938, 3780699.186164801474661 ], [ 398415.259409969497938, 3780703.458799593150616 ], [ 398414.954221770109143, 3780703.763987792655826 ], [ 398414.954221770109143, 3780704.679552390705794 ], [ 398410.071210579830222, 3780704.679552390705794 ] ] ] } },
{ "type": "Feature", "properties": { "confidence": 0.69785875082015991, "class": 1, "regularized": "rectangle" }, "geometry": { "type": "Polygon", "coordinates": [ [ [ 398832.4375, 3781078.25 ], [ 398849.5625, 3781078.25 ], [ 398849.5625, 3781087.75 ], [ 398832.4375, 3781087.75 ], [ 398832.4375, 3781078.25 ] ] ] } },
{ "type": "Feature", "properties": { "confidence": 0.69412076473236084, "class": 1, "regularized": null }, "geometry": { "type": "Polygon", "coordinates": [ [ [ 398421.973550356051419, 3780863.682604272849858 ], [ 398421.668362156662624, 3780863.377416073344648 ], [ 398420.142421159718651, 3780863.377416073344648 ], [ 398419.837232960329857, 3780863.072227873839438 ], [ 398419.532044760941062, 3780863.072227873839438 ], [ 398419.532044760941062, 3780862.767039674334228 ], [ 398419.226856561552268, 3780862.461851475294679 ], [ 398419.226856561552268, 3780860.935910478234291 ], [ 398419.532044760941062, 3780860.630722278729081 ], [ 398419.532044760941062, 3780858.494404883123934 ], [ 398419.226856561552268, 3780858.189216683618724 ], [ 398419.226856561552268, 3780857.884028484113514 ], [ 398418.921668362163473, 3780857.578840285073966 ], [ 398419.532044760941062, 3780856.968463886063546 ], [ 398422.583926754829008, 3780856.968463886063546 ], [ 398422.889114954217803, 3780857.273652085568756 ], [ 398426.856561546272133, 3780857.273652085568756 ], [ 398427.161749745660927, 3780856.968463886063546 ], [ 398428.992878941993695, 3780856.968463886063546 ], [ 398429.298067141382489, 3780857.273652085568756 ], [ 398429.603255340771284, 3780857.273652085568756 ], [ 398429.603255340771284, 3780859.715157680679113 ], [ 398429.298067141382489, 3780860.020345880184323 ], [ 398429.298067141382489, 3780860.630722278729081 ], [ 398429.603255340771284, 3780860.935910478234291 ], [ 398429.603255340771284, 3780862.767039674334228 ], [ 398429.298067141382489, 3780863.072227873839438 ], [ 398428.992878941993695, 3780863.072227873839438 ], [ 398428.6876907426049, 3780863.377416073344648 ], [ 398424.415055951161776, 3780863.377416073344648 ], [ 398424.109867751772981, 3780863.682604272849858 ], [ 398421.973550356051419, 3780863.682604272849858 ] ] ] } },
{ "type": "Feature", "properties": { "confidence": 0.6936725378036499, "class": 1, "regularized": null }, "geometry": { "type": "Polygon", "coordinates": [ [ [ 398824.211597151588649, 3781171.922685656230897 ], [ 398823.906408952199854, 3781171.617497456725687 ], [ 398823.906408952199854, 3781169.17599186161533 ], [ 398824.211597151588649, 3781168.87080366211012 ], [ 398824.211597151588649, 3781166.124109867960215 ], [ 398824.516785350977443, 3781165.818921668455005 ], [ 398824.516785350977443, 3781165.513733468949795 ], [ 398825.127161749755032, 3781164.903357070405036 ], [ 398829.399796541198157, 3781164.903357070405036 ], [ 398829.704984740586951, 3781165.208545269444585 ], [ 398830.010172939975746, 3781165.208545269444585 ], [ 398830.010172939975746, 3781171.617497456725687 ], [ 398829.704984740586951, 3781171.617497456725687 ], [ 398829.399796541198157, 3781171.922685656230897 ], [ 398824.211597151588649, 3781171.922685656230897 ] ] ] } },
{ "type": "Feature", "properties": { "confidence": 0.69146221876144409, "class": 1, "regularized": null }, "geometry": { "type": "Polygon", "coordinates": [ [ [ 398994.811800610390492, 3781012.004069176036865 ], [ 398994.506612411001697, 3781011.698880976531655 ], [ 398990.539165818947367, 3781011.698880976531655 ], [ 398989.928789420169778, 3781011.088504577986896 ], [ 398989.928789420169778, 3781008.341810783371329 ], [ 398989.318413021392189, 3781007.731434384360909 ], [ 398988.402848423167598, 3781007.731434384360909 ], [ 398988.402848423167598, 3781007.121057985816151 ], [ 398988.097660223778803, 3781006.815869786310941 ], [ 398988.097660223778803, 3781006.510681586805731 ], [ 398988.402848423167598, 3781006.205493387766182 ], [ 398988.402848423167598, 3781005.900305188260972 ], [ 398989.928789420169778, 3781005.900305188260972 ], [ 398990.844354018336162, 3781004.984740590211004 ], [ 398990.844354018336162, 3781004.069175991695374 ], [ 398990.539165818947367, 3781003.763987792655826 ], [ 398990.844354018336162, 3781003.458799593150616 ], [ 398997.863682604278438, 3781003.458799593150616 ], [ 398998.168870803667232, 3781003.763987792655826 ], [ 398998.168870803667232, 3781004.984740590211004 ], [ 398997.863682604278438, 3781005.289928789250553 ], [ 398997.863682604278438, 3781007.731434384360909 ], [ 398997.558494404889643, 3781008.036622583866119 ], [ 398997.558494404889643, 3781011.393692777026445 ], [ 398997.253306205500849, 3781011.698880976531655 ], [ 398996.642929806723259, 3781011.698880976531655 ], [ 398996.337741607334465, 3781012.004069176036865 ], [ 398994.811800610390492, 3781012.004069176036865 ] ] ] } },
{ "type": "Feature", "properties": { "confidence": 0.68782073259353638, "class": 1, "regularized": null }, "geometry": { "type": "Polygon", "coordinates": [ [ [ 398443.336724313325249, 3780780.366225839126855 ], [ 398443.031536113936454, 3780780.061037640087306 ], [ 398442.421159715158865, 3780780.061037640087306 ], [ 398442.421159715158865, 3780779.450661241076887 ], [ 398442.726347914547659, 3780779.145473041571677 ], [ 398442.726347914547659, 3780777.61953204497695 ], [ 398443.031536113936454, 3780777.31434384547174 ], [ 398443.031536113936454, 3780777.00915564596653 ], [ 398444.252288911491632, 3780775.788402848411351 ], [ 398444.252288911491632, 3780775.483214648906142 ], [ 398444.557477110880427, 3780775.483214648906142 ], [ 398444.862665310269222, 3780775.178026449866593 ], [ 398448.219735503545962, 3780775.178026449866593 ], [ 398447.914547304157168, 3780775.483214648906142 ], [ 398447.914547304157168, 3780779.755849440582097 ], [ 398446.998982705990784, 3780779.755849440582097 ], [ 398446.693794506601989, 3780780.061037640087306 ], [ 398445.167853509658016, 3780780.061037640087306 ], [ 398444.862665310269222, 3780780.366225839126855 ], [ 398443.336724313325249, 3780780.366225839126855 ] ] ] } },
{ "type": "Feature", "properties": { "confidence": 0.68757188320159912, "class": 1, "regularized": null }, "geometry": { "type": "Polygon", "coordinates": [ [ [ 398435.401831129216589, 3780848.423194303177297 ], [ 398435.401831129216589, 3780845.98168870806694 ], [ 398435.096642929827794, 3780845.67650050856173 ], [ 398435.096642929827794, 3780842.929806713946164 ], [ 398435.401831129216589, 3780842.624618514906615 ], [ 398437.538148524938151, 3780842.624618514906615 ], [ 398437.843336724326946, 3780842.929806713946164 ], [ 398438.14852492371574, 3780842.929806713946164 ], [ 398438.453713123104535, 3780843.234994913451374 ], [ 398438.75890132249333, 3780843.234994913451374 ], [ 398439.064089521882124, 3780843.540183112956583 ], [ 398439.064089521882124, 3780848.423194303177297 ], [ 398435.401831129216589, 3780848.423194303177297 ] ] ] } },
{ "type": "Feature", "properties": { "confidence": 0.68501698970794678, "class": 1, "regularized": null }, "geometry": { "type": "Polygon", "coordinates": [ [ [ 398561.139369277749211, 3780961.64801627676934 ], [ 398561.139369277749211, 3780956.459816887043417 ], [ 398561.444557477138005, 3780956.154628687538207 ], [ 398561.444557477138005, 3780955.849440488498658 ], [ 398561.7497456765268, 3780955.849440488498658 ], [ 398562.054933875915594, 3780955.544252288993448 ], [ 398562.360122075304389, 3780955.544252288993448 ], [ 398562.970498474081978, 3780954.933875889983028 ], [ 398563.275686673470773, 3780954.933875889983028 ], [ 398563.886063072248362, 3780954.32349949143827 ], [ 398563.886063072248362, 3780953.71312309242785 ], [ 398564.191251271637157, 3780953.407934893388301 ], [ 398564.191251271637157, 3780952.187182095833123 ], [ 398563.886063072248362, 3780951.881993896327913 ], [ 398563.886063072248362, 3780950.050864699762315 ], [ 398564.191251271637157, 3780949.745676500722766 ], [ 398564.496439471025951, 3780949.745676500722766 ], [ 398564.801627670414746, 3780950.050864699762315 ], [ 398565.10681586980354, 3780950.050864699762315 ], [ 398565.412004069192335, 3780950.356052899267524 ], [ 398565.71719226858113, 3780950.356052899267524 ], [ 398566.327568667358719, 3780950.966429298277944 ], [ 398566.327568667358719, 3780955.849440488498658 ], [ 398566.632756866747513, 3780956.154628687538207 ], [ 398566.632756866747513, 3780961.03763987775892 ], [ 398566.327568667358719, 3780961.34282807726413 ], [ 398564.801627670414746, 3780961.34282807726413 ], [ 398564.496439471025951, 3780961.64801627676934 ], [ 398561.139369277749211, 3780961.64801627676934 ] ] ] } },
{ "type": "Feature", "properties": { "confidence": 0.67670685052871704, "class": 1, "regularized": null }, "geometry": { "type": "Polygon", "coordinates": [ [ [ 398883.418107833189424, 3781082.807731434237212 ], [ 398883.418107833189424, 3781082.502543235197663 ], [ 398882.807731434411835, 3781081.892166836187243 ], [ 398882.807731434411835, 3781079.145473041571677 ], [ 398882.50254323502304, 3781078.840284842532128 ], [ 398882.807731434411835, 3781078.535096643026918 ], [ 398882.807731434411835, 3781076.398779247421771 ], [ 398889.216683621576522, 3781076.398779247421771 ], [ 398889.216683621576522, 3781079.755849440582097 ], [ 398888.911495422187727, 3781080.061037640087306 ], [ 398888.911495422187727, 3781080.976602238137275 ], [ 398888.606307222798932, 3781081.281790437642485 ], [ 398888.606307222798932, 3781081.586978636682034 ], [ 398887.995930824021343, 3781082.197355035692453 ], [ 398887.690742624632549, 3781082.197355035692453 ], [ 398887.385554425243754, 3781082.502543235197663 ], [ 398887.385554425243754, 3781082.807731434237212 ], [ 398883.418107833189424, 3781082.807731434237212 ] ] ] } },
{ "type": "Feature", "properties": { "confidence": 0.67176342010498047, "class": 1, "regularized": null }, "geometry": { "type": "Polygon", "coordinates": [ [ [ 398644.45574771106476, 3781048.626653102692217 ], [ 398644.150559511675965, 3781048.321464903187007 ], [ 398642.319430315343197, 3781048.321464903187007 ], [ 398642.014242115954403, 3781048.016276704147458 ], [ 398640.793489318399224, 3781048.016276704147458 ], [ 398640.183112919621635, 3781047.405900305137038 ], [ 398640.183112919621635, 3781046.49033570708707 ], [ 398639.572736520844046, 3781045.87995930807665 ], [ 398639.572736520844046, 3781045.574771109037101 ], [ 398639.267548321455251, 3781045.269582909531891 ], [ 398639.267548321455251, 3781044.964394710026681 ], [ 398649.033570701954886, 3781044.964394710026681 ], [ 398649.033570701954886, 3781046.79552390659228 ], [ 398648.728382502566092, 3781047.100712105631828 ], [ 398648.728382502566092, 3781047.405900305137038 ], [ 398648.423194303177297, 3781047.405900305137038 ], [ 398647.812817904399708, 3781048.016276704147458 ], [ 398647.507629705010913, 3781048.016276704147458 ], [ 398647.202441505622119, 3781048.321464903187007 ], [ 398646.897253306233324, 3781048.321464903187007 ], [ 398646.59206510684453, 3781048.626653102692217 ], [ 398644.45574771106476, 3781048.626653102692217 ] ] ] } },
{ "type": "Feature", "properties": { "confidence": 0.66667091846466064, "class": 1, "regularized": null }, "geometry": { "type": "Polygon", "coordinates": [ [ [ 398692.06510681589134, 3781049.237029501702636 ], [ 398691.759918616502546, 3781048.931841302197427 ], [ 398691.759918616502546, 3781048.626653102692217 ], [ 398692.06510681589134, 3781048.321464903187007 ], [ 398692.06510681589134, 3781047.100712105631828 ], [ 398691.454730417113751, 3781046.49033570708707 ], [ 398690.844354018336162, 3781046.49033570708707 ], [ 398690.539165818947367, 3781046.18514750758186 ], [ 398690.539165818947367, 3781045.87995930807665 ], [ 398690.233977619558573, 3781045.574771109037101 ], [ 398690.233977619558573, 3781044.048830111976713 ], [ 398695.116988809779286, 3781044.048830111976713 ], [ 398695.116988809779286, 3781044.659206510521472 ], [ 398695.422177009168081, 3781044.964394710026681 ], [ 398695.116988809779286, 3781045.269582909531891 ], [ 398695.116988809779286, 3781045.87995930807665 ], [ 398694.811800610390492, 3781046.18514750758186 ], [ 398694.811800610390492, 3781046.49033570708707 ], [ 398694.506612411001697, 3781046.79552390659228 ], [ 398694.506612411001697, 3781048.931841302197427 ], [ 398694.201424211612903, 3781049.237029501702636 ], [ 398692.06510681589134, 3781049.237029501702636 ] ] ] } },
{ "type": "Feature", "properties": { "confidence": 0.66513437032699585, "class": 1, "regularized": null }, "geometry": { "type": "Polygon", "coordinates": [ [ [ 398685.350966429279651, 3780895.727365208324045 ], [ 398685.045778229890857, 3780895.422177009284496 ], [ 398684.130213631724473, 3780895.422177009284496 ], [ 398683.519837232946884, 3780894.811800610274076 ], [ 398682.909460834169295, 3780894.811800610274076 ], [ 398682.299084435391705, 3780894.201424211729318 ], [ 398681.993896236002911, 3780894.201424211729318 ], [ 398681.688708036614116, 3780893.896236012224108 ], [ 398681.383519837225322, 3780893.896236012224108 ], [ 398679.857578840281349, 3780892.37029501516372 ], [ 398679.552390640892554, 3780892.37029501516372 ], [ 398678.331637843337376, 3780891.149542217608541 ], [ 398678.331637843337376, 3780890.233977619558573 ], [ 398678.63682604272617, 3780890.233977619558573 ], [ 398679.247202441503759, 3780889.623601220548153 ], [ 398681.078331637836527, 3780889.623601220548153 ], [ 398681.383519837225322, 3780889.318413021508604 ], [ 398696.03255340794567, 3780889.318413021508604 ], [ 398696.03255340794567, 3780889.928789420053363 ], [ 398695.727365208556876, 3780890.233977619558573 ], [ 398695.727365208556876, 3780892.67548321466893 ], [ 398696.03255340794567, 3780892.980671414174139 ], [ 398696.03255340794567, 3780893.896236012224108 ], [ 398696.337741607334465, 3780894.201424211729318 ], [ 398696.337741607334465, 3780895.116988809779286 ], [ 398696.03255340794567, 3780895.422177009284496 ], [ 398692.980671414057724, 3780895.422177009284496 ], [ 398692.67548321466893, 3780895.727365208324045 ], [ 398685.350966429279651, 3780895.727365208324045 ] ] ] } },
{ "type": "Feature", "properties": { "confidence": 0.6643720269203186, "class": 1, "regularized": null }, "geometry": { "type": "Polygon", "coordinates": [ [ [ 398515.055951169866603, 3780965.615462868940085 ], [ 398514.750762970477808, 3780965.310274669434875 ], [ 398514.750762970477808, 3780960.122075279708952 ], [ 398514.445574771089014, 3780959.816887080203742 ], [ 398514.445574771089014, 3780959.206510681658983 ], [ 398514.750762970477808, 3780958.901322482153773 ], [ 398514.750762970477808, 3780958.596134282648563 ], [ 398515.361139369255397, 3780957.985757884103805 ], [ 398516.276703967421781, 3780957.985757884103805 ], [ 398516.581892166810576, 3780957.680569684598595 ], [ 398519.02339776197914, 3780957.680569684598595 ], [ 398519.63377416075673, 3780958.290946083609015 ], [ 398519.938962360145524, 3780958.290946083609015 ], [ 398519.938962360145524, 3780958.596134282648563 ], [ 398520.244150559534319, 3780958.901322482153773 ], [ 398520.244150559534319, 3780960.122075279708952 ], [ 398520.549338758923113, 3780960.427263479214162 ], [ 398520.549338758923113, 3780965.005086469929665 ], [ 398520.244150559534319, 3780965.310274669434875 ], [ 398519.328585961367935, 3780965.310274669434875 ], [ 398519.02339776197914, 3780965.615462868940085 ], [ 398515.055951169866603, 3780965.615462868940085 ] ] ] } },
{ "type": "Feature", "properties": { "confidence": 0.66343021392822266, "class": 1, "regularized": null }, "geometry": { "type": "Polygon", "coordinates": [ [ [ 398554.425228891137522, 3781091.963377416133881 ], [ 398554.120040691748727, 3781091.658189216628671 ], [ 398554.120040691748727, 3781091.353001017123461 ], [ 398553.814852492359933, 3781091.047812818083912 ], [ 398553.814852492359933, 3781090.437436419073492 ], [ 398554.120040691748727, 3781090.132248219568282 ], [ 398554.120040691748727, 3781088.606307222973555 ], [ 398553.814852492359933, 3781088.301119023468345 ], [ 398553.814852492359933, 3781086.164801627863199 ], [ 398554.120040691748727, 3781085.859613428357989 ], [ 398554.120040691748727, 3781085.554425228852779 ], [ 398555.951169888081495, 3781085.554425228852779 ], [ 398555.951169888081495, 3781091.963377416133881 ], [ 398554.425228891137522, 3781091.963377416133881 ] ] ] } },
{ "type": "Feature", "properties": { "confidence": 0.65999794006347656, "class": 1, "regularized": null }, "geometry": { "type": "Polygon", "coordinates": [ [ [ 398944.45574771106476, 3781041.302136317361146 ], [ 398944.45574771106476, 3781040.691759918816388 ], [ 398944.150559511675965, 3781040.386571719311178 ], [ 398944.150559511675965, 3781039.776195320300758 ], [ 398942.929806714120787, 3781038.555442522745579 ], [ 398933.468972533068154, 3781038.555442522745579 ], [ 398932.858596134290565, 3781037.945066124200821 ], [ 398932.858596134290565, 3781035.808748728595674 ], [ 398933.163784333679359, 3781035.503560529090464 ], [ 398936.215666327567305, 3781035.503560529090464 ], [ 398936.5208545269561, 3781035.808748728595674 ], [ 398946.286876907397527, 3781035.808748728595674 ], [ 398946.897253306233324, 3781036.419125127140433 ], [ 398947.507629705010913, 3781036.419125127140433 ], [ 398947.812817904399708, 3781036.724313326645643 ], [ 398948.728382502566092, 3781036.724313326645643 ], [ 398949.338758901343681, 3781037.334689725190401 ], [ 398949.643947100732476, 3781037.334689725190401 ], [ 398950.254323499510065, 3781037.945066124200821 ], [ 398950.254323499510065, 3781039.776195320300758 ], [ 398949.643947100732476, 3781040.386571719311178 ], [ 398949.338758901343681, 3781040.386571719311178 ], [ 398948.728382502566092, 3781040.996948117855936 ], [ 398948.423194303177297, 3781040.996948117855936 ], [ 398948.118006103788503, 3781041.302136317361146 ], [ 398944.45574771106476, 3781041.302136317361146 ] ] ] } },
{ "type": "Feature", "properties": { "confidence": 0.65679603815078735, "class": 1, "regularized": null }, "geometry": { "type": "Polygon", "coordinates": [ [ [ 398628.280773143458646, 3781161.54628687677905 ], [ 398627.975584944069851, 3781161.241098677739501 ], [ 398627.975584944069851, 3781160.935910478234291 ], [ 398627.670396744681057, 3781160.630722278729081 ], [ 398627.670396744681057, 3781158.189216683618724 ], [ 398627.975584944069851, 3781157.884028484113514 ], [ 398627.975584944069851, 3781155.747711088508368 ], [ 398627.670396744681057, 3781155.442522889003158 ], [ 398627.670396744681057, 3781154.832146490458399 ], [ 398627.365208545292262, 3781154.526958290953189 ], [ 398627.365208545292262, 3781152.085452695842832 ], [ 398627.670396744681057, 3781152.085452695842832 ], [ 398627.975584944069851, 3781151.780264496337622 ], [ 398628.280773143458646, 3781151.780264496337622 ], [ 398628.891149542236235, 3781151.169888097792864 ], [ 398629.19633774162503, 3781151.169888097792864 ], [ 398629.501525941013824, 3781150.864699898287654 ], [ 398631.332655137346592, 3781150.864699898287654 ], [ 398631.637843336735386, 3781151.169888097792864 ], [ 398631.943031536124181, 3781151.169888097792864 ], [ 398631.943031536124181, 3781152.390640895348042 ], [ 398632.248219735512976, 3781152.695829094387591 ], [ 398632.248219735512976, 3781153.611393692903221 ], [ 398632.858596134290565, 3781154.221770091447979 ], [ 398632.858596134290565, 3781156.358087487053126 ], [ 398633.163784333679359, 3781156.663275686558336 ], [ 398633.163784333679359, 3781156.968463886063546 ], [ 398633.468972533068154, 3781157.273652085568756 ], [ 398633.468972533068154, 3781159.715157680679113 ], [ 398632.55340793490177, 3781160.630722278729081 ], [ 398631.943031536124181, 3781160.630722278729081 ], [ 398631.332655137346592, 3781161.241098677739501 ], [ 398630.722278738569003, 3781161.241098677739501 ], [ 398630.417090539180208, 3781161.54628687677905 ], [ 398628.280773143458646, 3781161.54628687677905 ] ] ] } },
{ "type": "Feature", "properties": { "confidence": 0.65519529581069946, "class": 1, "regularized": null }, "geometry": { "type": "Polygon", "coordinates": [ [ [ 398814.140386571700219, 3780905.798575788270682 ], [ 398813.53001017292263, 3780905.188199389725924 ], [ 398813.53001017292263, 3780904.272634791675955 ], [ 398813.224821973533835, 3780903.967446592170745 ], [ 398813.224821973533835, 3780900.915564598049968 ], [ 398813.53001017292263, 3780900.61037639901042 ], [ 398813.53001017292263, 3780899.084435401950032 ], [ 398813.835198372311424, 3780898.779247202444822 ], [ 398813.835198372311424, 3780898.474059002939612 ], [ 398814.140386571700219, 3780898.168870803434402 ], [ 398814.140386571700219, 3780897.863682604394853 ], [ 398815.055951169866603, 3780896.948118005879223 ], [ 398818.107833163812757, 3780896.948118005879223 ], [ 398818.107833163812757, 3780897.253306205384433 ], [ 398818.718209562590346, 3780897.863682604394853 ], [ 398818.718209562590346, 3780898.168870803434402 ], [ 398819.02339776197914, 3780898.474059002939612 ], [ 398819.02339776197914, 3780898.779247202444822 ], [ 398819.328585961367935, 3780899.084435401950032 ], [ 398819.328585961367935, 3780899.38962360098958 ], [ 398820.244150559534319, 3780900.30518819950521 ], [ 398820.244150559534319, 3780900.61037639901042 ], [ 398820.549338758923113, 3780900.915564598049968 ], [ 398820.549338758923113, 3780902.136317395605147 ], [ 398820.854526958311908, 3780902.441505595110357 ], [ 398820.854526958311908, 3780903.662258392665535 ], [ 398820.549338758923113, 3780903.967446592170745 ], [ 398820.244150559534319, 3780903.967446592170745 ], [ 398819.938962360145524, 3780904.272634791675955 ], [ 398819.63377416075673, 3780904.272634791675955 ], [ 398819.328585961367935, 3780904.577822990715504 ], [ 398819.02339776197914, 3780904.577822990715504 ], [ 398818.718209562590346, 3780904.883011190220714 ], [ 398818.107833163812757, 3780904.883011190220714 ], [ 398817.802644964365754, 3780905.188199389725924 ], [ 398817.49745676497696, 3780905.188199389725924 ], [ 398817.192268565588165, 3780905.493387589231133 ], [ 398816.581892166810576, 3780905.493387589231133 ], [ 398816.276703967421781, 3780905.798575788270682 ], [ 398814.140386571700219, 3780905.798575788270682 ] ] ] } },
{ "type": "Feature", "properties": { "confidence": 0.65495544672012329, "class": 1, "regularized": null }, "geometry": { "type": "Polygon", "coordinates": [ [ [ 398592.878942014242057, 3780745.87995930807665 ], [ 398592.573753814853262, 3780745.574771109037101 ], [ 398592.268565615464468, 3780745.574771109037101 ], [ 398591.963377416075673, 3780745.269582909531891 ], [ 398591.658189216686878, 3780745.269582909531891 ], [ 398591.353001017298084, 3780744.964394710026681 ], [ 398591.047812817909289, 3780744.964394710026681 ], [ 398590.742624618520495, 3780744.659206510521472 ], [ 398590.4374364191317, 3780744.659206510521472 ], [ 398590.132248219742905, 3780744.354018311481923 ], [ 398587.690742624632549, 3780744.354018311481923 ], [ 398587.080366225854959, 3780744.964394710026681 ], [ 398586.46998982707737, 3780744.964394710026681 ], [ 398586.164801627688576, 3780745.269582909531891 ], [ 398585.859613428299781, 3780745.269582909531891 ], [ 398585.554425228910986, 3780744.964394710026681 ], [ 398585.249237029522192, 3780744.964394710026681 ], [ 398585.249237029522192, 3780744.659206510521472 ], [ 398584.944048830133397, 3780744.354018311481923 ], [ 398585.249237029522192, 3780744.048830111976713 ], [ 398585.249237029522192, 3780742.828077314421535 ], [ 398584.944048830133397, 3780742.522889114916325 ], [ 398584.944048830133397, 3780741.302136317361146 ], [ 398584.638860630744603, 3780740.996948117855936 ], [ 398584.638860630744603, 3780740.386571719311178 ], [ 398584.944048830133397, 3780740.081383519805968 ], [ 398584.944048830133397, 3780739.776195320300758 ], [ 398585.249237029522192, 3780739.471007121261209 ], [ 398588.301119023410138, 3780739.471007121261209 ], [ 398588.606307222798932, 3780739.776195320300758 ], [ 398589.216683621576522, 3780739.776195320300758 ], [ 398589.521871820965316, 3780740.081383519805968 ], [ 398591.353001017298084, 3780740.081383519805968 ], [ 398591.658189216686878, 3780740.386571719311178 ], [ 398591.963377416075673, 3780740.386571719311178 ], [ 398592.268565615464468, 3780740.691759918816388 ], [ 398592.268565615464468, 3780740.996948117855936 ], [ 398592.878942014242057, 3780741.607324516866356 ], [ 398593.184130213630851, 3780741.607324516866356 ], [ 398594.099694811797235, 3780742.522889114916325 ], [ 398594.099694811797235, 3780745.87995930807665 ], [ 398592.878942014242057, 3780745.87995930807665 ] ] ] } },
{ "type": "Feature", "properties": { "confidence": 0.64846271276473999, "class": 1, "regularized": null }, "geometry": { "type": "Polygon", "coordinates": [ [ [ 398671.3123092573951, 3780689.420142421033233 ], [ 398671.3123092573951, 3780688.809766022488475 ], [ 398671.007121058006305, 3780688.504577822983265 ], [ 398671.007121058006305, 3780687.589013224933296 ], [ 398671.3123092573951, 3780687.283825025428087 ], [ 398671.3123092573951, 3780686.673448626883328 ], [ 398671.007121058006305, 3780686.368260427378118 ], [ 398671.3123092573951, 3780686.063072227872908 ], [ 398671.3123092573951, 3780671.719226856715977 ], [ 398671.007121058006305, 3780671.414038657210767 ], [ 398671.3123092573951, 3780671.108850457705557 ], [ 398671.3123092573951, 3780669.582909460645169 ], [ 398671.617497456783894, 3780669.27772126160562 ], [ 398672.533062054950278, 3780669.27772126160562 ], [ 398672.838250254339073, 3780668.97253306210041 ], [ 398673.143438453727867, 3780668.97253306210041 ], [ 398673.143438453727867, 3780689.420142421033233 ], [ 398671.3123092573951, 3780689.420142421033233 ] ] ] } },
{ "type": "Feature", "properties": { "confidence": 0.64255619049072266, "class": 1, "regularized": null }, "geometry": { "type": "Polygon", "coordinates": [ [ [ 398625.2288911495707, 3780813.021363174077123 ], [ 398624.923702950123698, 3780812.716174974571913 ], [ 398622.177009155624546, 3780812.716174974571913 ], [ 398621.871820956235752, 3780812.410986775066704 ], [ 398621.566632756846957, 3780812.410986775066704 ], [ 398621.566632756846957, 3780812.105798575561494 ], [ 398621.261444557458162, 3780811.800610376521945 ], [ 398621.261444557458162, 3780811.495422177016735 ], [ 398620.956256358069368, 3780811.190233977511525 ], [ 398620.956256358069368, 3780810.885045778006315 ], [ 398620.651068158680573, 3780810.579857578966767 ], [ 398620.651068158680573, 3780809.664292980451137 ], [ 398636.826042726344895, 3780809.664292980451137 ], [ 398636.826042726344895, 3780811.190233977511525 ], [ 398637.131230925733689, 3780811.495422177016735 ], [ 398637.131230925733689, 3780812.105798575561494 ], [ 398636.5208545269561, 3780812.716174974571913 ], [ 398635.910478128178511, 3780812.716174974571913 ], [ 398635.605289928789716, 3780813.021363174077123 ], [ 398633.774160732456949, 3780813.021363174077123 ], [ 398633.468972533068154, 3780812.716174974571913 ], [ 398627.365208545292262, 3780812.716174974571913 ], [ 398627.060020345903467, 3780813.021363174077123 ], [ 398625.2288911495707, 3780813.021363174077123 ] ] ] } },
{ "type": "Feature", "properties": { "confidence": 0.64145416021347046, "class": 1, "regularized": null }, "geometry": { "type": "Polygon", "coordinates": [ [ [ 398723.499491352995392, 3781194.506612410768867 ], [ 398723.194303153606597, 3781194.201424211729318 ], [ 398722.889114954217803, 3781194.201424211729318 ], [ 398722.583926754829008, 3781193.896236012224108 ], [ 398722.278738555440214, 3781193.896236012224108 ], [ 398721.36317395727383, 3781192.980671414174139 ], [ 398721.36317395727383, 3781192.06510681565851 ], [ 398721.057985757885035, 3781191.759918616618961 ], [ 398721.057985757885035, 3781188.097660223953426 ], [ 398727.772126144438516, 3781188.097660223953426 ], [ 398728.077314343827311, 3781188.402848422992975 ], [ 398728.077314343827311, 3781192.980671414174139 ], [ 398727.161749745660927, 3781193.896236012224108 ], [ 398726.856561546272133, 3781193.896236012224108 ], [ 398726.551373346883338, 3781194.201424211729318 ], [ 398726.246185147494543, 3781194.201424211729318 ], [ 398725.940996948105749, 3781194.506612410768867 ], [ 398723.499491352995392, 3781194.506612410768867 ] ] ] } },
{ "type": "Feature", "properties": { "confidence": 0.63870120048522949, "class": 1, "regularized": null }, "geometry": { "type": "Polygon", "coordinates": [ [ [ 398669.175991861673538, 3780848.423194303177297 ], [ 398669.175991861673538, 3780847.507629705127329 ], [ 398668.870803662284743, 3780847.202441505622119 ], [ 398668.870803662284743, 3780844.455747711006552 ], [ 398668.565615462895948, 3780844.150559511501342 ], [ 398668.870803662284743, 3780843.845371312461793 ], [ 398668.870803662284743, 3780842.014242115896195 ], [ 398668.565615462895948, 3780841.709053916390985 ], [ 398668.565615462895948, 3780840.793489318341017 ], [ 398668.870803662284743, 3780840.488301118835807 ], [ 398668.870803662284743, 3780840.183112919796258 ], [ 398669.786368260451127, 3780840.183112919796258 ], [ 398670.091556459839921, 3780839.877924720291048 ], [ 398670.396744659228716, 3780839.877924720291048 ], [ 398671.3123092573951, 3780838.96236012224108 ], [ 398671.617497456783894, 3780838.96236012224108 ], [ 398672.227873855561484, 3780838.35198372323066 ], [ 398673.143438453727867, 3780838.35198372323066 ], [ 398673.143438453727867, 3780848.423194303177297 ], [ 398669.175991861673538, 3780848.423194303177297 ] ] ] } },
{ "type": "Feature", "properties": { "confidence": 0.63779163360595703, "class": 1, "regularized": null }, "geometry": { "type": "Polygon", "coordinates": [ [ [ 398471.41403865715256, 3780686.063072227872908 ], [ 398471.108850457763765, 3780685.757884028367698 ], [ 398471.108850457763765, 3780683.316378433257341 ], [ 398471.41403865715256, 3780683.011190233752131 ], [ 398471.41403865715256, 3780681.485249237157404 ], [ 398471.108850457763765, 3780681.180061037652194 ], [ 398471.108850457763765, 3780679.959308240097016 ], [ 398471.719226856541354, 3780679.348931841086596 ], [ 398472.024415055930149, 3780679.348931841086596 ], [ 398472.329603255318943, 3780679.043743642047048 ], [ 398472.939979654096533, 3780679.043743642047048 ], [ 398473.245167853485327, 3780678.738555442541838 ], [ 398475.686673448653892, 3780678.738555442541838 ], [ 398476.602238046820275, 3780679.654120040591806 ], [ 398476.602238046820275, 3780682.095625635702163 ], [ 398476.90742624620907, 3780682.400813835207373 ], [ 398476.90742624620907, 3780684.23194303130731 ], [ 398475.991861648042686, 3780685.14750762982294 ], [ 398475.991861648042686, 3780685.452695828862488 ], [ 398475.686673448653892, 3780685.452695828862488 ], [ 398475.076297049876302, 3780686.063072227872908 ], [ 398471.41403865715256, 3780686.063072227872908 ] ] ] } },
{ "type": "Feature", "properties": { "confidence": 0.63286614418029785, "class": 1, "regularized": null }, "geometry": { "type": "Polygon", "coordinates": [ [ [ 398477.212614445597865, 3781073.652085452806205 ], [ 398476.90742624620907, 3781073.346897253300995 ], [ 398476.602238046820275, 3781073.346897253300995 ], [ 398475.991861648042686, 3781072.736520854756236 ], [ 398475.991861648042686, 3781072.431332655251026 ], [ 398475.381485249265097, 3781071.820956256240606 ], [ 398475.076297049876302, 3781071.820956256240606 ], [ 398475.076297049876302, 3781070.600203458685428 ], [ 398475.686673448653892, 3781069.989827060140669 ], [ 398475.686673448653892, 3781068.769074262585491 ], [ 398476.297049847431481, 3781068.158697863575071 ], [ 398476.297049847431481, 3781067.243133265525103 ], [ 398476.602238046820275, 3781066.937945066019893 ], [ 398483.621566632762551, 3781066.937945066019893 ], [ 398483.621566632762551, 3781069.684638860635459 ], [ 398483.316378433373757, 3781069.989827060140669 ], [ 398483.011190233984962, 3781069.989827060140669 ], [ 398481.790437436429784, 3781071.210579857695848 ], [ 398481.790437436429784, 3781071.515768057201058 ], [ 398481.485249237040989, 3781071.820956256240606 ], [ 398481.485249237040989, 3781072.126144455745816 ], [ 398480.8748728382634, 3781072.736520854756236 ], [ 398480.8748728382634, 3781073.041709053795785 ], [ 398480.569684638874605, 3781073.041709053795785 ], [ 398480.264496439485811, 3781073.346897253300995 ], [ 398478.738555442541838, 3781073.346897253300995 ], [ 398478.433367243153043, 3781073.652085452806205 ], [ 398477.212614445597865, 3781073.652085452806205 ] ] ] } },
{ "type": "Feature", "properties": { "confidence": 0.62513673305511475, "class": 1, "regularized": null }, "geometry": { "type": "Polygon", "coordinates": [ [ [ 398991.759918616502546, 3781046.49033570708707 ], [ 398991.454730417113751, 3781046.18514750758186 ], [ 398989.623601220780984, 3781046.18514750758186 ], [ 398988.708036622556392, 3781045.269582909531891 ], [ 398988.708036622556392, 3781044.964394710026681 ], [ 398988.402848423167598, 3781044.659206510521472 ], [ 398988.402848423167598, 3781044.048830111976713 ], [ 398997.863682604278438, 3781044.048830111976713 ], [ 398997.863682604278438, 3781044.659206510521472 ], [ 398997.253306205500849, 3781045.269582909531891 ], [ 398996.948118006112054, 3781045.269582909531891 ], [ 398996.642929806723259, 3781045.574771109037101 ], [ 398996.642929806723259, 3781045.87995930807665 ], [ 398996.337741607334465, 3781046.18514750758186 ], [ 398996.03255340794567, 3781046.18514750758186 ], [ 398995.727365208556876, 3781046.49033570708707 ], [ 398991.759918616502546, 3781046.49033570708707 ] ] ] } },
{ "type": "Feature", "properties": { "confidence": 0.62493056058883667, "class": 1, "regularized": null }, "geometry": { "type": "Polygon", "coordinates": [ [ [ 398907.527975584962405, 3780937.843336724210531 ], [ 398906.917599186184816, 3780937.232960325665772 ], [ 398905.696846388629638, 3780937.232960325665772 ], [ 398905.391658189240843, 3780936.927772126160562 ], [ 398905.391658189240843, 3780932.349949135445058 ], [ 398905.696846388629638, 3780932.044760935939848 ], [ 398905.696846388629638, 3780931.739572736434639 ], [ 398906.002034588018432, 3780931.434384536929429 ], [ 398906.002034588018432, 3780931.12919633788988 ], [ 398907.527975584962405, 3780931.12919633788988 ], [ 398907.527975584962405, 3780937.843336724210531 ] ] ] } },
{ "type": "Feature", "properties": { "confidence": 0.61807727813720703, "class": 1, "regularized": null }, "geometry": { "type": "Polygon", "coordinates": [ [ [ 398846.490335707028862, 3781081.586978636682034 ], [ 398846.185147507640067, 3781081.281790437642485 ], [ 398845.879959308251273, 3781081.281790437642485 ], [ 398845.269582909473684, 3781080.671414038632065 ], [ 398845.269582909473684, 3781080.366225839126855 ], [ 398844.659206510696094, 3781079.755849440582097 ], [ 398844.659206510696094, 3781079.145473041571677 ], [ 398844.3540183113073, 3781078.840284842532128 ], [ 398844.3540183113073, 3781078.229908443521708 ], [ 398848.626653102750424, 3781078.229908443521708 ], [ 398848.931841302139219, 3781077.924720244016498 ], [ 398849.237029501528013, 3781078.229908443521708 ], [ 398850.152594099694397, 3781078.229908443521708 ], [ 398850.152594099694397, 3781080.061037640087306 ], [ 398849.847405900305603, 3781080.366225839126855 ], [ 398849.847405900305603, 3781080.671414038632065 ], [ 398848.931841302139219, 3781081.586978636682034 ], [ 398846.490335707028862, 3781081.586978636682034 ] ] ] } },
{ "type": "Feature", "properties": { "confidence": 0.61275434494018555, "class": 1, "regularized": null }, "geometry": { "type": "Polygon", "coordinates": [ [ [ 398408.850457782275043, 3780943.947100711986423 ], [ 398408.545269582886249, 3780943.641912512946874 ], [ 398408.545269582886249, 3780942.421159714926034 ], [ 398408.240081383497454, 3780942.115971515886486 ], [ 398408.240081383497454, 3780941.200406917370856 ], [ 398407.93489318410866, 3780940.895218718331307 ], [ 398407.93489318410866, 3780939.979654119815677 ], [ 398408.240081383497454, 3780939.674465920776129 ], [ 398408.545269582886249, 3780939.674465920776129 ], [ 398408.850457782275043, 3780939.369277721270919 ], [ 398411.291963377443608, 3780939.369277721270919 ], [ 398411.597151576832402, 3780939.064089521765709 ], [ 398411.597151576832402, 3780938.14852492371574 ], [ 398411.902339776221197, 3780938.14852492371574 ], [ 398412.207527975609992, 3780937.843336724210531 ], [ 398412.512716174998786, 3780937.843336724210531 ], [ 398412.817904374387581, 3780937.538148524705321 ], [ 398416.480162767053116, 3780937.538148524705321 ], [ 398417.090539165830705, 3780938.14852492371574 ], [ 398417.090539165830705, 3780943.641912512946874 ], [ 398416.785350966441911, 3780943.641912512946874 ], [ 398416.480162767053116, 3780943.947100711986423 ], [ 398408.850457782275043, 3780943.947100711986423 ] ] ] } },
{ "type": "Feature", "properties": { "confidence": 0.61181819438934326, "class": 1, "regularized": null }, "geometry": { "type": "Polygon", "coordinates": [ [ [ 398706.103763987775892, 3780997.660223804879934 ], [ 398705.798575788387097, 3780997.355035605374724 ], [ 398704.883011190220714, 3780997.355035605374724 ], [ 398704.272634791443124, 3780996.744659206364304 ], [ 398704.272634791443124, 3780994.303153611253947 ], [ 398704.577822990831919, 3780993.997965412214398 ], [ 398704.577822990831919, 3780993.387589013203979 ], [ 398705.798575788387097, 3780992.1668362156488 ], [ 398706.408952187164687, 3780992.1668362156488 ], [ 398706.714140386553481, 3780991.86164801614359 ], [ 398707.019328585942276, 3780991.86164801614359 ], [ 398707.32451678533107, 3780991.556459817104042 ], [ 398715.869786368275527, 3780991.556459817104042 ], [ 398716.174974567664322, 3780991.251271617598832 ], [ 398716.785350966441911, 3780991.251271617598832 ], [ 398717.3957273652195, 3780991.86164801614359 ], [ 398718.006103763997089, 3780991.86164801614359 ], [ 398718.006103763997089, 3780992.1668362156488 ], [ 398718.311291963385884, 3780992.47202441515401 ], [ 398719.226856561552268, 3780992.47202441515401 ], [ 398719.226856561552268, 3780992.77721261465922 ], [ 398719.532044760941062, 3780993.082400813698769 ], [ 398719.532044760941062, 3780995.523906408809125 ], [ 398719.226856561552268, 3780995.829094608314335 ], [ 398719.226856561552268, 3780996.744659206364304 ], [ 398719.532044760941062, 3780997.049847405869514 ], [ 398719.226856561552268, 3780997.355035605374724 ], [ 398718.921668362163473, 3780997.355035605374724 ], [ 398718.616480162774678, 3780997.660223804879934 ], [ 398714.343845371331554, 3780997.660223804879934 ], [ 398714.038657171942759, 3780997.355035605374724 ], [ 398708.545269582886249, 3780997.355035605374724 ], [ 398708.240081383497454, 3780997.660223804879934 ], [ 398706.103763987775892, 3780997.660223804879934 ] ] ] } },
{ "type": "Feature", "properties": { "confidence": 0.60954022407531738, "class": 1, "regularized": null }, "geometry": { "type": "Polygon", "coordinates": [ [ [ 398443.336724313325249, 3780975.076297049876302 ], [ 398443.031536113936454, 3780974.771108850371093 ], [ 398442.421159715158865, 3780974.771108850371093 ], [ 398442.11597151577007, 3780974.465920650865883 ], [ 398442.11597151577007, 3780969.27772126160562 ], [ 398443.031536113936454, 3780968.362156663089991 ], [ 398448.524923702934757, 3780968.362156663089991 ], [ 398448.524923702934757, 3780971.108850457705557 ], [ 398448.219735503545962, 3780971.414038657210767 ], [ 398448.219735503545962, 3780972.329603255260736 ], [ 398448.524923702934757, 3780972.634791454765946 ], [ 398448.524923702934757, 3780973.855544252321124 ], [ 398448.830111902323551, 3780974.160732451826334 ], [ 398448.830111902323551, 3780974.771108850371093 ], [ 398446.388606307213195, 3780974.771108850371093 ], [ 398446.0834181078244, 3780975.076297049876302 ], [ 398443.336724313325249, 3780975.076297049876302 ] ] ] } },
{ "type": "Feature", "properties": { "confidence": 0.6075318455696106, "class": 1, "regularized": null }, "geometry": { "type": "Polygon", "coordinates": [ [ [ 398489.725330620538443, 3780871.922685656230897 ], [ 398489.420142421149649, 3780871.617497456725687 ], [ 398489.114954221760854, 3780871.617497456725687 ], [ 398488.80976602237206, 3780871.312309257220477 ], [ 398488.80976602237206, 3780871.007121058180928 ], [ 398488.504577822983265, 3780870.701932858675718 ], [ 398488.504577822983265, 3780865.818921668455005 ], [ 398488.80976602237206, 3780865.513733468949795 ], [ 398496.13428280770313, 3780865.513733468949795 ], [ 398496.13428280770313, 3780868.565615463070571 ], [ 398495.829094608314335, 3780868.87080366211012 ], [ 398495.829094608314335, 3780869.78636826062575 ], [ 398495.523906408925541, 3780870.091556459665298 ], [ 398495.523906408925541, 3780870.396744659170508 ], [ 398494.913530010147952, 3780871.007121058180928 ], [ 398494.913530010147952, 3780871.312309257220477 ], [ 398494.608341810759157, 3780871.617497456725687 ], [ 398490.030518819927238, 3780871.617497456725687 ], [ 398489.725330620538443, 3780871.922685656230897 ] ] ] } },
{ "type": "Feature", "properties": { "confidence": 0.60468286275863647, "class": 1, "regularized": null }, "geometry": { "type": "Polygon", "coordinates": [ [ [ 398800.406917599204462, 3780848.423194303177297 ], [ 398800.406917599204462, 3780848.118006103672087 ], [ 398800.101729399815667, 3780847.812817904166877 ], [ 398800.406917599204462, 3780847.507629705127329 ], [ 398800.406917599204462, 3780847.202441505622119 ], [ 398800.712105798593257, 3780846.897253306116909 ], [ 398801.017293997982051, 3780846.897253306116909 ], [ 398801.322482197370846, 3780846.592065106611699 ], [ 398809.257375381479505, 3780846.592065106611699 ], [ 398808.952187182090711, 3780846.897253306116909 ], [ 398808.952187182090711, 3780847.507629705127329 ], [ 398809.257375381479505, 3780847.812817904166877 ], [ 398808.952187182090711, 3780848.118006103672087 ], [ 398808.952187182090711, 3780848.423194303177297 ], [ 398800.406917599204462, 3780848.423194303177297 ] ] ] } },
{ "type": "Feature", "properties": { "confidence": 0.60119748115539551, "class": 1, "regularized": null }, "geometry": { "type": "Polygon", "coordinates": [ [ [ 398517.192268565588165, 3781152.695829094387591 ], [ 398517.192268565588165, 3781141.403865717351437 ], [ 398517.802644964365754, 3781141.403865717351437 ], [ 398518.718209562590346, 3781142.319430315401405 ], [ 398518.718209562590346, 3781142.624618514906615 ], [ 398519.02339776197914, 3781142.929806713946164 ], [ 398519.02339776197914, 3781143.234994913451374 ], [ 398519.328585961367935, 3781143.540183112956583 ], [ 398519.328585961367935, 3781144.760935910511762 ], [ 398519.63377416075673, 3781145.066124110016972 ], [ 398519.63377416075673, 3781145.37131230905652 ], [ 398519.938962360145524, 3781145.67650050856173 ], [ 398519.938962360145524, 3781151.169888097792864 ], [ 398520.244150559534319, 3781151.475076296832412 ], [ 398520.244150559534319, 3781151.780264496337622 ], [ 398519.938962360145524, 3781152.085452695842832 ], [ 398519.938962360145524, 3781152.695829094387591 ], [ 398517.192268565588165, 3781152.695829094387591 ] ] ] } },
{ "type": "Feature", "properties": { "confidence": 0.59991472959518433, "class": 1, "regularized": null }, "geometry": { "type": "Polygon", "coordinates": [ [ [ 398931.027466937957797, 3781155.747711088508368 ], [ 398930.722278738569003, 3781155.442522889003158 ], [ 398930.417090539180208, 3781155.442522889003158 ], [ 398930.111902339791413, 3781155.137334689497948 ], [ 398929.501525941013824, 3781155.137334689497948 ], [ 398929.19633774162503, 3781154.832146490458399 ], [ 398927.975584944069851, 3781154.832146490458399 ], [ 398927.670396744681057, 3781154.526958290953189 ], [ 398927.060020345903467, 3781154.526958290953189 ], [ 398926.754832146514673, 3781154.221770091447979 ], [ 398926.449643947125878, 3781154.221770091447979 ], [ 398926.449643947125878, 3781153.611393692903221 ], [ 398926.144455747737084, 3781153.306205493398011 ], [ 398926.144455747737084, 3781152.085452695842832 ], [ 398926.754832146514673, 3781151.475076296832412 ], [ 398927.365208545292262, 3781151.475076296832412 ], [ 398927.670396744681057, 3781151.169888097792864 ], [ 398932.858596134290565, 3781151.169888097792864 ], [ 398932.858596134290565, 3781151.475076296832412 ], [ 398933.163784333679359, 3781151.780264496337622 ], [ 398933.163784333679359, 3781152.085452695842832 ], [ 398933.468972533068154, 3781152.390640895348042 ], [ 398933.774160732456949, 3781152.390640895348042 ], [ 398934.079348931845743, 3781152.695829094387591 ], [ 398934.079348931845743, 3781153.001017293892801 ], [ 398934.384537131234538, 3781153.306205493398011 ], [ 398934.384537131234538, 3781154.526958290953189 ], [ 398934.079348931845743, 3781154.832146490458399 ], [ 398934.079348931845743, 3781155.137334689497948 ], [ 398933.774160732456949, 3781155.442522889003158 ], [ 398933.774160732456949, 3781155.747711088508368 ], [ 398931.027466937957797, 3781155.747711088508368 ] ] ] } },
{ "type": "Feature", "properties": { "confidence": 0.59732860326766968, "class": 1, "regularized": null }, "geometry": { "type": "Polygon", "coordinates": [ [ [ 398439.979654120048508, 3780705.595116988755763 ], [ 398439.674465920659713, 3780705.289928789250553 ], [ 398438.14852492371574, 3780705.289928789250553 ], [ 398437.843336724326946, 3780704.984740590211004 ], [ 398436.622583926771767, 3780704.984740590211004 ], [ 398436.317395727382973, 3780704.679552390705794 ], [ 398435.707019328605384, 3780704.679552390705794 ], [ 398435.401831129216589, 3780704.374364191200584 ], [ 398435.096642929827794, 3780704.374364191200584 ], [ 398435.096642929827794, 3780703.153611393645406 ], [ 398435.401831129216589, 3780702.848423194140196 ], [ 398435.401831129216589, 3780701.932858596090227 ], [ 398435.707019328605384, 3780701.627670396585017 ], [ 398435.707019328605384, 3780700.10172939999029 ], [ 398436.012207527994178, 3780699.79654120048508 ], [ 398436.012207527994178, 3780699.491353000979871 ], [ 398436.317395727382973, 3780699.186164801474661 ], [ 398436.317395727382973, 3780698.575788402929902 ], [ 398436.622583926771767, 3780698.270600203424692 ], [ 398436.622583926771767, 3780697.660223804879934 ], [ 398436.927772126160562, 3780697.660223804879934 ], [ 398437.538148524938151, 3780697.049847405869514 ], [ 398440.590030518826097, 3780697.049847405869514 ], [ 398440.895218718214892, 3780696.744659206364304 ], [ 398441.505595116992481, 3780696.744659206364304 ], [ 398442.421159715158865, 3780695.829094608314335 ], [ 398442.421159715158865, 3780695.218718209769577 ], [ 398443.641912512714043, 3780695.218718209769577 ], [ 398443.641912512714043, 3780695.523906408809125 ], [ 398444.252288911491632, 3780696.134282807819545 ], [ 398444.557477110880427, 3780696.134282807819545 ], [ 398444.557477110880427, 3780697.049847405869514 ], [ 398445.167853509658016, 3780697.660223804879934 ], [ 398445.473041709046811, 3780697.660223804879934 ], [ 398445.473041709046811, 3780697.965412003919482 ], [ 398446.0834181078244, 3780698.575788402929902 ], [ 398446.0834181078244, 3780702.543234995100647 ], [ 398445.778229908435605, 3780702.848423194140196 ], [ 398445.778229908435605, 3780703.458799593150616 ], [ 398445.473041709046811, 3780703.763987792655826 ], [ 398445.167853509658016, 3780703.763987792655826 ], [ 398444.862665310269222, 3780704.069175991695374 ], [ 398443.641912512714043, 3780704.069175991695374 ], [ 398443.336724313325249, 3780704.374364191200584 ], [ 398443.031536113936454, 3780704.374364191200584 ], [ 398442.11597151577007, 3780705.289928789250553 ], [ 398440.284842319437303, 3780705.289928789250553 ], [ 398439.979654120048508, 3780705.595116988755763 ] ] ] } },
{ "type": "Feature", "properties": { "confidence": 0.59436368942260742, "class": 1, "regularized": null }, "geometry": { "type": "Polygon", "coordinates": [ [ [ 398413.42828077316517, 3781120.040691759902984 ], [ 398413.123092573776376, 3781119.735503560397774 ], [ 398412.817904374387581, 3781119.735503560397774 ], [ 398412.512716174998786, 3781119.430315361358225 ], [ 398411.902339776221197, 3781119.430315361358225 ], [ 398411.291963377443608, 3781118.819938962347806 ], [ 398411.291963377443608, 3781116.683621566742659 ], [ 398411.597151576832402, 3781116.683621566742659 ], [ 398411.902339776221197, 3781116.378433367237449 ], [ 398411.902339776221197, 3781115.76805696869269 ], [ 398412.207527975609992, 3781115.46286876918748 ], [ 398412.207527975609992, 3781115.15768056968227 ], [ 398414.649033570720349, 3781115.15768056968227 ], [ 398414.954221770109143, 3781114.85249237017706 ], [ 398415.564598168886732, 3781114.85249237017706 ], [ 398417.090539165830705, 3781113.326551373116672 ], [ 398417.090539165830705, 3781113.021363174077123 ], [ 398417.700915564608295, 3781112.410986775066704 ], [ 398418.006103763997089, 3781112.410986775066704 ], [ 398418.311291963385884, 3781112.105798575561494 ], [ 398418.311291963385884, 3781112.410986775066704 ], [ 398418.921668362163473, 3781113.021363174077123 ], [ 398418.921668362163473, 3781113.326551373116672 ], [ 398419.226856561552268, 3781113.631739572621882 ], [ 398419.226856561552268, 3781115.46286876918748 ], [ 398419.532044760941062, 3781115.76805696869269 ], [ 398419.532044760941062, 3781116.378433367237449 ], [ 398419.226856561552268, 3781116.683621566742659 ], [ 398419.226856561552268, 3781117.293997965287417 ], [ 398418.616480162774678, 3781117.904374364297837 ], [ 398418.616480162774678, 3781118.209562563803047 ], [ 398418.311291963385884, 3781118.209562563803047 ], [ 398418.006103763997089, 3781118.514750762842596 ], [ 398418.006103763997089, 3781118.819938962347806 ], [ 398417.700915564608295, 3781119.125127161853015 ], [ 398417.700915564608295, 3781119.430315361358225 ], [ 398417.3957273652195, 3781119.735503560397774 ], [ 398416.174974567664322, 3781119.735503560397774 ], [ 398415.869786368275527, 3781120.040691759902984 ], [ 398413.42828077316517, 3781120.040691759902984 ] ] ] } },
{ "type": "Feature", "properties": { "confidence": 0.59403532743453979, "class": 1, "regularized": null }, "geometry": { "type": "Polygon", "coordinates": [ [ [ 398710.681586978607811, 3781080.976602238137275 ], [ 398710.681586978607811, 3781079.450661241076887 ], [ 398710.376398779219016, 3781079.145473041571677 ], [ 398710.376398779219016, 3781078.229908443521708 ], [ 398710.071210579830222, 3781077.924720244016498 ], [ 398710.071210579830222, 3781076.70396744646132 ], [ 398709.766022380441427, 3781076.398779247421771 ], [ 398709.766022380441427, 3781076.093591047916561 ], [ 398709.460834181052633, 3781075.788402848411351 ], [ 398709.460834181052633, 3781073.957273652311414 ], [ 398709.766022380441427, 3781073.957273652311414 ], [ 398710.071210579830222, 3781073.652085452806205 ], [ 398710.986775178054813, 3781073.652085452806205 ], [ 398711.291963377443608, 3781073.346897253300995 ], [ 398715.869786368275527, 3781073.346897253300995 ], [ 398716.174974567664322, 3781073.652085452806205 ], [ 398716.174974567664322, 3781075.178026449866593 ], [ 398715.869786368275527, 3781075.483214648906142 ], [ 398715.564598168886732, 3781075.483214648906142 ], [ 398714.038657171942759, 3781077.00915564596653 ], [ 398713.733468972553965, 3781077.00915564596653 ], [ 398713.42828077316517, 3781077.31434384547174 ], [ 398713.42828077316517, 3781077.61953204497695 ], [ 398713.123092573776376, 3781077.924720244016498 ], [ 398713.123092573776376, 3781078.535096643026918 ], [ 398713.42828077316517, 3781078.840284842532128 ], [ 398713.42828077316517, 3781079.145473041571677 ], [ 398713.733468972553965, 3781079.450661241076887 ], [ 398713.733468972553965, 3781080.061037640087306 ], [ 398713.123092573776376, 3781080.671414038632065 ], [ 398710.986775178054813, 3781080.671414038632065 ], [ 398710.681586978607811, 3781080.976602238137275 ] ] ] } },
{ "type": "Feature", "properties": { "confidence": 0.59313344955444336, "class": 1, "regularized": null }, "geometry": { "type": "Polygon", "coordinates": [ [ [ 398990.539165818947367, 3780980.264496439602226 ], [ 398990.233977619558573, 3780979.959308240097016 ], [ 398989.928789420169778, 3780979.959308240097016 ], [ 398989.013224821945187, 3780979.043743642047048 ], [ 398988.708036622556392, 3780979.043743642047048 ], [ 398988.402848423167598, 3780978.738555442541838 ], [ 398987.792472024390008, 3780978.738555442541838 ], [ 398987.182095625612419, 3780978.128179043531418 ], [ 398987.182095625612419, 3780977.822990844491869 ], [ 398986.876907426223624, 3780977.517802644986659 ], [ 398986.876907426223624, 3780974.771108850371093 ], [ 398986.266531027446035, 3780974.160732451826334 ], [ 398986.266531027446035, 3780973.245167853310704 ], [ 398985.961342828057241, 3780972.939979654271156 ], [ 398985.961342828057241, 3780972.634791454765946 ], [ 398986.266531027446035, 3780972.329603255260736 ], [ 398986.266531027446035, 3780972.024415055755526 ], [ 398986.57171922683483, 3780971.719226856715977 ], [ 398987.487283825001214, 3780971.719226856715977 ], [ 398989.013224821945187, 3780970.193285859655589 ], [ 398993.591047812835313, 3780970.193285859655589 ], [ 398993.896236012224108, 3780970.498474059160799 ], [ 398993.896236012224108, 3780972.329603255260736 ], [ 398993.591047812835313, 3780972.634791454765946 ], [ 398993.591047812835313, 3780977.822990844491869 ], [ 398993.285859613446519, 3780978.128179043531418 ], [ 398993.285859613446519, 3780979.043743642047048 ], [ 398992.980671414057724, 3780979.348931841086596 ], [ 398992.980671414057724, 3780979.959308240097016 ], [ 398992.67548321466893, 3780979.959308240097016 ], [ 398992.370295015280135, 3780980.264496439602226 ], [ 398990.539165818947367, 3780980.264496439602226 ] ] ] } },
{ "type": "Feature", "properties": { "confidence": 0.58883422613143921, "class": 1, "regularized": null }, "geometry": { "type": "Polygon", "coordinates": [ [ [ 398415.564598168886732, 3780790.742624618578702 ], [ 398415.564598168886732, 3780789.521871821023524 ], [ 398415.869786368275527, 3780789.216683621518314 ], [ 398415.869786368275527, 3780787.995930823963135 ], [ 398416.174974567664322, 3780787.690742624457926 ], [ 398416.174974567664322, 3780787.385554425418377 ], [ 398416.785350966441911, 3780786.775178026407957 ], [ 398416.785350966441911, 3780786.469989826902747 ], [ 398417.700915564608295, 3780786.469989826902747 ], [ 398418.006103763997089, 3780786.164801627863199 ], [ 398419.837232960329857, 3780786.164801627863199 ], [ 398420.142421159718651, 3780786.469989826902747 ], [ 398424.109867751772981, 3780786.469989826902747 ], [ 398424.72024415055057, 3780787.080366225913167 ], [ 398424.72024415055057, 3780790.132248219568282 ], [ 398424.415055951161776, 3780790.437436419073492 ], [ 398424.109867751772981, 3780790.437436419073492 ], [ 398423.804679552384187, 3780790.742624618578702 ], [ 398415.564598168886732, 3780790.742624618578702 ] ] ] } },
{ "type": "Feature", "properties": { "confidence": 0.58769583702087402, "class": 1, "regularized": null }, "geometry": { "type": "Polygon", "coordinates": [ [ [ 398646.59206510684453, 3781149.338758901227266 ], [ 398646.286876907397527, 3781149.033570701722056 ], [ 398646.286876907397527, 3781147.812817904166877 ], [ 398645.981688708008733, 3781147.507629705127329 ], [ 398645.981688708008733, 3781146.28687690757215 ], [ 398645.676500508619938, 3781145.98168870806694 ], [ 398645.676500508619938, 3781143.540183112956583 ], [ 398645.981688708008733, 3781143.234994913451374 ], [ 398645.981688708008733, 3781141.709053916390985 ], [ 398646.286876907397527, 3781141.403865717351437 ], [ 398646.286876907397527, 3781140.183112919796258 ], [ 398646.59206510684453, 3781139.877924720291048 ], [ 398647.507629705010913, 3781139.877924720291048 ], [ 398647.812817904399708, 3781139.572736520785838 ], [ 398648.728382502566092, 3781139.572736520785838 ], [ 398649.033570701954886, 3781139.877924720291048 ], [ 398649.338758901343681, 3781139.877924720291048 ], [ 398649.338758901343681, 3781140.488301118835807 ], [ 398649.643947100732476, 3781140.793489318341017 ], [ 398649.643947100732476, 3781142.319430315401405 ], [ 398649.94913530012127, 3781142.624618514906615 ], [ 398649.94913530012127, 3781142.929806713946164 ], [ 398650.254323499510065, 3781143.234994913451374 ], [ 398650.254323499510065, 3781144.150559511501342 ], [ 398650.559511698898859, 3781144.455747711006552 ], [ 398650.559511698898859, 3781147.507629705127329 ], [ 398650.864699898287654, 3781147.812817904166877 ], [ 398650.864699898287654, 3781148.728382502682507 ], [ 398650.559511698898859, 3781149.033570701722056 ], [ 398649.643947100732476, 3781149.033570701722056 ], [ 398649.338758901343681, 3781148.728382502682507 ], [ 398648.118006103788503, 3781148.728382502682507 ], [ 398647.812817904399708, 3781149.033570701722056 ], [ 398647.202441505622119, 3781149.033570701722056 ], [ 398646.897253306233324, 3781149.338758901227266 ], [ 398646.59206510684453, 3781149.338758901227266 ] ] ] } },
{ "type": "Feature", "properties": { "confidence": 0.58655226230621338, "class": 1, "regularized": null }, "geometry": { "type": "Polygon", "coordinates": [ [ [ 398446.0834181078244, 3781073.957273652311414 ], [ 398445.778229908435605, 3781073.652085452806205 ], [ 398445.473041709046811, 3781073.652085452806205 ], [ 398445.167853509658016, 3781073.346897253300995 ], [ 398445.167853509658016, 3781072.736520854756236 ], [ 398444.862665310269222, 3781072.431332655251026 ], [ 398444.862665310269222, 3781071.820956256240606 ], [ 398444.557477110880427, 3781071.515768057201058 ], [ 398444.557477110880427, 3781070.905391658190638 ], [ 398444.252288911491632, 3781070.600203458685428 ], [ 398444.252288911491632, 3781069.684638860635459 ], [ 398444.557477110880427, 3781069.37945066113025 ], [ 398444.557477110880427, 3781069.07426246162504 ], [ 398444.862665310269222, 3781068.769074262585491 ], [ 398444.862665310269222, 3781068.463886063080281 ], [ 398445.473041709046811, 3781067.853509664069861 ], [ 398445.778229908435605, 3781067.853509664069861 ], [ 398446.0834181078244, 3781067.548321465030313 ], [ 398450.356052899267524, 3781067.548321465030313 ], [ 398450.356052899267524, 3781069.684638860635459 ], [ 398450.661241098656319, 3781069.989827060140669 ], [ 398450.661241098656319, 3781071.820956256240606 ], [ 398450.05086469987873, 3781072.431332655251026 ], [ 398450.05086469987873, 3781073.346897253300995 ], [ 398449.745676500489935, 3781073.652085452806205 ], [ 398449.440488301101141, 3781073.652085452806205 ], [ 398449.135300101712346, 3781073.957273652311414 ], [ 398446.0834181078244, 3781073.957273652311414 ] ] ] } },
{ "type": "Feature", "properties": { "confidence": 0.58318686485290527, "class": 1, "regularized": null }, "geometry": { "type": "Polygon", "coordinates": [ [ [ 398938.962360122066457, 3780936.317395727150142 ], [ 398938.657171922677662, 3780936.012207528110594 ], [ 398937.436419125122484, 3780936.012207528110594 ], [ 398937.131230925733689, 3780935.707019328605384 ], [ 398937.131230925733689, 3780934.791454730555415 ], [ 398936.826042726344895, 3780934.486266531050205 ], [ 398936.826042726344895, 3780934.181078331544995 ], [ 398937.131230925733689, 3780933.875890132039785 ], [ 398937.131230925733689, 3780932.655137334484607 ], [ 398937.436419125122484, 3780932.349949135445058 ], [ 398938.046795523900073, 3780932.349949135445058 ], [ 398938.351983723288868, 3780932.044760935939848 ], [ 398939.267548321455251, 3780932.044760935939848 ], [ 398939.572736520844046, 3780931.739572736434639 ], [ 398940.793489318399224, 3780931.739572736434639 ], [ 398941.098677517788019, 3780931.434384536929429 ], [ 398943.540183112898376, 3780931.434384536929429 ], [ 398943.84537131228717, 3780931.739572736434639 ], [ 398944.150559511675965, 3780931.739572736434639 ], [ 398944.150559511675965, 3780932.044760935939848 ], [ 398944.760935910453554, 3780932.655137334484607 ], [ 398944.760935910453554, 3780934.486266531050205 ], [ 398944.45574771106476, 3780934.486266531050205 ], [ 398944.150559511675965, 3780934.791454730555415 ], [ 398944.150559511675965, 3780935.096642929594964 ], [ 398943.234994913509581, 3780936.012207528110594 ], [ 398942.319430315343197, 3780936.012207528110594 ], [ 398942.014242115954403, 3780936.317395727150142 ], [ 398938.962360122066457, 3780936.317395727150142 ] ] ] } },
{ "type": "Feature", "properties": { "confidence": 0.57415604591369629, "class": 1, "regularized": "rectangle" }, "geometry": { "type": "Polygon", "coordinates": [ [ [ 398664.59375, 3780634.5 ], [ 398680.15625, 3780634.5 ], [ 398680.15625, 3780648.5 ], [ 398664.59375, 3780648.5 ], [ 398664.59375, 3780634.5 ] ] ] } },
{ "type": "Feature", "properties": { "confidence": 0.57204353809356689, "class": 1, "regularized": null }, "geometry": { "type": "Polygon", "coordinates": [ [ [ 398550.457782299083192, 3780623.19430315354839 ], [ 398550.152594099694397, 3780622.88911495404318 ], [ 398549.847405900305603, 3780622.88911495404318 ], [ 398549.542217700916808, 3780622.583926755003631 ], [ 398549.237029501528013, 3780622.583926755003631 ], [ 398548.931841302139219, 3780622.278738555498421 ], [ 398548.931841302139219, 3780619.837232960388064 ], [ 398549.237029501528013, 3780619.532044760882854 ], [ 398549.237029501528013, 3780618.616480162832886 ], [ 398549.542217700916808, 3780618.311291963327676 ], [ 398549.542217700916808, 3780618.006103763822466 ], [ 398549.847405900305603, 3780617.700915564782917 ], [ 398549.847405900305603, 3780617.395727365277708 ], [ 398550.152594099694397, 3780617.090539165772498 ], [ 398550.152594099694397, 3780616.480162767227739 ], [ 398550.457782299083192, 3780616.174974567722529 ], [ 398550.457782299083192, 3780612.512716175056994 ], [ 398550.762970498471987, 3780612.207527975551784 ], [ 398550.762970498471987, 3780611.597151577007025 ], [ 398551.068158697860781, 3780611.291963377501816 ], [ 398551.068158697860781, 3780610.071210579946637 ], [ 398551.67853509663837, 3780609.460834180936217 ], [ 398556.256358087470289, 3780609.460834180936217 ], [ 398556.561546286859084, 3780609.766022380441427 ], [ 398556.561546286859084, 3780614.954221770167351 ], [ 398556.866734486247879, 3780615.259409969672561 ], [ 398556.866734486247879, 3780615.869786368217319 ], [ 398557.171922685636673, 3780616.174974567722529 ], [ 398557.171922685636673, 3780616.785350966267288 ], [ 398556.866734486247879, 3780617.090539165772498 ], [ 398556.866734486247879, 3780617.700915564782917 ], [ 398556.561546286859084, 3780618.006103763822466 ], [ 398556.561546286859084, 3780618.616480162832886 ], [ 398556.256358087470289, 3780618.921668362338096 ], [ 398556.256358087470289, 3780619.226856561377645 ], [ 398555.951169888081495, 3780619.532044760882854 ], [ 398555.951169888081495, 3780620.447609358932823 ], [ 398555.035605289915111, 3780621.363173957448453 ], [ 398555.035605289915111, 3780622.583926755003631 ], [ 398554.425228891137522, 3780623.19430315354839 ], [ 398550.457782299083192, 3780623.19430315354839 ] ] ] } },
{ "type": "Feature", "properties": { "confidence": 0.56976711750030518, "class": 1, "regularized": null }, "geometry": { "type": "Polygon", "coordinates": [ [ [ 398554.120040691748727, 3781190.233977619558573 ], [ 398553.814852492359933, 3781189.928789420053363 ], [ 398552.899287894193549, 3781189.928789420053363 ], [ 398552.28891149541596, 3781189.318413021508604 ], [ 398552.28891149541596, 3781182.909460834227502 ], [ 398552.899287894193549, 3781182.909460834227502 ], [ 398553.204476093582343, 3781182.604272634722292 ], [ 398553.509664292971138, 3781182.604272634722292 ], [ 398553.814852492359933, 3781182.299084435217083 ], [ 398555.340793489303906, 3781182.299084435217083 ], [ 398555.6459816886927, 3781181.993896236177534 ], [ 398555.951169888081495, 3781181.993896236177534 ], [ 398555.951169888081495, 3781190.233977619558573 ], [ 398554.120040691748727, 3781190.233977619558573 ] ] ] } },
{ "type": "Feature", "properties": { "confidence": 0.56951248645782471, "class": 1, "regularized": null }, "geometry": { "type": "Polygon", "coordinates": [ [ [ 398671.3123092573951, 3780978.128179043531418 ], [ 398671.3123092573951, 3780974.465920650865883 ], [ 398671.007121058006305, 3780974.160732451826334 ], [ 398671.007121058006305, 3780973.550356052815914 ], [ 398671.3123092573951, 3780973.245167853310704 ], [ 398671.3123092573951, 3780971.108850457705557 ], [ 398671.007121058006305, 3780970.803662258200347 ], [ 398671.007121058006305, 3780969.582909460645169 ], [ 398671.3123092573951, 3780969.27772126160562 ], [ 398676.195320447615813, 3780969.27772126160562 ], [ 398676.500508647004608, 3780969.582909460645169 ], [ 398676.805696846393403, 3780969.582909460645169 ], [ 398676.805696846393403, 3780969.888097660150379 ], [ 398677.110885045782197, 3780970.193285859655589 ], [ 398677.110885045782197, 3780970.803662258200347 ], [ 398677.721261444559786, 3780971.414038657210767 ], [ 398677.721261444559786, 3780973.550356052815914 ], [ 398677.416073245170992, 3780973.855544252321124 ], [ 398677.416073245170992, 3780974.160732451826334 ], [ 398677.110885045782197, 3780974.465920650865883 ], [ 398677.110885045782197, 3780975.076297049876302 ], [ 398676.805696846393403, 3780975.381485249381512 ], [ 398676.805696846393403, 3780975.991861647926271 ], [ 398675.890132248227019, 3780976.907426245976239 ], [ 398675.584944048838224, 3780976.907426245976239 ], [ 398675.27975584944943, 3780977.212614445481449 ], [ 398675.27975584944943, 3780977.822990844491869 ], [ 398674.974567650060635, 3780977.822990844491869 ], [ 398674.66937945067184, 3780978.128179043531418 ], [ 398671.3123092573951, 3780978.128179043531418 ] ] ] } },
{ "type": "Feature", "properties": { "confidence": 0.56618285179138184, "class": 1, "regularized": null }, "geometry": { "type": "Polygon", "coordinates": [ [ [ 398455.239064089546446, 3780777.31434384547174 ], [ 398454.933875890157651, 3780777.00915564596653 ], [ 398454.628687690768857, 3780777.00915564596653 ], [ 398454.628687690768857, 3780771.515768057201058 ], [ 398454.933875890157651, 3780771.210579857695848 ], [ 398460.732451678544749, 3780771.210579857695848 ], [ 398460.732451678544749, 3780771.820956256240606 ], [ 398461.648016276711132, 3780772.736520854756236 ], [ 398461.648016276711132, 3780776.398779247421771 ], [ 398461.342828077322338, 3780776.398779247421771 ], [ 398460.732451678544749, 3780777.00915564596653 ], [ 398459.816887080378365, 3780777.00915564596653 ], [ 398459.51169888098957, 3780777.31434384547174 ], [ 398455.239064089546446, 3780777.31434384547174 ] ] ] } },
{ "type": "Feature", "properties": { "confidence": 0.56451261043548584, "class": 1, "regularized": null }, "geometry": { "type": "Polygon", "coordinates": [ [ [ 398478.128179043764248, 3780756.256358087528497 ], [ 398478.128179043764248, 3780755.951169888023287 ], [ 398477.822990844375454, 3780755.645981688518077 ], [ 398477.822990844375454, 3780755.340793489478528 ], [ 398477.212614445597865, 3780754.730417090468109 ], [ 398477.212614445597865, 3780753.50966429291293 ], [ 398476.90742624620907, 3780753.20447609340772 ], [ 398476.90742624620907, 3780752.288911495357752 ], [ 398476.602238046820275, 3780751.983723295852542 ], [ 398476.602238046820275, 3780751.678535096812993 ], [ 398476.297049847431481, 3780751.373346897307783 ], [ 398476.297049847431481, 3780750.762970498297364 ], [ 398479.654120040708221, 3780750.762970498297364 ], [ 398479.654120040708221, 3780756.256358087528497 ], [ 398478.128179043764248, 3780756.256358087528497 ] ] ] } },
{ "type": "Feature", "properties": { "confidence": 0.55713820457458496, "class": 1, "regularized": null }, "geometry": { "type": "Polygon", "coordinates": [ [ [ 398905.696846388629638, 3781048.321464903187007 ], [ 398905.391658189240843, 3781048.016276704147458 ], [ 398903.560528992908075, 3781048.016276704147458 ], [ 398903.255340793461073, 3781047.711088504642248 ], [ 398903.255340793461073, 3781045.574771109037101 ], [ 398903.560528992908075, 3781045.269582909531891 ], [ 398903.560528992908075, 3781044.659206510521472 ], [ 398903.255340793461073, 3781044.354018311481923 ], [ 398903.255340793461073, 3781044.048830111976713 ], [ 398907.527975584962405, 3781044.048830111976713 ], [ 398907.527975584962405, 3781048.321464903187007 ], [ 398905.696846388629638, 3781048.321464903187007 ] ] ] } },
{ "type": "Feature", "properties": { "confidence": 0.55677610635757446, "class": 1, "regularized": null }, "geometry": { "type": "Polygon", "coordinates": [ [ [ 398884.638860630744603, 3780932.044760935939848 ], [ 398884.028484231967013, 3780931.434384536929429 ], [ 398881.892166836187243, 3780931.434384536929429 ], [ 398881.586978636798449, 3780931.739572736434639 ], [ 398880.061037639854476, 3780931.739572736434639 ], [ 398880.061037639854476, 3780931.434384536929429 ], [ 398879.755849440465681, 3780931.12919633788988 ], [ 398879.755849440465681, 3780929.298067141324282 ], [ 398879.450661241076887, 3780928.992878941819072 ], [ 398879.450661241076887, 3780928.077314343769103 ], [ 398879.145473041688092, 3780927.772126144263893 ], [ 398879.450661241076887, 3780927.466937945224345 ], [ 398884.333672431355808, 3780927.466937945224345 ], [ 398884.638860630744603, 3780927.772126144263893 ], [ 398888.301119023410138, 3780927.772126144263893 ], [ 398888.301119023410138, 3780928.687690742779523 ], [ 398887.995930824021343, 3780928.687690742779523 ], [ 398887.690742624632549, 3780928.992878941819072 ], [ 398887.690742624632549, 3780929.603255340829492 ], [ 398887.995930824021343, 3780929.908443540334702 ], [ 398888.301119023410138, 3780929.908443540334702 ], [ 398888.301119023410138, 3780930.21363173937425 ], [ 398888.606307222798932, 3780930.51881993887946 ], [ 398888.606307222798932, 3780931.434384536929429 ], [ 398887.385554425243754, 3780931.434384536929429 ], [ 398886.775178026466165, 3780932.044760935939848 ], [ 398884.638860630744603, 3780932.044760935939848 ] ] ] } },
{ "type": "Feature", "properties": { "confidence": 0.55225634574890137, "class": 1, "regularized": null }, "geometry": { "type": "Polygon", "coordinates": [ [ [ 398571.210579857579432, 3781071.515768057201058 ], [ 398570.905391658190638, 3781071.210579857695848 ], [ 398570.600203458801843, 3781071.210579857695848 ], [ 398570.295015259413049, 3781070.905391658190638 ], [ 398569.989827060024254, 3781070.905391658190638 ], [ 398569.379450661246665, 3781070.295015259180218 ], [ 398569.07426246185787, 3781070.295015259180218 ], [ 398568.769074262469076, 3781069.989827060140669 ], [ 398568.158697863691486, 3781069.989827060140669 ], [ 398567.548321464913897, 3781069.37945066113025 ], [ 398567.548321464913897, 3781068.769074262585491 ], [ 398567.243133265525103, 3781068.463886063080281 ], [ 398567.243133265525103, 3781067.853509664069861 ], [ 398566.937945066136308, 3781067.548321465030313 ], [ 398566.937945066136308, 3781066.632756866514683 ], [ 398566.632756866747513, 3781066.327568667475134 ], [ 398566.632756866747513, 3781066.022380467969924 ], [ 398566.937945066136308, 3781065.717192268464714 ], [ 398573.0417090539122, 3781065.717192268464714 ], [ 398573.0417090539122, 3781066.327568667475134 ], [ 398573.346897253300995, 3781066.632756866514683 ], [ 398573.346897253300995, 3781069.37945066113025 ], [ 398573.0417090539122, 3781069.684638860635459 ], [ 398573.0417090539122, 3781070.600203458685428 ], [ 398572.736520854523405, 3781070.905391658190638 ], [ 398572.736520854523405, 3781071.210579857695848 ], [ 398572.431332655134611, 3781071.515768057201058 ], [ 398571.210579857579432, 3781071.515768057201058 ] ] ] } },
{ "type": "Feature", "properties": { "confidence": 0.55171501636505127, "class": 1, "regularized": null }, "geometry": { "type": "Polygon", "coordinates": [ [ [ 398782.400813835207373, 3780947.609359104651958 ], [ 398782.400813835207373, 3780947.304170905612409 ], [ 398782.095625635818578, 3780946.998982706107199 ], [ 398778.433367243153043, 3780946.998982706107199 ], [ 398778.128179043764248, 3780946.693794506601989 ], [ 398778.128179043764248, 3780945.778229908552021 ], [ 398777.822990844375454, 3780945.473041709046811 ], [ 398777.517802644986659, 3780945.473041709046811 ], [ 398777.517802644986659, 3780943.641912512946874 ], [ 398777.822990844375454, 3780943.336724313441664 ], [ 398777.822990844375454, 3780942.115971515886486 ], [ 398777.517802644986659, 3780941.810783316381276 ], [ 398777.517802644986659, 3780941.505595116876066 ], [ 398777.212614445597865, 3780941.200406917370856 ], [ 398777.212614445597865, 3780939.979654119815677 ], [ 398777.517802644986659, 3780939.674465920776129 ], [ 398784.231943031540141, 3780939.674465920776129 ], [ 398784.537131230928935, 3780939.979654119815677 ], [ 398784.537131230928935, 3780942.726347914431244 ], [ 398784.84231943031773, 3780943.031536113936454 ], [ 398784.84231943031773, 3780944.557477110996842 ], [ 398785.147507629706524, 3780944.862665310502052 ], [ 398786.063072227872908, 3780944.862665310502052 ], [ 398786.063072227872908, 3780945.167853509541601 ], [ 398786.368260427261703, 3780945.473041709046811 ], [ 398783.621566632762551, 3780945.473041709046811 ], [ 398783.316378433373757, 3780945.778229908552021 ], [ 398783.316378433373757, 3780947.304170905612409 ], [ 398783.621566632762551, 3780947.609359104651958 ], [ 398782.400813835207373, 3780947.609359104651958 ] ] ] } },
{ "type": "Feature", "properties": { "confidence": 0.54978358745574951, "class": 1, "regularized": null }, "geometry": { "type": "Polygon", "coordinates": [ [ [ 398638.657171922677662, 3780765.717192268464714 ], [ 398638.351983723288868, 3780765.412004068959504 ], [ 398638.046795523900073, 3780765.412004068959504 ], [ 398637.741607324511278, 3780765.106815869919956 ], [ 398637.741607324511278, 3780762.360122075304389 ], [ 398638.046795523900073, 3780762.054933875799179 ], [ 398638.046795523900073, 3780761.749745676293969 ], [ 398638.351983723288868, 3780761.444557477254421 ], [ 398638.351983723288868, 3780761.139369277749211 ], [ 398638.657171922677662, 3780760.834181078244001 ], [ 398639.267548321455251, 3780760.834181078244001 ], [ 398639.572736520844046, 3780760.528992878738791 ], [ 398644.150559511675965, 3780760.528992878738791 ], [ 398644.150559511675965, 3780765.106815869919956 ], [ 398643.84537131228717, 3780765.412004068959504 ], [ 398643.540183112898376, 3780765.412004068959504 ], [ 398643.234994913509581, 3780765.717192268464714 ], [ 398638.657171922677662, 3780765.717192268464714 ] ] ] } },
{ "type": "Feature", "properties": { "confidence": 0.53983533382415771, "class": 1, "regularized": null }, "geometry": { "type": "Polygon", "coordinates": [ [ [ 398659.104781281785108, 3781071.515768057201058 ], [ 398658.494404883007519, 3781070.905391658190638 ], [ 398658.494404883007519, 3781068.463886063080281 ], [ 398658.799593082396314, 3781068.158697863575071 ], [ 398658.799593082396314, 3781067.243133265525103 ], [ 398661.24109867750667, 3781067.243133265525103 ], [ 398661.85147507628426, 3781067.853509664069861 ], [ 398662.156663275673054, 3781067.853509664069861 ], [ 398662.461851475061849, 3781068.158697863575071 ], [ 398663.682604272617027, 3781068.158697863575071 ], [ 398663.987792472005822, 3781068.463886063080281 ], [ 398663.987792472005822, 3781069.684638860635459 ], [ 398663.682604272617027, 3781069.989827060140669 ], [ 398663.682604272617027, 3781070.600203458685428 ], [ 398663.377416073228233, 3781070.905391658190638 ], [ 398663.072227873839438, 3781070.905391658190638 ], [ 398662.767039674450643, 3781071.210579857695848 ], [ 398661.546286876895465, 3781071.210579857695848 ], [ 398661.24109867750667, 3781071.515768057201058 ], [ 398659.104781281785108, 3781071.515768057201058 ] ] ] } },
{ "type": "Feature", "properties": { "confidence": 0.53965204954147339, "class": 1, "regularized": null }, "geometry": { "type": "Polygon", "coordinates": [ [ [ 398634.384537131234538, 3780813.021363174077123 ], [ 398634.384537131234538, 3780809.664292980451137 ], [ 398637.436419125122484, 3780809.664292980451137 ], [ 398637.436419125122484, 3780810.885045778006315 ], [ 398637.741607324511278, 3780811.190233977511525 ], [ 398637.741607324511278, 3780812.716174974571913 ], [ 398637.436419125122484, 3780813.021363174077123 ], [ 398634.384537131234538, 3780813.021363174077123 ] ] ] } },
{ "type": "Feature", "properties": { "confidence": 0.53686803579330444, "class": 1, "regularized": null }, "geometry": { "type": "Polygon", "coordinates": [ [ [ 398894.710071210574824, 3780979.959308240097016 ], [ 398894.40488301118603, 3780979.654120040591806 ], [ 398894.099694811797235, 3780979.654120040591806 ], [ 398894.099694811797235, 3780979.348931841086596 ], [ 398894.40488301118603, 3780979.043743642047048 ], [ 398894.40488301118603, 3780977.517802644986659 ], [ 398894.710071210574824, 3780977.212614445481449 ], [ 398894.710071210574824, 3780976.907426245976239 ], [ 398895.015259409963619, 3780976.602238046936691 ], [ 398895.015259409963619, 3780976.297049847431481 ], [ 398895.320447609352414, 3780975.991861647926271 ], [ 398895.625635808741208, 3780975.991861647926271 ], [ 398895.930824008130003, 3780975.686673448421061 ], [ 398895.930824008130003, 3780975.381485249381512 ], [ 398896.541200406907592, 3780974.771108850371093 ], [ 398903.255340793461073, 3780974.771108850371093 ], [ 398903.560528992908075, 3780975.076297049876302 ], [ 398903.560528992908075, 3780975.381485249381512 ], [ 398903.86571719229687, 3780975.686673448421061 ], [ 398903.86571719229687, 3780976.602238046936691 ], [ 398904.170905391685665, 3780976.907426245976239 ], [ 398904.170905391685665, 3780979.348931841086596 ], [ 398903.86571719229687, 3780979.654120040591806 ], [ 398901.424211597128306, 3780979.654120040591806 ], [ 398901.119023397739511, 3780979.959308240097016 ], [ 398894.710071210574824, 3780979.959308240097016 ] ] ] } },
{ "type": "Feature", "properties": { "confidence": 0.53552466630935669, "class": 1, "regularized": null }, "geometry": { "type": "Polygon", "coordinates": [ [ [ 398976.500508647004608, 3780695.218718209769577 ], [ 398976.500508647004608, 3780692.47202441515401 ], [ 398981.383519837225322, 3780692.47202441515401 ], [ 398981.383519837225322, 3780694.913530010264367 ], [ 398980.467955239058938, 3780694.913530010264367 ], [ 398980.162767039670143, 3780695.218718209769577 ], [ 398976.500508647004608, 3780695.218718209769577 ] ] ] } },
{ "type": "Feature", "properties": { "confidence": 0.53452354669570923, "class": 1, "regularized": "rectangle" }, "geometry": { "type": "Polygon", "coordinates": [ [ [ 398939.5625, 3781167.0 ], [ 398953.0, 3781167.0 ], [ 398953.0, 3781176.0 ], [ 398939.5625, 3781176.0 ], [ 398939.5625, 3781167.0 ] ] ] } },
{ "type": "Feature", "properties": { "confidence": 0.53371649980545044, "class": 1, "regularized": "rectangle" }, "geometry": { "type": "Polygon", "coordinates": [ [ [ 398465.3125, 3781029.5 ], [ 398477.8125, 3781029.5 ], [ 398477.8125, 3781043.5 ], [ 398465.3125, 3781043.5 ], [ 398465.3125, 3781029.5 ] ] ] } },
{ "type": "Feature", "properties": { "confidence": 0.53320097923278809, "class": 1, "regularized": null }, "geometry": { "type": "Polygon", "coordinates": [ [ [ 398454.018311291991267, 3781094.099694811739028 ], [ 398453.713123092602473, 3781093.794506612233818 ], [ 398450.966429298045114, 3781093.794506612233818 ], [ 398450.661241098656319, 3781093.489318413194269 ], [ 398448.219735503545962, 3781093.489318413194269 ], [ 398447.914547304157168, 3781093.184130213689059 ], [ 398447.914547304157168, 3781091.658189216628671 ], [ 398447.609359104768373, 3781091.353001017123461 ], [ 398447.609359104768373, 3781090.742624618578702 ], [ 398447.914547304157168, 3781090.437436419073492 ], [ 398447.914547304157168, 3781090.132248219568282 ], [ 398456.765005086490419, 3781090.132248219568282 ], [ 398456.765005086490419, 3781092.573753814678639 ], [ 398455.239064089546446, 3781094.099694811739028 ], [ 398454.018311291991267, 3781094.099694811739028 ] ] ] } },
{ "type": "Feature", "properties": { "confidence": 0.51844072341918945, "class": 1, "regularized": null }, "geometry": { "type": "Polygon", "coordinates": [ [ [ 398796.439471007150132, 3780965.615462868940085 ], [ 398796.439471007150132, 3780965.310274669434875 ], [ 398796.13428280770313, 3780965.005086469929665 ], [ 398795.523906408925541, 3780965.005086469929665 ], [ 398794.913530010147952, 3780964.394710071384907 ], [ 398794.303153611370362, 3780964.394710071384907 ], [ 398794.303153611370362, 3780964.089521871879697 ], [ 398793.997965411981568, 3780963.784333672374487 ], [ 398793.997965411981568, 3780963.479145472869277 ], [ 398793.692777212592773, 3780963.173957273829728 ], [ 398793.082400813815184, 3780963.173957273829728 ], [ 398793.082400813815184, 3780960.427263479214162 ], [ 398793.387589013203979, 3780960.122075279708952 ], [ 398793.387589013203979, 3780958.596134282648563 ], [ 398793.082400813815184, 3780958.290946083609015 ], [ 398793.387589013203979, 3780957.985757884103805 ], [ 398793.387589013203979, 3780957.070193286053836 ], [ 398793.692777212592773, 3780956.765005086548626 ], [ 398793.997965411981568, 3780956.765005086548626 ], [ 398794.303153611370362, 3780956.459816887043417 ], [ 398794.608341810759157, 3780956.459816887043417 ], [ 398794.913530010147952, 3780956.154628687538207 ], [ 398798.880976602260489, 3780956.154628687538207 ], [ 398799.186164801649284, 3780955.849440488498658 ], [ 398800.101729399815667, 3780955.849440488498658 ], [ 398800.406917599204462, 3780956.154628687538207 ], [ 398800.712105798593257, 3780956.154628687538207 ], [ 398800.712105798593257, 3780957.680569684598595 ], [ 398800.406917599204462, 3780957.985757884103805 ], [ 398800.406917599204462, 3780959.206510681658983 ], [ 398800.101729399815667, 3780959.511698881164193 ], [ 398800.101729399815667, 3780960.732451678719372 ], [ 398799.796541200426873, 3780961.03763987775892 ], [ 398799.796541200426873, 3780962.563580874819309 ], [ 398800.101729399815667, 3780962.868769074324518 ], [ 398799.186164801649284, 3780963.784333672374487 ], [ 398799.186164801649284, 3780964.089521871879697 ], [ 398798.880976602260489, 3780964.394710071384907 ], [ 398798.880976602260489, 3780964.699898270424455 ], [ 398798.575788402871694, 3780965.005086469929665 ], [ 398797.660223804705311, 3780965.005086469929665 ], [ 398797.355035605316516, 3780965.310274669434875 ], [ 398797.355035605316516, 3780965.615462868940085 ], [ 398796.439471007150132, 3780965.615462868940085 ] ] ] } },
{ "type": "Feature", "properties": { "confidence": 0.51806700229644775, "class": 1, "regularized": null }, "geometry": { "type": "Polygon", "coordinates": [ [ [ 398602.034587995905895, 3781150.559511698782444 ], [ 398602.034587995905895, 3781149.033570701722056 ], [ 398602.339776195294689, 3781148.728382502682507 ], [ 398602.339776195294689, 3781148.423194303177297 ], [ 398602.644964394683484, 3781148.118006103672087 ], [ 398602.644964394683484, 3781145.98168870806694 ], [ 398605.086469989852048, 3781145.98168870806694 ], [ 398605.086469989852048, 3781146.592065106611699 ], [ 398605.391658189240843, 3781146.897253306116909 ], [ 398605.391658189240843, 3781150.254323499277234 ], [ 398605.086469989852048, 3781150.559511698782444 ], [ 398602.034587995905895, 3781150.559511698782444 ] ] ] } },
{ "type": "Feature", "properties": { "confidence": 0.51358842849731445, "class": 1, "regularized": null }, "geometry": { "type": "Polygon", "coordinates": [ [ [ 398905.391658189240843, 3780937.538148524705321 ], [ 398904.781281790463254, 3780936.927772126160562 ], [ 398904.476093591074459, 3780936.927772126160562 ], [ 398903.86571719229687, 3780936.317395727150142 ], [ 398903.86571719229687, 3780936.012207528110594 ], [ 398903.560528992908075, 3780935.707019328605384 ], [ 398903.560528992908075, 3780935.096642929594964 ], [ 398903.255340793461073, 3780934.791454730555415 ], [ 398903.255340793461073, 3780932.655137334484607 ], [ 398903.560528992908075, 3780932.349949135445058 ], [ 398903.560528992908075, 3780932.044760935939848 ], [ 398903.86571719229687, 3780931.739572736434639 ], [ 398903.86571719229687, 3780931.434384536929429 ], [ 398904.170905391685665, 3780931.434384536929429 ], [ 398904.476093591074459, 3780931.12919633788988 ], [ 398905.696846388629638, 3780931.12919633788988 ], [ 398906.002034588018432, 3780931.434384536929429 ], [ 398907.527975584962405, 3780931.434384536929429 ], [ 398907.527975584962405, 3780936.927772126160562 ], [ 398906.917599186184816, 3780936.927772126160562 ], [ 398906.612410986796021, 3780937.232960325665772 ], [ 398906.307222787407227, 3780937.232960325665772 ], [ 398906.002034588018432, 3780937.538148524705321 ], [ 398905.391658189240843, 3780937.538148524705321 ] ] ] } },
{ "type": "Feature", "properties": { "confidence": 0.51298916339874268, "class": 1, "regularized": null }, "geometry": { "type": "Polygon", "coordinates": [ [ [ 398622.787385554402135, 3780800.813835198525339 ], [ 398622.482197355013341, 3780800.508646999020129 ], [ 398622.482197355013341, 3780797.151576805859804 ], [ 398632.248219735512976, 3780797.151576805859804 ], [ 398632.248219735512976, 3780798.372329603414983 ], [ 398632.55340793490177, 3780798.677517802454531 ], [ 398632.55340793490177, 3780799.287894201464951 ], [ 398632.858596134290565, 3780799.593082400970161 ], [ 398632.858596134290565, 3780799.89827060000971 ], [ 398632.248219735512976, 3780800.508646999020129 ], [ 398631.943031536124181, 3780800.508646999020129 ], [ 398631.637843336735386, 3780800.813835198525339 ], [ 398622.787385554402135, 3780800.813835198525339 ] ] ] } },
{ "type": "Feature", "properties": { "confidence": 0.51179629564285278, "class": 1, "regularized": null }, "geometry": { "type": "Polygon", "coordinates": [ [ [ 398591.047812817909289, 3780901.525940997060388 ], [ 398590.742624618520495, 3780901.220752797555178 ], [ 398590.132248219742905, 3780901.220752797555178 ], [ 398589.827060020354111, 3780900.915564598049968 ], [ 398589.521871820965316, 3780900.915564598049968 ], [ 398589.216683621576522, 3780900.61037639901042 ], [ 398588.911495422187727, 3780900.61037639901042 ], [ 398588.606307222798932, 3780900.30518819950521 ], [ 398587.995930824021343, 3780900.30518819950521 ], [ 398587.690742624632549, 3780900.0 ], [ 398587.385554425243754, 3780900.0 ], [ 398587.080366225854959, 3780899.69481180049479 ], [ 398586.164801627688576, 3780899.69481180049479 ], [ 398586.164801627688576, 3780896.948118005879223 ], [ 398586.46998982707737, 3780896.948118005879223 ], [ 398587.080366225854959, 3780896.337741607334465 ], [ 398587.995930824021343, 3780896.337741607334465 ], [ 398588.301119023410138, 3780896.032553407829255 ], [ 398588.301119023410138, 3780895.727365208324045 ], [ 398588.606307222798932, 3780895.727365208324045 ], [ 398588.911495422187727, 3780895.422177009284496 ], [ 398588.911495422187727, 3780895.116988809779286 ], [ 398589.216683621576522, 3780894.811800610274076 ], [ 398589.216683621576522, 3780893.896236012224108 ], [ 398589.827060020354111, 3780893.896236012224108 ], [ 398590.132248219742905, 3780894.201424211729318 ], [ 398590.132248219742905, 3780895.727365208324045 ], [ 398590.4374364191317, 3780896.032553407829255 ], [ 398590.4374364191317, 3780896.948118005879223 ], [ 398590.742624618520495, 3780897.253306205384433 ], [ 398591.658189216686878, 3780897.253306205384433 ], [ 398592.573753814853262, 3780896.337741607334465 ], [ 398592.573753814853262, 3780895.727365208324045 ], [ 398592.878942014242057, 3780895.422177009284496 ], [ 398592.878942014242057, 3780893.896236012224108 ], [ 398594.710071210574824, 3780893.896236012224108 ], [ 398595.015259409963619, 3780894.201424211729318 ], [ 398595.015259409963619, 3780894.506612410768867 ], [ 398595.320447609352414, 3780894.811800610274076 ], [ 398595.625635808741208, 3780894.811800610274076 ], [ 398595.930824008130003, 3780895.116988809779286 ], [ 398596.236012207518797, 3780895.116988809779286 ], [ 398596.846388606296387, 3780895.727365208324045 ], [ 398597.151576805685181, 3780895.727365208324045 ], [ 398597.151576805685181, 3780900.915564598049968 ], [ 398596.846388606296387, 3780901.220752797555178 ], [ 398592.878942014242057, 3780901.220752797555178 ], [ 398592.573753814853262, 3780901.525940997060388 ], [ 398591.047812817909289, 3780901.525940997060388 ] ] ] } },
{ "type": "Feature", "properties": { "confidence": 0.51029163599014282, "class": 1, "regularized": null }, "geometry": { "type": "Polygon", "coordinates": [ [ [ 398456.765005086490419, 3780665.005086469929665 ], [ 398456.765005086490419, 3780664.394710071384907 ], [ 398457.070193285879213, 3780664.089521871879697 ], [ 398457.070193285879213, 3780662.868769074324518 ], [ 398457.680569684656803, 3780662.258392675314099 ], [ 398457.985757884045597, 3780662.258392675314099 ], [ 398458.290946083434392, 3780661.95320447627455 ], [ 398458.596134282823186, 3780661.95320447627455 ], [ 398458.901322482211981, 3780661.64801627676934 ], [ 398459.206510681600776, 3780661.64801627676934 ], [ 398460.427263479155954, 3780660.427263479214162 ], [ 398461.342828077322338, 3780660.427263479214162 ], [ 398461.648016276711132, 3780660.732451678719372 ], [ 398461.953204476099927, 3780660.732451678719372 ], [ 398461.953204476099927, 3780661.64801627676934 ], [ 398461.648016276711132, 3780661.95320447627455 ], [ 398461.648016276711132, 3780662.563580874819309 ], [ 398461.342828077322338, 3780662.868769074324518 ], [ 398461.342828077322338, 3780664.699898270424455 ], [ 398461.037639877933543, 3780665.005086469929665 ], [ 398456.765005086490419, 3780665.005086469929665 ] ] ] } },
{ "type": "Feature", "properties": { "confidence": 0.50289309024810791, "class": 1, "regularized": null }, "geometry": { "type": "Polygon", "coordinates": [ [ [ 398736.927772126160562, 3780996.744659206364304 ], [ 398736.622583926771767, 3780996.439471007324755 ], [ 398736.012207527994178, 3780996.439471007324755 ], [ 398735.707019328605384, 3780996.134282807819545 ], [ 398735.401831129216589, 3780996.134282807819545 ], [ 398735.096642929827794, 3780995.829094608314335 ], [ 398731.434384537104052, 3780995.829094608314335 ], [ 398731.129196337715257, 3780995.523906408809125 ], [ 398730.824008138326462, 3780995.523906408809125 ], [ 398730.518819938937668, 3780995.218718209769577 ], [ 398730.518819938937668, 3780993.997965412214398 ], [ 398730.213631739548873, 3780993.692777212709188 ], [ 398730.213631739548873, 3780993.387589013203979 ], [ 398730.518819938937668, 3780993.082400813698769 ], [ 398730.518819938937668, 3780992.47202441515401 ], [ 398731.129196337715257, 3780992.47202441515401 ], [ 398731.434384537104052, 3780992.1668362156488 ], [ 398732.349949135328643, 3780992.1668362156488 ], [ 398732.655137334717438, 3780991.86164801614359 ], [ 398732.960325534106232, 3780991.86164801614359 ], [ 398733.265513733495027, 3780991.556459817104042 ], [ 398733.265513733495027, 3780991.251271617598832 ], [ 398733.875890132272616, 3780990.640895218588412 ], [ 398735.096642929827794, 3780990.640895218588412 ], [ 398735.401831129216589, 3780990.946083418093622 ], [ 398736.012207527994178, 3780990.946083418093622 ], [ 398736.317395727382973, 3780991.251271617598832 ], [ 398736.927772126160562, 3780991.251271617598832 ], [ 398737.232960325549357, 3780991.556459817104042 ], [ 398738.453713123104535, 3780991.556459817104042 ], [ 398738.75890132249333, 3780991.86164801614359 ], [ 398739.064089521882124, 3780991.86164801614359 ], [ 398739.369277721270919, 3780992.1668362156488 ], [ 398739.369277721270919, 3780995.218718209769577 ], [ 398739.674465920659713, 3780995.523906408809125 ], [ 398739.369277721270919, 3780995.829094608314335 ], [ 398739.369277721270919, 3780996.134282807819545 ], [ 398739.064089521882124, 3780996.439471007324755 ], [ 398739.064089521882124, 3780996.134282807819545 ], [ 398738.75890132249333, 3780995.829094608314335 ], [ 398738.14852492371574, 3780995.829094608314335 ], [ 398737.843336724326946, 3780996.134282807819545 ], [ 398737.843336724326946, 3780996.439471007324755 ], [ 398737.538148524938151, 3780996.439471007324755 ], [ 398737.232960325549357, 3780996.744659206364304 ], [ 398736.927772126160562, 3780996.744659206364304 ] ] ] } },
{ "type": "Feature", "properties": { "confidence": 0.50217556953430176, "class": 1, "regularized": null }, "geometry": { "type": "Polygon", "coordinates": [ [ [ 398473.550356052874122, 3780664.699898270424455 ], [ 398473.550356052874122, 3780661.03763987775892 ], [ 398473.855544252262916, 3780660.732451678719372 ], [ 398473.855544252262916, 3780660.122075279708952 ], [ 398478.738555442541838, 3780660.122075279708952 ], [ 398478.738555442541838, 3780663.173957273829728 ], [ 398479.043743641930632, 3780663.479145472869277 ], [ 398479.043743641930632, 3780663.784333672374487 ], [ 398478.738555442541838, 3780664.089521871879697 ], [ 398478.738555442541838, 3780664.699898270424455 ], [ 398473.550356052874122, 3780664.699898270424455 ] ] ] } },
{ "type": "Feature", "properties": { "confidence": 0.49730995297431946, "class": 1, "regularized": null }, "geometry": { "type": "Polygon", "coordinates": [ [ [ 398568.158697863691486, 3780621.973550355993211 ], [ 398567.853509664302692, 3780621.668362156488001 ], [ 398567.243133265525103, 3780621.668362156488001 ], [ 398566.937945066136308, 3780621.363173957448453 ], [ 398565.71719226858113, 3780621.363173957448453 ], [ 398565.412004069192335, 3780621.057985757943243 ], [ 398563.886063072248362, 3780621.057985757943243 ], [ 398563.580874872859567, 3780620.752797558438033 ], [ 398563.580874872859567, 3780618.311291963327676 ], [ 398563.886063072248362, 3780618.006103763822466 ], [ 398563.886063072248362, 3780617.090539165772498 ], [ 398564.191251271637157, 3780616.785350966267288 ], [ 398564.191251271637157, 3780616.174974567722529 ], [ 398564.801627670414746, 3780615.564598168712109 ], [ 398564.801627670414746, 3780614.954221770167351 ], [ 398565.10681586980354, 3780614.954221770167351 ], [ 398565.71719226858113, 3780614.343845371156931 ], [ 398565.71719226858113, 3780612.207527975551784 ], [ 398566.022380467969924, 3780611.902339776046574 ], [ 398566.022380467969924, 3780611.597151577007025 ], [ 398566.632756866747513, 3780611.597151577007025 ], [ 398566.937945066136308, 3780611.291963377501816 ], [ 398567.243133265525103, 3780611.291963377501816 ], [ 398568.158697863691486, 3780610.376398779451847 ], [ 398568.158697863691486, 3780610.071210579946637 ], [ 398569.07426246185787, 3780609.155645981896669 ], [ 398570.905391658190638, 3780609.155645981896669 ], [ 398571.515768056968227, 3780609.766022380441427 ], [ 398571.515768056968227, 3780610.376398779451847 ], [ 398571.820956256357022, 3780610.681586978491396 ], [ 398571.820956256357022, 3780621.057985757943243 ], [ 398571.210579857579432, 3780621.668362156488001 ], [ 398570.600203458801843, 3780621.668362156488001 ], [ 398570.295015259413049, 3780621.973550355993211 ], [ 398568.158697863691486, 3780621.973550355993211 ] ] ] } },
{ "type": "Feature", "properties": { "confidence": 0.4965553879737854, "class": 1, "regularized": "rectangle" }, "geometry": { "type": "Polygon", "coordinates": [ [ [ 398606.90625, 3780978.0 ], [ 398615.78125, 3780978.0 ], [ 398615.78125, 3780994.0 ], [ 398606.90625, 3780994.0 ], [ 398606.90625, 3780978.0 ] ] ] } },
{ "type": "Feature", "properties": { "confidence": 0.49460107088088989, "class": 1, "regularized": null }, "geometry": { "type": "Polygon", "coordinates": [ [ [ 398880.36622583924327, 3780901.525940997060388 ], [ 398880.061037639854476, 3780901.220752797555178 ], [ 398879.145473041688092, 3780901.220752797555178 ], [ 398879.145473041688092, 3780899.084435401950032 ], [ 398879.450661241076887, 3780898.779247202444822 ], [ 398879.450661241076887, 3780898.168870803434402 ], [ 398879.145473041688092, 3780897.863682604394853 ], [ 398879.145473041688092, 3780894.201424211729318 ], [ 398879.450661241076887, 3780893.896236012224108 ], [ 398879.755849440465681, 3780893.896236012224108 ], [ 398880.061037639854476, 3780893.591047812718898 ], [ 398885.554425228910986, 3780893.591047812718898 ], [ 398885.859613428299781, 3780893.896236012224108 ], [ 398885.554425228910986, 3780894.201424211729318 ], [ 398885.554425228910986, 3780895.422177009284496 ], [ 398885.859613428299781, 3780895.727365208324045 ], [ 398886.164801627688576, 3780895.727365208324045 ], [ 398886.46998982707737, 3780896.032553407829255 ], [ 398890.742624618520495, 3780896.032553407829255 ], [ 398891.047812817909289, 3780896.337741607334465 ], [ 398891.353001017298084, 3780896.337741607334465 ], [ 398892.268565615464468, 3780897.253306205384433 ], [ 398892.573753814853262, 3780897.253306205384433 ], [ 398893.184130213630851, 3780897.863682604394853 ], [ 398893.184130213630851, 3780898.168870803434402 ], [ 398893.489318413019646, 3780898.474059002939612 ], [ 398893.489318413019646, 3780899.084435401950032 ], [ 398893.184130213630851, 3780899.38962360098958 ], [ 398893.184130213630851, 3780900.30518819950521 ], [ 398892.878942014242057, 3780900.61037639901042 ], [ 398890.742624618520495, 3780900.61037639901042 ], [ 398890.4374364191317, 3780900.915564598049968 ], [ 398889.216683621576522, 3780900.915564598049968 ], [ 398888.911495422187727, 3780901.220752797555178 ], [ 398886.775178026466165, 3780901.220752797555178 ], [ 398886.46998982707737, 3780901.525940997060388 ], [ 398880.36622583924327, 3780901.525940997060388 ] ] ] } },
{ "type": "Feature", "properties": { "confidence": 0.49374213814735413, "class": 1, "regularized": null }, "geometry": { "type": "Polygon", "coordinates": [ [ [ 398464.394710071210284, 3780952.797558494377881 ], [ 398463.784333672432695, 3780952.187182095833123 ], [ 398464.089521871821489, 3780951.881993896327913 ], [ 398464.089521871821489, 3780946.388606307096779 ], [ 398464.394710071210284, 3780946.083418108057231 ], [ 398464.394710071210284, 3780945.473041709046811 ], [ 398464.699898270599078, 3780945.167853509541601 ], [ 398464.699898270599078, 3780944.557477110996842 ], [ 398465.310274669376668, 3780943.947100711986423 ], [ 398466.836215666320641, 3780943.947100711986423 ], [ 398467.141403865709435, 3780944.252288911491632 ], [ 398467.44659206509823, 3780944.252288911491632 ], [ 398467.751780264487024, 3780944.557477110996842 ], [ 398468.056968463875819, 3780944.557477110996842 ], [ 398468.667344862653408, 3780945.167853509541601 ], [ 398468.972533062042203, 3780945.167853509541601 ], [ 398470.193285859597381, 3780946.388606307096779 ], [ 398470.498474058986176, 3780946.388606307096779 ], [ 398471.41403865715256, 3780947.304170905612409 ], [ 398471.41403865715256, 3780947.609359104651958 ], [ 398471.719226856541354, 3780947.914547304157168 ], [ 398471.41403865715256, 3780948.219735503662378 ], [ 398471.41403865715256, 3780951.271617497317493 ], [ 398471.719226856541354, 3780951.576805696822703 ], [ 398471.719226856541354, 3780952.187182095833123 ], [ 398471.41403865715256, 3780952.492370294872671 ], [ 398469.582909460819792, 3780952.492370294872671 ], [ 398469.277721261430997, 3780952.797558494377881 ], [ 398464.394710071210284, 3780952.797558494377881 ] ] ] } },
{ "type": "Feature", "properties": { "confidence": 0.4905465841293335, "class": 1, "regularized": null }, "geometry": { "type": "Polygon", "coordinates": [ [ [ 398817.802644964365754, 3780829.196337741799653 ], [ 398817.49745676497696, 3780828.891149542294443 ], [ 398816.276703967421781, 3780828.891149542294443 ], [ 398816.276703967421781, 3780828.585961342789233 ], [ 398815.971515768032987, 3780828.280773143284023 ], [ 398815.971515768032987, 3780825.534079349134117 ], [ 398816.276703967421781, 3780825.228891149628907 ], [ 398816.276703967421781, 3780824.313326551578939 ], [ 398822.380467955255881, 3780824.313326551578939 ], [ 398822.99084435403347, 3780824.923702950123698 ], [ 398822.99084435403347, 3780828.280773143284023 ], [ 398822.685656154644676, 3780828.585961342789233 ], [ 398822.380467955255881, 3780828.585961342789233 ], [ 398822.075279755867086, 3780828.891149542294443 ], [ 398820.854526958311908, 3780828.891149542294443 ], [ 398820.549338758923113, 3780829.196337741799653 ], [ 398817.802644964365754, 3780829.196337741799653 ] ] ] } },
{ "type": "Feature", "properties": { "confidence": 0.48957937955856323, "class": 1, "regularized": null }, "geometry": { "type": "Polygon", "coordinates": [ [ [ 398508.341810783313122, 3781094.404883011244237 ], [ 398508.036622583924327, 3781094.099694811739028 ], [ 398507.426246185146738, 3781094.099694811739028 ], [ 398507.426246185146738, 3781093.184130213689059 ], [ 398507.731434384535532, 3781092.878942014183849 ], [ 398507.731434384535532, 3781091.963377416133881 ], [ 398508.036622583924327, 3781091.658189216628671 ], [ 398508.036622583924327, 3781087.080366225913167 ], [ 398508.341810783313122, 3781086.775178026407957 ], [ 398508.341810783313122, 3781086.469989826902747 ], [ 398510.478128179034684, 3781086.469989826902747 ], [ 398510.783316378423478, 3781086.775178026407957 ], [ 398511.088504577812273, 3781086.775178026407957 ], [ 398511.393692777201068, 3781087.080366225913167 ], [ 398511.698880976589862, 3781087.080366225913167 ], [ 398511.698880976589862, 3781087.385554425418377 ], [ 398512.004069175978657, 3781087.690742624457926 ], [ 398512.004069175978657, 3781088.911495422013104 ], [ 398512.309257375367451, 3781089.216683621518314 ], [ 398512.309257375367451, 3781089.827060020528734 ], [ 398512.614445574756246, 3781090.132248219568282 ], [ 398512.614445574756246, 3781091.047812818083912 ], [ 398512.919633774145041, 3781091.353001017123461 ], [ 398512.919633774145041, 3781093.794506612233818 ], [ 398512.309257375367451, 3781093.794506612233818 ], [ 398512.004069175978657, 3781094.099694811739028 ], [ 398510.478128179034684, 3781094.099694811739028 ], [ 398510.172939979645889, 3781094.404883011244237 ], [ 398508.341810783313122, 3781094.404883011244237 ] ] ] } },
{ "type": "Feature", "properties": { "confidence": 0.48366984724998474, "class": 1, "regularized": null }, "geometry": { "type": "Polygon", "coordinates": [ [ [ 398615.15768056968227, 3780795.015259409788996 ], [ 398614.852492370293476, 3780794.710071210749447 ], [ 398614.547304170904681, 3780794.710071210749447 ], [ 398614.547304170904681, 3780788.606307222973555 ], [ 398618.819938962347806, 3780788.606307222973555 ], [ 398618.819938962347806, 3780794.404883011244237 ], [ 398618.514750762959011, 3780794.710071210749447 ], [ 398617.599186164792627, 3780794.710071210749447 ], [ 398617.293997965403832, 3780795.015259409788996 ], [ 398615.15768056968227, 3780795.015259409788996 ] ] ] } },
{ "type": "Feature", "properties": { "confidence": 0.48196381330490112, "class": 1, "regularized": null }, "geometry": { "type": "Polygon", "coordinates": [ [ [ 398671.007121058006305, 3780990.946083418093622 ], [ 398670.701932858617511, 3780990.640895218588412 ], [ 398670.701932858617511, 3780988.504577822983265 ], [ 398671.007121058006305, 3780988.199389623478055 ], [ 398671.007121058006305, 3780986.978636825922877 ], [ 398671.3123092573951, 3780986.673448626883328 ], [ 398671.3123092573951, 3780985.757884028367698 ], [ 398671.617497456783894, 3780985.452695828862488 ], [ 398671.617497456783894, 3780985.14750762982294 ], [ 398671.922685656172689, 3780984.84231943031773 ], [ 398671.922685656172689, 3780984.53713123081252 ], [ 398672.227873855561484, 3780984.23194303130731 ], [ 398673.143438453727867, 3780984.23194303130731 ], [ 398673.143438453727867, 3780990.946083418093622 ], [ 398672.533062054950278, 3780990.946083418093622 ], [ 398672.227873855561484, 3780990.640895218588412 ], [ 398671.3123092573951, 3780990.640895218588412 ], [ 398671.007121058006305, 3780990.946083418093622 ] ] ] } },
{ "type": "Feature", "properties": { "confidence": 0.47704944014549255, "class": 1, "regularized": "rectangle" }, "geometry": { "type": "Polygon", "coordinates": [ [ [ 398463.46875, 3780984.0 ], [ 398474.46875, 3780984.0 ], [ 398474.46875, 3780999.0 ], [ 398463.46875, 3780999.0 ], [ 398463.46875, 3780984.0 ] ] ] } },
{ "type": "Feature", "properties": { "confidence": 0.46999472379684448, "class": 1, "regularized": null }, "geometry": { "type": "Polygon", "coordinates": [ [ [ 398759.816887080378365, 3780962.563580874819309 ], [ 398759.206510681600776, 3780961.95320447627455 ], [ 398759.206510681600776, 3780956.459816887043417 ], [ 398759.51169888098957, 3780956.154628687538207 ], [ 398759.51169888098957, 3780955.239064089488238 ], [ 398759.816887080378365, 3780954.933875889983028 ], [ 398759.816887080378365, 3780954.62868769094348 ], [ 398760.122075279767159, 3780954.32349949143827 ], [ 398760.427263479155954, 3780954.32349949143827 ], [ 398760.732451678544749, 3780954.01831129193306 ], [ 398763.4791454730439, 3780954.01831129193306 ], [ 398763.784333672432695, 3780953.71312309242785 ], [ 398765.310274669376668, 3780953.71312309242785 ], [ 398765.615462868765462, 3780954.01831129193306 ], [ 398766.225839267543051, 3780954.01831129193306 ], [ 398766.531027466931846, 3780954.32349949143827 ], [ 398766.836215666320641, 3780954.32349949143827 ], [ 398767.141403865709435, 3780954.62868769094348 ], [ 398767.141403865709435, 3780955.239064089488238 ], [ 398767.44659206509823, 3780955.544252288993448 ], [ 398767.44659206509823, 3780956.765005086548626 ], [ 398767.141403865709435, 3780957.070193286053836 ], [ 398767.141403865709435, 3780958.290946083609015 ], [ 398766.836215666320641, 3780958.596134282648563 ], [ 398766.836215666320641, 3780959.206510681658983 ], [ 398766.531027466931846, 3780959.511698881164193 ], [ 398766.531027466931846, 3780959.816887080203742 ], [ 398766.225839267543051, 3780960.122075279708952 ], [ 398766.225839267543051, 3780960.427263479214162 ], [ 398765.920651068154257, 3780960.732451678719372 ], [ 398765.615462868765462, 3780960.732451678719372 ], [ 398765.310274669376668, 3780961.03763987775892 ], [ 398765.310274669376668, 3780961.34282807726413 ], [ 398765.005086469987873, 3780961.34282807726413 ], [ 398764.699898270599078, 3780961.64801627676934 ], [ 398764.089521871821489, 3780961.64801627676934 ], [ 398763.784333672432695, 3780961.95320447627455 ], [ 398763.173957273655105, 3780961.95320447627455 ], [ 398762.868769074266311, 3780962.258392675314099 ], [ 398760.732451678544749, 3780962.258392675314099 ], [ 398760.427263479155954, 3780962.563580874819309 ], [ 398759.816887080378365, 3780962.563580874819309 ] ] ] } },
{ "type": "Feature", "properties": { "confidence": 0.46993446350097656, "class": 1, "regularized": null }, "geometry": { "type": "Polygon", "coordinates": [ [ [ 398413.123092573776376, 3780760.223804679699242 ], [ 398412.512716174998786, 3780759.613428280688822 ], [ 398412.207527975609992, 3780759.613428280688822 ], [ 398412.207527975609992, 3780753.20447609340772 ], [ 398420.447609359107446, 3780753.20447609340772 ], [ 398420.752797558496241, 3780753.50966429291293 ], [ 398420.752797558496241, 3780754.12004069192335 ], [ 398420.447609359107446, 3780754.425228890962899 ], [ 398420.447609359107446, 3780755.035605289973319 ], [ 398420.752797558496241, 3780755.340793489478528 ], [ 398421.057985757885035, 3780755.340793489478528 ], [ 398421.668362156662624, 3780755.951169888023287 ], [ 398421.668362156662624, 3780756.256358087528497 ], [ 398421.973550356051419, 3780756.561546287033707 ], [ 398421.973550356051419, 3780756.866734486073256 ], [ 398421.36317395727383, 3780757.477110885083675 ], [ 398421.36317395727383, 3780757.782299084588885 ], [ 398421.057985757885035, 3780757.782299084588885 ], [ 398420.752797558496241, 3780758.087487283628434 ], [ 398420.447609359107446, 3780758.087487283628434 ], [ 398420.142421159718651, 3780758.392675483133644 ], [ 398418.311291963385884, 3780758.392675483133644 ], [ 398417.700915564608295, 3780759.003051882144064 ], [ 398417.3957273652195, 3780759.003051882144064 ], [ 398417.090539165830705, 3780759.308240081183612 ], [ 398417.090539165830705, 3780759.613428280688822 ], [ 398416.785350966441911, 3780759.613428280688822 ], [ 398416.480162767053116, 3780759.918616480194032 ], [ 398416.174974567664322, 3780759.918616480194032 ], [ 398415.869786368275527, 3780760.223804679699242 ], [ 398413.123092573776376, 3780760.223804679699242 ] ] ] } },
{ "type": "Feature", "properties": { "confidence": 0.46735671162605286, "class": 1, "regularized": null }, "geometry": { "type": "Polygon", "coordinates": [ [ [ 398658.494404883007519, 3780783.112919633742422 ], [ 398658.189216683618724, 3780782.807731434237212 ], [ 398658.189216683618724, 3780776.093591047916561 ], [ 398665.818921668338589, 3780776.093591047916561 ], [ 398666.124109867727384, 3780776.398779247421771 ], [ 398665.818921668338589, 3780776.70396744646132 ], [ 398665.818921668338589, 3780778.535096643026918 ], [ 398665.208545269561, 3780779.145473041571677 ], [ 398665.208545269561, 3780779.755849440582097 ], [ 398665.818921668338589, 3780780.366225839126855 ], [ 398666.124109867727384, 3780780.366225839126855 ], [ 398666.734486266504973, 3780780.976602238137275 ], [ 398666.734486266504973, 3780781.586978636682034 ], [ 398667.039674465893768, 3780781.892166836187243 ], [ 398667.344862665282562, 3780781.892166836187243 ], [ 398667.344862665282562, 3780782.502543235197663 ], [ 398667.039674465893768, 3780782.807731434237212 ], [ 398660.325534079340287, 3780782.807731434237212 ], [ 398660.020345879951492, 3780783.112919633742422 ], [ 398658.494404883007519, 3780783.112919633742422 ] ] ] } },
{ "type": "Feature", "properties": { "confidence": 0.46392583847045898, "class": 1, "regularized": null }, "geometry": { "type": "Polygon", "coordinates": [ [ [ 398608.443540183128789, 3781152.695829094387591 ], [ 398608.138351983739994, 3781152.390640895348042 ], [ 398608.138351983739994, 3781150.559511698782444 ], [ 398608.443540183128789, 3781150.254323499277234 ], [ 398608.443540183128789, 3781147.202441505622119 ], [ 398608.748728382517584, 3781146.897253306116909 ], [ 398608.748728382517584, 3781146.28687690757215 ], [ 398609.053916581906378, 3781145.98168870806694 ], [ 398609.053916581906378, 3781145.37131230905652 ], [ 398609.359104781295173, 3781145.066124110016972 ], [ 398609.359104781295173, 3781144.760935910511762 ], [ 398609.664292980683967, 3781144.455747711006552 ], [ 398609.664292980683967, 3781143.845371312461793 ], [ 398609.969481180072762, 3781143.540183112956583 ], [ 398609.969481180072762, 3781143.234994913451374 ], [ 398610.274669379461557, 3781143.234994913451374 ], [ 398610.579857578850351, 3781142.929806713946164 ], [ 398612.716174974571913, 3781142.929806713946164 ], [ 398613.021363173960708, 3781143.234994913451374 ], [ 398613.021363173960708, 3781143.845371312461793 ], [ 398613.326551373349503, 3781144.150559511501342 ], [ 398613.326551373349503, 3781146.897253306116909 ], [ 398613.021363173960708, 3781147.202441505622119 ], [ 398613.021363173960708, 3781147.812817904166877 ], [ 398612.716174974571913, 3781147.812817904166877 ], [ 398611.495422177016735, 3781149.033570701722056 ], [ 398611.495422177016735, 3781151.475076296832412 ], [ 398611.19023397762794, 3781151.780264496337622 ], [ 398611.19023397762794, 3781152.390640895348042 ], [ 398610.885045778239146, 3781152.695829094387591 ], [ 398608.443540183128789, 3781152.695829094387591 ] ] ] } },
{ "type": "Feature", "properties": { "confidence": 0.46032363176345825, "class": 1, "regularized": null }, "geometry": { "type": "Polygon", "coordinates": [ [ [ 398677.110885045782197, 3780995.218718209769577 ], [ 398677.110885045782197, 3780992.77721261465922 ], [ 398677.416073245170992, 3780992.47202441515401 ], [ 398677.416073245170992, 3780991.86164801614359 ], [ 398677.721261444559786, 3780991.556459817104042 ], [ 398677.721261444559786, 3780990.946083418093622 ], [ 398678.026449643948581, 3780990.946083418093622 ], [ 398678.331637843337376, 3780990.640895218588412 ], [ 398678.942014242114965, 3780990.640895218588412 ], [ 398679.247202441503759, 3780990.335707019548863 ], [ 398682.299084435391705, 3780990.335707019548863 ], [ 398682.299084435391705, 3780990.946083418093622 ], [ 398682.909460834169295, 3780991.556459817104042 ], [ 398682.909460834169295, 3780992.77721261465922 ], [ 398683.214649033558089, 3780993.082400813698769 ], [ 398683.214649033558089, 3780993.387589013203979 ], [ 398683.519837232946884, 3780993.692777212709188 ], [ 398683.519837232946884, 3780994.913530010264367 ], [ 398683.214649033558089, 3780994.913530010264367 ], [ 398682.909460834169295, 3780995.218718209769577 ], [ 398677.110885045782197, 3780995.218718209769577 ] ] ] } },
{ "type": "Feature", "properties": { "confidence": 0.45959022641181946, "class": 1, "regularized": null }, "geometry": { "type": "Polygon", "coordinates": [ [ [ 398592.268565615464468, 3780947.304170905612409 ], [ 398591.963377416075673, 3780946.998982706107199 ], [ 398587.690742624632549, 3780946.998982706107199 ], [ 398587.385554425243754, 3780946.693794506601989 ], [ 398586.164801627688576, 3780946.693794506601989 ], [ 398585.859613428299781, 3780946.388606307096779 ], [ 398585.859613428299781, 3780943.031536113936454 ], [ 398586.46998982707737, 3780942.421159714926034 ], [ 398589.521871820965316, 3780942.421159714926034 ], [ 398589.827060020354111, 3780942.115971515886486 ], [ 398590.132248219742905, 3780942.115971515886486 ], [ 398590.4374364191317, 3780941.810783316381276 ], [ 398593.794506612408441, 3780941.810783316381276 ], [ 398594.710071210574824, 3780942.726347914431244 ], [ 398594.710071210574824, 3780943.336724313441664 ], [ 398595.015259409963619, 3780943.641912512946874 ], [ 398595.015259409963619, 3780945.473041709046811 ], [ 398594.710071210574824, 3780945.778229908552021 ], [ 398594.710071210574824, 3780946.693794506601989 ], [ 398594.40488301118603, 3780946.693794506601989 ], [ 398594.099694811797235, 3780946.998982706107199 ], [ 398593.794506612408441, 3780946.998982706107199 ], [ 398593.489318413019646, 3780947.304170905612409 ], [ 398592.268565615464468, 3780947.304170905612409 ] ] ] } },
{ "type": "Feature", "properties": { "confidence": 0.45549911260604858, "class": 1, "regularized": null }, "geometry": { "type": "Polygon", "coordinates": [ [ [ 398523.906408952199854, 3780998.880976602435112 ], [ 398523.601220752811059, 3780998.575788402929902 ], [ 398522.99084435403347, 3780998.575788402929902 ], [ 398522.685656154644676, 3780998.270600203424692 ], [ 398522.380467955255881, 3780998.270600203424692 ], [ 398522.380467955255881, 3780997.049847405869514 ], [ 398522.075279755867086, 3780996.744659206364304 ], [ 398522.075279755867086, 3780993.692777212709188 ], [ 398529.094608341809362, 3780993.692777212709188 ], [ 398529.094608341809362, 3780995.218718209769577 ], [ 398528.789420142420568, 3780995.523906408809125 ], [ 398528.789420142420568, 3780997.355035605374724 ], [ 398529.094608341809362, 3780997.660223804879934 ], [ 398529.094608341809362, 3780997.965412003919482 ], [ 398528.789420142420568, 3780997.965412003919482 ], [ 398528.484231943031773, 3780998.270600203424692 ], [ 398527.263479145476595, 3780998.270600203424692 ], [ 398526.9582909460878, 3780998.575788402929902 ], [ 398526.042726347921416, 3780998.575788402929902 ], [ 398525.737538148532622, 3780998.880976602435112 ], [ 398523.906408952199854, 3780998.880976602435112 ] ] ] } },
{ "type": "Feature", "properties": { "confidence": 0.45323550701141357, "class": 1, "regularized": null }, "geometry": { "type": "Polygon", "coordinates": [ [ [ 398609.664292980683967, 3780811.190233977511525 ], [ 398609.359104781295173, 3780810.885045778006315 ], [ 398606.307222787407227, 3780810.885045778006315 ], [ 398605.391658189240843, 3780809.969481179956347 ], [ 398605.391658189240843, 3780809.664292980451137 ], [ 398615.15768056968227, 3780809.664292980451137 ], [ 398615.15768056968227, 3780810.579857578966767 ], [ 398614.852492370293476, 3780810.885045778006315 ], [ 398614.242115971515886, 3780810.885045778006315 ], [ 398613.936927772127092, 3780811.190233977511525 ], [ 398609.664292980683967, 3780811.190233977511525 ] ] ] } },
{ "type": "Feature", "properties": { "confidence": 0.45089158415794373, "class": 1, "regularized": null }, "geometry": { "type": "Polygon", "coordinates": [ [ [ 398843.743641912529711, 3780949.135300101712346 ], [ 398843.743641912529711, 3780943.947100711986423 ], [ 398844.048830111918505, 3780943.947100711986423 ], [ 398844.3540183113073, 3780944.252288911491632 ], [ 398844.659206510696094, 3780944.252288911491632 ], [ 398844.964394710084889, 3780944.557477110996842 ], [ 398845.269582909473684, 3780944.557477110996842 ], [ 398845.574771108862478, 3780944.862665310502052 ], [ 398845.879959308251273, 3780944.862665310502052 ], [ 398846.185147507640067, 3780945.167853509541601 ], [ 398846.490335707028862, 3780945.167853509541601 ], [ 398847.100712105806451, 3780945.778229908552021 ], [ 398847.100712105806451, 3780946.083418108057231 ], [ 398847.405900305195246, 3780946.388606307096779 ], [ 398847.405900305195246, 3780947.304170905612409 ], [ 398847.71108850458404, 3780947.609359104651958 ], [ 398847.71108850458404, 3780948.830111902207136 ], [ 398847.405900305195246, 3780949.135300101712346 ], [ 398843.743641912529711, 3780949.135300101712346 ] ] ] } },
{ "type": "Feature", "properties": { "confidence": 0.4503454864025116, "class": 1, "regularized": null }, "geometry": { "type": "Polygon", "coordinates": [ [ [ 398649.338758901343681, 3780899.69481180049479 ], [ 398649.033570701954886, 3780899.38962360098958 ], [ 398648.118006103788503, 3780899.38962360098958 ], [ 398647.812817904399708, 3780899.084435401950032 ], [ 398647.812817904399708, 3780898.779247202444822 ], [ 398647.507629705010913, 3780898.474059002939612 ], [ 398647.507629705010913, 3780895.727365208324045 ], [ 398647.812817904399708, 3780895.422177009284496 ], [ 398647.812817904399708, 3780893.896236012224108 ], [ 398647.507629705010913, 3780893.591047812718898 ], [ 398647.507629705010913, 3780891.454730417113751 ], [ 398648.118006103788503, 3780890.844354018103331 ], [ 398648.423194303177297, 3780890.844354018103331 ], [ 398648.728382502566092, 3780890.539165819063783 ], [ 398652.085452695842832, 3780890.539165819063783 ], [ 398652.390640895231627, 3780890.844354018103331 ], [ 398652.085452695842832, 3780891.149542217608541 ], [ 398652.085452695842832, 3780892.06510681565851 ], [ 398652.390640895231627, 3780892.37029501516372 ], [ 398653.9165818921756, 3780892.37029501516372 ], [ 398654.526958290953189, 3780891.759918616618961 ], [ 398655.137334689730778, 3780891.759918616618961 ], [ 398655.442522889119573, 3780892.06510681565851 ], [ 398655.442522889119573, 3780893.591047812718898 ], [ 398655.137334689730778, 3780893.896236012224108 ], [ 398655.137334689730778, 3780894.811800610274076 ], [ 398654.832146490341984, 3780895.116988809779286 ], [ 398654.832146490341984, 3780896.948118005879223 ], [ 398654.526958290953189, 3780897.253306205384433 ], [ 398654.526958290953189, 3780897.558494404889643 ], [ 398653.9165818921756, 3780898.168870803434402 ], [ 398653.9165818921756, 3780898.779247202444822 ], [ 398653.306205493398011, 3780899.38962360098958 ], [ 398650.559511698898859, 3780899.38962360098958 ], [ 398650.254323499510065, 3780899.69481180049479 ], [ 398649.338758901343681, 3780899.69481180049479 ] ] ] } },
{ "type": "Feature", "properties": { "confidence": 0.44733104109764099, "class": 1, "regularized": null }, "geometry": { "type": "Polygon", "coordinates": [ [ [ 398937.436419125122484, 3781127.670396744739264 ], [ 398937.131230925733689, 3781127.365208545234054 ], [ 398937.131230925733689, 3781124.618514750618488 ], [ 398940.183112919621635, 3781124.618514750618488 ], [ 398940.183112919621635, 3781124.923702950123698 ], [ 398940.48830111901043, 3781125.228891149628907 ], [ 398940.48830111901043, 3781127.060020345728844 ], [ 398939.877924720232841, 3781127.670396744739264 ], [ 398937.436419125122484, 3781127.670396744739264 ] ] ] } },
{ "type": "Feature", "properties": { "confidence": 0.44657424092292786, "class": 1, "regularized": null }, "geometry": { "type": "Polygon", "coordinates": [ [ [ 398755.54425228893524, 3780687.894201424438506 ], [ 398755.54425228893524, 3780682.400813835207373 ], [ 398755.849440488324035, 3780682.095625635702163 ], [ 398757.070193285879213, 3780682.095625635702163 ], [ 398757.375381485268008, 3780682.400813835207373 ], [ 398758.290946083434392, 3780682.400813835207373 ], [ 398758.290946083434392, 3780687.589013224933296 ], [ 398757.985757884045597, 3780687.894201424438506 ], [ 398755.54425228893524, 3780687.894201424438506 ] ] ] } },
{ "type": "Feature", "properties": { "confidence": 0.44123232364654541, "class": 1, "regularized": null }, "geometry": { "type": "Polygon", "coordinates": [ [ [ 398795.218718209536746, 3781144.150559511501342 ], [ 398794.913530010147952, 3781143.845371312461793 ], [ 398794.303153611370362, 3781143.845371312461793 ], [ 398793.692777212592773, 3781143.234994913451374 ], [ 398788.80976602237206, 3781143.234994913451374 ], [ 398788.504577822983265, 3781142.929806713946164 ], [ 398786.063072227872908, 3781142.929806713946164 ], [ 398785.757884028484114, 3781142.624618514906615 ], [ 398784.537131230928935, 3781142.624618514906615 ], [ 398783.926754832151346, 3781142.014242115896195 ], [ 398783.926754832151346, 3781137.436419125180691 ], [ 398784.231943031540141, 3781137.131230925675482 ], [ 398786.368260427261703, 3781137.131230925675482 ], [ 398786.673448626650497, 3781137.436419125180691 ], [ 398791.861648016260006, 3781137.436419125180691 ], [ 398792.1668362156488, 3781137.131230925675482 ], [ 398796.439471007150132, 3781137.131230925675482 ], [ 398796.744659206538927, 3781137.436419125180691 ], [ 398797.965412004094105, 3781137.436419125180691 ], [ 398798.2706002034829, 3781137.741607324685901 ], [ 398798.575788402871694, 3781137.741607324685901 ], [ 398798.575788402871694, 3781139.572736520785838 ], [ 398798.2706002034829, 3781139.877924720291048 ], [ 398798.2706002034829, 3781141.403865717351437 ], [ 398797.965412004094105, 3781141.709053916390985 ], [ 398797.965412004094105, 3781144.150559511501342 ], [ 398795.218718209536746, 3781144.150559511501342 ] ] ] } },
{ "type": "Feature", "properties": { "confidence": 0.43929696083068848, "class": 1, "regularized": null }, "geometry": { "type": "Polygon", "coordinates": [ [ [ 398634.994913530012127, 3780794.710071210749447 ], [ 398634.994913530012127, 3780792.268565615639091 ], [ 398634.689725330623332, 3780791.963377416133881 ], [ 398634.384537131234538, 3780791.963377416133881 ], [ 398634.384537131234538, 3780789.216683621518314 ], [ 398637.436419125122484, 3780789.216683621518314 ], [ 398637.436419125122484, 3780789.827060020528734 ], [ 398637.741607324511278, 3780790.132248219568282 ], [ 398637.741607324511278, 3780790.437436419073492 ], [ 398638.046795523900073, 3780790.742624618578702 ], [ 398638.046795523900073, 3780791.353001017123461 ], [ 398638.351983723288868, 3780791.658189216628671 ], [ 398638.351983723288868, 3780791.963377416133881 ], [ 398638.657171922677662, 3780792.268565615639091 ], [ 398638.657171922677662, 3780794.404883011244237 ], [ 398637.131230925733689, 3780794.404883011244237 ], [ 398636.826042726344895, 3780794.710071210749447 ], [ 398634.994913530012127, 3780794.710071210749447 ] ] ] } },
{ "type": "Feature", "properties": { "confidence": 0.43920692801475525, "class": 1, "regularized": null }, "geometry": { "type": "Polygon", "coordinates": [ [ [ 398901.119023397739511, 3780836.520854527130723 ], [ 398900.813835198350716, 3780836.215666327625513 ], [ 398900.813835198350716, 3780833.163784333504736 ], [ 398901.119023397739511, 3780832.858596134465188 ], [ 398906.307222787407227, 3780832.858596134465188 ], [ 398906.612410986796021, 3780833.163784333504736 ], [ 398906.612410986796021, 3780833.774160732515156 ], [ 398906.917599186184816, 3780834.079348932020366 ], [ 398906.917599186184816, 3780836.215666327625513 ], [ 398906.612410986796021, 3780836.520854527130723 ], [ 398901.119023397739511, 3780836.520854527130723 ] ] ] } },
{ "type": "Feature", "properties": { "confidence": 0.43647107481956482, "class": 1, "regularized": null }, "geometry": { "type": "Polygon", "coordinates": [ [ [ 398830.620549338753335, 3780827.060020345728844 ], [ 398830.315361139364541, 3780826.754832146689296 ], [ 398829.399796541198157, 3780826.754832146689296 ], [ 398829.094608341809362, 3780826.449643947184086 ], [ 398829.094608341809362, 3780826.144455747678876 ], [ 398828.789420142420568, 3780825.839267548173666 ], [ 398829.094608341809362, 3780825.534079349134117 ], [ 398829.094608341809362, 3780824.618514750618488 ], [ 398828.789420142420568, 3780824.313326551578939 ], [ 398828.484231943031773, 3780824.313326551578939 ], [ 398828.179043743642978, 3780824.008138352073729 ], [ 398828.179043743642978, 3780821.871820956468582 ], [ 398827.873855544254184, 3780821.566632756963372 ], [ 398827.263479145476595, 3780821.566632756963372 ], [ 398826.9582909460878, 3780821.261444557458162 ], [ 398826.042726347921416, 3780821.261444557458162 ], [ 398826.042726347921416, 3780817.293997965287417 ], [ 398833.367243133252487, 3780817.293997965287417 ], [ 398833.367243133252487, 3780817.599186164792627 ], [ 398833.672431332641281, 3780817.904374364297837 ], [ 398833.672431332641281, 3780820.345879959408194 ], [ 398833.977619532030076, 3780820.651068158913404 ], [ 398833.977619532030076, 3780820.956256357952952 ], [ 398834.587995930807665, 3780821.566632756963372 ], [ 398834.587995930807665, 3780824.618514750618488 ], [ 398834.28280773141887, 3780824.618514750618488 ], [ 398833.977619532030076, 3780824.923702950123698 ], [ 398833.977619532030076, 3780825.534079349134117 ], [ 398833.672431332641281, 3780825.839267548173666 ], [ 398833.672431332641281, 3780826.754832146689296 ], [ 398833.367243133252487, 3780826.754832146689296 ], [ 398833.062054933863692, 3780827.060020345728844 ], [ 398830.620549338753335, 3780827.060020345728844 ] ] ] } },
{ "type": "Feature", "properties": { "confidence": 0.43199059367179871, "class": 1, "regularized": null }, "geometry": { "type": "Polygon", "coordinates": [ [ [ 398787.283825025428087, 3781192.06510681565851 ], [ 398786.978636826039292, 3781191.759918616618961 ], [ 398786.978636826039292, 3781191.454730417113751 ], [ 398786.063072227872908, 3781190.539165819063783 ], [ 398785.452695829095319, 3781190.539165819063783 ], [ 398785.147507629706524, 3781190.233977619558573 ], [ 398784.84231943031773, 3781190.233977619558573 ], [ 398784.84231943031773, 3781189.623601220548153 ], [ 398784.537131230928935, 3781189.318413021508604 ], [ 398784.537131230928935, 3781188.097660223953426 ], [ 398784.84231943031773, 3781187.792472024448216 ], [ 398784.84231943031773, 3781187.487283824943006 ], [ 398785.147507629706524, 3781187.182095625437796 ], [ 398785.147507629706524, 3781186.876907426398247 ], [ 398785.452695829095319, 3781186.571719226893038 ], [ 398785.452695829095319, 3781186.266531027387828 ], [ 398785.757884028484114, 3781185.961342827882618 ], [ 398785.757884028484114, 3781185.656154628843069 ], [ 398786.063072227872908, 3781185.350966429337859 ], [ 398786.368260427261703, 3781185.350966429337859 ], [ 398787.283825025428087, 3781184.435401831287891 ], [ 398787.283825025428087, 3781184.130213631782681 ], [ 398788.19938962359447, 3781183.214649033732712 ], [ 398788.504577822983265, 3781183.519837232772261 ], [ 398789.114954221760854, 3781183.519837232772261 ], [ 398789.114954221760854, 3781184.130213631782681 ], [ 398789.725330620538443, 3781184.740590030327439 ], [ 398789.725330620538443, 3781190.233977619558573 ], [ 398789.420142421149649, 3781190.539165819063783 ], [ 398789.420142421149649, 3781191.454730417113751 ], [ 398788.80976602237206, 3781192.06510681565851 ], [ 398787.283825025428087, 3781192.06510681565851 ] ] ] } },
{ "type": "Feature", "properties": { "confidence": 0.42910408973693848, "class": 1, "regularized": "rectangle" }, "geometry": { "type": "Polygon", "coordinates": [ [ [ 398570.875, 3781048.25 ], [ 398571.9375, 3781033.25 ], [ 398581.8125, 3781033.75 ], [ 398580.75, 3781048.75 ], [ 398570.875, 3781048.25 ] ] ] } },
{ "type": "Feature", "properties": { "confidence": 0.42868739366531372, "class": 1, "regularized": "rectangle" }, "geometry": { "type": "Polygon", "coordinates": [ [ [ 398773.5, 3781009.25 ], [ 398781.125, 3781009.25 ], [ 398781.5, 3781026.25 ], [ 398773.875, 3781026.25 ], [ 398773.5, 3781009.25 ] ] ] } },
{ "type": "Feature", "properties": { "confidence": 0.42715731263160706, "class": 1, "regularized": null }, "geometry": { "type": "Polygon", "coordinates": [ [ [ 398927.670396744681057, 3780928.382502543274313 ], [ 398927.365208545292262, 3780928.077314343769103 ], [ 398927.060020345903467, 3780928.077314343769103 ], [ 398925.839267548348289, 3780926.856561546213925 ], [ 398925.534079348959494, 3780926.856561546213925 ], [ 398924.923702950123698, 3780926.246185147669166 ], [ 398924.923702950123698, 3780921.973550355993211 ], [ 398928.58596134284744, 3780921.973550355993211 ], [ 398928.891149542236235, 3780922.278738555498421 ], [ 398928.891149542236235, 3780923.4994913530536 ], [ 398929.806714140402619, 3780924.415055951103568 ], [ 398929.806714140402619, 3780924.720244150608778 ], [ 398930.111902339791413, 3780925.025432350113988 ], [ 398930.417090539180208, 3780925.025432350113988 ], [ 398931.027466937957797, 3780925.635808748658746 ], [ 398931.027466937957797, 3780926.856561546213925 ], [ 398930.722278738569003, 3780927.161749745719135 ], [ 398930.417090539180208, 3780927.161749745719135 ], [ 398929.806714140402619, 3780927.772126144263893 ], [ 398929.501525941013824, 3780927.772126144263893 ], [ 398929.19633774162503, 3780928.077314343769103 ], [ 398928.891149542236235, 3780928.077314343769103 ], [ 398928.58596134284744, 3780928.382502543274313 ], [ 398927.670396744681057, 3780928.382502543274313 ] ] ] } },
{ "type": "Feature", "properties": { "confidence": 0.42505615949630737, "class": 1, "regularized": null }, "geometry": { "type": "Polygon", "coordinates": [ [ [ 398632.55340793490177, 3780756.866734486073256 ], [ 398632.248219735512976, 3780756.561546287033707 ], [ 398632.248219735512976, 3780755.645981688518077 ], [ 398632.55340793490177, 3780755.340793489478528 ], [ 398632.55340793490177, 3780751.983723295852542 ], [ 398633.163784333679359, 3780751.373346897307783 ], [ 398633.468972533068154, 3780751.373346897307783 ], [ 398633.774160732456949, 3780751.068158697802573 ], [ 398635.910478128178511, 3780751.068158697802573 ], [ 398636.215666327567305, 3780750.762970498297364 ], [ 398636.5208545269561, 3780750.762970498297364 ], [ 398636.826042726344895, 3780751.068158697802573 ], [ 398637.131230925733689, 3780751.068158697802573 ], [ 398637.131230925733689, 3780752.288911495357752 ], [ 398637.436419125122484, 3780752.594099694862962 ], [ 398637.436419125122484, 3780756.866734486073256 ], [ 398632.55340793490177, 3780756.866734486073256 ] ] ] } },
{ "type": "Feature", "properties": { "confidence": 0.42123067378997803, "class": 1, "regularized": null }, "geometry": { "type": "Polygon", "coordinates": [ [ [ 398790.030518819927238, 3780915.869786368217319 ], [ 398789.420142421149649, 3780915.259409969672561 ], [ 398789.420142421149649, 3780914.343845371156931 ], [ 398789.114954221760854, 3780914.038657172117382 ], [ 398789.114954221760854, 3780913.428280773106962 ], [ 398788.80976602237206, 3780913.123092573601753 ], [ 398788.80976602237206, 3780912.512716175056994 ], [ 398788.504577822983265, 3780912.207527975551784 ], [ 398788.504577822983265, 3780910.986775177996606 ], [ 398788.80976602237206, 3780910.681586978491396 ], [ 398788.80976602237206, 3780909.460834180936217 ], [ 398789.114954221760854, 3780909.155645981896669 ], [ 398789.114954221760854, 3780908.240081383381039 ], [ 398789.725330620538443, 3780907.62970498483628 ], [ 398789.725330620538443, 3780907.019328585825861 ], [ 398790.030518819927238, 3780906.714140386786312 ], [ 398790.335707019316033, 3780906.714140386786312 ], [ 398790.335707019316033, 3780915.869786368217319 ], [ 398790.030518819927238, 3780915.869786368217319 ] ] ] } },
{ "type": "Feature", "properties": { "confidence": 0.42036858201026917, "class": 1, "regularized": null }, "geometry": { "type": "Polygon", "coordinates": [ [ [ 398456.15462868771283, 3780902.136317395605147 ], [ 398455.54425228893524, 3780901.525940997060388 ], [ 398455.239064089546446, 3780901.525940997060388 ], [ 398455.239064089546446, 3780901.220752797555178 ], [ 398454.933875890157651, 3780900.915564598049968 ], [ 398454.323499491380062, 3780900.915564598049968 ], [ 398454.628687690768857, 3780900.61037639901042 ], [ 398454.628687690768857, 3780900.0 ], [ 398454.323499491380062, 3780899.69481180049479 ], [ 398454.323499491380062, 3780899.084435401950032 ], [ 398454.628687690768857, 3780899.084435401950032 ], [ 398455.239064089546446, 3780898.474059002939612 ], [ 398457.375381485268008, 3780898.474059002939612 ], [ 398457.680569684656803, 3780898.168870803434402 ], [ 398465.005086469987873, 3780898.168870803434402 ], [ 398465.005086469987873, 3780898.779247202444822 ], [ 398465.310274669376668, 3780899.084435401950032 ], [ 398465.310274669376668, 3780900.915564598049968 ], [ 398465.005086469987873, 3780901.220752797555178 ], [ 398465.005086469987873, 3780901.525940997060388 ], [ 398464.089521871821489, 3780901.525940997060388 ], [ 398463.784333672432695, 3780901.831129196565598 ], [ 398461.037639877933543, 3780901.831129196565598 ], [ 398460.732451678544749, 3780902.136317395605147 ], [ 398456.15462868771283, 3780902.136317395605147 ] ] ] } },
{ "type": "Feature", "properties": { "confidence": 0.41989192366600037, "class": 1, "regularized": null }, "geometry": { "type": "Polygon", "coordinates": [ [ [ 398698.474059003056027, 3780973.550356052815914 ], [ 398698.168870803667232, 3780973.245167853310704 ], [ 398697.558494404889643, 3780973.245167853310704 ], [ 398697.558494404889643, 3780972.939979654271156 ], [ 398697.253306205500849, 3780972.634791454765946 ], [ 398697.253306205500849, 3780972.329603255260736 ], [ 398696.948118006112054, 3780972.024415055755526 ], [ 398696.948118006112054, 3780971.108850457705557 ], [ 398696.642929806723259, 3780970.803662258200347 ], [ 398696.642929806723259, 3780969.888097660150379 ], [ 398696.337741607334465, 3780969.582909460645169 ], [ 398696.337741607334465, 3780966.836215666495264 ], [ 398696.642929806723259, 3780966.531027466990054 ], [ 398702.136317395721562, 3780966.531027466990054 ], [ 398702.136317395721562, 3780970.193285859655589 ], [ 398702.441505595110357, 3780970.498474059160799 ], [ 398702.441505595110357, 3780971.108850457705557 ], [ 398702.136317395721562, 3780971.414038657210767 ], [ 398702.136317395721562, 3780971.719226856715977 ], [ 398701.220752797555178, 3780972.634791454765946 ], [ 398701.220752797555178, 3780972.939979654271156 ], [ 398700.915564598166384, 3780972.939979654271156 ], [ 398700.610376398777589, 3780973.245167853310704 ], [ 398700.305188199388795, 3780973.245167853310704 ], [ 398700.0, 3780973.550356052815914 ], [ 398698.474059003056027, 3780973.550356052815914 ] ] ] } },
{ "type": "Feature", "properties": { "confidence": 0.41550111770629883, "class": 1, "regularized": null }, "geometry": { "type": "Polygon", "coordinates": [ [ [ 398553.814852492359933, 3781048.931841302197427 ], [ 398553.814852492359933, 3781046.18514750758186 ], [ 398554.120040691748727, 3781045.87995930807665 ], [ 398554.120040691748727, 3781044.964394710026681 ], [ 398554.425228891137522, 3781044.659206510521472 ], [ 398554.425228891137522, 3781044.048830111976713 ], [ 398555.951169888081495, 3781044.048830111976713 ], [ 398555.951169888081495, 3781048.931841302197427 ], [ 398553.814852492359933, 3781048.931841302197427 ] ] ] } },
{ "type": "Feature", "properties": { "confidence": 0.41384369134902954, "class": 1, "regularized": null }, "geometry": { "type": "Polygon", "coordinates": [ [ [ 398430.824008138326462, 3781102.034587996080518 ], [ 398430.518819938937668, 3781101.729399796575308 ], [ 398430.518819938937668, 3781101.424211597070098 ], [ 398430.824008138326462, 3781101.119023397564888 ], [ 398430.824008138326462, 3781096.846388606354594 ], [ 398432.960325534106232, 3781096.846388606354594 ], [ 398433.265513733495027, 3781097.151576805859804 ], [ 398433.570701932883821, 3781097.151576805859804 ], [ 398433.875890132272616, 3781097.456765004899353 ], [ 398434.181078331661411, 3781097.456765004899353 ], [ 398434.486266531050205, 3781097.761953204404563 ], [ 398434.791454730439, 3781097.761953204404563 ], [ 398434.791454730439, 3781098.067141403909773 ], [ 398434.486266531050205, 3781098.372329603414983 ], [ 398434.486266531050205, 3781102.034587996080518 ], [ 398430.824008138326462, 3781102.034587996080518 ] ] ] } },
{ "type": "Feature", "properties": { "confidence": 0.41076120734214783, "class": 1, "regularized": null }, "geometry": { "type": "Polygon", "coordinates": [ [ [ 398897.76195320446277, 3781126.449643947184086 ], [ 398897.456765005073976, 3781126.144455747678876 ], [ 398897.456765005073976, 3781119.430315361358225 ], [ 398897.76195320446277, 3781119.125127161853015 ], [ 398897.76195320446277, 3781118.514750762842596 ], [ 398898.067141403851565, 3781118.209562563803047 ], [ 398898.677517802629154, 3781118.209562563803047 ], [ 398898.982706002017949, 3781117.904374364297837 ], [ 398899.287894201406743, 3781117.904374364297837 ], [ 398899.593082400795538, 3781117.599186164792627 ], [ 398899.898270600184333, 3781117.599186164792627 ], [ 398900.203458799573127, 3781117.293997965287417 ], [ 398901.424211597128306, 3781117.293997965287417 ], [ 398901.424211597128306, 3781119.430315361358225 ], [ 398901.7293997965171, 3781119.735503560397774 ], [ 398901.7293997965171, 3781120.040691759902984 ], [ 398902.339776195294689, 3781120.651068158913404 ], [ 398902.644964394683484, 3781120.651068158913404 ], [ 398902.644964394683484, 3781120.956256357952952 ], [ 398902.950152594072279, 3781121.261444557458162 ], [ 398902.950152594072279, 3781122.787385554518551 ], [ 398903.255340793461073, 3781123.092573754023761 ], [ 398903.255340793461073, 3781126.144455747678876 ], [ 398902.950152594072279, 3781126.449643947184086 ], [ 398897.76195320446277, 3781126.449643947184086 ] ] ] } },
{ "type": "Feature", "properties": { "confidence": 0.41030213236808777, "class": 1, "regularized": null }, "geometry": { "type": "Polygon", "coordinates": [ [ [ 398677.721261444559786, 3780941.200406917370856 ], [ 398677.416073245170992, 3780940.895218718331307 ], [ 398676.805696846393403, 3780940.895218718331307 ], [ 398676.500508647004608, 3780940.590030518826097 ], [ 398676.500508647004608, 3780939.674465920776129 ], [ 398676.195320447615813, 3780939.369277721270919 ], [ 398676.195320447615813, 3780938.758901322260499 ], [ 398675.584944048838224, 3780938.14852492371574 ], [ 398675.584944048838224, 3780937.538148524705321 ], [ 398675.27975584944943, 3780937.232960325665772 ], [ 398675.27975584944943, 3780935.707019328605384 ], [ 398674.974567650060635, 3780935.401831129100174 ], [ 398674.974567650060635, 3780933.875890132039785 ], [ 398675.890132248227019, 3780933.875890132039785 ], [ 398676.195320447615813, 3780933.570701933000237 ], [ 398680.162767039670143, 3780933.570701933000237 ], [ 398680.467955239058938, 3780933.875890132039785 ], [ 398681.383519837225322, 3780933.875890132039785 ], [ 398681.688708036614116, 3780934.181078331544995 ], [ 398681.688708036614116, 3780934.486266531050205 ], [ 398682.909460834169295, 3780935.707019328605384 ], [ 398683.519837232946884, 3780935.707019328605384 ], [ 398683.825025432335678, 3780936.012207528110594 ], [ 398684.740590030502062, 3780936.012207528110594 ], [ 398685.045778229890857, 3780936.317395727150142 ], [ 398685.961342828057241, 3780936.317395727150142 ], [ 398686.266531027446035, 3780936.622583926655352 ], [ 398686.57171922683483, 3780936.622583926655352 ], [ 398686.57171922683483, 3780937.538148524705321 ], [ 398686.266531027446035, 3780937.843336724210531 ], [ 398686.266531027446035, 3780938.45371312322095 ], [ 398685.961342828057241, 3780938.758901322260499 ], [ 398685.961342828057241, 3780939.064089521765709 ], [ 398685.656154628668446, 3780939.369277721270919 ], [ 398685.656154628668446, 3780939.979654119815677 ], [ 398685.350966429279651, 3780940.284842319320887 ], [ 398685.350966429279651, 3780940.590030518826097 ], [ 398685.045778229890857, 3780940.895218718331307 ], [ 398685.045778229890857, 3780941.200406917370856 ], [ 398677.721261444559786, 3780941.200406917370856 ] ] ] } },
{ "type": "Feature", "properties": { "confidence": 0.40945950150489807, "class": 1, "regularized": null }, "geometry": { "type": "Polygon", "coordinates": [ [ [ 398607.527975584962405, 3780623.19430315354839 ], [ 398607.222787385573611, 3780622.88911495404318 ], [ 398606.612410986796021, 3780622.88911495404318 ], [ 398606.307222787407227, 3780622.583926755003631 ], [ 398606.002034588018432, 3780622.583926755003631 ], [ 398605.696846388629638, 3780622.278738555498421 ], [ 398605.086469989852048, 3780622.278738555498421 ], [ 398604.781281790463254, 3780621.973550355993211 ], [ 398604.170905391685665, 3780621.973550355993211 ], [ 398604.170905391685665, 3780620.142421159893274 ], [ 398604.476093591074459, 3780619.837232960388064 ], [ 398604.476093591074459, 3780618.921668362338096 ], [ 398604.781281790463254, 3780618.616480162832886 ], [ 398604.781281790463254, 3780617.700915564782917 ], [ 398605.391658189240843, 3780617.090539165772498 ], [ 398605.696846388629638, 3780617.090539165772498 ], [ 398606.002034588018432, 3780616.785350966267288 ], [ 398606.307222787407227, 3780616.785350966267288 ], [ 398606.612410986796021, 3780616.480162767227739 ], [ 398606.917599186184816, 3780616.480162767227739 ], [ 398607.222787385573611, 3780616.174974567722529 ], [ 398608.443540183128789, 3780616.174974567722529 ], [ 398608.748728382517584, 3780615.869786368217319 ], [ 398611.19023397762794, 3780615.869786368217319 ], [ 398611.495422177016735, 3780615.564598168712109 ], [ 398614.547304170904681, 3780615.564598168712109 ], [ 398614.852492370293476, 3780615.869786368217319 ], [ 398614.852492370293476, 3780617.395727365277708 ], [ 398615.15768056968227, 3780617.700915564782917 ], [ 398615.15768056968227, 3780618.921668362338096 ], [ 398615.768056968459859, 3780619.532044760882854 ], [ 398616.073245167848654, 3780619.532044760882854 ], [ 398616.073245167848654, 3780621.057985757943243 ], [ 398615.462868769071065, 3780621.668362156488001 ], [ 398615.15768056968227, 3780621.668362156488001 ], [ 398614.547304170904681, 3780622.278738555498421 ], [ 398614.242115971515886, 3780622.278738555498421 ], [ 398613.631739572738297, 3780622.88911495404318 ], [ 398613.021363173960708, 3780622.88911495404318 ], [ 398612.716174974571913, 3780623.19430315354839 ], [ 398607.527975584962405, 3780623.19430315354839 ] ] ] } },
{ "type": "Feature", "properties": { "confidence": 0.40670877695083618, "class": 1, "regularized": "rectangle" }, "geometry": { "type": "Polygon", "coordinates": [ [ [ 398827.125, 3780811.0 ], [ 398827.375, 3780801.5 ], [ 398842.8125, 3780802.0 ], [ 398842.5625, 3780811.5 ], [ 398827.125, 3780811.0 ] ] ] } },
{ "type": "Feature", "properties": { "confidence": 0.40485087037086487, "class": 1, "regularized": null }, "geometry": { "type": "Polygon", "coordinates": [ [ [ 398678.331637843337376, 3780904.272634791675955 ], [ 398678.026449643948581, 3780903.967446592170745 ], [ 398677.110885045782197, 3780903.967446592170745 ], [ 398676.805696846393403, 3780903.662258392665535 ], [ 398676.500508647004608, 3780903.662258392665535 ], [ 398676.195320447615813, 3780903.357070193160325 ], [ 398675.890132248227019, 3780903.357070193160325 ], [ 398675.584944048838224, 3780903.051881994120777 ], [ 398675.584944048838224, 3780902.136317395605147 ], [ 398674.974567650060635, 3780901.525940997060388 ], [ 398674.66937945067184, 3780901.525940997060388 ], [ 398674.66937945067184, 3780901.220752797555178 ], [ 398674.364191251283046, 3780900.915564598049968 ], [ 398674.364191251283046, 3780900.61037639901042 ], [ 398674.059003051894251, 3780900.30518819950521 ], [ 398674.059003051894251, 3780894.506612410768867 ], [ 398674.66937945067184, 3780893.896236012224108 ], [ 398674.66937945067184, 3780893.285859613213688 ], [ 398674.974567650060635, 3780893.285859613213688 ], [ 398675.584944048838224, 3780892.67548321466893 ], [ 398675.890132248227019, 3780892.67548321466893 ], [ 398676.195320447615813, 3780892.37029501516372 ], [ 398676.195320447615813, 3780892.06510681565851 ], [ 398676.805696846393403, 3780892.06510681565851 ], [ 398677.110885045782197, 3780891.759918616618961 ], [ 398677.416073245170992, 3780892.06510681565851 ], [ 398677.721261444559786, 3780892.06510681565851 ], [ 398678.331637843337376, 3780892.67548321466893 ], [ 398678.63682604272617, 3780892.67548321466893 ], [ 398678.942014242114965, 3780892.980671414174139 ], [ 398679.247202441503759, 3780892.980671414174139 ], [ 398679.857578840281349, 3780893.591047812718898 ], [ 398680.162767039670143, 3780893.591047812718898 ], [ 398680.773143438447732, 3780894.201424211729318 ], [ 398681.078331637836527, 3780894.201424211729318 ], [ 398682.299084435391705, 3780895.422177009284496 ], [ 398682.6042726347805, 3780895.422177009284496 ], [ 398683.214649033558089, 3780896.032553407829255 ], [ 398683.519837232946884, 3780896.032553407829255 ], [ 398683.519837232946884, 3780898.779247202444822 ], [ 398683.825025432335678, 3780899.084435401950032 ], [ 398683.825025432335678, 3780900.915564598049968 ], [ 398684.130213631724473, 3780901.220752797555178 ], [ 398683.825025432335678, 3780901.525940997060388 ], [ 398683.825025432335678, 3780903.357070193160325 ], [ 398683.519837232946884, 3780903.662258392665535 ], [ 398683.214649033558089, 3780903.662258392665535 ], [ 398682.909460834169295, 3780903.967446592170745 ], [ 398681.383519837225322, 3780903.967446592170745 ], [ 398681.078331637836527, 3780904.272634791675955 ], [ 398678.331637843337376, 3780904.272634791675955 ] ] ] } },
{ "type": "Feature", "properties": { "confidence": 0.40389519929885864, "class": 1, "regularized": null }, "geometry": { "type": "Polygon", "coordinates": [ [ [ 398847.71108850458404, 3781055.035605289973319 ], [ 398848.016276703972835, 3781054.730417090468109 ], [ 398848.016276703972835, 3781051.373346897307783 ], [ 398847.71108850458404, 3781051.068158697802573 ], [ 398846.185147507640067, 3781051.068158697802573 ], [ 398845.879959308251273, 3781050.762970498297364 ], [ 398845.269582909473684, 3781050.762970498297364 ], [ 398845.269582909473684, 3781050.457782299257815 ], [ 398844.659206510696094, 3781049.847405900247395 ], [ 398844.659206510696094, 3781047.711088504642248 ], [ 398844.3540183113073, 3781047.405900305137038 ], [ 398844.659206510696094, 3781047.100712105631828 ], [ 398844.659206510696094, 3781046.79552390659228 ], [ 398844.964394710084889, 3781046.79552390659228 ], [ 398845.269582909473684, 3781046.49033570708707 ], [ 398848.016276703972835, 3781046.49033570708707 ], [ 398848.32146490336163, 3781046.79552390659228 ], [ 398848.32146490336163, 3781047.100712105631828 ], [ 398849.542217700916808, 3781048.321464903187007 ], [ 398849.542217700916808, 3781051.373346897307783 ], [ 398849.237029501528013, 3781051.678535096812993 ], [ 398849.237029501528013, 3781052.594099694862962 ], [ 398848.931841302139219, 3781052.899287894368172 ], [ 398848.931841302139219, 3781053.50966429291293 ], [ 398849.237029501528013, 3781053.81485249241814 ], [ 398849.237029501528013, 3781054.425228890962899 ], [ 398848.931841302139219, 3781054.730417090468109 ], [ 398848.931841302139219, 3781055.035605289973319 ], [ 398847.71108850458404, 3781055.035605289973319 ] ] ] } },
{ "type": "Feature", "properties": { "confidence": 0.401924729347229, "class": 1, "regularized": null }, "geometry": { "type": "Polygon", "coordinates": [ [ [ 398843.743641912529711, 3780904.577822990715504 ], [ 398843.743641912529711, 3780895.422177009284496 ], [ 398844.3540183113073, 3780895.422177009284496 ], [ 398844.659206510696094, 3780895.727365208324045 ], [ 398844.659206510696094, 3780897.558494404889643 ], [ 398844.964394710084889, 3780897.863682604394853 ], [ 398844.964394710084889, 3780899.084435401950032 ], [ 398845.269582909473684, 3780899.38962360098958 ], [ 398845.269582909473684, 3780901.220752797555178 ], [ 398844.964394710084889, 3780901.525940997060388 ], [ 398844.964394710084889, 3780902.746693794615567 ], [ 398845.269582909473684, 3780903.051881994120777 ], [ 398845.269582909473684, 3780904.272634791675955 ], [ 398844.964394710084889, 3780904.577822990715504 ], [ 398843.743641912529711, 3780904.577822990715504 ] ] ] } },
{ "type": "Feature", "properties": { "confidence": 0.40084585547447205, "class": 1, "regularized": null }, "geometry": { "type": "Polygon", "coordinates": [ [ [ 398535.503560528974049, 3780659.511698881164193 ], [ 398535.198372329585254, 3780659.206510681658983 ], [ 398534.89318413019646, 3780659.206510681658983 ], [ 398534.89318413019646, 3780658.596134282648563 ], [ 398535.503560528974049, 3780657.985757884103805 ], [ 398535.503560528974049, 3780657.375381485093385 ], [ 398534.89318413019646, 3780656.765005086548626 ], [ 398533.062054933863692, 3780656.765005086548626 ], [ 398532.756866734474897, 3780656.459816887043417 ], [ 398532.451678535086103, 3780656.459816887043417 ], [ 398532.146490335697308, 3780656.154628687538207 ], [ 398532.146490335697308, 3780655.239064089488238 ], [ 398532.451678535086103, 3780654.933875889983028 ], [ 398532.451678535086103, 3780653.71312309242785 ], [ 398532.146490335697308, 3780653.407934893388301 ], [ 398532.146490335697308, 3780650.661241098772734 ], [ 398532.451678535086103, 3780650.356052899267524 ], [ 398536.113936927751638, 3780650.356052899267524 ], [ 398536.724313326529227, 3780650.966429298277944 ], [ 398536.724313326529227, 3780651.271617497317493 ], [ 398537.029501525918022, 3780651.576805696822703 ], [ 398537.029501525918022, 3780651.881993896327913 ], [ 398537.334689725306816, 3780652.187182095833123 ], [ 398537.334689725306816, 3780653.71312309242785 ], [ 398537.639877924695611, 3780654.01831129193306 ], [ 398537.334689725306816, 3780654.32349949143827 ], [ 398537.334689725306816, 3780656.459816887043417 ], [ 398537.029501525918022, 3780656.765005086548626 ], [ 398537.029501525918022, 3780657.070193286053836 ], [ 398536.724313326529227, 3780657.375381485093385 ], [ 398536.724313326529227, 3780657.985757884103805 ], [ 398536.419125127140433, 3780658.290946083609015 ], [ 398536.419125127140433, 3780659.206510681658983 ], [ 398536.113936927751638, 3780659.511698881164193 ], [ 398535.503560528974049, 3780659.511698881164193 ] ] ] } },
{ "type": "Feature", "properties": { "confidence": 0.39519014954566956, "class": 1, "regularized": null }, "geometry": { "type": "Polygon", "coordinates": [ [ [ 398550.457782299083192, 3780679.654120040591806 ], [ 398550.152594099694397, 3780679.348931841086596 ], [ 398549.542217700916808, 3780679.348931841086596 ], [ 398549.237029501528013, 3780679.043743642047048 ], [ 398548.931841302139219, 3780679.043743642047048 ], [ 398548.32146490336163, 3780678.433367243036628 ], [ 398548.32146490336163, 3780677.822990844491869 ], [ 398548.626653102750424, 3780677.517802644986659 ], [ 398548.626653102750424, 3780676.907426245976239 ], [ 398548.32146490336163, 3780676.602238046936691 ], [ 398548.32146490336163, 3780675.381485249381512 ], [ 398549.847405900305603, 3780673.855544252321124 ], [ 398554.730417090526316, 3780673.855544252321124 ], [ 398554.730417090526316, 3780678.738555442541838 ], [ 398554.120040691748727, 3780679.348931841086596 ], [ 398552.899287894193549, 3780679.348931841086596 ], [ 398552.594099694804754, 3780679.654120040591806 ], [ 398550.457782299083192, 3780679.654120040591806 ] ] ] } },
{ "type": "Feature", "properties": { "confidence": 0.39118561148643494, "class": 1, "regularized": null }, "geometry": { "type": "Polygon", "coordinates": [ [ [ 398468.972533062042203, 3780704.679552390705794 ], [ 398468.667344862653408, 3780704.374364191200584 ], [ 398468.362156663264614, 3780704.374364191200584 ], [ 398467.751780264487024, 3780703.763987792655826 ], [ 398467.751780264487024, 3780703.458799593150616 ], [ 398467.141403865709435, 3780702.848423194140196 ], [ 398467.141403865709435, 3780702.543234995100647 ], [ 398466.836215666320641, 3780702.238046795595437 ], [ 398466.836215666320641, 3780701.932858596090227 ], [ 398466.531027466931846, 3780701.627670396585017 ], [ 398466.531027466931846, 3780701.322482197545469 ], [ 398466.225839267543051, 3780701.017293998040259 ], [ 398466.225839267543051, 3780698.880976602435112 ], [ 398466.531027466931846, 3780698.575788402929902 ], [ 398466.531027466931846, 3780697.965412003919482 ], [ 398466.836215666320641, 3780697.965412003919482 ], [ 398467.141403865709435, 3780697.660223804879934 ], [ 398467.141403865709435, 3780697.355035605374724 ], [ 398467.751780264487024, 3780696.744659206364304 ], [ 398470.193285859597381, 3780696.744659206364304 ], [ 398470.498474058986176, 3780696.439471007324755 ], [ 398470.80366225837497, 3780696.439471007324755 ], [ 398471.108850457763765, 3780696.134282807819545 ], [ 398471.108850457763765, 3780695.218718209769577 ], [ 398472.634791454707738, 3780695.218718209769577 ], [ 398472.939979654096533, 3780695.523906408809125 ], [ 398472.939979654096533, 3780696.134282807819545 ], [ 398473.245167853485327, 3780696.439471007324755 ], [ 398473.245167853485327, 3780697.965412003919482 ], [ 398473.550356052874122, 3780698.270600203424692 ], [ 398473.550356052874122, 3780699.186164801474661 ], [ 398473.245167853485327, 3780699.491353000979871 ], [ 398473.245167853485327, 3780703.153611393645406 ], [ 398472.939979654096533, 3780703.458799593150616 ], [ 398472.939979654096533, 3780703.763987792655826 ], [ 398472.634791454707738, 3780703.763987792655826 ], [ 398472.024415055930149, 3780704.374364191200584 ], [ 398470.80366225837497, 3780704.374364191200584 ], [ 398470.498474058986176, 3780704.679552390705794 ], [ 398468.972533062042203, 3780704.679552390705794 ] ] ] } },
{ "type": "Feature", "properties": { "confidence": 0.3860633373260498, "class": 1, "regularized": null }, "geometry": { "type": "Polygon", "coordinates": [ [ [ 398788.19938962359447, 3780825.839267548173666 ], [ 398787.894201424205676, 3780825.534079349134117 ], [ 398780.264496439485811, 3780825.534079349134117 ], [ 398779.959308240097016, 3780825.228891149628907 ], [ 398775.991861648042686, 3780825.228891149628907 ], [ 398775.686673448653892, 3780824.923702950123698 ], [ 398775.076297049876302, 3780824.923702950123698 ], [ 398775.076297049876302, 3780822.482197355013341 ], [ 398775.381485249265097, 3780822.177009155508131 ], [ 398775.381485249265097, 3780821.871820956468582 ], [ 398775.991861648042686, 3780821.871820956468582 ], [ 398776.297049847431481, 3780821.566632756963372 ], [ 398780.264496439485811, 3780821.566632756963372 ], [ 398780.569684638874605, 3780821.871820956468582 ], [ 398786.673448626650497, 3780821.871820956468582 ], [ 398786.978636826039292, 3780821.566632756963372 ], [ 398789.114954221760854, 3780821.566632756963372 ], [ 398789.420142421149649, 3780821.261444557458162 ], [ 398792.472024415037595, 3780821.261444557458162 ], [ 398792.472024415037595, 3780822.787385554518551 ], [ 398792.777212614426389, 3780823.092573754023761 ], [ 398792.777212614426389, 3780825.839267548173666 ], [ 398788.19938962359447, 3780825.839267548173666 ] ] ] } },
{ "type": "Feature", "properties": { "confidence": 0.38435113430023193, "class": 1, "regularized": null }, "geometry": { "type": "Polygon", "coordinates": [ [ [ 398550.762970498471987, 3780801.729399796575308 ], [ 398550.457782299083192, 3780801.424211597070098 ], [ 398550.152594099694397, 3780801.424211597070098 ], [ 398550.152594099694397, 3780799.287894201464951 ], [ 398549.847405900305603, 3780798.982706001959741 ], [ 398549.847405900305603, 3780798.372329603414983 ], [ 398549.542217700916808, 3780798.067141403909773 ], [ 398549.542217700916808, 3780797.761953204404563 ], [ 398549.237029501528013, 3780797.456765004899353 ], [ 398549.237029501528013, 3780796.846388606354594 ], [ 398548.931841302139219, 3780796.541200406849384 ], [ 398548.931841302139219, 3780793.794506612233818 ], [ 398549.237029501528013, 3780793.794506612233818 ], [ 398549.542217700916808, 3780793.489318413194269 ], [ 398551.373346897249576, 3780793.489318413194269 ], [ 398551.67853509663837, 3780793.794506612233818 ], [ 398552.899287894193549, 3780793.794506612233818 ], [ 398553.204476093582343, 3780793.489318413194269 ], [ 398555.951169888081495, 3780793.489318413194269 ], [ 398555.951169888081495, 3780801.424211597070098 ], [ 398552.594099694804754, 3780801.424211597070098 ], [ 398552.28891149541596, 3780801.729399796575308 ], [ 398550.762970498471987, 3780801.729399796575308 ] ] ] } },
{ "type": "Feature", "properties": { "confidence": 0.37520772218704224, "class": 1, "regularized": null }, "geometry": { "type": "Polygon", "coordinates": [ [ [ 398777.822990844375454, 3780812.105798575561494 ], [ 398777.517802644986659, 3780811.800610376521945 ], [ 398774.465920651040506, 3780811.800610376521945 ], [ 398774.465920651040506, 3780811.190233977511525 ], [ 398773.855544252262916, 3780810.579857578966767 ], [ 398773.550356052874122, 3780810.579857578966767 ], [ 398772.939979654096533, 3780809.969481179956347 ], [ 398772.329603255318943, 3780809.969481179956347 ], [ 398772.329603255318943, 3780809.664292980451137 ], [ 398786.063072227872908, 3780809.664292980451137 ], [ 398786.063072227872908, 3780809.969481179956347 ], [ 398786.978636826039292, 3780810.885045778006315 ], [ 398787.283825025428087, 3780810.885045778006315 ], [ 398787.283825025428087, 3780811.495422177016735 ], [ 398786.978636826039292, 3780811.800610376521945 ], [ 398785.147507629706524, 3780811.800610376521945 ], [ 398784.84231943031773, 3780812.105798575561494 ], [ 398777.822990844375454, 3780812.105798575561494 ] ] ] } },
{ "type": "Feature", "properties": { "confidence": 0.37499704957008362, "class": 1, "regularized": null }, "geometry": { "type": "Polygon", "coordinates": [ [ [ 398602.034587995905895, 3780974.465920650865883 ], [ 398601.7293997965171, 3780974.160732451826334 ], [ 398601.424211597128306, 3780974.160732451826334 ], [ 398601.119023397739511, 3780973.855544252321124 ], [ 398601.119023397739511, 3780967.446592065040022 ], [ 398602.034587995905895, 3780967.446592065040022 ], [ 398602.339776195294689, 3780967.141403865534812 ], [ 398605.086469989852048, 3780967.141403865534812 ], [ 398605.391658189240843, 3780967.446592065040022 ], [ 398605.696846388629638, 3780967.446592065040022 ], [ 398605.696846388629638, 3780967.751780264545232 ], [ 398606.002034588018432, 3780968.056968464050442 ], [ 398606.002034588018432, 3780968.667344862595201 ], [ 398606.307222787407227, 3780968.97253306210041 ], [ 398606.612410986796021, 3780968.97253306210041 ], [ 398606.917599186184816, 3780969.27772126160562 ], [ 398607.527975584962405, 3780969.27772126160562 ], [ 398608.138351983739994, 3780969.888097660150379 ], [ 398608.138351983739994, 3780973.855544252321124 ], [ 398607.8331637843512, 3780974.160732451826334 ], [ 398606.612410986796021, 3780974.160732451826334 ], [ 398606.307222787407227, 3780974.465920650865883 ], [ 398602.034587995905895, 3780974.465920650865883 ] ] ] } },
{ "type": "Feature", "properties": { "confidence": 0.37412193417549133, "class": 1, "regularized": null }, "geometry": { "type": "Polygon", "coordinates": [ [ [ 398468.362156663264614, 3780751.678535096812993 ], [ 398468.056968463875819, 3780751.373346897307783 ], [ 398461.648016276711132, 3780751.373346897307783 ], [ 398461.342828077322338, 3780751.068158697802573 ], [ 398461.342828077322338, 3780750.762970498297364 ], [ 398461.648016276711132, 3780750.457782299257815 ], [ 398461.648016276711132, 3780749.237029501702636 ], [ 398461.953204476099927, 3780748.931841302197427 ], [ 398461.953204476099927, 3780747.711088504642248 ], [ 398462.258392675488722, 3780747.405900305137038 ], [ 398462.258392675488722, 3780745.574771109037101 ], [ 398462.868769074266311, 3780744.964394710026681 ], [ 398462.868769074266311, 3780744.354018311481923 ], [ 398463.173957273655105, 3780744.048830111976713 ], [ 398463.173957273655105, 3780742.828077314421535 ], [ 398463.4791454730439, 3780742.828077314421535 ], [ 398463.784333672432695, 3780742.522889114916325 ], [ 398468.362156663264614, 3780742.522889114916325 ], [ 398468.667344862653408, 3780742.828077314421535 ], [ 398468.667344862653408, 3780744.659206510521472 ], [ 398468.972533062042203, 3780744.964394710026681 ], [ 398468.972533062042203, 3780746.18514750758186 ], [ 398469.277721261430997, 3780746.49033570708707 ], [ 398469.277721261430997, 3780747.711088504642248 ], [ 398469.582909460819792, 3780748.016276704147458 ], [ 398469.582909460819792, 3780749.847405900247395 ], [ 398469.277721261430997, 3780750.152594099752605 ], [ 398469.277721261430997, 3780751.373346897307783 ], [ 398468.972533062042203, 3780751.678535096812993 ], [ 398468.362156663264614, 3780751.678535096812993 ] ] ] } },
{ "type": "Feature", "properties": { "confidence": 0.37202075123786926, "class": 1, "regularized": "rectangle" }, "geometry": { "type": "Polygon", "coordinates": [ [ [ 398679.5, 3780667.5 ], [ 398679.8125, 3780651.0 ], [ 398687.5625, 3780651.0 ], [ 398687.25, 3780667.5 ], [ 398679.5, 3780667.5 ] ] ] } },
{ "type": "Feature", "properties": { "confidence": 0.37073960900306702, "class": 1, "regularized": null }, "geometry": { "type": "Polygon", "coordinates": [ [ [ 398785.452695829095319, 3780852.085452695842832 ], [ 398785.147507629706524, 3780851.780264496337622 ], [ 398784.537131230928935, 3780851.780264496337622 ], [ 398784.231943031540141, 3780851.475076296832412 ], [ 398783.926754832151346, 3780851.475076296832412 ], [ 398783.621566632762551, 3780851.169888097792864 ], [ 398783.316378433373757, 3780851.169888097792864 ], [ 398782.706002034596168, 3780850.559511698782444 ], [ 398782.706002034596168, 3780850.254323499277234 ], [ 398782.400813835207373, 3780849.949135300237685 ], [ 398782.400813835207373, 3780849.643947100732476 ], [ 398782.095625635818578, 3780849.338758901227266 ], [ 398782.095625635818578, 3780848.423194303177297 ], [ 398781.790437436429784, 3780848.118006103672087 ], [ 398782.095625635818578, 3780847.812817904166877 ], [ 398782.095625635818578, 3780847.202441505622119 ], [ 398781.790437436429784, 3780846.897253306116909 ], [ 398789.114954221760854, 3780846.897253306116909 ], [ 398788.80976602237206, 3780847.202441505622119 ], [ 398788.80976602237206, 3780848.728382502682507 ], [ 398788.504577822983265, 3780849.033570701722056 ], [ 398788.504577822983265, 3780851.169888097792864 ], [ 398788.80976602237206, 3780851.475076296832412 ], [ 398788.19938962359447, 3780852.085452695842832 ], [ 398785.452695829095319, 3780852.085452695842832 ] ] ] } },
{ "type": "Feature", "properties": { "confidence": 0.37072083353996277, "class": 1, "regularized": "rectangle" }, "geometry": { "type": "Polygon", "coordinates": [ [ [ 398847.6875, 3780726.0 ], [ 398872.4375, 3780726.0 ], [ 398872.4375, 3780731.0 ], [ 398847.6875, 3780731.0 ], [ 398847.6875, 3780726.0 ] ] ] } },
{ "type": "Feature", "properties": { "confidence": 0.36889678239822388, "class": 1, "regularized": null }, "geometry": { "type": "Polygon", "coordinates": [ [ [ 398537.945066124084406, 3780783.112919633742422 ], [ 398537.945066124084406, 3780779.145473041571677 ], [ 398538.2502543234732, 3780778.840284842532128 ], [ 398538.2502543234732, 3780778.229908443521708 ], [ 398538.555442522861995, 3780778.229908443521708 ], [ 398538.860630722250789, 3780777.924720244016498 ], [ 398539.165818921639584, 3780777.924720244016498 ], [ 398539.471007121086586, 3780777.61953204497695 ], [ 398539.471007121086586, 3780777.31434384547174 ], [ 398540.081383519864175, 3780776.70396744646132 ], [ 398542.217700915585738, 3780776.70396744646132 ], [ 398542.828077314363327, 3780777.31434384547174 ], [ 398542.828077314363327, 3780779.755849440582097 ], [ 398542.522889114974532, 3780780.061037640087306 ], [ 398542.522889114974532, 3780780.366225839126855 ], [ 398542.217700915585738, 3780780.671414038632065 ], [ 398542.217700915585738, 3780781.892166836187243 ], [ 398541.607324516808148, 3780782.502543235197663 ], [ 398541.607324516808148, 3780782.807731434237212 ], [ 398541.302136317419354, 3780783.112919633742422 ], [ 398537.945066124084406, 3780783.112919633742422 ] ] ] } },
{ "type": "Feature", "properties": { "confidence": 0.35339120030403137, "class": 1, "regularized": null }, "geometry": { "type": "Polygon", "coordinates": [ [ [ 398566.327568667358719, 3781049.847405900247395 ], [ 398566.022380467969924, 3781049.542217700742185 ], [ 398565.10681586980354, 3781049.542217700742185 ], [ 398564.496439471025951, 3781048.931841302197427 ], [ 398555.951169888081495, 3781048.931841302197427 ], [ 398555.6459816886927, 3781049.237029501702636 ], [ 398555.340793489303906, 3781048.931841302197427 ], [ 398554.730417090526316, 3781048.931841302197427 ], [ 398554.425228891137522, 3781048.626653102692217 ], [ 398554.425228891137522, 3781045.574771109037101 ], [ 398554.730417090526316, 3781045.574771109037101 ], [ 398555.035605289915111, 3781045.269582909531891 ], [ 398555.035605289915111, 3781044.659206510521472 ], [ 398555.340793489303906, 3781044.354018311481923 ], [ 398556.561546286859084, 3781044.354018311481923 ], [ 398557.171922685636673, 3781044.964394710026681 ], [ 398559.61342828074703, 3781044.964394710026681 ], [ 398559.918616480135825, 3781044.659206510521472 ], [ 398559.918616480135825, 3781044.354018311481923 ], [ 398560.223804679524619, 3781044.048830111976713 ], [ 398561.7497456765268, 3781044.048830111976713 ], [ 398562.054933875915594, 3781043.743641912471503 ], [ 398563.886063072248362, 3781043.743641912471503 ], [ 398564.191251271637157, 3781044.048830111976713 ], [ 398565.71719226858113, 3781044.048830111976713 ], [ 398566.022380467969924, 3781044.354018311481923 ], [ 398566.632756866747513, 3781044.354018311481923 ], [ 398567.243133265525103, 3781044.964394710026681 ], [ 398567.243133265525103, 3781047.100712105631828 ], [ 398566.937945066136308, 3781047.405900305137038 ], [ 398566.937945066136308, 3781049.542217700742185 ], [ 398566.632756866747513, 3781049.847405900247395 ], [ 398566.327568667358719, 3781049.847405900247395 ] ] ] } },
{ "type": "Feature", "properties": { "confidence": 0.35295835137367249, "class": 1, "regularized": null }, "geometry": { "type": "Polygon", "coordinates": [ [ [ 398692.980671414057724, 3781151.780264496337622 ], [ 398692.370295015280135, 3781151.169888097792864 ], [ 398692.370295015280135, 3781150.254323499277234 ], [ 398692.67548321466893, 3781149.949135300237685 ], [ 398692.67548321466893, 3781144.150559511501342 ], [ 398692.980671414057724, 3781143.845371312461793 ], [ 398692.980671414057724, 3781142.624618514906615 ], [ 398693.285859613446519, 3781142.319430315401405 ], [ 398696.642929806723259, 3781142.319430315401405 ], [ 398696.948118006112054, 3781142.624618514906615 ], [ 398697.558494404889643, 3781142.624618514906615 ], [ 398697.558494404889643, 3781142.929806713946164 ], [ 398697.863682604278438, 3781143.234994913451374 ], [ 398697.863682604278438, 3781149.949135300237685 ], [ 398698.168870803667232, 3781150.254323499277234 ], [ 398698.168870803667232, 3781150.559511698782444 ], [ 398697.863682604278438, 3781150.864699898287654 ], [ 398697.863682604278438, 3781151.475076296832412 ], [ 398696.642929806723259, 3781151.475076296832412 ], [ 398696.337741607334465, 3781151.780264496337622 ], [ 398692.980671414057724, 3781151.780264496337622 ] ] ] } },
{ "type": "Feature", "properties": { "confidence": 0.34862157702445984, "class": 1, "regularized": null }, "geometry": { "type": "Polygon", "coordinates": [ [ [ 398426.551373346883338, 3780848.423194303177297 ], [ 398426.551373346883338, 3780845.37131230905652 ], [ 398426.856561546272133, 3780845.066124110016972 ], [ 398426.856561546272133, 3780844.150559511501342 ], [ 398427.161749745660927, 3780843.845371312461793 ], [ 398427.161749745660927, 3780843.540183112956583 ], [ 398427.466937945049722, 3780843.234994913451374 ], [ 398428.992878941993695, 3780843.234994913451374 ], [ 398429.298067141382489, 3780843.540183112956583 ], [ 398429.298067141382489, 3780844.455747711006552 ], [ 398429.603255340771284, 3780844.760935910511762 ], [ 398429.603255340771284, 3780848.423194303177297 ], [ 398426.551373346883338, 3780848.423194303177297 ] ] ] } },
{ "type": "Feature", "properties": { "confidence": 0.33862221240997314, "class": 1, "regularized": null }, "geometry": { "type": "Polygon", "coordinates": [ [ [ 398640.793489318399224, 3780946.083418108057231 ], [ 398640.793489318399224, 3780945.778229908552021 ], [ 398640.183112919621635, 3780945.167853509541601 ], [ 398640.183112919621635, 3780944.862665310502052 ], [ 398639.572736520844046, 3780944.252288911491632 ], [ 398639.572736520844046, 3780943.947100711986423 ], [ 398639.877924720232841, 3780943.641912512946874 ], [ 398639.877924720232841, 3780943.031536113936454 ], [ 398639.572736520844046, 3780942.726347914431244 ], [ 398639.572736520844046, 3780941.505595116876066 ], [ 398640.183112919621635, 3780940.895218718331307 ], [ 398640.793489318399224, 3780940.895218718331307 ], [ 398641.098677517788019, 3780940.590030518826097 ], [ 398646.59206510684453, 3780940.590030518826097 ], [ 398646.897253306233324, 3780940.895218718331307 ], [ 398646.897253306233324, 3780941.200406917370856 ], [ 398647.202441505622119, 3780941.505595116876066 ], [ 398647.202441505622119, 3780941.810783316381276 ], [ 398647.507629705010913, 3780942.115971515886486 ], [ 398647.507629705010913, 3780943.947100711986423 ], [ 398646.897253306233324, 3780944.557477110996842 ], [ 398646.59206510684453, 3780944.557477110996842 ], [ 398646.286876907397527, 3780944.862665310502052 ], [ 398644.45574771106476, 3780944.862665310502052 ], [ 398644.150559511675965, 3780945.167853509541601 ], [ 398643.540183112898376, 3780945.167853509541601 ], [ 398642.624618514731992, 3780946.083418108057231 ], [ 398640.793489318399224, 3780946.083418108057231 ] ] ] } },
{ "type": "Feature", "properties": { "confidence": 0.33597314357757568, "class": 1, "regularized": null }, "geometry": { "type": "Polygon", "coordinates": [ [ [ 398504.984740590036381, 3780621.668362156488001 ], [ 398504.679552390647586, 3780621.363173957448453 ], [ 398501.932858596148435, 3780621.363173957448453 ], [ 398501.62767039675964, 3780621.057985757943243 ], [ 398500.101729399815667, 3780621.057985757943243 ], [ 398499.491353001038078, 3780620.447609358932823 ], [ 398499.491353001038078, 3780619.837232960388064 ], [ 398499.796541200426873, 3780619.532044760882854 ], [ 398499.796541200426873, 3780618.006103763822466 ], [ 398500.101729399815667, 3780617.700915564782917 ], [ 398500.101729399815667, 3780617.395727365277708 ], [ 398500.712105798593257, 3780616.785350966267288 ], [ 398500.712105798593257, 3780616.480162767227739 ], [ 398501.322482197370846, 3780616.480162767227739 ], [ 398501.62767039675964, 3780616.174974567722529 ], [ 398501.62767039675964, 3780615.869786368217319 ], [ 398501.932858596148435, 3780615.564598168712109 ], [ 398502.23804679553723, 3780615.564598168712109 ], [ 398502.543234994926024, 3780615.259409969672561 ], [ 398502.543234994926024, 3780614.954221770167351 ], [ 398502.848423194314819, 3780614.649033570662141 ], [ 398502.848423194314819, 3780613.733468972612172 ], [ 398503.153611393703613, 3780613.428280773106962 ], [ 398503.153611393703613, 3780612.817904374562204 ], [ 398504.069175991869997, 3780611.902339776046574 ], [ 398507.121057985757943, 3780611.902339776046574 ], [ 398507.731434384535532, 3780612.512716175056994 ], [ 398507.731434384535532, 3780613.733468972612172 ], [ 398508.036622583924327, 3780614.038657172117382 ], [ 398508.036622583924327, 3780614.649033570662141 ], [ 398507.731434384535532, 3780614.954221770167351 ], [ 398507.731434384535532, 3780620.752797558438033 ], [ 398506.815869786369149, 3780621.668362156488001 ], [ 398504.984740590036381, 3780621.668362156488001 ] ] ] } },
{ "type": "Feature", "properties": { "confidence": 0.33348169922828674, "class": 1, "regularized": null }, "geometry": { "type": "Polygon", "coordinates": [ [ [ 398807.426246185146738, 3781149.338758901227266 ], [ 398807.121057985757943, 3781149.033570701722056 ], [ 398806.510681586980354, 3781149.033570701722056 ], [ 398806.205493387591559, 3781148.728382502682507 ], [ 398806.205493387591559, 3781144.760935910511762 ], [ 398806.510681586980354, 3781144.455747711006552 ], [ 398806.510681586980354, 3781143.845371312461793 ], [ 398807.121057985757943, 3781143.234994913451374 ], [ 398807.121057985757943, 3781142.929806713946164 ], [ 398807.426246185146738, 3781142.624618514906615 ], [ 398808.036622583924327, 3781142.624618514906615 ], [ 398808.341810783313122, 3781142.929806713946164 ], [ 398809.257375381479505, 3781142.929806713946164 ], [ 398809.257375381479505, 3781143.234994913451374 ], [ 398809.5625635808683, 3781143.540183112956583 ], [ 398809.867751780257095, 3781143.540183112956583 ], [ 398809.867751780257095, 3781143.845371312461793 ], [ 398810.478128179034684, 3781144.455747711006552 ], [ 398810.783316378423478, 3781144.455747711006552 ], [ 398811.088504577812273, 3781144.760935910511762 ], [ 398811.393692777201068, 3781144.760935910511762 ], [ 398811.698880976589862, 3781145.066124110016972 ], [ 398811.698880976589862, 3781145.67650050856173 ], [ 398812.004069175978657, 3781145.98168870806694 ], [ 398812.004069175978657, 3781147.812817904166877 ], [ 398811.698880976589862, 3781148.118006103672087 ], [ 398811.698880976589862, 3781148.423194303177297 ], [ 398811.393692777201068, 3781148.728382502682507 ], [ 398811.393692777201068, 3781149.033570701722056 ], [ 398811.088504577812273, 3781149.033570701722056 ], [ 398810.783316378423478, 3781149.338758901227266 ], [ 398807.426246185146738, 3781149.338758901227266 ] ] ] } },
{ "type": "Feature", "properties": { "confidence": 0.32774296402931213, "class": 1, "regularized": null }, "geometry": { "type": "Polygon", "coordinates": [ [ [ 398843.743641912529711, 3781011.393692777026445 ], [ 398843.743641912529711, 3781001.932858596090227 ], [ 398844.048830111918505, 3781001.932858596090227 ], [ 398844.3540183113073, 3781001.627670396585017 ], [ 398845.269582909473684, 3781001.627670396585017 ], [ 398846.185147507640067, 3781002.543234995100647 ], [ 398846.490335707028862, 3781002.543234995100647 ], [ 398846.795523906417657, 3781002.848423194140196 ], [ 398848.32146490336163, 3781002.848423194140196 ], [ 398848.626653102750424, 3781003.153611393645406 ], [ 398848.626653102750424, 3781005.900305188260972 ], [ 398848.32146490336163, 3781006.205493387766182 ], [ 398848.32146490336163, 3781006.510681586805731 ], [ 398848.016276703972835, 3781006.815869786310941 ], [ 398847.405900305195246, 3781006.815869786310941 ], [ 398847.100712105806451, 3781007.121057985816151 ], [ 398846.795523906417657, 3781007.121057985816151 ], [ 398846.490335707028862, 3781007.426246185321361 ], [ 398846.490335707028862, 3781009.257375381421298 ], [ 398846.795523906417657, 3781009.562563580926508 ], [ 398846.795523906417657, 3781009.867751780431718 ], [ 398847.100712105806451, 3781010.172939979471266 ], [ 398847.100712105806451, 3781010.783316378481686 ], [ 398846.795523906417657, 3781011.088504577986896 ], [ 398844.659206510696094, 3781011.088504577986896 ], [ 398844.3540183113073, 3781011.393692777026445 ], [ 398843.743641912529711, 3781011.393692777026445 ] ] ] } },
{ "type": "Feature", "properties": { "confidence": 0.32510903477668762, "class": 1, "regularized": null }, "geometry": { "type": "Polygon", "coordinates": [ [ [ 398784.84231943031773, 3780950.966429298277944 ], [ 398784.537131230928935, 3780950.661241098772734 ], [ 398777.212614445597865, 3780950.661241098772734 ], [ 398776.90742624620907, 3780950.356052899267524 ], [ 398776.90742624620907, 3780949.135300101712346 ], [ 398777.517802644986659, 3780948.524923703167588 ], [ 398777.822990844375454, 3780948.524923703167588 ], [ 398778.128179043764248, 3780948.219735503662378 ], [ 398778.738555442541838, 3780948.219735503662378 ], [ 398779.043743641930632, 3780947.914547304157168 ], [ 398780.569684638874605, 3780947.914547304157168 ], [ 398780.8748728382634, 3780948.219735503662378 ], [ 398790.335707019316033, 3780948.219735503662378 ], [ 398790.335707019316033, 3780950.966429298277944 ], [ 398784.84231943031773, 3780950.966429298277944 ] ] ] } },
{ "type": "Feature", "properties": { "confidence": 0.32412201166152954, "class": 1, "regularized": null }, "geometry": { "type": "Polygon", "coordinates": [ [ [ 398921.261444557458162, 3780896.948118005879223 ], [ 398920.956256358069368, 3780896.642929806839675 ], [ 398920.345879959291779, 3780896.642929806839675 ], [ 398920.345879959291779, 3780896.337741607334465 ], [ 398920.651068158680573, 3780896.032553407829255 ], [ 398920.651068158680573, 3780895.727365208324045 ], [ 398920.956256358069368, 3780895.422177009284496 ], [ 398920.956256358069368, 3780894.811800610274076 ], [ 398920.651068158680573, 3780894.506612410768867 ], [ 398920.651068158680573, 3780894.201424211729318 ], [ 398920.956256358069368, 3780893.896236012224108 ], [ 398920.956256358069368, 3780893.591047812718898 ], [ 398923.09257375379093, 3780893.591047812718898 ], [ 398923.397761953179725, 3780893.285859613213688 ], [ 398928.280773143458646, 3780893.285859613213688 ], [ 398928.58596134284744, 3780893.591047812718898 ], [ 398929.19633774162503, 3780893.591047812718898 ], [ 398929.19633774162503, 3780895.116988809779286 ], [ 398929.501525941013824, 3780895.422177009284496 ], [ 398929.501525941013824, 3780895.727365208324045 ], [ 398929.19633774162503, 3780896.032553407829255 ], [ 398929.19633774162503, 3780896.337741607334465 ], [ 398928.891149542236235, 3780896.642929806839675 ], [ 398928.58596134284744, 3780896.642929806839675 ], [ 398928.280773143458646, 3780896.948118005879223 ], [ 398921.261444557458162, 3780896.948118005879223 ] ] ] } },
{ "type": "Feature", "properties": { "confidence": 0.32378354668617249, "class": 1, "regularized": null }, "geometry": { "type": "Polygon", "coordinates": [ [ [ 398677.721261444559786, 3780750.152594099752605 ], [ 398677.416073245170992, 3780749.847405900247395 ], [ 398676.500508647004608, 3780749.847405900247395 ], [ 398675.890132248227019, 3780749.237029501702636 ], [ 398675.890132248227019, 3780748.931841302197427 ], [ 398675.584944048838224, 3780748.626653102692217 ], [ 398675.584944048838224, 3780747.100712105631828 ], [ 398675.890132248227019, 3780746.79552390659228 ], [ 398675.890132248227019, 3780746.18514750758186 ], [ 398676.195320447615813, 3780745.87995930807665 ], [ 398676.195320447615813, 3780745.574771109037101 ], [ 398680.467955239058938, 3780745.574771109037101 ], [ 398680.467955239058938, 3780746.18514750758186 ], [ 398681.078331637836527, 3780746.79552390659228 ], [ 398681.078331637836527, 3780747.100712105631828 ], [ 398681.383519837225322, 3780747.405900305137038 ], [ 398681.383519837225322, 3780748.931841302197427 ], [ 398681.078331637836527, 3780749.237029501702636 ], [ 398680.773143438447732, 3780749.237029501702636 ], [ 398680.467955239058938, 3780749.542217700742185 ], [ 398679.857578840281349, 3780749.542217700742185 ], [ 398679.552390640892554, 3780749.847405900247395 ], [ 398678.63682604272617, 3780749.847405900247395 ], [ 398678.331637843337376, 3780750.152594099752605 ], [ 398677.721261444559786, 3780750.152594099752605 ] ] ] } },
{ "type": "Feature", "properties": { "confidence": 0.32320183515548706, "class": 1, "regularized": null }, "geometry": { "type": "Polygon", "coordinates": [ [ [ 398826.042726347921416, 3780867.344862665515393 ], [ 398825.737538148532622, 3780867.039674466010183 ], [ 398825.737538148532622, 3780863.987792471889406 ], [ 398826.042726347921416, 3780863.682604272849858 ], [ 398826.042726347921416, 3780863.377416073344648 ], [ 398826.347914547310211, 3780863.072227873839438 ], [ 398826.347914547310211, 3780862.767039674334228 ], [ 398835.808748728362843, 3780862.767039674334228 ], [ 398835.808748728362843, 3780863.072227873839438 ], [ 398836.113936927751638, 3780863.377416073344648 ], [ 398836.113936927751638, 3780865.818921668455005 ], [ 398835.808748728362843, 3780866.124109867960215 ], [ 398835.808748728362843, 3780866.734486266504973 ], [ 398835.503560528974049, 3780867.039674466010183 ], [ 398834.587995930807665, 3780867.039674466010183 ], [ 398834.28280773141887, 3780867.344862665515393 ], [ 398826.042726347921416, 3780867.344862665515393 ] ] ] } },
{ "type": "Feature", "properties": { "confidence": 0.31819748878479004, "class": 1, "regularized": "rectangle" }, "geometry": { "type": "Polygon", "coordinates": [ [ [ 398429.3125, 3780740.5 ], [ 398442.125, 3780740.5 ], [ 398442.125, 3780752.5 ], [ 398429.3125, 3780752.5 ], [ 398429.3125, 3780740.5 ] ] ] } },
{ "type": "Feature", "properties": { "confidence": 0.31657344102859497, "class": 1, "regularized": null }, "geometry": { "type": "Polygon", "coordinates": [ [ [ 398647.202441505622119, 3780877.721261444501579 ], [ 398646.897253306233324, 3780877.416073244996369 ], [ 398645.371312309231143, 3780877.416073244996369 ], [ 398645.066124109842349, 3780877.11088504595682 ], [ 398644.45574771106476, 3780877.11088504595682 ], [ 398643.84537131228717, 3780876.5005086469464 ], [ 398643.84537131228717, 3780875.890132248401642 ], [ 398643.540183112898376, 3780875.584944048896432 ], [ 398643.540183112898376, 3780872.533062054775655 ], [ 398643.84537131228717, 3780872.227873855736107 ], [ 398643.84537131228717, 3780868.87080366211012 ], [ 398644.760935910453554, 3780867.955239064060152 ], [ 398644.760935910453554, 3780867.650050864554942 ], [ 398645.066124109842349, 3780867.650050864554942 ], [ 398645.371312309231143, 3780867.344862665515393 ], [ 398645.371312309231143, 3780867.039674466010183 ], [ 398645.676500508619938, 3780866.734486266504973 ], [ 398645.676500508619938, 3780866.429298066999763 ], [ 398646.286876907397527, 3780866.429298066999763 ], [ 398646.59206510684453, 3780866.124109867960215 ], [ 398647.507629705010913, 3780866.124109867960215 ], [ 398647.812817904399708, 3780866.429298066999763 ], [ 398651.169888097676449, 3780866.429298066999763 ], [ 398651.475076297065243, 3780866.734486266504973 ], [ 398652.695829094620422, 3780866.734486266504973 ], [ 398653.001017294009216, 3780866.429298066999763 ], [ 398653.306205493398011, 3780866.734486266504973 ], [ 398653.306205493398011, 3780868.260427263565361 ], [ 398653.001017294009216, 3780868.565615463070571 ], [ 398653.001017294009216, 3780869.17599186161533 ], [ 398652.695829094620422, 3780869.48118006112054 ], [ 398652.695829094620422, 3780870.396744659170508 ], [ 398652.390640895231627, 3780870.701932858675718 ], [ 398652.390640895231627, 3780873.143438453786075 ], [ 398652.085452695842832, 3780873.143438453786075 ], [ 398651.780264496454038, 3780873.448626653291285 ], [ 398651.475076297065243, 3780873.448626653291285 ], [ 398651.169888097676449, 3780873.753814852330834 ], [ 398651.169888097676449, 3780874.059003051836044 ], [ 398650.864699898287654, 3780874.059003051836044 ], [ 398650.254323499510065, 3780874.669379450846463 ], [ 398650.254323499510065, 3780875.279755849391222 ], [ 398649.94913530012127, 3780875.584944048896432 ], [ 398649.94913530012127, 3780876.5005086469464 ], [ 398649.643947100732476, 3780876.80569684645161 ], [ 398649.643947100732476, 3780877.416073244996369 ], [ 398648.423194303177297, 3780877.416073244996369 ], [ 398648.118006103788503, 3780877.721261444501579 ], [ 398647.202441505622119, 3780877.721261444501579 ] ] ] } },
{ "type": "Feature", "properties": { "confidence": 0.31604108214378357, "class": 1, "regularized": null }, "geometry": { "type": "Polygon", "coordinates": [ [ [ 398551.068158697860781, 3780868.87080366211012 ], [ 398550.762970498471987, 3780868.565615463070571 ], [ 398550.457782299083192, 3780868.565615463070571 ], [ 398550.457782299083192, 3780867.039674466010183 ], [ 398550.152594099694397, 3780866.734486266504973 ], [ 398549.847405900305603, 3780866.734486266504973 ], [ 398550.152594099694397, 3780866.429298066999763 ], [ 398551.068158697860781, 3780866.429298066999763 ], [ 398551.373346897249576, 3780866.124109867960215 ], [ 398555.6459816886927, 3780866.124109867960215 ], [ 398556.256358087470289, 3780866.734486266504973 ], [ 398556.561546286859084, 3780866.734486266504973 ], [ 398556.866734486247879, 3780867.039674466010183 ], [ 398557.782299084414262, 3780867.039674466010183 ], [ 398558.087487283803057, 3780867.344862665515393 ], [ 398557.782299084414262, 3780867.650050864554942 ], [ 398557.782299084414262, 3780868.260427263565361 ], [ 398557.477110885025468, 3780868.565615463070571 ], [ 398557.171922685636673, 3780868.565615463070571 ], [ 398556.866734486247879, 3780868.87080366211012 ], [ 398551.068158697860781, 3780868.87080366211012 ] ] ] } },
{ "type": "Feature", "properties": { "confidence": 0.31575760245323181, "class": 1, "regularized": null }, "geometry": { "type": "Polygon", "coordinates": [ [ [ 398421.36317395727383, 3780756.256358087528497 ], [ 398421.36317395727383, 3780755.951169888023287 ], [ 398421.057985757885035, 3780755.645981688518077 ], [ 398421.057985757885035, 3780754.425228890962899 ], [ 398421.36317395727383, 3780754.12004069192335 ], [ 398421.36317395727383, 3780753.81485249241814 ], [ 398421.668362156662624, 3780753.50966429291293 ], [ 398421.668362156662624, 3780752.899287894368172 ], [ 398422.278738555440214, 3780752.899287894368172 ], [ 398422.583926754829008, 3780752.594099694862962 ], [ 398422.889114954217803, 3780752.899287894368172 ], [ 398423.194303153606597, 3780752.899287894368172 ], [ 398423.499491352995392, 3780753.20447609340772 ], [ 398425.025432349939365, 3780753.20447609340772 ], [ 398425.33062054932816, 3780752.899287894368172 ], [ 398426.856561546272133, 3780752.899287894368172 ], [ 398426.856561546272133, 3780753.20447609340772 ], [ 398427.161749745660927, 3780753.50966429291293 ], [ 398427.161749745660927, 3780754.12004069192335 ], [ 398426.856561546272133, 3780754.425228890962899 ], [ 398426.856561546272133, 3780754.730417090468109 ], [ 398425.635808748716954, 3780755.951169888023287 ], [ 398425.635808748716954, 3780756.256358087528497 ], [ 398421.36317395727383, 3780756.256358087528497 ] ] ] } },
{ "type": "Feature", "properties": { "confidence": 0.31523442268371582, "class": 1, "regularized": null }, "geometry": { "type": "Polygon", "coordinates": [ [ [ 398934.079348931845743, 3780890.539165819063783 ], [ 398933.774160732456949, 3780890.233977619558573 ], [ 398931.027466937957797, 3780890.233977619558573 ], [ 398930.722278738569003, 3780889.928789420053363 ], [ 398922.482197355013341, 3780889.928789420053363 ], [ 398922.177009155624546, 3780889.623601220548153 ], [ 398922.177009155624546, 3780885.045778229832649 ], [ 398922.482197355013341, 3780885.045778229832649 ], [ 398922.787385554402135, 3780884.740590030327439 ], [ 398929.19633774162503, 3780884.740590030327439 ], [ 398929.501525941013824, 3780884.435401831287891 ], [ 398931.637843336735386, 3780884.435401831287891 ], [ 398931.943031536124181, 3780884.740590030327439 ], [ 398932.248219735512976, 3780884.740590030327439 ], [ 398932.55340793490177, 3780885.045778229832649 ], [ 398933.163784333679359, 3780885.045778229832649 ], [ 398933.468972533068154, 3780884.740590030327439 ], [ 398934.689725330623332, 3780884.740590030327439 ], [ 398934.689725330623332, 3780890.233977619558573 ], [ 398934.384537131234538, 3780890.539165819063783 ], [ 398934.079348931845743, 3780890.539165819063783 ] ] ] } },
{ "type": "Feature", "properties": { "confidence": 0.31117290258407593, "class": 1, "regularized": null }, "geometry": { "type": "Polygon", "coordinates": [ [ [ 398595.930824008130003, 3780868.565615463070571 ], [ 398595.625635808741208, 3780868.260427263565361 ], [ 398595.625635808741208, 3780867.955239064060152 ], [ 398595.320447609352414, 3780867.650050864554942 ], [ 398595.320447609352414, 3780866.429298066999763 ], [ 398595.015259409963619, 3780866.124109867960215 ], [ 398595.320447609352414, 3780865.818921668455005 ], [ 398595.320447609352414, 3780864.292980671394616 ], [ 398595.625635808741208, 3780864.292980671394616 ], [ 398595.930824008130003, 3780863.987792471889406 ], [ 398596.846388606296387, 3780863.987792471889406 ], [ 398597.151576805685181, 3780863.682604272849858 ], [ 398599.287894201406743, 3780863.682604272849858 ], [ 398599.593082400795538, 3780863.987792471889406 ], [ 398599.593082400795538, 3780867.344862665515393 ], [ 398599.287894201406743, 3780867.650050864554942 ], [ 398599.287894201406743, 3780867.955239064060152 ], [ 398598.982706002017949, 3780868.260427263565361 ], [ 398597.151576805685181, 3780868.260427263565361 ], [ 398596.846388606296387, 3780868.565615463070571 ], [ 398595.930824008130003, 3780868.565615463070571 ] ] ] } },
{ "type": "Feature", "properties": { "confidence": 0.30293485522270203, "class": 1, "regularized": null }, "geometry": { "type": "Polygon", "coordinates": [ [ [ 398676.805696846393403, 3780820.651068158913404 ], [ 398676.500508647004608, 3780820.345879959408194 ], [ 398676.195320447615813, 3780820.345879959408194 ], [ 398675.890132248227019, 3780820.040691759902984 ], [ 398675.890132248227019, 3780819.430315361358225 ], [ 398675.584944048838224, 3780819.125127161853015 ], [ 398675.584944048838224, 3780818.209562563803047 ], [ 398675.27975584944943, 3780817.904374364297837 ], [ 398675.27975584944943, 3780817.293997965287417 ], [ 398675.584944048838224, 3780816.988809766247869 ], [ 398675.584944048838224, 3780816.378433367237449 ], [ 398675.890132248227019, 3780816.073245167732239 ], [ 398678.63682604272617, 3780816.073245167732239 ], [ 398679.247202441503759, 3780815.46286876918748 ], [ 398679.552390640892554, 3780815.46286876918748 ], [ 398679.857578840281349, 3780815.15768056968227 ], [ 398679.857578840281349, 3780814.85249237017706 ], [ 398680.162767039670143, 3780814.85249237017706 ], [ 398680.467955239058938, 3780814.547304171137512 ], [ 398682.909460834169295, 3780814.547304171137512 ], [ 398683.214649033558089, 3780814.85249237017706 ], [ 398683.519837232946884, 3780814.85249237017706 ], [ 398683.825025432335678, 3780815.15768056968227 ], [ 398684.130213631724473, 3780815.15768056968227 ], [ 398684.130213631724473, 3780815.76805696869269 ], [ 398684.435401831113268, 3780816.073245167732239 ], [ 398684.435401831113268, 3780816.683621566742659 ], [ 398684.130213631724473, 3780816.988809766247869 ], [ 398684.130213631724473, 3780817.293997965287417 ], [ 398683.825025432335678, 3780817.599186164792627 ], [ 398683.825025432335678, 3780817.904374364297837 ], [ 398683.519837232946884, 3780818.209562563803047 ], [ 398683.519837232946884, 3780820.040691759902984 ], [ 398683.214649033558089, 3780820.040691759902984 ], [ 398682.6042726347805, 3780820.651068158913404 ], [ 398676.805696846393403, 3780820.651068158913404 ] ] ] } },
{ "type": "Feature", "properties": { "confidence": 0.30168703198432922, "class": 1, "regularized": null }, "geometry": { "type": "Polygon", "coordinates": [ [ [ 398424.109867751772981, 3781143.234994913451374 ], [ 398422.889114954217803, 3781142.014242115896195 ], [ 398422.889114954217803, 3781141.709053916390985 ], [ 398422.583926754829008, 3781141.403865717351437 ], [ 398422.583926754829008, 3781138.96236012224108 ], [ 398422.889114954217803, 3781138.65717192273587 ], [ 398422.889114954217803, 3781137.436419125180691 ], [ 398423.194303153606597, 3781137.131230925675482 ], [ 398423.194303153606597, 3781135.910478128120303 ], [ 398424.109867751772981, 3781134.994913530070335 ], [ 398425.33062054932816, 3781134.994913530070335 ], [ 398425.635808748716954, 3781135.300101729575545 ], [ 398425.635808748716954, 3781135.910478128120303 ], [ 398426.246185147494543, 3781136.520854527130723 ], [ 398426.856561546272133, 3781136.520854527130723 ], [ 398427.161749745660927, 3781136.826042726170272 ], [ 398427.772126144438516, 3781136.826042726170272 ], [ 398428.077314343827311, 3781137.131230925675482 ], [ 398428.077314343827311, 3781137.436419125180691 ], [ 398428.6876907426049, 3781138.04679552372545 ], [ 398430.518819938937668, 3781138.04679552372545 ], [ 398430.824008138326462, 3781138.35198372323066 ], [ 398432.044760935881641, 3781138.35198372323066 ], [ 398432.044760935881641, 3781140.488301118835807 ], [ 398431.739572736492846, 3781140.793489318341017 ], [ 398431.739572736492846, 3781141.709053916390985 ], [ 398431.434384537104052, 3781142.014242115896195 ], [ 398431.434384537104052, 3781142.319430315401405 ], [ 398430.824008138326462, 3781142.929806713946164 ], [ 398430.518819938937668, 3781142.929806713946164 ], [ 398430.213631739548873, 3781143.234994913451374 ], [ 398424.109867751772981, 3781143.234994913451374 ] ] ] } },
{ "type": "Feature", "properties": { "confidence": 0.30164238810539246, "class": 1, "regularized": null }, "geometry": { "type": "Polygon", "coordinates": [ [ [ 398559.003051881969441, 3780646.693794506601989 ], [ 398558.697863682580646, 3780646.388606307096779 ], [ 398558.392675483191852, 3780646.388606307096779 ], [ 398558.087487283803057, 3780646.083418108057231 ], [ 398558.087487283803057, 3780643.336724313441664 ], [ 398558.392675483191852, 3780643.031536113936454 ], [ 398558.392675483191852, 3780642.421159714926034 ], [ 398559.308240081358235, 3780642.421159714926034 ], [ 398559.61342828074703, 3780642.115971515886486 ], [ 398560.223804679524619, 3780642.115971515886486 ], [ 398560.528992878913414, 3780642.421159714926034 ], [ 398562.360122075304389, 3780642.421159714926034 ], [ 398562.665310274693184, 3780642.115971515886486 ], [ 398565.71719226858113, 3780642.115971515886486 ], [ 398566.022380467969924, 3780641.810783316381276 ], [ 398568.158697863691486, 3780641.810783316381276 ], [ 398568.463886063080281, 3780642.115971515886486 ], [ 398568.463886063080281, 3780643.031536113936454 ], [ 398568.769074262469076, 3780643.336724313441664 ], [ 398568.769074262469076, 3780644.862665310502052 ], [ 398568.463886063080281, 3780645.167853509541601 ], [ 398568.463886063080281, 3780645.473041709046811 ], [ 398568.158697863691486, 3780645.778229908552021 ], [ 398568.158697863691486, 3780646.388606307096779 ], [ 398567.853509664302692, 3780646.388606307096779 ], [ 398567.548321464913897, 3780646.693794506601989 ], [ 398559.003051881969441, 3780646.693794506601989 ] ] ] } },
{ "type": "Feature", "properties": { "confidence": 0.29318368434906006, "class": 1, "regularized": null }, "geometry": { "type": "Polygon", "coordinates": [ [ [ 398571.210579857579432, 3780792.878942014183849 ], [ 398570.905391658190638, 3780792.573753814678639 ], [ 398570.600203458801843, 3780792.573753814678639 ], [ 398570.600203458801843, 3780791.047812818083912 ], [ 398570.905391658190638, 3780790.742624618578702 ], [ 398570.905391658190638, 3780789.827060020528734 ], [ 398571.210579857579432, 3780789.521871821023524 ], [ 398571.210579857579432, 3780789.216683621518314 ], [ 398571.515768056968227, 3780788.911495422013104 ], [ 398571.515768056968227, 3780787.995930823963135 ], [ 398571.210579857579432, 3780787.690742624457926 ], [ 398571.210579857579432, 3780787.385554425418377 ], [ 398571.515768056968227, 3780787.080366225913167 ], [ 398577.00915564596653, 3780787.080366225913167 ], [ 398577.619532044744119, 3780787.690742624457926 ], [ 398577.619532044744119, 3780788.301119023468345 ], [ 398577.924720244132914, 3780788.606307222973555 ], [ 398577.619532044744119, 3780788.911495422013104 ], [ 398577.619532044744119, 3780791.963377416133881 ], [ 398577.314343845355324, 3780792.268565615639091 ], [ 398577.314343845355324, 3780792.573753814678639 ], [ 398576.703967446577735, 3780792.573753814678639 ], [ 398576.398779247188941, 3780792.878942014183849 ], [ 398571.210579857579432, 3780792.878942014183849 ] ] ] } },
{ "type": "Feature", "properties": { "confidence": 0.29161635041236877, "class": 1, "regularized": null }, "geometry": { "type": "Polygon", "coordinates": [ [ [ 398587.080366225854959, 3780862.461851475294679 ], [ 398586.775178026466165, 3780862.156663275789469 ], [ 398583.723296032578219, 3780862.156663275789469 ], [ 398583.418107833189424, 3780861.85147507628426 ], [ 398583.418107833189424, 3780858.189216683618724 ], [ 398583.11291963380063, 3780857.884028484113514 ], [ 398583.11291963380063, 3780856.663275686558336 ], [ 398583.418107833189424, 3780856.358087487053126 ], [ 398583.418107833189424, 3780856.052899288013577 ], [ 398583.723296032578219, 3780856.052899288013577 ], [ 398584.028484231967013, 3780855.747711088508368 ], [ 398589.521871820965316, 3780855.747711088508368 ], [ 398589.827060020354111, 3780856.052899288013577 ], [ 398589.827060020354111, 3780858.494404883123934 ], [ 398590.132248219742905, 3780858.799593082629144 ], [ 398590.132248219742905, 3780859.409969481173903 ], [ 398589.827060020354111, 3780859.715157680679113 ], [ 398589.827060020354111, 3780861.241098677739501 ], [ 398590.132248219742905, 3780861.54628687677905 ], [ 398590.132248219742905, 3780861.85147507628426 ], [ 398589.827060020354111, 3780862.156663275789469 ], [ 398587.385554425243754, 3780862.156663275789469 ], [ 398587.080366225854959, 3780862.461851475294679 ] ] ] } },
{ "type": "Feature", "properties": { "confidence": 0.29007551074028015, "class": 1, "regularized": null }, "geometry": { "type": "Polygon", "coordinates": [ [ [ 398799.796541200426873, 3781026.653102746699005 ], [ 398799.491353001038078, 3781026.347914547193795 ], [ 398799.491353001038078, 3781026.042726347688586 ], [ 398799.186164801649284, 3781025.737538148649037 ], [ 398799.186164801649284, 3781022.075279755983502 ], [ 398799.491353001038078, 3781021.770091556478292 ], [ 398799.491353001038078, 3781021.159715157467872 ], [ 398799.796541200426873, 3781020.854526958428323 ], [ 398801.017293997982051, 3781020.854526958428323 ], [ 398801.322482197370846, 3781021.159715157467872 ], [ 398801.62767039675964, 3781021.159715157467872 ], [ 398802.23804679553723, 3781021.770091556478292 ], [ 398804.679552390647586, 3781021.770091556478292 ], [ 398804.984740590036381, 3781022.075279755983502 ], [ 398804.984740590036381, 3781022.38046795502305 ], [ 398804.679552390647586, 3781022.68565615452826 ], [ 398804.679552390647586, 3781025.432349949143827 ], [ 398804.374364191258792, 3781025.737538148649037 ], [ 398804.374364191258792, 3781026.347914547193795 ], [ 398804.069175991869997, 3781026.347914547193795 ], [ 398803.763987792481203, 3781026.653102746699005 ], [ 398799.796541200426873, 3781026.653102746699005 ] ] ] } },
{ "type": "Feature", "properties": { "confidence": 0.28084650635719299, "class": 1, "regularized": null }, "geometry": { "type": "Polygon", "coordinates": [ [ [ 398577.924720244132914, 3780996.134282807819545 ], [ 398577.619532044744119, 3780995.829094608314335 ], [ 398577.619532044744119, 3780995.523906408809125 ], [ 398577.00915564596653, 3780994.913530010264367 ], [ 398572.431332655134611, 3780994.913530010264367 ], [ 398572.126144455745816, 3780994.608341810759157 ], [ 398570.600203458801843, 3780994.608341810759157 ], [ 398570.600203458801843, 3780993.692777212709188 ], [ 398570.905391658190638, 3780993.387589013203979 ], [ 398570.905391658190638, 3780992.77721261465922 ], [ 398571.515768056968227, 3780992.1668362156488 ], [ 398572.126144455745816, 3780992.1668362156488 ], [ 398572.431332655134611, 3780991.86164801614359 ], [ 398573.957273652078584, 3780991.86164801614359 ], [ 398574.262461851467378, 3780991.556459817104042 ], [ 398574.567650050856173, 3780991.86164801614359 ], [ 398575.483214649022557, 3780991.86164801614359 ], [ 398575.788402848411351, 3780991.556459817104042 ], [ 398576.093591047800146, 3780991.86164801614359 ], [ 398577.924720244132914, 3780991.86164801614359 ], [ 398578.229908443521708, 3780992.1668362156488 ], [ 398578.535096642910503, 3780992.1668362156488 ], [ 398578.840284842299297, 3780992.47202441515401 ], [ 398579.755849440465681, 3780992.47202441515401 ], [ 398580.36622583924327, 3780993.082400813698769 ], [ 398580.36622583924327, 3780993.692777212709188 ], [ 398580.671414038632065, 3780993.997965412214398 ], [ 398580.671414038632065, 3780996.134282807819545 ], [ 398577.924720244132914, 3780996.134282807819545 ] ] ] } },
{ "type": "Feature", "properties": { "confidence": 0.27339693903923035, "class": 1, "regularized": null }, "geometry": { "type": "Polygon", "coordinates": [ [ [ 398625.2288911495707, 3780900.915564598049968 ], [ 398624.923702950123698, 3780900.61037639901042 ], [ 398623.09257375379093, 3780900.61037639901042 ], [ 398622.787385554402135, 3780900.30518819950521 ], [ 398622.787385554402135, 3780900.0 ], [ 398623.09257375379093, 3780899.69481180049479 ], [ 398623.09257375379093, 3780898.474059002939612 ], [ 398623.397761953179725, 3780898.168870803434402 ], [ 398623.397761953179725, 3780896.337741607334465 ], [ 398624.008138351957314, 3780895.727365208324045 ], [ 398624.008138351957314, 3780895.422177009284496 ], [ 398624.923702950123698, 3780894.506612410768867 ], [ 398627.975584944069851, 3780894.506612410768867 ], [ 398627.975584944069851, 3780897.558494404889643 ], [ 398628.58596134284744, 3780898.168870803434402 ], [ 398628.891149542236235, 3780898.168870803434402 ], [ 398629.19633774162503, 3780898.474059002939612 ], [ 398629.19633774162503, 3780898.779247202444822 ], [ 398629.501525941013824, 3780899.084435401950032 ], [ 398629.501525941013824, 3780900.0 ], [ 398629.19633774162503, 3780900.30518819950521 ], [ 398629.19633774162503, 3780900.61037639901042 ], [ 398626.144455747737084, 3780900.61037639901042 ], [ 398625.839267548348289, 3780900.915564598049968 ], [ 398625.2288911495707, 3780900.915564598049968 ] ] ] } },
{ "type": "Feature", "properties": { "confidence": 0.27333757281303406, "class": 1, "regularized": null }, "geometry": { "type": "Polygon", "coordinates": [ [ [ 398448.830111902323551, 3781082.807731434237212 ], [ 398448.830111902323551, 3781082.197355035692453 ], [ 398448.524923702934757, 3781081.892166836187243 ], [ 398447.609359104768373, 3781081.892166836187243 ], [ 398447.609359104768373, 3781081.586978636682034 ], [ 398447.304170905379578, 3781081.281790437642485 ], [ 398447.304170905379578, 3781080.366225839126855 ], [ 398446.998982705990784, 3781080.061037640087306 ], [ 398446.998982705990784, 3781079.450661241076887 ], [ 398446.693794506601989, 3781079.145473041571677 ], [ 398446.693794506601989, 3781077.31434384547174 ], [ 398448.219735503545962, 3781077.31434384547174 ], [ 398448.524923702934757, 3781077.00915564596653 ], [ 398452.797558494377881, 3781077.00915564596653 ], [ 398453.102746693766676, 3781077.31434384547174 ], [ 398453.40793489315547, 3781077.31434384547174 ], [ 398453.713123092602473, 3781077.61953204497695 ], [ 398453.713123092602473, 3781079.755849440582097 ], [ 398453.40793489315547, 3781080.061037640087306 ], [ 398453.40793489315547, 3781080.671414038632065 ], [ 398453.102746693766676, 3781080.976602238137275 ], [ 398453.102746693766676, 3781081.281790437642485 ], [ 398452.797558494377881, 3781081.586978636682034 ], [ 398452.492370294989087, 3781081.586978636682034 ], [ 398451.576805696822703, 3781082.502543235197663 ], [ 398451.576805696822703, 3781082.807731434237212 ], [ 398450.966429298045114, 3781082.807731434237212 ], [ 398450.966429298045114, 3781082.197355035692453 ], [ 398450.661241098656319, 3781081.892166836187243 ], [ 398449.745676500489935, 3781081.892166836187243 ], [ 398449.135300101712346, 3781082.502543235197663 ], [ 398449.135300101712346, 3781082.807731434237212 ], [ 398448.830111902323551, 3781082.807731434237212 ] ] ] } },
{ "type": "Feature", "properties": { "confidence": 0.26822382211685181, "class": 1, "regularized": null }, "geometry": { "type": "Polygon", "coordinates": [ [ [ 398987.487283825001214, 3780814.85249237017706 ], [ 398987.487283825001214, 3780814.547304171137512 ], [ 398986.876907426223624, 3780813.936927772127092 ], [ 398986.57171922683483, 3780813.936927772127092 ], [ 398985.045778229890857, 3780812.410986775066704 ], [ 398984.435401831113268, 3780812.410986775066704 ], [ 398984.435401831113268, 3780812.105798575561494 ], [ 398984.740590030502062, 3780811.800610376521945 ], [ 398985.045778229890857, 3780811.800610376521945 ], [ 398985.656154628668446, 3780811.190233977511525 ], [ 398996.03255340794567, 3780811.190233977511525 ], [ 398996.03255340794567, 3780813.631739572621882 ], [ 398995.727365208556876, 3780813.936927772127092 ], [ 398995.727365208556876, 3780814.547304171137512 ], [ 398995.422177009168081, 3780814.85249237017706 ], [ 398987.487283825001214, 3780814.85249237017706 ] ] ] } },
{ "type": "Feature", "properties": { "confidence": 0.26809242367744446, "class": 1, "regularized": null }, "geometry": { "type": "Polygon", "coordinates": [ [ [ 398671.3123092573951, 3780689.114954221993685 ], [ 398671.007121058006305, 3780688.809766022488475 ], [ 398671.007121058006305, 3780681.485249237157404 ], [ 398671.3123092573951, 3780681.180061037652194 ], [ 398671.3123092573951, 3780679.348931841086596 ], [ 398671.922685656172689, 3780679.348931841086596 ], [ 398672.227873855561484, 3780679.043743642047048 ], [ 398672.227873855561484, 3780678.738555442541838 ], [ 398672.533062054950278, 3780678.433367243036628 ], [ 398672.838250254339073, 3780678.738555442541838 ], [ 398673.143438453727867, 3780678.738555442541838 ], [ 398673.143438453727867, 3780689.114954221993685 ], [ 398671.3123092573951, 3780689.114954221993685 ] ] ] } },
{ "type": "Feature", "properties": { "confidence": 0.26795259118080139, "class": 1, "regularized": null }, "geometry": { "type": "Polygon", "coordinates": [ [ [ 398510.172939979645889, 3780814.85249237017706 ], [ 398509.5625635808683, 3780814.242115971632302 ], [ 398509.5625635808683, 3780811.495422177016735 ], [ 398509.257375381479505, 3780811.190233977511525 ], [ 398509.257375381479505, 3780810.579857578966767 ], [ 398515.666327568644192, 3780810.579857578966767 ], [ 398515.361139369255397, 3780810.885045778006315 ], [ 398515.361139369255397, 3780812.716174974571913 ], [ 398515.055951169866603, 3780813.021363174077123 ], [ 398515.055951169866603, 3780813.631739572621882 ], [ 398514.750762970477808, 3780813.936927772127092 ], [ 398514.750762970477808, 3780814.242115971632302 ], [ 398514.445574771089014, 3780814.242115971632302 ], [ 398513.835198372311424, 3780814.85249237017706 ], [ 398510.172939979645889, 3780814.85249237017706 ] ] ] } },
{ "type": "Feature", "properties": { "confidence": 0.26735186576843262, "class": 1, "regularized": null }, "geometry": { "type": "Polygon", "coordinates": [ [ [ 398534.587995930807665, 3780803.865717192180455 ], [ 398534.28280773141887, 3780803.560528992675245 ], [ 398533.672431332641281, 3780803.560528992675245 ], [ 398532.451678535086103, 3780802.339776195120066 ], [ 398532.146490335697308, 3780802.339776195120066 ], [ 398531.841302136308514, 3780802.034587996080518 ], [ 398531.536113936919719, 3780802.034587996080518 ], [ 398531.536113936919719, 3780800.813835198525339 ], [ 398531.841302136308514, 3780800.508646999020129 ], [ 398531.841302136308514, 3780800.20345879951492 ], [ 398532.146490335697308, 3780799.89827060000971 ], [ 398532.146490335697308, 3780799.593082400970161 ], [ 398533.062054933863692, 3780799.593082400970161 ], [ 398533.367243133252487, 3780799.287894201464951 ], [ 398533.672431332641281, 3780799.287894201464951 ], [ 398533.977619532030076, 3780798.982706001959741 ], [ 398534.28280773141887, 3780798.982706001959741 ], [ 398534.89318413019646, 3780798.372329603414983 ], [ 398535.503560528974049, 3780798.372329603414983 ], [ 398535.808748728362843, 3780798.067141403909773 ], [ 398537.945066124084406, 3780798.067141403909773 ], [ 398537.945066124084406, 3780798.372329603414983 ], [ 398537.639877924695611, 3780798.677517802454531 ], [ 398537.639877924695611, 3780800.508646999020129 ], [ 398537.945066124084406, 3780800.813835198525339 ], [ 398537.945066124084406, 3780803.255340793635696 ], [ 398537.639877924695611, 3780803.560528992675245 ], [ 398536.419125127140433, 3780803.560528992675245 ], [ 398536.113936927751638, 3780803.865717192180455 ], [ 398534.587995930807665, 3780803.865717192180455 ] ] ] } },
{ "type": "Feature", "properties": { "confidence": 0.26530835032463074, "class": 1, "regularized": null }, "geometry": { "type": "Polygon", "coordinates": [ [ [ 398526.347914547310211, 3780668.667344862595201 ], [ 398526.042726347921416, 3780668.362156663089991 ], [ 398526.042726347921416, 3780667.141403865534812 ], [ 398526.347914547310211, 3780666.836215666495264 ], [ 398526.347914547310211, 3780665.920651067979634 ], [ 398526.653102746699005, 3780665.615462868940085 ], [ 398526.653102746699005, 3780665.310274669434875 ], [ 398526.9582909460878, 3780665.005086469929665 ], [ 398527.873855544254184, 3780665.005086469929665 ], [ 398528.179043743642978, 3780664.699898270424455 ], [ 398530.315361139364541, 3780664.699898270424455 ], [ 398530.620549338753335, 3780665.005086469929665 ], [ 398530.620549338753335, 3780665.310274669434875 ], [ 398530.92573753814213, 3780665.615462868940085 ], [ 398530.620549338753335, 3780665.920651067979634 ], [ 398530.620549338753335, 3780666.225839267484844 ], [ 398530.315361139364541, 3780666.531027466990054 ], [ 398530.315361139364541, 3780666.836215666495264 ], [ 398530.010172939975746, 3780667.141403865534812 ], [ 398530.010172939975746, 3780668.056968464050442 ], [ 398529.704984740586951, 3780668.362156663089991 ], [ 398529.399796541198157, 3780668.362156663089991 ], [ 398529.094608341809362, 3780668.667344862595201 ], [ 398526.347914547310211, 3780668.667344862595201 ] ] ] } },
{ "type": "Feature", "properties": { "confidence": 0.26493501663208008, "class": 1, "regularized": null }, "geometry": { "type": "Polygon", "coordinates": [ [ [ 398916.988809766015038, 3780936.927772126160562 ], [ 398916.683621566626243, 3780936.622583926655352 ], [ 398916.073245167848654, 3780936.622583926655352 ], [ 398915.768056968459859, 3780936.317395727150142 ], [ 398915.462868769071065, 3780936.317395727150142 ], [ 398915.462868769071065, 3780932.655137334484607 ], [ 398915.768056968459859, 3780932.349949135445058 ], [ 398915.768056968459859, 3780928.382502543274313 ], [ 398915.462868769071065, 3780928.077314343769103 ], [ 398915.462868769071065, 3780925.940996948163956 ], [ 398916.073245167848654, 3780925.330620549153537 ], [ 398916.073245167848654, 3780925.025432350113988 ], [ 398916.378433367237449, 3780925.025432350113988 ], [ 398916.683621566626243, 3780924.720244150608778 ], [ 398921.261444557458162, 3780924.720244150608778 ], [ 398921.566632756846957, 3780925.025432350113988 ], [ 398921.261444557458162, 3780925.330620549153537 ], [ 398921.261444557458162, 3780926.246185147669166 ], [ 398921.566632756846957, 3780926.551373346708715 ], [ 398921.566632756846957, 3780926.856561546213925 ], [ 398921.871820956235752, 3780927.161749745719135 ], [ 398922.177009155624546, 3780927.161749745719135 ], [ 398922.482197355013341, 3780927.466937945224345 ], [ 398922.482197355013341, 3780927.772126144263893 ], [ 398923.09257375379093, 3780928.382502543274313 ], [ 398923.09257375379093, 3780929.298067141324282 ], [ 398923.397761953179725, 3780929.603255340829492 ], [ 398923.397761953179725, 3780929.908443540334702 ], [ 398923.702950152568519, 3780930.21363173937425 ], [ 398923.702950152568519, 3780930.51881993887946 ], [ 398924.008138351957314, 3780930.82400813838467 ], [ 398924.008138351957314, 3780931.434384536929429 ], [ 398924.313326551346108, 3780931.739572736434639 ], [ 398924.313326551346108, 3780932.655137334484607 ], [ 398924.618514750734903, 3780932.960325533989817 ], [ 398924.618514750734903, 3780933.265513733495027 ], [ 398924.313326551346108, 3780933.570701933000237 ], [ 398924.313326551346108, 3780934.791454730555415 ], [ 398924.618514750734903, 3780935.096642929594964 ], [ 398924.618514750734903, 3780936.012207528110594 ], [ 398924.008138351957314, 3780936.622583926655352 ], [ 398923.09257375379093, 3780936.622583926655352 ], [ 398922.787385554402135, 3780936.927772126160562 ], [ 398916.988809766015038, 3780936.927772126160562 ] ] ] } },
{ "type": "Feature", "properties": { "confidence": 0.26367539167404175, "class": 1, "regularized": null }, "geometry": { "type": "Polygon", "coordinates": [ [ [ 398521.159715157700703, 3780992.77721261465922 ], [ 398520.854526958311908, 3780992.47202441515401 ], [ 398520.549338758923113, 3780992.47202441515401 ], [ 398519.938962360145524, 3780991.86164801614359 ], [ 398519.938962360145524, 3780991.556459817104042 ], [ 398519.63377416075673, 3780991.251271617598832 ], [ 398519.63377416075673, 3780990.640895218588412 ], [ 398519.328585961367935, 3780990.335707019548863 ], [ 398519.328585961367935, 3780989.420142421033233 ], [ 398519.02339776197914, 3780989.114954221993685 ], [ 398519.02339776197914, 3780988.809766022488475 ], [ 398518.718209562590346, 3780988.504577822983265 ], [ 398518.718209562590346, 3780983.011190233752131 ], [ 398519.02339776197914, 3780983.011190233752131 ], [ 398519.328585961367935, 3780982.706002034712583 ], [ 398521.770091556478292, 3780982.706002034712583 ], [ 398522.380467955255881, 3780983.316378433257341 ], [ 398522.380467955255881, 3780983.621566632762551 ], [ 398522.685656154644676, 3780983.926754832267761 ], [ 398522.685656154644676, 3780985.14750762982294 ], [ 398522.99084435403347, 3780985.452695828862488 ], [ 398522.99084435403347, 3780985.757884028367698 ], [ 398523.296032553422265, 3780986.063072227872908 ], [ 398524.516785350977443, 3780986.063072227872908 ], [ 398524.821973550366238, 3780986.368260427378118 ], [ 398525.432349949143827, 3780986.368260427378118 ], [ 398525.737538148532622, 3780986.063072227872908 ], [ 398526.347914547310211, 3780986.063072227872908 ], [ 398526.9582909460878, 3780985.452695828862488 ], [ 398527.263479145476595, 3780985.452695828862488 ], [ 398527.873855544254184, 3780984.84231943031773 ], [ 398529.399796541198157, 3780984.84231943031773 ], [ 398529.704984740586951, 3780984.53713123081252 ], [ 398530.010172939975746, 3780984.84231943031773 ], [ 398530.010172939975746, 3780986.063072227872908 ], [ 398530.315361139364541, 3780986.368260427378118 ], [ 398530.315361139364541, 3780991.556459817104042 ], [ 398530.010172939975746, 3780991.86164801614359 ], [ 398530.010172939975746, 3780992.47202441515401 ], [ 398529.704984740586951, 3780992.77721261465922 ], [ 398521.159715157700703, 3780992.77721261465922 ] ] ] } },
{ "type": "Feature", "properties": { "confidence": 0.26255121827125549, "class": 1, "regularized": null }, "geometry": { "type": "Polygon", "coordinates": [ [ [ 398831.841302136308514, 3780730.62054933886975 ], [ 398831.536113936919719, 3780730.315361139364541 ], [ 398831.536113936919719, 3780727.263479145243764 ], [ 398831.841302136308514, 3780727.263479145243764 ], [ 398832.146490335697308, 3780726.958290946204215 ], [ 398832.451678535086103, 3780726.958290946204215 ], [ 398832.756866734474897, 3780726.653102746699005 ], [ 398833.062054933863692, 3780726.653102746699005 ], [ 398833.672431332641281, 3780726.042726347688586 ], [ 398834.89318413019646, 3780726.042726347688586 ], [ 398835.198372329585254, 3780725.737538148649037 ], [ 398844.3540183113073, 3780725.737538148649037 ], [ 398844.659206510696094, 3780726.042726347688586 ], [ 398844.964394710084889, 3780726.042726347688586 ], [ 398845.269582909473684, 3780726.347914547193795 ], [ 398845.269582909473684, 3780726.958290946204215 ], [ 398845.574771108862478, 3780727.263479145243764 ], [ 398845.574771108862478, 3780728.484231942798942 ], [ 398844.964394710084889, 3780729.094608341809362 ], [ 398844.964394710084889, 3780729.704984740819782 ], [ 398844.659206510696094, 3780730.010172939859331 ], [ 398844.3540183113073, 3780730.010172939859331 ], [ 398843.743641912529711, 3780730.62054933886975 ], [ 398831.841302136308514, 3780730.62054933886975 ] ] ] } },
{ "type": "Feature", "properties": { "confidence": 0.25728768110275269, "class": 1, "regularized": null }, "geometry": { "type": "Polygon", "coordinates": [ [ [ 398522.99084435403347, 3780871.617497456725687 ], [ 398522.685656154644676, 3780871.312309257220477 ], [ 398521.464903357089497, 3780871.312309257220477 ], [ 398521.159715157700703, 3780871.007121058180928 ], [ 398520.549338758923113, 3780871.007121058180928 ], [ 398520.244150559534319, 3780870.701932858675718 ], [ 398520.244150559534319, 3780869.78636826062575 ], [ 398519.938962360145524, 3780869.48118006112054 ], [ 398519.938962360145524, 3780868.87080366211012 ], [ 398519.63377416075673, 3780868.565615463070571 ], [ 398519.63377416075673, 3780868.260427263565361 ], [ 398519.328585961367935, 3780867.955239064060152 ], [ 398519.328585961367935, 3780867.344862665515393 ], [ 398519.02339776197914, 3780867.039674466010183 ], [ 398519.02339776197914, 3780865.513733468949795 ], [ 398519.63377416075673, 3780864.903357070405036 ], [ 398519.63377416075673, 3780863.377416073344648 ], [ 398520.244150559534319, 3780862.767039674334228 ], [ 398521.464903357089497, 3780862.767039674334228 ], [ 398522.380467955255881, 3780861.85147507628426 ], [ 398522.380467955255881, 3780859.409969481173903 ], [ 398522.685656154644676, 3780859.104781281668693 ], [ 398522.685656154644676, 3780857.884028484113514 ], [ 398522.99084435403347, 3780857.578840285073966 ], [ 398522.99084435403347, 3780856.663275686558336 ], [ 398523.296032553422265, 3780856.358087487053126 ], [ 398523.296032553422265, 3780854.832146490458399 ], [ 398523.601220752811059, 3780854.526958290953189 ], [ 398524.516785350977443, 3780854.526958290953189 ], [ 398524.821973550366238, 3780854.832146490458399 ], [ 398524.821973550366238, 3780855.137334689497948 ], [ 398524.516785350977443, 3780855.442522889003158 ], [ 398524.516785350977443, 3780857.578840285073966 ], [ 398524.211597151588649, 3780857.884028484113514 ], [ 398524.211597151588649, 3780862.461851475294679 ], [ 398524.516785350977443, 3780862.767039674334228 ], [ 398524.821973550366238, 3780862.767039674334228 ], [ 398525.432349949143827, 3780863.377416073344648 ], [ 398525.432349949143827, 3780871.007121058180928 ], [ 398524.821973550366238, 3780871.617497456725687 ], [ 398522.99084435403347, 3780871.617497456725687 ] ] ] } },
{ "type": "Feature", "properties": { "confidence": 0.25715798139572144, "class": 1, "regularized": null }, "geometry": { "type": "Polygon", "coordinates": [ [ [ 398558.392675483191852, 3781053.20447609340772 ], [ 398558.087487283803057, 3781052.899287894368172 ], [ 398557.477110885025468, 3781052.899287894368172 ], [ 398557.171922685636673, 3781052.594099694862962 ], [ 398556.561546286859084, 3781052.594099694862962 ], [ 398556.256358087470289, 3781052.288911495357752 ], [ 398555.951169888081495, 3781052.288911495357752 ], [ 398555.6459816886927, 3781051.983723295852542 ], [ 398555.340793489303906, 3781051.983723295852542 ], [ 398555.035605289915111, 3781051.678535096812993 ], [ 398554.730417090526316, 3781051.678535096812993 ], [ 398554.730417090526316, 3781050.457782299257815 ], [ 398555.340793489303906, 3781049.847405900247395 ], [ 398555.6459816886927, 3781049.847405900247395 ], [ 398555.951169888081495, 3781049.542217700742185 ], [ 398556.256358087470289, 3781049.542217700742185 ], [ 398556.561546286859084, 3781049.237029501702636 ], [ 398563.580874872859567, 3781049.237029501702636 ], [ 398563.886063072248362, 3781049.542217700742185 ], [ 398564.191251271637157, 3781049.542217700742185 ], [ 398564.496439471025951, 3781049.847405900247395 ], [ 398564.801627670414746, 3781049.847405900247395 ], [ 398565.10681586980354, 3781050.152594099752605 ], [ 398565.10681586980354, 3781051.068158697802573 ], [ 398564.801627670414746, 3781051.373346897307783 ], [ 398564.191251271637157, 3781051.373346897307783 ], [ 398563.886063072248362, 3781051.678535096812993 ], [ 398563.886063072248362, 3781051.983723295852542 ], [ 398563.275686673470773, 3781051.983723295852542 ], [ 398562.970498474081978, 3781052.288911495357752 ], [ 398562.970498474081978, 3781052.594099694862962 ], [ 398562.360122075304389, 3781052.594099694862962 ], [ 398561.7497456765268, 3781053.20447609340772 ], [ 398558.392675483191852, 3781053.20447609340772 ] ] ] } },
{ "type": "Feature", "properties": { "confidence": 0.25648847222328186, "class": 1, "regularized": null }, "geometry": { "type": "Polygon", "coordinates": [ [ [ 398723.194303153606597, 3780821.261444557458162 ], [ 398722.889114954217803, 3780820.956256357952952 ], [ 398722.278738555440214, 3780820.956256357952952 ], [ 398722.278738555440214, 3780819.430315361358225 ], [ 398723.804679552384187, 3780817.904374364297837 ], [ 398724.109867751772981, 3780817.904374364297837 ], [ 398724.72024415055057, 3780817.293997965287417 ], [ 398725.025432349939365, 3780817.293997965287417 ], [ 398725.940996948105749, 3780816.378433367237449 ], [ 398725.940996948105749, 3780816.073245167732239 ], [ 398726.246185147494543, 3780815.76805696869269 ], [ 398727.161749745660927, 3780815.76805696869269 ], [ 398728.6876907426049, 3780817.293997965287417 ], [ 398728.992878941993695, 3780817.293997965287417 ], [ 398729.298067141382489, 3780817.599186164792627 ], [ 398729.603255340771284, 3780817.599186164792627 ], [ 398730.213631739548873, 3780818.209562563803047 ], [ 398730.213631739548873, 3780820.345879959408194 ], [ 398729.603255340771284, 3780820.956256357952952 ], [ 398728.992878941993695, 3780820.956256357952952 ], [ 398728.6876907426049, 3780821.261444557458162 ], [ 398726.856561546272133, 3780821.261444557458162 ], [ 398726.551373346883338, 3780820.956256357952952 ], [ 398724.415055951161776, 3780820.956256357952952 ], [ 398724.109867751772981, 3780821.261444557458162 ], [ 398723.194303153606597, 3780821.261444557458162 ] ] ] } },
{ "type": "Feature", "properties": { "confidence": 0.25474238395690918, "class": 1, "regularized": null }, "geometry": { "type": "Polygon", "coordinates": [ [ [ 398822.99084435403347, 3780938.45371312322095 ], [ 398822.99084435403347, 3780938.14852492371574 ], [ 398822.685656154644676, 3780937.843336724210531 ], [ 398822.99084435403347, 3780937.538148524705321 ], [ 398822.99084435403347, 3780936.622583926655352 ], [ 398822.685656154644676, 3780936.317395727150142 ], [ 398822.685656154644676, 3780935.707019328605384 ], [ 398822.99084435403347, 3780935.401831129100174 ], [ 398822.99084435403347, 3780934.486266531050205 ], [ 398823.296032553422265, 3780934.181078331544995 ], [ 398823.601220752811059, 3780934.181078331544995 ], [ 398824.211597151588649, 3780933.570701933000237 ], [ 398824.211597151588649, 3780932.960325533989817 ], [ 398824.516785350977443, 3780932.655137334484607 ], [ 398824.516785350977443, 3780931.739572736434639 ], [ 398825.127161749755032, 3780931.12919633788988 ], [ 398825.432349949143827, 3780931.12919633788988 ], [ 398825.737538148532622, 3780930.82400813838467 ], [ 398826.9582909460878, 3780930.82400813838467 ], [ 398827.263479145476595, 3780930.51881993887946 ], [ 398827.568667344865389, 3780930.51881993887946 ], [ 398827.873855544254184, 3780930.21363173937425 ], [ 398830.315361139364541, 3780930.21363173937425 ], [ 398830.620549338753335, 3780930.51881993887946 ], [ 398830.620549338753335, 3780931.12919633788988 ], [ 398830.315361139364541, 3780931.434384536929429 ], [ 398830.315361139364541, 3780932.349949135445058 ], [ 398830.620549338753335, 3780932.655137334484607 ], [ 398830.620549338753335, 3780932.960325533989817 ], [ 398830.315361139364541, 3780933.265513733495027 ], [ 398830.315361139364541, 3780934.791454730555415 ], [ 398830.620549338753335, 3780935.096642929594964 ], [ 398830.620549338753335, 3780936.012207528110594 ], [ 398830.010172939975746, 3780936.622583926655352 ], [ 398829.704984740586951, 3780936.622583926655352 ], [ 398829.399796541198157, 3780936.927772126160562 ], [ 398828.484231943031773, 3780936.927772126160562 ], [ 398828.179043743642978, 3780937.232960325665772 ], [ 398827.568667344865389, 3780937.232960325665772 ], [ 398827.263479145476595, 3780937.538148524705321 ], [ 398826.653102746699005, 3780937.538148524705321 ], [ 398826.347914547310211, 3780937.843336724210531 ], [ 398826.347914547310211, 3780938.14852492371574 ], [ 398826.042726347921416, 3780938.14852492371574 ], [ 398825.737538148532622, 3780938.45371312322095 ], [ 398822.99084435403347, 3780938.45371312322095 ] ] ] } },
{ "type": "Feature", "properties": { "confidence": 0.25384971499443054, "class": 1, "regularized": null }, "geometry": { "type": "Polygon", "coordinates": [ [ [ 398930.722278738569003, 3780918.616480162832886 ], [ 398930.417090539180208, 3780918.311291963327676 ], [ 398929.806714140402619, 3780918.311291963327676 ], [ 398929.806714140402619, 3780917.700915564782917 ], [ 398930.111902339791413, 3780917.395727365277708 ], [ 398930.111902339791413, 3780915.869786368217319 ], [ 398930.417090539180208, 3780915.564598168712109 ], [ 398934.994913530012127, 3780915.564598168712109 ], [ 398935.300101729400922, 3780915.259409969672561 ], [ 398935.605289928789716, 3780915.259409969672561 ], [ 398935.910478128178511, 3780915.564598168712109 ], [ 398936.215666327567305, 3780915.564598168712109 ], [ 398936.5208545269561, 3780915.869786368217319 ], [ 398936.5208545269561, 3780916.480162767227739 ], [ 398936.826042726344895, 3780916.785350966267288 ], [ 398936.5208545269561, 3780917.090539165772498 ], [ 398936.5208545269561, 3780918.006103763822466 ], [ 398935.910478128178511, 3780918.616480162832886 ], [ 398930.722278738569003, 3780918.616480162832886 ] ] ] } },
{ "type": "Feature", "properties": { "confidence": 0.25377297401428223, "class": 1, "regularized": null }, "geometry": { "type": "Polygon", "coordinates": [ [ [ 398558.392675483191852, 3780688.199389623478055 ], [ 398558.087487283803057, 3780687.894201424438506 ], [ 398557.477110885025468, 3780687.894201424438506 ], [ 398557.477110885025468, 3780686.673448626883328 ], [ 398557.782299084414262, 3780686.368260427378118 ], [ 398557.782299084414262, 3780683.926754832267761 ], [ 398558.392675483191852, 3780683.926754832267761 ], [ 398558.697863682580646, 3780683.621566632762551 ], [ 398559.308240081358235, 3780683.621566632762551 ], [ 398559.61342828074703, 3780683.926754832267761 ], [ 398562.054933875915594, 3780683.926754832267761 ], [ 398562.360122075304389, 3780684.23194303130731 ], [ 398563.580874872859567, 3780684.23194303130731 ], [ 398563.886063072248362, 3780684.53713123081252 ], [ 398563.886063072248362, 3780687.894201424438506 ], [ 398563.580874872859567, 3780688.199389623478055 ], [ 398558.392675483191852, 3780688.199389623478055 ] ] ] } },
{ "type": "Feature", "properties": { "confidence": 0.25294795632362366, "class": 1, "regularized": "rectangle" }, "geometry": { "type": "Polygon", "coordinates": [ [ [ 398822.375, 3780984.5 ], [ 398840.125, 3780984.5 ], [ 398840.125, 3780991.5 ], [ 398822.375, 3780991.5 ], [ 398822.375, 3780984.5 ] ] ] } }
]
}
