{
"type": "FeatureCollection",
"name": "cell_00517_pre",
"crs": { "type": "name", "properties": { "name": "urn:ogc:def:crs:EPSG::32611" } },
"features": [
{ "type": "Feature", "properties": { "confidence": 0.99931585788726807, "class": 1, "regularized": null }, "geometry": { "type": "Polygon", "coordinates": [ [ [ 403702.339776195294689, 3781960.834181078244001 ], [ 403702.034587995905895, 3781960.528992878738791 ], [ 403702.034587995905895, 3781960.223804679699242 ], [ 403702.339776195294689, 3781959.918616480194032 ], [ 403702.339776195294689, 3781959.613428280688822 ], [ 403702.644964394683484, 3781959.308240081183612 ], [ 403702.644964394683484, 3781958.087487283628434 ], [ 403702.339776195294689, 3781957.782299084588885 ], [ 403702.339776195294689, 3781957.477110885083675 ], [ 403701.119023397739511, 3781956.256358087528497 ], [ 403701.119023397739511, 3781955.951169888023287 ], [ 403700.813835198350716, 3781955.645981688518077 ], [ 403700.813835198350716, 3781955.340793489478528 ], [ 403699.898270600184333, 3781954.425228890962899 ], [ 403699.898270600184333, 3781954.12004069192335 ], [ 403699.593082400795538, 3781953.81485249241814 ], [ 403699.593082400795538, 3781952.899287894368172 ], [ 403699.898270600184333, 3781952.594099694862962 ], [ 403699.898270600184333, 3781952.288911495357752 ], [ 403700.508646998961922, 3781951.678535096812993 ], [ 403700.813835198350716, 3781951.678535096812993 ], [ 403701.424211597128306, 3781951.068158697802573 ], [ 403701.7293997965171, 3781951.068158697802573 ], [ 403702.034587995905895, 3781950.762970498297364 ], [ 403702.339776195294689, 3781950.762970498297364 ], [ 403703.560528992908075, 3781949.542217700742185 ], [ 403704.476093591074459, 3781949.542217700742185 ], [ 403704.781281790463254, 3781949.847405900247395 ], [ 403705.086469989852048, 3781949.847405900247395 ], [ 403705.391658189240843, 3781950.152594099752605 ], [ 403706.002034588018432, 3781950.152594099752605 ], [ 403706.307222787407227, 3781950.457782299257815 ], [ 403706.307222787407227, 3781950.762970498297364 ], [ 403706.612410986796021, 3781951.068158697802573 ], [ 403707.222787385573611, 3781951.068158697802573 ], [ 403707.527975584962405, 3781950.762970498297364 ], [ 403707.527975584962405, 3781958.697863682638854 ], [ 403707.222787385573611, 3781958.697863682638854 ], [ 403706.917599186184816, 3781959.003051882144064 ], [ 403706.612410986796021, 3781959.003051882144064 ], [ 403706.002034588018432, 3781959.613428280688822 ], [ 403705.696846388629638, 3781959.613428280688822 ], [ 403705.086469989852048, 3781960.223804679699242 ], [ 403704.781281790463254, 3781960.223804679699242 ], [ 403704.476093591074459, 3781960.528992878738791 ], [ 403703.560528992908075, 3781960.528992878738791 ], [ 403703.255340793461073, 3781960.834181078244001 ], [ 403702.339776195294689, 3781960.834181078244001 ] ] ] } },
{ "type": "Feature", "properties": { "confidence": 0.99926477670669556, "class": 1, "regularized": null }, "geometry": { "type": "Polygon", "coordinates": [ [ [ 403648.016276703972835, 3781939.471007121261209 ], [ 403646.795523906417657, 3781938.250254323706031 ], [ 403646.795523906417657, 3781937.945066124200821 ], [ 403646.490335707028862, 3781937.639877924695611 ], [ 403646.490335707028862, 3781935.198372329585254 ], [ 403646.795523906417657, 3781934.893184130080044 ], [ 403646.795523906417657, 3781934.282807731535286 ], [ 403647.100712105806451, 3781933.977619532030076 ], [ 403647.100712105806451, 3781933.672431332524866 ], [ 403647.405900305195246, 3781933.367243133485317 ], [ 403647.405900305195246, 3781933.062054933980107 ], [ 403648.016276703972835, 3781932.451678534969687 ], [ 403648.016276703972835, 3781932.146490335930139 ], [ 403648.626653102750424, 3781931.536113936919719 ], [ 403648.626653102750424, 3781931.230925737414509 ], [ 403649.542217700916808, 3781930.315361139364541 ], [ 403649.542217700916808, 3781930.010172939859331 ], [ 403649.847405900305603, 3781930.010172939859331 ], [ 403650.152594099694397, 3781929.704984740819782 ], [ 403650.457782299083192, 3781929.704984740819782 ], [ 403651.068158697860781, 3781929.094608341809362 ], [ 403652.28891149541596, 3781929.094608341809362 ], [ 403652.594099694804754, 3781929.399796541314572 ], [ 403652.899287894193549, 3781929.399796541314572 ], [ 403654.425228891137522, 3781930.92573753837496 ], [ 403654.730417090526316, 3781930.92573753837496 ], [ 403654.730417090526316, 3781931.230925737414509 ], [ 403655.035605289915111, 3781931.536113936919719 ], [ 403655.340793489303906, 3781931.536113936919719 ], [ 403655.951169888081495, 3781932.146490335930139 ], [ 403655.951169888081495, 3781932.756866734474897 ], [ 403655.6459816886927, 3781933.062054933980107 ], [ 403655.6459816886927, 3781933.367243133485317 ], [ 403655.340793489303906, 3781933.367243133485317 ], [ 403654.730417090526316, 3781933.977619532030076 ], [ 403654.730417090526316, 3781934.282807731535286 ], [ 403654.425228891137522, 3781934.587995931040496 ], [ 403654.425228891137522, 3781935.198372329585254 ], [ 403653.814852492359933, 3781935.808748728595674 ], [ 403653.814852492359933, 3781936.113936927635223 ], [ 403650.762970498471987, 3781939.165818921755999 ], [ 403650.457782299083192, 3781939.165818921755999 ], [ 403650.152594099694397, 3781939.471007121261209 ], [ 403648.016276703972835, 3781939.471007121261209 ] ] ] } },
{ "type": "Feature", "properties": { "confidence": 0.99923872947692871, "class": 1, "regularized": null }, "geometry": { "type": "Polygon", "coordinates": [ [ [ 403790.233977619558573, 3781990.132248219568282 ], [ 403789.928789420169778, 3781989.827060020528734 ], [ 403789.318413021392189, 3781989.827060020528734 ], [ 403789.013224821945187, 3781989.521871821023524 ], [ 403787.182095625612419, 3781989.521871821023524 ], [ 403786.876907426223624, 3781989.216683621518314 ], [ 403786.57171922683483, 3781989.216683621518314 ], [ 403786.266531027446035, 3781988.911495422013104 ], [ 403785.656154628668446, 3781988.911495422013104 ], [ 403785.350966429279651, 3781988.606307222973555 ], [ 403785.045778229890857, 3781988.606307222973555 ], [ 403784.435401831113268, 3781987.995930823963135 ], [ 403784.130213631724473, 3781987.995930823963135 ], [ 403783.214649033558089, 3781987.080366225913167 ], [ 403782.909460834169295, 3781987.080366225913167 ], [ 403782.6042726347805, 3781986.775178026407957 ], [ 403782.6042726347805, 3781986.469989826902747 ], [ 403781.993896236002911, 3781985.859613428357989 ], [ 403781.993896236002911, 3781984.94404883030802 ], [ 403782.299084435391705, 3781984.63886063080281 ], [ 403782.299084435391705, 3781984.3336724312976 ], [ 403782.909460834169295, 3781983.723296032752842 ], [ 403783.214649033558089, 3781983.723296032752842 ], [ 403784.130213631724473, 3781982.807731434237212 ], [ 403784.435401831113268, 3781982.807731434237212 ], [ 403784.740590030502062, 3781982.502543235197663 ], [ 403786.876907426223624, 3781982.502543235197663 ], [ 403787.182095625612419, 3781982.807731434237212 ], [ 403787.487283825001214, 3781982.807731434237212 ], [ 403787.792472024390008, 3781983.112919633742422 ], [ 403788.402848423167598, 3781983.112919633742422 ], [ 403788.402848423167598, 3781983.418107833247632 ], [ 403789.013224821945187, 3781984.02848423179239 ], [ 403789.318413021392189, 3781984.02848423179239 ], [ 403789.928789420169778, 3781984.63886063080281 ], [ 403790.844354018336162, 3781984.63886063080281 ], [ 403791.149542217724957, 3781984.94404883030802 ], [ 403792.06510681589134, 3781984.94404883030802 ], [ 403792.980671414057724, 3781985.859613428357989 ], [ 403792.980671414057724, 3781988.606307222973555 ], [ 403792.67548321466893, 3781988.911495422013104 ], [ 403792.67548321466893, 3781989.827060020528734 ], [ 403792.370295015280135, 3781989.827060020528734 ], [ 403792.06510681589134, 3781990.132248219568282 ], [ 403790.233977619558573, 3781990.132248219568282 ] ] ] } },
{ "type": "Feature", "properties": { "confidence": 0.99881786108016968, "class": 1, "regularized": null }, "geometry": { "type": "Polygon", "coordinates": [ [ [ 403691.353001017298084, 3781931.230925737414509 ], [ 403691.353001017298084, 3781930.92573753837496 ], [ 403691.047812817909289, 3781930.62054933886975 ], [ 403691.047812817909289, 3781927.873855544254184 ], [ 403691.353001017298084, 3781927.568667344748974 ], [ 403691.353001017298084, 3781927.263479145243764 ], [ 403691.963377416075673, 3781926.653102746699005 ], [ 403692.573753814853262, 3781926.653102746699005 ], [ 403692.878942014242057, 3781926.347914547193795 ], [ 403693.794506612408441, 3781926.347914547193795 ], [ 403694.099694811797235, 3781926.042726347688586 ], [ 403694.40488301118603, 3781926.042726347688586 ], [ 403694.710071210574824, 3781925.737538148649037 ], [ 403695.015259409963619, 3781925.737538148649037 ], [ 403695.625635808741208, 3781925.127161749638617 ], [ 403695.930824008130003, 3781925.127161749638617 ], [ 403696.541200406907592, 3781924.516785351093858 ], [ 403696.846388606296387, 3781924.516785351093858 ], [ 403698.067141403851565, 3781923.29603255353868 ], [ 403699.593082400795538, 3781923.29603255353868 ], [ 403699.898270600184333, 3781923.601220752578229 ], [ 403700.203458799573127, 3781923.601220752578229 ], [ 403700.203458799573127, 3781923.906408952083439 ], [ 403700.813835198350716, 3781924.516785351093858 ], [ 403700.813835198350716, 3781924.821973550133407 ], [ 403701.119023397739511, 3781925.127161749638617 ], [ 403701.424211597128306, 3781925.127161749638617 ], [ 403701.7293997965171, 3781925.432349949143827 ], [ 403701.7293997965171, 3781925.737538148649037 ], [ 403702.034587995905895, 3781926.042726347688586 ], [ 403702.034587995905895, 3781926.347914547193795 ], [ 403702.339776195294689, 3781926.653102746699005 ], [ 403702.339776195294689, 3781927.263479145243764 ], [ 403701.424211597128306, 3781928.179043743759394 ], [ 403701.119023397739511, 3781928.179043743759394 ], [ 403700.203458799573127, 3781929.094608341809362 ], [ 403699.898270600184333, 3781929.094608341809362 ], [ 403698.37232960324036, 3781930.62054933886975 ], [ 403698.067141403851565, 3781930.62054933886975 ], [ 403697.76195320446277, 3781930.92573753837496 ], [ 403697.76195320446277, 3781931.230925737414509 ], [ 403691.353001017298084, 3781931.230925737414509 ] ] ] } },
{ "type": "Feature", "properties": { "confidence": 0.99857115745544434, "class": 1, "regularized": null }, "geometry": { "type": "Polygon", "coordinates": [ [ [ 403785.350966429279651, 3781879.959308240097016 ], [ 403785.045778229890857, 3781879.654120040591806 ], [ 403784.740590030502062, 3781879.654120040591806 ], [ 403783.519837232946884, 3781878.433367243036628 ], [ 403783.519837232946884, 3781878.128179043531418 ], [ 403782.299084435391705, 3781876.907426245976239 ], [ 403782.299084435391705, 3781876.602238046936691 ], [ 403781.993896236002911, 3781876.297049847431481 ], [ 403781.993896236002911, 3781874.160732451826334 ], [ 403782.6042726347805, 3781873.550356052815914 ], [ 403782.6042726347805, 3781872.634791454765946 ], [ 403782.909460834169295, 3781872.329603255260736 ], [ 403782.909460834169295, 3781871.719226856715977 ], [ 403783.214649033558089, 3781871.414038657210767 ], [ 403783.214649033558089, 3781871.108850457705557 ], [ 403783.519837232946884, 3781870.803662258200347 ], [ 403783.519837232946884, 3781870.498474059160799 ], [ 403784.435401831113268, 3781869.582909460645169 ], [ 403784.740590030502062, 3781869.582909460645169 ], [ 403785.045778229890857, 3781869.27772126160562 ], [ 403788.708036622556392, 3781869.27772126160562 ], [ 403789.013224821945187, 3781868.97253306210041 ], [ 403789.318413021392189, 3781869.27772126160562 ], [ 403789.623601220780984, 3781869.27772126160562 ], [ 403789.928789420169778, 3781869.582909460645169 ], [ 403789.928789420169778, 3781870.193285859655589 ], [ 403790.233977619558573, 3781870.498474059160799 ], [ 403790.844354018336162, 3781870.498474059160799 ], [ 403790.844354018336162, 3781872.634791454765946 ], [ 403791.149542217724957, 3781872.939979654271156 ], [ 403791.149542217724957, 3781873.550356052815914 ], [ 403791.454730417113751, 3781873.855544252321124 ], [ 403791.454730417113751, 3781875.076297049876302 ], [ 403790.844354018336162, 3781875.686673448421061 ], [ 403790.539165818947367, 3781875.686673448421061 ], [ 403789.318413021392189, 3781876.907426245976239 ], [ 403789.318413021392189, 3781877.212614445481449 ], [ 403788.402848423167598, 3781878.128179043531418 ], [ 403788.402848423167598, 3781878.433367243036628 ], [ 403788.097660223778803, 3781878.738555442541838 ], [ 403787.792472024390008, 3781878.738555442541838 ], [ 403787.487283825001214, 3781879.043743642047048 ], [ 403787.487283825001214, 3781879.348931841086596 ], [ 403787.182095625612419, 3781879.654120040591806 ], [ 403786.876907426223624, 3781879.654120040591806 ], [ 403786.57171922683483, 3781879.959308240097016 ], [ 403785.350966429279651, 3781879.959308240097016 ] ] ] } },
{ "type": "Feature", "properties": { "confidence": 0.99837023019790649, "class": 1, "regularized": null }, "geometry": { "type": "Polygon", "coordinates": [ [ [ 403266.836215666320641, 3782273.346897253300995 ], [ 403266.531027466931846, 3782273.041709053795785 ], [ 403266.225839267543051, 3782273.041709053795785 ], [ 403265.615462868765462, 3782272.431332655251026 ], [ 403265.310274669376668, 3782272.431332655251026 ], [ 403265.005086469987873, 3782272.126144455745816 ], [ 403264.394710071210284, 3782272.126144455745816 ], [ 403264.089521871821489, 3782271.820956256240606 ], [ 403263.4791454730439, 3782271.820956256240606 ], [ 403263.4791454730439, 3782269.989827060140669 ], [ 403263.784333672432695, 3782269.684638860635459 ], [ 403263.784333672432695, 3782269.37945066113025 ], [ 403265.615462868765462, 3782267.548321465030313 ], [ 403265.615462868765462, 3782267.243133265525103 ], [ 403265.920651068154257, 3782266.937945066019893 ], [ 403265.920651068154257, 3782266.632756866514683 ], [ 403266.531027466931846, 3782266.022380467969924 ], [ 403266.531027466931846, 3782265.717192268464714 ], [ 403266.836215666320641, 3782265.412004068959504 ], [ 403266.836215666320641, 3782265.106815869919956 ], [ 403268.667344862653408, 3782263.275686673354357 ], [ 403268.667344862653408, 3782262.970498473849148 ], [ 403268.972533062042203, 3782262.665310274809599 ], [ 403269.582909460819792, 3782262.665310274809599 ], [ 403269.888097660208587, 3782262.360122075304389 ], [ 403270.498474058986176, 3782262.360122075304389 ], [ 403270.80366225837497, 3782262.054933875799179 ], [ 403271.41403865715256, 3782262.054933875799179 ], [ 403271.719226856541354, 3782261.749745676293969 ], [ 403272.634791454707738, 3782261.749745676293969 ], [ 403273.245167853485327, 3782262.360122075304389 ], [ 403273.245167853485327, 3782263.886063072364777 ], [ 403272.939979654096533, 3782264.191251271404326 ], [ 403272.939979654096533, 3782265.106815869919956 ], [ 403272.634791454707738, 3782265.412004068959504 ], [ 403272.634791454707738, 3782265.717192268464714 ], [ 403272.329603255318943, 3782266.022380467969924 ], [ 403272.329603255318943, 3782266.327568667475134 ], [ 403272.024415055930149, 3782266.632756866514683 ], [ 403272.024415055930149, 3782270.600203458685428 ], [ 403271.719226856541354, 3782270.905391658190638 ], [ 403271.719226856541354, 3782271.210579857695848 ], [ 403271.41403865715256, 3782271.515768057201058 ], [ 403271.108850457763765, 3782271.515768057201058 ], [ 403270.193285859597381, 3782272.431332655251026 ], [ 403269.888097660208587, 3782272.431332655251026 ], [ 403269.582909460819792, 3782272.736520854756236 ], [ 403269.277721261430997, 3782272.736520854756236 ], [ 403268.667344862653408, 3782273.346897253300995 ], [ 403266.836215666320641, 3782273.346897253300995 ] ] ] } },
{ "type": "Feature", "properties": { "confidence": 0.99777621030807495, "class": 1, "regularized": null }, "geometry": { "type": "Polygon", "coordinates": [ [ [ 403650.152594099694397, 3781855.544252288993448 ], [ 403649.847405900305603, 3781855.239064089488238 ], [ 403649.847405900305603, 3781854.62868769094348 ], [ 403649.542217700916808, 3781854.32349949143827 ], [ 403649.542217700916808, 3781853.102746693883091 ], [ 403648.016276703972835, 3781851.576805696822703 ], [ 403648.016276703972835, 3781851.271617497317493 ], [ 403647.71108850458404, 3781850.966429298277944 ], [ 403647.71108850458404, 3781846.388606307096779 ], [ 403647.405900305195246, 3781846.083418108057231 ], [ 403647.100712105806451, 3781846.083418108057231 ], [ 403647.100712105806451, 3781843.641912512946874 ], [ 403647.405900305195246, 3781843.336724313441664 ], [ 403647.405900305195246, 3781843.031536113936454 ], [ 403647.71108850458404, 3781843.031536113936454 ], [ 403648.016276703972835, 3781842.726347914431244 ], [ 403648.016276703972835, 3781842.421159714926034 ], [ 403648.626653102750424, 3781841.810783316381276 ], [ 403648.931841302139219, 3781841.810783316381276 ], [ 403649.237029501528013, 3781841.505595116876066 ], [ 403651.373346897249576, 3781841.505595116876066 ], [ 403651.373346897249576, 3781841.810783316381276 ], [ 403651.67853509663837, 3781842.115971515886486 ], [ 403652.899287894193549, 3781842.115971515886486 ], [ 403653.204476093582343, 3781842.421159714926034 ], [ 403653.509664292971138, 3781842.421159714926034 ], [ 403653.814852492359933, 3781842.726347914431244 ], [ 403653.814852492359933, 3781849.440488301217556 ], [ 403654.120040691748727, 3781849.745676500722766 ], [ 403654.120040691748727, 3781853.407934893388301 ], [ 403653.814852492359933, 3781853.71312309242785 ], [ 403653.814852492359933, 3781854.32349949143827 ], [ 403653.509664292971138, 3781854.62868769094348 ], [ 403653.204476093582343, 3781854.62868769094348 ], [ 403652.899287894193549, 3781854.933875889983028 ], [ 403652.28891149541596, 3781854.933875889983028 ], [ 403651.983723296027165, 3781855.239064089488238 ], [ 403651.67853509663837, 3781855.239064089488238 ], [ 403651.373346897249576, 3781855.544252288993448 ], [ 403650.152594099694397, 3781855.544252288993448 ] ] ] } },
{ "type": "Feature", "properties": { "confidence": 0.99775069952011108, "class": 1, "regularized": null }, "geometry": { "type": "Polygon", "coordinates": [ [ [ 403337.945066124084406, 3782343.234994913451374 ], [ 403337.945066124084406, 3782342.929806713946164 ], [ 403337.639877924695611, 3782342.624618514906615 ], [ 403337.639877924695611, 3782342.319430315401405 ], [ 403337.334689725306816, 3782342.014242115896195 ], [ 403337.029501525918022, 3782342.014242115896195 ], [ 403337.029501525918022, 3782341.709053916390985 ], [ 403336.724313326529227, 3782341.403865717351437 ], [ 403336.724313326529227, 3782338.96236012224108 ], [ 403337.334689725306816, 3782338.35198372323066 ], [ 403337.639877924695611, 3782338.35198372323066 ], [ 403338.2502543234732, 3782337.741607324685901 ], [ 403338.2502543234732, 3782337.436419125180691 ], [ 403338.555442522861995, 3782337.131230925675482 ], [ 403338.555442522861995, 3782336.826042726170272 ], [ 403340.38657171925297, 3782334.994913530070335 ], [ 403341.912512716196943, 3782334.994913530070335 ], [ 403342.217700915585738, 3782334.689725330565125 ], [ 403342.522889114974532, 3782334.994913530070335 ], [ 403342.522889114974532, 3782335.300101729575545 ], [ 403342.828077314363327, 3782335.605289928615093 ], [ 403342.828077314363327, 3782337.741607324685901 ], [ 403342.522889114974532, 3782338.04679552372545 ], [ 403342.522889114974532, 3782338.65717192273587 ], [ 403342.217700915585738, 3782338.96236012224108 ], [ 403342.217700915585738, 3782339.877924720291048 ], [ 403341.912512716196943, 3782340.183112919796258 ], [ 403341.912512716196943, 3782341.098677517846227 ], [ 403341.607324516808148, 3782341.403865717351437 ], [ 403341.607324516808148, 3782342.014242115896195 ], [ 403340.996948118030559, 3782342.624618514906615 ], [ 403340.691759918641765, 3782342.624618514906615 ], [ 403340.081383519864175, 3782343.234994913451374 ], [ 403337.945066124084406, 3782343.234994913451374 ] ] ] } },
{ "type": "Feature", "properties": { "confidence": 0.99767476320266724, "class": 1, "regularized": null }, "geometry": { "type": "Polygon", "coordinates": [ [ [ 403671.515768056968227, 3781862.868769074324518 ], [ 403671.210579857579432, 3781862.563580874819309 ], [ 403671.210579857579432, 3781861.34282807726413 ], [ 403671.515768056968227, 3781861.03763987775892 ], [ 403671.515768056968227, 3781858.901322482153773 ], [ 403671.210579857579432, 3781858.596134282648563 ], [ 403671.210579857579432, 3781857.985757884103805 ], [ 403670.905391658190638, 3781857.680569684598595 ], [ 403670.905391658190638, 3781854.01831129193306 ], [ 403670.600203458801843, 3781853.71312309242785 ], [ 403670.600203458801843, 3781852.187182095833123 ], [ 403671.210579857579432, 3781851.576805696822703 ], [ 403673.652085452689789, 3781851.576805696822703 ], [ 403673.957273652078584, 3781851.881993896327913 ], [ 403673.957273652078584, 3781852.187182095833123 ], [ 403674.262461851467378, 3781852.492370294872671 ], [ 403674.262461851467378, 3781853.102746693883091 ], [ 403674.567650050856173, 3781853.407934893388301 ], [ 403674.567650050856173, 3781853.71312309242785 ], [ 403674.872838250244968, 3781854.01831129193306 ], [ 403674.872838250244968, 3781854.32349949143827 ], [ 403676.093591047800146, 3781855.544252288993448 ], [ 403676.093591047800146, 3781855.849440488498658 ], [ 403676.398779247188941, 3781856.154628687538207 ], [ 403676.703967446577735, 3781856.154628687538207 ], [ 403677.314343845355324, 3781856.765005086548626 ], [ 403677.619532044744119, 3781856.765005086548626 ], [ 403677.924720244132914, 3781857.070193286053836 ], [ 403678.229908443521708, 3781857.070193286053836 ], [ 403678.229908443521708, 3781859.511698881164193 ], [ 403677.619532044744119, 3781860.122075279708952 ], [ 403677.00915564596653, 3781860.122075279708952 ], [ 403676.398779247188941, 3781860.732451678719372 ], [ 403676.398779247188941, 3781861.03763987775892 ], [ 403676.093591047800146, 3781861.34282807726413 ], [ 403676.093591047800146, 3781861.64801627676934 ], [ 403675.788402848411351, 3781861.95320447627455 ], [ 403675.788402848411351, 3781862.258392675314099 ], [ 403675.483214649022557, 3781862.563580874819309 ], [ 403674.567650050856173, 3781862.563580874819309 ], [ 403674.262461851467378, 3781862.868769074324518 ], [ 403671.515768056968227, 3781862.868769074324518 ] ] ] } },
{ "type": "Feature", "properties": { "confidence": 0.99714213609695435, "class": 1, "regularized": null }, "geometry": { "type": "Polygon", "coordinates": [ [ [ 403669.379450661246665, 3781955.951169888023287 ], [ 403669.379450661246665, 3781955.645981688518077 ], [ 403669.07426246185787, 3781955.340793489478528 ], [ 403668.769074262469076, 3781955.340793489478528 ], [ 403668.769074262469076, 3781951.678535096812993 ], [ 403669.07426246185787, 3781951.678535096812993 ], [ 403669.379450661246665, 3781951.373346897307783 ], [ 403669.379450661246665, 3781949.847405900247395 ], [ 403671.210579857579432, 3781948.016276704147458 ], [ 403671.515768056968227, 3781948.016276704147458 ], [ 403672.431332655134611, 3781947.100712105631828 ], [ 403672.736520854523405, 3781947.100712105631828 ], [ 403673.0417090539122, 3781946.79552390659228 ], [ 403673.957273652078584, 3781946.79552390659228 ], [ 403673.957273652078584, 3781947.100712105631828 ], [ 403674.262461851467378, 3781947.405900305137038 ], [ 403674.567650050856173, 3781947.405900305137038 ], [ 403674.872838250244968, 3781947.711088504642248 ], [ 403675.178026449633762, 3781947.711088504642248 ], [ 403675.788402848411351, 3781948.321464903187007 ], [ 403676.093591047800146, 3781948.321464903187007 ], [ 403676.398779247188941, 3781948.626653102692217 ], [ 403676.703967446577735, 3781948.626653102692217 ], [ 403677.314343845355324, 3781949.237029501702636 ], [ 403677.314343845355324, 3781949.542217700742185 ], [ 403677.619532044744119, 3781949.847405900247395 ], [ 403677.619532044744119, 3781950.152594099752605 ], [ 403675.788402848411351, 3781951.983723295852542 ], [ 403675.483214649022557, 3781951.983723295852542 ], [ 403674.872838250244968, 3781952.594099694862962 ], [ 403674.567650050856173, 3781952.594099694862962 ], [ 403673.652085452689789, 3781953.50966429291293 ], [ 403673.346897253300995, 3781953.50966429291293 ], [ 403672.431332655134611, 3781954.425228890962899 ], [ 403672.126144455745816, 3781954.425228890962899 ], [ 403671.515768056968227, 3781955.035605289973319 ], [ 403671.210579857579432, 3781955.035605289973319 ], [ 403670.905391658190638, 3781955.340793489478528 ], [ 403670.905391658190638, 3781955.645981688518077 ], [ 403670.295015259413049, 3781955.645981688518077 ], [ 403669.989827060024254, 3781955.951169888023287 ], [ 403669.379450661246665, 3781955.951169888023287 ] ] ] } },
{ "type": "Feature", "properties": { "confidence": 0.99709582328796387, "class": 1, "regularized": null }, "geometry": { "type": "Polygon", "coordinates": [ [ [ 403725.839267548348289, 3781844.862665310502052 ], [ 403725.534079348959494, 3781844.557477110996842 ], [ 403725.2288911495707, 3781844.557477110996842 ], [ 403725.2288911495707, 3781844.252288911491632 ], [ 403724.923702950123698, 3781843.947100711986423 ], [ 403724.923702950123698, 3781843.641912512946874 ], [ 403724.618514750734903, 3781843.336724313441664 ], [ 403724.618514750734903, 3781843.031536113936454 ], [ 403724.313326551346108, 3781842.726347914431244 ], [ 403724.313326551346108, 3781842.115971515886486 ], [ 403724.008138351957314, 3781841.810783316381276 ], [ 403724.008138351957314, 3781840.590030518826097 ], [ 403724.313326551346108, 3781840.284842319320887 ], [ 403724.313326551346108, 3781839.979654119815677 ], [ 403724.618514750734903, 3781839.674465920776129 ], [ 403724.618514750734903, 3781839.369277721270919 ], [ 403725.2288911495707, 3781838.758901322260499 ], [ 403725.534079348959494, 3781838.758901322260499 ], [ 403725.839267548348289, 3781838.45371312322095 ], [ 403726.449643947125878, 3781838.45371312322095 ], [ 403726.754832146514673, 3781838.14852492371574 ], [ 403727.060020345903467, 3781838.14852492371574 ], [ 403727.365208545292262, 3781837.843336724210531 ], [ 403727.670396744681057, 3781837.843336724210531 ], [ 403727.975584944069851, 3781837.538148524705321 ], [ 403730.111902339791413, 3781837.538148524705321 ], [ 403731.027466937957797, 3781838.45371312322095 ], [ 403731.027466937957797, 3781839.064089521765709 ], [ 403731.332655137346592, 3781839.369277721270919 ], [ 403731.637843336735386, 3781839.369277721270919 ], [ 403731.637843336735386, 3781839.979654119815677 ], [ 403731.943031536124181, 3781840.284842319320887 ], [ 403731.943031536124181, 3781841.810783316381276 ], [ 403731.027466937957797, 3781842.726347914431244 ], [ 403731.027466937957797, 3781843.031536113936454 ], [ 403730.417090539180208, 3781843.641912512946874 ], [ 403730.111902339791413, 3781843.641912512946874 ], [ 403729.806714140402619, 3781843.947100711986423 ], [ 403728.58596134284744, 3781843.947100711986423 ], [ 403728.280773143458646, 3781844.252288911491632 ], [ 403727.670396744681057, 3781844.252288911491632 ], [ 403727.365208545292262, 3781844.557477110996842 ], [ 403726.754832146514673, 3781844.557477110996842 ], [ 403726.449643947125878, 3781844.862665310502052 ], [ 403725.839267548348289, 3781844.862665310502052 ] ] ] } },
{ "type": "Feature", "properties": { "confidence": 0.99708741903305054, "class": 1, "regularized": null }, "geometry": { "type": "Polygon", "coordinates": [ [ [ 403680.671414038632065, 3781877.212614445481449 ], [ 403680.36622583924327, 3781876.907426245976239 ], [ 403679.755849440465681, 3781876.907426245976239 ], [ 403678.840284842299297, 3781875.991861647926271 ], [ 403678.840284842299297, 3781875.686673448421061 ], [ 403678.535096642910503, 3781875.381485249381512 ], [ 403678.535096642910503, 3781875.076297049876302 ], [ 403677.00915564596653, 3781873.550356052815914 ], [ 403676.703967446577735, 3781873.550356052815914 ], [ 403676.398779247188941, 3781873.245167853310704 ], [ 403676.398779247188941, 3781872.024415055755526 ], [ 403676.703967446577735, 3781871.719226856715977 ], [ 403676.703967446577735, 3781871.108850457705557 ], [ 403678.229908443521708, 3781869.582909460645169 ], [ 403678.229908443521708, 3781869.27772126160562 ], [ 403678.535096642910503, 3781868.97253306210041 ], [ 403678.840284842299297, 3781868.97253306210041 ], [ 403679.145473041688092, 3781868.667344862595201 ], [ 403680.36622583924327, 3781868.667344862595201 ], [ 403680.671414038632065, 3781868.97253306210041 ], [ 403681.281790437409654, 3781868.97253306210041 ], [ 403682.197355035634246, 3781869.888097660150379 ], [ 403682.197355035634246, 3781870.193285859655589 ], [ 403682.807731434411835, 3781870.803662258200347 ], [ 403682.807731434411835, 3781871.108850457705557 ], [ 403683.11291963380063, 3781871.414038657210767 ], [ 403683.11291963380063, 3781874.465920650865883 ], [ 403682.807731434411835, 3781874.771108850371093 ], [ 403682.807731434411835, 3781875.991861647926271 ], [ 403682.50254323502304, 3781876.297049847431481 ], [ 403682.50254323502304, 3781876.602238046936691 ], [ 403681.892166836187243, 3781877.212614445481449 ], [ 403680.671414038632065, 3781877.212614445481449 ] ] ] } },
{ "type": "Feature", "properties": { "confidence": 0.99679142236709595, "class": 1, "regularized": null }, "geometry": { "type": "Polygon", "coordinates": [ [ [ 403655.035605289915111, 3781903.458799593150616 ], [ 403654.730417090526316, 3781903.153611393645406 ], [ 403654.425228891137522, 3781903.153611393645406 ], [ 403651.373346897249576, 3781900.10172939999029 ], [ 403651.373346897249576, 3781899.79654120048508 ], [ 403651.068158697860781, 3781899.491353000979871 ], [ 403651.068158697860781, 3781899.186164801474661 ], [ 403651.373346897249576, 3781898.880976602435112 ], [ 403651.373346897249576, 3781898.270600203424692 ], [ 403651.67853509663837, 3781898.270600203424692 ], [ 403652.28891149541596, 3781897.660223804879934 ], [ 403652.28891149541596, 3781897.355035605374724 ], [ 403653.204476093582343, 3781896.439471007324755 ], [ 403653.204476093582343, 3781896.134282807819545 ], [ 403654.120040691748727, 3781895.218718209769577 ], [ 403654.120040691748727, 3781894.913530010264367 ], [ 403654.425228891137522, 3781894.913530010264367 ], [ 403654.730417090526316, 3781894.608341810759157 ], [ 403654.730417090526316, 3781894.303153611253947 ], [ 403655.035605289915111, 3781893.997965412214398 ], [ 403655.340793489303906, 3781893.997965412214398 ], [ 403655.951169888081495, 3781893.387589013203979 ], [ 403657.171922685636673, 3781893.387589013203979 ], [ 403657.782299084414262, 3781893.997965412214398 ], [ 403658.697863682580646, 3781893.997965412214398 ], [ 403659.003051881969441, 3781894.303153611253947 ], [ 403659.003051881969441, 3781894.913530010264367 ], [ 403659.918616480135825, 3781895.829094608314335 ], [ 403659.918616480135825, 3781896.134282807819545 ], [ 403660.528992878913414, 3781896.744659206364304 ], [ 403660.834181078360416, 3781896.744659206364304 ], [ 403661.444557477138005, 3781897.355035605374724 ], [ 403661.444557477138005, 3781897.965412003919482 ], [ 403661.139369277749211, 3781898.270600203424692 ], [ 403661.139369277749211, 3781898.575788402929902 ], [ 403660.834181078360416, 3781898.575788402929902 ], [ 403660.528992878913414, 3781898.880976602435112 ], [ 403660.223804679524619, 3781898.880976602435112 ], [ 403659.918616480135825, 3781899.186164801474661 ], [ 403659.918616480135825, 3781899.491353000979871 ], [ 403659.308240081358235, 3781900.10172939999029 ], [ 403659.308240081358235, 3781900.406917599029839 ], [ 403658.087487283803057, 3781901.627670396585017 ], [ 403657.782299084414262, 3781901.627670396585017 ], [ 403657.477110885025468, 3781901.932858596090227 ], [ 403657.477110885025468, 3781902.238046795595437 ], [ 403656.256358087470289, 3781903.458799593150616 ], [ 403655.035605289915111, 3781903.458799593150616 ] ] ] } },
{ "type": "Feature", "properties": { "confidence": 0.99666154384613037, "class": 1, "regularized": null }, "geometry": { "type": "Polygon", "coordinates": [ [ [ 403716.378433367237449, 3781852.797558494377881 ], [ 403716.073245167848654, 3781852.492370294872671 ], [ 403715.15768056968227, 3781852.492370294872671 ], [ 403713.936927772127092, 3781851.271617497317493 ], [ 403713.936927772127092, 3781850.966429298277944 ], [ 403713.631739572738297, 3781850.661241098772734 ], [ 403713.631739572738297, 3781847.304170905612409 ], [ 403714.242115971515886, 3781846.693794506601989 ], [ 403714.242115971515886, 3781846.388606307096779 ], [ 403714.852492370293476, 3781845.778229908552021 ], [ 403715.768056968459859, 3781845.778229908552021 ], [ 403716.073245167848654, 3781845.473041709046811 ], [ 403716.378433367237449, 3781845.473041709046811 ], [ 403716.683621566626243, 3781845.167853509541601 ], [ 403719.1251271617366, 3781845.167853509541601 ], [ 403719.430315361125395, 3781844.862665310502052 ], [ 403720.345879959291779, 3781844.862665310502052 ], [ 403720.956256358069368, 3781845.473041709046811 ], [ 403721.261444557458162, 3781845.473041709046811 ], [ 403721.566632756846957, 3781845.778229908552021 ], [ 403722.177009155624546, 3781845.778229908552021 ], [ 403722.177009155624546, 3781846.083418108057231 ], [ 403722.482197355013341, 3781846.388606307096779 ], [ 403722.787385554402135, 3781846.388606307096779 ], [ 403722.787385554402135, 3781846.693794506601989 ], [ 403723.09257375379093, 3781846.998982706107199 ], [ 403723.09257375379093, 3781847.609359104651958 ], [ 403723.702950152568519, 3781848.219735503662378 ], [ 403723.702950152568519, 3781848.830111902207136 ], [ 403724.008138351957314, 3781849.135300101712346 ], [ 403724.008138351957314, 3781849.745676500722766 ], [ 403723.397761953179725, 3781850.356052899267524 ], [ 403723.397761953179725, 3781850.661241098772734 ], [ 403723.09257375379093, 3781850.966429298277944 ], [ 403722.787385554402135, 3781850.966429298277944 ], [ 403722.482197355013341, 3781851.271617497317493 ], [ 403722.177009155624546, 3781851.271617497317493 ], [ 403721.871820956235752, 3781851.576805696822703 ], [ 403720.040691759902984, 3781851.576805696822703 ], [ 403719.735503560514189, 3781851.881993896327913 ], [ 403718.819938962347806, 3781851.881993896327913 ], [ 403718.514750762959011, 3781852.187182095833123 ], [ 403717.904374364181422, 3781852.187182095833123 ], [ 403717.599186164792627, 3781852.492370294872671 ], [ 403716.683621566626243, 3781852.492370294872671 ], [ 403716.378433367237449, 3781852.797558494377881 ] ] ] } },
{ "type": "Feature", "properties": { "confidence": 0.99370747804641724, "class": 1, "regularized": null }, "geometry": { "type": "Polygon", "coordinates": [ [ [ 403333.977619532030076, 3782293.184130213689059 ], [ 403333.672431332641281, 3782292.878942014183849 ], [ 403333.672431332641281, 3782292.573753814678639 ], [ 403332.146490335697308, 3782291.047812818083912 ], [ 403332.146490335697308, 3782290.742624618578702 ], [ 403331.841302136308514, 3782290.437436419073492 ], [ 403331.841302136308514, 3782288.911495422013104 ], [ 403331.536113936919719, 3782288.606307222973555 ], [ 403331.536113936919719, 3782287.690742624457926 ], [ 403331.841302136308514, 3782287.385554425418377 ], [ 403331.841302136308514, 3782286.164801627863199 ], [ 403332.146490335697308, 3782285.859613428357989 ], [ 403332.146490335697308, 3782285.249237029347569 ], [ 403332.451678535086103, 3782284.94404883030802 ], [ 403332.451678535086103, 3782284.63886063080281 ], [ 403332.756866734474897, 3782284.3336724312976 ], [ 403333.062054933863692, 3782284.3336724312976 ], [ 403333.367243133252487, 3782284.02848423179239 ], [ 403335.503560528974049, 3782284.02848423179239 ], [ 403335.808748728362843, 3782284.3336724312976 ], [ 403335.808748728362843, 3782285.554425228852779 ], [ 403336.113936927751638, 3782285.859613428357989 ], [ 403336.113936927751638, 3782286.164801627863199 ], [ 403336.419125127140433, 3782286.469989826902747 ], [ 403337.639877924695611, 3782286.469989826902747 ], [ 403338.2502543234732, 3782287.080366225913167 ], [ 403338.555442522861995, 3782287.080366225913167 ], [ 403339.471007121086586, 3782287.995930823963135 ], [ 403339.776195320475381, 3782287.995930823963135 ], [ 403340.081383519864175, 3782288.301119023468345 ], [ 403340.38657171925297, 3782288.301119023468345 ], [ 403340.691759918641765, 3782288.606307222973555 ], [ 403340.691759918641765, 3782289.827060020528734 ], [ 403340.38657171925297, 3782290.132248219568282 ], [ 403340.38657171925297, 3782290.437436419073492 ], [ 403340.081383519864175, 3782290.437436419073492 ], [ 403339.471007121086586, 3782291.047812818083912 ], [ 403339.165818921639584, 3782291.047812818083912 ], [ 403338.2502543234732, 3782291.963377416133881 ], [ 403337.945066124084406, 3782291.963377416133881 ], [ 403337.639877924695611, 3782292.268565615639091 ], [ 403337.334689725306816, 3782292.268565615639091 ], [ 403336.724313326529227, 3782292.878942014183849 ], [ 403336.113936927751638, 3782292.878942014183849 ], [ 403335.808748728362843, 3782293.184130213689059 ], [ 403333.977619532030076, 3782293.184130213689059 ] ] ] } },
{ "type": "Feature", "properties": { "confidence": 0.992451012134552, "class": 1, "regularized": null }, "geometry": { "type": "Polygon", "coordinates": [ [ [ 403682.197355035634246, 3781956.256358087528497 ], [ 403682.197355035634246, 3781955.951169888023287 ], [ 403681.586978636798449, 3781955.340793489478528 ], [ 403681.281790437409654, 3781955.340793489478528 ], [ 403681.281790437409654, 3781954.425228890962899 ], [ 403680.671414038632065, 3781953.81485249241814 ], [ 403680.671414038632065, 3781951.068158697802573 ], [ 403680.97660223802086, 3781950.762970498297364 ], [ 403680.97660223802086, 3781950.152594099752605 ], [ 403681.586978636798449, 3781949.542217700742185 ], [ 403681.892166836187243, 3781949.542217700742185 ], [ 403682.50254323502304, 3781948.931841302197427 ], [ 403682.807731434411835, 3781948.931841302197427 ], [ 403683.11291963380063, 3781948.626653102692217 ], [ 403683.418107833189424, 3781948.931841302197427 ], [ 403683.723296032578219, 3781948.931841302197427 ], [ 403684.333672431355808, 3781949.542217700742185 ], [ 403684.333672431355808, 3781949.847405900247395 ], [ 403684.638860630744603, 3781950.152594099752605 ], [ 403684.944048830133397, 3781950.152594099752605 ], [ 403685.249237029522192, 3781950.457782299257815 ], [ 403685.249237029522192, 3781950.762970498297364 ], [ 403685.554425228910986, 3781951.068158697802573 ], [ 403685.554425228910986, 3781951.373346897307783 ], [ 403685.859613428299781, 3781951.678535096812993 ], [ 403685.859613428299781, 3781951.983723295852542 ], [ 403686.164801627688576, 3781952.288911495357752 ], [ 403686.164801627688576, 3781952.594099694862962 ], [ 403686.46998982707737, 3781952.899287894368172 ], [ 403686.46998982707737, 3781953.20447609340772 ], [ 403687.080366225854959, 3781953.81485249241814 ], [ 403687.080366225854959, 3781954.12004069192335 ], [ 403687.690742624632549, 3781954.730417090468109 ], [ 403687.690742624632549, 3781956.256358087528497 ], [ 403682.197355035634246, 3781956.256358087528497 ] ] ] } },
{ "type": "Feature", "properties": { "confidence": 0.99189549684524536, "class": 1, "regularized": null }, "geometry": { "type": "Polygon", "coordinates": [ [ [ 403599.491353001038078, 3781896.134282807819545 ], [ 403599.186164801649284, 3781895.829094608314335 ], [ 403598.880976602260489, 3781895.829094608314335 ], [ 403598.575788402871694, 3781895.523906408809125 ], [ 403598.2706002034829, 3781895.523906408809125 ], [ 403597.660223804705311, 3781894.913530010264367 ], [ 403597.355035605316516, 3781894.913530010264367 ], [ 403597.049847405927721, 3781894.608341810759157 ], [ 403596.744659206538927, 3781894.608341810759157 ], [ 403596.439471007150132, 3781894.303153611253947 ], [ 403596.439471007150132, 3781893.997965412214398 ], [ 403596.13428280770313, 3781893.692777212709188 ], [ 403596.13428280770313, 3781892.47202441515401 ], [ 403603.458799593092408, 3781892.47202441515401 ], [ 403603.458799593092408, 3781892.77721261465922 ], [ 403603.153611393703613, 3781893.082400813698769 ], [ 403603.153611393703613, 3781893.387589013203979 ], [ 403602.848423194314819, 3781893.692777212709188 ], [ 403602.848423194314819, 3781893.997965412214398 ], [ 403602.543234994926024, 3781894.303153611253947 ], [ 403602.543234994926024, 3781894.608341810759157 ], [ 403601.322482197370846, 3781895.829094608314335 ], [ 403601.017293997982051, 3781895.829094608314335 ], [ 403600.712105798593257, 3781896.134282807819545 ], [ 403599.491353001038078, 3781896.134282807819545 ] ] ] } },
{ "type": "Feature", "properties": { "confidence": 0.99070531129837036, "class": 1, "regularized": null }, "geometry": { "type": "Polygon", "coordinates": [ [ [ 403755.137334689730778, 3781825.330620549153537 ], [ 403754.832146490341984, 3781825.025432350113988 ], [ 403754.526958290953189, 3781825.025432350113988 ], [ 403754.221770091564395, 3781824.720244150608778 ], [ 403753.9165818921756, 3781824.720244150608778 ], [ 403753.611393692786805, 3781824.415055951103568 ], [ 403753.306205493398011, 3781824.415055951103568 ], [ 403752.695829094620422, 3781823.80467955255881 ], [ 403752.390640895231627, 3781823.80467955255881 ], [ 403752.085452695842832, 3781823.4994913530536 ], [ 403751.475076297065243, 3781823.4994913530536 ], [ 403751.169888097676449, 3781823.19430315354839 ], [ 403750.559511698898859, 3781823.19430315354839 ], [ 403749.94913530012127, 3781822.583926755003631 ], [ 403749.94913530012127, 3781822.278738555498421 ], [ 403749.643947100732476, 3781821.973550355993211 ], [ 403749.643947100732476, 3781819.837232960388064 ], [ 403749.94913530012127, 3781819.532044760882854 ], [ 403749.94913530012127, 3781818.311291963327676 ], [ 403752.390640895231627, 3781815.869786368217319 ], [ 403752.390640895231627, 3781815.564598168712109 ], [ 403752.695829094620422, 3781815.259409969672561 ], [ 403752.695829094620422, 3781814.954221770167351 ], [ 403753.001017294009216, 3781814.649033570662141 ], [ 403753.001017294009216, 3781814.343845371156931 ], [ 403753.306205493398011, 3781814.038657172117382 ], [ 403753.306205493398011, 3781813.428280773106962 ], [ 403753.611393692786805, 3781813.123092573601753 ], [ 403753.611393692786805, 3781812.817904374562204 ], [ 403753.9165818921756, 3781812.512716175056994 ], [ 403753.9165818921756, 3781812.207527975551784 ], [ 403754.221770091564395, 3781812.207527975551784 ], [ 403754.526958290953189, 3781811.902339776046574 ], [ 403756.052899287897162, 3781811.902339776046574 ], [ 403756.358087487285957, 3781812.207527975551784 ], [ 403756.663275686674751, 3781812.207527975551784 ], [ 403756.968463886063546, 3781812.512716175056994 ], [ 403757.273652085452341, 3781812.512716175056994 ], [ 403757.578840284841135, 3781812.817904374562204 ], [ 403757.578840284841135, 3781813.123092573601753 ], [ 403757.88402848422993, 3781813.428280773106962 ], [ 403757.88402848422993, 3781814.649033570662141 ], [ 403757.578840284841135, 3781814.954221770167351 ], [ 403757.578840284841135, 3781816.174974567722529 ], [ 403757.273652085452341, 3781816.480162767227739 ], [ 403757.273652085452341, 3781819.532044760882854 ], [ 403756.968463886063546, 3781819.837232960388064 ], [ 403756.968463886063546, 3781824.109867751598358 ], [ 403756.663275686674751, 3781824.415055951103568 ], [ 403756.663275686674751, 3781825.330620549153537 ], [ 403755.137334689730778, 3781825.330620549153537 ] ] ] } },
{ "type": "Feature", "properties": { "confidence": 0.98727893829345703, "class": 1, "regularized": null }, "geometry": { "type": "Polygon", "coordinates": [ [ [ 403662.360122075304389, 3781897.660223804879934 ], [ 403661.444557477138005, 3781896.744659206364304 ], [ 403661.139369277749211, 3781896.744659206364304 ], [ 403661.139369277749211, 3781896.134282807819545 ], [ 403660.528992878913414, 3781895.523906408809125 ], [ 403660.528992878913414, 3781893.387589013203979 ], [ 403660.223804679524619, 3781893.082400813698769 ], [ 403660.223804679524619, 3781892.47202441515401 ], [ 403659.918616480135825, 3781892.1668362156488 ], [ 403659.918616480135825, 3781890.946083418093622 ], [ 403660.834181078360416, 3781890.030518820043653 ], [ 403660.834181078360416, 3781889.725330620538443 ], [ 403661.139369277749211, 3781889.420142421033233 ], [ 403661.444557477138005, 3781889.420142421033233 ], [ 403662.054933875915594, 3781888.809766022488475 ], [ 403662.360122075304389, 3781888.809766022488475 ], [ 403662.665310274693184, 3781888.504577822983265 ], [ 403663.275686673470773, 3781888.504577822983265 ], [ 403663.886063072248362, 3781887.894201424438506 ], [ 403664.191251271637157, 3781887.894201424438506 ], [ 403664.496439471025951, 3781887.589013224933296 ], [ 403664.496439471025951, 3781887.283825025428087 ], [ 403665.412004069192335, 3781887.283825025428087 ], [ 403665.71719226858113, 3781887.589013224933296 ], [ 403666.327568667358719, 3781887.589013224933296 ], [ 403666.327568667358719, 3781887.894201424438506 ], [ 403667.243133265525103, 3781888.809766022488475 ], [ 403667.548321464913897, 3781888.809766022488475 ], [ 403668.158697863691486, 3781889.420142421033233 ], [ 403668.463886063080281, 3781889.420142421033233 ], [ 403668.769074262469076, 3781889.725330620538443 ], [ 403669.379450661246665, 3781889.725330620538443 ], [ 403669.989827060024254, 3781890.335707019548863 ], [ 403670.295015259413049, 3781890.335707019548863 ], [ 403670.600203458801843, 3781890.640895218588412 ], [ 403670.905391658190638, 3781890.640895218588412 ], [ 403671.210579857579432, 3781890.946083418093622 ], [ 403671.515768056968227, 3781890.946083418093622 ], [ 403671.820956256357022, 3781891.251271617598832 ], [ 403671.820956256357022, 3781891.556459817104042 ], [ 403672.126144455745816, 3781891.86164801614359 ], [ 403671.820956256357022, 3781892.1668362156488 ], [ 403671.820956256357022, 3781892.77721261465922 ], [ 403668.769074262469076, 3781895.829094608314335 ], [ 403668.463886063080281, 3781895.829094608314335 ], [ 403667.548321464913897, 3781896.744659206364304 ], [ 403667.243133265525103, 3781896.744659206364304 ], [ 403666.632756866747513, 3781897.355035605374724 ], [ 403666.022380467969924, 3781897.355035605374724 ], [ 403665.71719226858113, 3781897.660223804879934 ], [ 403662.360122075304389, 3781897.660223804879934 ] ] ] } },
{ "type": "Feature", "properties": { "confidence": 0.98520594835281372, "class": 1, "regularized": null }, "geometry": { "type": "Polygon", "coordinates": [ [ [ 403569.277721261430997, 3781881.180061037652194 ], [ 403568.667344862653408, 3781880.569684638641775 ], [ 403568.667344862653408, 3781878.433367243036628 ], [ 403568.972533062042203, 3781878.128179043531418 ], [ 403568.972533062042203, 3781876.297049847431481 ], [ 403568.667344862653408, 3781875.991861647926271 ], [ 403568.667344862653408, 3781874.160732451826334 ], [ 403569.277721261430997, 3781873.550356052815914 ], [ 403569.277721261430997, 3781873.245167853310704 ], [ 403569.888097660208587, 3781873.245167853310704 ], [ 403570.193285859597381, 3781872.939979654271156 ], [ 403571.108850457763765, 3781872.939979654271156 ], [ 403571.719226856541354, 3781872.329603255260736 ], [ 403572.024415055930149, 3781872.329603255260736 ], [ 403572.329603255318943, 3781872.024415055755526 ], [ 403572.329603255318943, 3781871.719226856715977 ], [ 403572.634791454707738, 3781871.414038657210767 ], [ 403572.939979654096533, 3781871.414038657210767 ], [ 403573.245167853485327, 3781871.108850457705557 ], [ 403575.991861648042686, 3781871.108850457705557 ], [ 403576.297049847431481, 3781870.803662258200347 ], [ 403577.822990844375454, 3781870.803662258200347 ], [ 403577.822990844375454, 3781871.108850457705557 ], [ 403578.128179043764248, 3781871.414038657210767 ], [ 403578.128179043764248, 3781873.245167853310704 ], [ 403577.822990844375454, 3781873.550356052815914 ], [ 403577.822990844375454, 3781873.855544252321124 ], [ 403577.212614445597865, 3781874.465920650865883 ], [ 403577.212614445597865, 3781874.771108850371093 ], [ 403576.90742624620907, 3781874.771108850371093 ], [ 403575.076297049876302, 3781876.602238046936691 ], [ 403575.076297049876302, 3781876.907426245976239 ], [ 403574.465920651040506, 3781877.517802644986659 ], [ 403574.465920651040506, 3781877.822990844491869 ], [ 403573.855544252262916, 3781878.433367243036628 ], [ 403573.855544252262916, 3781879.043743642047048 ], [ 403573.550356052874122, 3781879.348931841086596 ], [ 403573.550356052874122, 3781879.654120040591806 ], [ 403572.329603255318943, 3781880.874872838146985 ], [ 403571.719226856541354, 3781880.874872838146985 ], [ 403571.41403865715256, 3781881.180061037652194 ], [ 403569.277721261430997, 3781881.180061037652194 ] ] ] } },
{ "type": "Feature", "properties": { "confidence": 0.98241984844207764, "class": 1, "regularized": null }, "geometry": { "type": "Polygon", "coordinates": [ [ [ 403315.666327568644192, 3782279.450661241076887 ], [ 403315.361139369255397, 3782279.145473041571677 ], [ 403314.750762970477808, 3782279.145473041571677 ], [ 403314.445574771089014, 3782278.840284842532128 ], [ 403314.140386571700219, 3782278.840284842532128 ], [ 403313.835198372311424, 3782278.535096643026918 ], [ 403313.835198372311424, 3782278.229908443521708 ], [ 403313.53001017292263, 3782277.924720244016498 ], [ 403313.53001017292263, 3782275.178026449866593 ], [ 403313.835198372311424, 3782274.872838250361383 ], [ 403313.835198372311424, 3782274.262461851350963 ], [ 403314.140386571700219, 3782273.957273652311414 ], [ 403314.445574771089014, 3782273.957273652311414 ], [ 403315.361139369255397, 3782273.041709053795785 ], [ 403316.581892166810576, 3782273.041709053795785 ], [ 403316.88708036619937, 3782272.736520854756236 ], [ 403317.192268565588165, 3782273.041709053795785 ], [ 403317.49745676497696, 3782273.041709053795785 ], [ 403317.49745676497696, 3782273.652085452806205 ], [ 403317.802644964365754, 3782273.957273652311414 ], [ 403317.802644964365754, 3782274.872838250361383 ], [ 403318.107833163812757, 3782275.178026449866593 ], [ 403318.107833163812757, 3782278.229908443521708 ], [ 403317.802644964365754, 3782278.535096643026918 ], [ 403317.802644964365754, 3782278.840284842532128 ], [ 403317.192268565588165, 3782279.450661241076887 ], [ 403315.666327568644192, 3782279.450661241076887 ] ] ] } },
{ "type": "Feature", "properties": { "confidence": 0.97913509607315063, "class": 1, "regularized": null }, "geometry": { "type": "Polygon", "coordinates": [ [ [ 403724.923702950123698, 3781931.230925737414509 ], [ 403724.923702950123698, 3781930.92573753837496 ], [ 403723.397761953179725, 3781929.399796541314572 ], [ 403723.397761953179725, 3781928.789420142304152 ], [ 403723.09257375379093, 3781928.484231942798942 ], [ 403723.09257375379093, 3781927.873855544254184 ], [ 403722.787385554402135, 3781927.568667344748974 ], [ 403722.787385554402135, 3781925.737538148649037 ], [ 403723.397761953179725, 3781925.127161749638617 ], [ 403723.702950152568519, 3781925.127161749638617 ], [ 403724.923702950123698, 3781923.906408952083439 ], [ 403725.2288911495707, 3781923.906408952083439 ], [ 403725.534079348959494, 3781923.601220752578229 ], [ 403727.060020345903467, 3781923.601220752578229 ], [ 403727.975584944069851, 3781924.516785351093858 ], [ 403727.975584944069851, 3781924.821973550133407 ], [ 403728.58596134284744, 3781925.432349949143827 ], [ 403728.58596134284744, 3781925.737538148649037 ], [ 403729.19633774162503, 3781926.347914547193795 ], [ 403729.19633774162503, 3781926.653102746699005 ], [ 403729.501525941013824, 3781926.958290946204215 ], [ 403729.501525941013824, 3781927.263479145243764 ], [ 403729.806714140402619, 3781927.568667344748974 ], [ 403729.806714140402619, 3781929.094608341809362 ], [ 403729.501525941013824, 3781929.399796541314572 ], [ 403729.501525941013824, 3781930.62054933886975 ], [ 403729.19633774162503, 3781930.92573753837496 ], [ 403729.19633774162503, 3781931.230925737414509 ], [ 403724.923702950123698, 3781931.230925737414509 ] ] ] } },
{ "type": "Feature", "properties": { "confidence": 0.97367143630981445, "class": 1, "regularized": null }, "geometry": { "type": "Polygon", "coordinates": [ [ [ 403668.769074262469076, 3781896.134282807819545 ], [ 403668.769074262469076, 3781889.114954221993685 ], [ 403669.07426246185787, 3781889.114954221993685 ], [ 403669.684638860635459, 3781889.725330620538443 ], [ 403670.905391658190638, 3781889.725330620538443 ], [ 403672.126144455745816, 3781890.946083418093622 ], [ 403672.736520854523405, 3781890.946083418093622 ], [ 403673.0417090539122, 3781891.251271617598832 ], [ 403673.0417090539122, 3781891.86164801614359 ], [ 403673.346897253300995, 3781892.1668362156488 ], [ 403673.346897253300995, 3781892.47202441515401 ], [ 403673.0417090539122, 3781892.77721261465922 ], [ 403672.736520854523405, 3781892.77721261465922 ], [ 403672.126144455745816, 3781893.387589013203979 ], [ 403671.820956256357022, 3781893.387589013203979 ], [ 403669.684638860635459, 3781895.523906408809125 ], [ 403669.379450661246665, 3781895.523906408809125 ], [ 403669.07426246185787, 3781895.829094608314335 ], [ 403669.07426246185787, 3781896.134282807819545 ], [ 403668.769074262469076, 3781896.134282807819545 ] ] ] } },
{ "type": "Feature", "properties": { "confidence": 0.97144001722335815, "class": 1, "regularized": null }, "geometry": { "type": "Polygon", "coordinates": [ [ [ 403643.743641912529711, 3781918.718209562357515 ], [ 403643.743641912529711, 3781904.679552390705794 ], [ 403644.3540183113073, 3781904.679552390705794 ], [ 403644.964394710084889, 3781905.289928789250553 ], [ 403644.964394710084889, 3781905.595116988755763 ], [ 403645.574771108862478, 3781906.205493387766182 ], [ 403645.574771108862478, 3781906.510681586805731 ], [ 403645.879959308251273, 3781906.815869786310941 ], [ 403645.879959308251273, 3781907.121057985816151 ], [ 403646.185147507640067, 3781907.426246185321361 ], [ 403646.185147507640067, 3781907.731434384360909 ], [ 403646.795523906417657, 3781908.341810783371329 ], [ 403646.795523906417657, 3781908.646998982876539 ], [ 403647.71108850458404, 3781909.562563580926508 ], [ 403647.71108850458404, 3781909.867751780431718 ], [ 403648.016276703972835, 3781910.172939979471266 ], [ 403648.016276703972835, 3781910.783316378481686 ], [ 403648.32146490336163, 3781911.088504577986896 ], [ 403648.32146490336163, 3781911.393692777026445 ], [ 403648.626653102750424, 3781911.698880976531655 ], [ 403648.626653102750424, 3781912.004069176036865 ], [ 403648.931841302139219, 3781912.309257375542074 ], [ 403648.931841302139219, 3781912.614445574581623 ], [ 403649.237029501528013, 3781912.919633774086833 ], [ 403649.237029501528013, 3781913.530010173097253 ], [ 403649.542217700916808, 3781913.835198372136801 ], [ 403649.542217700916808, 3781916.581892166752368 ], [ 403649.237029501528013, 3781916.887080366257578 ], [ 403648.931841302139219, 3781916.887080366257578 ], [ 403648.626653102750424, 3781917.192268565762788 ], [ 403648.016276703972835, 3781917.192268565762788 ], [ 403647.71108850458404, 3781917.497456764802337 ], [ 403647.405900305195246, 3781917.497456764802337 ], [ 403647.100712105806451, 3781917.802644964307547 ], [ 403646.795523906417657, 3781917.802644964307547 ], [ 403646.490335707028862, 3781918.107833163812757 ], [ 403645.574771108862478, 3781918.107833163812757 ], [ 403645.269582909473684, 3781918.413021363317966 ], [ 403644.964394710084889, 3781918.413021363317966 ], [ 403644.659206510696094, 3781918.718209562357515 ], [ 403643.743641912529711, 3781918.718209562357515 ] ] ] } },
{ "type": "Feature", "properties": { "confidence": 0.95656365156173706, "class": 1, "regularized": null }, "geometry": { "type": "Polygon", "coordinates": [ [ [ 403588.19938962359447, 3781878.433367243036628 ], [ 403587.589013224816881, 3781877.822990844491869 ], [ 403587.589013224816881, 3781875.686673448421061 ], [ 403587.283825025428087, 3781875.381485249381512 ], [ 403587.283825025428087, 3781875.076297049876302 ], [ 403586.978636826039292, 3781874.771108850371093 ], [ 403586.978636826039292, 3781873.550356052815914 ], [ 403587.283825025428087, 3781873.245167853310704 ], [ 403587.283825025428087, 3781872.939979654271156 ], [ 403587.589013224816881, 3781872.634791454765946 ], [ 403587.589013224816881, 3781872.329603255260736 ], [ 403587.894201424205676, 3781872.024415055755526 ], [ 403588.19938962359447, 3781872.024415055755526 ], [ 403588.504577822983265, 3781871.719226856715977 ], [ 403588.80976602237206, 3781871.719226856715977 ], [ 403589.114954221760854, 3781872.024415055755526 ], [ 403590.030518819927238, 3781872.024415055755526 ], [ 403590.335707019316033, 3781872.329603255260736 ], [ 403592.1668362156488, 3781872.329603255260736 ], [ 403592.472024415037595, 3781872.024415055755526 ], [ 403592.777212614426389, 3781872.024415055755526 ], [ 403593.082400813815184, 3781872.329603255260736 ], [ 403593.387589013203979, 3781872.329603255260736 ], [ 403593.692777212592773, 3781872.634791454765946 ], [ 403593.692777212592773, 3781872.939979654271156 ], [ 403593.997965411981568, 3781873.245167853310704 ], [ 403593.997965411981568, 3781875.076297049876302 ], [ 403593.692777212592773, 3781875.381485249381512 ], [ 403593.692777212592773, 3781875.686673448421061 ], [ 403593.387589013203979, 3781875.686673448421061 ], [ 403592.472024415037595, 3781876.602238046936691 ], [ 403590.946083418093622, 3781876.602238046936691 ], [ 403590.030518819927238, 3781877.517802644986659 ], [ 403590.030518819927238, 3781877.822990844491869 ], [ 403589.420142421149649, 3781878.433367243036628 ], [ 403588.19938962359447, 3781878.433367243036628 ] ] ] } },
{ "type": "Feature", "properties": { "confidence": 0.95631331205368042, "class": 1, "regularized": null }, "geometry": { "type": "Polygon", "coordinates": [ [ [ 403631.841302136308514, 3781884.53713123081252 ], [ 403631.536113936919719, 3781884.23194303130731 ], [ 403630.620549338753335, 3781884.23194303130731 ], [ 403630.315361139364541, 3781883.926754832267761 ], [ 403630.010172939975746, 3781883.926754832267761 ], [ 403629.704984740586951, 3781883.621566632762551 ], [ 403629.399796541198157, 3781883.621566632762551 ], [ 403629.094608341809362, 3781883.316378433257341 ], [ 403629.094608341809362, 3781879.043743642047048 ], [ 403629.399796541198157, 3781878.738555442541838 ], [ 403629.399796541198157, 3781878.433367243036628 ], [ 403629.704984740586951, 3781878.128179043531418 ], [ 403629.704984740586951, 3781877.822990844491869 ], [ 403631.230925737530924, 3781876.297049847431481 ], [ 403631.230925737530924, 3781875.991861647926271 ], [ 403631.536113936919719, 3781875.686673448421061 ], [ 403631.536113936919719, 3781875.076297049876302 ], [ 403631.841302136308514, 3781874.771108850371093 ], [ 403634.587995930807665, 3781874.771108850371093 ], [ 403634.89318413019646, 3781875.076297049876302 ], [ 403635.198372329585254, 3781875.076297049876302 ], [ 403635.808748728362843, 3781875.686673448421061 ], [ 403636.419125127140433, 3781875.686673448421061 ], [ 403636.419125127140433, 3781875.991861647926271 ], [ 403636.724313326529227, 3781876.297049847431481 ], [ 403636.724313326529227, 3781879.348931841086596 ], [ 403636.419125127140433, 3781879.654120040591806 ], [ 403636.419125127140433, 3781882.400813835207373 ], [ 403636.113936927751638, 3781882.706002034712583 ], [ 403636.113936927751638, 3781884.23194303130731 ], [ 403635.808748728362843, 3781884.53713123081252 ], [ 403631.841302136308514, 3781884.53713123081252 ] ] ] } },
{ "type": "Feature", "properties": { "confidence": 0.95490854978561401, "class": 1, "regularized": null }, "geometry": { "type": "Polygon", "coordinates": [ [ [ 403514.343845371331554, 3782264.191251271404326 ], [ 403514.038657171942759, 3782263.886063072364777 ], [ 403510.986775178054813, 3782263.886063072364777 ], [ 403510.681586978607811, 3782263.580874872859567 ], [ 403510.376398779219016, 3782263.580874872859567 ], [ 403510.071210579830222, 3782263.275686673354357 ], [ 403510.071210579830222, 3782262.970498473849148 ], [ 403509.766022380441427, 3782262.665310274809599 ], [ 403509.766022380441427, 3782262.360122075304389 ], [ 403509.460834181052633, 3782262.054933875799179 ], [ 403509.460834181052633, 3782261.444557477254421 ], [ 403508.850457782275043, 3782260.834181078244001 ], [ 403508.850457782275043, 3782260.528992878738791 ], [ 403508.545269582886249, 3782260.223804679699242 ], [ 403508.545269582886249, 3782259.308240081183612 ], [ 403508.240081383497454, 3782259.003051882144064 ], [ 403508.240081383497454, 3782257.171922685578465 ], [ 403508.545269582886249, 3782256.866734486073256 ], [ 403508.545269582886249, 3782256.561546287033707 ], [ 403508.850457782275043, 3782256.256358087528497 ], [ 403509.155645981663838, 3782256.256358087528497 ], [ 403509.460834181052633, 3782255.951169888023287 ], [ 403509.766022380441427, 3782255.951169888023287 ], [ 403510.071210579830222, 3782255.645981688518077 ], [ 403510.986775178054813, 3782255.645981688518077 ], [ 403511.291963377443608, 3782255.340793489478528 ], [ 403516.174974567664322, 3782255.340793489478528 ], [ 403516.480162767053116, 3782255.645981688518077 ], [ 403516.480162767053116, 3782258.697863682638854 ], [ 403516.785350966441911, 3782259.003051882144064 ], [ 403516.785350966441911, 3782260.223804679699242 ], [ 403517.090539165830705, 3782260.528992878738791 ], [ 403517.090539165830705, 3782261.444557477254421 ], [ 403517.3957273652195, 3782261.749745676293969 ], [ 403517.3957273652195, 3782262.665310274809599 ], [ 403517.090539165830705, 3782262.665310274809599 ], [ 403516.174974567664322, 3782263.580874872859567 ], [ 403515.564598168886732, 3782263.580874872859567 ], [ 403514.954221770109143, 3782264.191251271404326 ], [ 403514.343845371331554, 3782264.191251271404326 ] ] ] } },
{ "type": "Feature", "properties": { "confidence": 0.93713486194610596, "class": 1, "regularized": null }, "geometry": { "type": "Polygon", "coordinates": [ [ [ 403435.605289928789716, 3782122.88911495404318 ], [ 403435.300101729400922, 3782122.583926755003631 ], [ 403434.994913530012127, 3782122.583926755003631 ], [ 403434.689725330623332, 3782122.278738555498421 ], [ 403434.384537131234538, 3782122.278738555498421 ], [ 403434.384537131234538, 3782118.921668362338096 ], [ 403435.300101729400922, 3782118.921668362338096 ], [ 403435.605289928789716, 3782118.616480162832886 ], [ 403436.5208545269561, 3782118.616480162832886 ], [ 403437.436419125122484, 3782117.700915564782917 ], [ 403437.741607324511278, 3782118.006103763822466 ], [ 403437.741607324511278, 3782119.532044760882854 ], [ 403437.436419125122484, 3782119.837232960388064 ], [ 403437.436419125122484, 3782120.142421159893274 ], [ 403437.131230925733689, 3782120.447609358932823 ], [ 403437.131230925733689, 3782120.752797558438033 ], [ 403436.826042726344895, 3782121.057985757943243 ], [ 403436.826042726344895, 3782121.363173957448453 ], [ 403436.5208545269561, 3782121.668362156488001 ], [ 403436.5208545269561, 3782122.583926755003631 ], [ 403436.215666327567305, 3782122.88911495404318 ], [ 403435.605289928789716, 3782122.88911495404318 ] ] ] } },
{ "type": "Feature", "properties": { "confidence": 0.93683886528015137, "class": 1, "regularized": null }, "geometry": { "type": "Polygon", "coordinates": [ [ [ 403709.359104781295173, 3781907.121057985816151 ], [ 403709.053916581906378, 3781906.815869786310941 ], [ 403708.748728382517584, 3781906.815869786310941 ], [ 403706.917599186184816, 3781904.984740590211004 ], [ 403706.917599186184816, 3781904.374364191200584 ], [ 403707.527975584962405, 3781903.763987792655826 ], [ 403708.138351983739994, 3781903.763987792655826 ], [ 403708.443540183128789, 3781903.458799593150616 ], [ 403708.748728382517584, 3781903.458799593150616 ], [ 403709.053916581906378, 3781903.153611393645406 ], [ 403711.19023397762794, 3781903.153611393645406 ], [ 403711.495422177016735, 3781903.458799593150616 ], [ 403711.80061037640553, 3781903.458799593150616 ], [ 403712.105798575794324, 3781903.763987792655826 ], [ 403712.410986775183119, 3781903.763987792655826 ], [ 403712.716174974571913, 3781904.069175991695374 ], [ 403713.021363173960708, 3781904.069175991695374 ], [ 403713.326551373349503, 3781904.374364191200584 ], [ 403713.631739572738297, 3781904.374364191200584 ], [ 403713.936927772127092, 3781904.679552390705794 ], [ 403714.242115971515886, 3781904.679552390705794 ], [ 403714.547304170904681, 3781904.984740590211004 ], [ 403714.547304170904681, 3781906.205493387766182 ], [ 403713.936927772127092, 3781906.815869786310941 ], [ 403713.021363173960708, 3781906.815869786310941 ], [ 403712.716174974571913, 3781907.121057985816151 ], [ 403709.359104781295173, 3781907.121057985816151 ] ] ] } },
{ "type": "Feature", "properties": { "confidence": 0.93673133850097656, "class": 1, "regularized": null }, "geometry": { "type": "Polygon", "coordinates": [ [ [ 403268.667344862653408, 3781927.568667344748974 ], [ 403268.362156663264614, 3781927.263479145243764 ], [ 403267.751780264487024, 3781927.263479145243764 ], [ 403267.44659206509823, 3781926.958290946204215 ], [ 403267.141403865709435, 3781926.958290946204215 ], [ 403265.615462868765462, 3781925.432349949143827 ], [ 403265.615462868765462, 3781924.516785351093858 ], [ 403265.920651068154257, 3781924.211597151588649 ], [ 403265.920651068154257, 3781923.906408952083439 ], [ 403266.225839267543051, 3781923.601220752578229 ], [ 403266.225839267543051, 3781923.29603255353868 ], [ 403266.531027466931846, 3781922.99084435403347 ], [ 403266.531027466931846, 3781922.68565615452826 ], [ 403266.836215666320641, 3781922.38046795502305 ], [ 403266.836215666320641, 3781922.075279755983502 ], [ 403267.44659206509823, 3781921.464903356973082 ], [ 403267.44659206509823, 3781920.244150559417903 ], [ 403267.751780264487024, 3781920.244150559417903 ], [ 403268.056968463875819, 3781919.938962359912694 ], [ 403268.667344862653408, 3781919.938962359912694 ], [ 403268.972533062042203, 3781920.244150559417903 ], [ 403272.024415055930149, 3781920.244150559417903 ], [ 403272.024415055930149, 3781920.549338758923113 ], [ 403272.329603255318943, 3781920.854526958428323 ], [ 403272.329603255318943, 3781922.68565615452826 ], [ 403272.024415055930149, 3781922.99084435403347 ], [ 403272.024415055930149, 3781923.601220752578229 ], [ 403270.80366225837497, 3781924.821973550133407 ], [ 403270.80366225837497, 3781925.127161749638617 ], [ 403270.498474058986176, 3781925.432349949143827 ], [ 403270.498474058986176, 3781926.653102746699005 ], [ 403269.582909460819792, 3781927.568667344748974 ], [ 403268.667344862653408, 3781927.568667344748974 ] ] ] } },
{ "type": "Feature", "properties": { "confidence": 0.92974948883056641, "class": 1, "regularized": null }, "geometry": { "type": "Polygon", "coordinates": [ [ [ 403588.80976602237206, 3781879.043743642047048 ], [ 403588.504577822983265, 3781878.738555442541838 ], [ 403588.19938962359447, 3781878.738555442541838 ], [ 403587.589013224816881, 3781878.128179043531418 ], [ 403587.589013224816881, 3781877.822990844491869 ], [ 403587.283825025428087, 3781877.517802644986659 ], [ 403587.283825025428087, 3781876.907426245976239 ], [ 403586.978636826039292, 3781876.602238046936691 ], [ 403586.978636826039292, 3781873.245167853310704 ], [ 403587.589013224816881, 3781872.634791454765946 ], [ 403587.589013224816881, 3781872.329603255260736 ], [ 403588.19938962359447, 3781871.719226856715977 ], [ 403588.19938962359447, 3781871.414038657210767 ], [ 403588.504577822983265, 3781871.108850457705557 ], [ 403590.335707019316033, 3781871.108850457705557 ], [ 403590.335707019316033, 3781879.043743642047048 ], [ 403588.80976602237206, 3781879.043743642047048 ] ] ] } },
{ "type": "Feature", "properties": { "confidence": 0.92824864387512207, "class": 1, "regularized": null }, "geometry": { "type": "Polygon", "coordinates": [ [ [ 403773.143438453727867, 3782320.345879959408194 ], [ 403772.838250254339073, 3782320.040691759902984 ], [ 403773.143438453727867, 3782319.735503560397774 ], [ 403773.143438453727867, 3782318.209562563803047 ], [ 403773.448626653116662, 3782317.904374364297837 ], [ 403773.448626653116662, 3782317.599186164792627 ], [ 403773.753814852505457, 3782317.293997965287417 ], [ 403774.059003051894251, 3782317.293997965287417 ], [ 403775.27975584944943, 3782316.073245167732239 ], [ 403775.584944048838224, 3782316.073245167732239 ], [ 403776.195320447615813, 3782315.46286876918748 ], [ 403776.805696846393403, 3782315.46286876918748 ], [ 403777.110885045782197, 3782315.76805696869269 ], [ 403777.110885045782197, 3782316.683621566742659 ], [ 403777.416073245170992, 3782316.988809766247869 ], [ 403777.416073245170992, 3782317.293997965287417 ], [ 403777.721261444559786, 3782317.599186164792627 ], [ 403777.721261444559786, 3782318.209562563803047 ], [ 403778.026449643948581, 3782318.514750762842596 ], [ 403777.110885045782197, 3782319.430315361358225 ], [ 403776.805696846393403, 3782319.430315361358225 ], [ 403776.500508647004608, 3782319.735503560397774 ], [ 403776.195320447615813, 3782319.735503560397774 ], [ 403775.890132248227019, 3782320.040691759902984 ], [ 403775.27975584944943, 3782320.040691759902984 ], [ 403774.974567650060635, 3782320.345879959408194 ], [ 403773.143438453727867, 3782320.345879959408194 ] ] ] } },
{ "type": "Feature", "properties": { "confidence": 0.91698610782623291, "class": 1, "regularized": null }, "geometry": { "type": "Polygon", "coordinates": [ [ [ 403737.131230925733689, 3781912.004069176036865 ], [ 403736.826042726344895, 3781911.698880976531655 ], [ 403736.5208545269561, 3781911.698880976531655 ], [ 403735.910478128178511, 3781911.088504577986896 ], [ 403735.910478128178511, 3781910.783316378481686 ], [ 403735.605289928789716, 3781910.478128178976476 ], [ 403735.605289928789716, 3781909.867751780431718 ], [ 403735.300101729400922, 3781909.562563580926508 ], [ 403735.300101729400922, 3781907.121057985816151 ], [ 403734.994913530012127, 3781906.815869786310941 ], [ 403734.994913530012127, 3781906.205493387766182 ], [ 403734.689725330623332, 3781905.900305188260972 ], [ 403734.689725330623332, 3781903.458799593150616 ], [ 403734.384537131234538, 3781903.153611393645406 ], [ 403734.384537131234538, 3781901.017293998040259 ], [ 403734.689725330623332, 3781901.017293998040259 ], [ 403734.994913530012127, 3781900.712105798535049 ], [ 403739.267548321455251, 3781900.712105798535049 ], [ 403739.572736520844046, 3781900.406917599029839 ], [ 403740.48830111901043, 3781900.406917599029839 ], [ 403741.403865717176814, 3781901.322482197545469 ], [ 403741.403865717176814, 3781902.238046795595437 ], [ 403741.098677517788019, 3781902.543234995100647 ], [ 403741.098677517788019, 3781904.374364191200584 ], [ 403740.183112919621635, 3781905.289928789250553 ], [ 403740.183112919621635, 3781905.900305188260972 ], [ 403740.48830111901043, 3781906.205493387766182 ], [ 403740.793489318399224, 3781906.205493387766182 ], [ 403740.793489318399224, 3781906.815869786310941 ], [ 403741.098677517788019, 3781907.121057985816151 ], [ 403741.709053916565608, 3781907.121057985816151 ], [ 403741.709053916565608, 3781907.426246185321361 ], [ 403742.014242115954403, 3781907.731434384360909 ], [ 403742.014242115954403, 3781908.646998982876539 ], [ 403742.319430315343197, 3781908.952187181916088 ], [ 403742.319430315343197, 3781909.562563580926508 ], [ 403742.624618514731992, 3781909.867751780431718 ], [ 403742.624618514731992, 3781910.783316378481686 ], [ 403742.319430315343197, 3781910.783316378481686 ], [ 403742.014242115954403, 3781911.088504577986896 ], [ 403741.709053916565608, 3781911.088504577986896 ], [ 403741.403865717176814, 3781911.393692777026445 ], [ 403741.098677517788019, 3781911.393692777026445 ], [ 403740.793489318399224, 3781911.698880976531655 ], [ 403740.183112919621635, 3781911.698880976531655 ], [ 403739.877924720232841, 3781912.004069176036865 ], [ 403737.131230925733689, 3781912.004069176036865 ] ] ] } },
{ "type": "Feature", "properties": { "confidence": 0.91171544790267944, "class": 1, "regularized": null }, "geometry": { "type": "Polygon", "coordinates": [ [ [ 403678.535096642910503, 3781924.211597151588649 ], [ 403678.229908443521708, 3781923.906408952083439 ], [ 403677.924720244132914, 3781923.906408952083439 ], [ 403677.314343845355324, 3781923.29603255353868 ], [ 403677.314343845355324, 3781920.549338758923113 ], [ 403676.703967446577735, 3781919.938962359912694 ], [ 403676.703967446577735, 3781919.633774160873145 ], [ 403676.093591047800146, 3781919.023397761862725 ], [ 403676.093591047800146, 3781918.718209562357515 ], [ 403675.483214649022557, 3781918.107833163812757 ], [ 403675.483214649022557, 3781917.802644964307547 ], [ 403675.178026449633762, 3781917.497456764802337 ], [ 403675.178026449633762, 3781917.192268565762788 ], [ 403674.872838250244968, 3781916.887080366257578 ], [ 403674.872838250244968, 3781915.36113936919719 ], [ 403675.178026449633762, 3781915.05595116969198 ], [ 403675.483214649022557, 3781915.05595116969198 ], [ 403675.788402848411351, 3781914.750762970652431 ], [ 403676.398779247188941, 3781914.750762970652431 ], [ 403676.703967446577735, 3781914.445574771147221 ], [ 403678.229908443521708, 3781914.445574771147221 ], [ 403678.535096642910503, 3781914.750762970652431 ], [ 403678.840284842299297, 3781914.750762970652431 ], [ 403679.755849440465681, 3781915.6663275687024 ], [ 403680.97660223802086, 3781915.6663275687024 ], [ 403681.281790437409654, 3781915.36113936919719 ], [ 403683.418107833189424, 3781915.36113936919719 ], [ 403684.638860630744603, 3781916.581892166752368 ], [ 403684.944048830133397, 3781916.581892166752368 ], [ 403685.249237029522192, 3781916.887080366257578 ], [ 403685.249237029522192, 3781917.192268565762788 ], [ 403685.554425228910986, 3781917.497456764802337 ], [ 403685.554425228910986, 3781918.413021363317966 ], [ 403684.944048830133397, 3781919.023397761862725 ], [ 403684.944048830133397, 3781919.328585961367935 ], [ 403683.723296032578219, 3781920.549338758923113 ], [ 403683.723296032578219, 3781920.854526958428323 ], [ 403682.807731434411835, 3781921.770091556478292 ], [ 403682.807731434411835, 3781922.075279755983502 ], [ 403681.892166836187243, 3781922.99084435403347 ], [ 403681.586978636798449, 3781922.99084435403347 ], [ 403680.97660223802086, 3781923.601220752578229 ], [ 403680.671414038632065, 3781923.601220752578229 ], [ 403680.36622583924327, 3781923.906408952083439 ], [ 403679.755849440465681, 3781923.906408952083439 ], [ 403679.450661241076887, 3781924.211597151588649 ], [ 403678.535096642910503, 3781924.211597151588649 ] ] ] } },
{ "type": "Feature", "properties": { "confidence": 0.89739853143692017, "class": 1, "regularized": null }, "geometry": { "type": "Polygon", "coordinates": [ [ [ 403463.377416073228233, 3782248.016276704147458 ], [ 403463.072227873839438, 3782247.711088504642248 ], [ 403462.461851475061849, 3782247.711088504642248 ], [ 403461.85147507628426, 3782247.100712105631828 ], [ 403461.546286876895465, 3782247.100712105631828 ], [ 403460.935910478117876, 3782246.49033570708707 ], [ 403460.630722278729081, 3782246.49033570708707 ], [ 403460.020345879951492, 3782245.87995930807665 ], [ 403459.715157680562697, 3782245.87995930807665 ], [ 403458.799593082396314, 3782244.964394710026681 ], [ 403458.799593082396314, 3782244.048830111976713 ], [ 403467.650050864671357, 3782244.048830111976713 ], [ 403467.650050864671357, 3782244.964394710026681 ], [ 403466.734486266504973, 3782245.87995930807665 ], [ 403466.429298067116179, 3782245.87995930807665 ], [ 403466.124109867727384, 3782246.18514750758186 ], [ 403465.513733468949795, 3782246.18514750758186 ], [ 403463.987792472005822, 3782247.711088504642248 ], [ 403463.682604272617027, 3782247.711088504642248 ], [ 403463.377416073228233, 3782248.016276704147458 ] ] ] } },
{ "type": "Feature", "properties": { "confidence": 0.89081889390945435, "class": 1, "regularized": null }, "geometry": { "type": "Polygon", "coordinates": [ [ [ 403504.577822990831919, 3782246.79552390659228 ], [ 403504.272634791443124, 3782246.49033570708707 ], [ 403503.662258392665535, 3782246.49033570708707 ], [ 403502.746693794499151, 3782245.574771109037101 ], [ 403502.746693794499151, 3782245.269582909531891 ], [ 403502.136317395721562, 3782244.659206510521472 ], [ 403502.136317395721562, 3782244.048830111976713 ], [ 403509.766022380441427, 3782244.048830111976713 ], [ 403509.766022380441427, 3782244.354018311481923 ], [ 403509.460834181052633, 3782244.659206510521472 ], [ 403509.460834181052633, 3782244.964394710026681 ], [ 403508.240081383497454, 3782246.18514750758186 ], [ 403507.93489318410866, 3782246.18514750758186 ], [ 403507.629704984719865, 3782246.49033570708707 ], [ 403505.493387588998303, 3782246.49033570708707 ], [ 403505.188199389609508, 3782246.79552390659228 ], [ 403504.577822990831919, 3782246.79552390659228 ] ] ] } },
{ "type": "Feature", "properties": { "confidence": 0.86080992221832275, "class": 1, "regularized": null }, "geometry": { "type": "Polygon", "coordinates": [ [ [ 403333.672431332641281, 3782315.76805696869269 ], [ 403333.062054933863692, 3782315.15768056968227 ], [ 403333.062054933863692, 3782313.631739572621882 ], [ 403333.367243133252487, 3782313.326551373116672 ], [ 403333.367243133252487, 3782312.716174974571913 ], [ 403333.672431332641281, 3782312.410986775066704 ], [ 403333.672431332641281, 3782312.105798575561494 ], [ 403333.977619532030076, 3782311.800610376521945 ], [ 403333.977619532030076, 3782309.664292980451137 ], [ 403334.28280773141887, 3782309.664292980451137 ], [ 403334.587995930807665, 3782309.359104781411588 ], [ 403334.89318413019646, 3782309.359104781411588 ], [ 403335.198372329585254, 3782309.053916581906378 ], [ 403337.639877924695611, 3782309.053916581906378 ], [ 403337.945066124084406, 3782308.748728382401168 ], [ 403338.2502543234732, 3782308.748728382401168 ], [ 403339.776195320475381, 3782307.22278738534078 ], [ 403340.081383519864175, 3782307.22278738534078 ], [ 403340.38657171925297, 3782306.917599186301231 ], [ 403341.302136317419354, 3782306.917599186301231 ], [ 403341.302136317419354, 3782307.8331637843512 ], [ 403341.607324516808148, 3782308.13835198385641 ], [ 403341.302136317419354, 3782308.443540182895958 ], [ 403341.302136317419354, 3782309.359104781411588 ], [ 403340.996948118030559, 3782309.664292980451137 ], [ 403340.996948118030559, 3782309.969481179956347 ], [ 403340.691759918641765, 3782309.969481179956347 ], [ 403340.38657171925297, 3782310.274669379461557 ], [ 403340.38657171925297, 3782310.579857578966767 ], [ 403340.081383519864175, 3782310.579857578966767 ], [ 403337.945066124084406, 3782312.716174974571913 ], [ 403337.945066124084406, 3782313.021363174077123 ], [ 403337.334689725306816, 3782313.631739572621882 ], [ 403337.334689725306816, 3782313.936927772127092 ], [ 403337.029501525918022, 3782314.242115971632302 ], [ 403337.029501525918022, 3782314.547304171137512 ], [ 403336.419125127140433, 3782315.15768056968227 ], [ 403336.113936927751638, 3782315.15768056968227 ], [ 403335.808748728362843, 3782315.46286876918748 ], [ 403335.198372329585254, 3782315.46286876918748 ], [ 403334.89318413019646, 3782315.76805696869269 ], [ 403333.672431332641281, 3782315.76805696869269 ] ] ] } },
{ "type": "Feature", "properties": { "confidence": 0.85640764236450195, "class": 1, "regularized": null }, "geometry": { "type": "Polygon", "coordinates": [ [ [ 403715.768056968459859, 3781997.761953204404563 ], [ 403715.462868769071065, 3781997.456765004899353 ], [ 403714.547304170904681, 3781997.456765004899353 ], [ 403714.242115971515886, 3781997.151576805859804 ], [ 403713.631739572738297, 3781997.151576805859804 ], [ 403713.326551373349503, 3781996.846388606354594 ], [ 403712.716174974571913, 3781996.846388606354594 ], [ 403712.410986775183119, 3781996.541200406849384 ], [ 403711.80061037640553, 3781996.541200406849384 ], [ 403711.495422177016735, 3781996.236012207344174 ], [ 403711.19023397762794, 3781996.236012207344174 ], [ 403710.885045778239146, 3781995.930824008304626 ], [ 403710.885045778239146, 3781995.320447609294206 ], [ 403710.579857578850351, 3781995.015259409788996 ], [ 403710.579857578850351, 3781993.794506612233818 ], [ 403710.885045778239146, 3781993.489318413194269 ], [ 403710.885045778239146, 3781993.184130213689059 ], [ 403711.19023397762794, 3781993.184130213689059 ], [ 403711.495422177016735, 3781992.878942014183849 ], [ 403711.495422177016735, 3781992.268565615639091 ], [ 403711.80061037640553, 3781991.963377416133881 ], [ 403711.80061037640553, 3781991.658189216628671 ], [ 403712.105798575794324, 3781991.353001017123461 ], [ 403712.105798575794324, 3781991.047812818083912 ], [ 403712.410986775183119, 3781991.047812818083912 ], [ 403713.021363173960708, 3781990.437436419073492 ], [ 403715.15768056968227, 3781990.437436419073492 ], [ 403715.462868769071065, 3781990.132248219568282 ], [ 403717.293997965403832, 3781990.132248219568282 ], [ 403717.599186164792627, 3781990.437436419073492 ], [ 403718.514750762959011, 3781990.437436419073492 ], [ 403718.819938962347806, 3781990.742624618578702 ], [ 403718.819938962347806, 3781991.353001017123461 ], [ 403719.1251271617366, 3781991.658189216628671 ], [ 403719.1251271617366, 3781995.015259409788996 ], [ 403718.819938962347806, 3781995.320447609294206 ], [ 403718.819938962347806, 3781995.625635808799416 ], [ 403718.514750762959011, 3781995.930824008304626 ], [ 403718.514750762959011, 3781996.236012207344174 ], [ 403718.209562563570216, 3781996.541200406849384 ], [ 403718.209562563570216, 3781997.456765004899353 ], [ 403717.904374364181422, 3781997.761953204404563 ], [ 403715.768056968459859, 3781997.761953204404563 ] ] ] } },
{ "type": "Feature", "properties": { "confidence": 0.85254275798797607, "class": 1, "regularized": null }, "geometry": { "type": "Polygon", "coordinates": [ [ [ 403449.94913530012127, 3781927.873855544254184 ], [ 403449.643947100732476, 3781927.568667344748974 ], [ 403449.338758901343681, 3781927.568667344748974 ], [ 403449.033570701954886, 3781927.263479145243764 ], [ 403448.423194303177297, 3781927.263479145243764 ], [ 403448.118006103788503, 3781926.958290946204215 ], [ 403448.118006103788503, 3781925.127161749638617 ], [ 403448.423194303177297, 3781924.821973550133407 ], [ 403448.423194303177297, 3781924.211597151588649 ], [ 403448.728382502566092, 3781923.906408952083439 ], [ 403448.728382502566092, 3781923.601220752578229 ], [ 403449.94913530012127, 3781922.38046795502305 ], [ 403449.94913530012127, 3781921.770091556478292 ], [ 403450.559511698898859, 3781921.159715157467872 ], [ 403453.001017294009216, 3781921.159715157467872 ], [ 403453.001017294009216, 3781923.906408952083439 ], [ 403452.695829094620422, 3781924.211597151588649 ], [ 403452.695829094620422, 3781924.821973550133407 ], [ 403452.085452695842832, 3781925.432349949143827 ], [ 403452.085452695842832, 3781925.737538148649037 ], [ 403451.780264496454038, 3781926.042726347688586 ], [ 403451.780264496454038, 3781927.263479145243764 ], [ 403451.169888097676449, 3781927.873855544254184 ], [ 403449.94913530012127, 3781927.873855544254184 ] ] ] } },
{ "type": "Feature", "properties": { "confidence": 0.82601606845855713, "class": 1, "regularized": null }, "geometry": { "type": "Polygon", "coordinates": [ [ [ 403482.909460834169295, 3781906.205493387766182 ], [ 403482.6042726347805, 3781905.900305188260972 ], [ 403479.552390640892554, 3781905.900305188260972 ], [ 403478.026449643948581, 3781904.374364191200584 ], [ 403477.416073245170992, 3781904.374364191200584 ], [ 403476.805696846393403, 3781903.763987792655826 ], [ 403476.805696846393403, 3781902.848423194140196 ], [ 403476.195320447615813, 3781902.238046795595437 ], [ 403476.195320447615813, 3781900.406917599029839 ], [ 403477.110885045782197, 3781899.491353000979871 ], [ 403477.110885045782197, 3781899.186164801474661 ], [ 403477.416073245170992, 3781898.880976602435112 ], [ 403477.416073245170992, 3781898.270600203424692 ], [ 403478.63682604272617, 3781898.270600203424692 ], [ 403478.942014242114965, 3781898.575788402929902 ], [ 403479.247202441503759, 3781898.575788402929902 ], [ 403479.247202441503759, 3781898.880976602435112 ], [ 403479.552390640892554, 3781899.186164801474661 ], [ 403480.162767039670143, 3781899.186164801474661 ], [ 403480.467955239058938, 3781899.491353000979871 ], [ 403481.383519837225322, 3781899.491353000979871 ], [ 403481.688708036614116, 3781899.79654120048508 ], [ 403482.909460834169295, 3781899.79654120048508 ], [ 403483.214649033558089, 3781900.10172939999029 ], [ 403483.519837232946884, 3781900.10172939999029 ], [ 403483.825025432335678, 3781900.406917599029839 ], [ 403484.740590030502062, 3781900.406917599029839 ], [ 403485.656154628668446, 3781901.322482197545469 ], [ 403485.656154628668446, 3781905.595116988755763 ], [ 403485.045778229890857, 3781906.205493387766182 ], [ 403482.909460834169295, 3781906.205493387766182 ] ] ] } },
{ "type": "Feature", "properties": { "confidence": 0.82041478157043457, "class": 1, "regularized": null }, "geometry": { "type": "Polygon", "coordinates": [ [ [ 403678.840284842299297, 3782299.287894201464951 ], [ 403678.535096642910503, 3782298.982706001959741 ], [ 403677.314343845355324, 3782298.982706001959741 ], [ 403677.00915564596653, 3782298.677517802454531 ], [ 403676.703967446577735, 3782298.677517802454531 ], [ 403676.093591047800146, 3782298.067141403909773 ], [ 403676.093591047800146, 3782297.761953204404563 ], [ 403674.567650050856173, 3782296.236012207344174 ], [ 403674.567650050856173, 3782295.930824008304626 ], [ 403673.957273652078584, 3782295.320447609294206 ], [ 403673.957273652078584, 3782295.015259409788996 ], [ 403673.346897253300995, 3782294.404883011244237 ], [ 403673.346897253300995, 3782294.099694811739028 ], [ 403673.0417090539122, 3782293.794506612233818 ], [ 403673.0417090539122, 3782293.489318413194269 ], [ 403672.736520854523405, 3782293.184130213689059 ], [ 403672.736520854523405, 3782292.878942014183849 ], [ 403672.431332655134611, 3782292.573753814678639 ], [ 403672.431332655134611, 3782291.658189216628671 ], [ 403672.736520854523405, 3782291.353001017123461 ], [ 403673.0417090539122, 3782291.353001017123461 ], [ 403673.346897253300995, 3782291.047812818083912 ], [ 403673.652085452689789, 3782291.047812818083912 ], [ 403673.957273652078584, 3782290.742624618578702 ], [ 403677.00915564596653, 3782290.742624618578702 ], [ 403677.00915564596653, 3782291.353001017123461 ], [ 403677.314343845355324, 3782291.658189216628671 ], [ 403677.314343845355324, 3782292.268565615639091 ], [ 403678.840284842299297, 3782293.794506612233818 ], [ 403678.840284842299297, 3782294.099694811739028 ], [ 403679.145473041688092, 3782294.404883011244237 ], [ 403679.145473041688092, 3782294.710071210749447 ], [ 403679.755849440465681, 3782295.320447609294206 ], [ 403679.755849440465681, 3782295.625635808799416 ], [ 403680.36622583924327, 3782296.236012207344174 ], [ 403680.36622583924327, 3782296.846388606354594 ], [ 403680.671414038632065, 3782297.151576805859804 ], [ 403680.671414038632065, 3782298.982706001959741 ], [ 403679.755849440465681, 3782298.982706001959741 ], [ 403679.450661241076887, 3782299.287894201464951 ], [ 403678.840284842299297, 3782299.287894201464951 ] ] ] } },
{ "type": "Feature", "properties": { "confidence": 0.81004136800765991, "class": 1, "regularized": null }, "geometry": { "type": "Polygon", "coordinates": [ [ [ 403606.815869786369149, 3782185.14750762982294 ], [ 403606.815869786369149, 3782184.84231943031773 ], [ 403606.510681586980354, 3782184.53713123081252 ], [ 403606.510681586980354, 3782181.790437436196953 ], [ 403607.426246185146738, 3782180.874872838146985 ], [ 403607.731434384535532, 3782180.874872838146985 ], [ 403609.5625635808683, 3782179.043743642047048 ], [ 403609.867751780257095, 3782179.043743642047048 ], [ 403610.172939979645889, 3782178.738555442541838 ], [ 403610.478128179034684, 3782178.738555442541838 ], [ 403610.783316378423478, 3782178.433367243036628 ], [ 403611.698880976589862, 3782178.433367243036628 ], [ 403612.004069175978657, 3782178.128179043531418 ], [ 403612.614445574756246, 3782178.738555442541838 ], [ 403612.614445574756246, 3782181.485249237157404 ], [ 403612.309257375367451, 3782181.485249237157404 ], [ 403612.004069175978657, 3782181.790437436196953 ], [ 403612.004069175978657, 3782182.095625635702163 ], [ 403611.698880976589862, 3782182.400813835207373 ], [ 403611.698880976589862, 3782182.706002034712583 ], [ 403611.393692777201068, 3782182.706002034712583 ], [ 403611.088504577812273, 3782183.011190233752131 ], [ 403611.088504577812273, 3782183.621566632762551 ], [ 403610.783316378423478, 3782183.926754832267761 ], [ 403610.783316378423478, 3782184.23194303130731 ], [ 403609.867751780257095, 3782185.14750762982294 ], [ 403606.815869786369149, 3782185.14750762982294 ] ] ] } },
{ "type": "Feature", "properties": { "confidence": 0.80515044927597046, "class": 1, "regularized": null }, "geometry": { "type": "Polygon", "coordinates": [ [ [ 403252.492370294989087, 3781930.010172939859331 ], [ 403251.881993896211497, 3781929.399796541314572 ], [ 403251.881993896211497, 3781929.094608341809362 ], [ 403251.576805696822703, 3781928.789420142304152 ], [ 403251.576805696822703, 3781926.347914547193795 ], [ 403251.881993896211497, 3781926.347914547193795 ], [ 403252.187182095600292, 3781926.042726347688586 ], [ 403252.492370294989087, 3781926.042726347688586 ], [ 403252.797558494377881, 3781925.737538148649037 ], [ 403253.40793489315547, 3781925.737538148649037 ], [ 403254.323499491380062, 3781924.821973550133407 ], [ 403254.323499491380062, 3781924.516785351093858 ], [ 403254.628687690768857, 3781924.211597151588649 ], [ 403256.765005086490419, 3781924.211597151588649 ], [ 403257.070193285879213, 3781923.906408952083439 ], [ 403257.375381485268008, 3781924.211597151588649 ], [ 403257.680569684656803, 3781924.211597151588649 ], [ 403257.985757884045597, 3781924.516785351093858 ], [ 403257.680569684656803, 3781924.821973550133407 ], [ 403257.680569684656803, 3781925.127161749638617 ], [ 403257.375381485268008, 3781925.432349949143827 ], [ 403257.375381485268008, 3781925.737538148649037 ], [ 403257.070193285879213, 3781926.042726347688586 ], [ 403257.070193285879213, 3781926.347914547193795 ], [ 403256.765005086490419, 3781926.653102746699005 ], [ 403256.765005086490419, 3781926.958290946204215 ], [ 403256.459816887101624, 3781927.263479145243764 ], [ 403256.459816887101624, 3781927.568667344748974 ], [ 403255.849440488324035, 3781928.179043743759394 ], [ 403255.849440488324035, 3781928.484231942798942 ], [ 403255.239064089546446, 3781929.094608341809362 ], [ 403254.933875890157651, 3781929.094608341809362 ], [ 403254.018311291991267, 3781930.010172939859331 ], [ 403252.492370294989087, 3781930.010172939859331 ] ] ] } },
{ "type": "Feature", "properties": { "confidence": 0.80463099479675293, "class": 1, "regularized": null }, "geometry": { "type": "Polygon", "coordinates": [ [ [ 403498.474059003056027, 3782243.133265513926744 ], [ 403497.863682604278438, 3782242.522889114916325 ], [ 403497.863682604278438, 3782242.217700915411115 ], [ 403497.558494404889643, 3782241.912512716371566 ], [ 403497.558494404889643, 3782240.996948117855936 ], [ 403497.863682604278438, 3782240.691759918816388 ], [ 403497.863682604278438, 3782239.471007121261209 ], [ 403498.168870803667232, 3782239.165818921755999 ], [ 403498.168870803667232, 3782238.860630722250789 ], [ 403498.779247202444822, 3782238.250254323706031 ], [ 403498.779247202444822, 3782237.639877924695611 ], [ 403499.389623601222411, 3782237.639877924695611 ], [ 403500.0, 3782237.029501526150852 ], [ 403500.305188199388795, 3782237.029501526150852 ], [ 403501.220752797555178, 3782236.113936927635223 ], [ 403501.220752797555178, 3782235.808748728595674 ], [ 403501.831129196332768, 3782235.198372329585254 ], [ 403503.357070193276741, 3782235.198372329585254 ], [ 403503.662258392665535, 3782234.893184130080044 ], [ 403505.188199389609508, 3782234.893184130080044 ], [ 403505.493387588998303, 3782235.198372329585254 ], [ 403505.493387588998303, 3782235.808748728595674 ], [ 403505.798575788387097, 3782236.113936927635223 ], [ 403505.798575788387097, 3782236.724313326645643 ], [ 403505.493387588998303, 3782237.029501526150852 ], [ 403505.493387588998303, 3782237.639877924695611 ], [ 403505.188199389609508, 3782237.945066124200821 ], [ 403504.883011190220714, 3782237.945066124200821 ], [ 403503.357070193276741, 3782239.471007121261209 ], [ 403503.357070193276741, 3782239.776195320300758 ], [ 403503.051881993887946, 3782240.081383519805968 ], [ 403503.051881993887946, 3782240.996948117855936 ], [ 403503.357070193276741, 3782241.302136317361146 ], [ 403503.051881993887946, 3782241.607324516866356 ], [ 403503.051881993887946, 3782241.912512716371566 ], [ 403502.746693794499151, 3782242.217700915411115 ], [ 403502.441505595110357, 3782242.217700915411115 ], [ 403502.136317395721562, 3782242.522889114916325 ], [ 403501.831129196332768, 3782242.522889114916325 ], [ 403501.525940996943973, 3782242.828077314421535 ], [ 403500.915564598166384, 3782242.828077314421535 ], [ 403500.610376398777589, 3782243.133265513926744 ], [ 403498.474059003056027, 3782243.133265513926744 ] ] ] } },
{ "type": "Feature", "properties": { "confidence": 0.80001038312911987, "class": 1, "regularized": null }, "geometry": { "type": "Polygon", "coordinates": [ [ [ 403261.342828077322338, 3781931.230925737414509 ], [ 403261.342828077322338, 3781930.92573753837496 ], [ 403261.037639877933543, 3781930.62054933886975 ], [ 403261.037639877933543, 3781929.399796541314572 ], [ 403261.342828077322338, 3781929.094608341809362 ], [ 403261.342828077322338, 3781928.179043743759394 ], [ 403261.648016276711132, 3781927.873855544254184 ], [ 403261.648016276711132, 3781927.568667344748974 ], [ 403262.258392675488722, 3781926.958290946204215 ], [ 403263.784333672432695, 3781926.958290946204215 ], [ 403264.089521871821489, 3781927.263479145243764 ], [ 403264.699898270599078, 3781927.263479145243764 ], [ 403264.699898270599078, 3781929.094608341809362 ], [ 403264.394710071210284, 3781929.399796541314572 ], [ 403264.394710071210284, 3781929.704984740819782 ], [ 403263.784333672432695, 3781930.315361139364541 ], [ 403263.784333672432695, 3781930.62054933886975 ], [ 403263.4791454730439, 3781930.92573753837496 ], [ 403263.4791454730439, 3781931.230925737414509 ], [ 403261.342828077322338, 3781931.230925737414509 ] ] ] } },
{ "type": "Feature", "properties": { "confidence": 0.7918860912322998, "class": 1, "regularized": null }, "geometry": { "type": "Polygon", "coordinates": [ [ [ 403337.029501525918022, 3782302.950152594130486 ], [ 403336.724313326529227, 3782302.644964394625276 ], [ 403335.503560528974049, 3782302.644964394625276 ], [ 403335.198372329585254, 3782302.339776195120066 ], [ 403334.587995930807665, 3782302.339776195120066 ], [ 403334.28280773141887, 3782302.034587996080518 ], [ 403333.977619532030076, 3782302.034587996080518 ], [ 403333.062054933863692, 3782301.119023397564888 ], [ 403333.062054933863692, 3782300.508646999020129 ], [ 403333.672431332641281, 3782299.89827060000971 ], [ 403334.587995930807665, 3782299.89827060000971 ], [ 403334.89318413019646, 3782299.593082400970161 ], [ 403336.419125127140433, 3782299.593082400970161 ], [ 403336.724313326529227, 3782299.287894201464951 ], [ 403338.2502543234732, 3782299.287894201464951 ], [ 403338.555442522861995, 3782299.593082400970161 ], [ 403339.165818921639584, 3782299.593082400970161 ], [ 403339.471007121086586, 3782299.89827060000971 ], [ 403339.471007121086586, 3782302.339776195120066 ], [ 403339.165818921639584, 3782302.644964394625276 ], [ 403338.860630722250789, 3782302.644964394625276 ], [ 403338.555442522861995, 3782302.950152594130486 ], [ 403337.029501525918022, 3782302.950152594130486 ] ] ] } },
{ "type": "Feature", "properties": { "confidence": 0.7878764271736145, "class": 1, "regularized": null }, "geometry": { "type": "Polygon", "coordinates": [ [ [ 403238.14852492371574, 3781930.62054933886975 ], [ 403237.843336724326946, 3781930.315361139364541 ], [ 403237.538148524938151, 3781930.315361139364541 ], [ 403237.538148524938151, 3781926.958290946204215 ], [ 403237.843336724326946, 3781926.653102746699005 ], [ 403237.843336724326946, 3781926.347914547193795 ], [ 403238.14852492371574, 3781926.042726347688586 ], [ 403238.14852492371574, 3781925.737538148649037 ], [ 403238.75890132249333, 3781925.127161749638617 ], [ 403239.064089521882124, 3781925.127161749638617 ], [ 403239.369277721270919, 3781924.821973550133407 ], [ 403239.979654120048508, 3781924.821973550133407 ], [ 403240.284842319437303, 3781924.516785351093858 ], [ 403241.810783316381276, 3781924.516785351093858 ], [ 403242.11597151577007, 3781924.211597151588649 ], [ 403242.726347914547659, 3781924.211597151588649 ], [ 403243.031536113936454, 3781924.516785351093858 ], [ 403243.336724313325249, 3781924.516785351093858 ], [ 403243.641912512714043, 3781924.821973550133407 ], [ 403243.947100712102838, 3781924.821973550133407 ], [ 403243.947100712102838, 3781925.127161749638617 ], [ 403244.252288911491632, 3781925.432349949143827 ], [ 403244.252288911491632, 3781927.263479145243764 ], [ 403243.947100712102838, 3781927.568667344748974 ], [ 403243.947100712102838, 3781927.873855544254184 ], [ 403242.11597151577007, 3781929.704984740819782 ], [ 403242.11597151577007, 3781930.010172939859331 ], [ 403241.505595116992481, 3781930.62054933886975 ], [ 403238.14852492371574, 3781930.62054933886975 ] ] ] } },
{ "type": "Feature", "properties": { "confidence": 0.78153765201568604, "class": 1, "regularized": null }, "geometry": { "type": "Polygon", "coordinates": [ [ [ 403499.389623601222411, 3782258.697863682638854 ], [ 403499.084435401833616, 3782258.392675483133644 ], [ 403498.779247202444822, 3782258.392675483133644 ], [ 403498.779247202444822, 3782258.087487283628434 ], [ 403498.474059003056027, 3782257.782299084588885 ], [ 403498.474059003056027, 3782257.477110885083675 ], [ 403498.168870803667232, 3782257.171922685578465 ], [ 403498.168870803667232, 3782256.561546287033707 ], [ 403497.863682604278438, 3782256.256358087528497 ], [ 403497.863682604278438, 3782255.645981688518077 ], [ 403497.558494404889643, 3782255.340793489478528 ], [ 403497.558494404889643, 3782254.730417090468109 ], [ 403497.863682604278438, 3782254.425228890962899 ], [ 403497.863682604278438, 3782254.12004069192335 ], [ 403498.168870803667232, 3782253.81485249241814 ], [ 403498.168870803667232, 3782253.50966429291293 ], [ 403498.779247202444822, 3782252.899287894368172 ], [ 403500.610376398777589, 3782252.899287894368172 ], [ 403500.915564598166384, 3782253.20447609340772 ], [ 403502.136317395721562, 3782253.20447609340772 ], [ 403502.441505595110357, 3782253.50966429291293 ], [ 403503.662258392665535, 3782253.50966429291293 ], [ 403503.96744659205433, 3782253.81485249241814 ], [ 403504.272634791443124, 3782253.81485249241814 ], [ 403504.272634791443124, 3782254.730417090468109 ], [ 403503.96744659205433, 3782255.035605289973319 ], [ 403503.96744659205433, 3782255.340793489478528 ], [ 403503.662258392665535, 3782255.340793489478528 ], [ 403503.357070193276741, 3782255.645981688518077 ], [ 403503.051881993887946, 3782255.645981688518077 ], [ 403502.136317395721562, 3782256.561546287033707 ], [ 403502.136317395721562, 3782256.866734486073256 ], [ 403501.525940996943973, 3782257.477110885083675 ], [ 403501.525940996943973, 3782257.782299084588885 ], [ 403500.610376398777589, 3782258.697863682638854 ], [ 403499.389623601222411, 3782258.697863682638854 ] ] ] } },
{ "type": "Feature", "properties": { "confidence": 0.7785915732383728, "class": 1, "regularized": null }, "geometry": { "type": "Polygon", "coordinates": [ [ [ 403473.143438453727867, 3782191.556459817104042 ], [ 403472.838250254339073, 3782191.251271617598832 ], [ 403471.922685656172689, 3782191.251271617598832 ], [ 403471.617497456783894, 3782190.946083418093622 ], [ 403471.3123092573951, 3782190.946083418093622 ], [ 403471.007121058006305, 3782190.640895218588412 ], [ 403471.007121058006305, 3782190.335707019548863 ], [ 403470.701932858617511, 3782190.030518820043653 ], [ 403470.701932858617511, 3782189.114954221993685 ], [ 403470.396744659228716, 3782188.809766022488475 ], [ 403470.396744659228716, 3782187.589013224933296 ], [ 403470.701932858617511, 3782187.283825025428087 ], [ 403471.007121058006305, 3782187.283825025428087 ], [ 403471.3123092573951, 3782186.978636825922877 ], [ 403473.143438453727867, 3782186.978636825922877 ], [ 403473.143438453727867, 3782191.556459817104042 ] ] ] } },
{ "type": "Feature", "properties": { "confidence": 0.77183830738067627, "class": 1, "regularized": null }, "geometry": { "type": "Polygon", "coordinates": [ [ [ 403731.332655137346592, 3781823.80467955255881 ], [ 403731.027466937957797, 3781823.4994913530536 ], [ 403730.722278738569003, 3781823.4994913530536 ], [ 403729.806714140402619, 3781822.583926755003631 ], [ 403729.806714140402619, 3781821.057985757943243 ], [ 403730.111902339791413, 3781820.752797558438033 ], [ 403730.111902339791413, 3781819.226856561377645 ], [ 403730.417090539180208, 3781818.921668362338096 ], [ 403730.417090539180208, 3781817.395727365277708 ], [ 403731.027466937957797, 3781816.785350966267288 ], [ 403731.027466937957797, 3781816.480162767227739 ], [ 403731.637843336735386, 3781815.869786368217319 ], [ 403731.637843336735386, 3781815.564598168712109 ], [ 403732.248219735512976, 3781814.954221770167351 ], [ 403732.858596134290565, 3781814.954221770167351 ], [ 403733.163784333679359, 3781815.259409969672561 ], [ 403734.079348931845743, 3781815.259409969672561 ], [ 403734.384537131234538, 3781815.564598168712109 ], [ 403734.994913530012127, 3781815.564598168712109 ], [ 403734.994913530012127, 3781817.700915564782917 ], [ 403734.689725330623332, 3781818.006103763822466 ], [ 403734.689725330623332, 3781818.616480162832886 ], [ 403734.384537131234538, 3781818.921668362338096 ], [ 403734.384537131234538, 3781819.532044760882854 ], [ 403734.079348931845743, 3781819.837232960388064 ], [ 403734.079348931845743, 3781820.447609358932823 ], [ 403733.774160732456949, 3781820.752797558438033 ], [ 403733.774160732456949, 3781821.668362156488001 ], [ 403733.468972533068154, 3781821.973550355993211 ], [ 403733.468972533068154, 3781822.583926755003631 ], [ 403733.163784333679359, 3781822.88911495404318 ], [ 403733.163784333679359, 3781823.4994913530536 ], [ 403732.858596134290565, 3781823.80467955255881 ], [ 403731.332655137346592, 3781823.80467955255881 ] ] ] } },
{ "type": "Feature", "properties": { "confidence": 0.76919311285018921, "class": 1, "regularized": null }, "geometry": { "type": "Polygon", "coordinates": [ [ [ 403428.280773143458646, 3781930.62054933886975 ], [ 403427.975584944069851, 3781930.315361139364541 ], [ 403427.670396744681057, 3781930.315361139364541 ], [ 403427.365208545292262, 3781930.010172939859331 ], [ 403427.365208545292262, 3781929.399796541314572 ], [ 403427.060020345903467, 3781929.094608341809362 ], [ 403427.060020345903467, 3781928.179043743759394 ], [ 403427.365208545292262, 3781927.873855544254184 ], [ 403427.365208545292262, 3781927.568667344748974 ], [ 403427.670396744681057, 3781927.263479145243764 ], [ 403428.280773143458646, 3781927.263479145243764 ], [ 403428.58596134284744, 3781926.958290946204215 ], [ 403429.19633774162503, 3781926.958290946204215 ], [ 403429.501525941013824, 3781926.653102746699005 ], [ 403430.722278738569003, 3781926.653102746699005 ], [ 403431.027466937957797, 3781926.958290946204215 ], [ 403431.332655137346592, 3781926.958290946204215 ], [ 403431.943031536124181, 3781927.568667344748974 ], [ 403432.248219735512976, 3781927.568667344748974 ], [ 403432.55340793490177, 3781927.873855544254184 ], [ 403432.55340793490177, 3781929.704984740819782 ], [ 403431.943031536124181, 3781930.315361139364541 ], [ 403431.637843336735386, 3781930.315361139364541 ], [ 403431.332655137346592, 3781930.62054933886975 ], [ 403428.280773143458646, 3781930.62054933886975 ] ] ] } },
{ "type": "Feature", "properties": { "confidence": 0.76585102081298828, "class": 1, "regularized": null }, "geometry": { "type": "Polygon", "coordinates": [ [ [ 403684.638860630744603, 3781856.765005086548626 ], [ 403684.333672431355808, 3781856.459816887043417 ], [ 403682.807731434411835, 3781856.459816887043417 ], [ 403682.50254323502304, 3781856.154628687538207 ], [ 403682.50254323502304, 3781854.32349949143827 ], [ 403683.11291963380063, 3781853.71312309242785 ], [ 403683.723296032578219, 3781853.71312309242785 ], [ 403684.028484231967013, 3781853.407934893388301 ], [ 403684.333672431355808, 3781853.407934893388301 ], [ 403684.638860630744603, 3781853.102746693883091 ], [ 403684.638860630744603, 3781852.797558494377881 ], [ 403684.944048830133397, 3781852.797558494377881 ], [ 403685.249237029522192, 3781852.492370294872671 ], [ 403685.249237029522192, 3781851.881993896327913 ], [ 403688.911495422187727, 3781851.881993896327913 ], [ 403689.216683621576522, 3781852.187182095833123 ], [ 403690.742624618520495, 3781852.187182095833123 ], [ 403691.047812817909289, 3781852.492370294872671 ], [ 403691.047812817909289, 3781854.32349949143827 ], [ 403690.742624618520495, 3781854.62868769094348 ], [ 403690.742624618520495, 3781854.933875889983028 ], [ 403690.4374364191317, 3781855.239064089488238 ], [ 403690.4374364191317, 3781855.544252288993448 ], [ 403690.132248219742905, 3781855.849440488498658 ], [ 403690.132248219742905, 3781856.154628687538207 ], [ 403689.827060020354111, 3781856.154628687538207 ], [ 403689.521871820965316, 3781855.849440488498658 ], [ 403688.606307222798932, 3781855.849440488498658 ], [ 403688.301119023410138, 3781856.154628687538207 ], [ 403686.775178026466165, 3781856.154628687538207 ], [ 403686.46998982707737, 3781856.459816887043417 ], [ 403685.554425228910986, 3781856.459816887043417 ], [ 403685.249237029522192, 3781856.765005086548626 ], [ 403684.638860630744603, 3781856.765005086548626 ] ] ] } },
{ "type": "Feature", "properties": { "confidence": 0.75987857580184937, "class": 1, "regularized": null }, "geometry": { "type": "Polygon", "coordinates": [ [ [ 403637.334689725306816, 3781956.256358087528497 ], [ 403637.334689725306816, 3781955.951169888023287 ], [ 403636.724313326529227, 3781955.340793489478528 ], [ 403636.419125127140433, 3781955.340793489478528 ], [ 403634.89318413019646, 3781953.81485249241814 ], [ 403634.89318413019646, 3781951.678535096812993 ], [ 403635.808748728362843, 3781950.762970498297364 ], [ 403637.639877924695611, 3781950.762970498297364 ], [ 403638.2502543234732, 3781951.373346897307783 ], [ 403638.555442522861995, 3781951.373346897307783 ], [ 403638.860630722250789, 3781951.678535096812993 ], [ 403639.471007121086586, 3781951.678535096812993 ], [ 403639.776195320475381, 3781951.983723295852542 ], [ 403640.081383519864175, 3781951.983723295852542 ], [ 403640.38657171925297, 3781952.288911495357752 ], [ 403640.691759918641765, 3781952.288911495357752 ], [ 403641.302136317419354, 3781952.899287894368172 ], [ 403641.607324516808148, 3781952.899287894368172 ], [ 403643.438453713140916, 3781954.730417090468109 ], [ 403643.743641912529711, 3781954.730417090468109 ], [ 403643.743641912529711, 3781955.645981688518077 ], [ 403643.438453713140916, 3781955.951169888023287 ], [ 403643.438453713140916, 3781956.256358087528497 ], [ 403637.334689725306816, 3781956.256358087528497 ] ] ] } },
{ "type": "Feature", "properties": { "confidence": 0.74726909399032593, "class": 1, "regularized": null }, "geometry": { "type": "Polygon", "coordinates": [ [ [ 403599.491353001038078, 3781896.134282807819545 ], [ 403599.186164801649284, 3781895.829094608314335 ], [ 403597.965412004094105, 3781895.829094608314335 ], [ 403597.660223804705311, 3781895.523906408809125 ], [ 403597.355035605316516, 3781895.523906408809125 ], [ 403596.439471007150132, 3781894.608341810759157 ], [ 403596.439471007150132, 3781894.303153611253947 ], [ 403596.13428280770313, 3781893.997965412214398 ], [ 403596.13428280770313, 3781892.47202441515401 ], [ 403596.439471007150132, 3781892.1668362156488 ], [ 403596.439471007150132, 3781891.556459817104042 ], [ 403596.744659206538927, 3781891.251271617598832 ], [ 403596.744659206538927, 3781890.640895218588412 ], [ 403597.049847405927721, 3781890.335707019548863 ], [ 403597.049847405927721, 3781890.030518820043653 ], [ 403597.660223804705311, 3781889.420142421033233 ], [ 403597.965412004094105, 3781889.420142421033233 ], [ 403598.2706002034829, 3781889.114954221993685 ], [ 403598.575788402871694, 3781889.114954221993685 ], [ 403598.880976602260489, 3781888.809766022488475 ], [ 403600.712105798593257, 3781888.809766022488475 ], [ 403601.017293997982051, 3781889.114954221993685 ], [ 403601.322482197370846, 3781889.114954221993685 ], [ 403601.62767039675964, 3781889.420142421033233 ], [ 403602.23804679553723, 3781889.420142421033233 ], [ 403602.543234994926024, 3781889.725330620538443 ], [ 403602.848423194314819, 3781889.725330620538443 ], [ 403603.458799593092408, 3781890.335707019548863 ], [ 403603.458799593092408, 3781892.1668362156488 ], [ 403603.153611393703613, 3781892.47202441515401 ], [ 403603.153611393703613, 3781893.387589013203979 ], [ 403602.543234994926024, 3781893.997965412214398 ], [ 403602.543234994926024, 3781894.303153611253947 ], [ 403601.932858596148435, 3781894.913530010264367 ], [ 403601.932858596148435, 3781895.218718209769577 ], [ 403601.322482197370846, 3781895.829094608314335 ], [ 403601.017293997982051, 3781895.829094608314335 ], [ 403600.712105798593257, 3781896.134282807819545 ], [ 403599.491353001038078, 3781896.134282807819545 ] ] ] } },
{ "type": "Feature", "properties": { "confidence": 0.74351859092712402, "class": 1, "regularized": null }, "geometry": { "type": "Polygon", "coordinates": [ [ [ 403664.801627670414746, 3781897.355035605374724 ], [ 403664.496439471025951, 3781897.049847405869514 ], [ 403664.496439471025951, 3781893.997965412214398 ], [ 403664.801627670414746, 3781893.692777212709188 ], [ 403664.801627670414746, 3781892.47202441515401 ], [ 403670.905391658190638, 3781892.47202441515401 ], [ 403670.905391658190638, 3781892.77721261465922 ], [ 403670.295015259413049, 3781893.387589013203979 ], [ 403670.295015259413049, 3781893.692777212709188 ], [ 403669.684638860635459, 3781894.303153611253947 ], [ 403669.684638860635459, 3781894.608341810759157 ], [ 403668.463886063080281, 3781895.829094608314335 ], [ 403668.158697863691486, 3781895.829094608314335 ], [ 403667.243133265525103, 3781896.744659206364304 ], [ 403666.937945066136308, 3781896.744659206364304 ], [ 403666.327568667358719, 3781897.355035605374724 ], [ 403664.801627670414746, 3781897.355035605374724 ] ] ] } },
{ "type": "Feature", "properties": { "confidence": 0.73973625898361206, "class": 1, "regularized": null }, "geometry": { "type": "Polygon", "coordinates": [ [ [ 403463.987792472005822, 3781911.088504577986896 ], [ 403463.987792472005822, 3781909.867751780431718 ], [ 403463.682604272617027, 3781909.562563580926508 ], [ 403463.682604272617027, 3781908.952187181916088 ], [ 403463.377416073228233, 3781908.646998982876539 ], [ 403463.377416073228233, 3781908.036622583866119 ], [ 403463.072227873839438, 3781907.731434384360909 ], [ 403463.072227873839438, 3781906.815869786310941 ], [ 403463.377416073228233, 3781906.510681586805731 ], [ 403463.377416073228233, 3781905.595116988755763 ], [ 403463.682604272617027, 3781905.289928789250553 ], [ 403463.682604272617027, 3781904.984740590211004 ], [ 403463.987792472005822, 3781904.679552390705794 ], [ 403463.987792472005822, 3781904.374364191200584 ], [ 403464.292980671394616, 3781904.069175991695374 ], [ 403464.598168870783411, 3781904.069175991695374 ], [ 403464.903357070172206, 3781903.763987792655826 ], [ 403466.124109867727384, 3781903.763987792655826 ], [ 403466.429298067116179, 3781903.458799593150616 ], [ 403467.344862665282562, 3781903.458799593150616 ], [ 403467.650050864671357, 3781903.763987792655826 ], [ 403467.650050864671357, 3781904.679552390705794 ], [ 403468.565615462895948, 3781905.595116988755763 ], [ 403469.481180061062332, 3781905.595116988755763 ], [ 403470.091556459839921, 3781906.205493387766182 ], [ 403470.091556459839921, 3781907.121057985816151 ], [ 403469.786368260451127, 3781907.426246185321361 ], [ 403469.786368260451127, 3781907.731434384360909 ], [ 403469.481180061062332, 3781908.036622583866119 ], [ 403469.481180061062332, 3781908.646998982876539 ], [ 403469.175991861673538, 3781908.952187181916088 ], [ 403469.175991861673538, 3781909.562563580926508 ], [ 403468.260427263507154, 3781910.478128178976476 ], [ 403466.429298067116179, 3781910.478128178976476 ], [ 403466.124109867727384, 3781910.783316378481686 ], [ 403465.208545269561, 3781910.783316378481686 ], [ 403464.903357070172206, 3781911.088504577986896 ], [ 403463.987792472005822, 3781911.088504577986896 ] ] ] } },
{ "type": "Feature", "properties": { "confidence": 0.72158998250961304, "class": 1, "regularized": null }, "geometry": { "type": "Polygon", "coordinates": [ [ [ 403254.323499491380062, 3782282.807731434237212 ], [ 403254.323499491380062, 3782282.502543235197663 ], [ 403254.018311291991267, 3782282.197355035692453 ], [ 403253.713123092602473, 3782282.197355035692453 ], [ 403253.40793489315547, 3782281.892166836187243 ], [ 403253.40793489315547, 3782281.586978636682034 ], [ 403253.102746693766676, 3782281.281790437642485 ], [ 403253.102746693766676, 3782280.671414038632065 ], [ 403253.40793489315547, 3782280.366225839126855 ], [ 403253.40793489315547, 3782279.450661241076887 ], [ 403253.713123092602473, 3782279.145473041571677 ], [ 403253.713123092602473, 3782278.535096643026918 ], [ 403254.018311291991267, 3782278.229908443521708 ], [ 403254.323499491380062, 3782278.229908443521708 ], [ 403254.933875890157651, 3782277.61953204497695 ], [ 403254.933875890157651, 3782277.00915564596653 ], [ 403261.037639877933543, 3782277.00915564596653 ], [ 403261.037639877933543, 3782277.31434384547174 ], [ 403261.342828077322338, 3782277.61953204497695 ], [ 403261.342828077322338, 3782277.924720244016498 ], [ 403261.648016276711132, 3782278.229908443521708 ], [ 403261.648016276711132, 3782279.755849440582097 ], [ 403261.342828077322338, 3782280.061037640087306 ], [ 403261.342828077322338, 3782280.366225839126855 ], [ 403261.037639877933543, 3782280.671414038632065 ], [ 403260.732451678544749, 3782280.671414038632065 ], [ 403260.122075279767159, 3782281.281790437642485 ], [ 403259.51169888098957, 3782281.281790437642485 ], [ 403259.206510681600776, 3782281.586978636682034 ], [ 403257.985757884045597, 3782281.586978636682034 ], [ 403257.680569684656803, 3782281.892166836187243 ], [ 403257.070193285879213, 3782281.892166836187243 ], [ 403256.765005086490419, 3782282.197355035692453 ], [ 403255.849440488324035, 3782282.197355035692453 ], [ 403255.54425228893524, 3782282.502543235197663 ], [ 403255.54425228893524, 3782282.807731434237212 ], [ 403254.323499491380062, 3782282.807731434237212 ] ] ] } },
{ "type": "Feature", "properties": { "confidence": 0.72060680389404297, "class": 1, "regularized": null }, "geometry": { "type": "Polygon", "coordinates": [ [ [ 403253.102746693766676, 3781930.315361139364541 ], [ 403252.797558494377881, 3781930.010172939859331 ], [ 403252.492370294989087, 3781930.010172939859331 ], [ 403251.881993896211497, 3781929.399796541314572 ], [ 403251.881993896211497, 3781927.263479145243764 ], [ 403252.187182095600292, 3781926.958290946204215 ], [ 403252.492370294989087, 3781926.958290946204215 ], [ 403252.797558494377881, 3781926.653102746699005 ], [ 403254.323499491380062, 3781926.653102746699005 ], [ 403254.628687690768857, 3781926.958290946204215 ], [ 403255.239064089546446, 3781926.958290946204215 ], [ 403255.54425228893524, 3781927.263479145243764 ], [ 403256.765005086490419, 3781927.263479145243764 ], [ 403256.765005086490419, 3781927.873855544254184 ], [ 403255.239064089546446, 3781929.399796541314572 ], [ 403254.933875890157651, 3781929.399796541314572 ], [ 403254.323499491380062, 3781930.010172939859331 ], [ 403253.40793489315547, 3781930.010172939859331 ], [ 403253.102746693766676, 3781930.315361139364541 ] ] ] } },
{ "type": "Feature", "properties": { "confidence": 0.69915896654129028, "class": 1, "regularized": null }, "geometry": { "type": "Polygon", "coordinates": [ [ [ 403704.476093591074459, 3781920.244150559417903 ], [ 403704.476093591074459, 3781919.938962359912694 ], [ 403704.170905391685665, 3781919.633774160873145 ], [ 403704.170905391685665, 3781919.328585961367935 ], [ 403703.86571719229687, 3781919.023397761862725 ], [ 403703.86571719229687, 3781918.413021363317966 ], [ 403703.560528992908075, 3781918.107833163812757 ], [ 403703.560528992908075, 3781917.802644964307547 ], [ 403701.7293997965171, 3781915.97151576820761 ], [ 403701.7293997965171, 3781915.05595116969198 ], [ 403701.424211597128306, 3781914.750762970652431 ], [ 403701.424211597128306, 3781914.140386571642011 ], [ 403701.119023397739511, 3781913.835198372136801 ], [ 403701.119023397739511, 3781912.919633774086833 ], [ 403701.424211597128306, 3781912.614445574581623 ], [ 403702.034587995905895, 3781913.224821973592043 ], [ 403702.339776195294689, 3781913.224821973592043 ], [ 403702.950152594072279, 3781913.835198372136801 ], [ 403702.950152594072279, 3781914.140386571642011 ], [ 403703.255340793461073, 3781914.445574771147221 ], [ 403703.255340793461073, 3781915.36113936919719 ], [ 403703.560528992908075, 3781915.6663275687024 ], [ 403703.86571719229687, 3781915.6663275687024 ], [ 403704.476093591074459, 3781916.276703967247158 ], [ 403705.086469989852048, 3781916.276703967247158 ], [ 403705.086469989852048, 3781917.192268565762788 ], [ 403705.391658189240843, 3781917.497456764802337 ], [ 403705.391658189240843, 3781917.802644964307547 ], [ 403705.696846388629638, 3781918.107833163812757 ], [ 403705.696846388629638, 3781919.633774160873145 ], [ 403705.086469989852048, 3781920.244150559417903 ], [ 403704.476093591074459, 3781920.244150559417903 ] ] ] } },
{ "type": "Feature", "properties": { "confidence": 0.67426514625549316, "class": 1, "regularized": null }, "geometry": { "type": "Polygon", "coordinates": [ [ [ 403787.792472024390008, 3781945.269582909531891 ], [ 403787.487283825001214, 3781944.964394710026681 ], [ 403786.266531027446035, 3781944.964394710026681 ], [ 403785.961342828057241, 3781944.659206510521472 ], [ 403785.350966429279651, 3781944.659206510521472 ], [ 403785.045778229890857, 3781944.354018311481923 ], [ 403784.435401831113268, 3781944.354018311481923 ], [ 403784.130213631724473, 3781944.048830111976713 ], [ 403784.130213631724473, 3781941.607324516866356 ], [ 403783.825025432335678, 3781941.302136317361146 ], [ 403781.993896236002911, 3781941.302136317361146 ], [ 403781.383519837225322, 3781940.691759918816388 ], [ 403781.383519837225322, 3781940.081383519805968 ], [ 403781.078331637836527, 3781939.776195320300758 ], [ 403781.078331637836527, 3781939.165818921755999 ], [ 403780.773143438447732, 3781938.860630722250789 ], [ 403780.773143438447732, 3781938.250254323706031 ], [ 403780.467955239058938, 3781937.945066124200821 ], [ 403780.467955239058938, 3781935.198372329585254 ], [ 403780.773143438447732, 3781935.198372329585254 ], [ 403781.078331637836527, 3781934.893184130080044 ], [ 403781.688708036614116, 3781934.893184130080044 ], [ 403781.993896236002911, 3781934.587995931040496 ], [ 403783.519837232946884, 3781934.587995931040496 ], [ 403783.825025432335678, 3781934.282807731535286 ], [ 403784.435401831113268, 3781934.282807731535286 ], [ 403784.740590030502062, 3781934.587995931040496 ], [ 403785.961342828057241, 3781934.587995931040496 ], [ 403786.266531027446035, 3781934.893184130080044 ], [ 403786.266531027446035, 3781935.198372329585254 ], [ 403786.57171922683483, 3781935.503560529090464 ], [ 403786.876907426223624, 3781935.503560529090464 ], [ 403787.487283825001214, 3781936.113936927635223 ], [ 403787.792472024390008, 3781936.113936927635223 ], [ 403789.013224821945187, 3781937.334689725190401 ], [ 403789.013224821945187, 3781940.691759918816388 ], [ 403789.318413021392189, 3781940.996948117855936 ], [ 403789.318413021392189, 3781941.607324516866356 ], [ 403789.013224821945187, 3781941.912512716371566 ], [ 403789.013224821945187, 3781942.522889114916325 ], [ 403788.708036622556392, 3781942.828077314421535 ], [ 403788.708036622556392, 3781943.743641912471503 ], [ 403788.402848423167598, 3781944.048830111976713 ], [ 403788.402848423167598, 3781944.659206510521472 ], [ 403787.792472024390008, 3781945.269582909531891 ] ] ] } },
{ "type": "Feature", "properties": { "confidence": 0.65184313058853149, "class": 1, "regularized": null }, "geometry": { "type": "Polygon", "coordinates": [ [ [ 403701.119023397739511, 3781996.846388606354594 ], [ 403700.813835198350716, 3781996.541200406849384 ], [ 403700.508646998961922, 3781996.541200406849384 ], [ 403699.898270600184333, 3781995.930824008304626 ], [ 403699.593082400795538, 3781995.930824008304626 ], [ 403698.677517802629154, 3781995.015259409788996 ], [ 403698.677517802629154, 3781991.658189216628671 ], [ 403698.982706002017949, 3781991.353001017123461 ], [ 403698.982706002017949, 3781991.047812818083912 ], [ 403701.424211597128306, 3781991.047812818083912 ], [ 403701.7293997965171, 3781991.353001017123461 ], [ 403702.950152594072279, 3781991.353001017123461 ], [ 403703.255340793461073, 3781991.658189216628671 ], [ 403703.560528992908075, 3781991.658189216628671 ], [ 403703.86571719229687, 3781991.963377416133881 ], [ 403703.86571719229687, 3781992.573753814678639 ], [ 403703.560528992908075, 3781992.878942014183849 ], [ 403703.560528992908075, 3781993.794506612233818 ], [ 403702.950152594072279, 3781994.404883011244237 ], [ 403702.950152594072279, 3781995.320447609294206 ], [ 403702.644964394683484, 3781995.625635808799416 ], [ 403702.644964394683484, 3781996.236012207344174 ], [ 403702.339776195294689, 3781996.541200406849384 ], [ 403702.339776195294689, 3781996.846388606354594 ], [ 403701.119023397739511, 3781996.846388606354594 ] ] ] } },
{ "type": "Feature", "properties": { "confidence": 0.64878696203231812, "class": 1, "regularized": null }, "geometry": { "type": "Polygon", "coordinates": [ [ [ 403703.86571719229687, 3781866.225839267484844 ], [ 403703.560528992908075, 3781865.920651067979634 ], [ 403703.560528992908075, 3781864.394710071384907 ], [ 403703.255340793461073, 3781864.089521871879697 ], [ 403703.255340793461073, 3781861.95320447627455 ], [ 403703.560528992908075, 3781861.95320447627455 ], [ 403703.86571719229687, 3781861.64801627676934 ], [ 403704.476093591074459, 3781861.64801627676934 ], [ 403705.391658189240843, 3781860.732451678719372 ], [ 403706.002034588018432, 3781860.732451678719372 ], [ 403706.307222787407227, 3781861.03763987775892 ], [ 403706.612410986796021, 3781861.03763987775892 ], [ 403706.917599186184816, 3781861.34282807726413 ], [ 403706.917599186184816, 3781864.699898270424455 ], [ 403706.307222787407227, 3781865.310274669434875 ], [ 403706.002034588018432, 3781865.310274669434875 ], [ 403705.696846388629638, 3781865.615462868940085 ], [ 403705.391658189240843, 3781865.615462868940085 ], [ 403705.086469989852048, 3781865.920651067979634 ], [ 403704.170905391685665, 3781865.920651067979634 ], [ 403703.86571719229687, 3781866.225839267484844 ] ] ] } },
{ "type": "Feature", "properties": { "confidence": 0.64627307653427124, "class": 1, "regularized": null }, "geometry": { "type": "Polygon", "coordinates": [ [ [ 403571.719226856541354, 3781885.757884028367698 ], [ 403571.41403865715256, 3781885.452695828862488 ], [ 403571.41403865715256, 3781884.23194303130731 ], [ 403571.719226856541354, 3781883.926754832267761 ], [ 403571.719226856541354, 3781883.621566632762551 ], [ 403572.329603255318943, 3781883.621566632762551 ], [ 403572.634791454707738, 3781883.316378433257341 ], [ 403572.939979654096533, 3781883.316378433257341 ], [ 403573.245167853485327, 3781883.011190233752131 ], [ 403573.550356052874122, 3781883.011190233752131 ], [ 403573.855544252262916, 3781882.706002034712583 ], [ 403574.160732451651711, 3781882.706002034712583 ], [ 403575.991861648042686, 3781880.874872838146985 ], [ 403575.991861648042686, 3781880.569684638641775 ], [ 403576.297049847431481, 3781880.264496439602226 ], [ 403577.822990844375454, 3781880.264496439602226 ], [ 403578.128179043764248, 3781880.569684638641775 ], [ 403578.128179043764248, 3781882.095625635702163 ], [ 403577.822990844375454, 3781882.400813835207373 ], [ 403577.822990844375454, 3781882.706002034712583 ], [ 403575.991861648042686, 3781884.53713123081252 ], [ 403575.686673448653892, 3781884.53713123081252 ], [ 403575.381485249265097, 3781884.84231943031773 ], [ 403575.076297049876302, 3781884.84231943031773 ], [ 403574.7711088504293, 3781885.14750762982294 ], [ 403574.160732451651711, 3781885.14750762982294 ], [ 403573.855544252262916, 3781885.452695828862488 ], [ 403573.245167853485327, 3781885.452695828862488 ], [ 403572.939979654096533, 3781885.757884028367698 ], [ 403571.719226856541354, 3781885.757884028367698 ] ] ] } },
{ "type": "Feature", "properties": { "confidence": 0.64035099744796753, "class": 1, "regularized": null }, "geometry": { "type": "Polygon", "coordinates": [ [ [ 403473.143438453727867, 3782180.569684638641775 ], [ 403472.838250254339073, 3782180.264496439602226 ], [ 403472.227873855561484, 3782180.264496439602226 ], [ 403471.922685656172689, 3782179.959308240097016 ], [ 403471.617497456783894, 3782179.959308240097016 ], [ 403471.3123092573951, 3782179.654120040591806 ], [ 403471.007121058006305, 3782179.654120040591806 ], [ 403470.091556459839921, 3782178.738555442541838 ], [ 403469.786368260451127, 3782178.738555442541838 ], [ 403469.481180061062332, 3782178.433367243036628 ], [ 403469.175991861673538, 3782178.433367243036628 ], [ 403468.870803662284743, 3782178.128179043531418 ], [ 403468.870803662284743, 3782177.517802644986659 ], [ 403469.175991861673538, 3782177.212614445481449 ], [ 403469.175991861673538, 3782176.602238046936691 ], [ 403468.870803662284743, 3782176.297049847431481 ], [ 403468.870803662284743, 3782174.771108850371093 ], [ 403469.481180061062332, 3782174.160732451826334 ], [ 403470.396744659228716, 3782174.160732451826334 ], [ 403470.701932858617511, 3782173.855544252321124 ], [ 403471.007121058006305, 3782173.855544252321124 ], [ 403471.3123092573951, 3782174.160732451826334 ], [ 403473.143438453727867, 3782174.160732451826334 ], [ 403473.143438453727867, 3782180.569684638641775 ] ] ] } },
{ "type": "Feature", "properties": { "confidence": 0.62709224224090576, "class": 1, "regularized": null }, "geometry": { "type": "Polygon", "coordinates": [ [ [ 403231.739572736492846, 3781882.706002034712583 ], [ 403231.434384537104052, 3781882.400813835207373 ], [ 403231.129196337715257, 3781882.400813835207373 ], [ 403230.824008138326462, 3781882.095625635702163 ], [ 403230.824008138326462, 3781881.180061037652194 ], [ 403230.518819938937668, 3781880.874872838146985 ], [ 403230.518819938937668, 3781879.348931841086596 ], [ 403231.129196337715257, 3781879.348931841086596 ], [ 403231.434384537104052, 3781879.043743642047048 ], [ 403232.044760935881641, 3781879.043743642047048 ], [ 403232.349949135328643, 3781878.738555442541838 ], [ 403232.960325534106232, 3781878.738555442541838 ], [ 403233.265513733495027, 3781878.433367243036628 ], [ 403233.570701932883821, 3781878.433367243036628 ], [ 403233.875890132272616, 3781878.128179043531418 ], [ 403234.181078331661411, 3781878.128179043531418 ], [ 403234.486266531050205, 3781877.822990844491869 ], [ 403237.232960325549357, 3781877.822990844491869 ], [ 403237.843336724326946, 3781878.433367243036628 ], [ 403238.14852492371574, 3781878.433367243036628 ], [ 403238.453713123104535, 3781878.738555442541838 ], [ 403238.453713123104535, 3781879.043743642047048 ], [ 403238.75890132249333, 3781879.348931841086596 ], [ 403238.453713123104535, 3781879.654120040591806 ], [ 403238.453713123104535, 3781879.959308240097016 ], [ 403238.14852492371574, 3781879.959308240097016 ], [ 403237.232960325549357, 3781880.874872838146985 ], [ 403236.927772126160562, 3781880.874872838146985 ], [ 403236.317395727382973, 3781881.485249237157404 ], [ 403235.707019328605384, 3781881.485249237157404 ], [ 403235.401831129216589, 3781881.790437436196953 ], [ 403234.486266531050205, 3781881.790437436196953 ], [ 403234.181078331661411, 3781882.095625635702163 ], [ 403233.265513733495027, 3781882.095625635702163 ], [ 403232.960325534106232, 3781882.400813835207373 ], [ 403232.044760935881641, 3781882.400813835207373 ], [ 403231.739572736492846, 3781882.706002034712583 ] ] ] } },
{ "type": "Feature", "properties": { "confidence": 0.62640464305877686, "class": 1, "regularized": null }, "geometry": { "type": "Polygon", "coordinates": [ [ [ 403697.76195320446277, 3781949.542217700742185 ], [ 403697.456765005073976, 3781949.237029501702636 ], [ 403697.456765005073976, 3781948.931841302197427 ], [ 403696.846388606296387, 3781948.321464903187007 ], [ 403696.846388606296387, 3781946.79552390659228 ], [ 403696.541200406907592, 3781946.49033570708707 ], [ 403696.541200406907592, 3781944.964394710026681 ], [ 403696.846388606296387, 3781944.659206510521472 ], [ 403696.846388606296387, 3781943.743641912471503 ], [ 403697.76195320446277, 3781942.828077314421535 ], [ 403697.76195320446277, 3781942.522889114916325 ], [ 403698.067141403851565, 3781942.217700915411115 ], [ 403698.37232960324036, 3781942.217700915411115 ], [ 403698.677517802629154, 3781941.912512716371566 ], [ 403699.287894201406743, 3781941.912512716371566 ], [ 403699.287894201406743, 3781942.522889114916325 ], [ 403699.593082400795538, 3781942.828077314421535 ], [ 403699.593082400795538, 3781943.133265513926744 ], [ 403700.203458799573127, 3781943.743641912471503 ], [ 403700.203458799573127, 3781946.18514750758186 ], [ 403699.898270600184333, 3781946.49033570708707 ], [ 403699.898270600184333, 3781946.79552390659228 ], [ 403699.593082400795538, 3781947.100712105631828 ], [ 403699.593082400795538, 3781948.626653102692217 ], [ 403699.287894201406743, 3781948.931841302197427 ], [ 403699.287894201406743, 3781949.237029501702636 ], [ 403698.982706002017949, 3781949.237029501702636 ], [ 403698.677517802629154, 3781949.542217700742185 ], [ 403697.76195320446277, 3781949.542217700742185 ] ] ] } },
{ "type": "Feature", "properties": { "confidence": 0.61286383867263794, "class": 1, "regularized": null }, "geometry": { "type": "Polygon", "coordinates": [ [ [ 403462.767039674450643, 3782246.18514750758186 ], [ 403462.767039674450643, 3782244.048830111976713 ], [ 403467.650050864671357, 3782244.048830111976713 ], [ 403467.650050864671357, 3782244.964394710026681 ], [ 403467.039674465893768, 3782245.574771109037101 ], [ 403466.734486266504973, 3782245.574771109037101 ], [ 403466.429298067116179, 3782245.87995930807665 ], [ 403465.818921668338589, 3782245.87995930807665 ], [ 403465.513733468949795, 3782246.18514750758186 ], [ 403462.767039674450643, 3782246.18514750758186 ] ] ] } },
{ "type": "Feature", "properties": { "confidence": 0.60883671045303345, "class": 1, "regularized": null }, "geometry": { "type": "Polygon", "coordinates": [ [ [ 403323.906408952199854, 3782087.792472024448216 ], [ 403323.601220752811059, 3782087.487283824943006 ], [ 403323.601220752811059, 3782086.571719226893038 ], [ 403323.906408952199854, 3782086.266531027387828 ], [ 403323.906408952199854, 3782085.656154628843069 ], [ 403324.211597151588649, 3782085.350966429337859 ], [ 403324.211597151588649, 3782085.045778229832649 ], [ 403325.127161749755032, 3782084.130213631782681 ], [ 403326.9582909460878, 3782084.130213631782681 ], [ 403327.263479145476595, 3782084.435401831287891 ], [ 403327.568667344865389, 3782084.435401831287891 ], [ 403328.484231943031773, 3782085.350966429337859 ], [ 403328.484231943031773, 3782085.656154628843069 ], [ 403328.789420142420568, 3782085.961342827882618 ], [ 403328.789420142420568, 3782086.876907426398247 ], [ 403328.484231943031773, 3782087.182095625437796 ], [ 403327.873855544254184, 3782087.182095625437796 ], [ 403327.568667344865389, 3782087.487283824943006 ], [ 403325.737538148532622, 3782087.487283824943006 ], [ 403325.432349949143827, 3782087.792472024448216 ], [ 403323.906408952199854, 3782087.792472024448216 ] ] ] } },
{ "type": "Feature", "properties": { "confidence": 0.60654997825622559, "class": 1, "regularized": null }, "geometry": { "type": "Polygon", "coordinates": [ [ [ 403773.753814852505457, 3782129.298067141324282 ], [ 403773.448626653116662, 3782128.992878941819072 ], [ 403772.533062054950278, 3782128.992878941819072 ], [ 403772.227873855561484, 3782128.687690742779523 ], [ 403771.922685656172689, 3782128.687690742779523 ], [ 403771.922685656172689, 3782128.382502543274313 ], [ 403771.3123092573951, 3782127.772126144263893 ], [ 403771.3123092573951, 3782126.856561546213925 ], [ 403778.63682604272617, 3782126.856561546213925 ], [ 403778.63682604272617, 3782127.161749745719135 ], [ 403778.331637843337376, 3782127.466937945224345 ], [ 403778.331637843337376, 3782128.077314343769103 ], [ 403777.416073245170992, 3782128.992878941819072 ], [ 403777.110885045782197, 3782128.992878941819072 ], [ 403776.805696846393403, 3782129.298067141324282 ], [ 403773.753814852505457, 3782129.298067141324282 ] ] ] } },
{ "type": "Feature", "properties": { "confidence": 0.5865587592124939, "class": 1, "regularized": null }, "geometry": { "type": "Polygon", "coordinates": [ [ [ 403732.248219735512976, 3781981.892166836187243 ], [ 403731.637843336735386, 3781981.281790437642485 ], [ 403731.637843336735386, 3781980.671414038632065 ], [ 403731.332655137346592, 3781980.366225839126855 ], [ 403731.332655137346592, 3781979.755849440582097 ], [ 403729.806714140402619, 3781978.229908443521708 ], [ 403729.806714140402619, 3781977.00915564596653 ], [ 403733.774160732456949, 3781977.00915564596653 ], [ 403734.689725330623332, 3781977.924720244016498 ], [ 403734.994913530012127, 3781977.924720244016498 ], [ 403734.994913530012127, 3781978.229908443521708 ], [ 403735.300101729400922, 3781978.535096643026918 ], [ 403735.300101729400922, 3781979.145473041571677 ], [ 403734.994913530012127, 3781979.450661241076887 ], [ 403734.994913530012127, 3781980.671414038632065 ], [ 403734.079348931845743, 3781981.586978636682034 ], [ 403733.774160732456949, 3781981.586978636682034 ], [ 403733.468972533068154, 3781981.892166836187243 ], [ 403732.248219735512976, 3781981.892166836187243 ] ] ] } },
{ "type": "Feature", "properties": { "confidence": 0.57187741994857788, "class": 1, "regularized": null }, "geometry": { "type": "Polygon", "coordinates": [ [ [ 403643.743641912529711, 3781886.063072227872908 ], [ 403643.743641912529711, 3781874.160732451826334 ], [ 403644.048830111918505, 3781874.160732451826334 ], [ 403644.048830111918505, 3781874.465920650865883 ], [ 403644.659206510696094, 3781875.076297049876302 ], [ 403644.964394710084889, 3781875.076297049876302 ], [ 403644.964394710084889, 3781875.381485249381512 ], [ 403645.269582909473684, 3781875.686673448421061 ], [ 403645.269582909473684, 3781876.297049847431481 ], [ 403645.574771108862478, 3781876.602238046936691 ], [ 403645.574771108862478, 3781876.907426245976239 ], [ 403645.879959308251273, 3781877.212614445481449 ], [ 403645.879959308251273, 3781877.517802644986659 ], [ 403646.185147507640067, 3781877.822990844491869 ], [ 403646.185147507640067, 3781878.433367243036628 ], [ 403646.490335707028862, 3781878.738555442541838 ], [ 403646.490335707028862, 3781884.23194303130731 ], [ 403646.185147507640067, 3781884.53713123081252 ], [ 403646.185147507640067, 3781884.84231943031773 ], [ 403645.269582909473684, 3781885.757884028367698 ], [ 403644.659206510696094, 3781885.757884028367698 ], [ 403644.3540183113073, 3781886.063072227872908 ], [ 403643.743641912529711, 3781886.063072227872908 ] ] ] } },
{ "type": "Feature", "properties": { "confidence": 0.56596958637237549, "class": 1, "regularized": null }, "geometry": { "type": "Polygon", "coordinates": [ [ [ 403247.914547304157168, 3781923.906408952083439 ], [ 403247.304170905379578, 3781923.29603255353868 ], [ 403247.304170905379578, 3781921.159715157467872 ], [ 403247.609359104768373, 3781920.854526958428323 ], [ 403247.609359104768373, 3781919.328585961367935 ], [ 403247.914547304157168, 3781919.023397761862725 ], [ 403247.914547304157168, 3781917.802644964307547 ], [ 403248.219735503545962, 3781917.497456764802337 ], [ 403248.219735503545962, 3781917.192268565762788 ], [ 403249.135300101712346, 3781916.276703967247158 ], [ 403250.661241098656319, 3781916.276703967247158 ], [ 403251.881993896211497, 3781917.497456764802337 ], [ 403252.187182095600292, 3781917.497456764802337 ], [ 403252.797558494377881, 3781918.107833163812757 ], [ 403253.102746693766676, 3781918.107833163812757 ], [ 403253.40793489315547, 3781918.413021363317966 ], [ 403253.40793489315547, 3781921.770091556478292 ], [ 403253.102746693766676, 3781922.075279755983502 ], [ 403252.797558494377881, 3781922.075279755983502 ], [ 403251.881993896211497, 3781922.99084435403347 ], [ 403251.576805696822703, 3781922.99084435403347 ], [ 403251.271617497433908, 3781923.29603255353868 ], [ 403250.966429298045114, 3781923.29603255353868 ], [ 403250.661241098656319, 3781923.601220752578229 ], [ 403250.356052899267524, 3781923.601220752578229 ], [ 403250.05086469987873, 3781923.906408952083439 ], [ 403247.914547304157168, 3781923.906408952083439 ] ] ] } },
{ "type": "Feature", "properties": { "confidence": 0.55678313970565796, "class": 1, "regularized": null }, "geometry": { "type": "Polygon", "coordinates": [ [ [ 403584.537131230928935, 3781901.017293998040259 ], [ 403583.926754832151346, 3781900.406917599029839 ], [ 403583.926754832151346, 3781898.880976602435112 ], [ 403584.231943031540141, 3781898.575788402929902 ], [ 403584.231943031540141, 3781898.270600203424692 ], [ 403584.84231943031773, 3781897.660223804879934 ], [ 403585.452695829095319, 3781897.660223804879934 ], [ 403585.757884028484114, 3781897.355035605374724 ], [ 403587.283825025428087, 3781897.355035605374724 ], [ 403587.283825025428087, 3781898.575788402929902 ], [ 403586.978636826039292, 3781898.880976602435112 ], [ 403586.978636826039292, 3781899.79654120048508 ], [ 403586.673448626650497, 3781900.10172939999029 ], [ 403586.673448626650497, 3781900.406917599029839 ], [ 403586.368260427261703, 3781900.712105798535049 ], [ 403586.368260427261703, 3781901.017293998040259 ], [ 403584.537131230928935, 3781901.017293998040259 ] ] ] } },
{ "type": "Feature", "properties": { "confidence": 0.55055779218673706, "class": 1, "regularized": null }, "geometry": { "type": "Polygon", "coordinates": [ [ [ 403454.221770091564395, 3781901.932858596090227 ], [ 403453.9165818921756, 3781901.627670396585017 ], [ 403453.611393692786805, 3781901.627670396585017 ], [ 403453.001017294009216, 3781901.017293998040259 ], [ 403452.695829094620422, 3781901.017293998040259 ], [ 403452.390640895231627, 3781900.712105798535049 ], [ 403451.169888097676449, 3781900.712105798535049 ], [ 403450.864699898287654, 3781900.406917599029839 ], [ 403450.254323499510065, 3781900.406917599029839 ], [ 403449.643947100732476, 3781899.79654120048508 ], [ 403449.338758901343681, 3781899.79654120048508 ], [ 403449.338758901343681, 3781898.575788402929902 ], [ 403449.033570701954886, 3781898.270600203424692 ], [ 403449.033570701954886, 3781897.049847405869514 ], [ 403448.728382502566092, 3781896.744659206364304 ], [ 403448.728382502566092, 3781895.218718209769577 ], [ 403448.423194303177297, 3781894.913530010264367 ], [ 403448.423194303177297, 3781893.692777212709188 ], [ 403448.728382502566092, 3781893.387589013203979 ], [ 403449.338758901343681, 3781893.387589013203979 ], [ 403449.643947100732476, 3781893.082400813698769 ], [ 403449.94913530012127, 3781893.387589013203979 ], [ 403449.94913530012127, 3781893.692777212709188 ], [ 403450.254323499510065, 3781893.997965412214398 ], [ 403450.559511698898859, 3781893.997965412214398 ], [ 403450.864699898287654, 3781894.303153611253947 ], [ 403451.475076297065243, 3781894.303153611253947 ], [ 403451.475076297065243, 3781894.608341810759157 ], [ 403451.780264496454038, 3781894.913530010264367 ], [ 403452.390640895231627, 3781894.913530010264367 ], [ 403452.695829094620422, 3781895.218718209769577 ], [ 403454.832146490341984, 3781895.218718209769577 ], [ 403455.137334689730778, 3781894.913530010264367 ], [ 403456.968463886063546, 3781894.913530010264367 ], [ 403456.968463886063546, 3781895.218718209769577 ], [ 403457.273652085452341, 3781895.523906408809125 ], [ 403457.273652085452341, 3781896.134282807819545 ], [ 403457.578840284841135, 3781896.439471007324755 ], [ 403457.578840284841135, 3781900.712105798535049 ], [ 403457.88402848422993, 3781901.017293998040259 ], [ 403457.88402848422993, 3781901.627670396585017 ], [ 403457.578840284841135, 3781901.932858596090227 ], [ 403454.221770091564395, 3781901.932858596090227 ] ] ] } },
{ "type": "Feature", "properties": { "confidence": 0.53235244750976562, "class": 1, "regularized": null }, "geometry": { "type": "Polygon", "coordinates": [ [ [ 403273.245167853485327, 3781933.062054933980107 ], [ 403272.939979654096533, 3781932.756866734474897 ], [ 403272.024415055930149, 3781932.756866734474897 ], [ 403271.719226856541354, 3781932.451678534969687 ], [ 403271.719226856541354, 3781931.230925737414509 ], [ 403272.024415055930149, 3781930.92573753837496 ], [ 403272.024415055930149, 3781930.62054933886975 ], [ 403272.329603255318943, 3781930.62054933886975 ], [ 403274.160732451651711, 3781928.789420142304152 ], [ 403274.465920651040506, 3781928.789420142304152 ], [ 403275.381485249265097, 3781927.873855544254184 ], [ 403275.686673448653892, 3781927.873855544254184 ], [ 403275.991861648042686, 3781927.568667344748974 ], [ 403277.212614445597865, 3781927.568667344748974 ], [ 403277.517802644986659, 3781927.873855544254184 ], [ 403277.517802644986659, 3781928.484231942798942 ], [ 403277.212614445597865, 3781928.789420142304152 ], [ 403277.212614445597865, 3781929.094608341809362 ], [ 403276.90742624620907, 3781929.399796541314572 ], [ 403276.90742624620907, 3781929.704984740819782 ], [ 403275.991861648042686, 3781930.62054933886975 ], [ 403275.991861648042686, 3781930.92573753837496 ], [ 403275.076297049876302, 3781931.841302136424929 ], [ 403274.7711088504293, 3781931.841302136424929 ], [ 403273.550356052874122, 3781933.062054933980107 ], [ 403273.245167853485327, 3781933.062054933980107 ] ] ] } },
{ "type": "Feature", "properties": { "confidence": 0.52791965007781982, "class": 1, "regularized": null }, "geometry": { "type": "Polygon", "coordinates": [ [ [ 403664.801627670414746, 3782143.947100711986423 ], [ 403664.496439471025951, 3782143.641912512946874 ], [ 403664.496439471025951, 3782141.810783316381276 ], [ 403664.801627670414746, 3782141.505595116876066 ], [ 403664.801627670414746, 3782140.895218718331307 ], [ 403665.10681586980354, 3782140.895218718331307 ], [ 403665.412004069192335, 3782140.590030518826097 ], [ 403666.632756866747513, 3782140.590030518826097 ], [ 403667.548321464913897, 3782141.505595116876066 ], [ 403667.853509664302692, 3782141.505595116876066 ], [ 403667.853509664302692, 3782142.726347914431244 ], [ 403666.632756866747513, 3782143.947100711986423 ], [ 403664.801627670414746, 3782143.947100711986423 ] ] ] } },
{ "type": "Feature", "properties": { "confidence": 0.5244554877281189, "class": 1, "regularized": null }, "geometry": { "type": "Polygon", "coordinates": [ [ [ 403553.102746693766676, 3781916.581892166752368 ], [ 403552.797558494377881, 3781916.276703967247158 ], [ 403552.797558494377881, 3781915.97151576820761 ], [ 403552.492370294989087, 3781915.6663275687024 ], [ 403552.492370294989087, 3781914.445574771147221 ], [ 403552.797558494377881, 3781914.140386571642011 ], [ 403552.797558494377881, 3781912.919633774086833 ], [ 403553.102746693766676, 3781912.614445574581623 ], [ 403553.102746693766676, 3781911.088504577986896 ], [ 403553.40793489315547, 3781910.783316378481686 ], [ 403553.40793489315547, 3781910.172939979471266 ], [ 403554.628687690768857, 3781910.172939979471266 ], [ 403554.933875890157651, 3781909.867751780431718 ], [ 403555.54425228893524, 3781909.867751780431718 ], [ 403555.849440488324035, 3781909.562563580926508 ], [ 403556.15462868771283, 3781909.562563580926508 ], [ 403556.459816887101624, 3781909.867751780431718 ], [ 403556.459816887101624, 3781911.088504577986896 ], [ 403556.15462868771283, 3781911.393692777026445 ], [ 403556.15462868771283, 3781912.614445574581623 ], [ 403555.849440488324035, 3781912.919633774086833 ], [ 403555.849440488324035, 3781914.140386571642011 ], [ 403555.54425228893524, 3781914.445574771147221 ], [ 403555.54425228893524, 3781915.6663275687024 ], [ 403553.713123092602473, 3781915.6663275687024 ], [ 403553.102746693766676, 3781916.276703967247158 ], [ 403553.102746693766676, 3781916.581892166752368 ] ] ] } },
{ "type": "Feature", "properties": { "confidence": 0.51504749059677124, "class": 1, "regularized": null }, "geometry": { "type": "Polygon", "coordinates": [ [ [ 403277.212614445597865, 3782263.275686673354357 ], [ 403276.297049847431481, 3782262.360122075304389 ], [ 403276.297049847431481, 3782261.749745676293969 ], [ 403275.991861648042686, 3782261.444557477254421 ], [ 403275.991861648042686, 3782260.528992878738791 ], [ 403275.686673448653892, 3782260.223804679699242 ], [ 403275.686673448653892, 3782257.171922685578465 ], [ 403275.991861648042686, 3782256.866734486073256 ], [ 403275.991861648042686, 3782255.340793489478528 ], [ 403276.297049847431481, 3782255.035605289973319 ], [ 403276.297049847431481, 3782254.730417090468109 ], [ 403276.602238046820275, 3782254.730417090468109 ], [ 403276.90742624620907, 3782254.425228890962899 ], [ 403277.517802644986659, 3782254.425228890962899 ], [ 403277.822990844375454, 3782254.12004069192335 ], [ 403278.433367243153043, 3782254.12004069192335 ], [ 403278.738555442541838, 3782253.81485249241814 ], [ 403281.790437436429784, 3782253.81485249241814 ], [ 403282.095625635818578, 3782254.12004069192335 ], [ 403282.400813835207373, 3782254.12004069192335 ], [ 403282.400813835207373, 3782254.425228890962899 ], [ 403282.706002034596168, 3782254.730417090468109 ], [ 403282.706002034596168, 3782255.951169888023287 ], [ 403283.011190233984962, 3782256.256358087528497 ], [ 403283.011190233984962, 3782256.561546287033707 ], [ 403283.621566632762551, 3782257.171922685578465 ], [ 403283.621566632762551, 3782258.392675483133644 ], [ 403283.316378433373757, 3782258.697863682638854 ], [ 403283.316378433373757, 3782259.003051882144064 ], [ 403283.011190233984962, 3782259.003051882144064 ], [ 403282.095625635818578, 3782259.918616480194032 ], [ 403281.790437436429784, 3782259.918616480194032 ], [ 403280.8748728382634, 3782260.834181078244001 ], [ 403280.8748728382634, 3782261.139369277749211 ], [ 403279.348931841319427, 3782262.665310274809599 ], [ 403279.043743641930632, 3782262.665310274809599 ], [ 403278.738555442541838, 3782262.970498473849148 ], [ 403278.433367243153043, 3782262.970498473849148 ], [ 403278.128179043764248, 3782263.275686673354357 ], [ 403277.212614445597865, 3782263.275686673354357 ] ] ] } },
{ "type": "Feature", "properties": { "confidence": 0.5080564022064209, "class": 1, "regularized": null }, "geometry": { "type": "Polygon", "coordinates": [ [ [ 403647.100712105806451, 3782155.544252288993448 ], [ 403646.795523906417657, 3782155.239064089488238 ], [ 403645.269582909473684, 3782155.239064089488238 ], [ 403644.964394710084889, 3782154.933875889983028 ], [ 403644.964394710084889, 3782150.356052899267524 ], [ 403644.659206510696094, 3782150.050864699762315 ], [ 403644.659206510696094, 3782148.830111902207136 ], [ 403644.3540183113073, 3782148.524923703167588 ], [ 403644.659206510696094, 3782148.219735503662378 ], [ 403644.659206510696094, 3782147.914547304157168 ], [ 403645.269582909473684, 3782147.914547304157168 ], [ 403645.879959308251273, 3782148.524923703167588 ], [ 403646.185147507640067, 3782148.524923703167588 ], [ 403646.795523906417657, 3782149.135300101712346 ], [ 403647.405900305195246, 3782149.135300101712346 ], [ 403648.016276703972835, 3782149.745676500722766 ], [ 403648.016276703972835, 3782150.050864699762315 ], [ 403648.32146490336163, 3782150.356052899267524 ], [ 403648.32146490336163, 3782151.271617497317493 ], [ 403648.626653102750424, 3782151.576805696822703 ], [ 403648.626653102750424, 3782154.933875889983028 ], [ 403648.32146490336163, 3782155.239064089488238 ], [ 403647.405900305195246, 3782155.239064089488238 ], [ 403647.100712105806451, 3782155.544252288993448 ] ] ] } },
{ "type": "Feature", "properties": { "confidence": 0.50714218616485596, "class": 1, "regularized": null }, "geometry": { "type": "Polygon", "coordinates": [ [ [ 403497.863682604278438, 3781900.406917599029839 ], [ 403497.558494404889643, 3781900.10172939999029 ], [ 403496.337741607334465, 3781900.10172939999029 ], [ 403496.03255340794567, 3781899.79654120048508 ], [ 403494.201424211612903, 3781899.79654120048508 ], [ 403493.896236012224108, 3781900.10172939999029 ], [ 403492.370295015280135, 3781900.10172939999029 ], [ 403491.454730417113751, 3781899.186164801474661 ], [ 403491.454730417113751, 3781898.880976602435112 ], [ 403491.149542217724957, 3781898.575788402929902 ], [ 403491.149542217724957, 3781898.270600203424692 ], [ 403490.844354018336162, 3781897.965412003919482 ], [ 403490.844354018336162, 3781896.744659206364304 ], [ 403490.539165818947367, 3781896.439471007324755 ], [ 403490.539165818947367, 3781893.082400813698769 ], [ 403490.844354018336162, 3781892.77721261465922 ], [ 403490.844354018336162, 3781892.47202441515401 ], [ 403492.370295015280135, 3781890.946083418093622 ], [ 403492.980671414057724, 3781890.946083418093622 ], [ 403493.285859613446519, 3781890.640895218588412 ], [ 403495.116988809779286, 3781890.640895218588412 ], [ 403495.422177009168081, 3781890.946083418093622 ], [ 403496.337741607334465, 3781890.946083418093622 ], [ 403497.253306205500849, 3781891.86164801614359 ], [ 403497.863682604278438, 3781891.86164801614359 ], [ 403498.168870803667232, 3781891.556459817104042 ], [ 403498.474059003056027, 3781891.86164801614359 ], [ 403499.084435401833616, 3781891.86164801614359 ], [ 403500.0, 3781892.77721261465922 ], [ 403500.0, 3781896.744659206364304 ], [ 403499.694811800611205, 3781897.049847405869514 ], [ 403499.694811800611205, 3781897.965412003919482 ], [ 403499.389623601222411, 3781898.270600203424692 ], [ 403499.389623601222411, 3781899.491353000979871 ], [ 403498.779247202444822, 3781900.10172939999029 ], [ 403498.474059003056027, 3781900.10172939999029 ], [ 403498.168870803667232, 3781900.406917599029839 ], [ 403497.863682604278438, 3781900.406917599029839 ] ] ] } },
{ "type": "Feature", "properties": { "confidence": 0.50544559955596924, "class": 1, "regularized": null }, "geometry": { "type": "Polygon", "coordinates": [ [ [ 403678.840284842299297, 3781931.230925737414509 ], [ 403678.840284842299297, 3781930.92573753837496 ], [ 403678.535096642910503, 3781930.62054933886975 ], [ 403678.535096642910503, 3781930.315361139364541 ], [ 403678.229908443521708, 3781930.010172939859331 ], [ 403678.229908443521708, 3781929.704984740819782 ], [ 403677.924720244132914, 3781929.399796541314572 ], [ 403677.924720244132914, 3781927.873855544254184 ], [ 403678.535096642910503, 3781927.873855544254184 ], [ 403678.840284842299297, 3781927.568667344748974 ], [ 403681.281790437409654, 3781927.568667344748974 ], [ 403681.586978636798449, 3781927.873855544254184 ], [ 403681.892166836187243, 3781927.873855544254184 ], [ 403681.892166836187243, 3781929.704984740819782 ], [ 403681.586978636798449, 3781930.010172939859331 ], [ 403681.586978636798449, 3781931.230925737414509 ], [ 403678.840284842299297, 3781931.230925737414509 ] ] ] } },
{ "type": "Feature", "properties": { "confidence": 0.48474335670471191, "class": 1, "regularized": null }, "geometry": { "type": "Polygon", "coordinates": [ [ [ 403249.745676500489935, 3782257.782299084588885 ], [ 403249.440488301101141, 3782257.477110885083675 ], [ 403249.440488301101141, 3782256.561546287033707 ], [ 403249.745676500489935, 3782256.256358087528497 ], [ 403249.745676500489935, 3782255.645981688518077 ], [ 403250.05086469987873, 3782255.340793489478528 ], [ 403250.05086469987873, 3782252.899287894368172 ], [ 403249.135300101712346, 3782251.983723295852542 ], [ 403249.135300101712346, 3782250.762970498297364 ], [ 403248.830111902323551, 3782250.457782299257815 ], [ 403248.830111902323551, 3782248.626653102692217 ], [ 403249.135300101712346, 3782248.321464903187007 ], [ 403249.135300101712346, 3782247.711088504642248 ], [ 403249.440488301101141, 3782247.711088504642248 ], [ 403250.356052899267524, 3782246.79552390659228 ], [ 403253.40793489315547, 3782246.79552390659228 ], [ 403254.018311291991267, 3782247.405900305137038 ], [ 403254.018311291991267, 3782247.711088504642248 ], [ 403254.628687690768857, 3782248.321464903187007 ], [ 403254.933875890157651, 3782248.321464903187007 ], [ 403255.239064089546446, 3782248.626653102692217 ], [ 403257.680569684656803, 3782248.626653102692217 ], [ 403257.985757884045597, 3782248.321464903187007 ], [ 403258.290946083434392, 3782248.626653102692217 ], [ 403258.901322482211981, 3782248.626653102692217 ], [ 403259.206510681600776, 3782248.931841302197427 ], [ 403259.206510681600776, 3782250.457782299257815 ], [ 403258.901322482211981, 3782250.762970498297364 ], [ 403258.901322482211981, 3782251.373346897307783 ], [ 403258.596134282823186, 3782251.678535096812993 ], [ 403258.596134282823186, 3782252.288911495357752 ], [ 403258.290946083434392, 3782252.594099694862962 ], [ 403258.290946083434392, 3782252.899287894368172 ], [ 403256.765005086490419, 3782254.425228890962899 ], [ 403256.459816887101624, 3782254.425228890962899 ], [ 403255.54425228893524, 3782255.340793489478528 ], [ 403254.323499491380062, 3782255.340793489478528 ], [ 403254.018311291991267, 3782255.645981688518077 ], [ 403253.713123092602473, 3782255.645981688518077 ], [ 403253.40793489315547, 3782255.951169888023287 ], [ 403253.102746693766676, 3782255.951169888023287 ], [ 403251.881993896211497, 3782257.171922685578465 ], [ 403251.576805696822703, 3782257.171922685578465 ], [ 403251.271617497433908, 3782257.477110885083675 ], [ 403250.966429298045114, 3782257.477110885083675 ], [ 403250.661241098656319, 3782257.782299084588885 ], [ 403249.745676500489935, 3782257.782299084588885 ] ] ] } },
{ "type": "Feature", "properties": { "confidence": 0.45714917778968811, "class": 1, "regularized": null }, "geometry": { "type": "Polygon", "coordinates": [ [ [ 403670.295015259413049, 3781964.496439470909536 ], [ 403669.989827060024254, 3781964.191251271404326 ], [ 403669.684638860635459, 3781964.191251271404326 ], [ 403669.379450661246665, 3781963.886063072364777 ], [ 403668.769074262469076, 3781963.886063072364777 ], [ 403668.769074262469076, 3781961.139369277749211 ], [ 403669.989827060024254, 3781961.139369277749211 ], [ 403670.295015259413049, 3781961.444557477254421 ], [ 403670.600203458801843, 3781961.444557477254421 ], [ 403670.905391658190638, 3781961.749745676293969 ], [ 403671.820956256357022, 3781961.749745676293969 ], [ 403672.126144455745816, 3781962.054933875799179 ], [ 403673.0417090539122, 3781962.054933875799179 ], [ 403673.0417090539122, 3781962.970498473849148 ], [ 403672.126144455745816, 3781963.886063072364777 ], [ 403671.820956256357022, 3781963.886063072364777 ], [ 403671.515768056968227, 3781964.191251271404326 ], [ 403670.600203458801843, 3781964.191251271404326 ], [ 403670.295015259413049, 3781964.496439470909536 ] ] ] } },
{ "type": "Feature", "properties": { "confidence": 0.45222917199134827, "class": 1, "regularized": null }, "geometry": { "type": "Polygon", "coordinates": [ [ [ 403679.145473041688092, 3782150.661241098772734 ], [ 403678.535096642910503, 3782150.050864699762315 ], [ 403678.535096642910503, 3782147.914547304157168 ], [ 403678.840284842299297, 3782147.609359104651958 ], [ 403678.840284842299297, 3782147.304170905612409 ], [ 403679.145473041688092, 3782146.998982706107199 ], [ 403679.755849440465681, 3782146.998982706107199 ], [ 403680.061037639854476, 3782146.693794506601989 ], [ 403681.281790437409654, 3782146.693794506601989 ], [ 403681.892166836187243, 3782146.083418108057231 ], [ 403682.50254323502304, 3782146.083418108057231 ], [ 403682.807731434411835, 3782145.778229908552021 ], [ 403683.11291963380063, 3782146.083418108057231 ], [ 403684.028484231967013, 3782146.083418108057231 ], [ 403684.028484231967013, 3782146.388606307096779 ], [ 403684.333672431355808, 3782146.693794506601989 ], [ 403684.333672431355808, 3782146.998982706107199 ], [ 403684.638860630744603, 3782147.304170905612409 ], [ 403684.638860630744603, 3782148.219735503662378 ], [ 403684.333672431355808, 3782148.524923703167588 ], [ 403684.333672431355808, 3782149.440488301217556 ], [ 403683.418107833189424, 3782150.356052899267524 ], [ 403683.11291963380063, 3782150.356052899267524 ], [ 403682.807731434411835, 3782150.661241098772734 ], [ 403679.145473041688092, 3782150.661241098772734 ] ] ] } },
{ "type": "Feature", "properties": { "confidence": 0.44728884100914001, "class": 1, "regularized": null }, "geometry": { "type": "Polygon", "coordinates": [ [ [ 403440.183112919621635, 3781922.99084435403347 ], [ 403439.877924720232841, 3781922.68565615452826 ], [ 403438.962360122066457, 3781922.68565615452826 ], [ 403438.962360122066457, 3781922.38046795502305 ], [ 403438.657171922677662, 3781922.075279755983502 ], [ 403438.657171922677662, 3781921.770091556478292 ], [ 403438.351983723288868, 3781921.464903356973082 ], [ 403438.351983723288868, 3781919.938962359912694 ], [ 403438.046795523900073, 3781919.633774160873145 ], [ 403438.046795523900073, 3781919.023397761862725 ], [ 403437.741607324511278, 3781918.718209562357515 ], [ 403438.046795523900073, 3781918.413021363317966 ], [ 403438.046795523900073, 3781916.887080366257578 ], [ 403438.657171922677662, 3781916.276703967247158 ], [ 403438.962360122066457, 3781916.276703967247158 ], [ 403439.267548321455251, 3781915.97151576820761 ], [ 403440.793489318399224, 3781915.97151576820761 ], [ 403441.098677517788019, 3781916.276703967247158 ], [ 403441.403865717176814, 3781916.276703967247158 ], [ 403442.014242115954403, 3781916.887080366257578 ], [ 403442.014242115954403, 3781917.192268565762788 ], [ 403442.319430315343197, 3781917.497456764802337 ], [ 403442.319430315343197, 3781918.413021363317966 ], [ 403442.624618514731992, 3781918.718209562357515 ], [ 403442.624618514731992, 3781919.938962359912694 ], [ 403442.929806714120787, 3781920.244150559417903 ], [ 403442.929806714120787, 3781922.68565615452826 ], [ 403442.624618514731992, 3781922.99084435403347 ], [ 403440.183112919621635, 3781922.99084435403347 ] ] ] } },
{ "type": "Feature", "properties": { "confidence": 0.43406715989112854, "class": 1, "regularized": null }, "geometry": { "type": "Polygon", "coordinates": [ [ [ 403436.215666327567305, 3782132.349949135445058 ], [ 403436.215666327567305, 3782129.603255340829492 ], [ 403435.910478128178511, 3782129.298067141324282 ], [ 403435.910478128178511, 3782128.992878941819072 ], [ 403435.300101729400922, 3782128.382502543274313 ], [ 403434.994913530012127, 3782128.382502543274313 ], [ 403434.994913530012127, 3782126.856561546213925 ], [ 403439.572736520844046, 3782126.856561546213925 ], [ 403439.572736520844046, 3782127.161749745719135 ], [ 403439.877924720232841, 3782127.466937945224345 ], [ 403439.877924720232841, 3782128.382502543274313 ], [ 403439.572736520844046, 3782128.687690742779523 ], [ 403439.572736520844046, 3782130.82400813838467 ], [ 403438.657171922677662, 3782131.739572736434639 ], [ 403438.657171922677662, 3782132.044760935939848 ], [ 403437.741607324511278, 3782132.044760935939848 ], [ 403437.436419125122484, 3782132.349949135445058 ], [ 403436.215666327567305, 3782132.349949135445058 ] ] ] } },
{ "type": "Feature", "properties": { "confidence": 0.42731344699859619, "class": 1, "regularized": null }, "geometry": { "type": "Polygon", "coordinates": [ [ [ 403639.776195320475381, 3781960.528992878738791 ], [ 403639.471007121086586, 3781960.223804679699242 ], [ 403639.165818921639584, 3781960.223804679699242 ], [ 403638.555442522861995, 3781959.613428280688822 ], [ 403638.555442522861995, 3781959.308240081183612 ], [ 403637.945066124084406, 3781958.697863682638854 ], [ 403637.945066124084406, 3781958.392675483133644 ], [ 403637.639877924695611, 3781958.087487283628434 ], [ 403637.945066124084406, 3781957.782299084588885 ], [ 403637.945066124084406, 3781957.171922685578465 ], [ 403637.639877924695611, 3781956.866734486073256 ], [ 403637.639877924695611, 3781956.561546287033707 ], [ 403635.808748728362843, 3781954.730417090468109 ], [ 403635.808748728362843, 3781953.81485249241814 ], [ 403635.503560528974049, 3781953.50966429291293 ], [ 403635.503560528974049, 3781953.20447609340772 ], [ 403635.808748728362843, 3781952.899287894368172 ], [ 403635.808748728362843, 3781952.594099694862962 ], [ 403636.113936927751638, 3781952.288911495357752 ], [ 403639.165818921639584, 3781952.288911495357752 ], [ 403639.471007121086586, 3781952.594099694862962 ], [ 403640.081383519864175, 3781952.594099694862962 ], [ 403640.38657171925297, 3781952.899287894368172 ], [ 403640.996948118030559, 3781952.899287894368172 ], [ 403641.302136317419354, 3781953.20447609340772 ], [ 403641.607324516808148, 3781953.20447609340772 ], [ 403642.522889114974532, 3781954.12004069192335 ], [ 403642.828077314363327, 3781954.12004069192335 ], [ 403643.133265513752121, 3781954.425228890962899 ], [ 403643.438453713140916, 3781954.425228890962899 ], [ 403644.3540183113073, 3781955.340793489478528 ], [ 403644.3540183113073, 3781955.951169888023287 ], [ 403643.743641912529711, 3781956.561546287033707 ], [ 403643.743641912529711, 3781957.171922685578465 ], [ 403643.438453713140916, 3781957.477110885083675 ], [ 403643.438453713140916, 3781958.392675483133644 ], [ 403643.133265513752121, 3781958.697863682638854 ], [ 403643.133265513752121, 3781959.003051882144064 ], [ 403642.828077314363327, 3781959.308240081183612 ], [ 403642.828077314363327, 3781959.613428280688822 ], [ 403642.217700915585738, 3781960.223804679699242 ], [ 403641.912512716196943, 3781960.223804679699242 ], [ 403641.607324516808148, 3781960.528992878738791 ], [ 403639.776195320475381, 3781960.528992878738791 ] ] ] } },
{ "type": "Feature", "properties": { "confidence": 0.42469882965087891, "class": 1, "regularized": null }, "geometry": { "type": "Polygon", "coordinates": [ [ [ 403493.591047812835313, 3782252.899287894368172 ], [ 403493.285859613446519, 3782252.594099694862962 ], [ 403492.980671414057724, 3782252.594099694862962 ], [ 403492.370295015280135, 3782251.983723295852542 ], [ 403492.370295015280135, 3782251.678535096812993 ], [ 403492.06510681589134, 3782251.373346897307783 ], [ 403491.759918616502546, 3782251.373346897307783 ], [ 403491.759918616502546, 3782250.762970498297364 ], [ 403491.454730417113751, 3782250.457782299257815 ], [ 403491.454730417113751, 3782246.79552390659228 ], [ 403491.759918616502546, 3782246.49033570708707 ], [ 403491.759918616502546, 3782246.18514750758186 ], [ 403492.370295015280135, 3782245.574771109037101 ], [ 403492.370295015280135, 3782244.964394710026681 ], [ 403492.67548321466893, 3782244.659206510521472 ], [ 403493.896236012224108, 3782244.659206510521472 ], [ 403494.201424211612903, 3782244.354018311481923 ], [ 403494.201424211612903, 3782244.048830111976713 ], [ 403495.422177009168081, 3782244.048830111976713 ], [ 403495.422177009168081, 3782244.354018311481923 ], [ 403495.727365208556876, 3782244.659206510521472 ], [ 403495.727365208556876, 3782245.269582909531891 ], [ 403496.03255340794567, 3782245.574771109037101 ], [ 403496.03255340794567, 3782246.49033570708707 ], [ 403496.337741607334465, 3782246.79552390659228 ], [ 403496.337741607334465, 3782250.457782299257815 ], [ 403496.03255340794567, 3782250.762970498297364 ], [ 403496.03255340794567, 3782251.068158697802573 ], [ 403495.422177009168081, 3782251.678535096812993 ], [ 403495.422177009168081, 3782251.983723295852542 ], [ 403494.506612411001697, 3782252.899287894368172 ], [ 403493.591047812835313, 3782252.899287894368172 ] ] ] } },
{ "type": "Feature", "properties": { "confidence": 0.42414280772209167, "class": 1, "regularized": null }, "geometry": { "type": "Polygon", "coordinates": [ [ [ 403624.516785350977443, 3782142.726347914431244 ], [ 403624.211597151588649, 3782142.421159714926034 ], [ 403621.159715157700703, 3782142.421159714926034 ], [ 403620.549338758923113, 3782141.810783316381276 ], [ 403620.549338758923113, 3782141.505595116876066 ], [ 403620.854526958311908, 3782141.200406917370856 ], [ 403620.854526958311908, 3782140.895218718331307 ], [ 403622.685656154644676, 3782139.064089521765709 ], [ 403622.99084435403347, 3782139.064089521765709 ], [ 403625.127161749755032, 3782136.927772126160562 ], [ 403625.432349949143827, 3782136.927772126160562 ], [ 403626.042726347921416, 3782136.317395727150142 ], [ 403626.653102746699005, 3782136.317395727150142 ], [ 403626.9582909460878, 3782136.012207528110594 ], [ 403628.484231943031773, 3782136.012207528110594 ], [ 403628.789420142420568, 3782136.317395727150142 ], [ 403629.094608341809362, 3782136.317395727150142 ], [ 403629.399796541198157, 3782136.622583926655352 ], [ 403629.399796541198157, 3782137.232960325665772 ], [ 403629.094608341809362, 3782137.538148524705321 ], [ 403629.094608341809362, 3782137.843336724210531 ], [ 403628.179043743642978, 3782138.758901322260499 ], [ 403628.179043743642978, 3782139.064089521765709 ], [ 403627.873855544254184, 3782139.369277721270919 ], [ 403627.873855544254184, 3782139.674465920776129 ], [ 403627.568667344865389, 3782139.979654119815677 ], [ 403627.568667344865389, 3782140.590030518826097 ], [ 403627.263479145476595, 3782140.895218718331307 ], [ 403627.263479145476595, 3782141.200406917370856 ], [ 403626.042726347921416, 3782142.421159714926034 ], [ 403624.821973550366238, 3782142.421159714926034 ], [ 403624.516785350977443, 3782142.726347914431244 ] ] ] } },
{ "type": "Feature", "properties": { "confidence": 0.3970123827457428, "class": 1, "regularized": null }, "geometry": { "type": "Polygon", "coordinates": [ [ [ 403646.185147507640067, 3782155.544252288993448 ], [ 403645.879959308251273, 3782155.239064089488238 ], [ 403642.828077314363327, 3782155.239064089488238 ], [ 403642.522889114974532, 3782154.933875889983028 ], [ 403642.217700915585738, 3782154.933875889983028 ], [ 403641.607324516808148, 3782154.32349949143827 ], [ 403641.607324516808148, 3782151.576805696822703 ], [ 403641.302136317419354, 3782151.271617497317493 ], [ 403641.302136317419354, 3782150.661241098772734 ], [ 403640.996948118030559, 3782150.356052899267524 ], [ 403641.302136317419354, 3782150.050864699762315 ], [ 403641.302136317419354, 3782149.440488301217556 ], [ 403641.607324516808148, 3782149.440488301217556 ], [ 403641.912512716196943, 3782149.135300101712346 ], [ 403642.217700915585738, 3782149.135300101712346 ], [ 403642.522889114974532, 3782148.830111902207136 ], [ 403642.828077314363327, 3782148.830111902207136 ], [ 403643.438453713140916, 3782148.219735503662378 ], [ 403643.438453713140916, 3782147.914547304157168 ], [ 403643.743641912529711, 3782147.609359104651958 ], [ 403643.743641912529711, 3782147.304170905612409 ], [ 403644.048830111918505, 3782147.304170905612409 ], [ 403644.3540183113073, 3782146.998982706107199 ], [ 403644.659206510696094, 3782146.998982706107199 ], [ 403647.100712105806451, 3782149.440488301217556 ], [ 403647.405900305195246, 3782149.440488301217556 ], [ 403647.71108850458404, 3782149.745676500722766 ], [ 403647.71108850458404, 3782150.050864699762315 ], [ 403648.016276703972835, 3782150.356052899267524 ], [ 403648.016276703972835, 3782154.933875889983028 ], [ 403647.71108850458404, 3782155.239064089488238 ], [ 403647.405900305195246, 3782155.239064089488238 ], [ 403647.100712105806451, 3782155.544252288993448 ], [ 403646.185147507640067, 3782155.544252288993448 ] ] ] } },
{ "type": "Feature", "properties": { "confidence": 0.38775178790092468, "class": 1, "regularized": null }, "geometry": { "type": "Polygon", "coordinates": [ [ [ 403787.792472024390008, 3781864.089521871879697 ], [ 403787.182095625612419, 3781863.479145472869277 ], [ 403787.487283825001214, 3781863.173957273829728 ], [ 403787.487283825001214, 3781862.258392675314099 ], [ 403785.961342828057241, 3781860.732451678719372 ], [ 403785.961342828057241, 3781859.816887080203742 ], [ 403786.57171922683483, 3781859.206510681658983 ], [ 403786.57171922683483, 3781857.070193286053836 ], [ 403788.708036622556392, 3781857.070193286053836 ], [ 403789.928789420169778, 3781858.290946083609015 ], [ 403790.233977619558573, 3781858.290946083609015 ], [ 403790.539165818947367, 3781858.596134282648563 ], [ 403790.844354018336162, 3781858.596134282648563 ], [ 403791.149542217724957, 3781858.901322482153773 ], [ 403791.149542217724957, 3781860.122075279708952 ], [ 403790.844354018336162, 3781860.427263479214162 ], [ 403790.844354018336162, 3781861.03763987775892 ], [ 403790.233977619558573, 3781861.64801627676934 ], [ 403790.233977619558573, 3781861.95320447627455 ], [ 403789.928789420169778, 3781862.258392675314099 ], [ 403789.928789420169778, 3781862.563580874819309 ], [ 403789.623601220780984, 3781862.868769074324518 ], [ 403789.623601220780984, 3781863.173957273829728 ], [ 403789.013224821945187, 3781863.784333672374487 ], [ 403788.097660223778803, 3781863.784333672374487 ], [ 403787.792472024390008, 3781864.089521871879697 ] ] ] } },
{ "type": "Feature", "properties": { "confidence": 0.38718545436859131, "class": 1, "regularized": null }, "geometry": { "type": "Polygon", "coordinates": [ [ [ 403361.7497456765268, 3782079.857578840106726 ], [ 403361.444557477138005, 3782079.552390641067177 ], [ 403361.139369277749211, 3782079.552390641067177 ], [ 403360.834181078360416, 3782079.247202441561967 ], [ 403358.392675483191852, 3782079.247202441561967 ], [ 403358.087487283803057, 3782079.552390641067177 ], [ 403357.782299084414262, 3782079.247202441561967 ], [ 403357.477110885025468, 3782079.247202441561967 ], [ 403357.477110885025468, 3782078.331637843511999 ], [ 403356.866734486247879, 3782077.721261444501579 ], [ 403356.866734486247879, 3782076.5005086469464 ], [ 403357.171922685636673, 3782076.5005086469464 ], [ 403357.477110885025468, 3782076.19532044744119 ], [ 403358.087487283803057, 3782076.19532044744119 ], [ 403358.392675483191852, 3782075.890132248401642 ], [ 403359.003051881969441, 3782075.890132248401642 ], [ 403359.308240081358235, 3782075.584944048896432 ], [ 403359.61342828074703, 3782075.584944048896432 ], [ 403359.918616480135825, 3782075.279755849391222 ], [ 403360.223804679524619, 3782075.279755849391222 ], [ 403361.139369277749211, 3782074.364191251341254 ], [ 403361.444557477138005, 3782074.364191251341254 ], [ 403361.7497456765268, 3782074.059003051836044 ], [ 403362.054933875915594, 3782074.059003051836044 ], [ 403363.580874872859567, 3782075.584944048896432 ], [ 403363.580874872859567, 3782076.5005086469464 ], [ 403363.275686673470773, 3782076.80569684645161 ], [ 403363.275686673470773, 3782077.11088504595682 ], [ 403362.665310274693184, 3782077.721261444501579 ], [ 403362.665310274693184, 3782078.636826042551547 ], [ 403362.360122075304389, 3782078.636826042551547 ], [ 403362.054933875915594, 3782078.942014242056757 ], [ 403362.054933875915594, 3782079.857578840106726 ], [ 403361.7497456765268, 3782079.857578840106726 ] ] ] } },
{ "type": "Feature", "properties": { "confidence": 0.38571256399154663, "class": 1, "regularized": null }, "geometry": { "type": "Polygon", "coordinates": [ [ [ 403522.583926754829008, 3781909.867751780431718 ], [ 403522.278738555440214, 3781909.562563580926508 ], [ 403521.668362156662624, 3781909.562563580926508 ], [ 403521.36317395727383, 3781909.257375381421298 ], [ 403521.36317395727383, 3781907.426246185321361 ], [ 403520.447609359107446, 3781906.510681586805731 ], [ 403520.142421159718651, 3781906.510681586805731 ], [ 403519.837232960329857, 3781906.205493387766182 ], [ 403519.532044760941062, 3781906.205493387766182 ], [ 403519.532044760941062, 3781905.900305188260972 ], [ 403519.226856561552268, 3781905.595116988755763 ], [ 403518.921668362163473, 3781905.595116988755763 ], [ 403518.616480162774678, 3781905.289928789250553 ], [ 403518.616480162774678, 3781904.374364191200584 ], [ 403518.311291963385884, 3781904.069175991695374 ], [ 403518.311291963385884, 3781901.627670396585017 ], [ 403518.616480162774678, 3781901.322482197545469 ], [ 403518.616480162774678, 3781899.186164801474661 ], [ 403518.311291963385884, 3781898.880976602435112 ], [ 403518.311291963385884, 3781898.575788402929902 ], [ 403518.006103763997089, 3781898.270600203424692 ], [ 403518.006103763997089, 3781897.355035605374724 ], [ 403518.616480162774678, 3781896.744659206364304 ], [ 403520.142421159718651, 3781896.744659206364304 ], [ 403520.752797558496241, 3781897.355035605374724 ], [ 403521.057985757885035, 3781897.355035605374724 ], [ 403521.668362156662624, 3781897.965412003919482 ], [ 403521.973550356051419, 3781897.965412003919482 ], [ 403521.973550356051419, 3781898.270600203424692 ], [ 403523.499491352995392, 3781899.79654120048508 ], [ 403523.499491352995392, 3781900.10172939999029 ], [ 403523.804679552384187, 3781900.406917599029839 ], [ 403523.804679552384187, 3781900.712105798535049 ], [ 403524.109867751772981, 3781901.017293998040259 ], [ 403524.109867751772981, 3781901.627670396585017 ], [ 403524.415055951161776, 3781901.932858596090227 ], [ 403524.415055951161776, 3781904.374364191200584 ], [ 403524.72024415055057, 3781904.679552390705794 ], [ 403524.72024415055057, 3781905.289928789250553 ], [ 403525.025432349939365, 3781905.595116988755763 ], [ 403525.025432349939365, 3781906.510681586805731 ], [ 403524.72024415055057, 3781906.815869786310941 ], [ 403524.72024415055057, 3781909.867751780431718 ], [ 403522.583926754829008, 3781909.867751780431718 ] ] ] } },
{ "type": "Feature", "properties": { "confidence": 0.37579137086868286, "class": 1, "regularized": null }, "geometry": { "type": "Polygon", "coordinates": [ [ [ 403694.40488301118603, 3781810.681586978491396 ], [ 403694.099694811797235, 3781810.376398779451847 ], [ 403693.489318413019646, 3781810.376398779451847 ], [ 403693.489318413019646, 3781809.460834180936217 ], [ 403693.184130213630851, 3781809.155645981896669 ], [ 403693.184130213630851, 3781807.93489318434149 ], [ 403693.489318413019646, 3781807.62970498483628 ], [ 403693.489318413019646, 3781807.32451678533107 ], [ 403693.794506612408441, 3781807.019328585825861 ], [ 403700.508646998961922, 3781807.019328585825861 ], [ 403700.813835198350716, 3781807.32451678533107 ], [ 403701.424211597128306, 3781807.32451678533107 ], [ 403701.7293997965171, 3781807.62970498483628 ], [ 403701.7293997965171, 3781807.93489318434149 ], [ 403702.034587995905895, 3781808.240081383381039 ], [ 403702.034587995905895, 3781810.071210579946637 ], [ 403701.7293997965171, 3781810.071210579946637 ], [ 403701.424211597128306, 3781810.376398779451847 ], [ 403700.508646998961922, 3781810.376398779451847 ], [ 403700.203458799573127, 3781810.681586978491396 ], [ 403694.40488301118603, 3781810.681586978491396 ] ] ] } },
{ "type": "Feature", "properties": { "confidence": 0.37281486392021179, "class": 1, "regularized": null }, "geometry": { "type": "Polygon", "coordinates": [ [ [ 403602.848423194314819, 3781906.815869786310941 ], [ 403602.543234994926024, 3781906.510681586805731 ], [ 403602.23804679553723, 3781906.510681586805731 ], [ 403602.23804679553723, 3781904.984740590211004 ], [ 403602.543234994926024, 3781904.679552390705794 ], [ 403602.543234994926024, 3781904.374364191200584 ], [ 403603.153611393703613, 3781903.763987792655826 ], [ 403603.458799593092408, 3781903.763987792655826 ], [ 403603.763987792481203, 3781903.458799593150616 ], [ 403604.069175991869997, 3781903.458799593150616 ], [ 403604.374364191258792, 3781903.153611393645406 ], [ 403604.679552390647586, 3781903.153611393645406 ], [ 403604.984740590036381, 3781902.848423194140196 ], [ 403606.815869786369149, 3781902.848423194140196 ], [ 403607.121057985757943, 3781903.153611393645406 ], [ 403607.121057985757943, 3781903.763987792655826 ], [ 403606.815869786369149, 3781904.069175991695374 ], [ 403606.815869786369149, 3781904.984740590211004 ], [ 403606.510681586980354, 3781905.289928789250553 ], [ 403606.510681586980354, 3781905.595116988755763 ], [ 403606.205493387591559, 3781905.900305188260972 ], [ 403606.205493387591559, 3781906.205493387766182 ], [ 403605.59511698881397, 3781906.205493387766182 ], [ 403605.289928789425176, 3781906.510681586805731 ], [ 403603.763987792481203, 3781906.510681586805731 ], [ 403603.458799593092408, 3781906.815869786310941 ], [ 403602.848423194314819, 3781906.815869786310941 ] ] ] } },
{ "type": "Feature", "properties": { "confidence": 0.34969192743301392, "class": 1, "regularized": null }, "geometry": { "type": "Polygon", "coordinates": [ [ [ 403790.539165818947367, 3781893.997965412214398 ], [ 403790.539165818947367, 3781892.1668362156488 ], [ 403790.844354018336162, 3781891.86164801614359 ], [ 403790.844354018336162, 3781891.556459817104042 ], [ 403792.370295015280135, 3781891.556459817104042 ], [ 403792.67548321466893, 3781891.86164801614359 ], [ 403793.591047812835313, 3781891.86164801614359 ], [ 403793.896236012224108, 3781892.1668362156488 ], [ 403794.506612411001697, 3781892.1668362156488 ], [ 403795.116988809779286, 3781892.77721261465922 ], [ 403796.03255340794567, 3781892.77721261465922 ], [ 403796.03255340794567, 3781893.692777212709188 ], [ 403795.727365208556876, 3781893.692777212709188 ], [ 403795.422177009168081, 3781893.997965412214398 ], [ 403790.539165818947367, 3781893.997965412214398 ] ] ] } },
{ "type": "Feature", "properties": { "confidence": 0.34872168302536011, "class": 1, "regularized": null }, "geometry": { "type": "Polygon", "coordinates": [ [ [ 403719.735503560514189, 3782035.910478128120303 ], [ 403719.430315361125395, 3782035.605289928615093 ], [ 403718.209562563570216, 3782035.605289928615093 ], [ 403717.904374364181422, 3782035.300101729575545 ], [ 403717.599186164792627, 3782035.300101729575545 ], [ 403717.293997965403832, 3782034.994913530070335 ], [ 403717.293997965403832, 3782034.384537131059915 ], [ 403716.988809766015038, 3782034.079348932020366 ], [ 403716.988809766015038, 3782031.02746693789959 ], [ 403719.1251271617366, 3782028.891149542294443 ], [ 403719.430315361125395, 3782028.891149542294443 ], [ 403719.735503560514189, 3782028.585961342789233 ], [ 403720.651068158680573, 3782028.585961342789233 ], [ 403720.651068158680573, 3782029.501525940839201 ], [ 403720.956256358069368, 3782029.806714140344411 ], [ 403720.956256358069368, 3782034.689725330565125 ], [ 403720.651068158680573, 3782034.994913530070335 ], [ 403720.651068158680573, 3782035.300101729575545 ], [ 403720.345879959291779, 3782035.605289928615093 ], [ 403720.040691759902984, 3782035.605289928615093 ], [ 403719.735503560514189, 3782035.910478128120303 ] ] ] } },
{ "type": "Feature", "properties": { "confidence": 0.3332030177116394, "class": 1, "regularized": null }, "geometry": { "type": "Polygon", "coordinates": [ [ [ 403726.449643947125878, 3781910.783316378481686 ], [ 403726.144455747737084, 3781910.478128178976476 ], [ 403725.534079348959494, 3781910.478128178976476 ], [ 403724.008138351957314, 3781908.952187181916088 ], [ 403724.008138351957314, 3781908.646998982876539 ], [ 403723.702950152568519, 3781908.341810783371329 ], [ 403723.702950152568519, 3781902.848423194140196 ], [ 403724.008138351957314, 3781902.543234995100647 ], [ 403724.008138351957314, 3781902.238046795595437 ], [ 403724.313326551346108, 3781902.238046795595437 ], [ 403724.618514750734903, 3781901.932858596090227 ], [ 403725.2288911495707, 3781901.932858596090227 ], [ 403725.534079348959494, 3781901.627670396585017 ], [ 403726.449643947125878, 3781901.627670396585017 ], [ 403726.754832146514673, 3781901.322482197545469 ], [ 403727.670396744681057, 3781901.322482197545469 ], [ 403727.975584944069851, 3781901.017293998040259 ], [ 403728.58596134284744, 3781901.017293998040259 ], [ 403728.891149542236235, 3781901.322482197545469 ], [ 403729.19633774162503, 3781901.322482197545469 ], [ 403729.19633774162503, 3781901.932858596090227 ], [ 403729.501525941013824, 3781902.238046795595437 ], [ 403729.19633774162503, 3781902.543234995100647 ], [ 403729.19633774162503, 3781903.153611393645406 ], [ 403729.501525941013824, 3781903.458799593150616 ], [ 403729.501525941013824, 3781903.763987792655826 ], [ 403729.806714140402619, 3781904.069175991695374 ], [ 403729.806714140402619, 3781904.679552390705794 ], [ 403730.111902339791413, 3781904.984740590211004 ], [ 403730.111902339791413, 3781905.289928789250553 ], [ 403730.417090539180208, 3781905.595116988755763 ], [ 403730.417090539180208, 3781906.205493387766182 ], [ 403730.722278738569003, 3781906.510681586805731 ], [ 403730.722278738569003, 3781909.257375381421298 ], [ 403730.111902339791413, 3781909.867751780431718 ], [ 403730.111902339791413, 3781910.172939979471266 ], [ 403729.806714140402619, 3781910.478128178976476 ], [ 403729.19633774162503, 3781910.478128178976476 ], [ 403728.891149542236235, 3781910.783316378481686 ], [ 403726.449643947125878, 3781910.783316378481686 ] ] ] } },
{ "type": "Feature", "properties": { "confidence": 0.32713913917541504, "class": 1, "regularized": null }, "geometry": { "type": "Polygon", "coordinates": [ [ [ 403471.922685656172689, 3781897.965412003919482 ], [ 403471.617497456783894, 3781897.660223804879934 ], [ 403469.481180061062332, 3781897.660223804879934 ], [ 403469.175991861673538, 3781897.355035605374724 ], [ 403469.175991861673538, 3781897.049847405869514 ], [ 403469.481180061062332, 3781896.744659206364304 ], [ 403469.481180061062332, 3781894.608341810759157 ], [ 403469.786368260451127, 3781894.303153611253947 ], [ 403469.786368260451127, 3781892.47202441515401 ], [ 403473.143438453727867, 3781892.47202441515401 ], [ 403473.143438453727867, 3781897.965412003919482 ], [ 403471.922685656172689, 3781897.965412003919482 ] ] ] } },
{ "type": "Feature", "properties": { "confidence": 0.32397854328155518, "class": 1, "regularized": null }, "geometry": { "type": "Polygon", "coordinates": [ [ [ 403690.742624618520495, 3781897.049847405869514 ], [ 403690.4374364191317, 3781896.744659206364304 ], [ 403689.827060020354111, 3781896.744659206364304 ], [ 403689.521871820965316, 3781896.439471007324755 ], [ 403688.911495422187727, 3781896.439471007324755 ], [ 403688.606307222798932, 3781896.134282807819545 ], [ 403688.606307222798932, 3781895.829094608314335 ], [ 403687.385554425243754, 3781894.608341810759157 ], [ 403687.385554425243754, 3781894.303153611253947 ], [ 403686.775178026466165, 3781893.692777212709188 ], [ 403686.46998982707737, 3781893.692777212709188 ], [ 403686.164801627688576, 3781893.387589013203979 ], [ 403685.859613428299781, 3781893.387589013203979 ], [ 403685.554425228910986, 3781893.082400813698769 ], [ 403690.742624618520495, 3781893.082400813698769 ], [ 403690.742624618520495, 3781893.387589013203979 ], [ 403691.047812817909289, 3781893.692777212709188 ], [ 403691.047812817909289, 3781894.303153611253947 ], [ 403691.353001017298084, 3781894.608341810759157 ], [ 403691.353001017298084, 3781895.218718209769577 ], [ 403691.963377416075673, 3781895.829094608314335 ], [ 403692.268565615464468, 3781895.829094608314335 ], [ 403692.573753814853262, 3781896.134282807819545 ], [ 403692.573753814853262, 3781896.744659206364304 ], [ 403692.268565615464468, 3781897.049847405869514 ], [ 403690.742624618520495, 3781897.049847405869514 ] ] ] } },
{ "type": "Feature", "properties": { "confidence": 0.32075744867324829, "class": 1, "regularized": null }, "geometry": { "type": "Polygon", "coordinates": [ [ [ 403226.856561546272133, 3782164.699898270424455 ], [ 403226.551373346883338, 3782164.394710071384907 ], [ 403226.551373346883338, 3782162.258392675314099 ], [ 403226.856561546272133, 3782161.95320447627455 ], [ 403226.856561546272133, 3782161.34282807726413 ], [ 403228.077314343827311, 3782160.122075279708952 ], [ 403228.6876907426049, 3782160.122075279708952 ], [ 403228.992878941993695, 3782159.816887080203742 ], [ 403229.908443540160079, 3782159.816887080203742 ], [ 403230.213631739548873, 3782160.122075279708952 ], [ 403230.213631739548873, 3782160.427263479214162 ], [ 403230.518819938937668, 3782160.732451678719372 ], [ 403230.518819938937668, 3782163.479145472869277 ], [ 403230.213631739548873, 3782163.784333672374487 ], [ 403230.213631739548873, 3782164.089521871879697 ], [ 403229.908443540160079, 3782164.394710071384907 ], [ 403229.603255340771284, 3782164.394710071384907 ], [ 403229.298067141382489, 3782164.699898270424455 ], [ 403226.856561546272133, 3782164.699898270424455 ] ] ] } },
{ "type": "Feature", "properties": { "confidence": 0.31913155317306519, "class": 1, "regularized": null }, "geometry": { "type": "Polygon", "coordinates": [ [ [ 403344.3540183113073, 3782311.190233977511525 ], [ 403344.048830111918505, 3782310.885045778006315 ], [ 403344.048830111918505, 3782310.579857578966767 ], [ 403344.3540183113073, 3782310.274669379461557 ], [ 403344.3540183113073, 3782309.359104781411588 ], [ 403344.659206510696094, 3782309.053916581906378 ], [ 403344.659206510696094, 3782308.443540182895958 ], [ 403344.964394710084889, 3782308.443540182895958 ], [ 403345.269582909473684, 3782308.13835198385641 ], [ 403345.269582909473684, 3782307.8331637843512 ], [ 403346.490335707028862, 3782307.8331637843512 ], [ 403346.795523906417657, 3782307.52797558484599 ], [ 403351.983723296027165, 3782307.52797558484599 ], [ 403352.28891149541596, 3782307.8331637843512 ], [ 403352.28891149541596, 3782309.053916581906378 ], [ 403351.983723296027165, 3782309.359104781411588 ], [ 403351.983723296027165, 3782309.664292980451137 ], [ 403351.67853509663837, 3782309.969481179956347 ], [ 403351.67853509663837, 3782310.274669379461557 ], [ 403351.068158697860781, 3782310.274669379461557 ], [ 403350.762970498471987, 3782310.579857578966767 ], [ 403350.152594099694397, 3782310.579857578966767 ], [ 403349.847405900305603, 3782310.885045778006315 ], [ 403348.931841302139219, 3782310.885045778006315 ], [ 403348.626653102750424, 3782311.190233977511525 ], [ 403344.3540183113073, 3782311.190233977511525 ] ] ] } },
{ "type": "Feature", "properties": { "confidence": 0.31190669536590576, "class": 1, "regularized": null }, "geometry": { "type": "Polygon", "coordinates": [ [ [ 403705.696846388629638, 3782132.349949135445058 ], [ 403705.391658189240843, 3782132.044760935939848 ], [ 403705.391658189240843, 3782131.739572736434639 ], [ 403705.086469989852048, 3782131.434384536929429 ], [ 403705.086469989852048, 3782129.908443540334702 ], [ 403705.391658189240843, 3782129.603255340829492 ], [ 403705.391658189240843, 3782127.466937945224345 ], [ 403707.527975584962405, 3782127.466937945224345 ], [ 403707.527975584962405, 3782132.349949135445058 ], [ 403705.696846388629638, 3782132.349949135445058 ] ] ] } },
{ "type": "Feature", "properties": { "confidence": 0.29560700058937073, "class": 1, "regularized": null }, "geometry": { "type": "Polygon", "coordinates": [ [ [ 403561.342828077322338, 3781873.855544252321124 ], [ 403561.037639877933543, 3781873.550356052815914 ], [ 403559.816887080378365, 3781873.550356052815914 ], [ 403559.51169888098957, 3781873.245167853310704 ], [ 403559.51169888098957, 3781872.939979654271156 ], [ 403559.206510681600776, 3781872.634791454765946 ], [ 403559.206510681600776, 3781871.719226856715977 ], [ 403559.816887080378365, 3781871.108850457705557 ], [ 403559.816887080378365, 3781870.803662258200347 ], [ 403560.122075279767159, 3781870.498474059160799 ], [ 403560.122075279767159, 3781870.193285859655589 ], [ 403560.427263479155954, 3781869.888097660150379 ], [ 403560.427263479155954, 3781869.582909460645169 ], [ 403560.732451678544749, 3781869.27772126160562 ], [ 403560.732451678544749, 3781868.667344862595201 ], [ 403561.342828077322338, 3781868.056968464050442 ], [ 403561.648016276711132, 3781868.056968464050442 ], [ 403562.258392675488722, 3781867.446592065040022 ], [ 403563.784333672432695, 3781867.446592065040022 ], [ 403564.089521871821489, 3781867.751780264545232 ], [ 403564.394710071210284, 3781867.751780264545232 ], [ 403565.005086469987873, 3781868.362156663089991 ], [ 403565.310274669376668, 3781868.362156663089991 ], [ 403566.225839267543051, 3781869.27772126160562 ], [ 403566.531027466931846, 3781869.27772126160562 ], [ 403566.836215666320641, 3781869.582909460645169 ], [ 403567.44659206509823, 3781869.582909460645169 ], [ 403568.056968463875819, 3781870.193285859655589 ], [ 403568.056968463875819, 3781871.719226856715977 ], [ 403567.44659206509823, 3781872.329603255260736 ], [ 403567.141403865709435, 3781872.329603255260736 ], [ 403566.225839267543051, 3781873.245167853310704 ], [ 403565.920651068154257, 3781873.245167853310704 ], [ 403565.615462868765462, 3781873.550356052815914 ], [ 403563.173957273655105, 3781873.550356052815914 ], [ 403562.868769074266311, 3781873.855544252321124 ], [ 403561.342828077322338, 3781873.855544252321124 ] ] ] } },
{ "type": "Feature", "properties": { "confidence": 0.29421404004096985, "class": 1, "regularized": null }, "geometry": { "type": "Polygon", "coordinates": [ [ [ 403710.579857578850351, 3781874.771108850371093 ], [ 403709.664292980683967, 3781873.855544252321124 ], [ 403709.664292980683967, 3781868.97253306210041 ], [ 403709.969481180072762, 3781868.667344862595201 ], [ 403709.969481180072762, 3781868.362156663089991 ], [ 403712.410986775183119, 3781865.920651067979634 ], [ 403712.716174974571913, 3781865.920651067979634 ], [ 403713.021363173960708, 3781865.615462868940085 ], [ 403714.547304170904681, 3781865.615462868940085 ], [ 403714.852492370293476, 3781865.920651067979634 ], [ 403715.15768056968227, 3781865.920651067979634 ], [ 403715.462868769071065, 3781866.225839267484844 ], [ 403715.768056968459859, 3781866.225839267484844 ], [ 403716.378433367237449, 3781866.836215666495264 ], [ 403716.683621566626243, 3781866.836215666495264 ], [ 403716.988809766015038, 3781867.141403865534812 ], [ 403717.293997965403832, 3781867.141403865534812 ], [ 403717.599186164792627, 3781867.446592065040022 ], [ 403717.599186164792627, 3781867.751780264545232 ], [ 403718.209562563570216, 3781868.362156663089991 ], [ 403718.819938962347806, 3781868.362156663089991 ], [ 403719.430315361125395, 3781868.97253306210041 ], [ 403719.430315361125395, 3781870.803662258200347 ], [ 403719.1251271617366, 3781871.108850457705557 ], [ 403719.1251271617366, 3781871.414038657210767 ], [ 403718.209562563570216, 3781872.329603255260736 ], [ 403717.904374364181422, 3781872.329603255260736 ], [ 403717.599186164792627, 3781872.634791454765946 ], [ 403717.293997965403832, 3781872.634791454765946 ], [ 403716.378433367237449, 3781873.550356052815914 ], [ 403715.15768056968227, 3781873.550356052815914 ], [ 403714.852492370293476, 3781873.855544252321124 ], [ 403714.547304170904681, 3781873.855544252321124 ], [ 403714.242115971515886, 3781874.160732451826334 ], [ 403713.631739572738297, 3781874.160732451826334 ], [ 403713.326551373349503, 3781874.465920650865883 ], [ 403713.021363173960708, 3781874.465920650865883 ], [ 403712.716174974571913, 3781874.771108850371093 ], [ 403710.579857578850351, 3781874.771108850371093 ] ] ] } },
{ "type": "Feature", "properties": { "confidence": 0.28139081597328186, "class": 1, "regularized": null }, "geometry": { "type": "Polygon", "coordinates": [ [ [ 403679.450661241076887, 3781978.840284842532128 ], [ 403679.145473041688092, 3781978.535096643026918 ], [ 403679.145473041688092, 3781978.229908443521708 ], [ 403678.840284842299297, 3781977.924720244016498 ], [ 403678.840284842299297, 3781974.567650050856173 ], [ 403679.145473041688092, 3781974.262461851350963 ], [ 403679.145473041688092, 3781973.346897253300995 ], [ 403680.36622583924327, 3781972.126144455745816 ], [ 403680.671414038632065, 3781972.431332655251026 ], [ 403681.281790437409654, 3781972.431332655251026 ], [ 403681.892166836187243, 3781971.820956256240606 ], [ 403681.892166836187243, 3781971.515768057201058 ], [ 403682.50254323502304, 3781971.515768057201058 ], [ 403682.50254323502304, 3781971.820956256240606 ], [ 403682.807731434411835, 3781972.126144455745816 ], [ 403682.807731434411835, 3781972.736520854756236 ], [ 403683.11291963380063, 3781973.041709053795785 ], [ 403683.418107833189424, 3781973.041709053795785 ], [ 403683.723296032578219, 3781973.346897253300995 ], [ 403684.638860630744603, 3781973.346897253300995 ], [ 403685.249237029522192, 3781973.957273652311414 ], [ 403685.249237029522192, 3781974.262461851350963 ], [ 403685.554425228910986, 3781974.567650050856173 ], [ 403685.554425228910986, 3781974.872838250361383 ], [ 403685.859613428299781, 3781975.178026449866593 ], [ 403685.859613428299781, 3781975.788402848411351 ], [ 403685.554425228910986, 3781976.093591047916561 ], [ 403685.554425228910986, 3781977.00915564596653 ], [ 403684.638860630744603, 3781977.924720244016498 ], [ 403684.333672431355808, 3781977.924720244016498 ], [ 403684.028484231967013, 3781978.229908443521708 ], [ 403684.028484231967013, 3781978.535096643026918 ], [ 403683.723296032578219, 3781978.840284842532128 ], [ 403682.50254323502304, 3781978.840284842532128 ], [ 403682.197355035634246, 3781978.535096643026918 ], [ 403681.586978636798449, 3781978.535096643026918 ], [ 403681.281790437409654, 3781978.840284842532128 ], [ 403679.450661241076887, 3781978.840284842532128 ] ] ] } },
{ "type": "Feature", "properties": { "confidence": 0.27927118539810181, "class": 1, "regularized": null }, "geometry": { "type": "Polygon", "coordinates": [ [ [ 403451.169888097676449, 3782289.216683621518314 ], [ 403450.864699898287654, 3782288.911495422013104 ], [ 403449.94913530012127, 3782288.911495422013104 ], [ 403449.338758901343681, 3782288.301119023468345 ], [ 403449.033570701954886, 3782288.301119023468345 ], [ 403449.033570701954886, 3782287.995930823963135 ], [ 403448.728382502566092, 3782287.690742624457926 ], [ 403448.728382502566092, 3782283.418107833247632 ], [ 403448.423194303177297, 3782283.112919633742422 ], [ 403448.423194303177297, 3782282.502543235197663 ], [ 403448.118006103788503, 3782282.197355035692453 ], [ 403448.118006103788503, 3782281.281790437642485 ], [ 403448.423194303177297, 3782280.976602238137275 ], [ 403448.423194303177297, 3782280.671414038632065 ], [ 403449.338758901343681, 3782280.671414038632065 ], [ 403449.643947100732476, 3782280.366225839126855 ], [ 403452.085452695842832, 3782280.366225839126855 ], [ 403452.390640895231627, 3782280.671414038632065 ], [ 403452.695829094620422, 3782280.671414038632065 ], [ 403453.306205493398011, 3782281.281790437642485 ], [ 403453.306205493398011, 3782282.197355035692453 ], [ 403453.001017294009216, 3782282.502543235197663 ], [ 403453.001017294009216, 3782283.723296032752842 ], [ 403453.306205493398011, 3782284.02848423179239 ], [ 403453.306205493398011, 3782285.554425228852779 ], [ 403453.611393692786805, 3782285.859613428357989 ], [ 403453.611393692786805, 3782287.080366225913167 ], [ 403453.9165818921756, 3782287.385554425418377 ], [ 403453.9165818921756, 3782288.606307222973555 ], [ 403453.611393692786805, 3782288.911495422013104 ], [ 403453.306205493398011, 3782288.911495422013104 ], [ 403453.001017294009216, 3782289.216683621518314 ], [ 403451.169888097676449, 3782289.216683621518314 ] ] ] } },
{ "type": "Feature", "properties": { "confidence": 0.27745532989501953, "class": 1, "regularized": null }, "geometry": { "type": "Polygon", "coordinates": [ [ [ 403503.96744659205433, 3781909.867751780431718 ], [ 403503.662258392665535, 3781909.562563580926508 ], [ 403503.357070193276741, 3781909.562563580926508 ], [ 403503.051881993887946, 3781909.257375381421298 ], [ 403502.746693794499151, 3781909.257375381421298 ], [ 403501.525940996943973, 3781908.036622583866119 ], [ 403501.525940996943973, 3781907.731434384360909 ], [ 403501.220752797555178, 3781907.426246185321361 ], [ 403501.220752797555178, 3781907.121057985816151 ], [ 403500.915564598166384, 3781906.815869786310941 ], [ 403500.915564598166384, 3781906.510681586805731 ], [ 403500.610376398777589, 3781906.205493387766182 ], [ 403500.610376398777589, 3781905.595116988755763 ], [ 403500.305188199388795, 3781905.289928789250553 ], [ 403500.610376398777589, 3781904.984740590211004 ], [ 403500.610376398777589, 3781904.679552390705794 ], [ 403500.915564598166384, 3781904.374364191200584 ], [ 403501.220752797555178, 3781904.374364191200584 ], [ 403501.525940996943973, 3781904.679552390705794 ], [ 403503.662258392665535, 3781904.679552390705794 ], [ 403504.272634791443124, 3781904.069175991695374 ], [ 403504.577822990831919, 3781904.069175991695374 ], [ 403504.883011190220714, 3781903.763987792655826 ], [ 403504.883011190220714, 3781903.458799593150616 ], [ 403505.188199389609508, 3781903.458799593150616 ], [ 403505.493387588998303, 3781903.153611393645406 ], [ 403505.493387588998303, 3781902.848423194140196 ], [ 403505.798575788387097, 3781902.848423194140196 ], [ 403506.103763987775892, 3781902.543234995100647 ], [ 403506.408952187164687, 3781902.543234995100647 ], [ 403506.714140386553481, 3781902.238046795595437 ], [ 403507.019328585942276, 3781902.543234995100647 ], [ 403507.019328585942276, 3781904.374364191200584 ], [ 403506.714140386553481, 3781904.679552390705794 ], [ 403506.714140386553481, 3781905.595116988755763 ], [ 403506.408952187164687, 3781905.900305188260972 ], [ 403506.408952187164687, 3781906.510681586805731 ], [ 403506.103763987775892, 3781906.815869786310941 ], [ 403506.103763987775892, 3781907.121057985816151 ], [ 403505.798575788387097, 3781907.426246185321361 ], [ 403505.798575788387097, 3781908.036622583866119 ], [ 403505.493387588998303, 3781908.341810783371329 ], [ 403505.493387588998303, 3781909.257375381421298 ], [ 403505.188199389609508, 3781909.562563580926508 ], [ 403505.188199389609508, 3781909.867751780431718 ], [ 403503.96744659205433, 3781909.867751780431718 ] ] ] } },
{ "type": "Feature", "properties": { "confidence": 0.27340620756149292, "class": 1, "regularized": null }, "geometry": { "type": "Polygon", "coordinates": [ [ [ 403592.777212614426389, 3781903.153611393645406 ], [ 403592.472024415037595, 3781902.848423194140196 ], [ 403592.1668362156488, 3781902.848423194140196 ], [ 403591.251271617482416, 3781901.932858596090227 ], [ 403591.251271617482416, 3781901.627670396585017 ], [ 403590.946083418093622, 3781901.322482197545469 ], [ 403590.946083418093622, 3781901.017293998040259 ], [ 403591.251271617482416, 3781900.712105798535049 ], [ 403591.251271617482416, 3781900.10172939999029 ], [ 403591.556459816871211, 3781899.79654120048508 ], [ 403591.556459816871211, 3781899.491353000979871 ], [ 403591.861648016260006, 3781899.186164801474661 ], [ 403591.861648016260006, 3781897.660223804879934 ], [ 403592.1668362156488, 3781897.355035605374724 ], [ 403592.1668362156488, 3781897.049847405869514 ], [ 403592.472024415037595, 3781896.744659206364304 ], [ 403592.472024415037595, 3781896.439471007324755 ], [ 403592.777212614426389, 3781896.134282807819545 ], [ 403592.777212614426389, 3781895.829094608314335 ], [ 403593.082400813815184, 3781895.829094608314335 ], [ 403593.387589013203979, 3781895.523906408809125 ], [ 403593.692777212592773, 3781895.523906408809125 ], [ 403593.997965411981568, 3781895.829094608314335 ], [ 403594.303153611370362, 3781895.829094608314335 ], [ 403594.608341810759157, 3781896.134282807819545 ], [ 403594.608341810759157, 3781896.439471007324755 ], [ 403594.913530010147952, 3781896.744659206364304 ], [ 403594.913530010147952, 3781897.965412003919482 ], [ 403594.608341810759157, 3781898.270600203424692 ], [ 403594.608341810759157, 3781901.322482197545469 ], [ 403594.303153611370362, 3781901.627670396585017 ], [ 403594.303153611370362, 3781902.848423194140196 ], [ 403593.997965411981568, 3781903.153611393645406 ], [ 403592.777212614426389, 3781903.153611393645406 ] ] ] } },
{ "type": "Feature", "properties": { "confidence": 0.26919528841972351, "class": 1, "regularized": null }, "geometry": { "type": "Polygon", "coordinates": [ [ [ 403599.796541200426873, 3781876.907426245976239 ], [ 403599.491353001038078, 3781876.602238046936691 ], [ 403599.491353001038078, 3781875.686673448421061 ], [ 403599.186164801649284, 3781875.381485249381512 ], [ 403598.2706002034829, 3781875.381485249381512 ], [ 403597.965412004094105, 3781875.076297049876302 ], [ 403597.355035605316516, 3781875.076297049876302 ], [ 403597.049847405927721, 3781874.771108850371093 ], [ 403597.049847405927721, 3781874.465920650865883 ], [ 403596.744659206538927, 3781874.160732451826334 ], [ 403596.744659206538927, 3781872.939979654271156 ], [ 403597.049847405927721, 3781872.634791454765946 ], [ 403597.049847405927721, 3781871.414038657210767 ], [ 403597.355035605316516, 3781871.108850457705557 ], [ 403597.660223804705311, 3781871.108850457705557 ], [ 403598.2706002034829, 3781870.498474059160799 ], [ 403598.575788402871694, 3781870.498474059160799 ], [ 403599.186164801649284, 3781869.888097660150379 ], [ 403600.406917599204462, 3781869.888097660150379 ], [ 403600.712105798593257, 3781869.582909460645169 ], [ 403601.017293997982051, 3781869.888097660150379 ], [ 403601.322482197370846, 3781869.888097660150379 ], [ 403601.62767039675964, 3781870.193285859655589 ], [ 403601.62767039675964, 3781872.329603255260736 ], [ 403601.322482197370846, 3781872.634791454765946 ], [ 403601.322482197370846, 3781873.855544252321124 ], [ 403601.017293997982051, 3781874.160732451826334 ], [ 403601.017293997982051, 3781874.465920650865883 ], [ 403600.406917599204462, 3781875.076297049876302 ], [ 403600.406917599204462, 3781876.907426245976239 ], [ 403599.796541200426873, 3781876.907426245976239 ] ] ] } },
{ "type": "Feature", "properties": { "confidence": 0.26864683628082275, "class": 1, "regularized": null }, "geometry": { "type": "Polygon", "coordinates": [ [ [ 403328.179043743642978, 3782217.192268565762788 ], [ 403327.873855544254184, 3782216.887080366257578 ], [ 403327.568667344865389, 3782216.887080366257578 ], [ 403327.568667344865389, 3782216.581892166752368 ], [ 403327.263479145476595, 3782216.276703967247158 ], [ 403327.263479145476595, 3782214.445574771147221 ], [ 403326.9582909460878, 3782214.140386571642011 ], [ 403326.9582909460878, 3782213.224821973592043 ], [ 403326.653102746699005, 3782212.919633774086833 ], [ 403326.653102746699005, 3782211.393692777026445 ], [ 403326.347914547310211, 3782211.088504577986896 ], [ 403326.347914547310211, 3782210.783316378481686 ], [ 403326.653102746699005, 3782210.783316378481686 ], [ 403326.9582909460878, 3782210.478128178976476 ], [ 403329.399796541198157, 3782210.478128178976476 ], [ 403329.399796541198157, 3782210.783316378481686 ], [ 403329.704984740586951, 3782211.088504577986896 ], [ 403329.704984740586951, 3782211.393692777026445 ], [ 403330.010172939975746, 3782211.698880976531655 ], [ 403330.315361139364541, 3782211.698880976531655 ], [ 403330.620549338753335, 3782212.004069176036865 ], [ 403330.92573753814213, 3782212.004069176036865 ], [ 403331.230925737530924, 3782212.309257375542074 ], [ 403331.536113936919719, 3782212.309257375542074 ], [ 403331.536113936919719, 3782212.919633774086833 ], [ 403331.841302136308514, 3782213.224821973592043 ], [ 403331.536113936919719, 3782213.530010173097253 ], [ 403331.536113936919719, 3782215.05595116969198 ], [ 403330.92573753814213, 3782215.6663275687024 ], [ 403330.92573753814213, 3782215.97151576820761 ], [ 403330.620549338753335, 3782216.276703967247158 ], [ 403330.620549338753335, 3782216.581892166752368 ], [ 403330.315361139364541, 3782216.887080366257578 ], [ 403330.010172939975746, 3782216.887080366257578 ], [ 403329.704984740586951, 3782217.192268565762788 ], [ 403328.179043743642978, 3782217.192268565762788 ] ] ] } },
{ "type": "Feature", "properties": { "confidence": 0.26320922374725342, "class": 1, "regularized": null }, "geometry": { "type": "Polygon", "coordinates": [ [ [ 403656.866734486247879, 3782042.014242115896195 ], [ 403656.561546286859084, 3782041.709053916390985 ], [ 403656.561546286859084, 3782040.793489318341017 ], [ 403656.256358087470289, 3782040.488301118835807 ], [ 403655.951169888081495, 3782040.488301118835807 ], [ 403655.951169888081495, 3782039.877924720291048 ], [ 403655.6459816886927, 3782039.572736520785838 ], [ 403655.6459816886927, 3782038.35198372323066 ], [ 403655.340793489303906, 3782038.04679552372545 ], [ 403655.340793489303906, 3782034.994913530070335 ], [ 403655.951169888081495, 3782034.384537131059915 ], [ 403656.256358087470289, 3782034.384537131059915 ], [ 403656.866734486247879, 3782033.774160732515156 ], [ 403657.171922685636673, 3782033.774160732515156 ], [ 403657.782299084414262, 3782033.163784333504736 ], [ 403660.528992878913414, 3782033.163784333504736 ], [ 403660.834181078360416, 3782033.468972533009946 ], [ 403661.139369277749211, 3782033.468972533009946 ], [ 403661.444557477138005, 3782033.774160732515156 ], [ 403661.7497456765268, 3782033.774160732515156 ], [ 403661.7497456765268, 3782034.079348932020366 ], [ 403662.054933875915594, 3782034.384537131059915 ], [ 403662.054933875915594, 3782035.910478128120303 ], [ 403662.360122075304389, 3782036.215666327625513 ], [ 403662.360122075304389, 3782037.436419125180691 ], [ 403662.054933875915594, 3782037.741607324685901 ], [ 403662.054933875915594, 3782038.96236012224108 ], [ 403661.7497456765268, 3782039.267548321280628 ], [ 403661.7497456765268, 3782040.488301118835807 ], [ 403661.139369277749211, 3782041.098677517846227 ], [ 403659.61342828074703, 3782041.098677517846227 ], [ 403659.308240081358235, 3782041.403865717351437 ], [ 403658.087487283803057, 3782041.403865717351437 ], [ 403657.477110885025468, 3782042.014242115896195 ], [ 403656.866734486247879, 3782042.014242115896195 ] ] ] } },
{ "type": "Feature", "properties": { "confidence": 0.26017141342163086, "class": 1, "regularized": null }, "geometry": { "type": "Polygon", "coordinates": [ [ [ 403466.429298067116179, 3782013.936927772127092 ], [ 403466.124109867727384, 3782013.631739572621882 ], [ 403465.208545269561, 3782013.631739572621882 ], [ 403464.903357070172206, 3782013.326551373116672 ], [ 403464.598168870783411, 3782013.326551373116672 ], [ 403464.292980671394616, 3782013.021363174077123 ], [ 403463.682604272617027, 3782013.021363174077123 ], [ 403463.682604272617027, 3782012.716174974571913 ], [ 403463.377416073228233, 3782012.410986775066704 ], [ 403463.377416073228233, 3782012.105798575561494 ], [ 403462.461851475061849, 3782011.190233977511525 ], [ 403462.461851475061849, 3782010.885045778006315 ], [ 403461.85147507628426, 3782010.274669379461557 ], [ 403467.955239064118359, 3782010.274669379461557 ], [ 403467.955239064118359, 3782010.579857578966767 ], [ 403468.260427263507154, 3782010.885045778006315 ], [ 403468.260427263507154, 3782012.716174974571913 ], [ 403467.955239064118359, 3782013.021363174077123 ], [ 403467.955239064118359, 3782013.326551373116672 ], [ 403467.650050864671357, 3782013.631739572621882 ], [ 403467.344862665282562, 3782013.631739572621882 ], [ 403467.039674465893768, 3782013.936927772127092 ], [ 403466.429298067116179, 3782013.936927772127092 ] ] ] } },
{ "type": "Feature", "properties": { "confidence": 0.25934985280036926, "class": 1, "regularized": "rectangle" }, "geometry": { "type": "Polygon", "coordinates": [ [ [ 403609.0, 3781911.25 ], [ 403618.125, 3781910.75 ], [ 403619.1875, 3781924.25 ], [ 403610.0625, 3781924.75 ], [ 403609.0, 3781911.25 ] ] ] } },
{ "type": "Feature", "properties": { "confidence": 0.25558379292488098, "class": 1, "regularized": null }, "geometry": { "type": "Polygon", "coordinates": [ [ [ 403263.784333672432695, 3782028.280773143284023 ], [ 403263.4791454730439, 3782027.975584944244474 ], [ 403263.173957273655105, 3782027.975584944244474 ], [ 403262.563580874877516, 3782027.365208545234054 ], [ 403262.563580874877516, 3782027.060020345728844 ], [ 403262.258392675488722, 3782026.754832146689296 ], [ 403261.953204476099927, 3782026.754832146689296 ], [ 403261.953204476099927, 3782026.449643947184086 ], [ 403261.648016276711132, 3782026.144455747678876 ], [ 403261.648016276711132, 3782025.839267548173666 ], [ 403261.342828077322338, 3782025.534079349134117 ], [ 403261.037639877933543, 3782025.534079349134117 ], [ 403261.037639877933543, 3782024.923702950123698 ], [ 403260.732451678544749, 3782024.618514750618488 ], [ 403260.732451678544749, 3782024.313326551578939 ], [ 403260.427263479155954, 3782024.008138352073729 ], [ 403260.427263479155954, 3782022.177009155508131 ], [ 403260.122075279767159, 3782021.871820956468582 ], [ 403260.122075279767159, 3782020.956256357952952 ], [ 403260.732451678544749, 3782020.345879959408194 ], [ 403264.699898270599078, 3782020.345879959408194 ], [ 403265.005086469987873, 3782020.651068158913404 ], [ 403265.310274669376668, 3782020.651068158913404 ], [ 403265.920651068154257, 3782021.261444557458162 ], [ 403267.141403865709435, 3782021.261444557458162 ], [ 403268.362156663264614, 3782022.482197355013341 ], [ 403268.667344862653408, 3782022.482197355013341 ], [ 403268.972533062042203, 3782022.787385554518551 ], [ 403268.972533062042203, 3782023.092573754023761 ], [ 403269.277721261430997, 3782023.397761953063309 ], [ 403269.277721261430997, 3782024.923702950123698 ], [ 403268.972533062042203, 3782025.228891149628907 ], [ 403268.972533062042203, 3782025.534079349134117 ], [ 403268.667344862653408, 3782025.839267548173666 ], [ 403268.667344862653408, 3782026.144455747678876 ], [ 403268.362156663264614, 3782026.449643947184086 ], [ 403268.362156663264614, 3782027.365208545234054 ], [ 403267.751780264487024, 3782027.975584944244474 ], [ 403267.141403865709435, 3782027.975584944244474 ], [ 403266.836215666320641, 3782028.280773143284023 ], [ 403263.784333672432695, 3782028.280773143284023 ] ] ] } },
{ "type": "Feature", "properties": { "confidence": 0.25521498918533325, "class": 1, "regularized": null }, "geometry": { "type": "Polygon", "coordinates": [ [ [ 403657.477110885025468, 3781816.785350966267288 ], [ 403657.171922685636673, 3781816.480162767227739 ], [ 403656.561546286859084, 3781816.480162767227739 ], [ 403656.256358087470289, 3781816.174974567722529 ], [ 403655.951169888081495, 3781816.174974567722529 ], [ 403655.951169888081495, 3781815.564598168712109 ], [ 403656.256358087470289, 3781815.259409969672561 ], [ 403656.256358087470289, 3781812.817904374562204 ], [ 403656.561546286859084, 3781812.512716175056994 ], [ 403656.561546286859084, 3781811.597151577007025 ], [ 403662.360122075304389, 3781811.597151577007025 ], [ 403662.360122075304389, 3781811.902339776046574 ], [ 403662.665310274693184, 3781812.207527975551784 ], [ 403662.665310274693184, 3781813.428280773106962 ], [ 403662.360122075304389, 3781813.733468972612172 ], [ 403662.360122075304389, 3781814.954221770167351 ], [ 403662.054933875915594, 3781815.259409969672561 ], [ 403661.7497456765268, 3781815.259409969672561 ], [ 403660.223804679524619, 3781816.785350966267288 ], [ 403657.477110885025468, 3781816.785350966267288 ] ] ] } },
{ "type": "Feature", "properties": { "confidence": 0.25037938356399536, "class": 1, "regularized": null }, "geometry": { "type": "Polygon", "coordinates": [ [ [ 403359.918616480135825, 3782101.831129196565598 ], [ 403359.003051881969441, 3782100.915564598049968 ], [ 403359.003051881969441, 3782100.61037639901042 ], [ 403358.697863682580646, 3782100.30518819950521 ], [ 403358.697863682580646, 3782100.0 ], [ 403358.392675483191852, 3782099.69481180049479 ], [ 403358.697863682580646, 3782099.38962360098958 ], [ 403358.697863682580646, 3782099.084435401950032 ], [ 403359.308240081358235, 3782098.474059002939612 ], [ 403359.61342828074703, 3782098.474059002939612 ], [ 403360.528992878913414, 3782097.558494404889643 ], [ 403361.139369277749211, 3782097.558494404889643 ], [ 403361.444557477138005, 3782097.253306205384433 ], [ 403362.360122075304389, 3782097.253306205384433 ], [ 403362.665310274693184, 3782097.558494404889643 ], [ 403363.580874872859567, 3782097.558494404889643 ], [ 403363.886063072248362, 3782097.863682604394853 ], [ 403364.496439471025951, 3782097.863682604394853 ], [ 403364.801627670414746, 3782098.168870803434402 ], [ 403364.801627670414746, 3782100.0 ], [ 403364.496439471025951, 3782100.30518819950521 ], [ 403364.496439471025951, 3782100.61037639901042 ], [ 403364.191251271637157, 3782100.915564598049968 ], [ 403363.886063072248362, 3782100.915564598049968 ], [ 403363.580874872859567, 3782101.220752797555178 ], [ 403361.444557477138005, 3782101.220752797555178 ], [ 403361.139369277749211, 3782101.525940997060388 ], [ 403360.834181078360416, 3782101.525940997060388 ], [ 403360.528992878913414, 3782101.831129196565598 ], [ 403359.918616480135825, 3782101.831129196565598 ] ] ] } }
]
}
