variable,coefficient
Motorcyclist_ratios_mean,0.006901269289940722
Road_ratios_mean,0.0006606454006876379
Road_counts_std,-0.00038860122734736617
Other Rider_counts_mean,-0.00033129413361925573
