{
"type": "FeatureCollection",
"name": "cell_00507_pre",
"crs": { "type": "name", "properties": { "name": "urn:ogc:def:crs:EPSG::32611" } },
"features": [
{ "type": "Feature", "properties": { "confidence": 0.99967670440673828, "class": 1, "regularized": null }, "geometry": { "type": "Polygon", "coordinates": [ [ [ 403128.891149542236235, 3781521.057985757943243 ], [ 403128.58596134284744, 3781520.752797558438033 ], [ 403127.670396744681057, 3781520.752797558438033 ], [ 403126.754832146514673, 3781519.837232960388064 ], [ 403126.754832146514673, 3781515.259409969672561 ], [ 403127.060020345903467, 3781514.954221770167351 ], [ 403127.060020345903467, 3781514.649033570662141 ], [ 403127.365208545292262, 3781514.343845371156931 ], [ 403127.670396744681057, 3781514.343845371156931 ], [ 403127.975584944069851, 3781514.038657172117382 ], [ 403128.280773143458646, 3781514.038657172117382 ], [ 403128.58596134284744, 3781513.733468972612172 ], [ 403130.111902339791413, 3781513.733468972612172 ], [ 403130.417090539180208, 3781513.428280773106962 ], [ 403131.943031536124181, 3781513.428280773106962 ], [ 403132.248219735512976, 3781513.123092573601753 ], [ 403133.774160732456949, 3781513.123092573601753 ], [ 403134.079348931845743, 3781512.817904374562204 ], [ 403134.384537131234538, 3781512.817904374562204 ], [ 403134.689725330623332, 3781513.123092573601753 ], [ 403136.215666327567305, 3781513.123092573601753 ], [ 403136.5208545269561, 3781513.428280773106962 ], [ 403136.5208545269561, 3781515.869786368217319 ], [ 403136.215666327567305, 3781516.174974567722529 ], [ 403136.215666327567305, 3781517.090539165772498 ], [ 403135.910478128178511, 3781517.395727365277708 ], [ 403135.910478128178511, 3781520.447609358932823 ], [ 403135.300101729400922, 3781521.057985757943243 ], [ 403128.891149542236235, 3781521.057985757943243 ] ] ] } },
{ "type": "Feature", "properties": { "confidence": 0.99959343671798706, "class": 1, "regularized": "rectangle" }, "geometry": { "type": "Polygon", "coordinates": [ [ [ 403025.75, 3781336.0 ], [ 403037.625, 3781336.0 ], [ 403037.625, 3781351.0 ], [ 403025.75, 3781351.0 ], [ 403025.75, 3781336.0 ] ] ] } },
{ "type": "Feature", "properties": { "confidence": 0.99946516752243042, "class": 1, "regularized": null }, "geometry": { "type": "Polygon", "coordinates": [ [ [ 403054.120040691748727, 3781486.876907426398247 ], [ 403053.509664292971138, 3781486.266531027387828 ], [ 403053.509664292971138, 3781485.961342827882618 ], [ 403053.204476093582343, 3781485.656154628843069 ], [ 403053.204476093582343, 3781480.467955239117146 ], [ 403053.509664292971138, 3781480.162767039611936 ], [ 403053.509664292971138, 3781479.247202441561967 ], [ 403053.814852492359933, 3781478.942014242056757 ], [ 403054.730417090526316, 3781478.942014242056757 ], [ 403055.035605289915111, 3781478.636826042551547 ], [ 403059.003051881969441, 3781478.636826042551547 ], [ 403059.308240081358235, 3781478.942014242056757 ], [ 403059.918616480135825, 3781478.942014242056757 ], [ 403060.223804679524619, 3781479.247202441561967 ], [ 403060.223804679524619, 3781482.604272634722292 ], [ 403059.918616480135825, 3781482.909460834227502 ], [ 403059.918616480135825, 3781483.825025432277471 ], [ 403059.61342828074703, 3781484.130213631782681 ], [ 403059.61342828074703, 3781484.435401831287891 ], [ 403059.308240081358235, 3781484.740590030327439 ], [ 403059.308240081358235, 3781485.045778229832649 ], [ 403058.697863682580646, 3781485.656154628843069 ], [ 403058.697863682580646, 3781485.961342827882618 ], [ 403058.087487283803057, 3781485.961342827882618 ], [ 403057.782299084414262, 3781486.266531027387828 ], [ 403057.477110885025468, 3781486.266531027387828 ], [ 403057.171922685636673, 3781486.571719226893038 ], [ 403056.561546286859084, 3781486.571719226893038 ], [ 403056.256358087470289, 3781486.876907426398247 ], [ 403054.120040691748727, 3781486.876907426398247 ] ] ] } },
{ "type": "Feature", "properties": { "confidence": 0.9991869330406189, "class": 1, "regularized": "rectangle" }, "geometry": { "type": "Polygon", "coordinates": [ [ [ 402951.5625, 3781408.0 ], [ 402961.0625, 3781408.0 ], [ 402961.0625, 3781425.0 ], [ 402951.5625, 3781425.0 ], [ 402951.5625, 3781408.0 ] ] ] } },
{ "type": "Feature", "properties": { "confidence": 0.99907851219177246, "class": 1, "regularized": null }, "geometry": { "type": "Polygon", "coordinates": [ [ [ 402810.885045778239146, 3781432.553407934959978 ], [ 402810.579857578850351, 3781432.248219735454768 ], [ 402810.579857578850351, 3781431.332655137404799 ], [ 402810.274669379461557, 3781431.02746693789959 ], [ 402810.274669379461557, 3781429.501525940839201 ], [ 402809.969481180072762, 3781429.196337741799653 ], [ 402809.969481180072762, 3781427.975584944244474 ], [ 402809.664292980683967, 3781427.670396744739264 ], [ 402809.664292980683967, 3781422.482197355013341 ], [ 402809.359104781295173, 3781422.177009155508131 ], [ 402809.664292980683967, 3781421.871820956468582 ], [ 402809.664292980683967, 3781420.956256357952952 ], [ 402813.936927772127092, 3781420.956256357952952 ], [ 402814.547304170904681, 3781421.566632756963372 ], [ 402814.547304170904681, 3781421.871820956468582 ], [ 402815.15768056968227, 3781422.482197355013341 ], [ 402815.15768056968227, 3781423.092573754023761 ], [ 402815.462868769071065, 3781423.397761953063309 ], [ 402815.768056968459859, 3781423.397761953063309 ], [ 402815.768056968459859, 3781423.702950152568519 ], [ 402816.378433367237449, 3781424.313326551578939 ], [ 402816.378433367237449, 3781424.618514750618488 ], [ 402816.683621566626243, 3781424.923702950123698 ], [ 402816.988809766015038, 3781424.923702950123698 ], [ 402817.293997965403832, 3781425.228891149628907 ], [ 402817.293997965403832, 3781425.534079349134117 ], [ 402817.599186164792627, 3781425.839267548173666 ], [ 402817.599186164792627, 3781426.144455747678876 ], [ 402817.904374364181422, 3781426.449643947184086 ], [ 402817.904374364181422, 3781432.248219735454768 ], [ 402817.599186164792627, 3781432.248219735454768 ], [ 402817.293997965403832, 3781432.553407934959978 ], [ 402810.885045778239146, 3781432.553407934959978 ] ] ] } },
{ "type": "Feature", "properties": { "confidence": 0.99905425310134888, "class": 1, "regularized": null }, "geometry": { "type": "Polygon", "coordinates": [ [ [ 402612.512716174998786, 3781731.943031535949558 ], [ 402612.207527975609992, 3781731.637843336910009 ], [ 402611.291963377443608, 3781731.637843336910009 ], [ 402610.986775178054813, 3781731.332655137404799 ], [ 402610.376398779219016, 3781731.332655137404799 ], [ 402610.071210579830222, 3781731.02746693789959 ], [ 402609.460834181052633, 3781731.02746693789959 ], [ 402609.155645981663838, 3781730.72227873839438 ], [ 402608.545269582886249, 3781730.72227873839438 ], [ 402608.240081383497454, 3781730.417090539354831 ], [ 402608.240081383497454, 3781730.111902339849621 ], [ 402607.93489318410866, 3781729.806714140344411 ], [ 402607.93489318410866, 3781729.196337741799653 ], [ 402607.32451678533107, 3781728.585961342789233 ], [ 402607.32451678533107, 3781728.280773143284023 ], [ 402607.019328585942276, 3781727.975584944244474 ], [ 402607.019328585942276, 3781727.670396744739264 ], [ 402606.408952187164687, 3781727.060020345728844 ], [ 402606.408952187164687, 3781725.534079349134117 ], [ 402606.714140386553481, 3781725.228891149628907 ], [ 402607.019328585942276, 3781725.228891149628907 ], [ 402607.32451678533107, 3781724.923702950123698 ], [ 402610.986775178054813, 3781724.923702950123698 ], [ 402611.291963377443608, 3781725.228891149628907 ], [ 402612.207527975609992, 3781725.228891149628907 ], [ 402612.512716174998786, 3781725.534079349134117 ], [ 402614.038657171942759, 3781725.534079349134117 ], [ 402614.343845371331554, 3781725.839267548173666 ], [ 402615.564598168886732, 3781725.839267548173666 ], [ 402615.869786368275527, 3781726.144455747678876 ], [ 402616.174974567664322, 3781726.144455747678876 ], [ 402616.174974567664322, 3781727.975584944244474 ], [ 402615.869786368275527, 3781728.280773143284023 ], [ 402615.869786368275527, 3781729.806714140344411 ], [ 402615.564598168886732, 3781730.111902339849621 ], [ 402615.564598168886732, 3781730.72227873839438 ], [ 402614.954221770109143, 3781731.332655137404799 ], [ 402614.954221770109143, 3781731.637843336910009 ], [ 402614.649033570720349, 3781731.637843336910009 ], [ 402614.343845371331554, 3781731.943031535949558 ], [ 402612.512716174998786, 3781731.943031535949558 ] ] ] } },
{ "type": "Feature", "properties": { "confidence": 0.99901127815246582, "class": 1, "regularized": null }, "geometry": { "type": "Polygon", "coordinates": [ [ [ 402970.498474058986176, 3781421.261444557458162 ], [ 402970.193285859597381, 3781420.956256357952952 ], [ 402968.667344862653408, 3781420.956256357952952 ], [ 402968.362156663264614, 3781420.651068158913404 ], [ 402967.751780264487024, 3781420.651068158913404 ], [ 402967.44659206509823, 3781420.345879959408194 ], [ 402967.44659206509823, 3781418.209562563803047 ], [ 402967.751780264487024, 3781418.209562563803047 ], [ 402968.056968463875819, 3781417.904374364297837 ], [ 402968.056968463875819, 3781417.599186164792627 ], [ 402968.362156663264614, 3781417.293997965287417 ], [ 402968.362156663264614, 3781416.988809766247869 ], [ 402969.582909460819792, 3781415.76805696869269 ], [ 402970.193285859597381, 3781415.76805696869269 ], [ 402970.80366225837497, 3781415.15768056968227 ], [ 402971.108850457763765, 3781415.15768056968227 ], [ 402971.41403865715256, 3781414.85249237017706 ], [ 402971.41403865715256, 3781414.547304171137512 ], [ 402971.719226856541354, 3781414.242115971632302 ], [ 402971.719226856541354, 3781413.021363174077123 ], [ 402972.024415055930149, 3781412.716174974571913 ], [ 402972.024415055930149, 3781410.885045778006315 ], [ 402972.329603255318943, 3781410.579857578966767 ], [ 402972.329603255318943, 3781410.274669379461557 ], [ 402973.245167853485327, 3781409.359104781411588 ], [ 402975.686673448653892, 3781409.359104781411588 ], [ 402975.991861648042686, 3781409.053916581906378 ], [ 402976.297049847431481, 3781409.053916581906378 ], [ 402976.90742624620907, 3781408.443540182895958 ], [ 402977.822990844375454, 3781408.443540182895958 ], [ 402978.128179043764248, 3781408.13835198385641 ], [ 402978.433367243153043, 3781408.443540182895958 ], [ 402978.738555442541838, 3781408.443540182895958 ], [ 402978.738555442541838, 3781409.053916581906378 ], [ 402979.043743641930632, 3781409.359104781411588 ], [ 402978.738555442541838, 3781409.664292980451137 ], [ 402978.738555442541838, 3781412.105798575561494 ], [ 402978.433367243153043, 3781412.410986775066704 ], [ 402978.433367243153043, 3781415.76805696869269 ], [ 402978.128179043764248, 3781416.073245167732239 ], [ 402978.128179043764248, 3781417.599186164792627 ], [ 402977.212614445597865, 3781418.514750762842596 ], [ 402977.212614445597865, 3781419.125127161853015 ], [ 402976.90742624620907, 3781419.430315361358225 ], [ 402976.90742624620907, 3781420.040691759902984 ], [ 402975.686673448653892, 3781421.261444557458162 ], [ 402970.498474058986176, 3781421.261444557458162 ] ] ] } },
{ "type": "Feature", "properties": { "confidence": 0.99900609254837036, "class": 1, "regularized": null }, "geometry": { "type": "Polygon", "coordinates": [ [ [ 403049.847405900305603, 3781424.008138352073729 ], [ 403049.542217700916808, 3781423.702950152568519 ], [ 403046.490335707028862, 3781423.702950152568519 ], [ 403046.185147507640067, 3781423.397761953063309 ], [ 403043.743641912529711, 3781423.397761953063309 ], [ 403043.743641912529711, 3781413.631739572621882 ], [ 403044.3540183113073, 3781413.631739572621882 ], [ 403044.659206510696094, 3781413.326551373116672 ], [ 403044.964394710084889, 3781413.326551373116672 ], [ 403045.269582909473684, 3781413.021363174077123 ], [ 403046.185147507640067, 3781413.021363174077123 ], [ 403046.490335707028862, 3781412.716174974571913 ], [ 403051.068158697860781, 3781412.716174974571913 ], [ 403051.373346897249576, 3781413.021363174077123 ], [ 403051.373346897249576, 3781413.326551373116672 ], [ 403051.67853509663837, 3781413.631739572621882 ], [ 403051.67853509663837, 3781416.073245167732239 ], [ 403051.983723296027165, 3781416.378433367237449 ], [ 403051.983723296027165, 3781417.293997965287417 ], [ 403051.67853509663837, 3781417.599186164792627 ], [ 403051.67853509663837, 3781418.819938962347806 ], [ 403051.373346897249576, 3781419.125127161853015 ], [ 403051.373346897249576, 3781419.430315361358225 ], [ 403051.068158697860781, 3781419.735503560397774 ], [ 403051.068158697860781, 3781420.345879959408194 ], [ 403050.762970498471987, 3781420.651068158913404 ], [ 403050.762970498471987, 3781420.956256357952952 ], [ 403050.457782299083192, 3781421.261444557458162 ], [ 403050.457782299083192, 3781422.482197355013341 ], [ 403050.762970498471987, 3781422.787385554518551 ], [ 403050.762970498471987, 3781423.702950152568519 ], [ 403050.152594099694397, 3781423.702950152568519 ], [ 403049.847405900305603, 3781424.008138352073729 ] ] ] } },
{ "type": "Feature", "properties": { "confidence": 0.99870812892913818, "class": 1, "regularized": null }, "geometry": { "type": "Polygon", "coordinates": [ [ [ 403053.509664292971138, 3781496.032553407829255 ], [ 403053.509664292971138, 3781489.013224822003394 ], [ 403059.918616480135825, 3781489.013224822003394 ], [ 403060.223804679524619, 3781489.318413021508604 ], [ 403060.223804679524619, 3781493.591047812718898 ], [ 403060.528992878913414, 3781493.896236012224108 ], [ 403060.528992878913414, 3781495.727365208324045 ], [ 403060.223804679524619, 3781496.032553407829255 ], [ 403053.509664292971138, 3781496.032553407829255 ] ] ] } },
{ "type": "Feature", "properties": { "confidence": 0.99862587451934814, "class": 1, "regularized": "rectangle" }, "geometry": { "type": "Polygon", "coordinates": [ [ [ 402772.9375, 3781235.75 ], [ 402791.875, 3781235.25 ], [ 402792.3125, 3781248.25 ], [ 402773.375, 3781248.75 ], [ 402772.9375, 3781235.75 ] ] ] } },
{ "type": "Feature", "properties": { "confidence": 0.99856865406036377, "class": 1, "regularized": null }, "geometry": { "type": "Polygon", "coordinates": [ [ [ 402895.116988809779286, 3781436.826042726170272 ], [ 402894.811800610390492, 3781436.520854527130723 ], [ 402893.285859613446519, 3781436.520854527130723 ], [ 402892.980671414057724, 3781436.215666327625513 ], [ 402890.539165818947367, 3781436.215666327625513 ], [ 402890.233977619558573, 3781435.910478128120303 ], [ 402889.623601220780984, 3781435.910478128120303 ], [ 402889.318413021392189, 3781435.605289928615093 ], [ 402889.318413021392189, 3781431.332655137404799 ], [ 402889.013224821945187, 3781431.02746693789959 ], [ 402889.013224821945187, 3781425.534079349134117 ], [ 402889.318413021392189, 3781425.228891149628907 ], [ 402889.318413021392189, 3781423.702950152568519 ], [ 402889.623601220780984, 3781423.397761953063309 ], [ 402889.623601220780984, 3781423.092573754023761 ], [ 402889.928789420169778, 3781423.092573754023761 ], [ 402890.233977619558573, 3781422.787385554518551 ], [ 402893.285859613446519, 3781422.787385554518551 ], [ 402893.591047812835313, 3781423.092573754023761 ], [ 402895.727365208556876, 3781423.092573754023761 ], [ 402896.03255340794567, 3781423.397761953063309 ], [ 402896.03255340794567, 3781423.702950152568519 ], [ 402896.337741607334465, 3781424.008138352073729 ], [ 402896.337741607334465, 3781426.449643947184086 ], [ 402896.642929806723259, 3781426.754832146689296 ], [ 402896.642929806723259, 3781432.858596134465188 ], [ 402896.337741607334465, 3781433.163784333504736 ], [ 402896.337741607334465, 3781436.215666327625513 ], [ 402895.727365208556876, 3781436.826042726170272 ], [ 402895.116988809779286, 3781436.826042726170272 ] ] ] } },
{ "type": "Feature", "properties": { "confidence": 0.99856513738632202, "class": 1, "regularized": null }, "geometry": { "type": "Polygon", "coordinates": [ [ [ 402954.628687690768857, 3781439.877924720291048 ], [ 402954.323499491380062, 3781439.572736520785838 ], [ 402952.187182095600292, 3781439.572736520785838 ], [ 402951.881993896211497, 3781439.267548321280628 ], [ 402950.966429298045114, 3781439.267548321280628 ], [ 402950.966429298045114, 3781435.605289928615093 ], [ 402951.271617497433908, 3781435.300101729575545 ], [ 402951.271617497433908, 3781434.994913530070335 ], [ 402952.187182095600292, 3781434.079348932020366 ], [ 402952.797558494377881, 3781434.079348932020366 ], [ 402953.102746693766676, 3781433.774160732515156 ], [ 402953.102746693766676, 3781433.468972533009946 ], [ 402953.40793489315547, 3781433.468972533009946 ], [ 402954.323499491380062, 3781432.553407934959978 ], [ 402954.628687690768857, 3781432.553407934959978 ], [ 402955.239064089546446, 3781431.943031535949558 ], [ 402955.54425228893524, 3781431.943031535949558 ], [ 402956.459816887101624, 3781431.02746693789959 ], [ 402956.765005086490419, 3781431.02746693789959 ], [ 402957.375381485268008, 3781430.417090539354831 ], [ 402960.122075279767159, 3781430.417090539354831 ], [ 402960.427263479155954, 3781430.111902339849621 ], [ 402961.037639877933543, 3781430.111902339849621 ], [ 402961.342828077322338, 3781430.417090539354831 ], [ 402961.648016276711132, 3781430.417090539354831 ], [ 402961.953204476099927, 3781430.72227873839438 ], [ 402961.953204476099927, 3781432.248219735454768 ], [ 402962.258392675488722, 3781432.553407934959978 ], [ 402962.258392675488722, 3781432.858596134465188 ], [ 402962.868769074266311, 3781433.468972533009946 ], [ 402962.868769074266311, 3781433.774160732515156 ], [ 402963.173957273655105, 3781434.079348932020366 ], [ 402963.173957273655105, 3781437.436419125180691 ], [ 402962.563580874877516, 3781438.04679552372545 ], [ 402961.648016276711132, 3781438.04679552372545 ], [ 402961.342828077322338, 3781438.35198372323066 ], [ 402961.037639877933543, 3781438.35198372323066 ], [ 402960.732451678544749, 3781438.65717192273587 ], [ 402960.427263479155954, 3781438.65717192273587 ], [ 402960.122075279767159, 3781438.96236012224108 ], [ 402959.816887080378365, 3781438.96236012224108 ], [ 402959.51169888098957, 3781439.267548321280628 ], [ 402959.206510681600776, 3781439.267548321280628 ], [ 402958.901322482211981, 3781439.572736520785838 ], [ 402958.290946083434392, 3781439.572736520785838 ], [ 402957.985757884045597, 3781439.877924720291048 ], [ 402954.628687690768857, 3781439.877924720291048 ] ] ] } },
{ "type": "Feature", "properties": { "confidence": 0.9984583854675293, "class": 1, "regularized": null }, "geometry": { "type": "Polygon", "coordinates": [ [ [ 402631.129196337715257, 3781423.397761953063309 ], [ 402630.824008138326462, 3781423.092573754023761 ], [ 402629.908443540160079, 3781423.092573754023761 ], [ 402629.603255340771284, 3781422.787385554518551 ], [ 402629.603255340771284, 3781422.482197355013341 ], [ 402629.908443540160079, 3781422.177009155508131 ], [ 402629.908443540160079, 3781421.261444557458162 ], [ 402629.603255340771284, 3781420.956256357952952 ], [ 402629.603255340771284, 3781415.76805696869269 ], [ 402629.298067141382489, 3781415.46286876918748 ], [ 402629.298067141382489, 3781414.242115971632302 ], [ 402629.603255340771284, 3781413.936927772127092 ], [ 402629.603255340771284, 3781413.631739572621882 ], [ 402631.739572736492846, 3781413.631739572621882 ], [ 402632.044760935881641, 3781413.936927772127092 ], [ 402632.349949135328643, 3781413.936927772127092 ], [ 402632.655137334717438, 3781414.242115971632302 ], [ 402633.265513733495027, 3781414.242115971632302 ], [ 402633.570701932883821, 3781413.936927772127092 ], [ 402633.875890132272616, 3781413.936927772127092 ], [ 402634.181078331661411, 3781413.631739572621882 ], [ 402638.453713123104535, 3781413.631739572621882 ], [ 402638.453713123104535, 3781413.936927772127092 ], [ 402638.75890132249333, 3781414.242115971632302 ], [ 402638.75890132249333, 3781422.177009155508131 ], [ 402639.064089521882124, 3781422.482197355013341 ], [ 402638.453713123104535, 3781423.092573754023761 ], [ 402636.317395727382973, 3781423.092573754023761 ], [ 402636.012207527994178, 3781423.397761953063309 ], [ 402631.129196337715257, 3781423.397761953063309 ] ] ] } },
{ "type": "Feature", "properties": { "confidence": 0.99837660789489746, "class": 1, "regularized": "rectangle" }, "geometry": { "type": "Polygon", "coordinates": [ [ [ 402722.6875, 3781207.0 ], [ 402739.1875, 3781207.0 ], [ 402739.1875, 3781220.0 ], [ 402722.6875, 3781220.0 ], [ 402722.6875, 3781207.0 ] ] ] } },
{ "type": "Feature", "properties": { "confidence": 0.99835014343261719, "class": 1, "regularized": null }, "geometry": { "type": "Polygon", "coordinates": [ [ [ 403054.120040691748727, 3781567.751780264545232 ], [ 403053.814852492359933, 3781567.446592065040022 ], [ 403052.899287894193549, 3781567.446592065040022 ], [ 403052.594099694804754, 3781567.141403865534812 ], [ 403052.28891149541596, 3781567.141403865534812 ], [ 403051.983723296027165, 3781566.836215666495264 ], [ 403051.67853509663837, 3781566.836215666495264 ], [ 403051.373346897249576, 3781566.531027466990054 ], [ 403051.068158697860781, 3781566.531027466990054 ], [ 403049.542217700916808, 3781565.005086469929665 ], [ 403049.542217700916808, 3781564.089521871879697 ], [ 403049.847405900305603, 3781563.784333672374487 ], [ 403049.847405900305603, 3781562.258392675314099 ], [ 403050.457782299083192, 3781561.64801627676934 ], [ 403050.457782299083192, 3781561.34282807726413 ], [ 403051.373346897249576, 3781561.34282807726413 ], [ 403051.67853509663837, 3781561.03763987775892 ], [ 403051.67853509663837, 3781560.732451678719372 ], [ 403051.983723296027165, 3781560.427263479214162 ], [ 403052.28891149541596, 3781560.427263479214162 ], [ 403052.594099694804754, 3781560.122075279708952 ], [ 403052.899287894193549, 3781560.122075279708952 ], [ 403053.204476093582343, 3781559.816887080203742 ], [ 403053.814852492359933, 3781559.816887080203742 ], [ 403054.120040691748727, 3781560.122075279708952 ], [ 403054.425228891137522, 3781560.122075279708952 ], [ 403055.340793489303906, 3781561.03763987775892 ], [ 403055.6459816886927, 3781561.03763987775892 ], [ 403055.6459816886927, 3781561.34282807726413 ], [ 403055.951169888081495, 3781561.64801627676934 ], [ 403056.866734486247879, 3781561.64801627676934 ], [ 403057.477110885025468, 3781562.258392675314099 ], [ 403057.477110885025468, 3781562.563580874819309 ], [ 403057.782299084414262, 3781562.868769074324518 ], [ 403057.782299084414262, 3781564.699898270424455 ], [ 403057.477110885025468, 3781565.005086469929665 ], [ 403057.477110885025468, 3781566.225839267484844 ], [ 403057.171922685636673, 3781566.531027466990054 ], [ 403057.171922685636673, 3781566.836215666495264 ], [ 403056.561546286859084, 3781567.446592065040022 ], [ 403055.951169888081495, 3781567.446592065040022 ], [ 403055.6459816886927, 3781567.751780264545232 ], [ 403054.120040691748727, 3781567.751780264545232 ] ] ] } },
{ "type": "Feature", "properties": { "confidence": 0.99831306934356689, "class": 1, "regularized": null }, "geometry": { "type": "Polygon", "coordinates": [ [ [ 402703.153611393703613, 3781447.812817904166877 ], [ 402702.848423194314819, 3781447.507629705127329 ], [ 402701.932858596148435, 3781447.507629705127329 ], [ 402701.62767039675964, 3781447.202441505622119 ], [ 402701.322482197370846, 3781447.202441505622119 ], [ 402701.017293997982051, 3781446.897253306116909 ], [ 402701.017293997982051, 3781446.28687690757215 ], [ 402701.322482197370846, 3781445.98168870806694 ], [ 402701.322482197370846, 3781443.234994913451374 ], [ 402701.62767039675964, 3781442.929806713946164 ], [ 402701.62767039675964, 3781442.624618514906615 ], [ 402702.23804679553723, 3781442.014242115896195 ], [ 402702.23804679553723, 3781441.098677517846227 ], [ 402702.543234994926024, 3781440.793489318341017 ], [ 402703.153611393703613, 3781440.793489318341017 ], [ 402703.458799593092408, 3781441.098677517846227 ], [ 402703.763987792481203, 3781441.098677517846227 ], [ 402703.763987792481203, 3781441.403865717351437 ], [ 402704.069175991869997, 3781441.709053916390985 ], [ 402704.069175991869997, 3781442.014242115896195 ], [ 402704.679552390647586, 3781442.624618514906615 ], [ 402704.984740590036381, 3781442.624618514906615 ], [ 402706.815869786369149, 3781444.455747711006552 ], [ 402707.121057985757943, 3781444.455747711006552 ], [ 402707.121057985757943, 3781446.592065106611699 ], [ 402706.815869786369149, 3781446.897253306116909 ], [ 402706.510681586980354, 3781446.897253306116909 ], [ 402706.205493387591559, 3781447.202441505622119 ], [ 402705.59511698881397, 3781447.202441505622119 ], [ 402705.289928789425176, 3781447.507629705127329 ], [ 402703.763987792481203, 3781447.507629705127329 ], [ 402703.458799593092408, 3781447.812817904166877 ], [ 402703.153611393703613, 3781447.812817904166877 ] ] ] } },
{ "type": "Feature", "properties": { "confidence": 0.99821209907531738, "class": 1, "regularized": "rectangle" }, "geometry": { "type": "Polygon", "coordinates": [ [ [ 403023.5625, 3781316.5 ], [ 403035.8125, 3781316.5 ], [ 403035.8125, 3781330.5 ], [ 403023.5625, 3781330.5 ], [ 403023.5625, 3781316.5 ] ] ] } },
{ "type": "Feature", "properties": { "confidence": 0.99795472621917725, "class": 1, "regularized": "rectangle" }, "geometry": { "type": "Polygon", "coordinates": [ [ [ 403040.375, 3781350.5 ], [ 403040.375, 3781336.5 ], [ 403052.5625, 3781336.5 ], [ 403052.5625, 3781350.5 ], [ 403040.375, 3781350.5 ] ] ] } },
{ "type": "Feature", "properties": { "confidence": 0.99783354997634888, "class": 1, "regularized": null }, "geometry": { "type": "Polygon", "coordinates": [ [ [ 403102.950152594072279, 3781344.659206510521472 ], [ 403102.644964394683484, 3781344.354018311481923 ], [ 403101.424211597128306, 3781344.354018311481923 ], [ 403101.119023397739511, 3781344.048830111976713 ], [ 403098.067141403851565, 3781344.048830111976713 ], [ 403097.456765005073976, 3781343.438453712966293 ], [ 403097.456765005073976, 3781342.828077314421535 ], [ 403097.151576805685181, 3781342.522889114916325 ], [ 403097.151576805685181, 3781339.471007121261209 ], [ 403097.456765005073976, 3781339.165818921755999 ], [ 403098.677517802629154, 3781339.165818921755999 ], [ 403098.982706002017949, 3781338.860630722250789 ], [ 403099.593082400795538, 3781338.860630722250789 ], [ 403099.898270600184333, 3781338.555442522745579 ], [ 403101.119023397739511, 3781338.555442522745579 ], [ 403101.424211597128306, 3781338.860630722250789 ], [ 403101.7293997965171, 3781338.860630722250789 ], [ 403102.034587995905895, 3781339.165818921755999 ], [ 403103.255340793461073, 3781339.165818921755999 ], [ 403103.560528992908075, 3781338.860630722250789 ], [ 403106.002034588018432, 3781338.860630722250789 ], [ 403106.307222787407227, 3781339.165818921755999 ], [ 403106.307222787407227, 3781339.471007121261209 ], [ 403106.612410986796021, 3781339.776195320300758 ], [ 403106.612410986796021, 3781343.743641912471503 ], [ 403106.307222787407227, 3781344.048830111976713 ], [ 403106.307222787407227, 3781344.354018311481923 ], [ 403106.002034588018432, 3781344.659206510521472 ], [ 403102.950152594072279, 3781344.659206510521472 ] ] ] } },
{ "type": "Feature", "properties": { "confidence": 0.99771058559417725, "class": 1, "regularized": null }, "geometry": { "type": "Polygon", "coordinates": [ [ [ 402842.929806714120787, 3781377.31434384547174 ], [ 402842.319430315343197, 3781376.70396744646132 ], [ 402842.319430315343197, 3781375.788402848411351 ], [ 402842.014242115954403, 3781375.483214648906142 ], [ 402842.014242115954403, 3781374.567650050856173 ], [ 402842.319430315343197, 3781374.262461851350963 ], [ 402842.319430315343197, 3781372.431332655251026 ], [ 402842.624618514731992, 3781372.126144455745816 ], [ 402842.624618514731992, 3781371.820956256240606 ], [ 402842.929806714120787, 3781371.515768057201058 ], [ 402842.929806714120787, 3781369.684638860635459 ], [ 402843.234994913509581, 3781369.37945066113025 ], [ 402843.234994913509581, 3781369.07426246162504 ], [ 402843.84537131228717, 3781368.463886063080281 ], [ 402843.84537131228717, 3781368.158697863575071 ], [ 402844.150559511675965, 3781367.853509664069861 ], [ 402844.150559511675965, 3781366.937945066019893 ], [ 402843.84537131228717, 3781366.632756866514683 ], [ 402843.84537131228717, 3781366.022380467969924 ], [ 402844.760935910453554, 3781365.106815869919956 ], [ 402846.59206510684453, 3781365.106815869919956 ], [ 402846.897253306233324, 3781365.412004068959504 ], [ 402849.94913530012127, 3781365.412004068959504 ], [ 402850.559511698898859, 3781366.022380467969924 ], [ 402850.559511698898859, 3781369.07426246162504 ], [ 402850.864699898287654, 3781369.37945066113025 ], [ 402850.864699898287654, 3781370.295015259180218 ], [ 402850.559511698898859, 3781370.600203458685428 ], [ 402850.559511698898859, 3781371.210579857695848 ], [ 402850.254323499510065, 3781371.515768057201058 ], [ 402850.254323499510065, 3781371.820956256240606 ], [ 402849.94913530012127, 3781372.126144455745816 ], [ 402849.94913530012127, 3781372.431332655251026 ], [ 402849.643947100732476, 3781372.736520854756236 ], [ 402849.643947100732476, 3781373.041709053795785 ], [ 402849.338758901343681, 3781373.346897253300995 ], [ 402849.338758901343681, 3781373.652085452806205 ], [ 402848.728382502566092, 3781374.262461851350963 ], [ 402848.728382502566092, 3781374.567650050856173 ], [ 402848.118006103788503, 3781375.178026449866593 ], [ 402848.118006103788503, 3781375.483214648906142 ], [ 402847.812817904399708, 3781375.788402848411351 ], [ 402847.812817904399708, 3781376.093591047916561 ], [ 402847.202441505622119, 3781376.70396744646132 ], [ 402846.59206510684453, 3781376.70396744646132 ], [ 402846.286876907397527, 3781377.00915564596653 ], [ 402844.45574771106476, 3781377.00915564596653 ], [ 402844.150559511675965, 3781377.31434384547174 ], [ 402842.929806714120787, 3781377.31434384547174 ] ] ] } },
{ "type": "Feature", "properties": { "confidence": 0.99763619899749756, "class": 1, "regularized": null }, "geometry": { "type": "Polygon", "coordinates": [ [ [ 402910.071210579830222, 3781515.259409969672561 ], [ 402909.766022380441427, 3781514.954221770167351 ], [ 402909.460834181052633, 3781514.954221770167351 ], [ 402908.850457782275043, 3781514.343845371156931 ], [ 402908.850457782275043, 3781513.123092573601753 ], [ 402909.155645981663838, 3781512.817904374562204 ], [ 402909.155645981663838, 3781512.207527975551784 ], [ 402908.850457782275043, 3781511.902339776046574 ], [ 402908.850457782275043, 3781505.798575788270682 ], [ 402909.155645981663838, 3781505.493387589231133 ], [ 402909.155645981663838, 3781504.272634791675955 ], [ 402909.460834181052633, 3781503.967446592170745 ], [ 402909.460834181052633, 3781503.662258392665535 ], [ 402910.376398779219016, 3781502.746693794615567 ], [ 402914.649033570720349, 3781502.746693794615567 ], [ 402914.649033570720349, 3781505.798575788270682 ], [ 402914.954221770109143, 3781506.103763987775892 ], [ 402914.954221770109143, 3781506.714140386786312 ], [ 402915.564598168886732, 3781507.32451678533107 ], [ 402915.564598168886732, 3781507.62970498483628 ], [ 402915.869786368275527, 3781507.93489318434149 ], [ 402915.869786368275527, 3781509.155645981896669 ], [ 402915.564598168886732, 3781509.460834180936217 ], [ 402915.564598168886732, 3781514.343845371156931 ], [ 402915.259409969497938, 3781514.649033570662141 ], [ 402915.259409969497938, 3781514.954221770167351 ], [ 402914.954221770109143, 3781514.954221770167351 ], [ 402914.649033570720349, 3781515.259409969672561 ], [ 402910.071210579830222, 3781515.259409969672561 ] ] ] } },
{ "type": "Feature", "properties": { "confidence": 0.99763369560241699, "class": 1, "regularized": null }, "geometry": { "type": "Polygon", "coordinates": [ [ [ 402982.095625635818578, 3781489.013224822003394 ], [ 402981.790437436429784, 3781488.708036622498184 ], [ 402979.959308240097016, 3781488.708036622498184 ], [ 402979.654120040708221, 3781488.402848422992975 ], [ 402979.348931841319427, 3781488.402848422992975 ], [ 402979.348931841319427, 3781488.097660223953426 ], [ 402979.043743641930632, 3781487.792472024448216 ], [ 402979.043743641930632, 3781484.740590030327439 ], [ 402978.738555442541838, 3781484.435401831287891 ], [ 402978.433367243153043, 3781484.435401831287891 ], [ 402978.433367243153043, 3781483.825025432277471 ], [ 402978.128179043764248, 3781483.519837232772261 ], [ 402978.128179043764248, 3781482.909460834227502 ], [ 402977.822990844375454, 3781482.604272634722292 ], [ 402977.822990844375454, 3781481.993896236177534 ], [ 402978.128179043764248, 3781481.688708036672324 ], [ 402978.433367243153043, 3781481.688708036672324 ], [ 402978.738555442541838, 3781481.383519837167114 ], [ 402981.180061037652194, 3781481.383519837167114 ], [ 402981.485249237040989, 3781481.078331637661904 ], [ 402986.673448626650497, 3781481.078331637661904 ], [ 402987.283825025428087, 3781481.688708036672324 ], [ 402987.283825025428087, 3781483.825025432277471 ], [ 402987.589013224816881, 3781484.130213631782681 ], [ 402987.589013224816881, 3781485.045778229832649 ], [ 402987.894201424205676, 3781485.350966429337859 ], [ 402987.894201424205676, 3781485.961342827882618 ], [ 402987.589013224816881, 3781486.266531027387828 ], [ 402987.589013224816881, 3781486.571719226893038 ], [ 402987.283825025428087, 3781486.876907426398247 ], [ 402987.283825025428087, 3781488.402848422992975 ], [ 402986.063072227872908, 3781488.402848422992975 ], [ 402985.757884028484114, 3781488.708036622498184 ], [ 402985.452695829095319, 3781488.402848422992975 ], [ 402984.537131230928935, 3781488.402848422992975 ], [ 402984.231943031540141, 3781488.708036622498184 ], [ 402982.706002034596168, 3781488.708036622498184 ], [ 402982.400813835207373, 3781489.013224822003394 ], [ 402982.095625635818578, 3781489.013224822003394 ] ] ] } },
{ "type": "Feature", "properties": { "confidence": 0.99761068820953369, "class": 1, "regularized": null }, "geometry": { "type": "Polygon", "coordinates": [ [ [ 402920.142421159718651, 3781525.025432350113988 ], [ 402919.837232960329857, 3781524.720244150608778 ], [ 402918.616480162774678, 3781524.720244150608778 ], [ 402918.311291963385884, 3781524.415055951103568 ], [ 402917.700915564608295, 3781524.415055951103568 ], [ 402917.3957273652195, 3781524.109867751598358 ], [ 402917.3957273652195, 3781518.311291963327676 ], [ 402925.635808748716954, 3781518.311291963327676 ], [ 402925.635808748716954, 3781521.668362156488001 ], [ 402925.940996948105749, 3781521.973550355993211 ], [ 402925.940996948105749, 3781524.109867751598358 ], [ 402925.33062054932816, 3781524.720244150608778 ], [ 402923.499491352995392, 3781524.720244150608778 ], [ 402923.194303153606597, 3781525.025432350113988 ], [ 402920.142421159718651, 3781525.025432350113988 ] ] ] } },
{ "type": "Feature", "properties": { "confidence": 0.9976009726524353, "class": 1, "regularized": null }, "geometry": { "type": "Polygon", "coordinates": [ [ [ 402696.439471007150132, 3781299.186164801474661 ], [ 402696.13428280770313, 3781298.880976602435112 ], [ 402695.523906408925541, 3781298.880976602435112 ], [ 402695.523906408925541, 3781294.608341810759157 ], [ 402695.829094608314335, 3781294.303153611253947 ], [ 402701.017293997982051, 3781294.303153611253947 ], [ 402701.322482197370846, 3781293.997965412214398 ], [ 402703.763987792481203, 3781293.997965412214398 ], [ 402704.069175991869997, 3781293.692777212709188 ], [ 402705.59511698881397, 3781293.692777212709188 ], [ 402706.205493387591559, 3781294.303153611253947 ], [ 402706.205493387591559, 3781297.965412003919482 ], [ 402705.59511698881397, 3781298.575788402929902 ], [ 402704.069175991869997, 3781298.575788402929902 ], [ 402703.763987792481203, 3781298.880976602435112 ], [ 402697.965412004094105, 3781298.880976602435112 ], [ 402697.660223804705311, 3781299.186164801474661 ], [ 402696.439471007150132, 3781299.186164801474661 ] ] ] } },
{ "type": "Feature", "properties": { "confidence": 0.99753880500793457, "class": 1, "regularized": null }, "geometry": { "type": "Polygon", "coordinates": [ [ [ 402694.303153611370362, 3781657.477110885083675 ], [ 402693.997965411981568, 3781657.171922685578465 ], [ 402693.692777212592773, 3781657.171922685578465 ], [ 402693.692777212592773, 3781656.866734486073256 ], [ 402693.387589013203979, 3781656.561546287033707 ], [ 402693.387589013203979, 3781651.373346897307783 ], [ 402693.692777212592773, 3781651.068158697802573 ], [ 402693.692777212592773, 3781650.762970498297364 ], [ 402693.997965411981568, 3781650.457782299257815 ], [ 402694.608341810759157, 3781650.457782299257815 ], [ 402694.913530010147952, 3781650.152594099752605 ], [ 402701.322482197370846, 3781650.152594099752605 ], [ 402701.62767039675964, 3781650.457782299257815 ], [ 402701.62767039675964, 3781651.373346897307783 ], [ 402701.932858596148435, 3781651.678535096812993 ], [ 402701.932858596148435, 3781653.81485249241814 ], [ 402702.23804679553723, 3781654.12004069192335 ], [ 402702.23804679553723, 3781657.171922685578465 ], [ 402700.712105798593257, 3781657.171922685578465 ], [ 402700.406917599204462, 3781657.477110885083675 ], [ 402694.303153611370362, 3781657.477110885083675 ] ] ] } },
{ "type": "Feature", "properties": { "confidence": 0.99750250577926636, "class": 1, "regularized": null }, "geometry": { "type": "Polygon", "coordinates": [ [ [ 402925.33062054932816, 3781510.071210579946637 ], [ 402925.025432349939365, 3781509.766022380441427 ], [ 402924.109867751772981, 3781509.766022380441427 ], [ 402923.499491352995392, 3781509.155645981896669 ], [ 402923.804679552384187, 3781508.850457782391459 ], [ 402923.804679552384187, 3781502.136317395605147 ], [ 402923.499491352995392, 3781501.831129196565598 ], [ 402923.499491352995392, 3781500.30518819950521 ], [ 402923.804679552384187, 3781500.0 ], [ 402925.33062054932816, 3781500.0 ], [ 402925.635808748716954, 3781500.30518819950521 ], [ 402928.6876907426049, 3781500.30518819950521 ], [ 402929.298067141382489, 3781500.915564598049968 ], [ 402929.298067141382489, 3781501.220752797555178 ], [ 402929.603255340771284, 3781501.525940997060388 ], [ 402929.603255340771284, 3781502.746693794615567 ], [ 402929.908443540160079, 3781503.051881994120777 ], [ 402929.908443540160079, 3781504.577822990715504 ], [ 402930.213631739548873, 3781504.883011190220714 ], [ 402930.213631739548873, 3781508.545269582886249 ], [ 402929.908443540160079, 3781508.850457782391459 ], [ 402929.908443540160079, 3781509.460834180936217 ], [ 402929.603255340771284, 3781509.460834180936217 ], [ 402929.298067141382489, 3781509.766022380441427 ], [ 402927.161749745660927, 3781509.766022380441427 ], [ 402926.856561546272133, 3781510.071210579946637 ], [ 402925.33062054932816, 3781510.071210579946637 ] ] ] } },
{ "type": "Feature", "properties": { "confidence": 0.99737310409545898, "class": 1, "regularized": null }, "geometry": { "type": "Polygon", "coordinates": [ [ [ 402863.072227873839438, 3781365.106815869919956 ], [ 402862.767039674450643, 3781364.801627670414746 ], [ 402861.546286876895465, 3781364.801627670414746 ], [ 402861.24109867750667, 3781364.496439470909536 ], [ 402860.630722278729081, 3781364.496439470909536 ], [ 402860.325534079340287, 3781364.191251271404326 ], [ 402860.325534079340287, 3781363.580874872859567 ], [ 402860.020345879951492, 3781363.275686673354357 ], [ 402860.020345879951492, 3781357.171922685578465 ], [ 402860.325534079340287, 3781356.866734486073256 ], [ 402860.325534079340287, 3781356.561546287033707 ], [ 402861.85147507628426, 3781356.561546287033707 ], [ 402862.156663275673054, 3781356.256358087528497 ], [ 402867.039674465893768, 3781356.256358087528497 ], [ 402867.344862665282562, 3781356.561546287033707 ], [ 402867.650050864671357, 3781356.561546287033707 ], [ 402867.650050864671357, 3781356.866734486073256 ], [ 402867.955239064118359, 3781357.171922685578465 ], [ 402867.955239064118359, 3781358.697863682638854 ], [ 402868.260427263507154, 3781359.003051882144064 ], [ 402868.260427263507154, 3781360.528992878738791 ], [ 402868.565615462895948, 3781360.834181078244001 ], [ 402868.565615462895948, 3781363.275686673354357 ], [ 402868.870803662284743, 3781363.580874872859567 ], [ 402868.870803662284743, 3781363.886063072364777 ], [ 402868.565615462895948, 3781364.191251271404326 ], [ 402868.565615462895948, 3781364.496439470909536 ], [ 402867.955239064118359, 3781364.496439470909536 ], [ 402867.650050864671357, 3781364.801627670414746 ], [ 402864.598168870783411, 3781364.801627670414746 ], [ 402864.292980671394616, 3781365.106815869919956 ], [ 402863.072227873839438, 3781365.106815869919956 ] ] ] } },
{ "type": "Feature", "properties": { "confidence": 0.99720877408981323, "class": 1, "regularized": null }, "geometry": { "type": "Polygon", "coordinates": [ [ [ 402716.276703967421781, 3781751.475076296832412 ], [ 402715.971515768032987, 3781751.169888097792864 ], [ 402715.055951169866603, 3781751.169888097792864 ], [ 402714.445574771089014, 3781750.559511698782444 ], [ 402714.445574771089014, 3781744.455747711006552 ], [ 402714.750762970477808, 3781744.150559511501342 ], [ 402714.750762970477808, 3781743.845371312461793 ], [ 402715.361139369255397, 3781743.234994913451374 ], [ 402715.666327568644192, 3781743.234994913451374 ], [ 402715.971515768032987, 3781742.929806713946164 ], [ 402716.276703967421781, 3781742.929806713946164 ], [ 402716.581892166810576, 3781742.624618514906615 ], [ 402721.770091556478292, 3781742.624618514906615 ], [ 402722.075279755867086, 3781742.319430315401405 ], [ 402722.075279755867086, 3781742.624618514906615 ], [ 402722.380467955255881, 3781742.929806713946164 ], [ 402722.685656154644676, 3781742.929806713946164 ], [ 402722.685656154644676, 3781746.28687690757215 ], [ 402721.770091556478292, 3781747.202441505622119 ], [ 402721.464903357089497, 3781747.202441505622119 ], [ 402721.159715157700703, 3781747.507629705127329 ], [ 402721.159715157700703, 3781750.864699898287654 ], [ 402720.854526958311908, 3781751.169888097792864 ], [ 402720.549338758923113, 3781751.169888097792864 ], [ 402720.244150559534319, 3781751.475076296832412 ], [ 402716.276703967421781, 3781751.475076296832412 ] ] ] } },
{ "type": "Feature", "properties": { "confidence": 0.99720394611358643, "class": 1, "regularized": null }, "geometry": { "type": "Polygon", "coordinates": [ [ [ 402962.563580874877516, 3781360.834181078244001 ], [ 402962.258392675488722, 3781360.528992878738791 ], [ 402962.258392675488722, 3781356.256358087528497 ], [ 402962.563580874877516, 3781355.951169888023287 ], [ 402962.563580874877516, 3781354.12004069192335 ], [ 402963.173957273655105, 3781353.50966429291293 ], [ 402966.225839267543051, 3781353.50966429291293 ], [ 402966.531027466931846, 3781353.81485249241814 ], [ 402967.751780264487024, 3781353.81485249241814 ], [ 402968.056968463875819, 3781354.12004069192335 ], [ 402968.362156663264614, 3781354.12004069192335 ], [ 402968.362156663264614, 3781354.425228890962899 ], [ 402968.667344862653408, 3781354.730417090468109 ], [ 402968.972533062042203, 3781354.730417090468109 ], [ 402968.972533062042203, 3781355.035605289973319 ], [ 402969.277721261430997, 3781355.340793489478528 ], [ 402969.582909460819792, 3781355.340793489478528 ], [ 402969.582909460819792, 3781355.951169888023287 ], [ 402970.498474058986176, 3781356.866734486073256 ], [ 402970.498474058986176, 3781357.477110885083675 ], [ 402970.80366225837497, 3781357.782299084588885 ], [ 402970.80366225837497, 3781360.223804679699242 ], [ 402970.498474058986176, 3781360.528992878738791 ], [ 402970.193285859597381, 3781360.528992878738791 ], [ 402969.888097660208587, 3781360.834181078244001 ], [ 402968.972533062042203, 3781360.834181078244001 ], [ 402968.667344862653408, 3781360.528992878738791 ], [ 402967.44659206509823, 3781360.528992878738791 ], [ 402967.141403865709435, 3781360.834181078244001 ], [ 402962.563580874877516, 3781360.834181078244001 ] ] ] } },
{ "type": "Feature", "properties": { "confidence": 0.99690932035446167, "class": 1, "regularized": null }, "geometry": { "type": "Polygon", "coordinates": [ [ [ 403050.457782299083192, 3781553.71312309242785 ], [ 403050.152594099694397, 3781553.407934893388301 ], [ 403048.931841302139219, 3781553.407934893388301 ], [ 403048.626653102750424, 3781553.102746693883091 ], [ 403048.32146490336163, 3781553.102746693883091 ], [ 403047.71108850458404, 3781552.492370294872671 ], [ 403047.71108850458404, 3781552.187182095833123 ], [ 403047.405900305195246, 3781551.881993896327913 ], [ 403047.405900305195246, 3781551.576805696822703 ], [ 403046.795523906417657, 3781550.966429298277944 ], [ 403046.795523906417657, 3781550.356052899267524 ], [ 403047.100712105806451, 3781550.050864699762315 ], [ 403047.100712105806451, 3781549.745676500722766 ], [ 403047.405900305195246, 3781549.440488301217556 ], [ 403047.405900305195246, 3781548.524923703167588 ], [ 403047.71108850458404, 3781548.219735503662378 ], [ 403047.71108850458404, 3781547.914547304157168 ], [ 403048.016276703972835, 3781547.914547304157168 ], [ 403048.626653102750424, 3781547.304170905612409 ], [ 403049.542217700916808, 3781547.304170905612409 ], [ 403049.847405900305603, 3781546.998982706107199 ], [ 403051.67853509663837, 3781546.998982706107199 ], [ 403051.983723296027165, 3781546.693794506601989 ], [ 403055.340793489303906, 3781546.693794506601989 ], [ 403055.6459816886927, 3781546.998982706107199 ], [ 403055.951169888081495, 3781546.998982706107199 ], [ 403056.256358087470289, 3781547.304170905612409 ], [ 403056.561546286859084, 3781547.304170905612409 ], [ 403057.171922685636673, 3781547.914547304157168 ], [ 403057.171922685636673, 3781548.524923703167588 ], [ 403057.477110885025468, 3781548.830111902207136 ], [ 403057.477110885025468, 3781552.797558494377881 ], [ 403056.866734486247879, 3781553.407934893388301 ], [ 403055.6459816886927, 3781553.407934893388301 ], [ 403055.340793489303906, 3781553.71312309242785 ], [ 403050.457782299083192, 3781553.71312309242785 ] ] ] } },
{ "type": "Feature", "properties": { "confidence": 0.99685114622116089, "class": 1, "regularized": "rectangle" }, "geometry": { "type": "Polygon", "coordinates": [ [ [ 403059.875, 3781319.75 ], [ 403072.125, 3781319.75 ], [ 403072.125, 3781332.75 ], [ 403059.875, 3781332.75 ], [ 403059.875, 3781319.75 ] ] ] } },
{ "type": "Feature", "properties": { "confidence": 0.99677640199661255, "class": 1, "regularized": null }, "geometry": { "type": "Polygon", "coordinates": [ [ [ 402715.055951169866603, 3781769.78636826062575 ], [ 402714.445574771089014, 3781769.17599186161533 ], [ 402714.445574771089014, 3781758.189216683618724 ], [ 402714.750762970477808, 3781757.884028484113514 ], [ 402714.750762970477808, 3781757.578840285073966 ], [ 402715.055951169866603, 3781757.273652085568756 ], [ 402721.159715157700703, 3781757.273652085568756 ], [ 402721.159715157700703, 3781757.578840285073966 ], [ 402721.464903357089497, 3781757.884028484113514 ], [ 402721.464903357089497, 3781761.241098677739501 ], [ 402721.159715157700703, 3781761.54628687677905 ], [ 402721.159715157700703, 3781763.987792471889406 ], [ 402720.854526958311908, 3781764.292980671394616 ], [ 402720.854526958311908, 3781765.208545269444585 ], [ 402721.159715157700703, 3781765.513733468949795 ], [ 402721.159715157700703, 3781769.48118006112054 ], [ 402720.854526958311908, 3781769.78636826062575 ], [ 402715.055951169866603, 3781769.78636826062575 ] ] ] } },
{ "type": "Feature", "properties": { "confidence": 0.99663937091827393, "class": 1, "regularized": null }, "geometry": { "type": "Polygon", "coordinates": [ [ [ 402833.468972533068154, 3781631.230925737414509 ], [ 402833.163784333679359, 3781630.92573753837496 ], [ 402832.55340793490177, 3781630.92573753837496 ], [ 402832.248219735512976, 3781630.62054933886975 ], [ 402832.248219735512976, 3781627.568667344748974 ], [ 402832.55340793490177, 3781627.263479145243764 ], [ 402832.55340793490177, 3781625.432349949143827 ], [ 402832.858596134290565, 3781625.127161749638617 ], [ 402841.403865717176814, 3781625.127161749638617 ], [ 402841.403865717176814, 3781625.432349949143827 ], [ 402841.709053916565608, 3781625.737538148649037 ], [ 402841.709053916565608, 3781626.958290946204215 ], [ 402842.014242115954403, 3781627.263479145243764 ], [ 402842.014242115954403, 3781628.789420142304152 ], [ 402841.709053916565608, 3781629.094608341809362 ], [ 402841.709053916565608, 3781630.010172939859331 ], [ 402841.403865717176814, 3781630.315361139364541 ], [ 402841.403865717176814, 3781630.62054933886975 ], [ 402841.098677517788019, 3781630.62054933886975 ], [ 402840.793489318399224, 3781630.92573753837496 ], [ 402840.48830111901043, 3781630.92573753837496 ], [ 402840.183112919621635, 3781631.230925737414509 ], [ 402833.468972533068154, 3781631.230925737414509 ] ] ] } },
{ "type": "Feature", "properties": { "confidence": 0.99619472026824951, "class": 1, "regularized": null }, "geometry": { "type": "Polygon", "coordinates": [ [ [ 403038.555442522861995, 3781496.032553407829255 ], [ 403038.555442522861995, 3781490.233977619558573 ], [ 403038.860630722250789, 3781489.928789420053363 ], [ 403039.165818921639584, 3781489.928789420053363 ], [ 403039.471007121086586, 3781489.623601220548153 ], [ 403041.607324516808148, 3781489.623601220548153 ], [ 403041.912512716196943, 3781489.318413021508604 ], [ 403044.659206510696094, 3781489.318413021508604 ], [ 403044.964394710084889, 3781489.623601220548153 ], [ 403045.269582909473684, 3781489.623601220548153 ], [ 403045.574771108862478, 3781489.928789420053363 ], [ 403045.574771108862478, 3781496.032553407829255 ], [ 403038.555442522861995, 3781496.032553407829255 ] ] ] } },
{ "type": "Feature", "properties": { "confidence": 0.99603736400604248, "class": 1, "regularized": "rectangle" }, "geometry": { "type": "Polygon", "coordinates": [ [ [ 402725.4375, 3781298.5 ], [ 402738.5625, 3781298.5 ], [ 402738.5625, 3781309.0 ], [ 402725.4375, 3781309.0 ], [ 402725.4375, 3781298.5 ] ] ] } },
{ "type": "Feature", "properties": { "confidence": 0.99554318189620972, "class": 1, "regularized": null }, "geometry": { "type": "Polygon", "coordinates": [ [ [ 403069.684638860635459, 3781302.543234995100647 ], [ 403069.07426246185787, 3781301.932858596090227 ], [ 403068.769074262469076, 3781301.932858596090227 ], [ 403068.769074262469076, 3781300.406917599029839 ], [ 403069.07426246185787, 3781300.406917599029839 ], [ 403069.379450661246665, 3781300.10172939999029 ], [ 403069.379450661246665, 3781298.270600203424692 ], [ 403069.684638860635459, 3781297.965412003919482 ], [ 403069.684638860635459, 3781296.439471007324755 ], [ 403069.379450661246665, 3781296.134282807819545 ], [ 403069.379450661246665, 3781293.387589013203979 ], [ 403069.684638860635459, 3781293.082400813698769 ], [ 403069.684638860635459, 3781291.556459817104042 ], [ 403070.600203458801843, 3781290.640895218588412 ], [ 403070.600203458801843, 3781290.335707019548863 ], [ 403072.431332655134611, 3781290.335707019548863 ], [ 403072.736520854523405, 3781290.030518820043653 ], [ 403077.314343845355324, 3781290.030518820043653 ], [ 403077.619532044744119, 3781290.335707019548863 ], [ 403077.924720244132914, 3781290.335707019548863 ], [ 403077.924720244132914, 3781295.218718209769577 ], [ 403077.619532044744119, 3781295.523906408809125 ], [ 403077.619532044744119, 3781296.439471007324755 ], [ 403077.314343845355324, 3781296.744659206364304 ], [ 403077.314343845355324, 3781297.049847405869514 ], [ 403076.703967446577735, 3781297.660223804879934 ], [ 403076.703967446577735, 3781298.270600203424692 ], [ 403075.788402848411351, 3781299.186164801474661 ], [ 403075.178026449633762, 3781299.186164801474661 ], [ 403074.872838250244968, 3781299.491353000979871 ], [ 403074.262461851467378, 3781299.491353000979871 ], [ 403073.652085452689789, 3781300.10172939999029 ], [ 403073.652085452689789, 3781300.406917599029839 ], [ 403073.0417090539122, 3781301.017293998040259 ], [ 403073.0417090539122, 3781301.322482197545469 ], [ 403072.736520854523405, 3781301.627670396585017 ], [ 403072.736520854523405, 3781301.932858596090227 ], [ 403072.431332655134611, 3781302.238046795595437 ], [ 403071.820956256357022, 3781302.238046795595437 ], [ 403071.515768056968227, 3781302.543234995100647 ], [ 403069.684638860635459, 3781302.543234995100647 ] ] ] } },
{ "type": "Feature", "properties": { "confidence": 0.99551939964294434, "class": 1, "regularized": null }, "geometry": { "type": "Polygon", "coordinates": [ [ [ 403138.962360122066457, 3781386.775178026407957 ], [ 403138.657171922677662, 3781386.469989826902747 ], [ 403137.436419125122484, 3781386.469989826902747 ], [ 403136.826042726344895, 3781385.859613428357989 ], [ 403136.826042726344895, 3781380.061037640087306 ], [ 403137.131230925733689, 3781379.755849440582097 ], [ 403137.131230925733689, 3781379.450661241076887 ], [ 403137.436419125122484, 3781379.145473041571677 ], [ 403139.267548321455251, 3781379.145473041571677 ], [ 403139.572736520844046, 3781378.840284842532128 ], [ 403141.403865717176814, 3781378.840284842532128 ], [ 403141.709053916565608, 3781379.145473041571677 ], [ 403145.066124109842349, 3781379.145473041571677 ], [ 403145.371312309231143, 3781378.840284842532128 ], [ 403148.423194303177297, 3781378.840284842532128 ], [ 403148.728382502566092, 3781379.145473041571677 ], [ 403148.728382502566092, 3781381.281790437642485 ], [ 403149.033570701954886, 3781381.586978636682034 ], [ 403149.033570701954886, 3781382.807731434237212 ], [ 403149.338758901343681, 3781383.112919633742422 ], [ 403149.338758901343681, 3781385.859613428357989 ], [ 403148.728382502566092, 3781386.469989826902747 ], [ 403140.48830111901043, 3781386.469989826902747 ], [ 403140.183112919621635, 3781386.775178026407957 ], [ 403138.962360122066457, 3781386.775178026407957 ] ] ] } },
{ "type": "Feature", "properties": { "confidence": 0.99537473917007446, "class": 1, "regularized": null }, "geometry": { "type": "Polygon", "coordinates": [ [ [ 402722.380467955255881, 3781648.321464903187007 ], [ 402722.075279755867086, 3781648.016276704147458 ], [ 402717.49745676497696, 3781648.016276704147458 ], [ 402716.88708036619937, 3781647.405900305137038 ], [ 402716.88708036619937, 3781646.79552390659228 ], [ 402716.581892166810576, 3781646.49033570708707 ], [ 402716.581892166810576, 3781645.574771109037101 ], [ 402716.276703967421781, 3781645.269582909531891 ], [ 402716.276703967421781, 3781644.048830111976713 ], [ 402733.367243133252487, 3781644.048830111976713 ], [ 402733.367243133252487, 3781644.964394710026681 ], [ 402733.062054933863692, 3781645.269582909531891 ], [ 402733.062054933863692, 3781645.87995930807665 ], [ 402732.756866734474897, 3781646.18514750758186 ], [ 402732.756866734474897, 3781646.49033570708707 ], [ 402732.451678535086103, 3781646.79552390659228 ], [ 402732.451678535086103, 3781647.100712105631828 ], [ 402732.146490335697308, 3781647.100712105631828 ], [ 402731.841302136308514, 3781647.405900305137038 ], [ 402730.315361139364541, 3781647.405900305137038 ], [ 402730.010172939975746, 3781647.711088504642248 ], [ 402726.9582909460878, 3781647.711088504642248 ], [ 402726.653102746699005, 3781648.016276704147458 ], [ 402724.211597151588649, 3781648.016276704147458 ], [ 402723.906408952199854, 3781648.321464903187007 ], [ 402722.380467955255881, 3781648.321464903187007 ] ] ] } },
{ "type": "Feature", "properties": { "confidence": 0.99515849351882935, "class": 1, "regularized": "rectangle" }, "geometry": { "type": "Polygon", "coordinates": [ [ [ 403166.15625, 3781499.75 ], [ 403179.84375, 3781499.75 ], [ 403179.84375, 3781508.25 ], [ 403166.15625, 3781508.25 ], [ 403166.15625, 3781499.75 ] ] ] } },
{ "type": "Feature", "properties": { "confidence": 0.99465644359588623, "class": 1, "regularized": null }, "geometry": { "type": "Polygon", "coordinates": [ [ [ 402733.672431332641281, 3781373.041709053795785 ], [ 402733.367243133252487, 3781372.736520854756236 ], [ 402733.062054933863692, 3781372.736520854756236 ], [ 402732.451678535086103, 3781372.126144455745816 ], [ 402732.451678535086103, 3781371.515768057201058 ], [ 402732.146490335697308, 3781371.210579857695848 ], [ 402732.146490335697308, 3781366.022380467969924 ], [ 402732.451678535086103, 3781365.717192268464714 ], [ 402732.451678535086103, 3781365.412004068959504 ], [ 402732.756866734474897, 3781365.106815869919956 ], [ 402732.756866734474897, 3781364.801627670414746 ], [ 402733.367243133252487, 3781364.191251271404326 ], [ 402733.367243133252487, 3781363.886063072364777 ], [ 402733.672431332641281, 3781363.580874872859567 ], [ 402733.977619532030076, 3781363.580874872859567 ], [ 402734.28280773141887, 3781363.275686673354357 ], [ 402741.302136317419354, 3781363.275686673354357 ], [ 402741.302136317419354, 3781363.580874872859567 ], [ 402741.607324516808148, 3781363.886063072364777 ], [ 402741.607324516808148, 3781364.496439470909536 ], [ 402742.217700915585738, 3781365.106815869919956 ], [ 402742.522889114974532, 3781365.106815869919956 ], [ 402742.522889114974532, 3781365.412004068959504 ], [ 402742.828077314363327, 3781365.717192268464714 ], [ 402743.133265513752121, 3781365.717192268464714 ], [ 402743.133265513752121, 3781367.243133265525103 ], [ 402742.828077314363327, 3781367.548321465030313 ], [ 402742.828077314363327, 3781372.126144455745816 ], [ 402742.217700915585738, 3781372.736520854756236 ], [ 402741.302136317419354, 3781372.736520854756236 ], [ 402740.996948118030559, 3781373.041709053795785 ], [ 402733.672431332641281, 3781373.041709053795785 ] ] ] } },
{ "type": "Feature", "properties": { "confidence": 0.99462789297103882, "class": 1, "regularized": null }, "geometry": { "type": "Polygon", "coordinates": [ [ [ 402659.51169888098957, 3781569.582909460645169 ], [ 402659.206510681600776, 3781569.27772126160562 ], [ 402658.901322482211981, 3781569.27772126160562 ], [ 402658.290946083434392, 3781568.667344862595201 ], [ 402654.628687690768857, 3781568.667344862595201 ], [ 402654.018311291991267, 3781568.056968464050442 ], [ 402654.018311291991267, 3781565.310274669434875 ], [ 402654.323499491380062, 3781565.005086469929665 ], [ 402654.323499491380062, 3781562.563580874819309 ], [ 402654.628687690768857, 3781562.258392675314099 ], [ 402654.628687690768857, 3781560.122075279708952 ], [ 402654.933875890157651, 3781559.816887080203742 ], [ 402654.933875890157651, 3781559.511698881164193 ], [ 402655.54425228893524, 3781558.901322482153773 ], [ 402655.54425228893524, 3781558.596134282648563 ], [ 402656.459816887101624, 3781557.680569684598595 ], [ 402657.375381485268008, 3781557.680569684598595 ], [ 402657.985757884045597, 3781558.290946083609015 ], [ 402658.290946083434392, 3781558.290946083609015 ], [ 402658.596134282823186, 3781558.596134282648563 ], [ 402658.901322482211981, 3781558.596134282648563 ], [ 402659.51169888098957, 3781559.206510681658983 ], [ 402659.816887080378365, 3781559.206510681658983 ], [ 402660.427263479155954, 3781559.816887080203742 ], [ 402660.732451678544749, 3781559.816887080203742 ], [ 402660.732451678544749, 3781560.732451678719372 ], [ 402661.037639877933543, 3781561.03763987775892 ], [ 402661.037639877933543, 3781562.563580874819309 ], [ 402661.342828077322338, 3781562.868769074324518 ], [ 402661.342828077322338, 3781563.479145472869277 ], [ 402661.037639877933543, 3781563.784333672374487 ], [ 402661.037639877933543, 3781564.089521871879697 ], [ 402660.732451678544749, 3781564.394710071384907 ], [ 402660.732451678544749, 3781567.141403865534812 ], [ 402660.427263479155954, 3781567.446592065040022 ], [ 402660.427263479155954, 3781568.97253306210041 ], [ 402660.122075279767159, 3781569.27772126160562 ], [ 402659.816887080378365, 3781569.27772126160562 ], [ 402659.51169888098957, 3781569.582909460645169 ] ] ] } },
{ "type": "Feature", "properties": { "confidence": 0.99450182914733887, "class": 1, "regularized": "rectangle" }, "geometry": { "type": "Polygon", "coordinates": [ [ [ 402901.90625, 3781479.5 ], [ 402910.34375, 3781479.0 ], [ 402911.09375, 3781492.5 ], [ 402902.65625, 3781493.0 ], [ 402901.90625, 3781479.5 ] ] ] } },
{ "type": "Feature", "properties": { "confidence": 0.993796706199646, "class": 1, "regularized": null }, "geometry": { "type": "Polygon", "coordinates": [ [ [ 402805.086469989852048, 3781291.251271617598832 ], [ 402804.781281790463254, 3781290.946083418093622 ], [ 402802.950152594072279, 3781290.946083418093622 ], [ 402802.644964394683484, 3781290.640895218588412 ], [ 402802.644964394683484, 3781282.095625635702163 ], [ 402802.950152594072279, 3781281.790437436196953 ], [ 402802.950152594072279, 3781281.485249237157404 ], [ 402803.255340793461073, 3781281.180061037652194 ], [ 402803.255340793461073, 3781280.569684638641775 ], [ 402803.560528992849868, 3781280.569684638641775 ], [ 402803.86571719229687, 3781280.264496439602226 ], [ 402806.612410986796021, 3781280.264496439602226 ], [ 402806.917599186184816, 3781280.569684638641775 ], [ 402807.527975584962405, 3781280.569684638641775 ], [ 402807.8331637843512, 3781280.874872838146985 ], [ 402808.138351983739994, 3781280.874872838146985 ], [ 402809.053916581906378, 3781281.790437436196953 ], [ 402809.053916581906378, 3781282.095625635702163 ], [ 402809.359104781295173, 3781282.400813835207373 ], [ 402809.359104781295173, 3781282.706002034712583 ], [ 402809.664292980683967, 3781283.011190233752131 ], [ 402809.969481180072762, 3781283.011190233752131 ], [ 402809.969481180072762, 3781287.283825025428087 ], [ 402809.664292980683967, 3781287.589013224933296 ], [ 402809.664292980683967, 3781288.199389623478055 ], [ 402809.359104781295173, 3781288.504577822983265 ], [ 402809.359104781295173, 3781289.114954221993685 ], [ 402809.053916581906378, 3781289.420142421033233 ], [ 402809.053916581906378, 3781290.335707019548863 ], [ 402808.443540183128789, 3781290.946083418093622 ], [ 402807.527975584962405, 3781290.946083418093622 ], [ 402807.222787385573611, 3781291.251271617598832 ], [ 402805.086469989852048, 3781291.251271617598832 ] ] ] } },
{ "type": "Feature", "properties": { "confidence": 0.99378585815429688, "class": 1, "regularized": null }, "geometry": { "type": "Polygon", "coordinates": [ [ [ 402838.351983723288868, 3781662.970498473849148 ], [ 402836.5208545269561, 3781661.139369277749211 ], [ 402836.215666327567305, 3781661.139369277749211 ], [ 402835.910478128178511, 3781660.834181078244001 ], [ 402835.910478128178511, 3781655.951169888023287 ], [ 402835.605289928789716, 3781655.645981688518077 ], [ 402835.605289928789716, 3781654.12004069192335 ], [ 402836.826042726344895, 3781652.899287894368172 ], [ 402837.741607324511278, 3781652.899287894368172 ], [ 402838.046795523900073, 3781652.594099694862962 ], [ 402840.48830111901043, 3781652.594099694862962 ], [ 402840.793489318399224, 3781652.899287894368172 ], [ 402841.098677517788019, 3781652.899287894368172 ], [ 402841.403865717176814, 3781653.20447609340772 ], [ 402841.403865717176814, 3781653.50966429291293 ], [ 402841.709053916565608, 3781653.81485249241814 ], [ 402841.709053916565608, 3781654.425228890962899 ], [ 402842.319430315343197, 3781655.035605289973319 ], [ 402842.624618514731992, 3781655.035605289973319 ], [ 402842.929806714120787, 3781655.340793489478528 ], [ 402843.540183112898376, 3781655.340793489478528 ], [ 402843.84537131228717, 3781655.645981688518077 ], [ 402844.45574771106476, 3781655.645981688518077 ], [ 402844.45574771106476, 3781655.951169888023287 ], [ 402845.066124109842349, 3781656.561546287033707 ], [ 402845.371312309231143, 3781656.561546287033707 ], [ 402845.676500508619938, 3781656.866734486073256 ], [ 402845.676500508619938, 3781657.171922685578465 ], [ 402845.981688708008733, 3781657.477110885083675 ], [ 402845.981688708008733, 3781660.834181078244001 ], [ 402845.676500508619938, 3781661.139369277749211 ], [ 402845.676500508619938, 3781661.444557477254421 ], [ 402845.371312309231143, 3781661.444557477254421 ], [ 402845.066124109842349, 3781661.749745676293969 ], [ 402844.45574771106476, 3781661.749745676293969 ], [ 402844.150559511675965, 3781662.054933875799179 ], [ 402843.540183112898376, 3781662.054933875799179 ], [ 402843.234994913509581, 3781662.360122075304389 ], [ 402842.014242115954403, 3781662.360122075304389 ], [ 402841.709053916565608, 3781662.665310274809599 ], [ 402840.48830111901043, 3781662.665310274809599 ], [ 402840.183112919621635, 3781662.970498473849148 ], [ 402838.351983723288868, 3781662.970498473849148 ] ] ] } },
{ "type": "Feature", "properties": { "confidence": 0.99360001087188721, "class": 1, "regularized": null }, "geometry": { "type": "Polygon", "coordinates": [ [ [ 403069.989827060024254, 3781421.871820956468582 ], [ 403069.684638860635459, 3781421.566632756963372 ], [ 403069.379450661246665, 3781421.566632756963372 ], [ 403069.07426246185787, 3781421.261444557458162 ], [ 403068.769074262469076, 3781421.261444557458162 ], [ 403067.853509664302692, 3781420.345879959408194 ], [ 403067.853509664302692, 3781420.040691759902984 ], [ 403067.243133265525103, 3781419.430315361358225 ], [ 403067.243133265525103, 3781417.599186164792627 ], [ 403066.937945066136308, 3781417.293997965287417 ], [ 403066.937945066136308, 3781416.073245167732239 ], [ 403066.632756866747513, 3781415.76805696869269 ], [ 403066.632756866747513, 3781410.579857578966767 ], [ 403066.937945066136308, 3781410.274669379461557 ], [ 403069.07426246185787, 3781410.274669379461557 ], [ 403069.379450661246665, 3781409.969481179956347 ], [ 403069.989827060024254, 3781409.969481179956347 ], [ 403070.295015259413049, 3781409.664292980451137 ], [ 403072.431332655134611, 3781409.664292980451137 ], [ 403072.431332655134611, 3781410.274669379461557 ], [ 403072.736520854523405, 3781410.579857578966767 ], [ 403072.736520854523405, 3781414.547304171137512 ], [ 403072.431332655134611, 3781414.85249237017706 ], [ 403072.431332655134611, 3781417.904374364297837 ], [ 403072.736520854523405, 3781418.209562563803047 ], [ 403072.736520854523405, 3781418.819938962347806 ], [ 403073.0417090539122, 3781419.125127161853015 ], [ 403073.0417090539122, 3781420.651068158913404 ], [ 403072.431332655134611, 3781421.261444557458162 ], [ 403072.431332655134611, 3781421.566632756963372 ], [ 403071.820956256357022, 3781421.566632756963372 ], [ 403071.515768056968227, 3781421.871820956468582 ], [ 403069.989827060024254, 3781421.871820956468582 ] ] ] } },
{ "type": "Feature", "properties": { "confidence": 0.99350762367248535, "class": 1, "regularized": null }, "geometry": { "type": "Polygon", "coordinates": [ [ [ 402845.981688708008733, 3781480.467955239117146 ], [ 402845.676500508619938, 3781480.162767039611936 ], [ 402845.371312309231143, 3781480.162767039611936 ], [ 402844.760935910453554, 3781479.552390641067177 ], [ 402844.45574771106476, 3781479.552390641067177 ], [ 402844.45574771106476, 3781479.247202441561967 ], [ 402844.150559511675965, 3781478.942014242056757 ], [ 402843.84537131228717, 3781478.942014242056757 ], [ 402843.540183112898376, 3781478.636826042551547 ], [ 402843.540183112898376, 3781476.80569684645161 ], [ 402844.45574771106476, 3781475.890132248401642 ], [ 402844.760935910453554, 3781475.890132248401642 ], [ 402845.066124109842349, 3781475.584944048896432 ], [ 402845.371312309231143, 3781475.584944048896432 ], [ 402845.676500508619938, 3781475.279755849391222 ], [ 402845.981688708008733, 3781475.279755849391222 ], [ 402846.286876907397527, 3781474.974567649886012 ], [ 402847.507629705010913, 3781474.974567649886012 ], [ 402847.812817904399708, 3781474.669379450846463 ], [ 402848.423194303177297, 3781474.669379450846463 ], [ 402848.728382502566092, 3781474.364191251341254 ], [ 402849.033570701954886, 3781474.364191251341254 ], [ 402849.338758901343681, 3781474.059003051836044 ], [ 402850.559511698898859, 3781474.059003051836044 ], [ 402850.864699898287654, 3781473.753814852330834 ], [ 402851.169888097676449, 3781473.753814852330834 ], [ 402851.475076297065243, 3781473.448626653291285 ], [ 402852.390640895231627, 3781473.448626653291285 ], [ 402852.695829094620422, 3781473.753814852330834 ], [ 402852.695829094620422, 3781479.857578840106726 ], [ 402852.085452695842832, 3781479.857578840106726 ], [ 402851.780264496454038, 3781480.162767039611936 ], [ 402849.338758901343681, 3781480.162767039611936 ], [ 402849.033570701954886, 3781480.467955239117146 ], [ 402845.981688708008733, 3781480.467955239117146 ] ] ] } },
{ "type": "Feature", "properties": { "confidence": 0.99322056770324707, "class": 1, "regularized": null }, "geometry": { "type": "Polygon", "coordinates": [ [ [ 402722.685656154644676, 3781296.744659206364304 ], [ 402722.380467955255881, 3781296.439471007324755 ], [ 402722.380467955255881, 3781293.997965412214398 ], [ 402722.685656154644676, 3781293.692777212709188 ], [ 402722.685656154644676, 3781292.47202441515401 ], [ 402730.92573753814213, 3781292.47202441515401 ], [ 402730.92573753814213, 3781293.387589013203979 ], [ 402730.620549338753335, 3781293.692777212709188 ], [ 402730.620549338753335, 3781295.218718209769577 ], [ 402730.315361139364541, 3781295.523906408809125 ], [ 402730.315361139364541, 3781295.829094608314335 ], [ 402730.010172939975746, 3781296.134282807819545 ], [ 402729.399796541198157, 3781296.134282807819545 ], [ 402729.094608341809362, 3781296.439471007324755 ], [ 402723.906408952199854, 3781296.439471007324755 ], [ 402723.601220752811059, 3781296.744659206364304 ], [ 402722.685656154644676, 3781296.744659206364304 ] ] ] } },
{ "type": "Feature", "properties": { "confidence": 0.99297463893890381, "class": 1, "regularized": "rectangle" }, "geometry": { "type": "Polygon", "coordinates": [ [ [ 402986.96875, 3781428.25 ], [ 402999.78125, 3781428.25 ], [ 402999.78125, 3781438.25 ], [ 402986.96875, 3781438.25 ], [ 402986.96875, 3781428.25 ] ] ] } },
{ "type": "Feature", "properties": { "confidence": 0.99297249317169189, "class": 1, "regularized": null }, "geometry": { "type": "Polygon", "coordinates": [ [ [ 402965.005086469987873, 3781379.755849440582097 ], [ 402964.699898270599078, 3781379.450661241076887 ], [ 402964.699898270599078, 3781378.840284842532128 ], [ 402965.005086469987873, 3781378.535096643026918 ], [ 402965.005086469987873, 3781377.924720244016498 ], [ 402963.784333672432695, 3781376.70396744646132 ], [ 402963.784333672432695, 3781376.398779247421771 ], [ 402963.4791454730439, 3781376.093591047916561 ], [ 402963.4791454730439, 3781374.872838250361383 ], [ 402963.173957273655105, 3781374.567650050856173 ], [ 402963.173957273655105, 3781373.346897253300995 ], [ 402963.784333672432695, 3781372.736520854756236 ], [ 402964.394710071210284, 3781372.736520854756236 ], [ 402964.699898270599078, 3781372.431332655251026 ], [ 402965.920651068154257, 3781372.431332655251026 ], [ 402966.225839267543051, 3781372.126144455745816 ], [ 402966.836215666320641, 3781372.126144455745816 ], [ 402967.141403865709435, 3781372.431332655251026 ], [ 402968.056968463875819, 3781372.431332655251026 ], [ 402968.362156663264614, 3781372.126144455745816 ], [ 402968.667344862653408, 3781372.126144455745816 ], [ 402968.972533062042203, 3781371.820956256240606 ], [ 402969.888097660208587, 3781371.820956256240606 ], [ 402970.193285859597381, 3781372.126144455745816 ], [ 402970.193285859597381, 3781373.652085452806205 ], [ 402970.498474058986176, 3781373.957273652311414 ], [ 402970.498474058986176, 3781377.924720244016498 ], [ 402970.193285859597381, 3781378.229908443521708 ], [ 402970.193285859597381, 3781378.535096643026918 ], [ 402969.888097660208587, 3781378.840284842532128 ], [ 402969.888097660208587, 3781379.145473041571677 ], [ 402969.582909460819792, 3781379.145473041571677 ], [ 402969.277721261430997, 3781379.450661241076887 ], [ 402967.141403865709435, 3781379.450661241076887 ], [ 402966.836215666320641, 3781379.755849440582097 ], [ 402965.005086469987873, 3781379.755849440582097 ] ] ] } },
{ "type": "Feature", "properties": { "confidence": 0.99238455295562744, "class": 1, "regularized": null }, "geometry": { "type": "Polygon", "coordinates": [ [ [ 403156.663275686674751, 3781218.921668362338096 ], [ 403156.663275686674751, 3781215.259409969672561 ], [ 403156.968463886063546, 3781214.954221770167351 ], [ 403156.968463886063546, 3781208.850457782391459 ], [ 403157.273652085452341, 3781208.545269582886249 ], [ 403157.578840284841135, 3781208.545269582886249 ], [ 403157.88402848422993, 3781208.240081383381039 ], [ 403162.461851475061849, 3781208.240081383381039 ], [ 403163.072227873839438, 3781208.850457782391459 ], [ 403163.072227873839438, 3781218.616480162832886 ], [ 403162.767039674450643, 3781218.921668362338096 ], [ 403162.461851475061849, 3781218.616480162832886 ], [ 403157.88402848422993, 3781218.616480162832886 ], [ 403157.578840284841135, 3781218.921668362338096 ], [ 403156.663275686674751, 3781218.921668362338096 ] ] ] } },
{ "type": "Feature", "properties": { "confidence": 0.99232375621795654, "class": 1, "regularized": null }, "geometry": { "type": "Polygon", "coordinates": [ [ [ 403038.555442522861995, 3781476.80569684645161 ], [ 403038.2502543234732, 3781476.5005086469464 ], [ 403038.2502543234732, 3781475.890132248401642 ], [ 403038.555442522861995, 3781475.584944048896432 ], [ 403038.555442522861995, 3781474.059003051836044 ], [ 403038.860630722250789, 3781473.753814852330834 ], [ 403038.860630722250789, 3781473.143438453786075 ], [ 403038.555442522861995, 3781472.838250254280865 ], [ 403038.555442522861995, 3781471.922685656230897 ], [ 403038.2502543234732, 3781471.617497456725687 ], [ 403038.2502543234732, 3781470.701932858675718 ], [ 403038.555442522861995, 3781470.396744659170508 ], [ 403044.659206510696094, 3781470.396744659170508 ], [ 403044.659206510696094, 3781473.143438453786075 ], [ 403044.964394710084889, 3781473.448626653291285 ], [ 403044.964394710084889, 3781475.890132248401642 ], [ 403045.269582909473684, 3781476.19532044744119 ], [ 403045.269582909473684, 3781476.5005086469464 ], [ 403044.964394710084889, 3781476.5005086469464 ], [ 403044.659206510696094, 3781476.80569684645161 ], [ 403038.555442522861995, 3781476.80569684645161 ] ] ] } },
{ "type": "Feature", "properties": { "confidence": 0.99222761392593384, "class": 1, "regularized": null }, "geometry": { "type": "Polygon", "coordinates": [ [ [ 403134.994913530012127, 3781532.655137334484607 ], [ 403134.689725330623332, 3781532.349949135445058 ], [ 403132.858596134290565, 3781532.349949135445058 ], [ 403132.55340793490177, 3781532.044760935939848 ], [ 403131.943031536124181, 3781532.044760935939848 ], [ 403131.637843336735386, 3781531.739572736434639 ], [ 403131.027466937957797, 3781531.739572736434639 ], [ 403130.722278738569003, 3781531.434384536929429 ], [ 403130.111902339791413, 3781531.434384536929429 ], [ 403129.806714140402619, 3781531.12919633788988 ], [ 403129.501525941013824, 3781531.12919633788988 ], [ 403128.891149542236235, 3781530.51881993887946 ], [ 403128.891149542236235, 3781528.992878941819072 ], [ 403128.58596134284744, 3781528.687690742779523 ], [ 403128.58596134284744, 3781526.856561546213925 ], [ 403146.286876907397527, 3781526.856561546213925 ], [ 403146.286876907397527, 3781527.466937945224345 ], [ 403146.59206510684453, 3781527.772126144263893 ], [ 403146.286876907397527, 3781528.077314343769103 ], [ 403146.286876907397527, 3781528.687690742779523 ], [ 403145.981688708008733, 3781528.687690742779523 ], [ 403145.371312309231143, 3781529.298067141324282 ], [ 403145.371312309231143, 3781529.603255340829492 ], [ 403144.45574771106476, 3781530.51881993887946 ], [ 403144.45574771106476, 3781530.82400813838467 ], [ 403144.150559511675965, 3781531.12919633788988 ], [ 403143.84537131228717, 3781531.12919633788988 ], [ 403143.540183112898376, 3781531.434384536929429 ], [ 403143.234994913509581, 3781531.434384536929429 ], [ 403142.929806714120787, 3781531.739572736434639 ], [ 403141.709053916565608, 3781531.739572736434639 ], [ 403141.403865717176814, 3781532.044760935939848 ], [ 403139.877924720232841, 3781532.044760935939848 ], [ 403139.572736520844046, 3781532.349949135445058 ], [ 403137.741607324511278, 3781532.349949135445058 ], [ 403137.436419125122484, 3781532.655137334484607 ], [ 403134.994913530012127, 3781532.655137334484607 ] ] ] } },
{ "type": "Feature", "properties": { "confidence": 0.99183732271194458, "class": 1, "regularized": "rectangle" }, "geometry": { "type": "Polygon", "coordinates": [ [ [ 402817.5625, 3781288.0 ], [ 402827.0625, 3781288.0 ], [ 402827.0625, 3781306.5 ], [ 402817.5625, 3781306.5 ], [ 402817.5625, 3781288.0 ] ] ] } },
{ "type": "Feature", "properties": { "confidence": 0.99161607027053833, "class": 1, "regularized": "rectangle" }, "geometry": { "type": "Polygon", "coordinates": [ [ [ 402725.03125, 3781515.75 ], [ 402725.84375, 3781499.25 ], [ 402737.84375, 3781499.75 ], [ 402737.03125, 3781516.25 ], [ 402725.03125, 3781515.75 ] ] ] } },
{ "type": "Feature", "properties": { "confidence": 0.99140161275863647, "class": 1, "regularized": "rectangle" }, "geometry": { "type": "Polygon", "coordinates": [ [ [ 402988.5, 3781408.75 ], [ 402998.5625, 3781408.75 ], [ 402998.5625, 3781427.25 ], [ 402988.5, 3781427.25 ], [ 402988.5, 3781408.75 ] ] ] } },
{ "type": "Feature", "properties": { "confidence": 0.99031037092208862, "class": 1, "regularized": null }, "geometry": { "type": "Polygon", "coordinates": [ [ [ 402698.575788402871694, 3781309.257375381421298 ], [ 402698.2706002034829, 3781308.952187181916088 ], [ 402696.744659206538927, 3781308.952187181916088 ], [ 402696.439471007150132, 3781308.646998982876539 ], [ 402696.13428280770313, 3781308.646998982876539 ], [ 402694.608341810759157, 3781307.121057985816151 ], [ 402694.608341810759157, 3781306.815869786310941 ], [ 402694.303153611370362, 3781306.510681586805731 ], [ 402694.303153611370362, 3781304.984740590211004 ], [ 402694.608341810759157, 3781304.679552390705794 ], [ 402694.608341810759157, 3781301.627670396585017 ], [ 402694.913530010147952, 3781301.322482197545469 ], [ 402695.218718209536746, 3781301.322482197545469 ], [ 402695.523906408925541, 3781301.017293998040259 ], [ 402697.965412004094105, 3781301.017293998040259 ], [ 402698.2706002034829, 3781301.322482197545469 ], [ 402701.62767039675964, 3781301.322482197545469 ], [ 402701.932858596148435, 3781301.627670396585017 ], [ 402702.848423194314819, 3781301.627670396585017 ], [ 402703.153611393703613, 3781301.932858596090227 ], [ 402703.458799593092408, 3781301.932858596090227 ], [ 402703.458799593092408, 3781302.238046795595437 ], [ 402703.763987792481203, 3781302.543234995100647 ], [ 402703.763987792481203, 3781302.848423194140196 ], [ 402704.069175991869997, 3781303.153611393645406 ], [ 402704.069175991869997, 3781303.763987792655826 ], [ 402704.374364191258792, 3781304.069175991695374 ], [ 402704.374364191258792, 3781304.374364191200584 ], [ 402704.679552390647586, 3781304.679552390705794 ], [ 402704.679552390647586, 3781306.205493387766182 ], [ 402704.374364191258792, 3781306.510681586805731 ], [ 402704.374364191258792, 3781308.341810783371329 ], [ 402704.069175991869997, 3781308.646998982876539 ], [ 402703.763987792481203, 3781308.646998982876539 ], [ 402703.458799593092408, 3781308.952187181916088 ], [ 402702.848423194314819, 3781308.952187181916088 ], [ 402702.543234994926024, 3781309.257375381421298 ], [ 402698.575788402871694, 3781309.257375381421298 ] ] ] } },
{ "type": "Feature", "properties": { "confidence": 0.99029934406280518, "class": 1, "regularized": null }, "geometry": { "type": "Polygon", "coordinates": [ [ [ 402704.984740590036381, 3781665.717192268464714 ], [ 402704.679552390647586, 3781665.412004068959504 ], [ 402704.069175991869997, 3781665.412004068959504 ], [ 402704.069175991869997, 3781660.223804679699242 ], [ 402704.984740590036381, 3781660.223804679699242 ], [ 402705.289928789425176, 3781659.918616480194032 ], [ 402706.205493387591559, 3781659.918616480194032 ], [ 402706.510681586980354, 3781659.613428280688822 ], [ 402707.121057985757943, 3781659.613428280688822 ], [ 402707.426246185146738, 3781659.308240081183612 ], [ 402708.036622583924327, 3781659.308240081183612 ], [ 402708.646998982701916, 3781658.697863682638854 ], [ 402708.952187182090711, 3781658.697863682638854 ], [ 402709.257375381479505, 3781658.392675483133644 ], [ 402710.783316378423478, 3781658.392675483133644 ], [ 402711.088504577812273, 3781658.697863682638854 ], [ 402711.393692777201068, 3781658.697863682638854 ], [ 402711.698880976589862, 3781659.003051882144064 ], [ 402714.140386571700219, 3781659.003051882144064 ], [ 402714.445574771089014, 3781659.308240081183612 ], [ 402717.49745676497696, 3781659.308240081183612 ], [ 402717.802644964365754, 3781659.613428280688822 ], [ 402718.413021363201551, 3781659.613428280688822 ], [ 402718.413021363201551, 3781659.918616480194032 ], [ 402718.718209562590346, 3781660.223804679699242 ], [ 402718.718209562590346, 3781662.360122075304389 ], [ 402718.413021363201551, 3781662.665310274809599 ], [ 402718.413021363201551, 3781663.580874872859567 ], [ 402718.107833163812757, 3781663.886063072364777 ], [ 402718.107833163812757, 3781664.191251271404326 ], [ 402717.49745676497696, 3781664.801627670414746 ], [ 402716.581892166810576, 3781664.801627670414746 ], [ 402716.276703967421781, 3781665.106815869919956 ], [ 402712.004069175978657, 3781665.106815869919956 ], [ 402711.698880976589862, 3781665.412004068959504 ], [ 402706.815869786369149, 3781665.412004068959504 ], [ 402706.510681586980354, 3781665.717192268464714 ], [ 402704.984740590036381, 3781665.717192268464714 ] ] ] } },
{ "type": "Feature", "properties": { "confidence": 0.99014484882354736, "class": 1, "regularized": "rectangle" }, "geometry": { "type": "Polygon", "coordinates": [ [ [ 402855.75, 3781437.75 ], [ 402855.75, 3781426.75 ], [ 402869.75, 3781426.75 ], [ 402869.75, 3781437.75 ], [ 402855.75, 3781437.75 ] ] ] } },
{ "type": "Feature", "properties": { "confidence": 0.98967182636260986, "class": 1, "regularized": null }, "geometry": { "type": "Polygon", "coordinates": [ [ [ 402842.014242115954403, 3781770.701932858675718 ], [ 402841.709053916565608, 3781770.396744659170508 ], [ 402841.403865717176814, 3781770.396744659170508 ], [ 402841.098677517788019, 3781770.091556459665298 ], [ 402839.267548321455251, 3781770.091556459665298 ], [ 402838.046795523900073, 3781768.87080366211012 ], [ 402838.046795523900073, 3781768.565615463070571 ], [ 402837.436419125122484, 3781767.955239064060152 ], [ 402837.436419125122484, 3781767.650050864554942 ], [ 402836.5208545269561, 3781766.734486266504973 ], [ 402836.5208545269561, 3781766.124109867960215 ], [ 402836.215666327567305, 3781765.818921668455005 ], [ 402836.215666327567305, 3781765.513733468949795 ], [ 402836.5208545269561, 3781765.208545269444585 ], [ 402836.5208545269561, 3781764.903357070405036 ], [ 402837.436419125122484, 3781763.987792471889406 ], [ 402837.741607324511278, 3781763.987792471889406 ], [ 402838.351983723288868, 3781763.377416073344648 ], [ 402838.657171922677662, 3781763.377416073344648 ], [ 402838.962360122066457, 3781763.072227873839438 ], [ 402839.267548321455251, 3781763.072227873839438 ], [ 402839.572736520844046, 3781762.767039674334228 ], [ 402840.793489318399224, 3781762.767039674334228 ], [ 402841.098677517788019, 3781762.461851475294679 ], [ 402841.403865717176814, 3781762.461851475294679 ], [ 402842.014242115954403, 3781763.072227873839438 ], [ 402842.929806714120787, 3781763.072227873839438 ], [ 402843.234994913509581, 3781762.767039674334228 ], [ 402843.84537131228717, 3781762.767039674334228 ], [ 402844.45574771106476, 3781763.377416073344648 ], [ 402844.45574771106476, 3781763.682604272849858 ], [ 402845.066124109842349, 3781764.292980671394616 ], [ 402845.066124109842349, 3781764.903357070405036 ], [ 402845.371312309231143, 3781765.208545269444585 ], [ 402845.371312309231143, 3781767.650050864554942 ], [ 402845.066124109842349, 3781767.955239064060152 ], [ 402845.066124109842349, 3781768.260427263565361 ], [ 402844.45574771106476, 3781768.87080366211012 ], [ 402844.45574771106476, 3781769.17599186161533 ], [ 402844.150559511675965, 3781769.48118006112054 ], [ 402844.150559511675965, 3781769.78636826062575 ], [ 402843.84537131228717, 3781770.091556459665298 ], [ 402843.84537131228717, 3781770.396744659170508 ], [ 402843.540183112898376, 3781770.396744659170508 ], [ 402843.234994913509581, 3781770.701932858675718 ], [ 402842.014242115954403, 3781770.701932858675718 ] ] ] } },
{ "type": "Feature", "properties": { "confidence": 0.98966050148010254, "class": 1, "regularized": null }, "geometry": { "type": "Polygon", "coordinates": [ [ [ 403091.658189216686878, 3781406.917599186301231 ], [ 403091.353001017298084, 3781406.612410986796021 ], [ 403091.047812817909289, 3781406.612410986796021 ], [ 403091.047812817909289, 3781404.781281790230423 ], [ 403090.742624618520495, 3781404.476093591190875 ], [ 403090.742624618520495, 3781400.813835198525339 ], [ 403095.015259409963619, 3781400.813835198525339 ], [ 403095.320447609352414, 3781401.119023397564888 ], [ 403095.625635808741208, 3781401.119023397564888 ], [ 403095.930824008130003, 3781401.424211597070098 ], [ 403095.930824008130003, 3781403.560528992675245 ], [ 403095.625635808741208, 3781403.865717192180455 ], [ 403095.625635808741208, 3781404.781281790230423 ], [ 403095.320447609352414, 3781405.086469989735633 ], [ 403095.320447609352414, 3781406.307222787290812 ], [ 403094.710071210574824, 3781406.917599186301231 ], [ 403091.658189216686878, 3781406.917599186301231 ] ] ] } },
{ "type": "Feature", "properties": { "confidence": 0.98911833763122559, "class": 1, "regularized": null }, "geometry": { "type": "Polygon", "coordinates": [ [ [ 402717.192268565588165, 3781326.347914547193795 ], [ 402717.192268565588165, 3781316.887080366257578 ], [ 402717.49745676497696, 3781316.887080366257578 ], [ 402718.413021363201551, 3781315.97151576820761 ], [ 402718.413021363201551, 3781315.36113936919719 ], [ 402719.02339776197914, 3781314.750762970652431 ], [ 402720.854526958311908, 3781314.750762970652431 ], [ 402721.159715157700703, 3781315.05595116969198 ], [ 402721.159715157700703, 3781318.107833163812757 ], [ 402722.075279755867086, 3781319.023397761862725 ], [ 402722.075279755867086, 3781320.244150559417903 ], [ 402721.770091556478292, 3781320.549338758923113 ], [ 402721.770091556478292, 3781324.821973550133407 ], [ 402721.464903357089497, 3781325.127161749638617 ], [ 402721.464903357089497, 3781325.432349949143827 ], [ 402721.159715157700703, 3781325.432349949143827 ], [ 402720.854526958311908, 3781325.737538148649037 ], [ 402720.549338758923113, 3781325.737538148649037 ], [ 402719.938962360145524, 3781326.347914547193795 ], [ 402717.192268565588165, 3781326.347914547193795 ] ] ] } },
{ "type": "Feature", "properties": { "confidence": 0.98862177133560181, "class": 1, "regularized": null }, "geometry": { "type": "Polygon", "coordinates": [ [ [ 402787.995930824021343, 3781475.890132248401642 ], [ 402787.690742624632549, 3781475.584944048896432 ], [ 402787.385554425243754, 3781475.584944048896432 ], [ 402786.775178026466165, 3781474.974567649886012 ], [ 402786.775178026466165, 3781473.753814852330834 ], [ 402786.46998982707737, 3781473.448626653291285 ], [ 402786.46998982707737, 3781471.007121058180928 ], [ 402786.164801627688576, 3781470.701932858675718 ], [ 402786.164801627688576, 3781467.344862665515393 ], [ 402786.46998982707737, 3781467.039674466010183 ], [ 402792.573753814853262, 3781467.039674466010183 ], [ 402792.878942014242057, 3781467.344862665515393 ], [ 402792.878942014242057, 3781470.701932858675718 ], [ 402792.573753814853262, 3781471.007121058180928 ], [ 402792.573753814853262, 3781473.143438453786075 ], [ 402792.878942014242057, 3781473.448626653291285 ], [ 402792.878942014242057, 3781474.364191251341254 ], [ 402793.184130213630851, 3781474.669379450846463 ], [ 402793.184130213630851, 3781475.584944048896432 ], [ 402792.878942014242057, 3781475.890132248401642 ], [ 402787.995930824021343, 3781475.890132248401642 ] ] ] } },
{ "type": "Feature", "properties": { "confidence": 0.98841619491577148, "class": 1, "regularized": null }, "geometry": { "type": "Polygon", "coordinates": [ [ [ 402975.076297049876302, 3781379.145473041571677 ], [ 402974.7711088504293, 3781378.840284842532128 ], [ 402974.465920651040506, 3781378.840284842532128 ], [ 402974.465920651040506, 3781374.872838250361383 ], [ 402974.160732451651711, 3781374.567650050856173 ], [ 402974.160732451651711, 3781371.515768057201058 ], [ 402974.7711088504293, 3781371.515768057201058 ], [ 402975.076297049876302, 3781371.820956256240606 ], [ 402975.381485249265097, 3781371.820956256240606 ], [ 402975.686673448653892, 3781372.126144455745816 ], [ 402975.991861648042686, 3781372.126144455745816 ], [ 402976.297049847431481, 3781372.431332655251026 ], [ 402976.602238046820275, 3781372.431332655251026 ], [ 402976.90742624620907, 3781372.736520854756236 ], [ 402978.433367243153043, 3781372.736520854756236 ], [ 402978.738555442541838, 3781372.431332655251026 ], [ 402980.264496439485811, 3781372.431332655251026 ], [ 402980.569684638874605, 3781372.736520854756236 ], [ 402980.569684638874605, 3781373.346897253300995 ], [ 402980.264496439485811, 3781373.652085452806205 ], [ 402980.264496439485811, 3781374.567650050856173 ], [ 402979.959308240097016, 3781374.872838250361383 ], [ 402979.959308240097016, 3781375.178026449866593 ], [ 402979.654120040708221, 3781375.483214648906142 ], [ 402979.654120040708221, 3781376.398779247421771 ], [ 402979.348931841319427, 3781376.70396744646132 ], [ 402979.348931841319427, 3781378.840284842532128 ], [ 402978.738555442541838, 3781378.840284842532128 ], [ 402978.433367243153043, 3781379.145473041571677 ], [ 402975.076297049876302, 3781379.145473041571677 ] ] ] } },
{ "type": "Feature", "properties": { "confidence": 0.98802173137664795, "class": 1, "regularized": null }, "geometry": { "type": "Polygon", "coordinates": [ [ [ 402651.576805696822703, 3781438.35198372323066 ], [ 402651.271617497433908, 3781438.04679552372545 ], [ 402650.05086469987873, 3781438.04679552372545 ], [ 402649.745676500489935, 3781437.741607324685901 ], [ 402649.135300101712346, 3781437.741607324685901 ], [ 402648.830111902323551, 3781437.436419125180691 ], [ 402648.219735503545962, 3781437.436419125180691 ], [ 402647.914547304157168, 3781437.131230925675482 ], [ 402647.304170905379578, 3781437.131230925675482 ], [ 402647.304170905379578, 3781436.826042726170272 ], [ 402646.998982705990784, 3781436.520854527130723 ], [ 402646.998982705990784, 3781435.910478128120303 ], [ 402648.830111902323551, 3781434.079348932020366 ], [ 402648.830111902323551, 3781433.774160732515156 ], [ 402649.440488301101141, 3781433.163784333504736 ], [ 402649.440488301101141, 3781432.858596134465188 ], [ 402650.356052899267524, 3781431.943031535949558 ], [ 402650.356052899267524, 3781431.637843336910009 ], [ 402651.271617497433908, 3781430.72227873839438 ], [ 402651.271617497433908, 3781430.417090539354831 ], [ 402652.187182095600292, 3781429.501525940839201 ], [ 402652.187182095600292, 3781429.196337741799653 ], [ 402653.102746693766676, 3781428.280773143284023 ], [ 402653.102746693766676, 3781427.975584944244474 ], [ 402653.713123092602473, 3781427.365208545234054 ], [ 402654.323499491380062, 3781427.365208545234054 ], [ 402654.323499491380062, 3781427.670396744739264 ], [ 402655.239064089546446, 3781428.585961342789233 ], [ 402655.239064089546446, 3781428.891149542294443 ], [ 402655.849440488324035, 3781429.501525940839201 ], [ 402656.459816887101624, 3781429.501525940839201 ], [ 402656.765005086490419, 3781429.806714140344411 ], [ 402656.765005086490419, 3781431.332655137404799 ], [ 402656.459816887101624, 3781431.637843336910009 ], [ 402656.459816887101624, 3781431.943031535949558 ], [ 402656.15462868771283, 3781432.248219735454768 ], [ 402656.15462868771283, 3781432.553407934959978 ], [ 402655.849440488324035, 3781432.858596134465188 ], [ 402655.849440488324035, 3781433.163784333504736 ], [ 402655.54425228893524, 3781433.468972533009946 ], [ 402655.54425228893524, 3781434.079348932020366 ], [ 402655.239064089546446, 3781434.384537131059915 ], [ 402655.239064089546446, 3781434.689725330565125 ], [ 402654.933875890157651, 3781434.994913530070335 ], [ 402654.933875890157651, 3781435.605289928615093 ], [ 402654.628687690768857, 3781435.910478128120303 ], [ 402654.628687690768857, 3781436.520854527130723 ], [ 402654.323499491380062, 3781436.826042726170272 ], [ 402654.323499491380062, 3781437.436419125180691 ], [ 402653.40793489315547, 3781438.35198372323066 ], [ 402651.576805696822703, 3781438.35198372323066 ] ] ] } },
{ "type": "Feature", "properties": { "confidence": 0.98756229877471924, "class": 1, "regularized": null }, "geometry": { "type": "Polygon", "coordinates": [ [ [ 402830.111902339791413, 3781416.073245167732239 ], [ 402829.806714140402619, 3781415.76805696869269 ], [ 402829.501525941013824, 3781415.76805696869269 ], [ 402828.58596134284744, 3781414.85249237017706 ], [ 402828.280773143458646, 3781414.85249237017706 ], [ 402828.280773143458646, 3781414.547304171137512 ], [ 402827.060020345903467, 3781413.326551373116672 ], [ 402827.060020345903467, 3781413.021363174077123 ], [ 402826.144455747737084, 3781412.105798575561494 ], [ 402825.839267548348289, 3781412.105798575561494 ], [ 402825.839267548348289, 3781411.495422177016735 ], [ 402825.534079348959494, 3781411.190233977511525 ], [ 402825.534079348959494, 3781410.885045778006315 ], [ 402825.2288911495707, 3781410.579857578966767 ], [ 402825.534079348959494, 3781410.274669379461557 ], [ 402825.534079348959494, 3781409.664292980451137 ], [ 402836.826042726344895, 3781409.664292980451137 ], [ 402836.826042726344895, 3781410.274669379461557 ], [ 402837.131230925733689, 3781410.579857578966767 ], [ 402837.131230925733689, 3781411.190233977511525 ], [ 402836.826042726344895, 3781411.495422177016735 ], [ 402836.826042726344895, 3781413.021363174077123 ], [ 402836.215666327567305, 3781413.631739572621882 ], [ 402836.215666327567305, 3781413.936927772127092 ], [ 402835.910478128178511, 3781413.936927772127092 ], [ 402835.605289928789716, 3781414.242115971632302 ], [ 402834.994913530012127, 3781414.242115971632302 ], [ 402834.689725330623332, 3781414.547304171137512 ], [ 402832.55340793490177, 3781414.547304171137512 ], [ 402832.248219735512976, 3781414.85249237017706 ], [ 402832.248219735512976, 3781415.15768056968227 ], [ 402831.943031536124181, 3781415.46286876918748 ], [ 402831.943031536124181, 3781416.073245167732239 ], [ 402830.111902339791413, 3781416.073245167732239 ] ] ] } },
{ "type": "Feature", "properties": { "confidence": 0.98667889833450317, "class": 1, "regularized": null }, "geometry": { "type": "Polygon", "coordinates": [ [ [ 402913.733468972553965, 3781219.837232960388064 ], [ 402913.733468972553965, 3781216.785350966267288 ], [ 402914.038657171942759, 3781216.480162767227739 ], [ 402914.038657171942759, 3781216.174974567722529 ], [ 402914.343845371331554, 3781215.869786368217319 ], [ 402914.343845371331554, 3781215.564598168712109 ], [ 402914.649033570720349, 3781215.259409969672561 ], [ 402914.649033570720349, 3781214.954221770167351 ], [ 402914.954221770109143, 3781214.649033570662141 ], [ 402914.954221770109143, 3781213.428280773106962 ], [ 402914.649033570720349, 3781213.123092573601753 ], [ 402914.649033570720349, 3781212.817904374562204 ], [ 402915.259409969497938, 3781212.207527975551784 ], [ 402917.090539165830705, 3781212.207527975551784 ], [ 402917.3957273652195, 3781212.512716175056994 ], [ 402918.616480162774678, 3781212.512716175056994 ], [ 402918.921668362163473, 3781212.207527975551784 ], [ 402919.837232960329857, 3781212.207527975551784 ], [ 402920.447609359107446, 3781212.817904374562204 ], [ 402920.447609359107446, 3781214.954221770167351 ], [ 402920.752797558496241, 3781215.259409969672561 ], [ 402920.752797558496241, 3781218.311291963327676 ], [ 402920.142421159718651, 3781218.921668362338096 ], [ 402918.616480162774678, 3781218.921668362338096 ], [ 402918.311291963385884, 3781219.226856561377645 ], [ 402918.006103763997089, 3781219.226856561377645 ], [ 402917.3957273652195, 3781219.837232960388064 ], [ 402913.733468972553965, 3781219.837232960388064 ] ] ] } },
{ "type": "Feature", "properties": { "confidence": 0.9861454963684082, "class": 1, "regularized": null }, "geometry": { "type": "Polygon", "coordinates": [ [ [ 402832.858596134290565, 3781301.322482197545469 ], [ 402832.55340793490177, 3781301.017293998040259 ], [ 402832.55340793490177, 3781300.712105798535049 ], [ 402832.248219735512976, 3781300.406917599029839 ], [ 402832.248219735512976, 3781294.913530010264367 ], [ 402832.55340793490177, 3781294.608341810759157 ], [ 402832.55340793490177, 3781294.303153611253947 ], [ 402833.468972533068154, 3781293.387589013203979 ], [ 402833.468972533068154, 3781293.082400813698769 ], [ 402833.774160732456949, 3781293.082400813698769 ], [ 402834.079348931845743, 3781292.77721261465922 ], [ 402835.910478128178511, 3781292.77721261465922 ], [ 402836.215666327567305, 3781293.082400813698769 ], [ 402836.5208545269561, 3781293.082400813698769 ], [ 402837.131230925733689, 3781293.692777212709188 ], [ 402837.131230925733689, 3781294.303153611253947 ], [ 402837.436419125122484, 3781294.608341810759157 ], [ 402837.436419125122484, 3781294.913530010264367 ], [ 402837.741607324511278, 3781295.218718209769577 ], [ 402837.741607324511278, 3781295.523906408809125 ], [ 402838.351983723288868, 3781296.134282807819545 ], [ 402838.351983723288868, 3781296.439471007324755 ], [ 402838.657171922677662, 3781296.744659206364304 ], [ 402838.657171922677662, 3781297.049847405869514 ], [ 402838.962360122066457, 3781297.355035605374724 ], [ 402838.962360122066457, 3781299.491353000979871 ], [ 402838.046795523900073, 3781300.406917599029839 ], [ 402837.741607324511278, 3781300.406917599029839 ], [ 402837.436419125122484, 3781300.712105798535049 ], [ 402836.5208545269561, 3781300.712105798535049 ], [ 402836.215666327567305, 3781301.017293998040259 ], [ 402833.774160732456949, 3781301.017293998040259 ], [ 402833.468972533068154, 3781301.322482197545469 ], [ 402832.858596134290565, 3781301.322482197545469 ] ] ] } },
{ "type": "Feature", "properties": { "confidence": 0.98579978942871094, "class": 1, "regularized": null }, "geometry": { "type": "Polygon", "coordinates": [ [ [ 403161.24109867750667, 3781476.80569684645161 ], [ 403161.24109867750667, 3781475.890132248401642 ], [ 403160.935910478117876, 3781475.584944048896432 ], [ 403160.630722278729081, 3781475.584944048896432 ], [ 403160.630722278729081, 3781475.279755849391222 ], [ 403160.935910478117876, 3781474.974567649886012 ], [ 403160.935910478117876, 3781472.533062054775655 ], [ 403160.630722278729081, 3781472.227873855736107 ], [ 403160.630722278729081, 3781470.701932858675718 ], [ 403160.325534079340287, 3781470.396744659170508 ], [ 403160.325534079340287, 3781469.17599186161533 ], [ 403160.020345879951492, 3781468.87080366211012 ], [ 403160.020345879951492, 3781467.344862665515393 ], [ 403166.734486266504973, 3781467.344862665515393 ], [ 403167.039674465893768, 3781467.650050864554942 ], [ 403167.039674465893768, 3781467.955239064060152 ], [ 403167.344862665282562, 3781468.260427263565361 ], [ 403167.344862665282562, 3781468.565615463070571 ], [ 403167.039674465893768, 3781468.87080366211012 ], [ 403167.039674465893768, 3781469.48118006112054 ], [ 403167.344862665282562, 3781469.78636826062575 ], [ 403167.344862665282562, 3781470.091556459665298 ], [ 403167.650050864671357, 3781470.396744659170508 ], [ 403167.955239064118359, 3781470.396744659170508 ], [ 403168.260427263507154, 3781470.701932858675718 ], [ 403168.870803662284743, 3781470.701932858675718 ], [ 403169.481180061062332, 3781471.312309257220477 ], [ 403169.481180061062332, 3781472.838250254280865 ], [ 403169.175991861673538, 3781473.143438453786075 ], [ 403169.175991861673538, 3781475.279755849391222 ], [ 403168.870803662284743, 3781475.584944048896432 ], [ 403168.870803662284743, 3781476.5005086469464 ], [ 403166.734486266504973, 3781476.5005086469464 ], [ 403166.429298067116179, 3781476.80569684645161 ], [ 403163.987792472005822, 3781476.80569684645161 ], [ 403163.682604272617027, 3781476.5005086469464 ], [ 403161.85147507628426, 3781476.5005086469464 ], [ 403161.546286876895465, 3781476.80569684645161 ], [ 403161.24109867750667, 3781476.80569684645161 ] ] ] } },
{ "type": "Feature", "properties": { "confidence": 0.98553001880645752, "class": 1, "regularized": null }, "geometry": { "type": "Polygon", "coordinates": [ [ [ 403054.425228891137522, 3781476.5005086469464 ], [ 403054.120040691748727, 3781476.19532044744119 ], [ 403054.120040691748727, 3781474.364191251341254 ], [ 403053.814852492359933, 3781474.059003051836044 ], [ 403053.814852492359933, 3781471.617497456725687 ], [ 403054.120040691748727, 3781471.312309257220477 ], [ 403054.120040691748727, 3781470.091556459665298 ], [ 403054.730417090526316, 3781469.48118006112054 ], [ 403059.61342828074703, 3781469.48118006112054 ], [ 403060.223804679524619, 3781470.091556459665298 ], [ 403060.223804679524619, 3781475.584944048896432 ], [ 403059.918616480135825, 3781475.890132248401642 ], [ 403059.61342828074703, 3781475.890132248401642 ], [ 403059.308240081358235, 3781476.19532044744119 ], [ 403056.256358087470289, 3781476.19532044744119 ], [ 403055.951169888081495, 3781476.5005086469464 ], [ 403054.425228891137522, 3781476.5005086469464 ] ] ] } },
{ "type": "Feature", "properties": { "confidence": 0.98552519083023071, "class": 1, "regularized": null }, "geometry": { "type": "Polygon", "coordinates": [ [ [ 403166.429298067116179, 3781523.80467955255881 ], [ 403166.124109867727384, 3781523.4994913530536 ], [ 403164.598168870783411, 3781523.4994913530536 ], [ 403164.292980671394616, 3781523.19430315354839 ], [ 403163.682604272617027, 3781523.19430315354839 ], [ 403163.377416073228233, 3781522.88911495404318 ], [ 403163.072227873839438, 3781522.88911495404318 ], [ 403162.767039674450643, 3781522.583926755003631 ], [ 403161.24109867750667, 3781522.583926755003631 ], [ 403160.935910478117876, 3781522.278738555498421 ], [ 403160.325534079340287, 3781522.278738555498421 ], [ 403160.020345879951492, 3781521.973550355993211 ], [ 403159.715157680562697, 3781521.973550355993211 ], [ 403159.104781281785108, 3781521.363173957448453 ], [ 403159.104781281785108, 3781521.057985757943243 ], [ 403158.799593082396314, 3781520.752797558438033 ], [ 403158.799593082396314, 3781520.142421159893274 ], [ 403158.494404883007519, 3781519.837232960388064 ], [ 403158.494404883007519, 3781518.616480162832886 ], [ 403158.189216683618724, 3781518.311291963327676 ], [ 403158.189216683618724, 3781518.006103763822466 ], [ 403157.88402848422993, 3781517.700915564782917 ], [ 403157.88402848422993, 3781517.090539165772498 ], [ 403157.578840284841135, 3781516.785350966267288 ], [ 403157.578840284841135, 3781515.564598168712109 ], [ 403157.273652085452341, 3781515.259409969672561 ], [ 403157.578840284841135, 3781514.954221770167351 ], [ 403157.578840284841135, 3781514.649033570662141 ], [ 403157.88402848422993, 3781514.343845371156931 ], [ 403167.955239064118359, 3781514.343845371156931 ], [ 403168.260427263507154, 3781514.649033570662141 ], [ 403168.565615462895948, 3781514.649033570662141 ], [ 403168.870803662284743, 3781514.954221770167351 ], [ 403168.870803662284743, 3781515.259409969672561 ], [ 403169.175991861673538, 3781515.564598168712109 ], [ 403169.175991861673538, 3781515.869786368217319 ], [ 403169.481180061062332, 3781516.174974567722529 ], [ 403169.481180061062332, 3781516.480162767227739 ], [ 403169.786368260451127, 3781516.785350966267288 ], [ 403169.786368260451127, 3781522.583926755003631 ], [ 403169.481180061062332, 3781522.88911495404318 ], [ 403169.481180061062332, 3781523.19430315354839 ], [ 403168.870803662284743, 3781523.80467955255881 ], [ 403166.429298067116179, 3781523.80467955255881 ] ] ] } },
{ "type": "Feature", "properties": { "confidence": 0.9842115044593811, "class": 1, "regularized": null }, "geometry": { "type": "Polygon", "coordinates": [ [ [ 402909.155645981663838, 3781546.693794506601989 ], [ 402908.850457782275043, 3781546.388606307096779 ], [ 402908.545269582886249, 3781546.388606307096779 ], [ 402908.240081383497454, 3781546.083418108057231 ], [ 402908.240081383497454, 3781541.200406917370856 ], [ 402908.545269582886249, 3781540.895218718331307 ], [ 402908.545269582886249, 3781540.590030518826097 ], [ 402908.850457782275043, 3781540.284842319320887 ], [ 402908.850457782275043, 3781539.979654119815677 ], [ 402909.766022380441427, 3781539.979654119815677 ], [ 402910.071210579830222, 3781539.674465920776129 ], [ 402913.733468972553965, 3781539.674465920776129 ], [ 402914.038657171942759, 3781539.369277721270919 ], [ 402914.954221770109143, 3781539.369277721270919 ], [ 402915.259409969497938, 3781539.674465920776129 ], [ 402915.869786368275527, 3781539.674465920776129 ], [ 402915.869786368275527, 3781540.284842319320887 ], [ 402915.564598168886732, 3781540.284842319320887 ], [ 402915.259409969497938, 3781540.590030518826097 ], [ 402915.259409969497938, 3781541.810783316381276 ], [ 402915.564598168886732, 3781542.115971515886486 ], [ 402915.564598168886732, 3781543.031536113936454 ], [ 402915.869786368275527, 3781543.336724313441664 ], [ 402915.869786368275527, 3781543.947100711986423 ], [ 402916.174974567664322, 3781544.252288911491632 ], [ 402916.174974567664322, 3781546.083418108057231 ], [ 402915.869786368275527, 3781546.388606307096779 ], [ 402913.123092573776376, 3781546.388606307096779 ], [ 402912.817904374387581, 3781546.693794506601989 ], [ 402909.155645981663838, 3781546.693794506601989 ] ] ] } },
{ "type": "Feature", "properties": { "confidence": 0.98288625478744507, "class": 1, "regularized": null }, "geometry": { "type": "Polygon", "coordinates": [ [ [ 403097.151576805685181, 3781331.230925737414509 ], [ 403097.151576805685181, 3781330.92573753837496 ], [ 403096.846388606296387, 3781330.62054933886975 ], [ 403096.846388606296387, 3781330.315361139364541 ], [ 403096.541200406907592, 3781330.010172939859331 ], [ 403096.541200406907592, 3781326.347914547193795 ], [ 403096.846388606296387, 3781326.042726347688586 ], [ 403096.846388606296387, 3781325.737538148649037 ], [ 403097.456765005073976, 3781325.127161749638617 ], [ 403100.508646998961922, 3781325.127161749638617 ], [ 403100.813835198350716, 3781324.821973550133407 ], [ 403102.339776195294689, 3781324.821973550133407 ], [ 403102.644964394683484, 3781325.127161749638617 ], [ 403106.002034588018432, 3781325.127161749638617 ], [ 403106.612410986796021, 3781325.737538148649037 ], [ 403106.612410986796021, 3781328.179043743759394 ], [ 403106.307222787407227, 3781328.484231942798942 ], [ 403106.307222787407227, 3781329.094608341809362 ], [ 403106.002034588018432, 3781329.399796541314572 ], [ 403106.002034588018432, 3781329.704984740819782 ], [ 403105.696846388629638, 3781329.704984740819782 ], [ 403105.391658189240843, 3781330.010172939859331 ], [ 403105.086469989852048, 3781330.010172939859331 ], [ 403104.781281790463254, 3781330.315361139364541 ], [ 403102.644964394683484, 3781330.315361139364541 ], [ 403102.339776195294689, 3781330.62054933886975 ], [ 403100.508646998961922, 3781330.62054933886975 ], [ 403100.203458799573127, 3781330.92573753837496 ], [ 403100.203458799573127, 3781331.230925737414509 ], [ 403097.151576805685181, 3781331.230925737414509 ] ] ] } },
{ "type": "Feature", "properties": { "confidence": 0.98141378164291382, "class": 1, "regularized": "rectangle" }, "geometry": { "type": "Polygon", "coordinates": [ [ [ 402858.8125, 3781226.0 ], [ 402858.8125, 3781217.5 ], [ 402871.625, 3781217.5 ], [ 402871.625, 3781226.0 ], [ 402858.8125, 3781226.0 ] ] ] } },
{ "type": "Feature", "properties": { "confidence": 0.98098075389862061, "class": 1, "regularized": null }, "geometry": { "type": "Polygon", "coordinates": [ [ [ 402938.14852492371574, 3781484.435401831287891 ], [ 402937.843336724326946, 3781484.130213631782681 ], [ 402934.791454730439, 3781484.130213631782681 ], [ 402934.486266531050205, 3781483.825025432277471 ], [ 402934.486266531050205, 3781483.519837232772261 ], [ 402934.181078331661411, 3781483.214649033732712 ], [ 402934.181078331661411, 3781477.721261444501579 ], [ 402934.486266531050205, 3781477.416073244996369 ], [ 402934.486266531050205, 3781476.5005086469464 ], [ 402934.791454730439, 3781476.19532044744119 ], [ 402934.791454730439, 3781475.279755849391222 ], [ 402935.707019328605384, 3781474.364191251341254 ], [ 402936.012207527994178, 3781474.364191251341254 ], [ 402936.317395727382973, 3781474.059003051836044 ], [ 402937.232960325549357, 3781474.059003051836044 ], [ 402937.538148524938151, 3781474.364191251341254 ], [ 402938.14852492371574, 3781474.364191251341254 ], [ 402938.14852492371574, 3781474.974567649886012 ], [ 402938.453713123104535, 3781475.279755849391222 ], [ 402938.453713123104535, 3781475.584944048896432 ], [ 402938.75890132249333, 3781475.890132248401642 ], [ 402939.064089521882124, 3781475.890132248401642 ], [ 402939.369277721270919, 3781476.19532044744119 ], [ 402940.284842319437303, 3781476.19532044744119 ], [ 402940.590030518826097, 3781476.5005086469464 ], [ 402940.895218718214892, 3781476.5005086469464 ], [ 402941.200406917603686, 3781476.80569684645161 ], [ 402942.421159715158865, 3781476.80569684645161 ], [ 402942.726347914547659, 3781477.11088504595682 ], [ 402942.726347914547659, 3781478.331637843511999 ], [ 402943.031536113936454, 3781478.636826042551547 ], [ 402943.031536113936454, 3781479.552390641067177 ], [ 402943.336724313325249, 3781479.857578840106726 ], [ 402943.336724313325249, 3781480.773143438622355 ], [ 402943.031536113936454, 3781481.078331637661904 ], [ 402943.031536113936454, 3781481.688708036672324 ], [ 402942.11597151577007, 3781482.604272634722292 ], [ 402942.11597151577007, 3781482.909460834227502 ], [ 402941.810783316381276, 3781482.909460834227502 ], [ 402941.505595116992481, 3781483.214649033732712 ], [ 402941.505595116992481, 3781483.519837232772261 ], [ 402940.895218718214892, 3781484.130213631782681 ], [ 402940.590030518826097, 3781484.130213631782681 ], [ 402940.284842319437303, 3781484.435401831287891 ], [ 402938.14852492371574, 3781484.435401831287891 ] ] ] } },
{ "type": "Feature", "properties": { "confidence": 0.98048454523086548, "class": 1, "regularized": null }, "geometry": { "type": "Polygon", "coordinates": [ [ [ 403131.027466937957797, 3781406.002034587785602 ], [ 403130.722278738569003, 3781405.696846388746053 ], [ 403130.111902339791413, 3781405.696846388746053 ], [ 403129.806714140402619, 3781405.391658189240843 ], [ 403129.501525941013824, 3781405.391658189240843 ], [ 403129.501525941013824, 3781400.508646999020129 ], [ 403129.806714140402619, 3781400.20345879951492 ], [ 403130.111902339791413, 3781400.20345879951492 ], [ 403130.417090539180208, 3781399.89827060000971 ], [ 403134.384537131234538, 3781399.89827060000971 ], [ 403134.994913530012127, 3781400.508646999020129 ], [ 403134.994913530012127, 3781400.813835198525339 ], [ 403135.300101729400922, 3781401.119023397564888 ], [ 403135.605289928789716, 3781401.119023397564888 ], [ 403135.910478128178511, 3781401.424211597070098 ], [ 403138.962360122066457, 3781401.424211597070098 ], [ 403139.267548321455251, 3781401.729399796575308 ], [ 403141.098677517788019, 3781401.729399796575308 ], [ 403141.709053916565608, 3781402.339776195120066 ], [ 403141.709053916565608, 3781404.476093591190875 ], [ 403141.403865717176814, 3781404.781281790230423 ], [ 403141.403865717176814, 3781405.086469989735633 ], [ 403140.793489318399224, 3781405.696846388746053 ], [ 403139.572736520844046, 3781405.696846388746053 ], [ 403139.267548321455251, 3781406.002034587785602 ], [ 403131.027466937957797, 3781406.002034587785602 ] ] ] } },
{ "type": "Feature", "properties": { "confidence": 0.98017603158950806, "class": 1, "regularized": null }, "geometry": { "type": "Polygon", "coordinates": [ [ [ 402953.40793489315547, 3781377.61953204497695 ], [ 402953.102746693766676, 3781377.31434384547174 ], [ 402953.102746693766676, 3781376.70396744646132 ], [ 402952.797558494377881, 3781376.398779247421771 ], [ 402952.797558494377881, 3781371.820956256240606 ], [ 402952.492370294989087, 3781371.515768057201058 ], [ 402952.492370294989087, 3781369.37945066113025 ], [ 402952.797558494377881, 3781369.07426246162504 ], [ 402952.797558494377881, 3781367.853509664069861 ], [ 402952.492370294989087, 3781367.548321465030313 ], [ 402952.797558494377881, 3781367.243133265525103 ], [ 402952.797558494377881, 3781366.632756866514683 ], [ 402952.187182095600292, 3781366.022380467969924 ], [ 402952.492370294989087, 3781365.717192268464714 ], [ 402952.492370294989087, 3781365.106815869919956 ], [ 402952.187182095600292, 3781364.801627670414746 ], [ 402952.187182095600292, 3781359.003051882144064 ], [ 402952.492370294989087, 3781358.697863682638854 ], [ 402953.102746693766676, 3781358.697863682638854 ], [ 402953.40793489315547, 3781358.392675483133644 ], [ 402953.713123092602473, 3781358.697863682638854 ], [ 402955.239064089546446, 3781358.697863682638854 ], [ 402955.54425228893524, 3781358.392675483133644 ], [ 402956.459816887101624, 3781358.392675483133644 ], [ 402957.070193285879213, 3781359.003051882144064 ], [ 402957.070193285879213, 3781360.528992878738791 ], [ 402956.765005086490419, 3781360.834181078244001 ], [ 402956.765005086490419, 3781363.275686673354357 ], [ 402957.070193285879213, 3781363.580874872859567 ], [ 402957.070193285879213, 3781364.801627670414746 ], [ 402957.375381485268008, 3781365.106815869919956 ], [ 402957.375381485268008, 3781365.412004068959504 ], [ 402957.680569684656803, 3781365.717192268464714 ], [ 402957.680569684656803, 3781366.632756866514683 ], [ 402957.985757884045597, 3781366.937945066019893 ], [ 402957.985757884045597, 3781369.07426246162504 ], [ 402957.070193285879213, 3781369.989827060140669 ], [ 402957.070193285879213, 3781371.820956256240606 ], [ 402957.680569684656803, 3781372.431332655251026 ], [ 402957.680569684656803, 3781373.041709053795785 ], [ 402957.985757884045597, 3781373.346897253300995 ], [ 402957.985757884045597, 3781373.957273652311414 ], [ 402958.290946083434392, 3781374.262461851350963 ], [ 402958.290946083434392, 3781376.093591047916561 ], [ 402958.596134282823186, 3781376.398779247421771 ], [ 402958.596134282823186, 3781377.00915564596653 ], [ 402957.985757884045597, 3781377.61953204497695 ], [ 402953.40793489315547, 3781377.61953204497695 ] ] ] } },
{ "type": "Feature", "properties": { "confidence": 0.98010510206222534, "class": 1, "regularized": null }, "geometry": { "type": "Polygon", "coordinates": [ [ [ 403146.897253306233324, 3781223.19430315354839 ], [ 403146.286876907397527, 3781222.583926755003631 ], [ 403146.286876907397527, 3781214.954221770167351 ], [ 403146.59206510684453, 3781214.649033570662141 ], [ 403146.59206510684453, 3781213.733468972612172 ], [ 403146.897253306233324, 3781213.428280773106962 ], [ 403149.033570701954886, 3781213.428280773106962 ], [ 403149.338758901343681, 3781213.123092573601753 ], [ 403151.169888097676449, 3781213.123092573601753 ], [ 403151.475076297065243, 3781213.428280773106962 ], [ 403151.780264496454038, 3781213.428280773106962 ], [ 403151.780264496454038, 3781213.733468972612172 ], [ 403152.085452695842832, 3781214.038657172117382 ], [ 403152.085452695842832, 3781217.090539165772498 ], [ 403151.780264496454038, 3781217.395727365277708 ], [ 403151.780264496454038, 3781218.006103763822466 ], [ 403151.475076297065243, 3781218.311291963327676 ], [ 403151.475076297065243, 3781222.583926755003631 ], [ 403151.169888097676449, 3781222.88911495404318 ], [ 403149.033570701954886, 3781222.88911495404318 ], [ 403148.728382502566092, 3781223.19430315354839 ], [ 403146.897253306233324, 3781223.19430315354839 ] ] ] } },
{ "type": "Feature", "properties": { "confidence": 0.97989630699157715, "class": 1, "regularized": null }, "geometry": { "type": "Polygon", "coordinates": [ [ [ 403050.457782299083192, 3781328.484231942798942 ], [ 403050.152594099694397, 3781328.179043743759394 ], [ 403049.542217700916808, 3781328.179043743759394 ], [ 403049.542217700916808, 3781327.568667344748974 ], [ 403049.237029501528013, 3781327.263479145243764 ], [ 403048.931841302139219, 3781327.263479145243764 ], [ 403048.931841302139219, 3781326.653102746699005 ], [ 403048.626653102750424, 3781326.347914547193795 ], [ 403048.626653102750424, 3781325.737538148649037 ], [ 403048.32146490336163, 3781325.432349949143827 ], [ 403048.016276703972835, 3781325.432349949143827 ], [ 403047.71108850458404, 3781325.127161749638617 ], [ 403047.100712105806451, 3781325.127161749638617 ], [ 403046.795523906417657, 3781325.432349949143827 ], [ 403045.879959308251273, 3781325.432349949143827 ], [ 403045.574771108862478, 3781325.737538148649037 ], [ 403045.269582909473684, 3781325.737538148649037 ], [ 403044.964394710084889, 3781325.432349949143827 ], [ 403044.659206510696094, 3781325.432349949143827 ], [ 403044.659206510696094, 3781324.821973550133407 ], [ 403044.3540183113073, 3781324.516785351093858 ], [ 403044.659206510696094, 3781324.211597151588649 ], [ 403044.659206510696094, 3781322.075279755983502 ], [ 403044.3540183113073, 3781321.770091556478292 ], [ 403043.743641912529711, 3781321.770091556478292 ], [ 403043.743641912529711, 3781316.887080366257578 ], [ 403044.048830111918505, 3781316.887080366257578 ], [ 403044.3540183113073, 3781316.581892166752368 ], [ 403044.659206510696094, 3781316.887080366257578 ], [ 403045.574771108862478, 3781316.887080366257578 ], [ 403045.879959308251273, 3781317.192268565762788 ], [ 403046.490335707028862, 3781317.192268565762788 ], [ 403046.795523906417657, 3781317.497456764802337 ], [ 403047.100712105806451, 3781317.497456764802337 ], [ 403048.32146490336163, 3781318.718209562357515 ], [ 403048.32146490336163, 3781319.023397761862725 ], [ 403048.931841302139219, 3781319.633774160873145 ], [ 403048.931841302139219, 3781320.244150559417903 ], [ 403051.068158697860781, 3781322.38046795502305 ], [ 403051.068158697860781, 3781322.68565615452826 ], [ 403051.373346897249576, 3781322.99084435403347 ], [ 403051.373346897249576, 3781324.516785351093858 ], [ 403051.67853509663837, 3781324.821973550133407 ], [ 403051.67853509663837, 3781327.263479145243764 ], [ 403051.373346897249576, 3781327.568667344748974 ], [ 403051.373346897249576, 3781327.873855544254184 ], [ 403051.068158697860781, 3781328.179043743759394 ], [ 403050.762970498471987, 3781328.179043743759394 ], [ 403050.457782299083192, 3781328.484231942798942 ] ] ] } },
{ "type": "Feature", "properties": { "confidence": 0.97935378551483154, "class": 1, "regularized": null }, "geometry": { "type": "Polygon", "coordinates": [ [ [ 403106.307222787407227, 3781337.639877924695611 ], [ 403106.002034588018432, 3781337.334689725190401 ], [ 403105.696846388629638, 3781337.334689725190401 ], [ 403105.391658189240843, 3781337.029501526150852 ], [ 403105.086469989852048, 3781337.029501526150852 ], [ 403104.781281790463254, 3781336.724313326645643 ], [ 403104.476093591074459, 3781336.724313326645643 ], [ 403104.170905391685665, 3781336.419125127140433 ], [ 403102.950152594072279, 3781336.419125127140433 ], [ 403102.644964394683484, 3781336.724313326645643 ], [ 403101.7293997965171, 3781336.724313326645643 ], [ 403101.424211597128306, 3781337.029501526150852 ], [ 403097.76195320446277, 3781337.029501526150852 ], [ 403096.846388606296387, 3781336.113936927635223 ], [ 403096.846388606296387, 3781335.808748728595674 ], [ 403096.541200406907592, 3781335.503560529090464 ], [ 403096.541200406907592, 3781333.672431332524866 ], [ 403096.846388606296387, 3781333.367243133485317 ], [ 403100.508646998961922, 3781333.367243133485317 ], [ 403100.813835198350716, 3781333.062054933980107 ], [ 403101.424211597128306, 3781333.062054933980107 ], [ 403102.034587995905895, 3781332.451678534969687 ], [ 403102.034587995905895, 3781332.146490335930139 ], [ 403102.644964394683484, 3781332.146490335930139 ], [ 403102.644964394683484, 3781332.756866734474897 ], [ 403102.950152594072279, 3781333.062054933980107 ], [ 403103.255340793461073, 3781333.062054933980107 ], [ 403103.560528992908075, 3781333.367243133485317 ], [ 403104.170905391685665, 3781333.367243133485317 ], [ 403104.476093591074459, 3781333.062054933980107 ], [ 403104.476093591074459, 3781331.841302136424929 ], [ 403104.781281790463254, 3781331.536113936919719 ], [ 403105.391658189240843, 3781331.536113936919719 ], [ 403105.696846388629638, 3781331.841302136424929 ], [ 403106.307222787407227, 3781331.841302136424929 ], [ 403106.612410986796021, 3781332.146490335930139 ], [ 403106.917599186184816, 3781332.146490335930139 ], [ 403107.8331637843512, 3781333.062054933980107 ], [ 403108.138351983739994, 3781333.062054933980107 ], [ 403108.443540183128789, 3781333.367243133485317 ], [ 403108.443540183128789, 3781333.672431332524866 ], [ 403108.748728382517584, 3781333.977619532030076 ], [ 403108.748728382517584, 3781336.113936927635223 ], [ 403108.443540183128789, 3781336.419125127140433 ], [ 403108.443540183128789, 3781337.029501526150852 ], [ 403108.748728382517584, 3781337.334689725190401 ], [ 403108.443540183128789, 3781337.639877924695611 ], [ 403106.307222787407227, 3781337.639877924695611 ] ] ] } },
{ "type": "Feature", "properties": { "confidence": 0.97933435440063477, "class": 1, "regularized": null }, "geometry": { "type": "Polygon", "coordinates": [ [ [ 403093.184130213630851, 3781425.534079349134117 ], [ 403092.878942014242057, 3781425.228891149628907 ], [ 403092.878942014242057, 3781419.735503560397774 ], [ 403093.184130213630851, 3781419.430315361358225 ], [ 403093.184130213630851, 3781419.125127161853015 ], [ 403093.489318413019646, 3781418.819938962347806 ], [ 403093.794506612408441, 3781418.819938962347806 ], [ 403094.710071210574824, 3781417.904374364297837 ], [ 403094.710071210574824, 3781417.599186164792627 ], [ 403095.015259409963619, 3781417.599186164792627 ], [ 403095.625635808741208, 3781416.988809766247869 ], [ 403096.236012207518797, 3781416.988809766247869 ], [ 403096.541200406907592, 3781416.683621566742659 ], [ 403099.287894201406743, 3781416.683621566742659 ], [ 403099.593082400795538, 3781416.988809766247869 ], [ 403099.593082400795538, 3781417.293997965287417 ], [ 403099.898270600184333, 3781417.599186164792627 ], [ 403099.898270600184333, 3781419.430315361358225 ], [ 403100.203458799573127, 3781419.735503560397774 ], [ 403099.898270600184333, 3781420.040691759902984 ], [ 403099.898270600184333, 3781422.177009155508131 ], [ 403099.287894201406743, 3781422.787385554518551 ], [ 403099.287894201406743, 3781423.092573754023761 ], [ 403098.982706002017949, 3781423.397761953063309 ], [ 403098.982706002017949, 3781424.313326551578939 ], [ 403098.37232960324036, 3781424.923702950123698 ], [ 403097.76195320446277, 3781424.923702950123698 ], [ 403097.456765005073976, 3781425.228891149628907 ], [ 403097.151576805685181, 3781425.228891149628907 ], [ 403096.846388606296387, 3781425.534079349134117 ], [ 403093.184130213630851, 3781425.534079349134117 ] ] ] } },
{ "type": "Feature", "properties": { "confidence": 0.97902417182922363, "class": 1, "regularized": null }, "geometry": { "type": "Polygon", "coordinates": [ [ [ 403125.839267548348289, 3781743.234994913451374 ], [ 403125.534079348959494, 3781742.929806713946164 ], [ 403125.534079348959494, 3781741.709053916390985 ], [ 403125.839267548348289, 3781741.403865717351437 ], [ 403125.839267548348289, 3781740.488301118835807 ], [ 403126.144455747737084, 3781740.183112919796258 ], [ 403126.144455747737084, 3781739.267548321280628 ], [ 403126.754832146514673, 3781738.65717192273587 ], [ 403126.754832146514673, 3781738.35198372323066 ], [ 403127.060020345903467, 3781738.04679552372545 ], [ 403127.060020345903467, 3781737.741607324685901 ], [ 403127.670396744681057, 3781737.131230925675482 ], [ 403127.670396744681057, 3781736.826042726170272 ], [ 403128.280773143458646, 3781736.215666327625513 ], [ 403128.58596134284744, 3781736.215666327625513 ], [ 403128.891149542236235, 3781735.910478128120303 ], [ 403129.806714140402619, 3781735.910478128120303 ], [ 403130.111902339791413, 3781735.605289928615093 ], [ 403130.722278738569003, 3781735.605289928615093 ], [ 403131.027466937957797, 3781735.300101729575545 ], [ 403133.163784333679359, 3781735.300101729575545 ], [ 403133.468972533068154, 3781735.605289928615093 ], [ 403133.774160732456949, 3781735.605289928615093 ], [ 403133.774160732456949, 3781735.910478128120303 ], [ 403134.079348931845743, 3781736.215666327625513 ], [ 403134.079348931845743, 3781736.826042726170272 ], [ 403134.384537131234538, 3781737.131230925675482 ], [ 403134.384537131234538, 3781737.436419125180691 ], [ 403134.689725330623332, 3781737.741607324685901 ], [ 403134.689725330623332, 3781738.65717192273587 ], [ 403134.079348931845743, 3781739.267548321280628 ], [ 403133.774160732456949, 3781739.267548321280628 ], [ 403133.468972533068154, 3781739.572736520785838 ], [ 403133.163784333679359, 3781739.572736520785838 ], [ 403132.55340793490177, 3781740.183112919796258 ], [ 403131.943031536124181, 3781740.183112919796258 ], [ 403131.637843336735386, 3781740.488301118835807 ], [ 403131.027466937957797, 3781740.488301118835807 ], [ 403130.722278738569003, 3781740.793489318341017 ], [ 403130.417090539180208, 3781740.793489318341017 ], [ 403129.806714140402619, 3781741.403865717351437 ], [ 403129.501525941013824, 3781741.403865717351437 ], [ 403129.19633774162503, 3781741.709053916390985 ], [ 403128.891149542236235, 3781741.709053916390985 ], [ 403127.975584944069851, 3781742.624618514906615 ], [ 403127.670396744681057, 3781742.624618514906615 ], [ 403127.365208545292262, 3781742.929806713946164 ], [ 403127.060020345903467, 3781742.929806713946164 ], [ 403126.754832146514673, 3781743.234994913451374 ], [ 403125.839267548348289, 3781743.234994913451374 ] ] ] } },
{ "type": "Feature", "properties": { "confidence": 0.9774554967880249, "class": 1, "regularized": null }, "geometry": { "type": "Polygon", "coordinates": [ [ [ 402701.932858596148435, 3781647.711088504642248 ], [ 402701.62767039675964, 3781647.405900305137038 ], [ 402700.101729399815667, 3781647.405900305137038 ], [ 402699.796541200426873, 3781647.100712105631828 ], [ 402698.2706002034829, 3781647.100712105631828 ], [ 402697.355035605316516, 3781646.18514750758186 ], [ 402697.355035605316516, 3781645.87995930807665 ], [ 402697.049847405927721, 3781645.574771109037101 ], [ 402697.049847405927721, 3781644.659206510521472 ], [ 402704.679552390647586, 3781644.659206510521472 ], [ 402705.59511698881397, 3781645.574771109037101 ], [ 402705.59511698881397, 3781645.87995930807665 ], [ 402705.289928789425176, 3781646.18514750758186 ], [ 402705.289928789425176, 3781646.49033570708707 ], [ 402704.984740590036381, 3781646.79552390659228 ], [ 402704.984740590036381, 3781647.100712105631828 ], [ 402704.679552390647586, 3781647.405900305137038 ], [ 402704.374364191258792, 3781647.405900305137038 ], [ 402704.069175991869997, 3781647.711088504642248 ], [ 402701.932858596148435, 3781647.711088504642248 ] ] ] } },
{ "type": "Feature", "properties": { "confidence": 0.97683459520339966, "class": 1, "regularized": null }, "geometry": { "type": "Polygon", "coordinates": [ [ [ 402900.915564598166384, 3781414.242115971632302 ], [ 402900.610376398777589, 3781413.936927772127092 ], [ 402900.305188199388795, 3781413.936927772127092 ], [ 402900.305188199388795, 3781412.716174974571913 ], [ 402900.610376398777589, 3781412.410986775066704 ], [ 402900.610376398777589, 3781409.664292980451137 ], [ 402913.733468972553965, 3781409.664292980451137 ], [ 402913.733468972553965, 3781410.274669379461557 ], [ 402913.42828077316517, 3781410.579857578966767 ], [ 402913.42828077316517, 3781410.885045778006315 ], [ 402913.123092573776376, 3781411.190233977511525 ], [ 402913.123092573776376, 3781411.495422177016735 ], [ 402912.817904374387581, 3781411.800610376521945 ], [ 402912.817904374387581, 3781412.105798575561494 ], [ 402912.512716174998786, 3781412.410986775066704 ], [ 402911.291963377443608, 3781412.410986775066704 ], [ 402910.986775178054813, 3781412.716174974571913 ], [ 402909.766022380441427, 3781412.716174974571913 ], [ 402909.460834181052633, 3781413.021363174077123 ], [ 402905.188199389609508, 3781413.021363174077123 ], [ 402904.883011190220714, 3781413.326551373116672 ], [ 402903.96744659205433, 3781413.326551373116672 ], [ 402903.662258392665535, 3781413.631739572621882 ], [ 402903.051881993887946, 3781413.631739572621882 ], [ 402902.441505595110357, 3781414.242115971632302 ], [ 402900.915564598166384, 3781414.242115971632302 ] ] ] } },
{ "type": "Feature", "properties": { "confidence": 0.97652709484100342, "class": 1, "regularized": null }, "geometry": { "type": "Polygon", "coordinates": [ [ [ 402796.846388606296387, 3781604.679552390705794 ], [ 402796.541200406907592, 3781604.374364191200584 ], [ 402792.573753814853262, 3781604.374364191200584 ], [ 402791.963377416075673, 3781603.763987792655826 ], [ 402791.963377416075673, 3781603.458799593150616 ], [ 402791.658189216686878, 3781603.153611393645406 ], [ 402791.658189216686878, 3781598.575788402929902 ], [ 402791.963377416075673, 3781598.270600203424692 ], [ 402798.37232960324036, 3781598.270600203424692 ], [ 402798.677517802629154, 3781598.575788402929902 ], [ 402798.677517802629154, 3781598.880976602435112 ], [ 402798.982706002017949, 3781599.186164801474661 ], [ 402798.982706002017949, 3781599.79654120048508 ], [ 402799.287894201406743, 3781600.10172939999029 ], [ 402799.287894201406743, 3781601.017293998040259 ], [ 402799.898270600184333, 3781601.627670396585017 ], [ 402801.119023397739511, 3781601.627670396585017 ], [ 402801.424211597128306, 3781601.932858596090227 ], [ 402801.424211597128306, 3781604.374364191200584 ], [ 402801.119023397739511, 3781604.679552390705794 ], [ 402796.846388606296387, 3781604.679552390705794 ] ] ] } },
{ "type": "Feature", "properties": { "confidence": 0.97597086429595947, "class": 1, "regularized": null }, "geometry": { "type": "Polygon", "coordinates": [ [ [ 402835.300101729400922, 3781492.06510681565851 ], [ 402834.994913530012127, 3781491.759918616618961 ], [ 402833.774160732456949, 3781491.759918616618961 ], [ 402833.163784333679359, 3781491.149542217608541 ], [ 402833.163784333679359, 3781487.792472024448216 ], [ 402833.468972533068154, 3781487.487283824943006 ], [ 402833.468972533068154, 3781485.961342827882618 ], [ 402833.774160732456949, 3781485.656154628843069 ], [ 402833.774160732456949, 3781485.045778229832649 ], [ 402834.079348931845743, 3781484.740590030327439 ], [ 402834.384537131234538, 3781484.740590030327439 ], [ 402834.689725330623332, 3781484.435401831287891 ], [ 402836.5208545269561, 3781484.435401831287891 ], [ 402836.826042726344895, 3781484.740590030327439 ], [ 402836.826042726344895, 3781485.656154628843069 ], [ 402837.131230925733689, 3781485.961342827882618 ], [ 402837.131230925733689, 3781486.266531027387828 ], [ 402837.436419125122484, 3781486.571719226893038 ], [ 402837.436419125122484, 3781487.792472024448216 ], [ 402838.046795523900073, 3781488.402848422992975 ], [ 402838.351983723288868, 3781488.402848422992975 ], [ 402838.657171922677662, 3781488.708036622498184 ], [ 402838.962360122066457, 3781488.708036622498184 ], [ 402839.267548321455251, 3781489.013224822003394 ], [ 402839.877924720232841, 3781489.013224822003394 ], [ 402840.183112919621635, 3781489.318413021508604 ], [ 402840.793489318399224, 3781489.318413021508604 ], [ 402841.098677517788019, 3781489.623601220548153 ], [ 402841.098677517788019, 3781491.454730417113751 ], [ 402840.793489318399224, 3781491.759918616618961 ], [ 402839.572736520844046, 3781491.759918616618961 ], [ 402839.267548321455251, 3781492.06510681565851 ], [ 402835.300101729400922, 3781492.06510681565851 ] ] ] } },
{ "type": "Feature", "properties": { "confidence": 0.97583889961242676, "class": 1, "regularized": null }, "geometry": { "type": "Polygon", "coordinates": [ [ [ 402945.473041709046811, 3781233.265513733495027 ], [ 402945.167853509658016, 3781232.960325533989817 ], [ 402944.557477110880427, 3781232.960325533989817 ], [ 402944.557477110880427, 3781232.044760935939848 ], [ 402944.252288911491632, 3781231.739572736434639 ], [ 402944.252288911491632, 3781231.434384536929429 ], [ 402943.641912512714043, 3781230.82400813838467 ], [ 402941.810783316381276, 3781230.82400813838467 ], [ 402941.505595116992481, 3781230.51881993887946 ], [ 402941.200406917603686, 3781230.51881993887946 ], [ 402941.200406917603686, 3781229.603255340829492 ], [ 402941.505595116992481, 3781229.298067141324282 ], [ 402941.505595116992481, 3781228.687690742779523 ], [ 402941.810783316381276, 3781228.382502543274313 ], [ 402941.810783316381276, 3781227.466937945224345 ], [ 402942.11597151577007, 3781227.161749745719135 ], [ 402942.11597151577007, 3781226.551373346708715 ], [ 402942.726347914547659, 3781225.940996948163956 ], [ 402942.726347914547659, 3781225.635808748658746 ], [ 402943.641912512714043, 3781225.635808748658746 ], [ 402943.947100712102838, 3781225.940996948163956 ], [ 402944.252288911491632, 3781225.940996948163956 ], [ 402944.557477110880427, 3781226.246185147669166 ], [ 402945.473041709046811, 3781226.246185147669166 ], [ 402945.778229908435605, 3781226.551373346708715 ], [ 402946.388606307213195, 3781226.551373346708715 ], [ 402946.693794506601989, 3781226.856561546213925 ], [ 402947.304170905379578, 3781226.856561546213925 ], [ 402947.609359104768373, 3781226.551373346708715 ], [ 402949.135300101712346, 3781226.551373346708715 ], [ 402949.745676500489935, 3781227.161749745719135 ], [ 402949.745676500489935, 3781229.298067141324282 ], [ 402949.440488301101141, 3781229.603255340829492 ], [ 402949.440488301101141, 3781232.655137334484607 ], [ 402948.830111902323551, 3781233.265513733495027 ], [ 402945.473041709046811, 3781233.265513733495027 ] ] ] } },
{ "type": "Feature", "properties": { "confidence": 0.97556567192077637, "class": 1, "regularized": null }, "geometry": { "type": "Polygon", "coordinates": [ [ [ 403044.3540183113073, 3781528.382502543274313 ], [ 403044.3540183113073, 3781519.226856561377645 ], [ 403044.659206510696094, 3781518.921668362338096 ], [ 403044.659206510696094, 3781518.616480162832886 ], [ 403044.964394710084889, 3781518.311291963327676 ], [ 403044.964394710084889, 3781518.006103763822466 ], [ 403045.269582909473684, 3781517.700915564782917 ], [ 403045.269582909473684, 3781517.090539165772498 ], [ 403046.185147507640067, 3781516.174974567722529 ], [ 403046.490335707028862, 3781516.174974567722529 ], [ 403046.795523906417657, 3781515.869786368217319 ], [ 403047.71108850458404, 3781515.869786368217319 ], [ 403048.016276703972835, 3781516.174974567722529 ], [ 403048.016276703972835, 3781518.921668362338096 ], [ 403048.32146490336163, 3781519.226856561377645 ], [ 403048.32146490336163, 3781520.752797558438033 ], [ 403048.626653102750424, 3781521.057985757943243 ], [ 403048.626653102750424, 3781523.19430315354839 ], [ 403048.32146490336163, 3781523.4994913530536 ], [ 403048.32146490336163, 3781525.025432350113988 ], [ 403048.016276703972835, 3781525.330620549153537 ], [ 403048.016276703972835, 3781528.077314343769103 ], [ 403045.269582909473684, 3781528.077314343769103 ], [ 403044.964394710084889, 3781528.382502543274313 ], [ 403044.3540183113073, 3781528.382502543274313 ] ] ] } },
{ "type": "Feature", "properties": { "confidence": 0.97537249326705933, "class": 1, "regularized": null }, "geometry": { "type": "Polygon", "coordinates": [ [ [ 403103.86571719229687, 3781331.230925737414509 ], [ 403103.86571719229687, 3781330.92573753837496 ], [ 403103.560528992908075, 3781330.62054933886975 ], [ 403102.034587995905895, 3781330.62054933886975 ], [ 403101.424211597128306, 3781330.010172939859331 ], [ 403100.508646998961922, 3781330.010172939859331 ], [ 403100.203458799573127, 3781330.315361139364541 ], [ 403099.898270600184333, 3781330.315361139364541 ], [ 403099.593082400795538, 3781330.010172939859331 ], [ 403097.76195320446277, 3781330.010172939859331 ], [ 403097.76195320446277, 3781325.127161749638617 ], [ 403098.067141403851565, 3781325.127161749638617 ], [ 403098.37232960324036, 3781324.821973550133407 ], [ 403103.255340793461073, 3781324.821973550133407 ], [ 403103.560528992908075, 3781324.516785351093858 ], [ 403108.138351983739994, 3781324.516785351093858 ], [ 403108.443540183128789, 3781324.821973550133407 ], [ 403108.748728382517584, 3781324.821973550133407 ], [ 403109.053916581906378, 3781325.127161749638617 ], [ 403109.359104781295173, 3781325.127161749638617 ], [ 403109.664292980683967, 3781325.432349949143827 ], [ 403109.664292980683967, 3781325.737538148649037 ], [ 403110.885045778239146, 3781326.958290946204215 ], [ 403110.885045778239146, 3781327.263479145243764 ], [ 403111.19023397762794, 3781327.568667344748974 ], [ 403111.19023397762794, 3781327.873855544254184 ], [ 403111.495422177016735, 3781328.179043743759394 ], [ 403111.495422177016735, 3781328.789420142304152 ], [ 403111.80061037640553, 3781329.094608341809362 ], [ 403111.80061037640553, 3781330.010172939859331 ], [ 403111.495422177016735, 3781330.315361139364541 ], [ 403111.495422177016735, 3781330.62054933886975 ], [ 403111.19023397762794, 3781330.92573753837496 ], [ 403111.19023397762794, 3781331.230925737414509 ], [ 403103.86571719229687, 3781331.230925737414509 ] ] ] } },
{ "type": "Feature", "properties": { "confidence": 0.97491472959518433, "class": 1, "regularized": null }, "geometry": { "type": "Polygon", "coordinates": [ [ [ 403190.539165818947367, 3781474.669379450846463 ], [ 403190.233977619558573, 3781474.364191251341254 ], [ 403188.402848423167598, 3781474.364191251341254 ], [ 403188.097660223778803, 3781474.059003051836044 ], [ 403183.519837232946884, 3781474.059003051836044 ], [ 403183.519837232946884, 3781473.753814852330834 ], [ 403183.214649033558089, 3781473.448626653291285 ], [ 403183.214649033558089, 3781473.143438453786075 ], [ 403182.909460834169295, 3781472.838250254280865 ], [ 403182.909460834169295, 3781470.396744659170508 ], [ 403183.825025432335678, 3781469.48118006112054 ], [ 403184.130213631724473, 3781469.48118006112054 ], [ 403184.435401831113268, 3781469.17599186161533 ], [ 403184.740590030502062, 3781469.17599186161533 ], [ 403185.045778229890857, 3781468.87080366211012 ], [ 403185.350966429279651, 3781468.87080366211012 ], [ 403185.656154628668446, 3781468.565615463070571 ], [ 403185.961342828057241, 3781468.565615463070571 ], [ 403186.57171922683483, 3781467.955239064060152 ], [ 403186.876907426223624, 3781467.955239064060152 ], [ 403187.182095625612419, 3781467.650050864554942 ], [ 403187.487283825001214, 3781467.650050864554942 ], [ 403188.097660223778803, 3781467.039674466010183 ], [ 403189.013224821945187, 3781467.039674466010183 ], [ 403189.318413021392189, 3781466.734486266504973 ], [ 403190.233977619558573, 3781466.734486266504973 ], [ 403190.539165818947367, 3781467.039674466010183 ], [ 403191.454730417113751, 3781467.039674466010183 ], [ 403191.759918616502546, 3781467.344862665515393 ], [ 403192.06510681589134, 3781467.344862665515393 ], [ 403193.285859613446519, 3781468.565615463070571 ], [ 403193.285859613446519, 3781468.87080366211012 ], [ 403194.506612411001697, 3781470.091556459665298 ], [ 403194.506612411001697, 3781470.396744659170508 ], [ 403195.116988809779286, 3781471.007121058180928 ], [ 403195.116988809779286, 3781471.312309257220477 ], [ 403195.422177009168081, 3781471.617497456725687 ], [ 403195.422177009168081, 3781472.533062054775655 ], [ 403194.811800610390492, 3781473.143438453786075 ], [ 403194.811800610390492, 3781473.448626653291285 ], [ 403194.201424211612903, 3781474.059003051836044 ], [ 403193.591047812835313, 3781474.059003051836044 ], [ 403193.285859613446519, 3781474.364191251341254 ], [ 403192.980671414057724, 3781474.364191251341254 ], [ 403192.67548321466893, 3781474.669379450846463 ], [ 403190.539165818947367, 3781474.669379450846463 ] ] ] } },
{ "type": "Feature", "properties": { "confidence": 0.97339284420013428, "class": 1, "regularized": null }, "geometry": { "type": "Polygon", "coordinates": [ [ [ 402639.674465920659713, 3781707.52797558484599 ], [ 402639.674465920659713, 3781704.781281790230423 ], [ 402639.979654120048508, 3781704.476093591190875 ], [ 402639.979654120048508, 3781702.034587996080518 ], [ 402640.284842319437303, 3781701.729399796575308 ], [ 402640.284842319437303, 3781701.424211597070098 ], [ 402640.590030518826097, 3781701.119023397564888 ], [ 402641.810783316381276, 3781701.119023397564888 ], [ 402642.11597151577007, 3781700.813835198525339 ], [ 402643.031536113936454, 3781700.813835198525339 ], [ 402643.336724313325249, 3781701.119023397564888 ], [ 402643.947100712102838, 3781701.119023397564888 ], [ 402644.252288911491632, 3781701.424211597070098 ], [ 402644.862665310269222, 3781701.424211597070098 ], [ 402646.998982705990784, 3781703.560528992675245 ], [ 402647.304170905379578, 3781703.560528992675245 ], [ 402647.609359104768373, 3781703.865717192180455 ], [ 402648.219735503545962, 3781703.865717192180455 ], [ 402649.135300101712346, 3781704.781281790230423 ], [ 402649.135300101712346, 3781705.086469989735633 ], [ 402649.440488301101141, 3781705.391658189240843 ], [ 402649.440488301101141, 3781706.917599186301231 ], [ 402649.745676500489935, 3781707.22278738534078 ], [ 402649.440488301101141, 3781707.52797558484599 ], [ 402639.674465920659713, 3781707.52797558484599 ] ] ] } },
{ "type": "Feature", "properties": { "confidence": 0.97174239158630371, "class": 1, "regularized": null }, "geometry": { "type": "Polygon", "coordinates": [ [ [ 402612.512716174998786, 3781330.62054933886975 ], [ 402612.207527975609992, 3781330.315361139364541 ], [ 402612.207527975609992, 3781330.010172939859331 ], [ 402612.512716174998786, 3781329.704984740819782 ], [ 402612.512716174998786, 3781329.399796541314572 ], [ 402612.817904374387581, 3781329.094608341809362 ], [ 402612.817904374387581, 3781323.906408952083439 ], [ 402618.921668362163473, 3781323.906408952083439 ], [ 402619.532044760941062, 3781324.516785351093858 ], [ 402619.532044760941062, 3781325.737538148649037 ], [ 402619.837232960329857, 3781326.042726347688586 ], [ 402619.837232960329857, 3781329.399796541314572 ], [ 402619.532044760941062, 3781329.704984740819782 ], [ 402618.921668362163473, 3781329.704984740819782 ], [ 402618.616480162774678, 3781330.010172939859331 ], [ 402616.174974567664322, 3781330.010172939859331 ], [ 402615.869786368275527, 3781330.315361139364541 ], [ 402613.42828077316517, 3781330.315361139364541 ], [ 402613.123092573776376, 3781330.62054933886975 ], [ 402612.512716174998786, 3781330.62054933886975 ] ] ] } },
{ "type": "Feature", "properties": { "confidence": 0.97043508291244507, "class": 1, "regularized": null }, "geometry": { "type": "Polygon", "coordinates": [ [ [ 402843.234994913509581, 3781299.491353000979871 ], [ 402842.929806714120787, 3781299.186164801474661 ], [ 402841.403865717176814, 3781299.186164801474661 ], [ 402840.793489318399224, 3781298.575788402929902 ], [ 402840.793489318399224, 3781297.660223804879934 ], [ 402840.48830111901043, 3781297.355035605374724 ], [ 402840.48830111901043, 3781293.692777212709188 ], [ 402840.183112919621635, 3781293.387589013203979 ], [ 402840.183112919621635, 3781288.199389623478055 ], [ 402840.48830111901043, 3781288.199389623478055 ], [ 402840.793489318399224, 3781287.894201424438506 ], [ 402841.709053916565608, 3781287.894201424438506 ], [ 402842.014242115954403, 3781288.199389623478055 ], [ 402844.45574771106476, 3781288.199389623478055 ], [ 402844.760935910453554, 3781288.504577822983265 ], [ 402844.760935910453554, 3781289.725330620538443 ], [ 402845.066124109842349, 3781290.030518820043653 ], [ 402845.066124109842349, 3781290.335707019548863 ], [ 402844.760935910453554, 3781290.640895218588412 ], [ 402844.760935910453554, 3781290.946083418093622 ], [ 402844.45574771106476, 3781291.251271617598832 ], [ 402844.45574771106476, 3781291.86164801614359 ], [ 402844.150559511675965, 3781292.1668362156488 ], [ 402844.150559511675965, 3781293.692777212709188 ], [ 402845.066124109842349, 3781294.608341810759157 ], [ 402845.066124109842349, 3781294.913530010264367 ], [ 402845.371312309231143, 3781295.218718209769577 ], [ 402845.371312309231143, 3781298.270600203424692 ], [ 402845.066124109842349, 3781298.575788402929902 ], [ 402845.066124109842349, 3781299.186164801474661 ], [ 402844.45574771106476, 3781299.186164801474661 ], [ 402844.150559511675965, 3781299.491353000979871 ], [ 402843.234994913509581, 3781299.491353000979871 ] ] ] } },
{ "type": "Feature", "properties": { "confidence": 0.96899276971817017, "class": 1, "regularized": "rectangle" }, "geometry": { "type": "Polygon", "coordinates": [ [ [ 403129.375, 3781522.0 ], [ 403145.3125, 3781521.5 ], [ 403145.5, 3781532.0 ], [ 403129.5625, 3781532.5 ], [ 403129.375, 3781522.0 ] ] ] } },
{ "type": "Feature", "properties": { "confidence": 0.96786230802536011, "class": 1, "regularized": null }, "geometry": { "type": "Polygon", "coordinates": [ [ [ 402938.453713123104535, 3781550.966429298277944 ], [ 402938.14852492371574, 3781550.661241098772734 ], [ 402937.232960325549357, 3781550.661241098772734 ], [ 402937.232960325549357, 3781549.135300101712346 ], [ 402937.538148524938151, 3781548.830111902207136 ], [ 402937.538148524938151, 3781548.219735503662378 ], [ 402937.843336724326946, 3781547.914547304157168 ], [ 402937.843336724326946, 3781546.388606307096779 ], [ 402938.14852492371574, 3781546.083418108057231 ], [ 402938.14852492371574, 3781545.473041709046811 ], [ 402939.064089521882124, 3781544.557477110996842 ], [ 402939.369277721270919, 3781544.557477110996842 ], [ 402939.674465920659713, 3781544.252288911491632 ], [ 402940.284842319437303, 3781544.252288911491632 ], [ 402940.590030518826097, 3781543.947100711986423 ], [ 402946.388606307213195, 3781543.947100711986423 ], [ 402946.693794506601989, 3781544.252288911491632 ], [ 402946.693794506601989, 3781545.167853509541601 ], [ 402946.998982705990784, 3781545.473041709046811 ], [ 402947.304170905379578, 3781545.473041709046811 ], [ 402947.609359104768373, 3781545.778229908552021 ], [ 402950.05086469987873, 3781545.778229908552021 ], [ 402950.356052899267524, 3781546.083418108057231 ], [ 402950.661241098656319, 3781546.083418108057231 ], [ 402950.661241098656319, 3781547.304170905612409 ], [ 402950.356052899267524, 3781547.609359104651958 ], [ 402950.356052899267524, 3781550.356052899267524 ], [ 402949.745676500489935, 3781550.966429298277944 ], [ 402938.453713123104535, 3781550.966429298277944 ] ] ] } },
{ "type": "Feature", "properties": { "confidence": 0.96506494283676147, "class": 1, "regularized": "rectangle" }, "geometry": { "type": "Polygon", "coordinates": [ [ [ 402731.71875, 3781451.25 ], [ 402732.34375, 3781433.75 ], [ 402741.84375, 3781434.25 ], [ 402741.21875, 3781451.75 ], [ 402731.71875, 3781451.25 ] ] ] } },
{ "type": "Feature", "properties": { "confidence": 0.96490341424942017, "class": 1, "regularized": null }, "geometry": { "type": "Polygon", "coordinates": [ [ [ 403162.461851475061849, 3781501.220752797555178 ], [ 403162.156663275673054, 3781500.915564598049968 ], [ 403161.85147507628426, 3781500.915564598049968 ], [ 403161.546286876895465, 3781500.61037639901042 ], [ 403161.546286876895465, 3781499.69481180049479 ], [ 403161.24109867750667, 3781499.38962360098958 ], [ 403161.24109867750667, 3781495.116988809779286 ], [ 403161.546286876895465, 3781494.811800610274076 ], [ 403161.546286876895465, 3781494.506612410768867 ], [ 403162.156663275673054, 3781494.506612410768867 ], [ 403162.461851475061849, 3781494.201424211729318 ], [ 403168.260427263507154, 3781494.201424211729318 ], [ 403169.175991861673538, 3781495.116988809779286 ], [ 403169.481180061062332, 3781495.116988809779286 ], [ 403169.786368260451127, 3781495.422177009284496 ], [ 403170.091556459839921, 3781495.422177009284496 ], [ 403170.396744659228716, 3781495.727365208324045 ], [ 403170.396744659228716, 3781497.558494404889643 ], [ 403170.701932858617511, 3781497.863682604394853 ], [ 403170.701932858617511, 3781498.168870803434402 ], [ 403170.396744659228716, 3781498.474059002939612 ], [ 403170.396744659228716, 3781499.084435401950032 ], [ 403170.091556459839921, 3781499.38962360098958 ], [ 403169.481180061062332, 3781499.38962360098958 ], [ 403169.175991861673538, 3781499.69481180049479 ], [ 403168.870803662284743, 3781499.69481180049479 ], [ 403167.955239064118359, 3781500.61037639901042 ], [ 403167.650050864671357, 3781500.61037639901042 ], [ 403167.344862665282562, 3781500.915564598049968 ], [ 403166.734486266504973, 3781500.915564598049968 ], [ 403166.429298067116179, 3781501.220752797555178 ], [ 403162.461851475061849, 3781501.220752797555178 ] ] ] } },
{ "type": "Feature", "properties": { "confidence": 0.96414953470230103, "class": 1, "regularized": "rectangle" }, "geometry": { "type": "Polygon", "coordinates": [ [ [ 403072.65625, 3781480.0 ], [ 403083.71875, 3781479.5 ], [ 403084.15625, 3781492.0 ], [ 403073.09375, 3781492.5 ], [ 403072.65625, 3781480.0 ] ] ] } },
{ "type": "Feature", "properties": { "confidence": 0.96361172199249268, "class": 1, "regularized": "rectangle" }, "geometry": { "type": "Polygon", "coordinates": [ [ [ 403156.96875, 3781525.0 ], [ 403172.84375, 3781525.0 ], [ 403172.84375, 3781534.0 ], [ 403156.96875, 3781534.0 ], [ 403156.96875, 3781525.0 ] ] ] } },
{ "type": "Feature", "properties": { "confidence": 0.96204257011413574, "class": 1, "regularized": null }, "geometry": { "type": "Polygon", "coordinates": [ [ [ 402791.963377416075673, 3781407.22278738534078 ], [ 402791.047812817909289, 3781406.307222787290812 ], [ 402791.047812817909289, 3781406.002034587785602 ], [ 402790.4374364191317, 3781405.391658189240843 ], [ 402790.4374364191317, 3781405.086469989735633 ], [ 402790.132248219742905, 3781404.781281790230423 ], [ 402790.132248219742905, 3781404.476093591190875 ], [ 402789.216683621576522, 3781403.560528992675245 ], [ 402789.216683621576522, 3781403.255340793635696 ], [ 402788.911495422187727, 3781402.950152594130486 ], [ 402788.911495422187727, 3781402.644964394625276 ], [ 402788.606307222798932, 3781402.339776195120066 ], [ 402788.606307222798932, 3781400.813835198525339 ], [ 402788.911495422187727, 3781400.813835198525339 ], [ 402789.216683621576522, 3781400.508646999020129 ], [ 402791.963377416075673, 3781400.508646999020129 ], [ 402792.268565615464468, 3781400.813835198525339 ], [ 402795.930824008130003, 3781400.813835198525339 ], [ 402796.846388606296387, 3781401.729399796575308 ], [ 402796.846388606296387, 3781403.255340793635696 ], [ 402796.541200406907592, 3781403.560528992675245 ], [ 402796.541200406907592, 3781404.170905391685665 ], [ 402796.236012207518797, 3781404.476093591190875 ], [ 402796.236012207518797, 3781404.781281790230423 ], [ 402795.930824008130003, 3781405.086469989735633 ], [ 402795.930824008130003, 3781405.391658189240843 ], [ 402794.40488301118603, 3781406.917599186301231 ], [ 402794.099694811797235, 3781406.917599186301231 ], [ 402793.794506612408441, 3781407.22278738534078 ], [ 402791.963377416075673, 3781407.22278738534078 ] ] ] } },
{ "type": "Feature", "properties": { "confidence": 0.96177726984024048, "class": 1, "regularized": null }, "geometry": { "type": "Polygon", "coordinates": [ [ [ 403105.086469989852048, 3781554.01831129193306 ], [ 403104.781281790463254, 3781553.71312309242785 ], [ 403098.067141403851565, 3781553.71312309242785 ], [ 403097.76195320446277, 3781553.407934893388301 ], [ 403097.456765005073976, 3781553.407934893388301 ], [ 403097.151576805685181, 3781553.102746693883091 ], [ 403097.456765005073976, 3781552.797558494377881 ], [ 403097.456765005073976, 3781551.881993896327913 ], [ 403097.76195320446277, 3781551.576805696822703 ], [ 403097.76195320446277, 3781551.271617497317493 ], [ 403098.067141403851565, 3781550.966429298277944 ], [ 403098.067141403851565, 3781550.050864699762315 ], [ 403098.37232960324036, 3781549.745676500722766 ], [ 403098.37232960324036, 3781549.135300101712346 ], [ 403098.677517802629154, 3781549.135300101712346 ], [ 403098.982706002017949, 3781548.830111902207136 ], [ 403099.287894201406743, 3781548.830111902207136 ], [ 403099.593082400795538, 3781548.524923703167588 ], [ 403105.391658189240843, 3781548.524923703167588 ], [ 403105.696846388629638, 3781548.830111902207136 ], [ 403106.002034588018432, 3781548.830111902207136 ], [ 403106.307222787407227, 3781549.135300101712346 ], [ 403107.527975584962405, 3781549.135300101712346 ], [ 403107.527975584962405, 3781554.01831129193306 ], [ 403105.086469989852048, 3781554.01831129193306 ] ] ] } },
{ "type": "Feature", "properties": { "confidence": 0.96015000343322754, "class": 1, "regularized": null }, "geometry": { "type": "Polygon", "coordinates": [ [ [ 402719.02339776197914, 3781530.82400813838467 ], [ 402718.718209562590346, 3781530.51881993887946 ], [ 402718.413021363201551, 3781530.51881993887946 ], [ 402718.107833163812757, 3781530.21363173937425 ], [ 402718.107833163812757, 3781525.940996948163956 ], [ 402718.718209562590346, 3781525.330620549153537 ], [ 402718.718209562590346, 3781525.025432350113988 ], [ 402721.159715157700703, 3781525.025432350113988 ], [ 402721.464903357089497, 3781525.330620549153537 ], [ 402721.770091556478292, 3781525.330620549153537 ], [ 402722.99084435403347, 3781526.551373346708715 ], [ 402723.296032553422265, 3781526.551373346708715 ], [ 402723.296032553422265, 3781527.466937945224345 ], [ 402723.601220752811059, 3781527.772126144263893 ], [ 402723.601220752811059, 3781529.298067141324282 ], [ 402723.296032553422265, 3781529.603255340829492 ], [ 402723.296032553422265, 3781529.908443540334702 ], [ 402722.380467955255881, 3781530.82400813838467 ], [ 402719.02339776197914, 3781530.82400813838467 ] ] ] } },
{ "type": "Feature", "properties": { "confidence": 0.95915263891220093, "class": 1, "regularized": null }, "geometry": { "type": "Polygon", "coordinates": [ [ [ 402868.565615462895948, 3781639.165818921755999 ], [ 402868.565615462895948, 3781634.893184130080044 ], [ 402868.870803662284743, 3781634.587995931040496 ], [ 402869.175991861673538, 3781634.587995931040496 ], [ 402869.481180061062332, 3781634.282807731535286 ], [ 402869.481180061062332, 3781633.977619532030076 ], [ 402869.786368260451127, 3781633.977619532030076 ], [ 402870.396744659228716, 3781633.367243133485317 ], [ 402870.396744659228716, 3781633.062054933980107 ], [ 402870.701932858617511, 3781632.756866734474897 ], [ 402871.3123092573951, 3781632.756866734474897 ], [ 402871.617497456783894, 3781632.451678534969687 ], [ 402874.059003051894251, 3781632.451678534969687 ], [ 402874.364191251283046, 3781632.146490335930139 ], [ 402876.500508647004608, 3781632.146490335930139 ], [ 402876.805696846393403, 3781632.451678534969687 ], [ 402877.110885045782197, 3781632.451678534969687 ], [ 402876.805696846393403, 3781632.756866734474897 ], [ 402876.805696846393403, 3781633.062054933980107 ], [ 402876.500508647004608, 3781633.367243133485317 ], [ 402876.500508647004608, 3781633.672431332524866 ], [ 402876.195320447615813, 3781633.977619532030076 ], [ 402876.195320447615813, 3781634.282807731535286 ], [ 402875.27975584944943, 3781635.198372329585254 ], [ 402874.974567650060635, 3781635.198372329585254 ], [ 402874.66937945067184, 3781635.503560529090464 ], [ 402874.66937945067184, 3781635.808748728595674 ], [ 402874.364191251283046, 3781635.808748728595674 ], [ 402873.143438453727867, 3781637.029501526150852 ], [ 402872.838250254339073, 3781637.029501526150852 ], [ 402871.922685656172689, 3781637.945066124200821 ], [ 402871.3123092573951, 3781637.945066124200821 ], [ 402870.701932858617511, 3781638.555442522745579 ], [ 402870.396744659228716, 3781638.555442522745579 ], [ 402870.091556459839921, 3781638.860630722250789 ], [ 402869.786368260451127, 3781638.860630722250789 ], [ 402869.481180061062332, 3781639.165818921755999 ], [ 402868.565615462895948, 3781639.165818921755999 ] ] ] } },
{ "type": "Feature", "properties": { "confidence": 0.95907992124557495, "class": 1, "regularized": null }, "geometry": { "type": "Polygon", "coordinates": [ [ [ 402703.153611393703613, 3781424.313326551578939 ], [ 402702.848423194314819, 3781424.008138352073729 ], [ 402702.23804679553723, 3781424.008138352073729 ], [ 402701.932858596148435, 3781423.702950152568519 ], [ 402701.932858596148435, 3781423.092573754023761 ], [ 402701.62767039675964, 3781422.787385554518551 ], [ 402701.62767039675964, 3781420.651068158913404 ], [ 402701.932858596148435, 3781420.345879959408194 ], [ 402701.932858596148435, 3781416.378433367237449 ], [ 402702.543234994926024, 3781415.76805696869269 ], [ 402705.289928789425176, 3781415.76805696869269 ], [ 402705.59511698881397, 3781415.46286876918748 ], [ 402708.341810783313122, 3781415.46286876918748 ], [ 402708.646998982701916, 3781415.76805696869269 ], [ 402708.646998982701916, 3781420.651068158913404 ], [ 402707.731434384535532, 3781421.566632756963372 ], [ 402706.815869786369149, 3781421.566632756963372 ], [ 402706.510681586980354, 3781421.871820956468582 ], [ 402705.289928789425176, 3781421.871820956468582 ], [ 402704.984740590036381, 3781422.177009155508131 ], [ 402704.984740590036381, 3781422.787385554518551 ], [ 402705.59511698881397, 3781423.397761953063309 ], [ 402706.205493387591559, 3781423.397761953063309 ], [ 402706.510681586980354, 3781423.702950152568519 ], [ 402706.510681586980354, 3781424.313326551578939 ], [ 402703.153611393703613, 3781424.313326551578939 ] ] ] } },
{ "type": "Feature", "properties": { "confidence": 0.95839643478393555, "class": 1, "regularized": null }, "geometry": { "type": "Polygon", "coordinates": [ [ [ 402800.813835198350716, 3781413.631739572621882 ], [ 402799.898270600184333, 3781412.716174974571913 ], [ 402799.593082400795538, 3781412.716174974571913 ], [ 402799.287894201406743, 3781412.410986775066704 ], [ 402798.982706002017949, 3781412.410986775066704 ], [ 402798.677517802629154, 3781412.105798575561494 ], [ 402797.456765005073976, 3781412.105798575561494 ], [ 402797.151576805685181, 3781411.800610376521945 ], [ 402795.930824008130003, 3781411.800610376521945 ], [ 402795.625635808741208, 3781411.495422177016735 ], [ 402795.320447609352414, 3781411.495422177016735 ], [ 402795.320447609352414, 3781410.274669379461557 ], [ 402802.339776195294689, 3781410.274669379461557 ], [ 402802.339776195294689, 3781410.579857578966767 ], [ 402802.644964394683484, 3781410.885045778006315 ], [ 402802.644964394683484, 3781411.190233977511525 ], [ 402802.950152594072279, 3781411.495422177016735 ], [ 402802.950152594072279, 3781412.105798575561494 ], [ 402802.644964394683484, 3781412.410986775066704 ], [ 402802.644964394683484, 3781412.716174974571913 ], [ 402801.7293997965171, 3781413.631739572621882 ], [ 402800.813835198350716, 3781413.631739572621882 ] ] ] } },
{ "type": "Feature", "properties": { "confidence": 0.95760637521743774, "class": 1, "regularized": null }, "geometry": { "type": "Polygon", "coordinates": [ [ [ 402817.599186164792627, 3781544.862665310502052 ], [ 402817.293997965403832, 3781544.557477110996842 ], [ 402816.988809766015038, 3781544.557477110996842 ], [ 402816.683621566626243, 3781544.252288911491632 ], [ 402816.683621566626243, 3781543.947100711986423 ], [ 402816.378433367237449, 3781543.641912512946874 ], [ 402816.378433367237449, 3781541.810783316381276 ], [ 402816.073245167848654, 3781541.505595116876066 ], [ 402816.073245167848654, 3781538.14852492371574 ], [ 402816.378433367237449, 3781537.843336724210531 ], [ 402816.378433367237449, 3781537.538148524705321 ], [ 402816.683621566626243, 3781537.232960325665772 ], [ 402816.683621566626243, 3781536.927772126160562 ], [ 402816.988809766015038, 3781536.927772126160562 ], [ 402818.209562563570216, 3781535.707019328605384 ], [ 402819.735503560514189, 3781535.707019328605384 ], [ 402820.040691759902984, 3781535.401831129100174 ], [ 402821.871820956235752, 3781535.401831129100174 ], [ 402821.871820956235752, 3781537.843336724210531 ], [ 402821.566632756846957, 3781538.14852492371574 ], [ 402821.566632756846957, 3781538.758901322260499 ], [ 402821.261444557458162, 3781539.064089521765709 ], [ 402821.261444557458162, 3781541.200406917370856 ], [ 402821.566632756846957, 3781541.505595116876066 ], [ 402821.566632756846957, 3781544.252288911491632 ], [ 402821.261444557458162, 3781544.557477110996842 ], [ 402820.956256358069368, 3781544.557477110996842 ], [ 402820.651068158680573, 3781544.862665310502052 ], [ 402817.599186164792627, 3781544.862665310502052 ] ] ] } },
{ "type": "Feature", "properties": { "confidence": 0.95462918281555176, "class": 1, "regularized": null }, "geometry": { "type": "Polygon", "coordinates": [ [ [ 403100.203458799573127, 3781354.425228890962899 ], [ 403099.898270600184333, 3781354.12004069192335 ], [ 403097.456765005073976, 3781354.12004069192335 ], [ 403097.151576805685181, 3781353.81485249241814 ], [ 403096.846388606296387, 3781353.81485249241814 ], [ 403096.846388606296387, 3781351.983723295852542 ], [ 403097.456765005073976, 3781351.373346897307783 ], [ 403097.76195320446277, 3781351.373346897307783 ], [ 403098.067141403851565, 3781351.068158697802573 ], [ 403098.982706002017949, 3781351.068158697802573 ], [ 403099.287894201406743, 3781350.762970498297364 ], [ 403105.696846388629638, 3781350.762970498297364 ], [ 403106.307222787407227, 3781351.373346897307783 ], [ 403106.307222787407227, 3781353.20447609340772 ], [ 403106.002034588018432, 3781353.50966429291293 ], [ 403106.002034588018432, 3781353.81485249241814 ], [ 403105.696846388629638, 3781354.12004069192335 ], [ 403105.391658189240843, 3781354.12004069192335 ], [ 403105.086469989852048, 3781354.425228890962899 ], [ 403100.203458799573127, 3781354.425228890962899 ] ] ] } },
{ "type": "Feature", "properties": { "confidence": 0.95436102151870728, "class": 1, "regularized": null }, "geometry": { "type": "Polygon", "coordinates": [ [ [ 402975.686673448653892, 3781244.252288911491632 ], [ 402974.7711088504293, 3781243.336724313441664 ], [ 402974.7711088504293, 3781242.726347914431244 ], [ 402974.465920651040506, 3781242.421159714926034 ], [ 402974.465920651040506, 3781242.115971515886486 ], [ 402972.634791454707738, 3781240.284842319320887 ], [ 402972.634791454707738, 3781239.979654119815677 ], [ 402972.329603255318943, 3781239.674465920776129 ], [ 402972.329603255318943, 3781238.45371312322095 ], [ 402972.024415055930149, 3781238.14852492371574 ], [ 402972.024415055930149, 3781236.012207528110594 ], [ 402972.329603255318943, 3781235.707019328605384 ], [ 402972.329603255318943, 3781235.401831129100174 ], [ 402972.939979654096533, 3781234.791454730555415 ], [ 402972.939979654096533, 3781234.486266531050205 ], [ 402973.550356052874122, 3781233.875890132039785 ], [ 402973.550356052874122, 3781233.570701933000237 ], [ 402973.855544252262916, 3781233.570701933000237 ], [ 402974.160732451651711, 3781233.265513733495027 ], [ 402977.517802644986659, 3781233.265513733495027 ], [ 402977.822990844375454, 3781233.570701933000237 ], [ 402978.128179043764248, 3781233.570701933000237 ], [ 402978.738555442541838, 3781234.181078331544995 ], [ 402978.738555442541838, 3781234.486266531050205 ], [ 402979.043743641930632, 3781234.791454730555415 ], [ 402979.043743641930632, 3781235.096642929594964 ], [ 402979.348931841319427, 3781235.401831129100174 ], [ 402979.348931841319427, 3781235.707019328605384 ], [ 402979.654120040708221, 3781236.012207528110594 ], [ 402979.654120040708221, 3781236.317395727150142 ], [ 402980.264496439485811, 3781236.927772126160562 ], [ 402980.264496439485811, 3781237.232960325665772 ], [ 402980.569684638874605, 3781237.538148524705321 ], [ 402980.569684638874605, 3781240.590030518826097 ], [ 402980.264496439485811, 3781240.895218718331307 ], [ 402980.264496439485811, 3781243.031536113936454 ], [ 402979.959308240097016, 3781243.336724313441664 ], [ 402979.654120040708221, 3781243.336724313441664 ], [ 402979.348931841319427, 3781243.641912512946874 ], [ 402978.738555442541838, 3781243.641912512946874 ], [ 402978.433367243153043, 3781243.947100711986423 ], [ 402977.822990844375454, 3781243.947100711986423 ], [ 402977.517802644986659, 3781244.252288911491632 ], [ 402975.686673448653892, 3781244.252288911491632 ] ] ] } },
{ "type": "Feature", "properties": { "confidence": 0.95364362001419067, "class": 1, "regularized": "rectangle" }, "geometry": { "type": "Polygon", "coordinates": [ [ [ 402827.375, 3781425.5 ], [ 402838.375, 3781425.5 ], [ 402838.375, 3781439.5 ], [ 402827.375, 3781439.5 ], [ 402827.375, 3781425.5 ] ] ] } },
{ "type": "Feature", "properties": { "confidence": 0.95235353708267212, "class": 1, "regularized": null }, "geometry": { "type": "Polygon", "coordinates": [ [ [ 402851.780264496454038, 3781652.594099694862962 ], [ 402850.864699898287654, 3781651.678535096812993 ], [ 402850.864699898287654, 3781651.068158697802573 ], [ 402850.559511698898859, 3781650.762970498297364 ], [ 402850.559511698898859, 3781650.457782299257815 ], [ 402849.94913530012127, 3781649.847405900247395 ], [ 402849.94913530012127, 3781649.542217700742185 ], [ 402848.728382502566092, 3781648.321464903187007 ], [ 402848.728382502566092, 3781646.18514750758186 ], [ 402849.033570701954886, 3781645.87995930807665 ], [ 402849.338758901343681, 3781645.87995930807665 ], [ 402849.94913530012127, 3781645.269582909531891 ], [ 402850.254323499510065, 3781645.269582909531891 ], [ 402850.864699898287654, 3781644.659206510521472 ], [ 402851.780264496454038, 3781644.659206510521472 ], [ 402852.085452695842832, 3781644.354018311481923 ], [ 402852.085452695842832, 3781644.048830111976713 ], [ 402858.189216683618724, 3781644.048830111976713 ], [ 402858.189216683618724, 3781644.964394710026681 ], [ 402857.88402848422993, 3781645.269582909531891 ], [ 402857.88402848422993, 3781645.574771109037101 ], [ 402857.273652085452341, 3781646.18514750758186 ], [ 402856.968463886063546, 3781646.18514750758186 ], [ 402856.663275686674751, 3781646.49033570708707 ], [ 402856.358087487285957, 3781646.49033570708707 ], [ 402855.747711088508368, 3781647.100712105631828 ], [ 402855.442522889119573, 3781647.100712105631828 ], [ 402855.137334689730778, 3781647.405900305137038 ], [ 402855.137334689730778, 3781647.711088504642248 ], [ 402854.526958290953189, 3781648.321464903187007 ], [ 402854.526958290953189, 3781649.237029501702636 ], [ 402854.832146490341984, 3781649.542217700742185 ], [ 402854.832146490341984, 3781651.068158697802573 ], [ 402854.221770091564395, 3781651.678535096812993 ], [ 402853.9165818921756, 3781651.678535096812993 ], [ 402853.306205493398011, 3781652.288911495357752 ], [ 402852.695829094620422, 3781652.288911495357752 ], [ 402852.390640895231627, 3781652.594099694862962 ], [ 402851.780264496454038, 3781652.594099694862962 ] ] ] } },
{ "type": "Feature", "properties": { "confidence": 0.95000404119491577, "class": 1, "regularized": null }, "geometry": { "type": "Polygon", "coordinates": [ [ [ 402917.090539165830705, 3781623.601220752578229 ], [ 402916.785350966441911, 3781623.29603255353868 ], [ 402916.174974567664322, 3781623.29603255353868 ], [ 402915.564598168886732, 3781622.68565615452826 ], [ 402915.259409969497938, 3781622.68565615452826 ], [ 402914.954221770109143, 3781622.38046795502305 ], [ 402914.954221770109143, 3781622.075279755983502 ], [ 402914.649033570720349, 3781621.770091556478292 ], [ 402914.649033570720349, 3781619.633774160873145 ], [ 402914.038657171942759, 3781619.023397761862725 ], [ 402914.038657171942759, 3781618.718209562357515 ], [ 402913.733468972553965, 3781618.413021363317966 ], [ 402914.038657171942759, 3781618.107833163812757 ], [ 402914.038657171942759, 3781617.802644964307547 ], [ 402914.343845371331554, 3781617.497456764802337 ], [ 402914.649033570720349, 3781617.497456764802337 ], [ 402914.954221770109143, 3781617.192268565762788 ], [ 402916.174974567664322, 3781617.192268565762788 ], [ 402916.480162767053116, 3781616.887080366257578 ], [ 402916.785350966441911, 3781616.887080366257578 ], [ 402917.090539165830705, 3781616.581892166752368 ], [ 402918.616480162774678, 3781616.581892166752368 ], [ 402918.921668362163473, 3781616.276703967247158 ], [ 402919.226856561552268, 3781616.276703967247158 ], [ 402919.532044760941062, 3781615.97151576820761 ], [ 402919.837232960329857, 3781615.97151576820761 ], [ 402920.142421159718651, 3781615.6663275687024 ], [ 402920.447609359107446, 3781615.6663275687024 ], [ 402920.447609359107446, 3781616.887080366257578 ], [ 402921.668362156662624, 3781618.107833163812757 ], [ 402922.583926754829008, 3781618.107833163812757 ], [ 402922.583926754829008, 3781618.413021363317966 ], [ 402922.889114954217803, 3781618.718209562357515 ], [ 402922.889114954217803, 3781619.023397761862725 ], [ 402923.194303153606597, 3781619.328585961367935 ], [ 402923.194303153606597, 3781621.464903356973082 ], [ 402922.583926754829008, 3781622.075279755983502 ], [ 402922.278738555440214, 3781622.075279755983502 ], [ 402921.973550356051419, 3781622.38046795502305 ], [ 402921.668362156662624, 3781622.38046795502305 ], [ 402921.36317395727383, 3781622.68565615452826 ], [ 402921.057985757885035, 3781622.68565615452826 ], [ 402920.752797558496241, 3781622.99084435403347 ], [ 402920.142421159718651, 3781622.99084435403347 ], [ 402919.837232960329857, 3781623.29603255353868 ], [ 402919.226856561552268, 3781623.29603255353868 ], [ 402918.921668362163473, 3781623.601220752578229 ], [ 402917.090539165830705, 3781623.601220752578229 ] ] ] } },
{ "type": "Feature", "properties": { "confidence": 0.9496874213218689, "class": 1, "regularized": null }, "geometry": { "type": "Polygon", "coordinates": [ [ [ 402834.994913530012127, 3781439.877924720291048 ], [ 402834.689725330623332, 3781439.572736520785838 ], [ 402834.384537131234538, 3781439.572736520785838 ], [ 402834.384537131234538, 3781427.670396744739264 ], [ 402834.689725330623332, 3781427.670396744739264 ], [ 402835.300101729400922, 3781428.280773143284023 ], [ 402835.300101729400922, 3781428.585961342789233 ], [ 402835.910478128178511, 3781429.196337741799653 ], [ 402835.910478128178511, 3781429.501525940839201 ], [ 402836.215666327567305, 3781429.806714140344411 ], [ 402838.046795523900073, 3781429.806714140344411 ], [ 402838.351983723288868, 3781430.111902339849621 ], [ 402838.962360122066457, 3781430.111902339849621 ], [ 402838.962360122066457, 3781430.72227873839438 ], [ 402839.267548321455251, 3781431.02746693789959 ], [ 402839.267548321455251, 3781431.943031535949558 ], [ 402838.962360122066457, 3781432.248219735454768 ], [ 402838.962360122066457, 3781435.910478128120303 ], [ 402838.657171922677662, 3781436.215666327625513 ], [ 402838.657171922677662, 3781438.96236012224108 ], [ 402838.351983723288868, 3781439.267548321280628 ], [ 402837.436419125122484, 3781439.267548321280628 ], [ 402837.131230925733689, 3781439.572736520785838 ], [ 402835.910478128178511, 3781439.572736520785838 ], [ 402835.605289928789716, 3781439.877924720291048 ], [ 402834.994913530012127, 3781439.877924720291048 ] ] ] } },
{ "type": "Feature", "properties": { "confidence": 0.94790816307067871, "class": 1, "regularized": null }, "geometry": { "type": "Polygon", "coordinates": [ [ [ 402918.006103763997089, 3781433.468972533009946 ], [ 402917.700915564608295, 3781433.163784333504736 ], [ 402917.700915564608295, 3781429.196337741799653 ], [ 402918.006103763997089, 3781428.891149542294443 ], [ 402918.006103763997089, 3781428.280773143284023 ], [ 402918.311291963385884, 3781427.975584944244474 ], [ 402918.311291963385884, 3781427.670396744739264 ], [ 402918.921668362163473, 3781427.060020345728844 ], [ 402922.583926754829008, 3781427.060020345728844 ], [ 402922.889114954217803, 3781427.365208545234054 ], [ 402923.194303153606597, 3781427.365208545234054 ], [ 402923.804679552384187, 3781427.975584944244474 ], [ 402924.415055951161776, 3781427.975584944244474 ], [ 402924.72024415055057, 3781428.280773143284023 ], [ 402925.33062054932816, 3781428.280773143284023 ], [ 402925.635808748716954, 3781427.975584944244474 ], [ 402925.940996948105749, 3781427.975584944244474 ], [ 402926.246185147494543, 3781427.670396744739264 ], [ 402927.161749745660927, 3781427.670396744739264 ], [ 402927.466937945049722, 3781427.975584944244474 ], [ 402927.772126144438516, 3781427.975584944244474 ], [ 402928.077314343827311, 3781428.280773143284023 ], [ 402928.077314343827311, 3781429.196337741799653 ], [ 402928.382502543216106, 3781429.501525940839201 ], [ 402928.382502543216106, 3781430.111902339849621 ], [ 402928.077314343827311, 3781430.417090539354831 ], [ 402928.077314343827311, 3781431.637843336910009 ], [ 402927.466937945049722, 3781432.248219735454768 ], [ 402927.161749745660927, 3781432.248219735454768 ], [ 402926.856561546272133, 3781432.553407934959978 ], [ 402926.856561546272133, 3781432.858596134465188 ], [ 402926.246185147494543, 3781433.468972533009946 ], [ 402918.006103763997089, 3781433.468972533009946 ] ] ] } },
{ "type": "Feature", "properties": { "confidence": 0.94491344690322876, "class": 1, "regularized": "rectangle" }, "geometry": { "type": "Polygon", "coordinates": [ [ [ 402720.875, 3781242.0 ], [ 402735.5, 3781242.0 ], [ 402735.5, 3781251.0 ], [ 402720.875, 3781251.0 ], [ 402720.875, 3781242.0 ] ] ] } },
{ "type": "Feature", "properties": { "confidence": 0.94381541013717651, "class": 1, "regularized": null }, "geometry": { "type": "Polygon", "coordinates": [ [ [ 402827.670396744681057, 3781356.866734486073256 ], [ 402827.365208545292262, 3781356.561546287033707 ], [ 402826.449643947125878, 3781356.561546287033707 ], [ 402826.144455747737084, 3781356.256358087528497 ], [ 402826.144455747737084, 3781355.035605289973319 ], [ 402826.449643947125878, 3781354.730417090468109 ], [ 402826.449643947125878, 3781353.50966429291293 ], [ 402826.754832146514673, 3781353.20447609340772 ], [ 402826.754832146514673, 3781352.288911495357752 ], [ 402827.060020345903467, 3781351.983723295852542 ], [ 402827.365208545292262, 3781351.983723295852542 ], [ 402827.975584944069851, 3781351.373346897307783 ], [ 402828.280773143458646, 3781351.373346897307783 ], [ 402829.19633774162503, 3781350.457782299257815 ], [ 402829.501525941013824, 3781350.457782299257815 ], [ 402829.806714140402619, 3781350.152594099752605 ], [ 402831.332655137346592, 3781350.152594099752605 ], [ 402831.332655137346592, 3781351.678535096812993 ], [ 402831.943031536124181, 3781352.288911495357752 ], [ 402831.943031536124181, 3781352.594099694862962 ], [ 402832.858596134290565, 3781353.50966429291293 ], [ 402832.858596134290565, 3781353.81485249241814 ], [ 402833.163784333679359, 3781354.12004069192335 ], [ 402833.163784333679359, 3781354.730417090468109 ], [ 402833.468972533068154, 3781355.035605289973319 ], [ 402833.774160732456949, 3781355.035605289973319 ], [ 402833.774160732456949, 3781355.951169888023287 ], [ 402834.079348931845743, 3781356.256358087528497 ], [ 402834.079348931845743, 3781356.561546287033707 ], [ 402833.774160732456949, 3781356.561546287033707 ], [ 402833.468972533068154, 3781356.866734486073256 ], [ 402827.670396744681057, 3781356.866734486073256 ] ] ] } },
{ "type": "Feature", "properties": { "confidence": 0.94084060192108154, "class": 1, "regularized": null }, "geometry": { "type": "Polygon", "coordinates": [ [ [ 403163.072227873839438, 3781653.81485249241814 ], [ 403162.767039674450643, 3781653.50966429291293 ], [ 403162.156663275673054, 3781653.50966429291293 ], [ 403159.715157680562697, 3781651.068158697802573 ], [ 403159.409969481173903, 3781651.068158697802573 ], [ 403158.799593082396314, 3781650.457782299257815 ], [ 403158.799593082396314, 3781650.152594099752605 ], [ 403158.494404883007519, 3781649.847405900247395 ], [ 403158.494404883007519, 3781649.237029501702636 ], [ 403158.189216683618724, 3781648.931841302197427 ], [ 403158.189216683618724, 3781648.321464903187007 ], [ 403155.442522889119573, 3781645.574771109037101 ], [ 403155.442522889119573, 3781644.048830111976713 ], [ 403157.578840284841135, 3781644.048830111976713 ], [ 403157.578840284841135, 3781644.354018311481923 ], [ 403157.88402848422993, 3781644.659206510521472 ], [ 403159.715157680562697, 3781644.659206510521472 ], [ 403160.020345879951492, 3781644.964394710026681 ], [ 403160.630722278729081, 3781644.964394710026681 ], [ 403160.935910478117876, 3781645.269582909531891 ], [ 403161.24109867750667, 3781645.269582909531891 ], [ 403161.546286876895465, 3781645.574771109037101 ], [ 403163.072227873839438, 3781645.574771109037101 ], [ 403163.377416073228233, 3781645.87995930807665 ], [ 403164.903357070172206, 3781645.87995930807665 ], [ 403165.208545269561, 3781646.18514750758186 ], [ 403165.513733468949795, 3781646.18514750758186 ], [ 403165.818921668338589, 3781646.49033570708707 ], [ 403166.124109867727384, 3781646.49033570708707 ], [ 403166.429298067116179, 3781646.79552390659228 ], [ 403166.734486266504973, 3781646.79552390659228 ], [ 403167.650050864671357, 3781647.711088504642248 ], [ 403167.650050864671357, 3781648.321464903187007 ], [ 403167.344862665282562, 3781648.626653102692217 ], [ 403167.344862665282562, 3781649.237029501702636 ], [ 403166.124109867727384, 3781650.457782299257815 ], [ 403166.124109867727384, 3781650.762970498297364 ], [ 403165.818921668338589, 3781650.762970498297364 ], [ 403165.513733468949795, 3781651.068158697802573 ], [ 403165.513733468949795, 3781651.678535096812993 ], [ 403164.598168870783411, 3781652.594099694862962 ], [ 403164.598168870783411, 3781652.899287894368172 ], [ 403163.682604272617027, 3781653.81485249241814 ], [ 403163.072227873839438, 3781653.81485249241814 ] ] ] } },
{ "type": "Feature", "properties": { "confidence": 0.93901312351226807, "class": 1, "regularized": null }, "geometry": { "type": "Polygon", "coordinates": [ [ [ 402648.830111902323551, 3781646.49033570708707 ], [ 402648.219735503545962, 3781645.87995930807665 ], [ 402648.219735503545962, 3781645.574771109037101 ], [ 402646.998982705990784, 3781644.354018311481923 ], [ 402646.998982705990784, 3781644.048830111976713 ], [ 402654.628687690768857, 3781644.048830111976713 ], [ 402654.628687690768857, 3781644.354018311481923 ], [ 402654.933875890157651, 3781644.659206510521472 ], [ 402654.933875890157651, 3781646.49033570708707 ], [ 402648.830111902323551, 3781646.49033570708707 ] ] ] } },
{ "type": "Feature", "properties": { "confidence": 0.93751627206802368, "class": 1, "regularized": null }, "geometry": { "type": "Polygon", "coordinates": [ [ [ 402981.790437436429784, 3781538.45371312322095 ], [ 402981.485249237040989, 3781538.14852492371574 ], [ 402980.8748728382634, 3781538.14852492371574 ], [ 402980.8748728382634, 3781537.232960325665772 ], [ 402981.180061037652194, 3781537.232960325665772 ], [ 402981.485249237040989, 3781536.927772126160562 ], [ 402981.485249237040989, 3781532.655137334484607 ], [ 402982.095625635818578, 3781532.044760935939848 ], [ 402982.095625635818578, 3781531.434384536929429 ], [ 402984.231943031540141, 3781531.434384536929429 ], [ 402984.537131230928935, 3781531.12919633788988 ], [ 402985.452695829095319, 3781531.12919633788988 ], [ 402985.757884028484114, 3781530.82400813838467 ], [ 402986.063072227872908, 3781530.82400813838467 ], [ 402986.368260427261703, 3781530.51881993887946 ], [ 402986.978636826039292, 3781530.51881993887946 ], [ 402987.283825025428087, 3781530.82400813838467 ], [ 402987.894201424205676, 3781530.82400813838467 ], [ 402988.504577822983265, 3781531.434384536929429 ], [ 402988.504577822983265, 3781531.739572736434639 ], [ 402989.114954221760854, 3781532.349949135445058 ], [ 402989.114954221760854, 3781536.012207528110594 ], [ 402988.80976602237206, 3781536.317395727150142 ], [ 402987.894201424205676, 3781536.317395727150142 ], [ 402986.978636826039292, 3781537.232960325665772 ], [ 402986.978636826039292, 3781538.14852492371574 ], [ 402986.673448626650497, 3781538.14852492371574 ], [ 402986.368260427261703, 3781538.45371312322095 ], [ 402981.790437436429784, 3781538.45371312322095 ] ] ] } },
{ "type": "Feature", "properties": { "confidence": 0.93725377321243286, "class": 1, "regularized": null }, "geometry": { "type": "Polygon", "coordinates": [ [ [ 403141.403865717176814, 3781660.834181078244001 ], [ 403141.098677517788019, 3781660.528992878738791 ], [ 403141.098677517788019, 3781655.951169888023287 ], [ 403141.403865717176814, 3781655.645981688518077 ], [ 403141.403865717176814, 3781651.373346897307783 ], [ 403141.709053916565608, 3781651.068158697802573 ], [ 403141.709053916565608, 3781650.762970498297364 ], [ 403142.014242115954403, 3781650.457782299257815 ], [ 403142.319430315343197, 3781650.457782299257815 ], [ 403142.624618514731992, 3781650.152594099752605 ], [ 403142.929806714120787, 3781650.152594099752605 ], [ 403143.234994913509581, 3781649.847405900247395 ], [ 403144.45574771106476, 3781649.847405900247395 ], [ 403144.760935910453554, 3781649.542217700742185 ], [ 403147.202441505622119, 3781649.542217700742185 ], [ 403147.507629705010913, 3781649.847405900247395 ], [ 403147.507629705010913, 3781650.152594099752605 ], [ 403147.812817904399708, 3781650.457782299257815 ], [ 403147.812817904399708, 3781652.594099694862962 ], [ 403148.118006103788503, 3781652.899287894368172 ], [ 403148.118006103788503, 3781653.81485249241814 ], [ 403147.812817904399708, 3781654.12004069192335 ], [ 403147.812817904399708, 3781655.340793489478528 ], [ 403148.118006103788503, 3781655.645981688518077 ], [ 403148.118006103788503, 3781659.308240081183612 ], [ 403146.897253306233324, 3781660.528992878738791 ], [ 403144.760935910453554, 3781660.528992878738791 ], [ 403144.45574771106476, 3781660.834181078244001 ], [ 403141.403865717176814, 3781660.834181078244001 ] ] ] } },
{ "type": "Feature", "properties": { "confidence": 0.93658417463302612, "class": 1, "regularized": "rectangle" }, "geometry": { "type": "Polygon", "coordinates": [ [ [ 403038.25, 3781412.5 ], [ 403050.5, 3781412.5 ], [ 403050.5, 3781424.5 ], [ 403038.25, 3781424.5 ], [ 403038.25, 3781412.5 ] ] ] } },
{ "type": "Feature", "properties": { "confidence": 0.93624067306518555, "class": 1, "regularized": null }, "geometry": { "type": "Polygon", "coordinates": [ [ [ 403039.776195320475381, 3781486.571719226893038 ], [ 403039.471007121086586, 3781486.266531027387828 ], [ 403038.860630722250789, 3781486.266531027387828 ], [ 403038.555442522861995, 3781485.961342827882618 ], [ 403038.860630722250789, 3781485.656154628843069 ], [ 403038.860630722250789, 3781483.214649033732712 ], [ 403038.555442522861995, 3781482.909460834227502 ], [ 403038.555442522861995, 3781481.688708036672324 ], [ 403039.165818921639584, 3781481.078331637661904 ], [ 403044.3540183113073, 3781481.078331637661904 ], [ 403044.3540183113073, 3781482.604272634722292 ], [ 403044.659206510696094, 3781482.909460834227502 ], [ 403044.659206510696094, 3781484.130213631782681 ], [ 403044.964394710084889, 3781484.435401831287891 ], [ 403044.964394710084889, 3781486.266531027387828 ], [ 403044.659206510696094, 3781486.571719226893038 ], [ 403039.776195320475381, 3781486.571719226893038 ] ] ] } },
{ "type": "Feature", "properties": { "confidence": 0.93613755702972412, "class": 1, "regularized": null }, "geometry": { "type": "Polygon", "coordinates": [ [ [ 402940.590030518826097, 3781606.815869786310941 ], [ 402940.284842319437303, 3781606.510681586805731 ], [ 402939.674465920659713, 3781606.510681586805731 ], [ 402939.369277721270919, 3781606.205493387766182 ], [ 402939.369277721270919, 3781604.679552390705794 ], [ 402939.064089521882124, 3781604.374364191200584 ], [ 402939.064089521882124, 3781603.153611393645406 ], [ 402939.369277721270919, 3781602.848423194140196 ], [ 402939.369277721270919, 3781601.932858596090227 ], [ 402939.674465920659713, 3781601.627670396585017 ], [ 402939.674465920659713, 3781599.79654120048508 ], [ 402939.979654120048508, 3781599.491353000979871 ], [ 402940.590030518826097, 3781599.491353000979871 ], [ 402940.895218718214892, 3781599.186164801474661 ], [ 402941.200406917603686, 3781599.186164801474661 ], [ 402941.200406917603686, 3781599.491353000979871 ], [ 402941.505595116992481, 3781599.79654120048508 ], [ 402943.031536113936454, 3781599.79654120048508 ], [ 402943.336724313325249, 3781599.491353000979871 ], [ 402943.336724313325249, 3781599.186164801474661 ], [ 402943.641912512714043, 3781599.186164801474661 ], [ 402943.947100712102838, 3781598.880976602435112 ], [ 402946.388606307213195, 3781598.880976602435112 ], [ 402946.388606307213195, 3781599.186164801474661 ], [ 402946.693794506601989, 3781599.491353000979871 ], [ 402946.693794506601989, 3781600.10172939999029 ], [ 402947.304170905379578, 3781600.712105798535049 ], [ 402947.304170905379578, 3781602.238046795595437 ], [ 402946.998982705990784, 3781602.543234995100647 ], [ 402946.998982705990784, 3781602.848423194140196 ], [ 402946.693794506601989, 3781603.153611393645406 ], [ 402946.693794506601989, 3781603.458799593150616 ], [ 402946.388606307213195, 3781603.763987792655826 ], [ 402946.388606307213195, 3781604.374364191200584 ], [ 402946.0834181078244, 3781604.679552390705794 ], [ 402946.0834181078244, 3781605.595116988755763 ], [ 402945.778229908435605, 3781605.900305188260972 ], [ 402945.778229908435605, 3781606.510681586805731 ], [ 402945.473041709046811, 3781606.510681586805731 ], [ 402945.167853509658016, 3781606.815869786310941 ], [ 402940.590030518826097, 3781606.815869786310941 ] ] ] } },
{ "type": "Feature", "properties": { "confidence": 0.93559879064559937, "class": 1, "regularized": null }, "geometry": { "type": "Polygon", "coordinates": [ [ [ 402851.169888097676449, 3781289.420142421033233 ], [ 402851.169888097676449, 3781289.114954221993685 ], [ 402850.864699898287654, 3781288.809766022488475 ], [ 402850.864699898287654, 3781279.959308240097016 ], [ 402851.169888097676449, 3781279.654120040591806 ], [ 402851.169888097676449, 3781279.043743642047048 ], [ 402851.780264496454038, 3781279.043743642047048 ], [ 402852.085452695842832, 3781279.348931841086596 ], [ 402853.9165818921756, 3781279.348931841086596 ], [ 402854.221770091564395, 3781279.043743642047048 ], [ 402854.526958290953189, 3781279.043743642047048 ], [ 402854.832146490341984, 3781278.738555442541838 ], [ 402856.052899287897162, 3781278.738555442541838 ], [ 402856.358087487285957, 3781278.433367243036628 ], [ 402856.663275686674751, 3781278.738555442541838 ], [ 402856.968463886063546, 3781278.738555442541838 ], [ 402856.968463886063546, 3781279.959308240097016 ], [ 402857.273652085452341, 3781280.264496439602226 ], [ 402857.273652085452341, 3781282.400813835207373 ], [ 402856.968463886063546, 3781282.706002034712583 ], [ 402856.968463886063546, 3781287.283825025428087 ], [ 402857.273652085452341, 3781287.589013224933296 ], [ 402857.273652085452341, 3781288.809766022488475 ], [ 402856.968463886063546, 3781289.114954221993685 ], [ 402856.968463886063546, 3781289.420142421033233 ], [ 402851.169888097676449, 3781289.420142421033233 ] ] ] } },
{ "type": "Feature", "properties": { "confidence": 0.93368875980377197, "class": 1, "regularized": null }, "geometry": { "type": "Polygon", "coordinates": [ [ [ 403073.0417090539122, 3781508.240081383381039 ], [ 403072.736520854523405, 3781507.93489318434149 ], [ 403071.515768056968227, 3781507.93489318434149 ], [ 403070.905391658190638, 3781507.32451678533107 ], [ 403070.600203458801843, 3781507.32451678533107 ], [ 403069.989827060024254, 3781506.714140386786312 ], [ 403069.989827060024254, 3781504.883011190220714 ], [ 403069.379450661246665, 3781504.272634791675955 ], [ 403069.379450661246665, 3781503.967446592170745 ], [ 403069.07426246185787, 3781503.662258392665535 ], [ 403068.769074262469076, 3781503.662258392665535 ], [ 403068.769074262469076, 3781500.30518819950521 ], [ 403069.07426246185787, 3781500.30518819950521 ], [ 403069.379450661246665, 3781500.0 ], [ 403069.379450661246665, 3781499.38962360098958 ], [ 403069.989827060024254, 3781498.779247202444822 ], [ 403071.820956256357022, 3781498.779247202444822 ], [ 403072.126144455745816, 3781499.084435401950032 ], [ 403072.431332655134611, 3781499.084435401950032 ], [ 403073.0417090539122, 3781499.69481180049479 ], [ 403073.0417090539122, 3781503.051881994120777 ], [ 403073.346897253300995, 3781503.357070193160325 ], [ 403073.346897253300995, 3781503.662258392665535 ], [ 403073.957273652078584, 3781504.272634791675955 ], [ 403073.957273652078584, 3781504.577822990715504 ], [ 403074.262461851467378, 3781504.883011190220714 ], [ 403074.262461851467378, 3781505.188199389725924 ], [ 403074.567650050856173, 3781505.493387589231133 ], [ 403074.567650050856173, 3781507.019328585825861 ], [ 403074.262461851467378, 3781507.32451678533107 ], [ 403074.262461851467378, 3781507.93489318434149 ], [ 403073.957273652078584, 3781508.240081383381039 ], [ 403073.0417090539122, 3781508.240081383381039 ] ] ] } },
{ "type": "Feature", "properties": { "confidence": 0.93286764621734619, "class": 1, "regularized": null }, "geometry": { "type": "Polygon", "coordinates": [ [ [ 402708.646998982701916, 3781482.909460834227502 ], [ 402708.341810783313122, 3781482.604272634722292 ], [ 402707.731434384535532, 3781482.604272634722292 ], [ 402707.426246185146738, 3781482.299084435217083 ], [ 402707.121057985757943, 3781482.299084435217083 ], [ 402706.815869786369149, 3781481.993896236177534 ], [ 402706.205493387591559, 3781481.993896236177534 ], [ 402705.59511698881397, 3781481.383519837167114 ], [ 402705.289928789425176, 3781481.383519837167114 ], [ 402705.289928789425176, 3781481.078331637661904 ], [ 402704.984740590036381, 3781480.773143438622355 ], [ 402704.984740590036381, 3781479.857578840106726 ], [ 402705.289928789425176, 3781479.552390641067177 ], [ 402705.289928789425176, 3781478.331637843511999 ], [ 402705.59511698881397, 3781478.026449644006789 ], [ 402705.59511698881397, 3781476.80569684645161 ], [ 402705.900305188202765, 3781476.5005086469464 ], [ 402705.900305188202765, 3781476.19532044744119 ], [ 402706.205493387591559, 3781475.890132248401642 ], [ 402706.205493387591559, 3781475.584944048896432 ], [ 402706.510681586980354, 3781475.279755849391222 ], [ 402706.815869786369149, 3781475.279755849391222 ], [ 402707.121057985757943, 3781474.974567649886012 ], [ 402708.036622583924327, 3781474.974567649886012 ], [ 402708.341810783313122, 3781474.669379450846463 ], [ 402710.478128179034684, 3781474.669379450846463 ], [ 402711.088504577812273, 3781475.279755849391222 ], [ 402711.088504577812273, 3781477.416073244996369 ], [ 402710.783316378423478, 3781477.721261444501579 ], [ 402710.783316378423478, 3781478.026449644006789 ], [ 402710.478128179034684, 3781478.331637843511999 ], [ 402710.478128179034684, 3781478.942014242056757 ], [ 402710.172939979645889, 3781479.247202441561967 ], [ 402710.172939979645889, 3781479.552390641067177 ], [ 402709.867751780257095, 3781479.857578840106726 ], [ 402709.867751780257095, 3781480.467955239117146 ], [ 402709.5625635808683, 3781480.773143438622355 ], [ 402709.5625635808683, 3781481.383519837167114 ], [ 402709.257375381479505, 3781481.688708036672324 ], [ 402709.257375381479505, 3781482.299084435217083 ], [ 402708.952187182090711, 3781482.604272634722292 ], [ 402708.952187182090711, 3781482.909460834227502 ], [ 402708.646998982701916, 3781482.909460834227502 ] ] ] } },
{ "type": "Feature", "properties": { "confidence": 0.93196380138397217, "class": 1, "regularized": null }, "geometry": { "type": "Polygon", "coordinates": [ [ [ 403043.743641912529711, 3781362.054933875799179 ], [ 403043.743641912529711, 3781356.256358087528497 ], [ 403047.71108850458404, 3781356.256358087528497 ], [ 403047.71108850458404, 3781356.866734486073256 ], [ 403048.016276703972835, 3781357.171922685578465 ], [ 403048.016276703972835, 3781358.392675483133644 ], [ 403048.32146490336163, 3781358.697863682638854 ], [ 403048.32146490336163, 3781360.528992878738791 ], [ 403048.016276703972835, 3781360.834181078244001 ], [ 403048.016276703972835, 3781361.139369277749211 ], [ 403047.71108850458404, 3781361.444557477254421 ], [ 403047.100712105806451, 3781361.444557477254421 ], [ 403046.795523906417657, 3781361.749745676293969 ], [ 403044.659206510696094, 3781361.749745676293969 ], [ 403044.3540183113073, 3781362.054933875799179 ], [ 403043.743641912529711, 3781362.054933875799179 ] ] ] } },
{ "type": "Feature", "properties": { "confidence": 0.93095123767852783, "class": 1, "regularized": "rectangle" }, "geometry": { "type": "Polygon", "coordinates": [ [ [ 402876.8125, 3781243.5 ], [ 402876.8125, 3781231.5 ], [ 402890.1875, 3781231.5 ], [ 402890.1875, 3781243.5 ], [ 402876.8125, 3781243.5 ] ] ] } },
{ "type": "Feature", "properties": { "confidence": 0.92336755990982056, "class": 1, "regularized": null }, "geometry": { "type": "Polygon", "coordinates": [ [ [ 403117.599186164792627, 3781369.07426246162504 ], [ 403117.293997965403832, 3781368.769074262585491 ], [ 403115.15768056968227, 3781368.769074262585491 ], [ 403114.852492370293476, 3781368.463886063080281 ], [ 403114.547304170904681, 3781368.463886063080281 ], [ 403113.631739572738297, 3781367.548321465030313 ], [ 403113.631739572738297, 3781367.243133265525103 ], [ 403112.716174974571913, 3781366.327568667475134 ], [ 403112.410986775183119, 3781366.327568667475134 ], [ 403112.105798575794324, 3781366.022380467969924 ], [ 403110.885045778239146, 3781366.022380467969924 ], [ 403110.579857578850351, 3781365.717192268464714 ], [ 403110.579857578850351, 3781364.801627670414746 ], [ 403110.885045778239146, 3781364.496439470909536 ], [ 403110.885045778239146, 3781363.886063072364777 ], [ 403111.19023397762794, 3781363.580874872859567 ], [ 403111.19023397762794, 3781362.665310274809599 ], [ 403111.495422177016735, 3781362.360122075304389 ], [ 403112.105798575794324, 3781362.360122075304389 ], [ 403112.410986775183119, 3781362.054933875799179 ], [ 403113.631739572738297, 3781362.054933875799179 ], [ 403113.936927772127092, 3781361.749745676293969 ], [ 403115.768056968459859, 3781361.749745676293969 ], [ 403116.073245167848654, 3781361.444557477254421 ], [ 403119.735503560514189, 3781361.444557477254421 ], [ 403120.040691759902984, 3781361.749745676293969 ], [ 403120.345879959291779, 3781361.749745676293969 ], [ 403120.345879959291779, 3781362.054933875799179 ], [ 403120.651068158680573, 3781362.360122075304389 ], [ 403120.651068158680573, 3781366.022380467969924 ], [ 403120.956256358069368, 3781366.327568667475134 ], [ 403120.956256358069368, 3781368.463886063080281 ], [ 403120.345879959291779, 3781369.07426246162504 ], [ 403117.599186164792627, 3781369.07426246162504 ] ] ] } },
{ "type": "Feature", "properties": { "confidence": 0.91785687208175659, "class": 1, "regularized": null }, "geometry": { "type": "Polygon", "coordinates": [ [ [ 402981.790437436429784, 3781499.38962360098958 ], [ 402981.485249237040989, 3781499.084435401950032 ], [ 402981.180061037652194, 3781499.084435401950032 ], [ 402981.180061037652194, 3781498.474059002939612 ], [ 402981.485249237040989, 3781498.168870803434402 ], [ 402981.485249237040989, 3781495.727365208324045 ], [ 402981.790437436429784, 3781495.422177009284496 ], [ 402981.790437436429784, 3781492.67548321466893 ], [ 402982.095625635818578, 3781492.37029501516372 ], [ 402982.095625635818578, 3781490.539165819063783 ], [ 402982.706002034596168, 3781489.928789420053363 ], [ 402986.063072227872908, 3781489.928789420053363 ], [ 402986.368260427261703, 3781490.233977619558573 ], [ 402986.673448626650497, 3781490.233977619558573 ], [ 402986.673448626650497, 3781490.539165819063783 ], [ 402986.368260427261703, 3781490.844354018103331 ], [ 402986.368260427261703, 3781492.37029501516372 ], [ 402986.673448626650497, 3781492.67548321466893 ], [ 402986.978636826039292, 3781492.67548321466893 ], [ 402987.589013224816881, 3781493.285859613213688 ], [ 402988.80976602237206, 3781493.285859613213688 ], [ 402988.504577822983265, 3781493.591047812718898 ], [ 402988.504577822983265, 3781496.337741607334465 ], [ 402988.19938962359447, 3781496.337741607334465 ], [ 402987.894201424205676, 3781496.642929806839675 ], [ 402986.673448626650497, 3781496.642929806839675 ], [ 402986.063072227872908, 3781497.253306205384433 ], [ 402986.063072227872908, 3781497.863682604394853 ], [ 402986.368260427261703, 3781498.168870803434402 ], [ 402986.368260427261703, 3781499.084435401950032 ], [ 402985.757884028484114, 3781499.084435401950032 ], [ 402985.452695829095319, 3781499.38962360098958 ], [ 402981.790437436429784, 3781499.38962360098958 ] ] ] } },
{ "type": "Feature", "properties": { "confidence": 0.91773247718811035, "class": 1, "regularized": null }, "geometry": { "type": "Polygon", "coordinates": [ [ [ 402628.077314343827311, 3781529.298067141324282 ], [ 402627.772126144438516, 3781528.992878941819072 ], [ 402627.466937945049722, 3781528.992878941819072 ], [ 402626.551373346883338, 3781528.077314343769103 ], [ 402626.246185147494543, 3781528.077314343769103 ], [ 402625.940996948105749, 3781527.772126144263893 ], [ 402625.940996948105749, 3781527.466937945224345 ], [ 402625.635808748716954, 3781527.161749745719135 ], [ 402625.635808748716954, 3781526.856561546213925 ], [ 402635.401831129216589, 3781526.856561546213925 ], [ 402635.401831129216589, 3781527.161749745719135 ], [ 402635.096642929827794, 3781527.466937945224345 ], [ 402635.096642929827794, 3781528.687690742779523 ], [ 402634.486266531050205, 3781529.298067141324282 ], [ 402628.077314343827311, 3781529.298067141324282 ] ] ] } },
{ "type": "Feature", "properties": { "confidence": 0.9174838662147522, "class": 1, "regularized": null }, "geometry": { "type": "Polygon", "coordinates": [ [ [ 403045.574771108862478, 3781508.240081383381039 ], [ 403045.574771108862478, 3781507.62970498483628 ], [ 403045.269582909473684, 3781507.32451678533107 ], [ 403045.269582909473684, 3781506.714140386786312 ], [ 403044.3540183113073, 3781505.798575788270682 ], [ 403044.3540183113073, 3781502.136317395605147 ], [ 403044.659206510696094, 3781501.831129196565598 ], [ 403044.659206510696094, 3781501.220752797555178 ], [ 403044.964394710084889, 3781500.915564598049968 ], [ 403044.964394710084889, 3781500.61037639901042 ], [ 403045.269582909473684, 3781500.30518819950521 ], [ 403045.574771108862478, 3781500.30518819950521 ], [ 403045.879959308251273, 3781500.0 ], [ 403048.016276703972835, 3781500.0 ], [ 403048.32146490336163, 3781500.30518819950521 ], [ 403050.762970498471987, 3781500.30518819950521 ], [ 403051.373346897249576, 3781500.915564598049968 ], [ 403051.983723296027165, 3781500.915564598049968 ], [ 403052.594099694804754, 3781501.525940997060388 ], [ 403053.509664292971138, 3781501.525940997060388 ], [ 403053.814852492359933, 3781501.831129196565598 ], [ 403056.866734486247879, 3781501.831129196565598 ], [ 403057.171922685636673, 3781502.136317395605147 ], [ 403057.477110885025468, 3781502.136317395605147 ], [ 403057.782299084414262, 3781502.441505595110357 ], [ 403058.087487283803057, 3781502.441505595110357 ], [ 403059.003051881969441, 3781503.357070193160325 ], [ 403059.003051881969441, 3781503.662258392665535 ], [ 403059.308240081358235, 3781503.967446592170745 ], [ 403059.308240081358235, 3781505.188199389725924 ], [ 403058.087487283803057, 3781506.408952187281102 ], [ 403057.477110885025468, 3781506.408952187281102 ], [ 403057.171922685636673, 3781506.714140386786312 ], [ 403056.866734486247879, 3781506.714140386786312 ], [ 403056.256358087470289, 3781507.32451678533107 ], [ 403048.016276703972835, 3781507.32451678533107 ], [ 403047.405900305195246, 3781507.93489318434149 ], [ 403047.405900305195246, 3781508.240081383381039 ], [ 403045.574771108862478, 3781508.240081383381039 ] ] ] } },
{ "type": "Feature", "properties": { "confidence": 0.9170418381690979, "class": 1, "regularized": null }, "geometry": { "type": "Polygon", "coordinates": [ [ [ 403190.233977619558573, 3781229.298067141324282 ], [ 403189.928789420169778, 3781228.992878941819072 ], [ 403187.182095625612419, 3781228.992878941819072 ], [ 403187.182095625612419, 3781226.856561546213925 ], [ 403187.487283825001214, 3781226.551373346708715 ], [ 403187.487283825001214, 3781225.330620549153537 ], [ 403187.792472024390008, 3781225.025432350113988 ], [ 403187.792472024390008, 3781224.720244150608778 ], [ 403188.097660223778803, 3781224.415055951103568 ], [ 403196.948118006112054, 3781224.415055951103568 ], [ 403197.253306205500849, 3781224.720244150608778 ], [ 403197.253306205500849, 3781225.940996948163956 ], [ 403197.558494404889643, 3781226.246185147669166 ], [ 403197.558494404889643, 3781227.466937945224345 ], [ 403197.253306205500849, 3781227.772126144263893 ], [ 403197.253306205500849, 3781228.382502543274313 ], [ 403196.948118006112054, 3781228.687690742779523 ], [ 403196.948118006112054, 3781228.992878941819072 ], [ 403196.642929806723259, 3781229.298067141324282 ], [ 403190.233977619558573, 3781229.298067141324282 ] ] ] } },
{ "type": "Feature", "properties": { "confidence": 0.91673743724822998, "class": 1, "regularized": null }, "geometry": { "type": "Polygon", "coordinates": [ [ [ 402801.119023397739511, 3781485.045778229832649 ], [ 402800.813835198350716, 3781484.740590030327439 ], [ 402800.508646998961922, 3781484.740590030327439 ], [ 402800.203458799573127, 3781484.435401831287891 ], [ 402799.898270600184333, 3781484.435401831287891 ], [ 402799.593082400795538, 3781484.130213631782681 ], [ 402798.677517802629154, 3781484.130213631782681 ], [ 402798.37232960324036, 3781483.825025432277471 ], [ 402796.236012207518797, 3781483.825025432277471 ], [ 402795.930824008130003, 3781483.519837232772261 ], [ 402795.930824008130003, 3781483.214649033732712 ], [ 402795.625635808741208, 3781482.909460834227502 ], [ 402795.625635808741208, 3781481.993896236177534 ], [ 402795.930824008130003, 3781481.688708036672324 ], [ 402795.930824008130003, 3781474.059003051836044 ], [ 402796.236012207518797, 3781473.753814852330834 ], [ 402796.236012207518797, 3781473.448626653291285 ], [ 402796.541200406907592, 3781473.448626653291285 ], [ 402796.846388606296387, 3781473.143438453786075 ], [ 402797.456765005073976, 3781473.143438453786075 ], [ 402797.76195320446277, 3781473.448626653291285 ], [ 402798.067141403851565, 3781473.448626653291285 ], [ 402798.677517802629154, 3781474.059003051836044 ], [ 402799.593082400795538, 3781474.059003051836044 ], [ 402799.898270600184333, 3781474.364191251341254 ], [ 402801.7293997965171, 3781474.364191251341254 ], [ 402801.7293997965171, 3781475.584944048896432 ], [ 402802.034587995905895, 3781475.890132248401642 ], [ 402802.034587995905895, 3781477.416073244996369 ], [ 402801.424211597128306, 3781478.026449644006789 ], [ 402801.424211597128306, 3781478.942014242056757 ], [ 402801.7293997965171, 3781479.247202441561967 ], [ 402802.034587995905895, 3781479.247202441561967 ], [ 402802.644964394683484, 3781479.857578840106726 ], [ 402802.950152594072279, 3781479.857578840106726 ], [ 402802.950152594072279, 3781480.467955239117146 ], [ 402803.255340793461073, 3781480.773143438622355 ], [ 402803.560528992849868, 3781480.773143438622355 ], [ 402803.560528992849868, 3781481.078331637661904 ], [ 402803.86571719229687, 3781481.383519837167114 ], [ 402804.476093591074459, 3781481.383519837167114 ], [ 402804.476093591074459, 3781484.435401831287891 ], [ 402804.781281790463254, 3781484.740590030327439 ], [ 402804.476093591074459, 3781485.045778229832649 ], [ 402801.119023397739511, 3781485.045778229832649 ] ] ] } },
{ "type": "Feature", "properties": { "confidence": 0.91666865348815918, "class": 1, "regularized": null }, "geometry": { "type": "Polygon", "coordinates": [ [ [ 402718.413021363201551, 3781530.51881993887946 ], [ 402718.107833163812757, 3781530.21363173937425 ], [ 402717.802644964365754, 3781530.21363173937425 ], [ 402717.802644964365754, 3781529.298067141324282 ], [ 402718.107833163812757, 3781528.992878941819072 ], [ 402718.107833163812757, 3781528.077314343769103 ], [ 402717.802644964365754, 3781527.772126144263893 ], [ 402717.802644964365754, 3781527.466937945224345 ], [ 402717.49745676497696, 3781527.161749745719135 ], [ 402717.192268565588165, 3781527.161749745719135 ], [ 402716.88708036619937, 3781526.856561546213925 ], [ 402714.750762970477808, 3781526.856561546213925 ], [ 402714.445574771089014, 3781526.551373346708715 ], [ 402713.224821973533835, 3781526.551373346708715 ], [ 402713.224821973533835, 3781526.246185147669166 ], [ 402713.53001017292263, 3781525.940996948163956 ], [ 402713.53001017292263, 3781525.025432350113988 ], [ 402714.445574771089014, 3781524.109867751598358 ], [ 402714.750762970477808, 3781524.109867751598358 ], [ 402715.055951169866603, 3781523.80467955255881 ], [ 402715.361139369255397, 3781523.80467955255881 ], [ 402715.666327568644192, 3781523.4994913530536 ], [ 402715.971515768032987, 3781523.4994913530536 ], [ 402716.276703967421781, 3781523.19430315354839 ], [ 402716.581892166810576, 3781523.19430315354839 ], [ 402716.88708036619937, 3781522.88911495404318 ], [ 402719.02339776197914, 3781522.88911495404318 ], [ 402719.02339776197914, 3781524.415055951103568 ], [ 402719.328585961367935, 3781524.720244150608778 ], [ 402719.63377416075673, 3781524.720244150608778 ], [ 402719.938962360145524, 3781525.025432350113988 ], [ 402720.549338758923113, 3781525.025432350113988 ], [ 402720.854526958311908, 3781525.330620549153537 ], [ 402722.380467955255881, 3781525.330620549153537 ], [ 402722.685656154644676, 3781525.635808748658746 ], [ 402722.685656154644676, 3781528.382502543274313 ], [ 402722.380467955255881, 3781528.687690742779523 ], [ 402722.380467955255881, 3781530.21363173937425 ], [ 402722.075279755867086, 3781530.51881993887946 ], [ 402718.413021363201551, 3781530.51881993887946 ] ] ] } },
{ "type": "Feature", "properties": { "confidence": 0.91626143455505371, "class": 1, "regularized": null }, "geometry": { "type": "Polygon", "coordinates": [ [ [ 403079.145473041688092, 3781536.622583926655352 ], [ 403078.840284842299297, 3781536.317395727150142 ], [ 403074.567650050856173, 3781536.317395727150142 ], [ 403074.262461851467378, 3781536.012207528110594 ], [ 403072.431332655134611, 3781536.012207528110594 ], [ 403072.126144455745816, 3781535.707019328605384 ], [ 403071.820956256357022, 3781535.707019328605384 ], [ 403071.515768056968227, 3781535.401831129100174 ], [ 403071.210579857579432, 3781535.401831129100174 ], [ 403070.295015259413049, 3781534.486266531050205 ], [ 403069.989827060024254, 3781534.486266531050205 ], [ 403069.989827060024254, 3781534.181078331544995 ], [ 403069.379450661246665, 3781533.570701933000237 ], [ 403069.379450661246665, 3781532.960325533989817 ], [ 403069.684638860635459, 3781532.960325533989817 ], [ 403070.905391658190638, 3781531.739572736434639 ], [ 403070.905391658190638, 3781531.434384536929429 ], [ 403071.210579857579432, 3781531.434384536929429 ], [ 403071.820956256357022, 3781530.82400813838467 ], [ 403071.820956256357022, 3781530.21363173937425 ], [ 403072.126144455745816, 3781529.908443540334702 ], [ 403072.126144455745816, 3781529.298067141324282 ], [ 403072.431332655134611, 3781529.298067141324282 ], [ 403073.0417090539122, 3781528.687690742779523 ], [ 403074.262461851467378, 3781528.687690742779523 ], [ 403074.567650050856173, 3781528.382502543274313 ], [ 403074.872838250244968, 3781528.382502543274313 ], [ 403075.178026449633762, 3781528.077314343769103 ], [ 403080.36622583924327, 3781528.077314343769103 ], [ 403080.671414038632065, 3781528.382502543274313 ], [ 403080.671414038632065, 3781529.298067141324282 ], [ 403080.97660223802086, 3781529.603255340829492 ], [ 403080.97660223802086, 3781529.908443540334702 ], [ 403081.892166836187243, 3781530.82400813838467 ], [ 403081.892166836187243, 3781531.434384536929429 ], [ 403082.197355035634246, 3781531.739572736434639 ], [ 403082.197355035634246, 3781532.044760935939848 ], [ 403082.807731434411835, 3781532.655137334484607 ], [ 403082.807731434411835, 3781532.960325533989817 ], [ 403083.11291963380063, 3781533.265513733495027 ], [ 403083.11291963380063, 3781535.401831129100174 ], [ 403082.807731434411835, 3781535.707019328605384 ], [ 403082.807731434411835, 3781536.317395727150142 ], [ 403082.50254323502304, 3781536.317395727150142 ], [ 403082.197355035634246, 3781536.622583926655352 ], [ 403079.145473041688092, 3781536.622583926655352 ] ] ] } },
{ "type": "Feature", "properties": { "confidence": 0.91428929567337036, "class": 1, "regularized": null }, "geometry": { "type": "Polygon", "coordinates": [ [ [ 402700.406917599204462, 3781281.485249237157404 ], [ 402700.101729399815667, 3781281.180061037652194 ], [ 402698.880976602260489, 3781281.180061037652194 ], [ 402698.575788402871694, 3781280.874872838146985 ], [ 402697.965412004094105, 3781280.874872838146985 ], [ 402697.355035605316516, 3781280.264496439602226 ], [ 402697.355035605316516, 3781279.043743642047048 ], [ 402697.049847405927721, 3781278.738555442541838 ], [ 402696.744659206538927, 3781278.738555442541838 ], [ 402696.13428280770313, 3781278.128179043531418 ], [ 402695.829094608314335, 3781278.128179043531418 ], [ 402695.829094608314335, 3781275.686673448421061 ], [ 402696.13428280770313, 3781275.381485249381512 ], [ 402696.13428280770313, 3781275.076297049876302 ], [ 402696.439471007150132, 3781274.771108850371093 ], [ 402697.049847405927721, 3781274.771108850371093 ], [ 402697.355035605316516, 3781274.465920650865883 ], [ 402701.322482197370846, 3781274.465920650865883 ], [ 402701.62767039675964, 3781274.160732451826334 ], [ 402706.205493387591559, 3781274.160732451826334 ], [ 402706.510681586980354, 3781274.465920650865883 ], [ 402706.510681586980354, 3781277.822990844491869 ], [ 402705.900305188202765, 3781278.433367243036628 ], [ 402705.900305188202765, 3781278.738555442541838 ], [ 402705.59511698881397, 3781279.043743642047048 ], [ 402705.59511698881397, 3781279.348931841086596 ], [ 402704.984740590036381, 3781279.959308240097016 ], [ 402704.984740590036381, 3781280.569684638641775 ], [ 402704.679552390647586, 3781280.874872838146985 ], [ 402704.679552390647586, 3781281.180061037652194 ], [ 402704.374364191258792, 3781281.180061037652194 ], [ 402704.069175991869997, 3781281.485249237157404 ], [ 402700.406917599204462, 3781281.485249237157404 ] ] ] } },
{ "type": "Feature", "properties": { "confidence": 0.91170036792755127, "class": 1, "regularized": null }, "geometry": { "type": "Polygon", "coordinates": [ [ [ 402828.891149542236235, 3781650.152594099752605 ], [ 402828.58596134284744, 3781649.847405900247395 ], [ 402827.975584944069851, 3781649.847405900247395 ], [ 402827.670396744681057, 3781649.542217700742185 ], [ 402827.670396744681057, 3781649.237029501702636 ], [ 402827.365208545292262, 3781648.931841302197427 ], [ 402827.365208545292262, 3781646.79552390659228 ], [ 402827.060020345903467, 3781646.49033570708707 ], [ 402827.060020345903467, 3781644.964394710026681 ], [ 402826.754832146514673, 3781644.659206510521472 ], [ 402826.754832146514673, 3781641.912512716371566 ], [ 402827.060020345903467, 3781641.607324516866356 ], [ 402827.670396744681057, 3781641.607324516866356 ], [ 402827.975584944069851, 3781641.302136317361146 ], [ 402828.280773143458646, 3781641.302136317361146 ], [ 402828.58596134284744, 3781640.996948117855936 ], [ 402829.19633774162503, 3781640.996948117855936 ], [ 402829.806714140402619, 3781640.386571719311178 ], [ 402830.111902339791413, 3781640.386571719311178 ], [ 402830.417090539180208, 3781640.081383519805968 ], [ 402831.027466937957797, 3781640.081383519805968 ], [ 402831.943031536124181, 3781640.996948117855936 ], [ 402831.943031536124181, 3781641.912512716371566 ], [ 402832.248219735512976, 3781642.217700915411115 ], [ 402832.248219735512976, 3781643.438453712966293 ], [ 402832.55340793490177, 3781643.743641912471503 ], [ 402832.55340793490177, 3781645.87995930807665 ], [ 402832.248219735512976, 3781646.18514750758186 ], [ 402832.248219735512976, 3781647.711088504642248 ], [ 402831.943031536124181, 3781648.016276704147458 ], [ 402831.943031536124181, 3781648.626653102692217 ], [ 402831.637843336735386, 3781648.931841302197427 ], [ 402831.637843336735386, 3781649.237029501702636 ], [ 402831.332655137346592, 3781649.542217700742185 ], [ 402830.722278738569003, 3781649.542217700742185 ], [ 402830.417090539180208, 3781649.847405900247395 ], [ 402829.19633774162503, 3781649.847405900247395 ], [ 402828.891149542236235, 3781650.152594099752605 ] ] ] } },
{ "type": "Feature", "properties": { "confidence": 0.91144925355911255, "class": 1, "regularized": null }, "geometry": { "type": "Polygon", "coordinates": [ [ [ 402774.872838250244968, 3781310.172939979471266 ], [ 402774.567650050856173, 3781309.867751780431718 ], [ 402773.346897253300995, 3781309.867751780431718 ], [ 402773.0417090539122, 3781309.562563580926508 ], [ 402772.736520854523405, 3781309.562563580926508 ], [ 402772.736520854523405, 3781309.257375381421298 ], [ 402772.431332655134611, 3781308.952187181916088 ], [ 402772.431332655134611, 3781308.341810783371329 ], [ 402772.126144455745816, 3781308.036622583866119 ], [ 402772.126144455745816, 3781307.426246185321361 ], [ 402771.820956256357022, 3781307.121057985816151 ], [ 402771.820956256357022, 3781306.510681586805731 ], [ 402771.515768056968227, 3781306.205493387766182 ], [ 402771.515768056968227, 3781305.289928789250553 ], [ 402771.210579857579432, 3781304.984740590211004 ], [ 402771.210579857579432, 3781302.848423194140196 ], [ 402771.515768056968227, 3781302.543234995100647 ], [ 402778.229908443521708, 3781302.543234995100647 ], [ 402778.535096642910503, 3781302.848423194140196 ], [ 402778.840284842299297, 3781302.848423194140196 ], [ 402778.840284842299297, 3781303.153611393645406 ], [ 402779.145473041688092, 3781303.458799593150616 ], [ 402779.145473041688092, 3781304.374364191200584 ], [ 402779.450661241076887, 3781304.679552390705794 ], [ 402779.450661241076887, 3781305.595116988755763 ], [ 402779.755849440465681, 3781305.900305188260972 ], [ 402779.755849440465681, 3781306.205493387766182 ], [ 402780.061037639854476, 3781306.510681586805731 ], [ 402780.061037639854476, 3781307.121057985816151 ], [ 402780.36622583924327, 3781307.426246185321361 ], [ 402780.36622583924327, 3781308.646998982876539 ], [ 402780.671414038632065, 3781308.952187181916088 ], [ 402780.36622583924327, 3781309.257375381421298 ], [ 402780.36622583924327, 3781309.562563580926508 ], [ 402780.061037639854476, 3781309.867751780431718 ], [ 402778.229908443521708, 3781309.867751780431718 ], [ 402777.924720244132914, 3781310.172939979471266 ], [ 402774.872838250244968, 3781310.172939979471266 ] ] ] } },
{ "type": "Feature", "properties": { "confidence": 0.90261238813400269, "class": 1, "regularized": null }, "geometry": { "type": "Polygon", "coordinates": [ [ [ 402707.426246185146738, 3781260.427263479214162 ], [ 402707.121057985757943, 3781260.122075279708952 ], [ 402706.510681586980354, 3781260.122075279708952 ], [ 402706.205493387591559, 3781259.816887080203742 ], [ 402705.289928789425176, 3781259.816887080203742 ], [ 402704.984740590036381, 3781259.511698881164193 ], [ 402704.374364191258792, 3781259.511698881164193 ], [ 402703.763987792481203, 3781258.901322482153773 ], [ 402703.458799593092408, 3781258.901322482153773 ], [ 402703.458799593092408, 3781258.596134282648563 ], [ 402702.848423194314819, 3781257.985757884103805 ], [ 402702.848423194314819, 3781257.375381485093385 ], [ 402703.153611393703613, 3781257.070193286053836 ], [ 402703.153611393703613, 3781256.765005086548626 ], [ 402703.763987792481203, 3781256.154628687538207 ], [ 402704.069175991869997, 3781256.154628687538207 ], [ 402705.900305188202765, 3781254.32349949143827 ], [ 402705.900305188202765, 3781254.01831129193306 ], [ 402708.036622583924327, 3781251.881993896327913 ], [ 402710.172939979645889, 3781251.881993896327913 ], [ 402710.172939979645889, 3781254.933875889983028 ], [ 402710.478128179034684, 3781255.239064089488238 ], [ 402710.478128179034684, 3781257.985757884103805 ], [ 402710.172939979645889, 3781258.290946083609015 ], [ 402710.172939979645889, 3781258.901322482153773 ], [ 402709.867751780257095, 3781258.901322482153773 ], [ 402709.5625635808683, 3781259.206510681658983 ], [ 402709.5625635808683, 3781259.511698881164193 ], [ 402708.952187182090711, 3781260.122075279708952 ], [ 402708.341810783313122, 3781260.122075279708952 ], [ 402708.036622583924327, 3781260.427263479214162 ], [ 402707.426246185146738, 3781260.427263479214162 ] ] ] } },
{ "type": "Feature", "properties": { "confidence": 0.8943634033203125, "class": 1, "regularized": null }, "geometry": { "type": "Polygon", "coordinates": [ [ [ 402834.994913530012127, 3781301.017293998040259 ], [ 402834.994913530012127, 3781292.47202441515401 ], [ 402837.741607324511278, 3781292.47202441515401 ], [ 402837.741607324511278, 3781293.387589013203979 ], [ 402838.046795523900073, 3781293.692777212709188 ], [ 402838.046795523900073, 3781294.913530010264367 ], [ 402838.351983723288868, 3781295.218718209769577 ], [ 402838.351983723288868, 3781299.186164801474661 ], [ 402838.046795523900073, 3781299.491353000979871 ], [ 402838.046795523900073, 3781299.79654120048508 ], [ 402837.131230925733689, 3781300.712105798535049 ], [ 402836.5208545269561, 3781300.712105798535049 ], [ 402836.215666327567305, 3781301.017293998040259 ], [ 402834.994913530012127, 3781301.017293998040259 ] ] ] } },
{ "type": "Feature", "properties": { "confidence": 0.89321404695510864, "class": 1, "regularized": null }, "geometry": { "type": "Polygon", "coordinates": [ [ [ 402918.311291963385884, 3781438.04679552372545 ], [ 402918.006103763997089, 3781437.741607324685901 ], [ 402918.006103763997089, 3781434.384537131059915 ], [ 402918.311291963385884, 3781434.384537131059915 ], [ 402918.616480162774678, 3781434.079348932020366 ], [ 402927.466937945049722, 3781434.079348932020366 ], [ 402927.466937945049722, 3781434.384537131059915 ], [ 402927.772126144438516, 3781434.689725330565125 ], [ 402927.772126144438516, 3781434.994913530070335 ], [ 402928.077314343827311, 3781435.300101729575545 ], [ 402928.077314343827311, 3781437.436419125180691 ], [ 402927.772126144438516, 3781437.436419125180691 ], [ 402927.466937945049722, 3781437.741607324685901 ], [ 402926.856561546272133, 3781437.741607324685901 ], [ 402926.551373346883338, 3781438.04679552372545 ], [ 402924.72024415055057, 3781438.04679552372545 ], [ 402924.415055951161776, 3781437.741607324685901 ], [ 402921.36317395727383, 3781437.741607324685901 ], [ 402921.057985757885035, 3781438.04679552372545 ], [ 402918.311291963385884, 3781438.04679552372545 ] ] ] } },
{ "type": "Feature", "properties": { "confidence": 0.89253991842269897, "class": 1, "regularized": null }, "geometry": { "type": "Polygon", "coordinates": [ [ [ 402769.379450661246665, 3781786.571719226893038 ], [ 402769.07426246185787, 3781786.266531027387828 ], [ 402768.463886063080281, 3781786.266531027387828 ], [ 402767.853509664302692, 3781785.656154628843069 ], [ 402767.548321464913897, 3781785.656154628843069 ], [ 402767.243133265525103, 3781785.350966429337859 ], [ 402766.632756866747513, 3781785.350966429337859 ], [ 402766.327568667358719, 3781785.045778229832649 ], [ 402765.71719226858113, 3781785.045778229832649 ], [ 402765.412004069192335, 3781784.740590030327439 ], [ 402765.10681586980354, 3781784.740590030327439 ], [ 402764.801627670414746, 3781784.435401831287891 ], [ 402764.496439471025951, 3781784.435401831287891 ], [ 402763.580874872859567, 3781783.519837232772261 ], [ 402763.580874872859567, 3781783.214649033732712 ], [ 402763.275686673470773, 3781782.909460834227502 ], [ 402763.275686673470773, 3781780.467955239117146 ], [ 402763.580874872859567, 3781780.162767039611936 ], [ 402763.886063072248362, 3781780.162767039611936 ], [ 402764.191251271637157, 3781779.857578840106726 ], [ 402765.10681586980354, 3781779.857578840106726 ], [ 402765.412004069192335, 3781779.552390641067177 ], [ 402765.71719226858113, 3781779.552390641067177 ], [ 402766.022380467969924, 3781779.247202441561967 ], [ 402766.022380467969924, 3781778.942014242056757 ], [ 402767.243133265525103, 3781778.942014242056757 ], [ 402767.243133265525103, 3781779.247202441561967 ], [ 402767.548321464913897, 3781779.552390641067177 ], [ 402768.463886063080281, 3781779.552390641067177 ], [ 402768.769074262469076, 3781779.857578840106726 ], [ 402769.379450661246665, 3781779.857578840106726 ], [ 402769.684638860635459, 3781780.162767039611936 ], [ 402770.295015259413049, 3781780.162767039611936 ], [ 402770.905391658190638, 3781780.773143438622355 ], [ 402771.210579857579432, 3781780.773143438622355 ], [ 402771.820956256357022, 3781781.383519837167114 ], [ 402772.126144455745816, 3781781.383519837167114 ], [ 402772.126144455745816, 3781781.993896236177534 ], [ 402772.431332655134611, 3781782.299084435217083 ], [ 402772.431332655134611, 3781782.604272634722292 ], [ 402772.126144455745816, 3781782.909460834227502 ], [ 402772.126144455745816, 3781783.519837232772261 ], [ 402771.820956256357022, 3781783.825025432277471 ], [ 402771.820956256357022, 3781784.435401831287891 ], [ 402771.210579857579432, 3781785.045778229832649 ], [ 402771.210579857579432, 3781785.656154628843069 ], [ 402770.905391658190638, 3781785.961342827882618 ], [ 402770.905391658190638, 3781786.266531027387828 ], [ 402770.600203458801843, 3781786.266531027387828 ], [ 402770.295015259413049, 3781786.571719226893038 ], [ 402769.379450661246665, 3781786.571719226893038 ] ] ] } },
{ "type": "Feature", "properties": { "confidence": 0.88936907052993774, "class": 1, "regularized": null }, "geometry": { "type": "Polygon", "coordinates": [ [ [ 402952.797558494377881, 3781486.876907426398247 ], [ 402952.492370294989087, 3781486.571719226893038 ], [ 402952.187182095600292, 3781486.571719226893038 ], [ 402952.187182095600292, 3781483.519837232772261 ], [ 402952.492370294989087, 3781483.214649033732712 ], [ 402952.492370294989087, 3781482.909460834227502 ], [ 402953.102746693766676, 3781482.299084435217083 ], [ 402953.40793489315547, 3781482.299084435217083 ], [ 402954.323499491380062, 3781481.383519837167114 ], [ 402956.459816887101624, 3781481.383519837167114 ], [ 402956.765005086490419, 3781481.078331637661904 ], [ 402956.765005086490419, 3781480.162767039611936 ], [ 402958.901322482211981, 3781480.162767039611936 ], [ 402958.901322482211981, 3781480.467955239117146 ], [ 402958.596134282823186, 3781480.773143438622355 ], [ 402958.596134282823186, 3781486.266531027387828 ], [ 402958.290946083434392, 3781486.571719226893038 ], [ 402956.765005086490419, 3781486.571719226893038 ], [ 402956.459816887101624, 3781486.876907426398247 ], [ 402952.797558494377881, 3781486.876907426398247 ] ] ] } },
{ "type": "Feature", "properties": { "confidence": 0.88858318328857422, "class": 1, "regularized": null }, "geometry": { "type": "Polygon", "coordinates": [ [ [ 402719.938962360145524, 3781348.626653102692217 ], [ 402719.63377416075673, 3781348.321464903187007 ], [ 402719.02339776197914, 3781348.321464903187007 ], [ 402718.413021363201551, 3781347.711088504642248 ], [ 402718.107833163812757, 3781347.711088504642248 ], [ 402718.107833163812757, 3781344.659206510521472 ], [ 402718.413021363201551, 3781344.354018311481923 ], [ 402718.413021363201551, 3781341.302136317361146 ], [ 402718.107833163812757, 3781340.996948117855936 ], [ 402718.107833163812757, 3781337.945066124200821 ], [ 402718.413021363201551, 3781337.639877924695611 ], [ 402718.413021363201551, 3781337.334689725190401 ], [ 402718.718209562590346, 3781337.029501526150852 ], [ 402718.718209562590346, 3781335.503560529090464 ], [ 402719.02339776197914, 3781335.198372329585254 ], [ 402719.02339776197914, 3781334.893184130080044 ], [ 402720.854526958311908, 3781334.893184130080044 ], [ 402721.464903357089497, 3781335.503560529090464 ], [ 402722.99084435403347, 3781335.503560529090464 ], [ 402723.296032553422265, 3781335.808748728595674 ], [ 402723.296032553422265, 3781337.334689725190401 ], [ 402722.99084435403347, 3781337.639877924695611 ], [ 402722.99084435403347, 3781341.607324516866356 ], [ 402722.685656154644676, 3781341.912512716371566 ], [ 402722.685656154644676, 3781342.828077314421535 ], [ 402722.380467955255881, 3781343.133265513926744 ], [ 402722.380467955255881, 3781343.743641912471503 ], [ 402722.685656154644676, 3781344.048830111976713 ], [ 402722.685656154644676, 3781346.49033570708707 ], [ 402722.380467955255881, 3781346.79552390659228 ], [ 402722.380467955255881, 3781347.100712105631828 ], [ 402722.075279755867086, 3781347.405900305137038 ], [ 402722.075279755867086, 3781347.711088504642248 ], [ 402721.464903357089497, 3781348.321464903187007 ], [ 402721.464903357089497, 3781348.626653102692217 ], [ 402719.938962360145524, 3781348.626653102692217 ] ] ] } },
{ "type": "Feature", "properties": { "confidence": 0.88704127073287964, "class": 1, "regularized": null }, "geometry": { "type": "Polygon", "coordinates": [ [ [ 402703.763987792481203, 3781248.219735503662378 ], [ 402703.458799593092408, 3781247.914547304157168 ], [ 402702.848423194314819, 3781247.914547304157168 ], [ 402702.848423194314819, 3781247.609359104651958 ], [ 402702.543234994926024, 3781247.304170905612409 ], [ 402702.543234994926024, 3781246.388606307096779 ], [ 402702.848423194314819, 3781246.083418108057231 ], [ 402702.848423194314819, 3781245.473041709046811 ], [ 402703.153611393703613, 3781245.167853509541601 ], [ 402703.153611393703613, 3781243.947100711986423 ], [ 402703.458799593092408, 3781243.641912512946874 ], [ 402703.458799593092408, 3781243.336724313441664 ], [ 402705.289928789425176, 3781243.336724313441664 ], [ 402705.59511698881397, 3781243.641912512946874 ], [ 402711.393692777201068, 3781243.641912512946874 ], [ 402711.698880976589862, 3781243.947100711986423 ], [ 402712.004069175978657, 3781243.947100711986423 ], [ 402712.004069175978657, 3781245.473041709046811 ], [ 402711.698880976589862, 3781245.778229908552021 ], [ 402711.698880976589862, 3781247.914547304157168 ], [ 402711.393692777201068, 3781248.219735503662378 ], [ 402703.763987792481203, 3781248.219735503662378 ] ] ] } },
{ "type": "Feature", "properties": { "confidence": 0.88670217990875244, "class": 1, "regularized": null }, "geometry": { "type": "Polygon", "coordinates": [ [ [ 402721.464903357089497, 3781692.268565615639091 ], [ 402721.159715157700703, 3781691.963377416133881 ], [ 402720.854526958311908, 3781691.963377416133881 ], [ 402720.854526958311908, 3781691.658189216628671 ], [ 402721.159715157700703, 3781691.353001017123461 ], [ 402721.159715157700703, 3781688.606307222973555 ], [ 402721.464903357089497, 3781688.301119023468345 ], [ 402721.464903357089497, 3781687.995930823963135 ], [ 402721.770091556478292, 3781687.690742624457926 ], [ 402725.737538148532622, 3781687.690742624457926 ], [ 402726.042726347921416, 3781687.995930823963135 ], [ 402726.347914547310211, 3781687.995930823963135 ], [ 402726.9582909460878, 3781688.606307222973555 ], [ 402727.263479145476595, 3781688.606307222973555 ], [ 402727.568667344865389, 3781688.911495422013104 ], [ 402727.873855544254184, 3781688.911495422013104 ], [ 402728.484231943031773, 3781689.521871821023524 ], [ 402728.484231943031773, 3781690.742624618578702 ], [ 402728.789420142420568, 3781691.047812818083912 ], [ 402728.789420142420568, 3781691.658189216628671 ], [ 402728.484231943031773, 3781691.963377416133881 ], [ 402727.263479145476595, 3781691.963377416133881 ], [ 402726.9582909460878, 3781692.268565615639091 ], [ 402721.464903357089497, 3781692.268565615639091 ] ] ] } },
{ "type": "Feature", "properties": { "confidence": 0.88051062822341919, "class": 1, "regularized": null }, "geometry": { "type": "Polygon", "coordinates": [ [ [ 402852.695829094620422, 3781614.140386571642011 ], [ 402852.390640895231627, 3781613.835198372136801 ], [ 402849.338758901343681, 3781613.835198372136801 ], [ 402849.033570701954886, 3781613.530010173097253 ], [ 402848.728382502566092, 3781613.530010173097253 ], [ 402848.423194303177297, 3781613.224821973592043 ], [ 402848.423194303177297, 3781612.919633774086833 ], [ 402848.118006103788503, 3781612.614445574581623 ], [ 402848.118006103788503, 3781611.698880976531655 ], [ 402847.507629705010913, 3781611.088504577986896 ], [ 402847.202441505622119, 3781611.088504577986896 ], [ 402846.59206510684453, 3781610.478128178976476 ], [ 402846.59206510684453, 3781610.172939979471266 ], [ 402846.286876907397527, 3781609.867751780431718 ], [ 402846.286876907397527, 3781606.510681586805731 ], [ 402846.59206510684453, 3781606.205493387766182 ], [ 402849.338758901343681, 3781606.205493387766182 ], [ 402849.643947100732476, 3781606.510681586805731 ], [ 402853.9165818921756, 3781606.510681586805731 ], [ 402853.9165818921756, 3781608.036622583866119 ], [ 402854.221770091564395, 3781608.341810783371329 ], [ 402854.526958290953189, 3781608.341810783371329 ], [ 402854.832146490341984, 3781608.646998982876539 ], [ 402854.832146490341984, 3781609.257375381421298 ], [ 402855.137334689730778, 3781609.562563580926508 ], [ 402855.137334689730778, 3781612.309257375542074 ], [ 402855.442522889119573, 3781612.614445574581623 ], [ 402855.442522889119573, 3781613.835198372136801 ], [ 402855.137334689730778, 3781613.835198372136801 ], [ 402854.832146490341984, 3781614.140386571642011 ], [ 402852.695829094620422, 3781614.140386571642011 ] ] ] } },
{ "type": "Feature", "properties": { "confidence": 0.87928909063339233, "class": 1, "regularized": null }, "geometry": { "type": "Polygon", "coordinates": [ [ [ 402736.724313326529227, 3781559.816887080203742 ], [ 402736.419125127140433, 3781559.511698881164193 ], [ 402735.198372329585254, 3781559.511698881164193 ], [ 402734.587995930807665, 3781558.901322482153773 ], [ 402734.587995930807665, 3781554.01831129193306 ], [ 402734.28280773141887, 3781553.71312309242785 ], [ 402734.28280773141887, 3781553.102746693883091 ], [ 402733.977619532030076, 3781552.797558494377881 ], [ 402733.977619532030076, 3781551.576805696822703 ], [ 402734.587995930807665, 3781550.966429298277944 ], [ 402739.776195320475381, 3781550.966429298277944 ], [ 402739.776195320475381, 3781551.271617497317493 ], [ 402740.081383519864175, 3781551.576805696822703 ], [ 402740.081383519864175, 3781553.102746693883091 ], [ 402740.38657171925297, 3781553.407934893388301 ], [ 402740.38657171925297, 3781555.239064089488238 ], [ 402740.691759918641765, 3781555.544252288993448 ], [ 402740.691759918641765, 3781556.459816887043417 ], [ 402740.996948118030559, 3781556.765005086548626 ], [ 402740.996948118030559, 3781557.375381485093385 ], [ 402741.302136317419354, 3781557.680569684598595 ], [ 402741.302136317419354, 3781558.596134282648563 ], [ 402740.38657171925297, 3781559.511698881164193 ], [ 402737.029501525918022, 3781559.511698881164193 ], [ 402736.724313326529227, 3781559.816887080203742 ] ] ] } },
{ "type": "Feature", "properties": { "confidence": 0.87534976005554199, "class": 1, "regularized": null }, "geometry": { "type": "Polygon", "coordinates": [ [ [ 402987.589013224816881, 3781435.605289928615093 ], [ 402987.283825025428087, 3781435.300101729575545 ], [ 402987.283825025428087, 3781432.553407934959978 ], [ 402986.978636826039292, 3781432.248219735454768 ], [ 402986.978636826039292, 3781428.891149542294443 ], [ 402987.283825025428087, 3781428.585961342789233 ], [ 402987.283825025428087, 3781428.280773143284023 ], [ 402987.589013224816881, 3781428.280773143284023 ], [ 402987.894201424205676, 3781427.975584944244474 ], [ 402990.335707019316033, 3781427.975584944244474 ], [ 402990.335707019316033, 3781435.605289928615093 ], [ 402987.589013224816881, 3781435.605289928615093 ] ] ] } },
{ "type": "Feature", "properties": { "confidence": 0.86769860982894897, "class": 1, "regularized": null }, "geometry": { "type": "Polygon", "coordinates": [ [ [ 403041.912512716196943, 3781467.039674466010183 ], [ 403041.607324516808148, 3781466.734486266504973 ], [ 403038.2502543234732, 3781466.734486266504973 ], [ 403038.2502543234732, 3781463.987792471889406 ], [ 403038.555442522861995, 3781463.682604272849858 ], [ 403038.555442522861995, 3781463.377416073344648 ], [ 403038.860630722250789, 3781463.072227873839438 ], [ 403038.860630722250789, 3781460.935910478234291 ], [ 403039.471007121086586, 3781460.325534079223871 ], [ 403042.522889114974532, 3781460.325534079223871 ], [ 403042.828077314363327, 3781460.630722278729081 ], [ 403042.828077314363327, 3781461.241098677739501 ], [ 403043.133265513752121, 3781461.54628687677905 ], [ 403043.438453713140916, 3781461.54628687677905 ], [ 403044.048830111918505, 3781462.156663275789469 ], [ 403044.964394710084889, 3781462.156663275789469 ], [ 403045.269582909473684, 3781462.461851475294679 ], [ 403045.269582909473684, 3781463.987792471889406 ], [ 403045.574771108862478, 3781464.292980671394616 ], [ 403045.574771108862478, 3781466.734486266504973 ], [ 403042.217700915585738, 3781466.734486266504973 ], [ 403041.912512716196943, 3781467.039674466010183 ] ] ] } },
{ "type": "Feature", "properties": { "confidence": 0.86700439453125, "class": 1, "regularized": null }, "geometry": { "type": "Polygon", "coordinates": [ [ [ 402818.209562563570216, 3781346.79552390659228 ], [ 402817.904374364181422, 3781346.49033570708707 ], [ 402816.378433367237449, 3781346.49033570708707 ], [ 402815.15768056968227, 3781345.269582909531891 ], [ 402815.15768056968227, 3781341.607324516866356 ], [ 402815.462868769071065, 3781341.302136317361146 ], [ 402815.462868769071065, 3781340.996948117855936 ], [ 402815.768056968459859, 3781340.691759918816388 ], [ 402816.683621566626243, 3781340.691759918816388 ], [ 402816.988809766015038, 3781340.996948117855936 ], [ 402818.514750762959011, 3781340.996948117855936 ], [ 402818.819938962347806, 3781340.691759918816388 ], [ 402822.787385554402135, 3781340.691759918816388 ], [ 402823.09257375379093, 3781340.996948117855936 ], [ 402823.09257375379093, 3781341.912512716371566 ], [ 402823.397761953179725, 3781342.217700915411115 ], [ 402823.397761953179725, 3781343.743641912471503 ], [ 402823.09257375379093, 3781344.048830111976713 ], [ 402823.09257375379093, 3781344.354018311481923 ], [ 402822.787385554402135, 3781344.659206510521472 ], [ 402822.787385554402135, 3781344.964394710026681 ], [ 402822.177009155624546, 3781345.574771109037101 ], [ 402822.177009155624546, 3781345.87995930807665 ], [ 402821.871820956235752, 3781345.87995930807665 ], [ 402821.566632756846957, 3781346.18514750758186 ], [ 402821.566632756846957, 3781346.49033570708707 ], [ 402820.345879959291779, 3781346.49033570708707 ], [ 402820.040691759902984, 3781346.79552390659228 ], [ 402818.209562563570216, 3781346.79552390659228 ] ] ] } },
{ "type": "Feature", "properties": { "confidence": 0.85970544815063477, "class": 1, "regularized": null }, "geometry": { "type": "Polygon", "coordinates": [ [ [ 402796.236012207518797, 3781456.052899288013577 ], [ 402795.930824008130003, 3781455.747711088508368 ], [ 402795.625635808741208, 3781455.747711088508368 ], [ 402795.320447609352414, 3781455.442522889003158 ], [ 402795.320447609352414, 3781453.611393692903221 ], [ 402795.625635808741208, 3781453.306205493398011 ], [ 402795.625635808741208, 3781452.695829094387591 ], [ 402795.930824008130003, 3781452.390640895348042 ], [ 402795.930824008130003, 3781452.085452695842832 ], [ 402796.846388606296387, 3781451.169888097792864 ], [ 402796.846388606296387, 3781450.864699898287654 ], [ 402798.37232960324036, 3781449.338758901227266 ], [ 402798.982706002017949, 3781449.338758901227266 ], [ 402799.287894201406743, 3781449.033570701722056 ], [ 402801.119023397739511, 3781449.033570701722056 ], [ 402801.424211597128306, 3781449.338758901227266 ], [ 402801.424211597128306, 3781449.643947100732476 ], [ 402801.7293997965171, 3781449.949135300237685 ], [ 402801.7293997965171, 3781450.254323499277234 ], [ 402802.034587995905895, 3781450.559511698782444 ], [ 402802.034587995905895, 3781451.780264496337622 ], [ 402801.7293997965171, 3781452.085452695842832 ], [ 402801.7293997965171, 3781452.390640895348042 ], [ 402801.424211597128306, 3781452.695829094387591 ], [ 402801.424211597128306, 3781453.001017293892801 ], [ 402800.813835198350716, 3781453.611393692903221 ], [ 402800.813835198350716, 3781454.221770091447979 ], [ 402799.898270600184333, 3781455.137334689497948 ], [ 402799.898270600184333, 3781455.442522889003158 ], [ 402799.287894201406743, 3781456.052899288013577 ], [ 402796.236012207518797, 3781456.052899288013577 ] ] ] } },
{ "type": "Feature", "properties": { "confidence": 0.85571843385696411, "class": 1, "regularized": "rectangle" }, "geometry": { "type": "Polygon", "coordinates": [ [ [ 402787.375, 3781295.5 ], [ 402800.5, 3781295.5 ], [ 402800.5, 3781306.5 ], [ 402787.375, 3781306.5 ], [ 402787.375, 3781295.5 ] ] ] } },
{ "type": "Feature", "properties": { "confidence": 0.85291463136672974, "class": 1, "regularized": "rectangle" }, "geometry": { "type": "Polygon", "coordinates": [ [ [ 402903.09375, 3781340.0 ], [ 402911.59375, 3781340.0 ], [ 402911.59375, 3781356.0 ], [ 402903.09375, 3781356.0 ], [ 402903.09375, 3781340.0 ] ] ] } },
{ "type": "Feature", "properties": { "confidence": 0.84846454858779907, "class": 1, "regularized": null }, "geometry": { "type": "Polygon", "coordinates": [ [ [ 402794.40488301118603, 3781381.892166836187243 ], [ 402794.099694811797235, 3781381.586978636682034 ], [ 402792.878942014242057, 3781381.586978636682034 ], [ 402792.573753814853262, 3781381.281790437642485 ], [ 402792.268565615464468, 3781381.281790437642485 ], [ 402791.963377416075673, 3781380.976602238137275 ], [ 402791.963377416075673, 3781380.671414038632065 ], [ 402791.353001017298084, 3781380.061037640087306 ], [ 402791.353001017298084, 3781377.00915564596653 ], [ 402791.047812817909289, 3781376.70396744646132 ], [ 402791.353001017298084, 3781376.398779247421771 ], [ 402791.353001017298084, 3781376.093591047916561 ], [ 402791.963377416075673, 3781376.093591047916561 ], [ 402792.268565615464468, 3781375.788402848411351 ], [ 402795.320447609352414, 3781375.788402848411351 ], [ 402795.625635808741208, 3781375.483214648906142 ], [ 402797.76195320446277, 3781375.483214648906142 ], [ 402798.067141403851565, 3781375.788402848411351 ], [ 402798.067141403851565, 3781376.093591047916561 ], [ 402798.37232960324036, 3781376.398779247421771 ], [ 402798.37232960324036, 3781377.00915564596653 ], [ 402798.677517802629154, 3781377.31434384547174 ], [ 402798.677517802629154, 3781380.061037640087306 ], [ 402798.37232960324036, 3781380.366225839126855 ], [ 402798.37232960324036, 3781380.671414038632065 ], [ 402797.76195320446277, 3781381.281790437642485 ], [ 402797.456765005073976, 3781381.281790437642485 ], [ 402797.151576805685181, 3781381.586978636682034 ], [ 402795.930824008130003, 3781381.586978636682034 ], [ 402795.625635808741208, 3781381.892166836187243 ], [ 402794.40488301118603, 3781381.892166836187243 ] ] ] } },
{ "type": "Feature", "properties": { "confidence": 0.84823071956634521, "class": 1, "regularized": null }, "geometry": { "type": "Polygon", "coordinates": [ [ [ 402731.536113936919719, 3781724.313326551578939 ], [ 402731.230925737530924, 3781724.008138352073729 ], [ 402728.179043743642978, 3781724.008138352073729 ], [ 402727.873855544254184, 3781723.702950152568519 ], [ 402726.347914547310211, 3781723.702950152568519 ], [ 402726.042726347921416, 3781724.008138352073729 ], [ 402722.99084435403347, 3781724.008138352073729 ], [ 402722.685656154644676, 3781723.702950152568519 ], [ 402722.380467955255881, 3781723.702950152568519 ], [ 402722.380467955255881, 3781722.482197355013341 ], [ 402722.685656154644676, 3781722.177009155508131 ], [ 402722.685656154644676, 3781721.871820956468582 ], [ 402722.99084435403347, 3781721.566632756963372 ], [ 402722.99084435403347, 3781719.735503560397774 ], [ 402723.601220752811059, 3781719.125127161853015 ], [ 402725.737538148532622, 3781719.125127161853015 ], [ 402726.042726347921416, 3781719.430315361358225 ], [ 402728.484231943031773, 3781719.430315361358225 ], [ 402728.789420142420568, 3781719.125127161853015 ], [ 402730.620549338753335, 3781719.125127161853015 ], [ 402730.92573753814213, 3781718.819938962347806 ], [ 402732.451678535086103, 3781718.819938962347806 ], [ 402732.756866734474897, 3781718.514750762842596 ], [ 402735.198372329585254, 3781718.514750762842596 ], [ 402735.198372329585254, 3781719.125127161853015 ], [ 402734.89318413019646, 3781719.430315361358225 ], [ 402734.89318413019646, 3781720.651068158913404 ], [ 402734.587995930807665, 3781720.956256357952952 ], [ 402734.587995930807665, 3781721.261444557458162 ], [ 402734.28280773141887, 3781721.566632756963372 ], [ 402734.28280773141887, 3781723.092573754023761 ], [ 402733.367243133252487, 3781724.008138352073729 ], [ 402732.451678535086103, 3781724.008138352073729 ], [ 402732.146490335697308, 3781724.313326551578939 ], [ 402731.536113936919719, 3781724.313326551578939 ] ] ] } },
{ "type": "Feature", "properties": { "confidence": 0.84677016735076904, "class": 1, "regularized": null }, "geometry": { "type": "Polygon", "coordinates": [ [ [ 402919.532044760941062, 3781529.603255340829492 ], [ 402918.921668362163473, 3781528.992878941819072 ], [ 402918.921668362163473, 3781528.382502543274313 ], [ 402918.616480162774678, 3781528.077314343769103 ], [ 402918.616480162774678, 3781526.856561546213925 ], [ 402922.889114954217803, 3781526.856561546213925 ], [ 402922.889114954217803, 3781527.161749745719135 ], [ 402923.194303153606597, 3781527.466937945224345 ], [ 402923.499491352995392, 3781527.466937945224345 ], [ 402922.889114954217803, 3781528.077314343769103 ], [ 402922.889114954217803, 3781528.382502543274313 ], [ 402922.583926754829008, 3781528.687690742779523 ], [ 402922.583926754829008, 3781528.992878941819072 ], [ 402922.278738555440214, 3781528.992878941819072 ], [ 402921.973550356051419, 3781529.298067141324282 ], [ 402921.668362156662624, 3781529.298067141324282 ], [ 402921.36317395727383, 3781529.603255340829492 ], [ 402919.532044760941062, 3781529.603255340829492 ] ] ] } },
{ "type": "Feature", "properties": { "confidence": 0.84481054544448853, "class": 1, "regularized": null }, "geometry": { "type": "Polygon", "coordinates": [ [ [ 402611.902339776221197, 3781619.328585961367935 ], [ 402611.597151576832402, 3781619.023397761862725 ], [ 402611.597151576832402, 3781616.276703967247158 ], [ 402616.174974567664322, 3781616.276703967247158 ], [ 402616.480162767053116, 3781616.581892166752368 ], [ 402616.480162767053116, 3781619.328585961367935 ], [ 402611.902339776221197, 3781619.328585961367935 ] ] ] } },
{ "type": "Feature", "properties": { "confidence": 0.84361660480499268, "class": 1, "regularized": null }, "geometry": { "type": "Polygon", "coordinates": [ [ [ 402892.370295015280135, 3781497.863682604394853 ], [ 402892.06510681589134, 3781497.558494404889643 ], [ 402890.844354018336162, 3781497.558494404889643 ], [ 402890.539165818947367, 3781497.253306205384433 ], [ 402888.097660223778803, 3781497.253306205384433 ], [ 402887.792472024390008, 3781496.948118005879223 ], [ 402886.57171922683483, 3781496.948118005879223 ], [ 402886.266531027446035, 3781496.642929806839675 ], [ 402885.961342828057241, 3781496.642929806839675 ], [ 402885.961342828057241, 3781496.032553407829255 ], [ 402885.656154628668446, 3781495.727365208324045 ], [ 402885.656154628668446, 3781493.285859613213688 ], [ 402885.961342828057241, 3781492.980671414174139 ], [ 402885.961342828057241, 3781491.454730417113751 ], [ 402886.266531027446035, 3781491.149542217608541 ], [ 402886.266531027446035, 3781490.233977619558573 ], [ 402889.318413021392189, 3781490.233977619558573 ], [ 402889.623601220780984, 3781490.539165819063783 ], [ 402890.539165818947367, 3781490.539165819063783 ], [ 402890.844354018336162, 3781490.844354018103331 ], [ 402891.149542217724957, 3781490.844354018103331 ], [ 402891.454730417113751, 3781491.149542217608541 ], [ 402892.370295015280135, 3781491.149542217608541 ], [ 402892.67548321466893, 3781491.454730417113751 ], [ 402894.201424211612903, 3781491.454730417113751 ], [ 402894.506612411001697, 3781491.149542217608541 ], [ 402894.506612411001697, 3781490.539165819063783 ], [ 402894.811800610390492, 3781490.233977619558573 ], [ 402898.168870803667232, 3781490.233977619558573 ], [ 402898.168870803667232, 3781490.539165819063783 ], [ 402898.779247202444822, 3781491.149542217608541 ], [ 402898.474059003056027, 3781491.454730417113751 ], [ 402898.474059003056027, 3781492.37029501516372 ], [ 402898.168870803667232, 3781492.67548321466893 ], [ 402898.168870803667232, 3781492.980671414174139 ], [ 402897.863682604278438, 3781493.285859613213688 ], [ 402897.863682604278438, 3781493.591047812718898 ], [ 402897.558494404889643, 3781493.591047812718898 ], [ 402896.948118006112054, 3781494.201424211729318 ], [ 402896.948118006112054, 3781494.506612410768867 ], [ 402896.642929806723259, 3781494.811800610274076 ], [ 402896.642929806723259, 3781495.116988809779286 ], [ 402896.337741607334465, 3781495.422177009284496 ], [ 402896.337741607334465, 3781496.948118005879223 ], [ 402896.03255340794567, 3781497.253306205384433 ], [ 402895.727365208556876, 3781497.253306205384433 ], [ 402895.116988809779286, 3781497.863682604394853 ], [ 402892.370295015280135, 3781497.863682604394853 ] ] ] } },
{ "type": "Feature", "properties": { "confidence": 0.84234541654586792, "class": 1, "regularized": null }, "geometry": { "type": "Polygon", "coordinates": [ [ [ 402774.872838250244968, 3781660.528992878738791 ], [ 402774.567650050856173, 3781660.223804679699242 ], [ 402773.652085452689789, 3781660.223804679699242 ], [ 402773.346897253300995, 3781659.918616480194032 ], [ 402773.0417090539122, 3781659.918616480194032 ], [ 402772.736520854523405, 3781659.613428280688822 ], [ 402772.736520854523405, 3781659.308240081183612 ], [ 402772.431332655134611, 3781659.003051882144064 ], [ 402772.431332655134611, 3781657.782299084588885 ], [ 402771.820956256357022, 3781657.171922685578465 ], [ 402771.820956256357022, 3781656.256358087528497 ], [ 402771.515768056968227, 3781655.951169888023287 ], [ 402771.820956256357022, 3781655.645981688518077 ], [ 402771.820956256357022, 3781651.373346897307783 ], [ 402772.126144455745816, 3781651.373346897307783 ], [ 402772.431332655134611, 3781651.068158697802573 ], [ 402773.346897253300995, 3781651.068158697802573 ], [ 402773.652085452689789, 3781651.373346897307783 ], [ 402773.957273652078584, 3781651.373346897307783 ], [ 402774.872838250244968, 3781652.288911495357752 ], [ 402775.483214649022557, 3781652.288911495357752 ], [ 402775.788402848411351, 3781652.594099694862962 ], [ 402776.398779247188941, 3781652.594099694862962 ], [ 402776.703967446577735, 3781652.288911495357752 ], [ 402781.586978636798449, 3781652.288911495357752 ], [ 402781.892166836187243, 3781652.594099694862962 ], [ 402783.11291963380063, 3781652.594099694862962 ], [ 402783.418107833189424, 3781652.899287894368172 ], [ 402783.723296032578219, 3781652.899287894368172 ], [ 402783.723296032578219, 3781655.035605289973319 ], [ 402784.028484231967013, 3781655.340793489478528 ], [ 402784.028484231967013, 3781655.951169888023287 ], [ 402784.333672431355808, 3781656.256358087528497 ], [ 402784.333672431355808, 3781657.782299084588885 ], [ 402784.028484231967013, 3781658.087487283628434 ], [ 402783.723296032578219, 3781658.087487283628434 ], [ 402783.418107833189424, 3781658.392675483133644 ], [ 402783.418107833189424, 3781658.697863682638854 ], [ 402783.11291963380063, 3781658.697863682638854 ], [ 402782.197355035634246, 3781659.613428280688822 ], [ 402781.892166836187243, 3781659.613428280688822 ], [ 402781.586978636798449, 3781659.918616480194032 ], [ 402781.281790437409654, 3781659.918616480194032 ], [ 402780.97660223802086, 3781660.223804679699242 ], [ 402779.755849440465681, 3781660.223804679699242 ], [ 402779.450661241076887, 3781660.528992878738791 ], [ 402774.872838250244968, 3781660.528992878738791 ] ] ] } },
{ "type": "Feature", "properties": { "confidence": 0.83981245756149292, "class": 1, "regularized": null }, "geometry": { "type": "Polygon", "coordinates": [ [ [ 403046.795523906417657, 3781277.212614445481449 ], [ 403046.490335707028862, 3781276.907426245976239 ], [ 403044.659206510696094, 3781276.907426245976239 ], [ 403044.3540183113073, 3781276.602238046936691 ], [ 403044.3540183113073, 3781271.719226856715977 ], [ 403044.659206510696094, 3781271.414038657210767 ], [ 403045.269582909473684, 3781271.414038657210767 ], [ 403045.574771108862478, 3781271.108850457705557 ], [ 403060.528992878913414, 3781271.108850457705557 ], [ 403060.223804679524619, 3781271.414038657210767 ], [ 403060.223804679524619, 3781276.297049847431481 ], [ 403060.528992878913414, 3781276.602238046936691 ], [ 403060.223804679524619, 3781276.907426245976239 ], [ 403059.308240081358235, 3781276.907426245976239 ], [ 403059.003051881969441, 3781277.212614445481449 ], [ 403046.795523906417657, 3781277.212614445481449 ] ] ] } },
{ "type": "Feature", "properties": { "confidence": 0.83978009223937988, "class": 1, "regularized": null }, "geometry": { "type": "Polygon", "coordinates": [ [ [ 402653.713123092602473, 3781533.265513733495027 ], [ 402653.40793489315547, 3781532.960325533989817 ], [ 402653.102746693766676, 3781532.960325533989817 ], [ 402652.797558494377881, 3781532.655137334484607 ], [ 402652.492370294989087, 3781532.655137334484607 ], [ 402650.661241098656319, 3781530.82400813838467 ], [ 402650.661241098656319, 3781530.51881993887946 ], [ 402650.356052899267524, 3781530.21363173937425 ], [ 402650.356052899267524, 3781529.603255340829492 ], [ 402650.05086469987873, 3781529.298067141324282 ], [ 402650.05086469987873, 3781526.856561546213925 ], [ 402658.901322482211981, 3781526.856561546213925 ], [ 402658.901322482211981, 3781527.466937945224345 ], [ 402658.596134282823186, 3781527.772126144263893 ], [ 402658.596134282823186, 3781529.603255340829492 ], [ 402658.290946083434392, 3781529.908443540334702 ], [ 402658.290946083434392, 3781530.82400813838467 ], [ 402657.070193285879213, 3781532.044760935939848 ], [ 402656.765005086490419, 3781532.044760935939848 ], [ 402656.459816887101624, 3781532.349949135445058 ], [ 402656.15462868771283, 3781532.349949135445058 ], [ 402655.54425228893524, 3781532.960325533989817 ], [ 402655.239064089546446, 3781532.960325533989817 ], [ 402654.933875890157651, 3781533.265513733495027 ], [ 402653.713123092602473, 3781533.265513733495027 ] ] ] } },
{ "type": "Feature", "properties": { "confidence": 0.83356612920761108, "class": 1, "regularized": null }, "geometry": { "type": "Polygon", "coordinates": [ [ [ 403068.158697863691486, 3781547.304170905612409 ], [ 403067.853509664302692, 3781546.998982706107199 ], [ 403067.548321464913897, 3781546.998982706107199 ], [ 403067.243133265525103, 3781546.693794506601989 ], [ 403067.243133265525103, 3781546.388606307096779 ], [ 403066.937945066136308, 3781546.083418108057231 ], [ 403066.632756866747513, 3781546.083418108057231 ], [ 403066.632756866747513, 3781544.252288911491632 ], [ 403066.327568667358719, 3781543.947100711986423 ], [ 403066.327568667358719, 3781543.336724313441664 ], [ 403066.022380467969924, 3781543.031536113936454 ], [ 403066.022380467969924, 3781538.14852492371574 ], [ 403066.327568667358719, 3781537.843336724210531 ], [ 403069.379450661246665, 3781537.843336724210531 ], [ 403069.989827060024254, 3781538.45371312322095 ], [ 403069.989827060024254, 3781540.284842319320887 ], [ 403070.600203458801843, 3781540.895218718331307 ], [ 403070.600203458801843, 3781541.810783316381276 ], [ 403070.905391658190638, 3781542.115971515886486 ], [ 403070.905391658190638, 3781542.421159714926034 ], [ 403071.515768056968227, 3781543.031536113936454 ], [ 403072.126144455745816, 3781543.031536113936454 ], [ 403072.431332655134611, 3781543.336724313441664 ], [ 403072.431332655134611, 3781543.641912512946874 ], [ 403072.736520854523405, 3781543.947100711986423 ], [ 403072.736520854523405, 3781544.252288911491632 ], [ 403073.0417090539122, 3781544.557477110996842 ], [ 403072.736520854523405, 3781544.862665310502052 ], [ 403072.736520854523405, 3781545.473041709046811 ], [ 403072.431332655134611, 3781545.778229908552021 ], [ 403072.431332655134611, 3781546.083418108057231 ], [ 403071.210579857579432, 3781547.304170905612409 ], [ 403068.158697863691486, 3781547.304170905612409 ] ] ] } },
{ "type": "Feature", "properties": { "confidence": 0.82930654287338257, "class": 1, "regularized": null }, "geometry": { "type": "Polygon", "coordinates": [ [ [ 403172.533062054950278, 3781423.397761953063309 ], [ 403172.227873855561484, 3781423.092573754023761 ], [ 403170.701932858617511, 3781423.092573754023761 ], [ 403170.396744659228716, 3781422.787385554518551 ], [ 403170.396744659228716, 3781421.871820956468582 ], [ 403170.701932858617511, 3781421.566632756963372 ], [ 403170.701932858617511, 3781419.430315361358225 ], [ 403171.007121058006305, 3781419.125127161853015 ], [ 403171.007121058006305, 3781417.599186164792627 ], [ 403171.617497456783894, 3781416.988809766247869 ], [ 403177.721261444559786, 3781416.988809766247869 ], [ 403178.331637843337376, 3781417.599186164792627 ], [ 403178.331637843337376, 3781417.904374364297837 ], [ 403178.63682604272617, 3781418.209562563803047 ], [ 403178.63682604272617, 3781418.819938962347806 ], [ 403178.942014242114965, 3781419.125127161853015 ], [ 403178.942014242114965, 3781419.735503560397774 ], [ 403179.247202441503759, 3781420.040691759902984 ], [ 403178.942014242114965, 3781420.345879959408194 ], [ 403178.942014242114965, 3781421.871820956468582 ], [ 403178.63682604272617, 3781422.177009155508131 ], [ 403178.63682604272617, 3781422.482197355013341 ], [ 403178.331637843337376, 3781422.787385554518551 ], [ 403178.026449643948581, 3781422.787385554518551 ], [ 403177.721261444559786, 3781423.092573754023761 ], [ 403175.27975584944943, 3781423.092573754023761 ], [ 403174.974567650060635, 3781423.397761953063309 ], [ 403172.533062054950278, 3781423.397761953063309 ] ] ] } },
{ "type": "Feature", "properties": { "confidence": 0.82891684770584106, "class": 1, "regularized": null }, "geometry": { "type": "Polygon", "coordinates": [ [ [ 402620.447609359107446, 3781313.835198372136801 ], [ 402620.142421159718651, 3781313.530010173097253 ], [ 402619.837232960329857, 3781313.530010173097253 ], [ 402619.837232960329857, 3781313.224821973592043 ], [ 402619.532044760941062, 3781312.919633774086833 ], [ 402619.532044760941062, 3781310.783316378481686 ], [ 402619.226856561552268, 3781310.478128178976476 ], [ 402619.226856561552268, 3781306.815869786310941 ], [ 402618.921668362163473, 3781306.510681586805731 ], [ 402618.921668362163473, 3781304.069175991695374 ], [ 402620.447609359107446, 3781304.069175991695374 ], [ 402620.752797558496241, 3781304.374364191200584 ], [ 402621.057985757885035, 3781304.374364191200584 ], [ 402621.36317395727383, 3781304.679552390705794 ], [ 402623.194303153606597, 3781304.679552390705794 ], [ 402623.499491352995392, 3781304.984740590211004 ], [ 402623.804679552384187, 3781304.984740590211004 ], [ 402624.109867751772981, 3781305.289928789250553 ], [ 402624.109867751772981, 3781305.595116988755763 ], [ 402624.415055951161776, 3781305.900305188260972 ], [ 402624.415055951161776, 3781306.205493387766182 ], [ 402625.025432349939365, 3781306.815869786310941 ], [ 402625.025432349939365, 3781307.121057985816151 ], [ 402625.33062054932816, 3781307.426246185321361 ], [ 402625.33062054932816, 3781308.036622583866119 ], [ 402625.635808748716954, 3781308.341810783371329 ], [ 402625.635808748716954, 3781311.393692777026445 ], [ 402625.33062054932816, 3781311.698880976531655 ], [ 402625.33062054932816, 3781312.614445574581623 ], [ 402625.025432349939365, 3781312.919633774086833 ], [ 402625.025432349939365, 3781313.224821973592043 ], [ 402624.72024415055057, 3781313.224821973592043 ], [ 402624.415055951161776, 3781313.530010173097253 ], [ 402622.889114954217803, 3781313.530010173097253 ], [ 402622.583926754829008, 3781313.835198372136801 ], [ 402620.447609359107446, 3781313.835198372136801 ] ] ] } },
{ "type": "Feature", "properties": { "confidence": 0.82705509662628174, "class": 1, "regularized": null }, "geometry": { "type": "Polygon", "coordinates": [ [ [ 402962.563580874877516, 3781356.256358087528497 ], [ 402962.563580874877516, 3781353.20447609340772 ], [ 402962.868769074266311, 3781352.899287894368172 ], [ 402963.784333672432695, 3781352.899287894368172 ], [ 402964.089521871821489, 3781352.594099694862962 ], [ 402964.699898270599078, 3781352.594099694862962 ], [ 402965.615462868765462, 3781351.678535096812993 ], [ 402965.615462868765462, 3781351.373346897307783 ], [ 402966.225839267543051, 3781350.762970498297364 ], [ 402967.751780264487024, 3781350.762970498297364 ], [ 402968.972533062042203, 3781351.983723295852542 ], [ 402969.277721261430997, 3781351.983723295852542 ], [ 402969.277721261430997, 3781353.50966429291293 ], [ 402968.972533062042203, 3781353.81485249241814 ], [ 402968.972533062042203, 3781356.256358087528497 ], [ 402962.563580874877516, 3781356.256358087528497 ] ] ] } },
{ "type": "Feature", "properties": { "confidence": 0.826393723487854, "class": 1, "regularized": null }, "geometry": { "type": "Polygon", "coordinates": [ [ [ 403158.799593082396314, 3781423.397761953063309 ], [ 403158.494404883007519, 3781423.092573754023761 ], [ 403158.189216683618724, 3781423.092573754023761 ], [ 403157.88402848422993, 3781422.787385554518551 ], [ 403157.88402848422993, 3781422.482197355013341 ], [ 403157.578840284841135, 3781422.177009155508131 ], [ 403157.578840284841135, 3781421.871820956468582 ], [ 403157.88402848422993, 3781421.566632756963372 ], [ 403157.88402848422993, 3781419.125127161853015 ], [ 403158.189216683618724, 3781418.819938962347806 ], [ 403158.189216683618724, 3781412.410986775066704 ], [ 403158.494404883007519, 3781412.105798575561494 ], [ 403158.494404883007519, 3781411.190233977511525 ], [ 403158.189216683618724, 3781410.885045778006315 ], [ 403158.799593082396314, 3781410.274669379461557 ], [ 403158.799593082396314, 3781409.664292980451137 ], [ 403161.546286876895465, 3781409.664292980451137 ], [ 403161.85147507628426, 3781409.969481179956347 ], [ 403163.682604272617027, 3781409.969481179956347 ], [ 403164.292980671394616, 3781410.579857578966767 ], [ 403164.903357070172206, 3781410.579857578966767 ], [ 403165.208545269561, 3781410.885045778006315 ], [ 403165.208545269561, 3781416.988809766247869 ], [ 403164.903357070172206, 3781417.293997965287417 ], [ 403164.903357070172206, 3781421.261444557458162 ], [ 403164.598168870783411, 3781421.566632756963372 ], [ 403164.598168870783411, 3781423.092573754023761 ], [ 403164.292980671394616, 3781423.092573754023761 ], [ 403163.987792472005822, 3781423.397761953063309 ], [ 403158.799593082396314, 3781423.397761953063309 ] ] ] } },
{ "type": "Feature", "properties": { "confidence": 0.8241005539894104, "class": 1, "regularized": null }, "geometry": { "type": "Polygon", "coordinates": [ [ [ 402771.515768056968227, 3781297.049847405869514 ], [ 402771.210579857579432, 3781296.744659206364304 ], [ 402770.600203458801843, 3781296.744659206364304 ], [ 402770.295015259413049, 3781296.439471007324755 ], [ 402768.158697863691486, 3781296.439471007324755 ], [ 402767.853509664302692, 3781296.134282807819545 ], [ 402767.243133265525103, 3781296.134282807819545 ], [ 402766.937945066136308, 3781295.829094608314335 ], [ 402766.937945066136308, 3781295.523906408809125 ], [ 402766.632756866747513, 3781295.218718209769577 ], [ 402766.632756866747513, 3781286.368260427378118 ], [ 402766.937945066136308, 3781286.063072227872908 ], [ 402773.346897253300995, 3781286.063072227872908 ], [ 402773.652085452689789, 3781286.368260427378118 ], [ 402773.957273652078584, 3781286.368260427378118 ], [ 402773.957273652078584, 3781287.894201424438506 ], [ 402774.262461851467378, 3781288.199389623478055 ], [ 402774.262461851467378, 3781288.504577822983265 ], [ 402775.483214649022557, 3781289.725330620538443 ], [ 402775.483214649022557, 3781290.030518820043653 ], [ 402776.093591047800146, 3781290.640895218588412 ], [ 402776.093591047800146, 3781294.913530010264367 ], [ 402775.788402848411351, 3781294.913530010264367 ], [ 402775.483214649022557, 3781295.218718209769577 ], [ 402775.178026449633762, 3781295.218718209769577 ], [ 402774.872838250244968, 3781295.523906408809125 ], [ 402774.872838250244968, 3781295.829094608314335 ], [ 402774.262461851467378, 3781296.439471007324755 ], [ 402773.957273652078584, 3781296.439471007324755 ], [ 402773.346897253300995, 3781297.049847405869514 ], [ 402771.515768056968227, 3781297.049847405869514 ] ] ] } },
{ "type": "Feature", "properties": { "confidence": 0.82032608985900879, "class": 1, "regularized": null }, "geometry": { "type": "Polygon", "coordinates": [ [ [ 402677.517802644986659, 3781662.970498473849148 ], [ 402676.90742624620907, 3781662.360122075304389 ], [ 402676.90742624620907, 3781662.054933875799179 ], [ 402676.602238046820275, 3781661.749745676293969 ], [ 402676.602238046820275, 3781657.477110885083675 ], [ 402677.212614445597865, 3781656.866734486073256 ], [ 402682.706002034596168, 3781656.866734486073256 ], [ 402682.706002034596168, 3781657.782299084588885 ], [ 402682.400813835207373, 3781658.087487283628434 ], [ 402682.400813835207373, 3781660.528992878738791 ], [ 402682.706002034596168, 3781660.834181078244001 ], [ 402682.706002034596168, 3781661.139369277749211 ], [ 402682.400813835207373, 3781661.444557477254421 ], [ 402682.400813835207373, 3781661.749745676293969 ], [ 402682.095625635818578, 3781662.054933875799179 ], [ 402682.095625635818578, 3781662.360122075304389 ], [ 402681.790437436429784, 3781662.360122075304389 ], [ 402681.485249237040989, 3781662.665310274809599 ], [ 402679.043743641930632, 3781662.665310274809599 ], [ 402678.738555442541838, 3781662.970498473849148 ], [ 402677.517802644986659, 3781662.970498473849148 ] ] ] } },
{ "type": "Feature", "properties": { "confidence": 0.80927413702011108, "class": 1, "regularized": null }, "geometry": { "type": "Polygon", "coordinates": [ [ [ 402927.466937945049722, 3781559.816887080203742 ], [ 402927.161749745660927, 3781559.511698881164193 ], [ 402926.246185147494543, 3781559.511698881164193 ], [ 402925.940996948105749, 3781559.206510681658983 ], [ 402924.109867751772981, 3781559.206510681658983 ], [ 402923.804679552384187, 3781558.901322482153773 ], [ 402922.889114954217803, 3781558.901322482153773 ], [ 402922.583926754829008, 3781558.596134282648563 ], [ 402922.278738555440214, 3781558.596134282648563 ], [ 402921.973550356051419, 3781558.290946083609015 ], [ 402921.668362156662624, 3781558.290946083609015 ], [ 402921.36317395727383, 3781557.985757884103805 ], [ 402921.057985757885035, 3781557.985757884103805 ], [ 402920.447609359107446, 3781557.375381485093385 ], [ 402920.142421159718651, 3781557.375381485093385 ], [ 402919.837232960329857, 3781557.070193286053836 ], [ 402919.837232960329857, 3781555.544252288993448 ], [ 402919.532044760941062, 3781555.239064089488238 ], [ 402919.532044760941062, 3781553.102746693883091 ], [ 402919.837232960329857, 3781552.797558494377881 ], [ 402919.837232960329857, 3781552.492370294872671 ], [ 402920.142421159718651, 3781552.187182095833123 ], [ 402920.752797558496241, 3781552.187182095833123 ], [ 402921.057985757885035, 3781551.881993896327913 ], [ 402921.973550356051419, 3781551.881993896327913 ], [ 402922.278738555440214, 3781551.576805696822703 ], [ 402927.466937945049722, 3781551.576805696822703 ], [ 402928.382502543216106, 3781552.492370294872671 ], [ 402928.382502543216106, 3781552.797558494377881 ], [ 402929.603255340771284, 3781554.01831129193306 ], [ 402930.213631739548873, 3781554.01831129193306 ], [ 402930.213631739548873, 3781554.32349949143827 ], [ 402930.518819938937668, 3781554.62868769094348 ], [ 402930.518819938937668, 3781555.849440488498658 ], [ 402930.824008138326462, 3781556.154628687538207 ], [ 402930.824008138326462, 3781557.375381485093385 ], [ 402930.518819938937668, 3781557.680569684598595 ], [ 402930.518819938937668, 3781558.290946083609015 ], [ 402930.213631739548873, 3781558.596134282648563 ], [ 402930.213631739548873, 3781558.901322482153773 ], [ 402929.908443540160079, 3781558.901322482153773 ], [ 402929.298067141382489, 3781559.511698881164193 ], [ 402927.772126144438516, 3781559.511698881164193 ], [ 402927.466937945049722, 3781559.816887080203742 ] ] ] } },
{ "type": "Feature", "properties": { "confidence": 0.80879294872283936, "class": 1, "regularized": null }, "geometry": { "type": "Polygon", "coordinates": [ [ [ 403131.332655137346592, 3781418.514750762842596 ], [ 403131.027466937957797, 3781418.209562563803047 ], [ 403130.722278738569003, 3781418.209562563803047 ], [ 403130.722278738569003, 3781417.904374364297837 ], [ 403130.417090539180208, 3781417.599186164792627 ], [ 403130.417090539180208, 3781417.293997965287417 ], [ 403130.722278738569003, 3781416.988809766247869 ], [ 403130.722278738569003, 3781416.378433367237449 ], [ 403130.417090539180208, 3781416.073245167732239 ], [ 403130.722278738569003, 3781415.76805696869269 ], [ 403130.722278738569003, 3781414.85249237017706 ], [ 403132.248219735512976, 3781414.85249237017706 ], [ 403133.468972533068154, 3781416.073245167732239 ], [ 403133.774160732456949, 3781416.073245167732239 ], [ 403134.994913530012127, 3781417.293997965287417 ], [ 403134.689725330623332, 3781417.599186164792627 ], [ 403134.689725330623332, 3781417.904374364297837 ], [ 403134.079348931845743, 3781417.904374364297837 ], [ 403133.774160732456949, 3781418.209562563803047 ], [ 403131.637843336735386, 3781418.209562563803047 ], [ 403131.332655137346592, 3781418.514750762842596 ] ] ] } },
{ "type": "Feature", "properties": { "confidence": 0.8057599663734436, "class": 1, "regularized": null }, "geometry": { "type": "Polygon", "coordinates": [ [ [ 402665.615462868765462, 3781221.363173957448453 ], [ 402665.310274669376668, 3781221.057985757943243 ], [ 402665.005086469987873, 3781221.057985757943243 ], [ 402664.394710071210284, 3781220.447609358932823 ], [ 402664.394710071210284, 3781220.142421159893274 ], [ 402663.784333672432695, 3781219.532044760882854 ], [ 402663.784333672432695, 3781211.597151577007025 ], [ 402664.089521871821489, 3781211.291963377501816 ], [ 402664.089521871821489, 3781210.376398779451847 ], [ 402665.005086469987873, 3781210.376398779451847 ], [ 402665.310274669376668, 3781210.071210579946637 ], [ 402669.277721261430997, 3781210.071210579946637 ], [ 402669.582909460819792, 3781210.376398779451847 ], [ 402670.193285859597381, 3781210.376398779451847 ], [ 402670.498474058986176, 3781210.681586978491396 ], [ 402670.498474058986176, 3781217.090539165772498 ], [ 402669.277721261430997, 3781218.311291963327676 ], [ 402669.277721261430997, 3781218.616480162832886 ], [ 402668.972533062042203, 3781218.921668362338096 ], [ 402668.972533062042203, 3781219.226856561377645 ], [ 402668.667344862653408, 3781219.532044760882854 ], [ 402668.667344862653408, 3781220.447609358932823 ], [ 402667.751780264487024, 3781221.363173957448453 ], [ 402665.615462868765462, 3781221.363173957448453 ] ] ] } },
{ "type": "Feature", "properties": { "confidence": 0.80003082752227783, "class": 1, "regularized": null }, "geometry": { "type": "Polygon", "coordinates": [ [ [ 403057.171922685636673, 3781366.022380467969924 ], [ 403056.866734486247879, 3781365.717192268464714 ], [ 403056.866734486247879, 3781365.412004068959504 ], [ 403057.171922685636673, 3781365.106815869919956 ], [ 403057.171922685636673, 3781364.191251271404326 ], [ 403057.477110885025468, 3781363.886063072364777 ], [ 403057.477110885025468, 3781362.970498473849148 ], [ 403057.782299084414262, 3781362.665310274809599 ], [ 403057.782299084414262, 3781362.054933875799179 ], [ 403058.087487283803057, 3781361.749745676293969 ], [ 403058.087487283803057, 3781361.139369277749211 ], [ 403058.697863682580646, 3781360.528992878738791 ], [ 403065.10681586980354, 3781360.528992878738791 ], [ 403065.412004069192335, 3781360.834181078244001 ], [ 403065.71719226858113, 3781360.834181078244001 ], [ 403066.022380467969924, 3781361.139369277749211 ], [ 403066.022380467969924, 3781363.275686673354357 ], [ 403065.71719226858113, 3781363.580874872859567 ], [ 403065.71719226858113, 3781365.412004068959504 ], [ 403066.022380467969924, 3781365.717192268464714 ], [ 403065.71719226858113, 3781366.022380467969924 ], [ 403057.171922685636673, 3781366.022380467969924 ] ] ] } },
{ "type": "Feature", "properties": { "confidence": 0.79566735029220581, "class": 1, "regularized": null }, "geometry": { "type": "Polygon", "coordinates": [ [ [ 402801.7293997965171, 3781437.436419125180691 ], [ 402801.424211597128306, 3781437.131230925675482 ], [ 402801.119023397739511, 3781437.131230925675482 ], [ 402801.424211597128306, 3781436.826042726170272 ], [ 402801.424211597128306, 3781435.605289928615093 ], [ 402801.7293997965171, 3781435.300101729575545 ], [ 402801.7293997965171, 3781434.689725330565125 ], [ 402801.119023397739511, 3781434.079348932020366 ], [ 402801.119023397739511, 3781433.774160732515156 ], [ 402800.508646998961922, 3781433.163784333504736 ], [ 402800.203458799573127, 3781433.163784333504736 ], [ 402799.898270600184333, 3781432.858596134465188 ], [ 402798.982706002017949, 3781432.858596134465188 ], [ 402797.456765005073976, 3781431.332655137404799 ], [ 402797.456765005073976, 3781431.02746693789959 ], [ 402797.151576805685181, 3781430.72227873839438 ], [ 402797.151576805685181, 3781430.417090539354831 ], [ 402796.846388606296387, 3781430.111902339849621 ], [ 402796.541200406907592, 3781430.111902339849621 ], [ 402796.541200406907592, 3781427.060020345728844 ], [ 402796.846388606296387, 3781426.754832146689296 ], [ 402802.644964394683484, 3781426.754832146689296 ], [ 402802.950152594072279, 3781427.060020345728844 ], [ 402803.560528992849868, 3781427.060020345728844 ], [ 402803.86571719229687, 3781427.365208545234054 ], [ 402804.170905391685665, 3781427.365208545234054 ], [ 402804.476093591074459, 3781427.670396744739264 ], [ 402804.476093591074459, 3781427.975584944244474 ], [ 402804.781281790463254, 3781428.280773143284023 ], [ 402804.781281790463254, 3781428.585961342789233 ], [ 402805.391658189240843, 3781429.196337741799653 ], [ 402805.391658189240843, 3781429.501525940839201 ], [ 402805.696846388629638, 3781429.806714140344411 ], [ 402805.696846388629638, 3781431.332655137404799 ], [ 402806.002034588018432, 3781431.637843336910009 ], [ 402806.002034588018432, 3781436.215666327625513 ], [ 402805.696846388629638, 3781436.520854527130723 ], [ 402805.391658189240843, 3781436.520854527130723 ], [ 402805.086469989852048, 3781436.826042726170272 ], [ 402803.86571719229687, 3781436.826042726170272 ], [ 402803.560528992849868, 3781437.131230925675482 ], [ 402802.339776195294689, 3781437.131230925675482 ], [ 402802.034587995905895, 3781437.436419125180691 ], [ 402801.7293997965171, 3781437.436419125180691 ] ] ] } },
{ "type": "Feature", "properties": { "confidence": 0.7945055365562439, "class": 1, "regularized": null }, "geometry": { "type": "Polygon", "coordinates": [ [ [ 402968.972533062042203, 3781396.541200406849384 ], [ 402968.056968463875819, 3781395.625635808799416 ], [ 402967.141403865709435, 3781395.625635808799416 ], [ 402967.141403865709435, 3781395.015259409788996 ], [ 402966.836215666320641, 3781394.710071210749447 ], [ 402966.836215666320641, 3781393.794506612233818 ], [ 402966.531027466931846, 3781393.489318413194269 ], [ 402966.531027466931846, 3781392.268565615639091 ], [ 402966.225839267543051, 3781391.963377416133881 ], [ 402966.225839267543051, 3781389.827060020528734 ], [ 402966.531027466931846, 3781389.521871821023524 ], [ 402972.024415055930149, 3781389.521871821023524 ], [ 402972.329603255318943, 3781389.827060020528734 ], [ 402972.329603255318943, 3781390.437436419073492 ], [ 402972.634791454707738, 3781390.742624618578702 ], [ 402972.634791454707738, 3781391.353001017123461 ], [ 402972.329603255318943, 3781391.658189216628671 ], [ 402972.329603255318943, 3781394.099694811739028 ], [ 402972.024415055930149, 3781394.404883011244237 ], [ 402972.024415055930149, 3781395.015259409788996 ], [ 402971.108850457763765, 3781395.930824008304626 ], [ 402971.108850457763765, 3781396.236012207344174 ], [ 402970.80366225837497, 3781396.236012207344174 ], [ 402970.498474058986176, 3781396.541200406849384 ], [ 402968.972533062042203, 3781396.541200406849384 ] ] ] } },
{ "type": "Feature", "properties": { "confidence": 0.79238325357437134, "class": 1, "regularized": null }, "geometry": { "type": "Polygon", "coordinates": [ [ [ 402933.875890132272616, 3781382.807731434237212 ], [ 402933.570701932883821, 3781382.502543235197663 ], [ 402933.265513733495027, 3781382.502543235197663 ], [ 402933.265513733495027, 3781379.450661241076887 ], [ 402933.875890132272616, 3781378.840284842532128 ], [ 402934.181078331661411, 3781378.840284842532128 ], [ 402934.486266531050205, 3781378.535096643026918 ], [ 402934.791454730439, 3781378.535096643026918 ], [ 402935.096642929827794, 3781378.229908443521708 ], [ 402940.590030518826097, 3781378.229908443521708 ], [ 402940.590030518826097, 3781378.535096643026918 ], [ 402940.895218718214892, 3781378.840284842532128 ], [ 402940.895218718214892, 3781379.450661241076887 ], [ 402941.200406917603686, 3781379.755849440582097 ], [ 402941.200406917603686, 3781381.586978636682034 ], [ 402940.895218718214892, 3781381.892166836187243 ], [ 402940.895218718214892, 3781382.197355035692453 ], [ 402940.590030518826097, 3781382.197355035692453 ], [ 402939.979654120048508, 3781382.807731434237212 ], [ 402933.875890132272616, 3781382.807731434237212 ] ] ] } },
{ "type": "Feature", "properties": { "confidence": 0.79233032464981079, "class": 1, "regularized": null }, "geometry": { "type": "Polygon", "coordinates": [ [ [ 403129.19633774162503, 3781413.021363174077123 ], [ 403128.891149542236235, 3781412.716174974571913 ], [ 403128.891149542236235, 3781409.664292980451137 ], [ 403140.48830111901043, 3781409.664292980451137 ], [ 403140.48830111901043, 3781409.969481179956347 ], [ 403140.793489318399224, 3781410.274669379461557 ], [ 403140.793489318399224, 3781410.579857578966767 ], [ 403141.098677517788019, 3781410.885045778006315 ], [ 403141.098677517788019, 3781412.105798575561494 ], [ 403140.48830111901043, 3781412.716174974571913 ], [ 403138.657171922677662, 3781412.716174974571913 ], [ 403138.351983723288868, 3781413.021363174077123 ], [ 403138.046795523900073, 3781413.021363174077123 ], [ 403137.741607324511278, 3781412.716174974571913 ], [ 403133.468972533068154, 3781412.716174974571913 ], [ 403133.163784333679359, 3781413.021363174077123 ], [ 403129.19633774162503, 3781413.021363174077123 ] ] ] } },
{ "type": "Feature", "properties": { "confidence": 0.78349679708480835, "class": 1, "regularized": null }, "geometry": { "type": "Polygon", "coordinates": [ [ [ 403111.80061037640553, 3781657.782299084588885 ], [ 403111.495422177016735, 3781657.477110885083675 ], [ 403111.495422177016735, 3781654.730417090468109 ], [ 403111.80061037640553, 3781654.425228890962899 ], [ 403111.80061037640553, 3781654.12004069192335 ], [ 403112.105798575794324, 3781654.12004069192335 ], [ 403112.716174974571913, 3781653.50966429291293 ], [ 403113.021363173960708, 3781653.50966429291293 ], [ 403114.242115971515886, 3781652.288911495357752 ], [ 403114.547304170904681, 3781652.288911495357752 ], [ 403115.15768056968227, 3781651.678535096812993 ], [ 403115.768056968459859, 3781651.678535096812993 ], [ 403116.073245167848654, 3781651.373346897307783 ], [ 403116.378433367237449, 3781651.373346897307783 ], [ 403116.988809766015038, 3781650.762970498297364 ], [ 403117.293997965403832, 3781650.762970498297364 ], [ 403117.599186164792627, 3781650.457782299257815 ], [ 403119.430315361125395, 3781650.457782299257815 ], [ 403119.735503560514189, 3781650.762970498297364 ], [ 403119.735503560514189, 3781651.373346897307783 ], [ 403120.040691759902984, 3781651.678535096812993 ], [ 403120.040691759902984, 3781652.899287894368172 ], [ 403119.735503560514189, 3781653.20447609340772 ], [ 403119.735503560514189, 3781654.425228890962899 ], [ 403119.430315361125395, 3781654.730417090468109 ], [ 403119.430315361125395, 3781655.035605289973319 ], [ 403119.1251271617366, 3781655.340793489478528 ], [ 403118.819938962347806, 3781655.340793489478528 ], [ 403118.209562563570216, 3781655.951169888023287 ], [ 403117.904374364181422, 3781655.951169888023287 ], [ 403117.599186164792627, 3781656.256358087528497 ], [ 403116.988809766015038, 3781656.256358087528497 ], [ 403116.683621566626243, 3781656.561546287033707 ], [ 403116.378433367237449, 3781656.561546287033707 ], [ 403116.073245167848654, 3781656.866734486073256 ], [ 403115.462868769071065, 3781656.866734486073256 ], [ 403115.15768056968227, 3781657.171922685578465 ], [ 403114.547304170904681, 3781657.171922685578465 ], [ 403114.242115971515886, 3781657.477110885083675 ], [ 403113.631739572738297, 3781657.477110885083675 ], [ 403113.326551373349503, 3781657.782299084588885 ], [ 403111.80061037640553, 3781657.782299084588885 ] ] ] } },
{ "type": "Feature", "properties": { "confidence": 0.78145450353622437, "class": 1, "regularized": null }, "geometry": { "type": "Polygon", "coordinates": [ [ [ 402881.078331637836527, 3781437.131230925675482 ], [ 402880.773143438447732, 3781436.826042726170272 ], [ 402878.942014242114965, 3781436.826042726170272 ], [ 402878.63682604272617, 3781436.520854527130723 ], [ 402878.331637843337376, 3781436.520854527130723 ], [ 402878.331637843337376, 3781435.910478128120303 ], [ 402878.63682604272617, 3781435.605289928615093 ], [ 402878.63682604272617, 3781435.300101729575545 ], [ 402878.942014242114965, 3781434.994913530070335 ], [ 402878.942014242114965, 3781431.637843336910009 ], [ 402878.63682604272617, 3781431.332655137404799 ], [ 402878.63682604272617, 3781431.02746693789959 ], [ 402878.942014242114965, 3781430.72227873839438 ], [ 402878.942014242114965, 3781430.111902339849621 ], [ 402879.247202441503759, 3781430.111902339849621 ], [ 402879.552390640892554, 3781429.806714140344411 ], [ 402881.688708036614116, 3781429.806714140344411 ], [ 402881.993896236002911, 3781430.111902339849621 ], [ 402884.740590030502062, 3781430.111902339849621 ], [ 402885.045778229890857, 3781430.417090539354831 ], [ 402885.045778229890857, 3781435.910478128120303 ], [ 402884.435401831113268, 3781436.520854527130723 ], [ 402882.909460834169295, 3781436.520854527130723 ], [ 402882.6042726347805, 3781436.826042726170272 ], [ 402881.383519837225322, 3781436.826042726170272 ], [ 402881.078331637836527, 3781437.131230925675482 ] ] ] } },
{ "type": "Feature", "properties": { "confidence": 0.77603989839553833, "class": 1, "regularized": null }, "geometry": { "type": "Polygon", "coordinates": [ [ [ 402717.802644964365754, 3781527.466937945224345 ], [ 402717.49745676497696, 3781527.161749745719135 ], [ 402716.581892166810576, 3781527.161749745719135 ], [ 402716.276703967421781, 3781526.856561546213925 ], [ 402713.224821973533835, 3781526.856561546213925 ], [ 402712.919633774145041, 3781526.551373346708715 ], [ 402712.919633774145041, 3781525.940996948163956 ], [ 402713.53001017292263, 3781525.330620549153537 ], [ 402713.53001017292263, 3781525.025432350113988 ], [ 402714.140386571700219, 3781524.415055951103568 ], [ 402714.445574771089014, 3781524.415055951103568 ], [ 402714.750762970477808, 3781524.109867751598358 ], [ 402715.361139369255397, 3781524.109867751598358 ], [ 402715.971515768032987, 3781523.4994913530536 ], [ 402716.276703967421781, 3781523.4994913530536 ], [ 402716.581892166810576, 3781523.19430315354839 ], [ 402719.328585961367935, 3781523.19430315354839 ], [ 402719.02339776197914, 3781523.4994913530536 ], [ 402719.02339776197914, 3781524.109867751598358 ], [ 402718.718209562590346, 3781524.415055951103568 ], [ 402718.718209562590346, 3781525.635808748658746 ], [ 402719.02339776197914, 3781525.940996948163956 ], [ 402720.244150559534319, 3781525.940996948163956 ], [ 402720.244150559534319, 3781526.551373346708715 ], [ 402719.938962360145524, 3781526.856561546213925 ], [ 402719.63377416075673, 3781526.551373346708715 ], [ 402718.718209562590346, 3781526.551373346708715 ], [ 402718.107833163812757, 3781527.161749745719135 ], [ 402718.107833163812757, 3781527.466937945224345 ], [ 402717.802644964365754, 3781527.466937945224345 ] ] ] } },
{ "type": "Feature", "properties": { "confidence": 0.77263414859771729, "class": 1, "regularized": null }, "geometry": { "type": "Polygon", "coordinates": [ [ [ 402866.429298067116179, 3781246.998982706107199 ], [ 402866.124109867727384, 3781246.693794506601989 ], [ 402865.818921668338589, 3781246.693794506601989 ], [ 402865.513733468949795, 3781246.388606307096779 ], [ 402864.903357070172206, 3781246.388606307096779 ], [ 402864.292980671394616, 3781245.778229908552021 ], [ 402864.292980671394616, 3781245.473041709046811 ], [ 402863.987792472005822, 3781245.167853509541601 ], [ 402863.987792472005822, 3781243.336724313441664 ], [ 402864.292980671394616, 3781243.031536113936454 ], [ 402864.292980671394616, 3781242.421159714926034 ], [ 402864.598168870783411, 3781242.115971515886486 ], [ 402864.598168870783411, 3781241.505595116876066 ], [ 402864.903357070172206, 3781241.200406917370856 ], [ 402864.903357070172206, 3781240.895218718331307 ], [ 402865.208545269561, 3781240.590030518826097 ], [ 402865.513733468949795, 3781240.590030518826097 ], [ 402865.818921668338589, 3781240.284842319320887 ], [ 402866.124109867727384, 3781240.284842319320887 ], [ 402866.734486266504973, 3781239.674465920776129 ], [ 402867.344862665282562, 3781239.674465920776129 ], [ 402867.650050864671357, 3781239.369277721270919 ], [ 402867.955239064118359, 3781239.369277721270919 ], [ 402868.260427263507154, 3781239.674465920776129 ], [ 402868.870803662284743, 3781239.674465920776129 ], [ 402869.175991861673538, 3781239.979654119815677 ], [ 402870.396744659228716, 3781239.979654119815677 ], [ 402870.701932858617511, 3781239.674465920776129 ], [ 402871.007121058006305, 3781239.979654119815677 ], [ 402871.3123092573951, 3781239.979654119815677 ], [ 402871.617497456783894, 3781240.284842319320887 ], [ 402871.3123092573951, 3781240.590030518826097 ], [ 402871.3123092573951, 3781240.895218718331307 ], [ 402871.007121058006305, 3781241.200406917370856 ], [ 402871.007121058006305, 3781242.421159714926034 ], [ 402870.701932858617511, 3781242.726347914431244 ], [ 402870.701932858617511, 3781245.473041709046811 ], [ 402870.396744659228716, 3781245.778229908552021 ], [ 402870.396744659228716, 3781246.388606307096779 ], [ 402870.091556459839921, 3781246.388606307096779 ], [ 402869.786368260451127, 3781246.693794506601989 ], [ 402868.870803662284743, 3781246.693794506601989 ], [ 402868.565615462895948, 3781246.998982706107199 ], [ 402866.429298067116179, 3781246.998982706107199 ] ] ] } },
{ "type": "Feature", "properties": { "confidence": 0.77126157283782959, "class": 1, "regularized": null }, "geometry": { "type": "Polygon", "coordinates": [ [ [ 402780.36622583924327, 3781532.349949135445058 ], [ 402780.061037639854476, 3781532.044760935939848 ], [ 402779.755849440465681, 3781532.044760935939848 ], [ 402779.450661241076887, 3781531.739572736434639 ], [ 402779.145473041688092, 3781531.739572736434639 ], [ 402778.840284842299297, 3781531.434384536929429 ], [ 402775.788402848411351, 3781531.434384536929429 ], [ 402775.788402848411351, 3781531.12919633788988 ], [ 402775.483214649022557, 3781530.82400813838467 ], [ 402775.483214649022557, 3781529.298067141324282 ], [ 402775.178026449633762, 3781528.992878941819072 ], [ 402775.178026449633762, 3781528.687690742779523 ], [ 402774.872838250244968, 3781528.382502543274313 ], [ 402774.872838250244968, 3781528.077314343769103 ], [ 402774.567650050856173, 3781527.772126144263893 ], [ 402774.567650050856173, 3781526.856561546213925 ], [ 402782.807731434411835, 3781526.856561546213925 ], [ 402782.807731434411835, 3781527.772126144263893 ], [ 402782.50254323502304, 3781528.077314343769103 ], [ 402782.50254323502304, 3781530.21363173937425 ], [ 402782.197355035634246, 3781530.51881993887946 ], [ 402782.197355035634246, 3781531.739572736434639 ], [ 402781.892166836187243, 3781532.044760935939848 ], [ 402781.892166836187243, 3781532.349949135445058 ], [ 402780.36622583924327, 3781532.349949135445058 ] ] ] } },
{ "type": "Feature", "properties": { "confidence": 0.77065837383270264, "class": 1, "regularized": null }, "geometry": { "type": "Polygon", "coordinates": [ [ [ 403157.578840284841135, 3781386.469989826902747 ], [ 403157.273652085452341, 3781386.164801627863199 ], [ 403157.273652085452341, 3781382.197355035692453 ], [ 403157.578840284841135, 3781382.197355035692453 ], [ 403157.88402848422993, 3781381.892166836187243 ], [ 403162.461851475061849, 3781381.892166836187243 ], [ 403162.461851475061849, 3781382.197355035692453 ], [ 403163.072227873839438, 3781382.807731434237212 ], [ 403163.072227873839438, 3781383.112919633742422 ], [ 403163.377416073228233, 3781383.418107833247632 ], [ 403163.377416073228233, 3781383.723296032752842 ], [ 403163.682604272617027, 3781384.02848423179239 ], [ 403163.682604272617027, 3781385.249237029347569 ], [ 403163.377416073228233, 3781385.554425228852779 ], [ 403163.072227873839438, 3781385.554425228852779 ], [ 403162.461851475061849, 3781386.164801627863199 ], [ 403161.85147507628426, 3781386.164801627863199 ], [ 403161.546286876895465, 3781386.469989826902747 ], [ 403157.578840284841135, 3781386.469989826902747 ] ] ] } },
{ "type": "Feature", "properties": { "confidence": 0.76931244134902954, "class": 1, "regularized": null }, "geometry": { "type": "Polygon", "coordinates": [ [ [ 402831.637843336735386, 3781425.839267548173666 ], [ 402831.332655137346592, 3781425.534079349134117 ], [ 402829.806714140402619, 3781425.534079349134117 ], [ 402829.501525941013824, 3781425.228891149628907 ], [ 402828.58596134284744, 3781425.228891149628907 ], [ 402827.975584944069851, 3781424.618514750618488 ], [ 402827.975584944069851, 3781423.397761953063309 ], [ 402827.670396744681057, 3781423.092573754023761 ], [ 402827.670396744681057, 3781421.566632756963372 ], [ 402827.975584944069851, 3781421.261444557458162 ], [ 402836.826042726344895, 3781421.261444557458162 ], [ 402836.826042726344895, 3781425.228891149628907 ], [ 402836.5208545269561, 3781425.534079349134117 ], [ 402834.994913530012127, 3781425.534079349134117 ], [ 402834.689725330623332, 3781425.839267548173666 ], [ 402831.637843336735386, 3781425.839267548173666 ] ] ] } },
{ "type": "Feature", "properties": { "confidence": 0.76182323694229126, "class": 1, "regularized": null }, "geometry": { "type": "Polygon", "coordinates": [ [ [ 403101.424211597128306, 3781682.197355035692453 ], [ 403101.119023397739511, 3781681.892166836187243 ], [ 403100.813835198350716, 3781681.892166836187243 ], [ 403100.813835198350716, 3781681.586978636682034 ], [ 403100.508646998961922, 3781681.281790437642485 ], [ 403100.508646998961922, 3781680.976602238137275 ], [ 403100.813835198350716, 3781680.671414038632065 ], [ 403100.813835198350716, 3781677.61953204497695 ], [ 403100.508646998961922, 3781677.31434384547174 ], [ 403100.508646998961922, 3781673.346897253300995 ], [ 403100.813835198350716, 3781673.041709053795785 ], [ 403100.813835198350716, 3781672.126144455745816 ], [ 403101.119023397739511, 3781671.820956256240606 ], [ 403101.424211597128306, 3781671.820956256240606 ], [ 403101.7293997965171, 3781671.515768057201058 ], [ 403102.034587995905895, 3781671.515768057201058 ], [ 403102.339776195294689, 3781671.210579857695848 ], [ 403103.255340793461073, 3781671.210579857695848 ], [ 403103.560528992908075, 3781670.905391658190638 ], [ 403105.086469989852048, 3781670.905391658190638 ], [ 403105.696846388629638, 3781671.515768057201058 ], [ 403105.696846388629638, 3781676.70396744646132 ], [ 403105.391658189240843, 3781677.00915564596653 ], [ 403105.391658189240843, 3781678.535096643026918 ], [ 403105.086469989852048, 3781678.840284842532128 ], [ 403105.086469989852048, 3781679.145473041571677 ], [ 403104.781281790463254, 3781679.450661241076887 ], [ 403104.781281790463254, 3781679.755849440582097 ], [ 403104.476093591074459, 3781680.061037640087306 ], [ 403104.476093591074459, 3781681.281790437642485 ], [ 403104.170905391685665, 3781681.586978636682034 ], [ 403104.170905391685665, 3781681.892166836187243 ], [ 403103.560528992908075, 3781681.892166836187243 ], [ 403103.255340793461073, 3781682.197355035692453 ], [ 403101.424211597128306, 3781682.197355035692453 ] ] ] } },
{ "type": "Feature", "properties": { "confidence": 0.75982183218002319, "class": 1, "regularized": null }, "geometry": { "type": "Polygon", "coordinates": [ [ [ 402778.229908443521708, 3781709.969481179956347 ], [ 402777.924720244132914, 3781709.664292980451137 ], [ 402777.314343845355324, 3781709.664292980451137 ], [ 402777.00915564596653, 3781709.359104781411588 ], [ 402776.093591047800146, 3781709.359104781411588 ], [ 402775.483214649022557, 3781708.748728382401168 ], [ 402775.483214649022557, 3781708.443540182895958 ], [ 402775.178026449633762, 3781708.13835198385641 ], [ 402775.178026449633762, 3781707.52797558484599 ], [ 402774.872838250244968, 3781707.22278738534078 ], [ 402774.872838250244968, 3781702.034587996080518 ], [ 402775.178026449633762, 3781701.729399796575308 ], [ 402775.178026449633762, 3781700.813835198525339 ], [ 402775.788402848411351, 3781700.20345879951492 ], [ 402777.924720244132914, 3781700.20345879951492 ], [ 402778.229908443521708, 3781700.508646999020129 ], [ 402778.229908443521708, 3781701.729399796575308 ], [ 402778.535096642910503, 3781702.034587996080518 ], [ 402778.535096642910503, 3781702.644964394625276 ], [ 402779.145473041688092, 3781703.255340793635696 ], [ 402779.145473041688092, 3781704.170905391685665 ], [ 402779.450661241076887, 3781704.476093591190875 ], [ 402779.450661241076887, 3781709.969481179956347 ], [ 402778.229908443521708, 3781709.969481179956347 ] ] ] } },
{ "type": "Feature", "properties": { "confidence": 0.74729317426681519, "class": 1, "regularized": null }, "geometry": { "type": "Polygon", "coordinates": [ [ [ 402870.701932858617511, 3781265.920651067979634 ], [ 402870.396744659228716, 3781265.615462868940085 ], [ 402869.786368260451127, 3781265.615462868940085 ], [ 402869.481180061062332, 3781265.310274669434875 ], [ 402869.175991861673538, 3781265.310274669434875 ], [ 402869.175991861673538, 3781265.005086469929665 ], [ 402868.870803662284743, 3781264.699898270424455 ], [ 402868.870803662284743, 3781263.173957273829728 ], [ 402869.175991861673538, 3781262.868769074324518 ], [ 402869.175991861673538, 3781262.563580874819309 ], [ 402869.481180061062332, 3781262.258392675314099 ], [ 402869.786368260451127, 3781262.258392675314099 ], [ 402870.396744659228716, 3781261.64801627676934 ], [ 402870.396744659228716, 3781259.206510681658983 ], [ 402871.007121058006305, 3781258.596134282648563 ], [ 402874.059003051894251, 3781258.596134282648563 ], [ 402874.364191251283046, 3781258.901322482153773 ], [ 402876.805696846393403, 3781258.901322482153773 ], [ 402877.110885045782197, 3781258.596134282648563 ], [ 402878.63682604272617, 3781258.596134282648563 ], [ 402878.942014242114965, 3781258.901322482153773 ], [ 402879.552390640892554, 3781258.901322482153773 ], [ 402879.552390640892554, 3781260.427263479214162 ], [ 402879.247202441503759, 3781260.732451678719372 ], [ 402879.247202441503759, 3781261.34282807726413 ], [ 402878.942014242114965, 3781261.64801627676934 ], [ 402878.942014242114965, 3781262.258392675314099 ], [ 402878.63682604272617, 3781262.563580874819309 ], [ 402878.63682604272617, 3781263.173957273829728 ], [ 402878.331637843337376, 3781263.479145472869277 ], [ 402878.331637843337376, 3781264.394710071384907 ], [ 402877.416073245170992, 3781265.310274669434875 ], [ 402877.110885045782197, 3781265.310274669434875 ], [ 402876.805696846393403, 3781265.615462868940085 ], [ 402876.500508647004608, 3781265.615462868940085 ], [ 402876.195320447615813, 3781265.920651067979634 ], [ 402870.701932858617511, 3781265.920651067979634 ] ] ] } },
{ "type": "Feature", "properties": { "confidence": 0.74641811847686768, "class": 1, "regularized": null }, "geometry": { "type": "Polygon", "coordinates": [ [ [ 402806.917599186184816, 3781249.440488301217556 ], [ 402806.612410986796021, 3781249.135300101712346 ], [ 402806.307222787407227, 3781249.135300101712346 ], [ 402806.307222787407227, 3781248.830111902207136 ], [ 402805.696846388629638, 3781248.219735503662378 ], [ 402805.696846388629638, 3781245.473041709046811 ], [ 402806.002034588018432, 3781245.167853509541601 ], [ 402806.002034588018432, 3781242.115971515886486 ], [ 402805.696846388629638, 3781241.810783316381276 ], [ 402805.696846388629638, 3781240.590030518826097 ], [ 402806.002034588018432, 3781240.284842319320887 ], [ 402806.002034588018432, 3781239.979654119815677 ], [ 402806.307222787407227, 3781239.979654119815677 ], [ 402806.612410986796021, 3781239.674465920776129 ], [ 402806.612410986796021, 3781239.369277721270919 ], [ 402806.917599186184816, 3781239.369277721270919 ], [ 402807.222787385573611, 3781239.064089521765709 ], [ 402807.8331637843512, 3781239.064089521765709 ], [ 402808.138351983739994, 3781238.758901322260499 ], [ 402809.359104781295173, 3781238.758901322260499 ], [ 402809.664292980683967, 3781238.45371312322095 ], [ 402812.410986775183119, 3781238.45371312322095 ], [ 402812.716174974571913, 3781238.14852492371574 ], [ 402814.242115971515886, 3781238.14852492371574 ], [ 402815.15768056968227, 3781239.064089521765709 ], [ 402815.15768056968227, 3781243.031536113936454 ], [ 402815.462868769071065, 3781243.336724313441664 ], [ 402815.462868769071065, 3781243.641912512946874 ], [ 402815.768056968459859, 3781243.947100711986423 ], [ 402815.15768056968227, 3781243.947100711986423 ], [ 402814.852492370293476, 3781244.252288911491632 ], [ 402812.716174974571913, 3781244.252288911491632 ], [ 402811.80061037640553, 3781245.167853509541601 ], [ 402811.80061037640553, 3781246.998982706107199 ], [ 402811.495422177016735, 3781246.998982706107199 ], [ 402810.885045778239146, 3781247.609359104651958 ], [ 402810.885045778239146, 3781247.914547304157168 ], [ 402810.579857578850351, 3781248.219735503662378 ], [ 402810.579857578850351, 3781248.830111902207136 ], [ 402810.274669379461557, 3781249.135300101712346 ], [ 402809.969481180072762, 3781249.135300101712346 ], [ 402809.664292980683967, 3781249.440488301217556 ], [ 402806.917599186184816, 3781249.440488301217556 ] ] ] } },
{ "type": "Feature", "properties": { "confidence": 0.74479585886001587, "class": 1, "regularized": null }, "geometry": { "type": "Polygon", "coordinates": [ [ [ 403049.237029501528013, 3781392.268565615639091 ], [ 403048.931841302139219, 3781391.963377416133881 ], [ 403048.626653102750424, 3781391.963377416133881 ], [ 403048.016276703972835, 3781391.353001017123461 ], [ 403048.016276703972835, 3781391.047812818083912 ], [ 403047.100712105806451, 3781390.132248219568282 ], [ 403047.100712105806451, 3781389.827060020528734 ], [ 403046.490335707028862, 3781389.216683621518314 ], [ 403046.490335707028862, 3781386.775178026407957 ], [ 403046.795523906417657, 3781386.469989826902747 ], [ 403046.795523906417657, 3781380.671414038632065 ], [ 403047.405900305195246, 3781380.061037640087306 ], [ 403047.405900305195246, 3781379.755849440582097 ], [ 403047.71108850458404, 3781379.450661241076887 ], [ 403049.847405900305603, 3781379.450661241076887 ], [ 403050.152594099694397, 3781379.145473041571677 ], [ 403052.28891149541596, 3781379.145473041571677 ], [ 403052.594099694804754, 3781379.450661241076887 ], [ 403053.204476093582343, 3781379.450661241076887 ], [ 403054.425228891137522, 3781380.671414038632065 ], [ 403054.425228891137522, 3781384.02848423179239 ], [ 403054.120040691748727, 3781384.3336724312976 ], [ 403054.120040691748727, 3781384.94404883030802 ], [ 403053.204476093582343, 3781385.859613428357989 ], [ 403053.204476093582343, 3781389.216683621518314 ], [ 403052.899287894193549, 3781389.521871821023524 ], [ 403052.899287894193549, 3781392.268565615639091 ], [ 403049.237029501528013, 3781392.268565615639091 ] ] ] } },
{ "type": "Feature", "properties": { "confidence": 0.73487597703933716, "class": 1, "regularized": null }, "geometry": { "type": "Polygon", "coordinates": [ [ [ 402924.72024415055057, 3781550.050864699762315 ], [ 402924.415055951161776, 3781549.745676500722766 ], [ 402920.447609359107446, 3781549.745676500722766 ], [ 402920.142421159718651, 3781549.440488301217556 ], [ 402920.142421159718651, 3781549.135300101712346 ], [ 402919.837232960329857, 3781548.830111902207136 ], [ 402919.837232960329857, 3781546.998982706107199 ], [ 402920.142421159718651, 3781546.693794506601989 ], [ 402920.142421159718651, 3781546.083418108057231 ], [ 402919.837232960329857, 3781545.778229908552021 ], [ 402919.837232960329857, 3781542.115971515886486 ], [ 402921.057985757885035, 3781540.895218718331307 ], [ 402921.057985757885035, 3781540.590030518826097 ], [ 402921.36317395727383, 3781540.284842319320887 ], [ 402922.278738555440214, 3781540.284842319320887 ], [ 402922.583926754829008, 3781539.979654119815677 ], [ 402928.382502543216106, 3781539.979654119815677 ], [ 402928.6876907426049, 3781540.284842319320887 ], [ 402928.6876907426049, 3781542.115971515886486 ], [ 402927.466937945049722, 3781543.336724313441664 ], [ 402927.466937945049722, 3781543.641912512946874 ], [ 402927.161749745660927, 3781543.947100711986423 ], [ 402927.161749745660927, 3781544.252288911491632 ], [ 402926.856561546272133, 3781544.557477110996842 ], [ 402926.856561546272133, 3781546.693794506601989 ], [ 402927.161749745660927, 3781546.998982706107199 ], [ 402927.161749745660927, 3781547.304170905612409 ], [ 402927.466937945049722, 3781547.609359104651958 ], [ 402927.466937945049722, 3781549.745676500722766 ], [ 402927.161749745660927, 3781549.745676500722766 ], [ 402926.856561546272133, 3781550.050864699762315 ], [ 402924.72024415055057, 3781550.050864699762315 ] ] ] } },
{ "type": "Feature", "properties": { "confidence": 0.73406475782394409, "class": 1, "regularized": null }, "geometry": { "type": "Polygon", "coordinates": [ [ [ 403184.435401831113268, 3781270.193285859655589 ], [ 403184.435401831113268, 3781269.888097660150379 ], [ 403184.130213631724473, 3781269.582909460645169 ], [ 403184.130213631724473, 3781268.97253306210041 ], [ 403184.435401831113268, 3781268.667344862595201 ], [ 403184.435401831113268, 3781264.699898270424455 ], [ 403184.740590030502062, 3781264.699898270424455 ], [ 403185.045778229890857, 3781264.394710071384907 ], [ 403188.097660223778803, 3781264.394710071384907 ], [ 403188.097660223778803, 3781265.310274669434875 ], [ 403188.402848423167598, 3781265.615462868940085 ], [ 403188.708036622556392, 3781265.615462868940085 ], [ 403189.013224821945187, 3781265.920651067979634 ], [ 403190.539165818947367, 3781265.920651067979634 ], [ 403190.844354018336162, 3781266.225839267484844 ], [ 403193.285859613446519, 3781266.225839267484844 ], [ 403193.591047812835313, 3781266.531027466990054 ], [ 403193.591047812835313, 3781266.836215666495264 ], [ 403193.896236012224108, 3781267.141403865534812 ], [ 403193.896236012224108, 3781267.751780264545232 ], [ 403193.591047812835313, 3781268.056968464050442 ], [ 403193.591047812835313, 3781269.582909460645169 ], [ 403193.285859613446519, 3781269.582909460645169 ], [ 403192.980671414057724, 3781269.888097660150379 ], [ 403192.06510681589134, 3781269.888097660150379 ], [ 403191.759918616502546, 3781270.193285859655589 ], [ 403184.435401831113268, 3781270.193285859655589 ] ] ] } },
{ "type": "Feature", "properties": { "confidence": 0.7325979471206665, "class": 1, "regularized": null }, "geometry": { "type": "Polygon", "coordinates": [ [ [ 402732.756866734474897, 3781565.615462868940085 ], [ 402732.756866734474897, 3781565.310274669434875 ], [ 402732.451678535086103, 3781565.005086469929665 ], [ 402732.146490335697308, 3781565.005086469929665 ], [ 402731.841302136308514, 3781564.699898270424455 ], [ 402731.536113936919719, 3781564.699898270424455 ], [ 402730.92573753814213, 3781564.089521871879697 ], [ 402730.315361139364541, 3781564.089521871879697 ], [ 402730.010172939975746, 3781563.784333672374487 ], [ 402729.704984740586951, 3781563.784333672374487 ], [ 402729.704984740586951, 3781562.563580874819309 ], [ 402729.399796541198157, 3781562.258392675314099 ], [ 402729.399796541198157, 3781560.122075279708952 ], [ 402730.010172939975746, 3781560.122075279708952 ], [ 402730.315361139364541, 3781559.816887080203742 ], [ 402735.198372329585254, 3781559.816887080203742 ], [ 402735.503560528974049, 3781560.122075279708952 ], [ 402742.217700915585738, 3781560.122075279708952 ], [ 402742.828077314363327, 3781560.732451678719372 ], [ 402742.828077314363327, 3781562.868769074324518 ], [ 402742.522889114974532, 3781563.173957273829728 ], [ 402742.522889114974532, 3781563.784333672374487 ], [ 402742.217700915585738, 3781564.089521871879697 ], [ 402742.217700915585738, 3781564.394710071384907 ], [ 402741.912512716196943, 3781564.699898270424455 ], [ 402741.912512716196943, 3781565.005086469929665 ], [ 402741.607324516808148, 3781565.310274669434875 ], [ 402741.607324516808148, 3781565.615462868940085 ], [ 402732.756866734474897, 3781565.615462868940085 ] ] ] } },
{ "type": "Feature", "properties": { "confidence": 0.73140895366668701, "class": 1, "regularized": null }, "geometry": { "type": "Polygon", "coordinates": [ [ [ 402916.174974567664322, 3781262.868769074324518 ], [ 402916.174974567664322, 3781262.563580874819309 ], [ 402915.869786368275527, 3781262.258392675314099 ], [ 402915.869786368275527, 3781260.732451678719372 ], [ 402916.174974567664322, 3781260.427263479214162 ], [ 402916.174974567664322, 3781259.816887080203742 ], [ 402916.480162767053116, 3781259.816887080203742 ], [ 402916.785350966441911, 3781259.511698881164193 ], [ 402917.090539165830705, 3781259.511698881164193 ], [ 402917.3957273652195, 3781259.206510681658983 ], [ 402917.700915564608295, 3781259.206510681658983 ], [ 402918.616480162774678, 3781258.290946083609015 ], [ 402918.921668362163473, 3781258.290946083609015 ], [ 402919.226856561552268, 3781257.985757884103805 ], [ 402919.837232960329857, 3781257.985757884103805 ], [ 402920.447609359107446, 3781257.375381485093385 ], [ 402920.447609359107446, 3781256.765005086548626 ], [ 402921.057985757885035, 3781256.154628687538207 ], [ 402922.278738555440214, 3781256.154628687538207 ], [ 402922.278738555440214, 3781257.070193286053836 ], [ 402922.583926754829008, 3781257.375381485093385 ], [ 402922.583926754829008, 3781258.290946083609015 ], [ 402920.752797558496241, 3781260.122075279708952 ], [ 402920.752797558496241, 3781260.427263479214162 ], [ 402920.447609359107446, 3781260.732451678719372 ], [ 402920.447609359107446, 3781261.64801627676934 ], [ 402920.142421159718651, 3781261.95320447627455 ], [ 402920.142421159718651, 3781262.258392675314099 ], [ 402919.837232960329857, 3781262.258392675314099 ], [ 402919.532044760941062, 3781262.563580874819309 ], [ 402918.921668362163473, 3781262.563580874819309 ], [ 402918.616480162774678, 3781262.868769074324518 ], [ 402916.174974567664322, 3781262.868769074324518 ] ] ] } },
{ "type": "Feature", "properties": { "confidence": 0.72894847393035889, "class": 1, "regularized": null }, "geometry": { "type": "Polygon", "coordinates": [ [ [ 402616.785350966441911, 3781632.146490335930139 ], [ 402616.480162767053116, 3781631.841302136424929 ], [ 402615.869786368275527, 3781631.841302136424929 ], [ 402615.259409969497938, 3781631.230925737414509 ], [ 402615.259409969497938, 3781630.92573753837496 ], [ 402614.954221770109143, 3781630.62054933886975 ], [ 402614.954221770109143, 3781629.094608341809362 ], [ 402615.564598168886732, 3781628.484231942798942 ], [ 402616.174974567664322, 3781628.484231942798942 ], [ 402616.480162767053116, 3781628.179043743759394 ], [ 402621.668362156662624, 3781628.179043743759394 ], [ 402621.668362156662624, 3781628.789420142304152 ], [ 402621.973550356051419, 3781629.094608341809362 ], [ 402621.973550356051419, 3781629.399796541314572 ], [ 402622.278738555440214, 3781629.704984740819782 ], [ 402622.278738555440214, 3781631.841302136424929 ], [ 402621.36317395727383, 3781631.841302136424929 ], [ 402621.057985757885035, 3781632.146490335930139 ], [ 402616.785350966441911, 3781632.146490335930139 ] ] ] } },
{ "type": "Feature", "properties": { "confidence": 0.72132903337478638, "class": 1, "regularized": null }, "geometry": { "type": "Polygon", "coordinates": [ [ [ 403108.748728382517584, 3781533.265513733495027 ], [ 403108.138351983739994, 3781532.655137334484607 ], [ 403107.8331637843512, 3781532.655137334484607 ], [ 403107.8331637843512, 3781532.349949135445058 ], [ 403107.527975584962405, 3781532.044760935939848 ], [ 403107.527975584962405, 3781530.51881993887946 ], [ 403107.8331637843512, 3781530.21363173937425 ], [ 403107.8331637843512, 3781529.603255340829492 ], [ 403108.138351983739994, 3781529.298067141324282 ], [ 403108.138351983739994, 3781527.466937945224345 ], [ 403110.274669379461557, 3781527.466937945224345 ], [ 403110.579857578850351, 3781527.772126144263893 ], [ 403110.579857578850351, 3781530.82400813838467 ], [ 403110.274669379461557, 3781531.12919633788988 ], [ 403110.274669379461557, 3781532.044760935939848 ], [ 403109.969481180072762, 3781532.349949135445058 ], [ 403109.969481180072762, 3781532.655137334484607 ], [ 403109.664292980683967, 3781532.960325533989817 ], [ 403109.359104781295173, 3781532.960325533989817 ], [ 403109.053916581906378, 3781533.265513733495027 ], [ 403108.748728382517584, 3781533.265513733495027 ] ] ] } },
{ "type": "Feature", "properties": { "confidence": 0.71708405017852783, "class": 1, "regularized": "rectangle" }, "geometry": { "type": "Polygon", "coordinates": [ [ [ 402717.1875, 3781636.0 ], [ 402733.375, 3781636.0 ], [ 402733.375, 3781648.0 ], [ 402717.1875, 3781648.0 ], [ 402717.1875, 3781636.0 ] ] ] } },
{ "type": "Feature", "properties": { "confidence": 0.71686083078384399, "class": 1, "regularized": "rectangle" }, "geometry": { "type": "Polygon", "coordinates": [ [ [ 403071.59375, 3781245.0 ], [ 403073.96875, 3781224.0 ], [ 403083.90625, 3781225.0 ], [ 403081.53125, 3781246.0 ], [ 403071.59375, 3781245.0 ] ] ] } },
{ "type": "Feature", "properties": { "confidence": 0.71563798189163208, "class": 1, "regularized": null }, "geometry": { "type": "Polygon", "coordinates": [ [ [ 402818.819938962347806, 3781387.690742624457926 ], [ 402818.514750762959011, 3781387.385554425418377 ], [ 402817.293997965403832, 3781387.385554425418377 ], [ 402816.988809766015038, 3781387.080366225913167 ], [ 402816.683621566626243, 3781387.080366225913167 ], [ 402816.378433367237449, 3781386.775178026407957 ], [ 402816.073245167848654, 3781386.775178026407957 ], [ 402816.073245167848654, 3781384.94404883030802 ], [ 402815.768056968459859, 3781384.63886063080281 ], [ 402815.768056968459859, 3781379.755849440582097 ], [ 402816.073245167848654, 3781379.450661241076887 ], [ 402816.073245167848654, 3781378.840284842532128 ], [ 402816.378433367237449, 3781378.535096643026918 ], [ 402817.599186164792627, 3781378.535096643026918 ], [ 402817.904374364181422, 3781378.229908443521708 ], [ 402818.209562563570216, 3781378.535096643026918 ], [ 402822.177009155624546, 3781378.535096643026918 ], [ 402822.787385554402135, 3781379.145473041571677 ], [ 402822.787385554402135, 3781379.755849440582097 ], [ 402822.482197355013341, 3781380.061037640087306 ], [ 402822.482197355013341, 3781384.3336724312976 ], [ 402822.177009155624546, 3781384.63886063080281 ], [ 402822.177009155624546, 3781384.94404883030802 ], [ 402821.871820956235752, 3781385.249237029347569 ], [ 402821.871820956235752, 3781385.859613428357989 ], [ 402821.566632756846957, 3781386.164801627863199 ], [ 402821.566632756846957, 3781386.469989826902747 ], [ 402821.261444557458162, 3781386.775178026407957 ], [ 402821.261444557458162, 3781387.080366225913167 ], [ 402820.956256358069368, 3781387.385554425418377 ], [ 402820.345879959291779, 3781387.385554425418377 ], [ 402820.040691759902984, 3781387.690742624457926 ], [ 402818.819938962347806, 3781387.690742624457926 ] ] ] } },
{ "type": "Feature", "properties": { "confidence": 0.71161359548568726, "class": 1, "regularized": "rectangle" }, "geometry": { "type": "Polygon", "coordinates": [ [ [ 402978.59375, 3781294.5 ], [ 402989.28125, 3781294.0 ], [ 402990.03125, 3781314.5 ], [ 402979.34375, 3781315.0 ], [ 402978.59375, 3781294.5 ] ] ] } },
{ "type": "Feature", "properties": { "confidence": 0.70727217197418213, "class": 1, "regularized": null }, "geometry": { "type": "Polygon", "coordinates": [ [ [ 402876.195320447615813, 3781514.954221770167351 ], [ 402875.890132248227019, 3781514.649033570662141 ], [ 402874.059003051894251, 3781514.649033570662141 ], [ 402873.448626653116662, 3781514.038657172117382 ], [ 402873.448626653116662, 3781513.733468972612172 ], [ 402873.143438453727867, 3781513.428280773106962 ], [ 402873.143438453727867, 3781513.123092573601753 ], [ 402872.227873855561484, 3781512.207527975551784 ], [ 402872.227873855561484, 3781511.597151577007025 ], [ 402871.922685656172689, 3781511.291963377501816 ], [ 402871.922685656172689, 3781510.681586978491396 ], [ 402872.227873855561484, 3781510.376398779451847 ], [ 402872.227873855561484, 3781509.460834180936217 ], [ 402872.533062054950278, 3781509.155645981896669 ], [ 402872.533062054950278, 3781508.545269582886249 ], [ 402872.838250254339073, 3781508.545269582886249 ], [ 402873.143438453727867, 3781508.240081383381039 ], [ 402876.500508647004608, 3781508.240081383381039 ], [ 402877.110885045782197, 3781507.62970498483628 ], [ 402877.721261444559786, 3781507.62970498483628 ], [ 402878.026449643948581, 3781507.32451678533107 ], [ 402878.942014242114965, 3781507.32451678533107 ], [ 402879.247202441503759, 3781507.62970498483628 ], [ 402880.162767039670143, 3781507.62970498483628 ], [ 402880.467955239058938, 3781507.93489318434149 ], [ 402880.467955239058938, 3781508.240081383381039 ], [ 402881.078331637836527, 3781508.850457782391459 ], [ 402881.078331637836527, 3781509.766022380441427 ], [ 402881.383519837225322, 3781510.071210579946637 ], [ 402881.383519837225322, 3781510.376398779451847 ], [ 402881.688708036614116, 3781510.681586978491396 ], [ 402881.688708036614116, 3781514.038657172117382 ], [ 402881.383519837225322, 3781514.343845371156931 ], [ 402881.078331637836527, 3781514.343845371156931 ], [ 402880.773143438447732, 3781514.649033570662141 ], [ 402878.63682604272617, 3781514.649033570662141 ], [ 402878.331637843337376, 3781514.954221770167351 ], [ 402876.195320447615813, 3781514.954221770167351 ] ] ] } },
{ "type": "Feature", "properties": { "confidence": 0.70631438493728638, "class": 1, "regularized": null }, "geometry": { "type": "Polygon", "coordinates": [ [ [ 402991.861648016260006, 3781405.696846388746053 ], [ 402991.556459816871211, 3781405.391658189240843 ], [ 402989.420142421149649, 3781405.391658189240843 ], [ 402988.80976602237206, 3781404.781281790230423 ], [ 402988.80976602237206, 3781403.560528992675245 ], [ 402989.114954221760854, 3781403.255340793635696 ], [ 402989.114954221760854, 3781401.119023397564888 ], [ 402989.420142421149649, 3781400.813835198525339 ], [ 402989.420142421149649, 3781398.982706001959741 ], [ 402989.725330620538443, 3781398.677517802454531 ], [ 402989.725330620538443, 3781398.067141403909773 ], [ 402990.335707019316033, 3781397.456765004899353 ], [ 402990.335707019316033, 3781397.151576805859804 ], [ 402990.640895218704827, 3781396.846388606354594 ], [ 402990.946083418093622, 3781396.846388606354594 ], [ 402991.251271617482416, 3781396.541200406849384 ], [ 402991.556459816871211, 3781396.541200406849384 ], [ 402991.861648016260006, 3781396.236012207344174 ], [ 402992.1668362156488, 3781396.236012207344174 ], [ 402992.777212614426389, 3781395.625635808799416 ], [ 402993.387589013203979, 3781395.625635808799416 ], [ 402993.692777212592773, 3781395.320447609294206 ], [ 402995.829094608314335, 3781395.320447609294206 ], [ 402996.13428280770313, 3781395.625635808799416 ], [ 402996.744659206538927, 3781395.625635808799416 ], [ 402996.744659206538927, 3781397.761953204404563 ], [ 402997.049847405927721, 3781398.067141403909773 ], [ 402997.049847405927721, 3781400.813835198525339 ], [ 402997.355035605316516, 3781401.119023397564888 ], [ 402997.355035605316516, 3781405.086469989735633 ], [ 402997.049847405927721, 3781405.086469989735633 ], [ 402996.744659206538927, 3781405.391658189240843 ], [ 402993.997965411981568, 3781405.391658189240843 ], [ 402993.692777212592773, 3781405.696846388746053 ], [ 402991.861648016260006, 3781405.696846388746053 ] ] ] } },
{ "type": "Feature", "properties": { "confidence": 0.70538187026977539, "class": 1, "regularized": null }, "geometry": { "type": "Polygon", "coordinates": [ [ [ 403137.131230925733689, 3781382.197355035692453 ], [ 403136.826042726344895, 3781381.892166836187243 ], [ 403136.826042726344895, 3781380.671414038632065 ], [ 403137.131230925733689, 3781380.366225839126855 ], [ 403137.131230925733689, 3781379.450661241076887 ], [ 403137.436419125122484, 3781379.145473041571677 ], [ 403148.423194303177297, 3781379.145473041571677 ], [ 403148.423194303177297, 3781380.061037640087306 ], [ 403148.728382502566092, 3781380.366225839126855 ], [ 403148.728382502566092, 3781381.892166836187243 ], [ 403146.59206510684453, 3781381.892166836187243 ], [ 403146.286876907397527, 3781382.197355035692453 ], [ 403137.131230925733689, 3781382.197355035692453 ] ] ] } },
{ "type": "Feature", "properties": { "confidence": 0.70340746641159058, "class": 1, "regularized": null }, "geometry": { "type": "Polygon", "coordinates": [ [ [ 402986.368260427261703, 3781529.298067141324282 ], [ 402986.063072227872908, 3781528.992878941819072 ], [ 402986.063072227872908, 3781524.720244150608778 ], [ 402990.335707019316033, 3781524.720244150608778 ], [ 402990.335707019316033, 3781529.298067141324282 ], [ 402986.368260427261703, 3781529.298067141324282 ] ] ] } },
{ "type": "Feature", "properties": { "confidence": 0.70259648561477661, "class": 1, "regularized": null }, "geometry": { "type": "Polygon", "coordinates": [ [ [ 402773.652085452689789, 3781409.053916581906378 ], [ 402773.346897253300995, 3781408.748728382401168 ], [ 402771.210579857579432, 3781408.748728382401168 ], [ 402771.210579857579432, 3781406.002034587785602 ], [ 402771.515768056968227, 3781405.696846388746053 ], [ 402771.515768056968227, 3781402.339776195120066 ], [ 402771.210579857579432, 3781402.034587996080518 ], [ 402771.210579857579432, 3781399.593082400970161 ], [ 402771.820956256357022, 3781398.982706001959741 ], [ 402774.262461851467378, 3781398.982706001959741 ], [ 402774.567650050856173, 3781398.677517802454531 ], [ 402776.398779247188941, 3781398.677517802454531 ], [ 402777.00915564596653, 3781399.287894201464951 ], [ 402777.314343845355324, 3781399.287894201464951 ], [ 402777.619532044744119, 3781399.593082400970161 ], [ 402777.619532044744119, 3781399.89827060000971 ], [ 402777.924720244132914, 3781400.20345879951492 ], [ 402777.924720244132914, 3781400.813835198525339 ], [ 402778.535096642910503, 3781401.424211597070098 ], [ 402778.535096642910503, 3781401.729399796575308 ], [ 402780.061037639854476, 3781403.255340793635696 ], [ 402780.061037639854476, 3781404.781281790230423 ], [ 402778.535096642910503, 3781406.307222787290812 ], [ 402778.535096642910503, 3781406.612410986796021 ], [ 402778.229908443521708, 3781406.917599186301231 ], [ 402778.229908443521708, 3781407.8331637843512 ], [ 402777.924720244132914, 3781408.13835198385641 ], [ 402777.924720244132914, 3781408.443540182895958 ], [ 402777.619532044744119, 3781408.748728382401168 ], [ 402776.703967446577735, 3781408.748728382401168 ], [ 402776.398779247188941, 3781409.053916581906378 ], [ 402773.652085452689789, 3781409.053916581906378 ] ] ] } },
{ "type": "Feature", "properties": { "confidence": 0.70157891511917114, "class": 1, "regularized": null }, "geometry": { "type": "Polygon", "coordinates": [ [ [ 402904.883011190220714, 3781432.858596134465188 ], [ 402904.577822990831919, 3781432.553407934959978 ], [ 402903.357070193276741, 3781432.553407934959978 ], [ 402903.051881993887946, 3781432.248219735454768 ], [ 402903.051881993887946, 3781429.806714140344411 ], [ 402902.136317395721562, 3781428.891149542294443 ], [ 402902.136317395721562, 3781428.585961342789233 ], [ 402901.831129196332768, 3781428.280773143284023 ], [ 402901.831129196332768, 3781425.839267548173666 ], [ 402902.441505595110357, 3781425.839267548173666 ], [ 402902.746693794499151, 3781425.534079349134117 ], [ 402903.96744659205433, 3781425.534079349134117 ], [ 402904.272634791443124, 3781425.228891149628907 ], [ 402904.577822990831919, 3781425.534079349134117 ], [ 402905.188199389609508, 3781425.534079349134117 ], [ 402905.493387588998303, 3781425.839267548173666 ], [ 402907.32451678533107, 3781425.839267548173666 ], [ 402907.629704984719865, 3781425.534079349134117 ], [ 402907.629704984719865, 3781425.228891149628907 ], [ 402907.93489318410866, 3781425.228891149628907 ], [ 402908.240081383497454, 3781424.923702950123698 ], [ 402908.240081383497454, 3781424.618514750618488 ], [ 402908.545269582886249, 3781424.618514750618488 ], [ 402908.850457782275043, 3781424.313326551578939 ], [ 402910.376398779219016, 3781424.313326551578939 ], [ 402910.681586978607811, 3781424.618514750618488 ], [ 402911.597151576832402, 3781424.618514750618488 ], [ 402911.597151576832402, 3781425.839267548173666 ], [ 402911.902339776221197, 3781426.144455747678876 ], [ 402911.902339776221197, 3781431.637843336910009 ], [ 402911.597151576832402, 3781431.943031535949558 ], [ 402911.597151576832402, 3781432.248219735454768 ], [ 402911.291963377443608, 3781432.248219735454768 ], [ 402910.986775178054813, 3781432.553407934959978 ], [ 402908.850457782275043, 3781432.553407934959978 ], [ 402908.545269582886249, 3781432.858596134465188 ], [ 402904.883011190220714, 3781432.858596134465188 ] ] ] } },
{ "type": "Feature", "properties": { "confidence": 0.69779014587402344, "class": 1, "regularized": null }, "geometry": { "type": "Polygon", "coordinates": [ [ [ 403149.033570701954886, 3781448.423194303177297 ], [ 403149.033570701954886, 3781448.118006103672087 ], [ 403148.728382502566092, 3781447.812817904166877 ], [ 403147.812817904399708, 3781447.812817904166877 ], [ 403147.812817904399708, 3781447.202441505622119 ], [ 403147.507629705010913, 3781446.897253306116909 ], [ 403147.507629705010913, 3781446.28687690757215 ], [ 403147.812817904399708, 3781445.98168870806694 ], [ 403147.812817904399708, 3781445.37131230905652 ], [ 403148.118006103788503, 3781445.066124110016972 ], [ 403148.423194303177297, 3781445.066124110016972 ], [ 403150.864699898287654, 3781442.624618514906615 ], [ 403151.169888097676449, 3781442.624618514906615 ], [ 403151.780264496454038, 3781442.014242115896195 ], [ 403152.085452695842832, 3781442.014242115896195 ], [ 403152.695829094620422, 3781441.403865717351437 ], [ 403153.306205493398011, 3781441.403865717351437 ], [ 403153.611393692786805, 3781441.098677517846227 ], [ 403154.221770091564395, 3781441.098677517846227 ], [ 403154.832146490341984, 3781440.488301118835807 ], [ 403155.137334689730778, 3781440.488301118835807 ], [ 403156.052899287897162, 3781439.572736520785838 ], [ 403156.663275686674751, 3781439.572736520785838 ], [ 403156.663275686674751, 3781439.877924720291048 ], [ 403156.968463886063546, 3781440.183112919796258 ], [ 403156.968463886063546, 3781441.403865717351437 ], [ 403157.273652085452341, 3781441.709053916390985 ], [ 403157.273652085452341, 3781442.014242115896195 ], [ 403156.968463886063546, 3781442.319430315401405 ], [ 403156.968463886063546, 3781443.845371312461793 ], [ 403156.663275686674751, 3781444.150559511501342 ], [ 403156.663275686674751, 3781444.455747711006552 ], [ 403156.358087487285957, 3781444.760935910511762 ], [ 403156.358087487285957, 3781445.066124110016972 ], [ 403155.747711088508368, 3781445.67650050856173 ], [ 403155.747711088508368, 3781445.98168870806694 ], [ 403155.442522889119573, 3781446.28687690757215 ], [ 403155.137334689730778, 3781446.28687690757215 ], [ 403154.526958290953189, 3781446.897253306116909 ], [ 403154.221770091564395, 3781446.897253306116909 ], [ 403153.306205493398011, 3781447.812817904166877 ], [ 403152.695829094620422, 3781447.812817904166877 ], [ 403152.390640895231627, 3781448.118006103672087 ], [ 403152.390640895231627, 3781448.423194303177297 ], [ 403149.033570701954886, 3781448.423194303177297 ] ] ] } },
{ "type": "Feature", "properties": { "confidence": 0.69721364974975586, "class": 1, "regularized": null }, "geometry": { "type": "Polygon", "coordinates": [ [ [ 402873.143438453727867, 3781232.044760935939848 ], [ 402872.838250254339073, 3781231.739572736434639 ], [ 402871.617497456783894, 3781231.739572736434639 ], [ 402871.3123092573951, 3781231.434384536929429 ], [ 402868.565615462895948, 3781231.434384536929429 ], [ 402868.260427263507154, 3781231.739572736434639 ], [ 402867.039674465893768, 3781231.739572736434639 ], [ 402866.734486266504973, 3781231.434384536929429 ], [ 402866.734486266504973, 3781231.12919633788988 ], [ 402867.039674465893768, 3781230.82400813838467 ], [ 402867.039674465893768, 3781228.382502543274313 ], [ 402868.260427263507154, 3781227.161749745719135 ], [ 402868.565615462895948, 3781227.161749745719135 ], [ 402869.481180061062332, 3781226.246185147669166 ], [ 402870.091556459839921, 3781226.246185147669166 ], [ 402870.396744659228716, 3781225.940996948163956 ], [ 402871.922685656172689, 3781225.940996948163956 ], [ 402872.227873855561484, 3781226.246185147669166 ], [ 402872.533062054950278, 3781226.246185147669166 ], [ 402872.838250254339073, 3781226.551373346708715 ], [ 402872.838250254339073, 3781226.856561546213925 ], [ 402873.143438453727867, 3781227.161749745719135 ], [ 402873.143438453727867, 3781227.466937945224345 ], [ 402873.448626653116662, 3781227.772126144263893 ], [ 402873.448626653116662, 3781228.077314343769103 ], [ 402873.753814852505457, 3781228.382502543274313 ], [ 402873.753814852505457, 3781230.82400813838467 ], [ 402874.059003051894251, 3781231.12919633788988 ], [ 402874.059003051894251, 3781231.739572736434639 ], [ 402873.753814852505457, 3781231.739572736434639 ], [ 402873.448626653116662, 3781232.044760935939848 ], [ 402873.143438453727867, 3781232.044760935939848 ] ] ] } },
{ "type": "Feature", "properties": { "confidence": 0.69692379236221313, "class": 1, "regularized": null }, "geometry": { "type": "Polygon", "coordinates": [ [ [ 403082.807731434411835, 3781306.205493387766182 ], [ 403082.197355035634246, 3781305.595116988755763 ], [ 403081.892166836187243, 3781305.595116988755763 ], [ 403081.586978636798449, 3781305.289928789250553 ], [ 403081.586978636798449, 3781304.984740590211004 ], [ 403081.281790437409654, 3781304.679552390705794 ], [ 403081.281790437409654, 3781303.458799593150616 ], [ 403080.97660223802086, 3781303.153611393645406 ], [ 403081.281790437409654, 3781302.848423194140196 ], [ 403081.281790437409654, 3781299.491353000979871 ], [ 403081.586978636798449, 3781299.186164801474661 ], [ 403081.586978636798449, 3781298.880976602435112 ], [ 403082.197355035634246, 3781298.270600203424692 ], [ 403082.50254323502304, 3781298.270600203424692 ], [ 403082.807731434411835, 3781297.965412003919482 ], [ 403082.807731434411835, 3781297.660223804879934 ], [ 403083.418107833189424, 3781297.660223804879934 ], [ 403083.723296032578219, 3781297.355035605374724 ], [ 403084.028484231967013, 3781297.355035605374724 ], [ 403084.333672431355808, 3781297.049847405869514 ], [ 403084.944048830133397, 3781297.049847405869514 ], [ 403085.249237029522192, 3781296.744659206364304 ], [ 403085.554425228910986, 3781297.049847405869514 ], [ 403088.301119023410138, 3781297.049847405869514 ], [ 403088.606307222798932, 3781296.744659206364304 ], [ 403088.911495422187727, 3781296.744659206364304 ], [ 403089.216683621576522, 3781297.049847405869514 ], [ 403089.827060020354111, 3781297.049847405869514 ], [ 403090.4374364191317, 3781297.660223804879934 ], [ 403090.4374364191317, 3781298.880976602435112 ], [ 403090.742624618520495, 3781299.186164801474661 ], [ 403090.742624618520495, 3781300.10172939999029 ], [ 403090.4374364191317, 3781300.406917599029839 ], [ 403090.4374364191317, 3781301.627670396585017 ], [ 403088.911495422187727, 3781303.153611393645406 ], [ 403088.911495422187727, 3781303.763987792655826 ], [ 403088.606307222798932, 3781304.069175991695374 ], [ 403088.606307222798932, 3781304.374364191200584 ], [ 403088.301119023410138, 3781304.679552390705794 ], [ 403087.995930824021343, 3781304.679552390705794 ], [ 403087.690742624632549, 3781304.984740590211004 ], [ 403086.775178026466165, 3781304.984740590211004 ], [ 403086.46998982707737, 3781305.289928789250553 ], [ 403085.859613428299781, 3781305.289928789250553 ], [ 403085.249237029522192, 3781305.900305188260972 ], [ 403084.944048830133397, 3781305.900305188260972 ], [ 403084.638860630744603, 3781306.205493387766182 ], [ 403082.807731434411835, 3781306.205493387766182 ] ] ] } },
{ "type": "Feature", "properties": { "confidence": 0.69534194469451904, "class": 1, "regularized": null }, "geometry": { "type": "Polygon", "coordinates": [ [ [ 402838.351983723288868, 3781352.899287894368172 ], [ 402838.046795523900073, 3781352.594099694862962 ], [ 402836.215666327567305, 3781352.594099694862962 ], [ 402835.910478128178511, 3781352.288911495357752 ], [ 402835.605289928789716, 3781352.288911495357752 ], [ 402835.300101729400922, 3781351.983723295852542 ], [ 402835.300101729400922, 3781345.574771109037101 ], [ 402835.910478128178511, 3781344.964394710026681 ], [ 402835.910478128178511, 3781344.659206510521472 ], [ 402836.215666327567305, 3781344.354018311481923 ], [ 402836.215666327567305, 3781344.048830111976713 ], [ 402836.826042726344895, 3781343.438453712966293 ], [ 402837.131230925733689, 3781343.438453712966293 ], [ 402837.436419125122484, 3781343.743641912471503 ], [ 402837.741607324511278, 3781343.743641912471503 ], [ 402837.741607324511278, 3781344.048830111976713 ], [ 402838.657171922677662, 3781344.964394710026681 ], [ 402838.657171922677662, 3781345.269582909531891 ], [ 402839.267548321455251, 3781345.87995930807665 ], [ 402839.572736520844046, 3781345.87995930807665 ], [ 402839.572736520844046, 3781346.18514750758186 ], [ 402839.877924720232841, 3781346.49033570708707 ], [ 402839.877924720232841, 3781346.79552390659228 ], [ 402840.183112919621635, 3781347.100712105631828 ], [ 402840.183112919621635, 3781352.594099694862962 ], [ 402839.877924720232841, 3781352.594099694862962 ], [ 402839.572736520844046, 3781352.899287894368172 ], [ 402838.351983723288868, 3781352.899287894368172 ] ] ] } },
{ "type": "Feature", "properties": { "confidence": 0.69512003660202026, "class": 1, "regularized": null }, "geometry": { "type": "Polygon", "coordinates": [ [ [ 403043.743641912529711, 3781411.800610376521945 ], [ 403043.438453713140916, 3781411.495422177016735 ], [ 403043.133265513752121, 3781411.495422177016735 ], [ 403042.522889114974532, 3781410.885045778006315 ], [ 403042.522889114974532, 3781410.274669379461557 ], [ 403042.828077314363327, 3781409.969481179956347 ], [ 403042.828077314363327, 3781409.664292980451137 ], [ 403050.152594099694397, 3781409.664292980451137 ], [ 403050.152594099694397, 3781409.969481179956347 ], [ 403050.457782299083192, 3781410.274669379461557 ], [ 403050.762970498471987, 3781410.274669379461557 ], [ 403050.152594099694397, 3781410.885045778006315 ], [ 403049.542217700916808, 3781410.885045778006315 ], [ 403049.237029501528013, 3781411.190233977511525 ], [ 403048.931841302139219, 3781411.190233977511525 ], [ 403048.626653102750424, 3781411.495422177016735 ], [ 403048.016276703972835, 3781411.495422177016735 ], [ 403047.71108850458404, 3781411.800610376521945 ], [ 403043.743641912529711, 3781411.800610376521945 ] ] ] } },
{ "type": "Feature", "properties": { "confidence": 0.69468975067138672, "class": 1, "regularized": null }, "geometry": { "type": "Polygon", "coordinates": [ [ [ 402657.375381485268008, 3781659.613428280688822 ], [ 402657.070193285879213, 3781659.308240081183612 ], [ 402656.459816887101624, 3781659.308240081183612 ], [ 402655.849440488324035, 3781658.697863682638854 ], [ 402655.849440488324035, 3781657.171922685578465 ], [ 402655.54425228893524, 3781656.866734486073256 ], [ 402655.54425228893524, 3781655.951169888023287 ], [ 402655.239064089546446, 3781655.645981688518077 ], [ 402655.239064089546446, 3781654.12004069192335 ], [ 402656.15462868771283, 3781653.20447609340772 ], [ 402656.459816887101624, 3781653.50966429291293 ], [ 402657.375381485268008, 3781653.50966429291293 ], [ 402657.680569684656803, 3781653.81485249241814 ], [ 402658.290946083434392, 3781653.81485249241814 ], [ 402658.596134282823186, 3781654.12004069192335 ], [ 402659.816887080378365, 3781654.12004069192335 ], [ 402660.122075279767159, 3781654.425228890962899 ], [ 402661.342828077322338, 3781654.425228890962899 ], [ 402661.648016276711132, 3781654.12004069192335 ], [ 402662.563580874877516, 3781654.12004069192335 ], [ 402663.173957273655105, 3781653.50966429291293 ], [ 402663.4791454730439, 3781653.50966429291293 ], [ 402663.784333672432695, 3781653.20447609340772 ], [ 402663.784333672432695, 3781654.425228890962899 ], [ 402664.394710071210284, 3781655.035605289973319 ], [ 402664.699898270599078, 3781655.035605289973319 ], [ 402664.699898270599078, 3781655.645981688518077 ], [ 402665.005086469987873, 3781655.951169888023287 ], [ 402665.005086469987873, 3781658.697863682638854 ], [ 402665.310274669376668, 3781659.003051882144064 ], [ 402665.005086469987873, 3781659.308240081183612 ], [ 402662.563580874877516, 3781659.308240081183612 ], [ 402662.258392675488722, 3781659.613428280688822 ], [ 402657.375381485268008, 3781659.613428280688822 ] ] ] } },
{ "type": "Feature", "properties": { "confidence": 0.68809050321578979, "class": 1, "regularized": null }, "geometry": { "type": "Polygon", "coordinates": [ [ [ 402988.80976602237206, 3781254.32349949143827 ], [ 402987.894201424205676, 3781253.407934893388301 ], [ 402987.894201424205676, 3781252.492370294872671 ], [ 402987.589013224816881, 3781252.187182095833123 ], [ 402987.589013224816881, 3781250.966429298277944 ], [ 402987.894201424205676, 3781250.661241098772734 ], [ 402987.894201424205676, 3781250.356052899267524 ], [ 402988.19938962359447, 3781250.050864699762315 ], [ 402988.19938962359447, 3781247.609359104651958 ], [ 402988.504577822983265, 3781247.304170905612409 ], [ 402988.504577822983265, 3781246.388606307096779 ], [ 402988.80976602237206, 3781246.083418108057231 ], [ 402988.80976602237206, 3781243.947100711986423 ], [ 402989.114954221760854, 3781243.641912512946874 ], [ 402989.114954221760854, 3781243.031536113936454 ], [ 402989.420142421149649, 3781242.726347914431244 ], [ 402989.420142421149649, 3781242.115971515886486 ], [ 402990.030518819927238, 3781241.505595116876066 ], [ 402990.030518819927238, 3781241.200406917370856 ], [ 402990.946083418093622, 3781240.284842319320887 ], [ 402991.251271617482416, 3781240.284842319320887 ], [ 402991.556459816871211, 3781239.979654119815677 ], [ 402993.997965411981568, 3781239.979654119815677 ], [ 402994.303153611370362, 3781240.284842319320887 ], [ 402994.608341810759157, 3781240.284842319320887 ], [ 402994.913530010147952, 3781240.590030518826097 ], [ 402994.913530010147952, 3781245.778229908552021 ], [ 402994.608341810759157, 3781246.083418108057231 ], [ 402994.608341810759157, 3781246.693794506601989 ], [ 402993.997965411981568, 3781247.304170905612409 ], [ 402993.997965411981568, 3781247.609359104651958 ], [ 402993.692777212592773, 3781247.914547304157168 ], [ 402993.692777212592773, 3781248.830111902207136 ], [ 402993.387589013203979, 3781249.135300101712346 ], [ 402993.387589013203979, 3781251.576805696822703 ], [ 402992.777212614426389, 3781252.187182095833123 ], [ 402992.777212614426389, 3781252.797558494377881 ], [ 402992.1668362156488, 3781253.407934893388301 ], [ 402992.1668362156488, 3781253.71312309242785 ], [ 402991.861648016260006, 3781253.71312309242785 ], [ 402991.556459816871211, 3781254.01831129193306 ], [ 402991.251271617482416, 3781254.01831129193306 ], [ 402990.946083418093622, 3781254.32349949143827 ], [ 402988.80976602237206, 3781254.32349949143827 ] ] ] } },
{ "type": "Feature", "properties": { "confidence": 0.6867099404335022, "class": 1, "regularized": null }, "geometry": { "type": "Polygon", "coordinates": [ [ [ 403111.19023397762794, 3781679.145473041571677 ], [ 403110.885045778239146, 3781678.840284842532128 ], [ 403110.579857578850351, 3781678.840284842532128 ], [ 403109.969481180072762, 3781678.229908443521708 ], [ 403109.969481180072762, 3781677.31434384547174 ], [ 403109.664292980683967, 3781677.00915564596653 ], [ 403109.664292980683967, 3781676.398779247421771 ], [ 403109.359104781295173, 3781676.093591047916561 ], [ 403109.359104781295173, 3781672.736520854756236 ], [ 403109.664292980683967, 3781672.736520854756236 ], [ 403109.969481180072762, 3781672.431332655251026 ], [ 403110.885045778239146, 3781672.431332655251026 ], [ 403111.19023397762794, 3781672.126144455745816 ], [ 403112.105798575794324, 3781672.126144455745816 ], [ 403113.021363173960708, 3781671.210579857695848 ], [ 403113.021363173960708, 3781670.905391658190638 ], [ 403113.326551373349503, 3781670.905391658190638 ], [ 403113.631739572738297, 3781670.600203458685428 ], [ 403113.631739572738297, 3781670.295015259180218 ], [ 403113.936927772127092, 3781669.989827060140669 ], [ 403115.15768056968227, 3781669.989827060140669 ], [ 403116.073245167848654, 3781670.905391658190638 ], [ 403116.073245167848654, 3781671.210579857695848 ], [ 403116.378433367237449, 3781671.515768057201058 ], [ 403116.378433367237449, 3781672.126144455745816 ], [ 403116.683621566626243, 3781672.431332655251026 ], [ 403116.683621566626243, 3781672.736520854756236 ], [ 403116.988809766015038, 3781673.041709053795785 ], [ 403116.988809766015038, 3781673.346897253300995 ], [ 403117.293997965403832, 3781673.652085452806205 ], [ 403117.293997965403832, 3781673.957273652311414 ], [ 403117.599186164792627, 3781674.262461851350963 ], [ 403117.599186164792627, 3781675.483214648906142 ], [ 403117.904374364181422, 3781675.788402848411351 ], [ 403117.599186164792627, 3781676.093591047916561 ], [ 403117.599186164792627, 3781676.70396744646132 ], [ 403117.904374364181422, 3781677.00915564596653 ], [ 403117.904374364181422, 3781677.31434384547174 ], [ 403117.599186164792627, 3781677.31434384547174 ], [ 403117.293997965403832, 3781677.61953204497695 ], [ 403116.683621566626243, 3781677.61953204497695 ], [ 403116.378433367237449, 3781677.924720244016498 ], [ 403115.462868769071065, 3781677.924720244016498 ], [ 403115.15768056968227, 3781678.229908443521708 ], [ 403114.547304170904681, 3781678.229908443521708 ], [ 403114.242115971515886, 3781678.535096643026918 ], [ 403113.631739572738297, 3781678.535096643026918 ], [ 403113.326551373349503, 3781678.840284842532128 ], [ 403112.716174974571913, 3781678.840284842532128 ], [ 403112.410986775183119, 3781679.145473041571677 ], [ 403111.19023397762794, 3781679.145473041571677 ] ] ] } },
{ "type": "Feature", "properties": { "confidence": 0.68231987953186035, "class": 1, "regularized": null }, "geometry": { "type": "Polygon", "coordinates": [ [ [ 403085.859613428299781, 3781612.919633774086833 ], [ 403085.859613428299781, 3781609.562563580926508 ], [ 403089.216683621576522, 3781609.562563580926508 ], [ 403089.216683621576522, 3781609.867751780431718 ], [ 403089.827060020354111, 3781610.478128178976476 ], [ 403089.827060020354111, 3781610.783316378481686 ], [ 403090.742624618520495, 3781611.698880976531655 ], [ 403090.742624618520495, 3781612.004069176036865 ], [ 403091.047812817909289, 3781612.309257375542074 ], [ 403090.4374364191317, 3781612.919633774086833 ], [ 403085.859613428299781, 3781612.919633774086833 ] ] ] } },
{ "type": "Feature", "properties": { "confidence": 0.68063724040985107, "class": 1, "regularized": "rectangle" }, "geometry": { "type": "Polygon", "coordinates": [ [ [ 403131.34375, 3781344.75 ], [ 403131.34375, 3781326.25 ], [ 403145.34375, 3781326.25 ], [ 403145.34375, 3781344.75 ], [ 403131.34375, 3781344.75 ] ] ] } },
{ "type": "Feature", "properties": { "confidence": 0.67149388790130615, "class": 1, "regularized": null }, "geometry": { "type": "Polygon", "coordinates": [ [ [ 402732.146490335697308, 3781356.256358087528497 ], [ 402732.146490335697308, 3781355.951169888023287 ], [ 402731.841302136308514, 3781355.645981688518077 ], [ 402731.536113936919719, 3781355.645981688518077 ], [ 402731.536113936919719, 3781355.340793489478528 ], [ 402731.230925737530924, 3781355.035605289973319 ], [ 402731.230925737530924, 3781354.730417090468109 ], [ 402730.92573753814213, 3781354.425228890962899 ], [ 402730.620549338753335, 3781354.425228890962899 ], [ 402730.620549338753335, 3781353.81485249241814 ], [ 402730.92573753814213, 3781353.50966429291293 ], [ 402730.92573753814213, 3781353.20447609340772 ], [ 402731.230925737530924, 3781352.899287894368172 ], [ 402731.230925737530924, 3781352.594099694862962 ], [ 402731.841302136308514, 3781351.983723295852542 ], [ 402732.146490335697308, 3781351.983723295852542 ], [ 402733.062054933863692, 3781351.068158697802573 ], [ 402733.367243133252487, 3781351.068158697802573 ], [ 402733.977619532030076, 3781350.457782299257815 ], [ 402733.977619532030076, 3781350.152594099752605 ], [ 402734.28280773141887, 3781349.847405900247395 ], [ 402734.28280773141887, 3781349.542217700742185 ], [ 402735.198372329585254, 3781348.626653102692217 ], [ 402736.724313326529227, 3781348.626653102692217 ], [ 402737.029501525918022, 3781348.321464903187007 ], [ 402738.2502543234732, 3781348.321464903187007 ], [ 402738.555442522861995, 3781348.016276704147458 ], [ 402739.776195320475381, 3781348.016276704147458 ], [ 402740.081383519864175, 3781348.321464903187007 ], [ 402740.38657171925297, 3781348.321464903187007 ], [ 402740.996948118030559, 3781348.931841302197427 ], [ 402740.996948118030559, 3781350.457782299257815 ], [ 402741.302136317419354, 3781350.762970498297364 ], [ 402741.302136317419354, 3781351.373346897307783 ], [ 402741.607324516808148, 3781351.678535096812993 ], [ 402741.607324516808148, 3781351.983723295852542 ], [ 402741.912512716196943, 3781352.288911495357752 ], [ 402741.912512716196943, 3781355.645981688518077 ], [ 402741.607324516808148, 3781355.951169888023287 ], [ 402741.607324516808148, 3781356.256358087528497 ], [ 402732.146490335697308, 3781356.256358087528497 ] ] ] } },
{ "type": "Feature", "properties": { "confidence": 0.66302961111068726, "class": 1, "regularized": "rectangle" }, "geometry": { "type": "Polygon", "coordinates": [ [ [ 402971.375, 3781465.0 ], [ 402993.375, 3781465.0 ], [ 402993.375, 3781476.0 ], [ 402971.375, 3781476.0 ], [ 402971.375, 3781465.0 ] ] ] } },
{ "type": "Feature", "properties": { "confidence": 0.65680104494094849, "class": 1, "regularized": null }, "geometry": { "type": "Polygon", "coordinates": [ [ [ 403062.665310274693184, 3781356.256358087528497 ], [ 403062.665310274693184, 3781355.951169888023287 ], [ 403061.444557477138005, 3781354.730417090468109 ], [ 403060.834181078360416, 3781354.730417090468109 ], [ 403060.528992878913414, 3781354.425228890962899 ], [ 403060.223804679524619, 3781354.425228890962899 ], [ 403059.918616480135825, 3781354.12004069192335 ], [ 403059.918616480135825, 3781352.288911495357752 ], [ 403060.528992878913414, 3781351.678535096812993 ], [ 403061.139369277749211, 3781351.678535096812993 ], [ 403061.7497456765268, 3781351.068158697802573 ], [ 403061.7497456765268, 3781350.152594099752605 ], [ 403064.496439471025951, 3781350.152594099752605 ], [ 403064.496439471025951, 3781351.068158697802573 ], [ 403064.801627670414746, 3781351.373346897307783 ], [ 403064.801627670414746, 3781352.288911495357752 ], [ 403065.10681586980354, 3781352.594099694862962 ], [ 403065.10681586980354, 3781354.730417090468109 ], [ 403064.801627670414746, 3781355.035605289973319 ], [ 403064.801627670414746, 3781355.340793489478528 ], [ 403064.191251271637157, 3781355.951169888023287 ], [ 403064.191251271637157, 3781356.256358087528497 ], [ 403062.665310274693184, 3781356.256358087528497 ] ] ] } },
{ "type": "Feature", "properties": { "confidence": 0.65286004543304443, "class": 1, "regularized": null }, "geometry": { "type": "Polygon", "coordinates": [ [ [ 402819.430315361125395, 3781558.596134282648563 ], [ 402819.1251271617366, 3781558.290946083609015 ], [ 402818.819938962347806, 3781558.290946083609015 ], [ 402818.209562563570216, 3781557.680569684598595 ], [ 402817.904374364181422, 3781557.680569684598595 ], [ 402817.293997965403832, 3781557.070193286053836 ], [ 402816.988809766015038, 3781557.070193286053836 ], [ 402816.683621566626243, 3781556.765005086548626 ], [ 402816.378433367237449, 3781556.765005086548626 ], [ 402816.073245167848654, 3781556.459816887043417 ], [ 402815.462868769071065, 3781556.459816887043417 ], [ 402814.852492370293476, 3781555.849440488498658 ], [ 402814.852492370293476, 3781553.102746693883091 ], [ 402814.547304170904681, 3781552.797558494377881 ], [ 402814.547304170904681, 3781551.881993896327913 ], [ 402814.852492370293476, 3781551.576805696822703 ], [ 402814.852492370293476, 3781550.966429298277944 ], [ 402815.15768056968227, 3781550.661241098772734 ], [ 402815.15768056968227, 3781549.440488301217556 ], [ 402818.514750762959011, 3781549.440488301217556 ], [ 402817.904374364181422, 3781550.050864699762315 ], [ 402817.904374364181422, 3781550.661241098772734 ], [ 402818.209562563570216, 3781550.966429298277944 ], [ 402818.209562563570216, 3781551.576805696822703 ], [ 402819.1251271617366, 3781552.492370294872671 ], [ 402819.430315361125395, 3781552.492370294872671 ], [ 402820.040691759902984, 3781553.102746693883091 ], [ 402820.345879959291779, 3781553.102746693883091 ], [ 402820.651068158680573, 3781553.407934893388301 ], [ 402821.261444557458162, 3781553.407934893388301 ], [ 402821.871820956235752, 3781554.01831129193306 ], [ 402821.871820956235752, 3781556.154628687538207 ], [ 402820.956256358069368, 3781557.070193286053836 ], [ 402820.956256358069368, 3781557.680569684598595 ], [ 402820.651068158680573, 3781557.985757884103805 ], [ 402820.651068158680573, 3781558.290946083609015 ], [ 402820.345879959291779, 3781558.596134282648563 ], [ 402819.430315361125395, 3781558.596134282648563 ] ] ] } },
{ "type": "Feature", "properties": { "confidence": 0.65233826637268066, "class": 1, "regularized": null }, "geometry": { "type": "Polygon", "coordinates": [ [ [ 402634.791454730439, 3781378.840284842532128 ], [ 402634.791454730439, 3781377.61953204497695 ], [ 402634.486266531050205, 3781377.31434384547174 ], [ 402634.486266531050205, 3781376.398779247421771 ], [ 402634.791454730439, 3781376.093591047916561 ], [ 402634.791454730439, 3781375.788402848411351 ], [ 402635.401831129216589, 3781375.788402848411351 ], [ 402635.707019328605384, 3781375.483214648906142 ], [ 402636.317395727382973, 3781375.483214648906142 ], [ 402636.622583926771767, 3781375.788402848411351 ], [ 402637.538148524938151, 3781375.788402848411351 ], [ 402637.843336724326946, 3781376.093591047916561 ], [ 402638.453713123104535, 3781376.093591047916561 ], [ 402638.75890132249333, 3781376.398779247421771 ], [ 402638.75890132249333, 3781378.229908443521708 ], [ 402638.14852492371574, 3781378.840284842532128 ], [ 402634.791454730439, 3781378.840284842532128 ] ] ] } },
{ "type": "Feature", "properties": { "confidence": 0.63091307878494263, "class": 1, "regularized": null }, "geometry": { "type": "Polygon", "coordinates": [ [ [ 402834.384537131234538, 3781508.545269582886249 ], [ 402834.384537131234538, 3781502.136317395605147 ], [ 402834.689725330623332, 3781502.136317395605147 ], [ 402834.994913530012127, 3781501.831129196565598 ], [ 402834.994913530012127, 3781501.220752797555178 ], [ 402835.300101729400922, 3781500.915564598049968 ], [ 402835.300101729400922, 3781499.69481180049479 ], [ 402835.605289928789716, 3781499.38962360098958 ], [ 402835.605289928789716, 3781499.084435401950032 ], [ 402835.910478128178511, 3781498.779247202444822 ], [ 402836.5208545269561, 3781498.779247202444822 ], [ 402836.826042726344895, 3781498.474059002939612 ], [ 402838.351983723288868, 3781498.474059002939612 ], [ 402838.351983723288868, 3781498.779247202444822 ], [ 402838.657171922677662, 3781499.084435401950032 ], [ 402838.657171922677662, 3781500.0 ], [ 402838.351983723288868, 3781500.30518819950521 ], [ 402838.351983723288868, 3781500.61037639901042 ], [ 402838.046795523900073, 3781500.915564598049968 ], [ 402838.046795523900073, 3781501.220752797555178 ], [ 402837.741607324511278, 3781501.525940997060388 ], [ 402837.741607324511278, 3781503.051881994120777 ], [ 402837.436419125122484, 3781503.357070193160325 ], [ 402837.436419125122484, 3781503.967446592170745 ], [ 402837.131230925733689, 3781504.272634791675955 ], [ 402837.131230925733689, 3781504.577822990715504 ], [ 402836.5208545269561, 3781505.188199389725924 ], [ 402836.5208545269561, 3781505.493387589231133 ], [ 402835.910478128178511, 3781506.103763987775892 ], [ 402835.910478128178511, 3781506.408952187281102 ], [ 402835.605289928789716, 3781506.714140386786312 ], [ 402835.605289928789716, 3781507.32451678533107 ], [ 402835.300101729400922, 3781507.62970498483628 ], [ 402835.300101729400922, 3781507.93489318434149 ], [ 402834.689725330623332, 3781508.545269582886249 ], [ 402834.384537131234538, 3781508.545269582886249 ] ] ] } },
{ "type": "Feature", "properties": { "confidence": 0.6287606954574585, "class": 1, "regularized": null }, "geometry": { "type": "Polygon", "coordinates": [ [ [ 403126.754832146514673, 3781510.376398779451847 ], [ 403126.449643947125878, 3781510.071210579946637 ], [ 403126.144455747737084, 3781510.071210579946637 ], [ 403126.144455747737084, 3781509.766022380441427 ], [ 403126.449643947125878, 3781509.460834180936217 ], [ 403126.449643947125878, 3781506.714140386786312 ], [ 403126.754832146514673, 3781506.408952187281102 ], [ 403134.079348931845743, 3781506.408952187281102 ], [ 403134.994913530012127, 3781507.32451678533107 ], [ 403134.994913530012127, 3781507.93489318434149 ], [ 403135.300101729400922, 3781508.240081383381039 ], [ 403135.300101729400922, 3781509.766022380441427 ], [ 403134.994913530012127, 3781510.071210579946637 ], [ 403134.384537131234538, 3781510.071210579946637 ], [ 403134.079348931845743, 3781510.376398779451847 ], [ 403126.754832146514673, 3781510.376398779451847 ] ] ] } },
{ "type": "Feature", "properties": { "confidence": 0.62752425670623779, "class": 1, "regularized": null }, "geometry": { "type": "Polygon", "coordinates": [ [ [ 403158.494404883007519, 3781410.885045778006315 ], [ 403158.189216683618724, 3781410.579857578966767 ], [ 403157.88402848422993, 3781410.579857578966767 ], [ 403157.578840284841135, 3781410.274669379461557 ], [ 403157.578840284841135, 3781409.664292980451137 ], [ 403166.124109867727384, 3781409.664292980451137 ], [ 403165.208545269561, 3781410.579857578966767 ], [ 403164.903357070172206, 3781410.579857578966767 ], [ 403164.598168870783411, 3781410.885045778006315 ], [ 403158.494404883007519, 3781410.885045778006315 ] ] ] } },
{ "type": "Feature", "properties": { "confidence": 0.62618261575698853, "class": 1, "regularized": null }, "geometry": { "type": "Polygon", "coordinates": [ [ [ 402874.059003051894251, 3781539.979654119815677 ], [ 402873.753814852505457, 3781539.674465920776129 ], [ 402873.448626653116662, 3781539.674465920776129 ], [ 402873.143438453727867, 3781539.369277721270919 ], [ 402873.143438453727867, 3781536.927772126160562 ], [ 402872.838250254339073, 3781536.622583926655352 ], [ 402872.838250254339073, 3781534.791454730555415 ], [ 402873.143438453727867, 3781534.791454730555415 ], [ 402873.448626653116662, 3781534.486266531050205 ], [ 402875.584944048838224, 3781534.486266531050205 ], [ 402875.890132248227019, 3781534.181078331544995 ], [ 402876.500508647004608, 3781534.181078331544995 ], [ 402876.805696846393403, 3781533.875890132039785 ], [ 402881.078331637836527, 3781533.875890132039785 ], [ 402881.078331637836527, 3781536.317395727150142 ], [ 402880.773143438447732, 3781536.622583926655352 ], [ 402880.773143438447732, 3781539.369277721270919 ], [ 402880.162767039670143, 3781539.979654119815677 ], [ 402874.059003051894251, 3781539.979654119815677 ] ] ] } },
{ "type": "Feature", "properties": { "confidence": 0.62497144937515259, "class": 1, "regularized": null }, "geometry": { "type": "Polygon", "coordinates": [ [ [ 403160.630722278729081, 3781659.003051882144064 ], [ 403160.325534079340287, 3781658.697863682638854 ], [ 403160.020345879951492, 3781658.697863682638854 ], [ 403159.715157680562697, 3781658.392675483133644 ], [ 403159.409969481173903, 3781658.392675483133644 ], [ 403158.494404883007519, 3781657.477110885083675 ], [ 403158.189216683618724, 3781657.477110885083675 ], [ 403157.578840284841135, 3781656.866734486073256 ], [ 403156.663275686674751, 3781656.866734486073256 ], [ 403155.747711088508368, 3781655.951169888023287 ], [ 403155.747711088508368, 3781653.50966429291293 ], [ 403155.442522889119573, 3781653.20447609340772 ], [ 403155.442522889119573, 3781652.899287894368172 ], [ 403155.137334689730778, 3781652.594099694862962 ], [ 403155.137334689730778, 3781651.068158697802573 ], [ 403155.442522889119573, 3781651.068158697802573 ], [ 403155.747711088508368, 3781650.762970498297364 ], [ 403157.88402848422993, 3781650.762970498297364 ], [ 403158.189216683618724, 3781651.068158697802573 ], [ 403158.494404883007519, 3781651.068158697802573 ], [ 403158.494404883007519, 3781651.373346897307783 ], [ 403158.799593082396314, 3781651.678535096812993 ], [ 403158.799593082396314, 3781651.983723295852542 ], [ 403160.630722278729081, 3781653.81485249241814 ], [ 403160.630722278729081, 3781654.12004069192335 ], [ 403161.546286876895465, 3781655.035605289973319 ], [ 403161.85147507628426, 3781655.035605289973319 ], [ 403161.85147507628426, 3781655.340793489478528 ], [ 403162.156663275673054, 3781655.645981688518077 ], [ 403162.156663275673054, 3781656.866734486073256 ], [ 403161.85147507628426, 3781657.171922685578465 ], [ 403161.85147507628426, 3781657.782299084588885 ], [ 403161.546286876895465, 3781658.087487283628434 ], [ 403161.546286876895465, 3781658.392675483133644 ], [ 403161.24109867750667, 3781658.392675483133644 ], [ 403160.630722278729081, 3781659.003051882144064 ] ] ] } },
{ "type": "Feature", "properties": { "confidence": 0.62449342012405396, "class": 1, "regularized": null }, "geometry": { "type": "Polygon", "coordinates": [ [ [ 402768.158697863691486, 3781351.068158697802573 ], [ 402767.853509664302692, 3781350.762970498297364 ], [ 402767.548321464913897, 3781350.762970498297364 ], [ 402766.937945066136308, 3781350.152594099752605 ], [ 402766.937945066136308, 3781348.626653102692217 ], [ 402767.243133265525103, 3781348.321464903187007 ], [ 402767.243133265525103, 3781348.016276704147458 ], [ 402767.548321464913897, 3781347.711088504642248 ], [ 402767.548321464913897, 3781346.49033570708707 ], [ 402768.158697863691486, 3781345.87995930807665 ], [ 402772.736520854523405, 3781345.87995930807665 ], [ 402773.0417090539122, 3781345.574771109037101 ], [ 402773.957273652078584, 3781345.574771109037101 ], [ 402774.262461851467378, 3781345.269582909531891 ], [ 402774.567650050856173, 3781345.269582909531891 ], [ 402774.872838250244968, 3781344.964394710026681 ], [ 402775.178026449633762, 3781344.964394710026681 ], [ 402775.483214649022557, 3781344.659206510521472 ], [ 402776.703967446577735, 3781344.659206510521472 ], [ 402777.314343845355324, 3781345.269582909531891 ], [ 402777.924720244132914, 3781345.269582909531891 ], [ 402777.924720244132914, 3781345.574771109037101 ], [ 402778.229908443521708, 3781345.87995930807665 ], [ 402778.840284842299297, 3781345.87995930807665 ], [ 402778.840284842299297, 3781346.79552390659228 ], [ 402776.398779247188941, 3781349.237029501702636 ], [ 402776.398779247188941, 3781349.542217700742185 ], [ 402776.093591047800146, 3781349.542217700742185 ], [ 402775.788402848411351, 3781349.847405900247395 ], [ 402773.652085452689789, 3781349.847405900247395 ], [ 402773.346897253300995, 3781350.152594099752605 ], [ 402770.600203458801843, 3781350.152594099752605 ], [ 402770.295015259413049, 3781350.457782299257815 ], [ 402769.379450661246665, 3781350.457782299257815 ], [ 402769.07426246185787, 3781350.762970498297364 ], [ 402768.769074262469076, 3781350.762970498297364 ], [ 402768.463886063080281, 3781351.068158697802573 ], [ 402768.158697863691486, 3781351.068158697802573 ] ] ] } },
{ "type": "Feature", "properties": { "confidence": 0.62181544303894043, "class": 1, "regularized": null }, "geometry": { "type": "Polygon", "coordinates": [ [ [ 402863.682604272617027, 3781353.50966429291293 ], [ 402863.377416073228233, 3781353.20447609340772 ], [ 402862.767039674450643, 3781353.20447609340772 ], [ 402862.461851475061849, 3781352.899287894368172 ], [ 402862.156663275673054, 3781352.899287894368172 ], [ 402861.85147507628426, 3781352.594099694862962 ], [ 402860.935910478117876, 3781352.594099694862962 ], [ 402860.630722278729081, 3781352.288911495357752 ], [ 402860.020345879951492, 3781352.288911495357752 ], [ 402859.715157680562697, 3781351.983723295852542 ], [ 402859.409969481173903, 3781351.983723295852542 ], [ 402858.799593082396314, 3781351.373346897307783 ], [ 402858.799593082396314, 3781351.068158697802573 ], [ 402858.494404883007519, 3781350.762970498297364 ], [ 402858.494404883007519, 3781350.457782299257815 ], [ 402858.189216683618724, 3781350.152594099752605 ], [ 402858.189216683618724, 3781348.321464903187007 ], [ 402858.494404883007519, 3781348.016276704147458 ], [ 402858.494404883007519, 3781347.711088504642248 ], [ 402858.799593082396314, 3781347.405900305137038 ], [ 402858.799593082396314, 3781346.79552390659228 ], [ 402859.104781281785108, 3781346.49033570708707 ], [ 402859.104781281785108, 3781344.964394710026681 ], [ 402859.409969481173903, 3781344.659206510521472 ], [ 402859.409969481173903, 3781343.438453712966293 ], [ 402860.020345879951492, 3781342.828077314421535 ], [ 402861.546286876895465, 3781342.828077314421535 ], [ 402861.85147507628426, 3781342.522889114916325 ], [ 402864.903357070172206, 3781342.522889114916325 ], [ 402865.208545269561, 3781342.217700915411115 ], [ 402866.429298067116179, 3781342.217700915411115 ], [ 402866.734486266504973, 3781342.522889114916325 ], [ 402867.039674465893768, 3781342.522889114916325 ], [ 402867.344862665282562, 3781342.828077314421535 ], [ 402867.039674465893768, 3781343.133265513926744 ], [ 402867.039674465893768, 3781345.87995930807665 ], [ 402866.734486266504973, 3781346.18514750758186 ], [ 402866.734486266504973, 3781346.79552390659228 ], [ 402866.429298067116179, 3781347.100712105631828 ], [ 402866.429298067116179, 3781347.711088504642248 ], [ 402866.124109867727384, 3781348.016276704147458 ], [ 402866.124109867727384, 3781348.321464903187007 ], [ 402865.818921668338589, 3781348.626653102692217 ], [ 402865.818921668338589, 3781349.237029501702636 ], [ 402866.124109867727384, 3781349.542217700742185 ], [ 402866.124109867727384, 3781352.288911495357752 ], [ 402865.818921668338589, 3781352.594099694862962 ], [ 402865.818921668338589, 3781353.20447609340772 ], [ 402865.208545269561, 3781353.20447609340772 ], [ 402864.903357070172206, 3781353.50966429291293 ], [ 402863.682604272617027, 3781353.50966429291293 ] ] ] } },
{ "type": "Feature", "properties": { "confidence": 0.61536574363708496, "class": 1, "regularized": null }, "geometry": { "type": "Polygon", "coordinates": [ [ [ 403116.073245167848654, 3781700.813835198525339 ], [ 403115.768056968459859, 3781700.508646999020129 ], [ 403115.462868769071065, 3781700.508646999020129 ], [ 403115.462868769071065, 3781698.982706001959741 ], [ 403115.15768056968227, 3781698.677517802454531 ], [ 403115.15768056968227, 3781697.151576805859804 ], [ 403115.462868769071065, 3781696.846388606354594 ], [ 403115.462868769071065, 3781695.930824008304626 ], [ 403116.683621566626243, 3781694.710071210749447 ], [ 403116.683621566626243, 3781693.794506612233818 ], [ 403117.599186164792627, 3781693.794506612233818 ], [ 403117.904374364181422, 3781693.489318413194269 ], [ 403117.904374364181422, 3781693.184130213689059 ], [ 403120.040691759902984, 3781693.184130213689059 ], [ 403120.345879959291779, 3781693.489318413194269 ], [ 403122.482197355013341, 3781693.489318413194269 ], [ 403122.787385554402135, 3781693.794506612233818 ], [ 403124.618514750734903, 3781693.794506612233818 ], [ 403124.923702950123698, 3781694.099694811739028 ], [ 403125.839267548348289, 3781694.099694811739028 ], [ 403126.144455747737084, 3781694.404883011244237 ], [ 403127.670396744681057, 3781694.404883011244237 ], [ 403127.975584944069851, 3781694.710071210749447 ], [ 403128.891149542236235, 3781694.710071210749447 ], [ 403129.19633774162503, 3781695.015259409788996 ], [ 403129.501525941013824, 3781695.015259409788996 ], [ 403129.806714140402619, 3781695.320447609294206 ], [ 403129.806714140402619, 3781696.236012207344174 ], [ 403129.501525941013824, 3781696.541200406849384 ], [ 403129.501525941013824, 3781697.456765004899353 ], [ 403129.19633774162503, 3781697.761953204404563 ], [ 403128.891149542236235, 3781697.761953204404563 ], [ 403128.58596134284744, 3781698.067141403909773 ], [ 403127.365208545292262, 3781698.067141403909773 ], [ 403127.060020345903467, 3781698.372329603414983 ], [ 403126.144455747737084, 3781698.372329603414983 ], [ 403125.839267548348289, 3781698.677517802454531 ], [ 403124.923702950123698, 3781698.677517802454531 ], [ 403124.313326551346108, 3781699.287894201464951 ], [ 403124.008138351957314, 3781699.287894201464951 ], [ 403123.702950152568519, 3781699.593082400970161 ], [ 403123.702950152568519, 3781699.89827060000971 ], [ 403123.397761953179725, 3781700.20345879951492 ], [ 403123.09257375379093, 3781700.20345879951492 ], [ 403122.787385554402135, 3781700.508646999020129 ], [ 403121.261444557458162, 3781700.508646999020129 ], [ 403120.956256358069368, 3781700.813835198525339 ], [ 403116.073245167848654, 3781700.813835198525339 ] ] ] } },
{ "type": "Feature", "properties": { "confidence": 0.61332428455352783, "class": 1, "regularized": null }, "geometry": { "type": "Polygon", "coordinates": [ [ [ 402706.815869786369149, 3781410.885045778006315 ], [ 402706.510681586980354, 3781410.579857578966767 ], [ 402705.59511698881397, 3781410.579857578966767 ], [ 402705.289928789425176, 3781410.274669379461557 ], [ 402704.374364191258792, 3781410.274669379461557 ], [ 402704.069175991869997, 3781409.969481179956347 ], [ 402703.763987792481203, 3781409.969481179956347 ], [ 402702.848423194314819, 3781409.053916581906378 ], [ 402702.848423194314819, 3781408.748728382401168 ], [ 402702.543234994926024, 3781408.443540182895958 ], [ 402702.543234994926024, 3781407.8331637843512 ], [ 402702.23804679553723, 3781407.52797558484599 ], [ 402702.23804679553723, 3781406.917599186301231 ], [ 402701.932858596148435, 3781406.612410986796021 ], [ 402701.932858596148435, 3781406.002034587785602 ], [ 402701.62767039675964, 3781405.696846388746053 ], [ 402701.62767039675964, 3781404.476093591190875 ], [ 402701.322482197370846, 3781404.170905391685665 ], [ 402701.322482197370846, 3781403.255340793635696 ], [ 402705.289928789425176, 3781403.255340793635696 ], [ 402705.59511698881397, 3781403.560528992675245 ], [ 402705.289928789425176, 3781403.865717192180455 ], [ 402705.289928789425176, 3781405.086469989735633 ], [ 402705.900305188202765, 3781405.696846388746053 ], [ 402706.205493387591559, 3781405.696846388746053 ], [ 402706.510681586980354, 3781406.002034587785602 ], [ 402706.815869786369149, 3781406.002034587785602 ], [ 402707.121057985757943, 3781406.307222787290812 ], [ 402709.5625635808683, 3781406.307222787290812 ], [ 402709.867751780257095, 3781406.612410986796021 ], [ 402709.867751780257095, 3781408.748728382401168 ], [ 402709.5625635808683, 3781409.053916581906378 ], [ 402709.5625635808683, 3781409.969481179956347 ], [ 402708.952187182090711, 3781410.579857578966767 ], [ 402708.646998982701916, 3781410.579857578966767 ], [ 402708.341810783313122, 3781410.885045778006315 ], [ 402706.815869786369149, 3781410.885045778006315 ] ] ] } },
{ "type": "Feature", "properties": { "confidence": 0.61103564500808716, "class": 1, "regularized": null }, "geometry": { "type": "Polygon", "coordinates": [ [ [ 402632.044760935881641, 3781431.02746693789959 ], [ 402631.434384537104052, 3781430.417090539354831 ], [ 402631.434384537104052, 3781430.111902339849621 ], [ 402631.129196337715257, 3781429.806714140344411 ], [ 402631.129196337715257, 3781427.670396744739264 ], [ 402630.824008138326462, 3781427.365208545234054 ], [ 402630.824008138326462, 3781426.449643947184086 ], [ 402631.129196337715257, 3781426.144455747678876 ], [ 402631.129196337715257, 3781425.839267548173666 ], [ 402631.434384537104052, 3781425.534079349134117 ], [ 402633.265513733495027, 3781425.534079349134117 ], [ 402633.570701932883821, 3781425.839267548173666 ], [ 402633.875890132272616, 3781425.839267548173666 ], [ 402634.791454730439, 3781426.754832146689296 ], [ 402635.096642929827794, 3781426.754832146689296 ], [ 402636.012207527994178, 3781427.670396744739264 ], [ 402636.012207527994178, 3781428.891149542294443 ], [ 402635.707019328605384, 3781429.196337741799653 ], [ 402635.707019328605384, 3781429.501525940839201 ], [ 402635.401831129216589, 3781429.806714140344411 ], [ 402635.096642929827794, 3781429.806714140344411 ], [ 402634.791454730439, 3781430.111902339849621 ], [ 402634.791454730439, 3781430.417090539354831 ], [ 402634.486266531050205, 3781430.72227873839438 ], [ 402633.265513733495027, 3781430.72227873839438 ], [ 402632.960325534106232, 3781431.02746693789959 ], [ 402632.044760935881641, 3781431.02746693789959 ] ] ] } },
{ "type": "Feature", "properties": { "confidence": 0.60962390899658203, "class": 1, "regularized": null }, "geometry": { "type": "Polygon", "coordinates": [ [ [ 402827.975584944069851, 3781612.614445574581623 ], [ 402827.670396744681057, 3781612.309257375542074 ], [ 402827.365208545292262, 3781612.309257375542074 ], [ 402827.060020345903467, 3781612.004069176036865 ], [ 402827.060020345903467, 3781609.867751780431718 ], [ 402826.754832146514673, 3781609.562563580926508 ], [ 402826.754832146514673, 3781609.257375381421298 ], [ 402826.449643947125878, 3781608.952187181916088 ], [ 402826.449643947125878, 3781607.121057985816151 ], [ 402826.754832146514673, 3781606.815869786310941 ], [ 402826.754832146514673, 3781606.510681586805731 ], [ 402827.060020345903467, 3781606.205493387766182 ], [ 402828.58596134284744, 3781606.205493387766182 ], [ 402828.891149542236235, 3781605.900305188260972 ], [ 402830.722278738569003, 3781605.900305188260972 ], [ 402831.027466937957797, 3781606.205493387766182 ], [ 402832.248219735512976, 3781606.205493387766182 ], [ 402832.55340793490177, 3781606.510681586805731 ], [ 402834.689725330623332, 3781606.510681586805731 ], [ 402834.689725330623332, 3781607.121057985816151 ], [ 402834.994913530012127, 3781607.426246185321361 ], [ 402834.994913530012127, 3781608.036622583866119 ], [ 402835.300101729400922, 3781608.341810783371329 ], [ 402835.300101729400922, 3781611.088504577986896 ], [ 402834.994913530012127, 3781611.393692777026445 ], [ 402834.079348931845743, 3781611.393692777026445 ], [ 402833.774160732456949, 3781611.698880976531655 ], [ 402833.468972533068154, 3781611.698880976531655 ], [ 402832.858596134290565, 3781612.309257375542074 ], [ 402829.501525941013824, 3781612.309257375542074 ], [ 402829.19633774162503, 3781612.614445574581623 ], [ 402827.975584944069851, 3781612.614445574581623 ] ] ] } },
{ "type": "Feature", "properties": { "confidence": 0.60936981439590454, "class": 1, "regularized": null }, "geometry": { "type": "Polygon", "coordinates": [ [ [ 403142.319430315343197, 3781647.100712105631828 ], [ 403142.014242115954403, 3781646.79552390659228 ], [ 403141.709053916565608, 3781646.79552390659228 ], [ 403140.793489318399224, 3781645.87995930807665 ], [ 403140.48830111901043, 3781645.87995930807665 ], [ 403139.267548321455251, 3781644.659206510521472 ], [ 403139.267548321455251, 3781644.354018311481923 ], [ 403138.962360122066457, 3781644.048830111976713 ], [ 403138.962360122066457, 3781643.438453712966293 ], [ 403138.657171922677662, 3781643.133265513926744 ], [ 403138.962360122066457, 3781642.828077314421535 ], [ 403138.962360122066457, 3781641.912512716371566 ], [ 403139.877924720232841, 3781640.996948117855936 ], [ 403140.48830111901043, 3781640.996948117855936 ], [ 403140.793489318399224, 3781640.691759918816388 ], [ 403141.098677517788019, 3781640.691759918816388 ], [ 403141.403865717176814, 3781640.996948117855936 ], [ 403142.014242115954403, 3781640.996948117855936 ], [ 403142.624618514731992, 3781641.607324516866356 ], [ 403142.929806714120787, 3781641.607324516866356 ], [ 403143.84537131228717, 3781642.522889114916325 ], [ 403144.150559511675965, 3781642.522889114916325 ], [ 403145.981688708008733, 3781644.354018311481923 ], [ 403145.981688708008733, 3781644.659206510521472 ], [ 403145.371312309231143, 3781645.269582909531891 ], [ 403145.371312309231143, 3781645.574771109037101 ], [ 403144.760935910453554, 3781646.18514750758186 ], [ 403144.760935910453554, 3781646.49033570708707 ], [ 403144.150559511675965, 3781647.100712105631828 ], [ 403142.319430315343197, 3781647.100712105631828 ] ] ] } },
{ "type": "Feature", "properties": { "confidence": 0.608390212059021, "class": 1, "regularized": null }, "geometry": { "type": "Polygon", "coordinates": [ [ [ 402905.493387588998303, 3781242.421159714926034 ], [ 402905.493387588998303, 3781242.115971515886486 ], [ 402905.188199389609508, 3781241.810783316381276 ], [ 402904.883011190220714, 3781241.810783316381276 ], [ 402904.883011190220714, 3781240.895218718331307 ], [ 402903.96744659205433, 3781239.979654119815677 ], [ 402900.305188199388795, 3781239.979654119815677 ], [ 402900.0, 3781239.674465920776129 ], [ 402900.0, 3781238.14852492371574 ], [ 402900.305188199388795, 3781237.843336724210531 ], [ 402900.305188199388795, 3781237.232960325665772 ], [ 402900.915564598166384, 3781236.622583926655352 ], [ 402900.915564598166384, 3781236.317395727150142 ], [ 402901.220752797555178, 3781236.012207528110594 ], [ 402901.220752797555178, 3781235.707019328605384 ], [ 402901.525940996943973, 3781235.401831129100174 ], [ 402901.525940996943973, 3781235.096642929594964 ], [ 402901.831129196332768, 3781234.791454730555415 ], [ 402901.831129196332768, 3781234.486266531050205 ], [ 402902.136317395721562, 3781234.181078331544995 ], [ 402902.136317395721562, 3781233.875890132039785 ], [ 402903.051881993887946, 3781232.960325533989817 ], [ 402903.96744659205433, 3781232.960325533989817 ], [ 402904.272634791443124, 3781233.265513733495027 ], [ 402904.577822990831919, 3781233.265513733495027 ], [ 402904.883011190220714, 3781233.570701933000237 ], [ 402906.103763987775892, 3781233.570701933000237 ], [ 402906.408952187164687, 3781233.875890132039785 ], [ 402907.019328585942276, 3781233.875890132039785 ], [ 402907.019328585942276, 3781234.181078331544995 ], [ 402907.32451678533107, 3781234.486266531050205 ], [ 402907.32451678533107, 3781239.674465920776129 ], [ 402907.019328585942276, 3781239.979654119815677 ], [ 402907.019328585942276, 3781241.200406917370856 ], [ 402906.714140386553481, 3781241.505595116876066 ], [ 402906.714140386553481, 3781241.810783316381276 ], [ 402906.103763987775892, 3781242.421159714926034 ], [ 402905.493387588998303, 3781242.421159714926034 ] ] ] } },
{ "type": "Feature", "properties": { "confidence": 0.60633403062820435, "class": 1, "regularized": null }, "geometry": { "type": "Polygon", "coordinates": [ [ [ 403113.021363173960708, 3781655.035605289973319 ], [ 403112.716174974571913, 3781654.730417090468109 ], [ 403112.410986775183119, 3781654.730417090468109 ], [ 403112.105798575794324, 3781654.425228890962899 ], [ 403109.664292980683967, 3781654.425228890962899 ], [ 403109.359104781295173, 3781654.730417090468109 ], [ 403102.644964394683484, 3781654.730417090468109 ], [ 403102.644964394683484, 3781654.425228890962899 ], [ 403102.339776195294689, 3781654.12004069192335 ], [ 403102.950152594072279, 3781653.50966429291293 ], [ 403102.950152594072279, 3781653.20447609340772 ], [ 403103.255340793461073, 3781652.899287894368172 ], [ 403103.255340793461073, 3781652.288911495357752 ], [ 403103.86571719229687, 3781651.678535096812993 ], [ 403104.170905391685665, 3781651.678535096812993 ], [ 403104.476093591074459, 3781651.373346897307783 ], [ 403104.781281790463254, 3781651.373346897307783 ], [ 403105.086469989852048, 3781651.068158697802573 ], [ 403106.002034588018432, 3781651.068158697802573 ], [ 403106.307222787407227, 3781650.762970498297364 ], [ 403106.612410986796021, 3781650.762970498297364 ], [ 403106.917599186184816, 3781650.457782299257815 ], [ 403107.8331637843512, 3781650.457782299257815 ], [ 403108.138351983739994, 3781650.152594099752605 ], [ 403109.664292980683967, 3781650.152594099752605 ], [ 403109.969481180072762, 3781649.847405900247395 ], [ 403110.885045778239146, 3781649.847405900247395 ], [ 403111.19023397762794, 3781649.542217700742185 ], [ 403111.80061037640553, 3781649.542217700742185 ], [ 403112.105798575794324, 3781649.237029501702636 ], [ 403113.631739572738297, 3781649.237029501702636 ], [ 403113.936927772127092, 3781648.931841302197427 ], [ 403116.988809766015038, 3781648.931841302197427 ], [ 403116.988809766015038, 3781650.152594099752605 ], [ 403116.683621566626243, 3781650.457782299257815 ], [ 403116.683621566626243, 3781650.762970498297364 ], [ 403116.378433367237449, 3781651.068158697802573 ], [ 403115.768056968459859, 3781651.068158697802573 ], [ 403115.462868769071065, 3781651.373346897307783 ], [ 403115.15768056968227, 3781651.373346897307783 ], [ 403114.852492370293476, 3781651.678535096812993 ], [ 403114.852492370293476, 3781651.983723295852542 ], [ 403114.242115971515886, 3781652.594099694862962 ], [ 403113.936927772127092, 3781652.594099694862962 ], [ 403113.326551373349503, 3781653.20447609340772 ], [ 403113.326551373349503, 3781654.730417090468109 ], [ 403113.021363173960708, 3781655.035605289973319 ] ] ] } },
{ "type": "Feature", "properties": { "confidence": 0.60025304555892944, "class": 1, "regularized": null }, "geometry": { "type": "Polygon", "coordinates": [ [ [ 402844.150559511675965, 3781331.841302136424929 ], [ 402843.540183112898376, 3781331.230925737414509 ], [ 402843.540183112898376, 3781330.92573753837496 ], [ 402842.929806714120787, 3781330.315361139364541 ], [ 402842.929806714120787, 3781330.010172939859331 ], [ 402842.624618514731992, 3781329.704984740819782 ], [ 402842.624618514731992, 3781329.399796541314572 ], [ 402842.319430315343197, 3781329.094608341809362 ], [ 402842.319430315343197, 3781327.873855544254184 ], [ 402842.624618514731992, 3781327.568667344748974 ], [ 402842.624618514731992, 3781324.821973550133407 ], [ 402842.929806714120787, 3781324.516785351093858 ], [ 402842.929806714120787, 3781323.906408952083439 ], [ 402843.234994913509581, 3781323.601220752578229 ], [ 402843.234994913509581, 3781323.29603255353868 ], [ 402843.540183112898376, 3781322.99084435403347 ], [ 402843.84537131228717, 3781322.99084435403347 ], [ 402844.150559511675965, 3781322.68565615452826 ], [ 402844.150559511675965, 3781321.464903356973082 ], [ 402844.45574771106476, 3781321.159715157467872 ], [ 402844.45574771106476, 3781320.854526958428323 ], [ 402845.066124109842349, 3781320.854526958428323 ], [ 402845.371312309231143, 3781321.159715157467872 ], [ 402845.676500508619938, 3781321.159715157467872 ], [ 402845.981688708008733, 3781321.464903356973082 ], [ 402848.118006103788503, 3781321.464903356973082 ], [ 402848.118006103788503, 3781322.075279755983502 ], [ 402848.728382502566092, 3781322.68565615452826 ], [ 402848.728382502566092, 3781322.99084435403347 ], [ 402849.643947100732476, 3781323.906408952083439 ], [ 402849.643947100732476, 3781324.211597151588649 ], [ 402849.94913530012127, 3781324.516785351093858 ], [ 402849.94913530012127, 3781325.737538148649037 ], [ 402849.643947100732476, 3781326.042726347688586 ], [ 402849.643947100732476, 3781326.653102746699005 ], [ 402849.338758901343681, 3781326.958290946204215 ], [ 402849.338758901343681, 3781327.263479145243764 ], [ 402849.033570701954886, 3781327.568667344748974 ], [ 402849.033570701954886, 3781328.484231942798942 ], [ 402848.728382502566092, 3781328.789420142304152 ], [ 402848.728382502566092, 3781329.399796541314572 ], [ 402848.118006103788503, 3781330.010172939859331 ], [ 402848.118006103788503, 3781330.315361139364541 ], [ 402847.202441505622119, 3781331.230925737414509 ], [ 402846.897253306233324, 3781331.230925737414509 ], [ 402846.59206510684453, 3781331.536113936919719 ], [ 402846.286876907397527, 3781331.536113936919719 ], [ 402845.981688708008733, 3781331.841302136424929 ], [ 402844.150559511675965, 3781331.841302136424929 ] ] ] } },
{ "type": "Feature", "properties": { "confidence": 0.5949741005897522, "class": 1, "regularized": null }, "geometry": { "type": "Polygon", "coordinates": [ [ [ 402668.667344862653408, 3781767.650050864554942 ], [ 402668.362156663264614, 3781767.344862665515393 ], [ 402668.056968463875819, 3781767.344862665515393 ], [ 402668.056968463875819, 3781762.156663275789469 ], [ 402668.362156663264614, 3781761.85147507628426 ], [ 402668.667344862653408, 3781761.85147507628426 ], [ 402668.972533062042203, 3781761.54628687677905 ], [ 402674.465920651040506, 3781761.54628687677905 ], [ 402674.7711088504293, 3781761.85147507628426 ], [ 402675.076297049876302, 3781761.85147507628426 ], [ 402675.076297049876302, 3781764.292980671394616 ], [ 402675.381485249265097, 3781764.598168870899826 ], [ 402675.381485249265097, 3781767.039674466010183 ], [ 402675.076297049876302, 3781767.344862665515393 ], [ 402674.465920651040506, 3781767.344862665515393 ], [ 402674.160732451651711, 3781767.650050864554942 ], [ 402668.667344862653408, 3781767.650050864554942 ] ] ] } },
{ "type": "Feature", "properties": { "confidence": 0.59362208843231201, "class": 1, "regularized": null }, "geometry": { "type": "Polygon", "coordinates": [ [ [ 402990.640895218704827, 3781356.256358087528497 ], [ 402990.335707019316033, 3781355.951169888023287 ], [ 402989.725330620538443, 3781355.951169888023287 ], [ 402989.420142421149649, 3781355.645981688518077 ], [ 402989.114954221760854, 3781355.645981688518077 ], [ 402989.114954221760854, 3781355.340793489478528 ], [ 402988.80976602237206, 3781355.035605289973319 ], [ 402988.80976602237206, 3781353.20447609340772 ], [ 402988.504577822983265, 3781352.899287894368172 ], [ 402988.504577822983265, 3781351.068158697802573 ], [ 402990.030518819927238, 3781349.542217700742185 ], [ 402990.335707019316033, 3781349.542217700742185 ], [ 402990.946083418093622, 3781348.931841302197427 ], [ 402991.556459816871211, 3781348.931841302197427 ], [ 402991.861648016260006, 3781348.626653102692217 ], [ 402992.777212614426389, 3781348.626653102692217 ], [ 402993.082400813815184, 3781348.321464903187007 ], [ 402994.913530010147952, 3781348.321464903187007 ], [ 402995.218718209536746, 3781348.016276704147458 ], [ 402997.965412004094105, 3781348.016276704147458 ], [ 402997.965412004094105, 3781352.594099694862962 ], [ 402997.660223804705311, 3781352.899287894368172 ], [ 402997.660223804705311, 3781353.20447609340772 ], [ 402995.829094608314335, 3781355.035605289973319 ], [ 402995.523906408925541, 3781355.035605289973319 ], [ 402994.913530010147952, 3781355.645981688518077 ], [ 402993.082400813815184, 3781355.645981688518077 ], [ 402992.777212614426389, 3781355.951169888023287 ], [ 402990.946083418093622, 3781355.951169888023287 ], [ 402990.640895218704827, 3781356.256358087528497 ] ] ] } },
{ "type": "Feature", "properties": { "confidence": 0.58868712186813354, "class": 1, "regularized": null }, "geometry": { "type": "Polygon", "coordinates": [ [ [ 403170.091556459839921, 3781340.996948117855936 ], [ 403169.786368260451127, 3781340.691759918816388 ], [ 403169.786368260451127, 3781336.419125127140433 ], [ 403170.396744659228716, 3781335.808748728595674 ], [ 403170.396744659228716, 3781331.841302136424929 ], [ 403170.701932858617511, 3781331.536113936919719 ], [ 403170.701932858617511, 3781330.92573753837496 ], [ 403171.007121058006305, 3781330.62054933886975 ], [ 403171.007121058006305, 3781328.789420142304152 ], [ 403171.3123092573951, 3781328.484231942798942 ], [ 403171.3123092573951, 3781328.179043743759394 ], [ 403171.617497456783894, 3781327.873855544254184 ], [ 403172.533062054950278, 3781327.873855544254184 ], [ 403172.838250254339073, 3781327.568667344748974 ], [ 403174.364191251283046, 3781327.568667344748974 ], [ 403174.974567650060635, 3781328.179043743759394 ], [ 403174.974567650060635, 3781330.010172939859331 ], [ 403175.27975584944943, 3781330.315361139364541 ], [ 403175.27975584944943, 3781332.756866734474897 ], [ 403174.974567650060635, 3781333.062054933980107 ], [ 403174.974567650060635, 3781333.672431332524866 ], [ 403175.27975584944943, 3781333.977619532030076 ], [ 403175.27975584944943, 3781335.198372329585254 ], [ 403175.584944048838224, 3781335.503560529090464 ], [ 403175.584944048838224, 3781336.113936927635223 ], [ 403175.27975584944943, 3781336.419125127140433 ], [ 403175.27975584944943, 3781339.776195320300758 ], [ 403174.974567650060635, 3781340.081383519805968 ], [ 403174.974567650060635, 3781340.386571719311178 ], [ 403171.3123092573951, 3781340.386571719311178 ], [ 403171.007121058006305, 3781340.691759918816388 ], [ 403170.396744659228716, 3781340.691759918816388 ], [ 403170.091556459839921, 3781340.996948117855936 ] ] ] } },
{ "type": "Feature", "properties": { "confidence": 0.58557724952697754, "class": 1, "regularized": null }, "geometry": { "type": "Polygon", "coordinates": [ [ [ 402628.077314343827311, 3781526.246185147669166 ], [ 402627.772126144438516, 3781525.940996948163956 ], [ 402627.772126144438516, 3781523.19430315354839 ], [ 402628.077314343827311, 3781522.88911495404318 ], [ 402628.077314343827311, 3781522.583926755003631 ], [ 402629.908443540160079, 3781520.752797558438033 ], [ 402630.518819938937668, 3781520.752797558438033 ], [ 402631.129196337715257, 3781520.142421159893274 ], [ 402631.434384537104052, 3781520.142421159893274 ], [ 402631.739572736492846, 3781519.837232960388064 ], [ 402631.739572736492846, 3781519.532044760882854 ], [ 402632.044760935881641, 3781519.532044760882854 ], [ 402632.349949135328643, 3781519.226856561377645 ], [ 402634.486266531050205, 3781519.226856561377645 ], [ 402634.791454730439, 3781519.532044760882854 ], [ 402635.096642929827794, 3781519.532044760882854 ], [ 402635.401831129216589, 3781519.837232960388064 ], [ 402635.401831129216589, 3781520.752797558438033 ], [ 402635.707019328605384, 3781521.057985757943243 ], [ 402635.707019328605384, 3781522.278738555498421 ], [ 402635.401831129216589, 3781522.583926755003631 ], [ 402635.096642929827794, 3781522.583926755003631 ], [ 402634.791454730439, 3781522.88911495404318 ], [ 402634.486266531050205, 3781522.88911495404318 ], [ 402633.875890132272616, 3781523.4994913530536 ], [ 402633.875890132272616, 3781523.80467955255881 ], [ 402633.570701932883821, 3781523.80467955255881 ], [ 402633.265513733495027, 3781524.109867751598358 ], [ 402633.265513733495027, 3781524.415055951103568 ], [ 402632.655137334717438, 3781525.025432350113988 ], [ 402632.349949135328643, 3781525.025432350113988 ], [ 402631.739572736492846, 3781525.635808748658746 ], [ 402631.434384537104052, 3781525.635808748658746 ], [ 402631.129196337715257, 3781525.940996948163956 ], [ 402630.518819938937668, 3781525.940996948163956 ], [ 402630.213631739548873, 3781526.246185147669166 ], [ 402628.077314343827311, 3781526.246185147669166 ] ] ] } },
{ "type": "Feature", "properties": { "confidence": 0.58525758981704712, "class": 1, "regularized": "rectangle" }, "geometry": { "type": "Polygon", "coordinates": [ [ [ 402857.625, 3781543.5 ], [ 402866.75, 3781543.5 ], [ 402866.75, 3781558.5 ], [ 402857.625, 3781558.5 ], [ 402857.625, 3781543.5 ] ] ] } },
{ "type": "Feature", "properties": { "confidence": 0.58403581380844116, "class": 1, "regularized": null }, "geometry": { "type": "Polygon", "coordinates": [ [ [ 403096.846388606296387, 3781330.92573753837496 ], [ 403096.236012207518797, 3781330.315361139364541 ], [ 403096.236012207518797, 3781326.958290946204215 ], [ 403096.541200406907592, 3781326.653102746699005 ], [ 403096.541200406907592, 3781325.737538148649037 ], [ 403096.846388606296387, 3781325.432349949143827 ], [ 403097.456765005073976, 3781325.432349949143827 ], [ 403097.76195320446277, 3781325.127161749638617 ], [ 403099.593082400795538, 3781325.127161749638617 ], [ 403099.898270600184333, 3781325.432349949143827 ], [ 403100.203458799573127, 3781325.432349949143827 ], [ 403100.203458799573127, 3781326.347914547193795 ], [ 403100.508646998961922, 3781326.653102746699005 ], [ 403100.508646998961922, 3781326.958290946204215 ], [ 403100.813835198350716, 3781327.263479145243764 ], [ 403100.813835198350716, 3781327.568667344748974 ], [ 403101.119023397739511, 3781327.873855544254184 ], [ 403101.119023397739511, 3781328.484231942798942 ], [ 403101.424211597128306, 3781328.789420142304152 ], [ 403101.424211597128306, 3781329.094608341809362 ], [ 403101.7293997965171, 3781329.399796541314572 ], [ 403101.7293997965171, 3781329.704984740819782 ], [ 403102.034587995905895, 3781330.010172939859331 ], [ 403102.034587995905895, 3781330.92573753837496 ], [ 403096.846388606296387, 3781330.92573753837496 ] ] ] } },
{ "type": "Feature", "properties": { "confidence": 0.5831146240234375, "class": 1, "regularized": null }, "geometry": { "type": "Polygon", "coordinates": [ [ [ 402618.006103763997089, 3781427.060020345728844 ], [ 402617.3957273652195, 3781426.449643947184086 ], [ 402617.3957273652195, 3781424.618514750618488 ], [ 402617.090539165830705, 3781424.313326551578939 ], [ 402617.090539165830705, 3781421.871820956468582 ], [ 402616.785350966441911, 3781421.566632756963372 ], [ 402616.785350966441911, 3781420.956256357952952 ], [ 402617.090539165830705, 3781420.651068158913404 ], [ 402617.090539165830705, 3781419.430315361358225 ], [ 402617.3957273652195, 3781419.125127161853015 ], [ 402617.3957273652195, 3781418.819938962347806 ], [ 402617.700915564608295, 3781418.819938962347806 ], [ 402618.006103763997089, 3781418.514750762842596 ], [ 402618.616480162774678, 3781418.514750762842596 ], [ 402618.921668362163473, 3781418.209562563803047 ], [ 402619.226856561552268, 3781418.209562563803047 ], [ 402619.532044760941062, 3781418.514750762842596 ], [ 402619.532044760941062, 3781418.819938962347806 ], [ 402619.837232960329857, 3781419.125127161853015 ], [ 402620.447609359107446, 3781419.125127161853015 ], [ 402620.447609359107446, 3781419.430315361358225 ], [ 402620.752797558496241, 3781419.735503560397774 ], [ 402621.36317395727383, 3781419.735503560397774 ], [ 402621.36317395727383, 3781420.040691759902984 ], [ 402621.668362156662624, 3781420.345879959408194 ], [ 402621.668362156662624, 3781422.482197355013341 ], [ 402621.973550356051419, 3781422.787385554518551 ], [ 402621.973550356051419, 3781424.618514750618488 ], [ 402622.278738555440214, 3781424.923702950123698 ], [ 402622.278738555440214, 3781426.449643947184086 ], [ 402621.973550356051419, 3781426.754832146689296 ], [ 402621.973550356051419, 3781427.060020345728844 ], [ 402618.006103763997089, 3781427.060020345728844 ] ] ] } },
{ "type": "Feature", "properties": { "confidence": 0.57984644174575806, "class": 1, "regularized": null }, "geometry": { "type": "Polygon", "coordinates": [ [ [ 402952.187182095600292, 3781347.100712105631828 ], [ 402952.187182095600292, 3781346.79552390659228 ], [ 402951.881993896211497, 3781346.49033570708707 ], [ 402951.576805696822703, 3781346.49033570708707 ], [ 402951.576805696822703, 3781342.522889114916325 ], [ 402951.881993896211497, 3781342.522889114916325 ], [ 402952.187182095600292, 3781342.217700915411115 ], [ 402952.492370294989087, 3781342.522889114916325 ], [ 402954.933875890157651, 3781342.522889114916325 ], [ 402954.933875890157651, 3781344.354018311481923 ], [ 402954.628687690768857, 3781344.659206510521472 ], [ 402954.628687690768857, 3781345.269582909531891 ], [ 402954.323499491380062, 3781345.574771109037101 ], [ 402954.323499491380062, 3781345.87995930807665 ], [ 402954.018311291991267, 3781346.18514750758186 ], [ 402953.713123092602473, 3781346.18514750758186 ], [ 402953.102746693766676, 3781346.79552390659228 ], [ 402953.102746693766676, 3781347.100712105631828 ], [ 402952.187182095600292, 3781347.100712105631828 ] ] ] } },
{ "type": "Feature", "properties": { "confidence": 0.57685869932174683, "class": 1, "regularized": null }, "geometry": { "type": "Polygon", "coordinates": [ [ [ 402753.509664292971138, 3781522.88911495404318 ], [ 402753.204476093582343, 3781522.583926755003631 ], [ 402753.204476093582343, 3781521.668362156488001 ], [ 402752.899287894193549, 3781521.363173957448453 ], [ 402752.899287894193549, 3781521.057985757943243 ], [ 402752.594099694804754, 3781520.752797558438033 ], [ 402752.594099694804754, 3781518.616480162832886 ], [ 402752.899287894193549, 3781518.311291963327676 ], [ 402752.899287894193549, 3781518.006103763822466 ], [ 402753.814852492359933, 3781517.090539165772498 ], [ 402754.730417090526316, 3781517.090539165772498 ], [ 402755.035605289915111, 3781516.785350966267288 ], [ 402755.035605289915111, 3781516.174974567722529 ], [ 402755.340793489303906, 3781515.869786368217319 ], [ 402755.951169888081495, 3781515.869786368217319 ], [ 402755.951169888081495, 3781521.973550355993211 ], [ 402755.035605289915111, 3781521.973550355993211 ], [ 402754.730417090526316, 3781522.278738555498421 ], [ 402754.120040691748727, 3781522.278738555498421 ], [ 402753.509664292971138, 3781522.88911495404318 ] ] ] } },
{ "type": "Feature", "properties": { "confidence": 0.57672727108001709, "class": 1, "regularized": null }, "geometry": { "type": "Polygon", "coordinates": [ [ [ 402712.004069175978657, 3781326.653102746699005 ], [ 402711.698880976589862, 3781326.347914547193795 ], [ 402711.393692777201068, 3781326.347914547193795 ], [ 402711.393692777201068, 3781325.432349949143827 ], [ 402711.698880976589862, 3781325.127161749638617 ], [ 402711.698880976589862, 3781323.906408952083439 ], [ 402711.393692777201068, 3781323.601220752578229 ], [ 402711.393692777201068, 3781322.99084435403347 ], [ 402711.088504577812273, 3781322.68565615452826 ], [ 402711.393692777201068, 3781322.68565615452826 ], [ 402711.698880976589862, 3781322.38046795502305 ], [ 402711.698880976589862, 3781318.413021363317966 ], [ 402712.004069175978657, 3781318.107833163812757 ], [ 402712.309257375367451, 3781318.107833163812757 ], [ 402712.614445574756246, 3781317.802644964307547 ], [ 402714.140386571700219, 3781317.802644964307547 ], [ 402714.445574771089014, 3781318.107833163812757 ], [ 402715.666327568644192, 3781318.107833163812757 ], [ 402715.971515768032987, 3781317.802644964307547 ], [ 402716.276703967421781, 3781317.802644964307547 ], [ 402716.581892166810576, 3781317.497456764802337 ], [ 402716.88708036619937, 3781317.497456764802337 ], [ 402717.49745676497696, 3781316.887080366257578 ], [ 402717.49745676497696, 3781316.581892166752368 ], [ 402717.802644964365754, 3781316.581892166752368 ], [ 402718.413021363201551, 3781315.97151576820761 ], [ 402718.413021363201551, 3781315.6663275687024 ], [ 402718.718209562590346, 3781315.6663275687024 ], [ 402719.02339776197914, 3781315.36113936919719 ], [ 402720.244150559534319, 3781315.36113936919719 ], [ 402720.549338758923113, 3781315.6663275687024 ], [ 402720.549338758923113, 3781315.97151576820761 ], [ 402720.854526958311908, 3781316.276703967247158 ], [ 402720.854526958311908, 3781317.802644964307547 ], [ 402721.159715157700703, 3781318.107833163812757 ], [ 402721.159715157700703, 3781325.432349949143827 ], [ 402720.549338758923113, 3781326.042726347688586 ], [ 402719.63377416075673, 3781326.042726347688586 ], [ 402719.328585961367935, 3781326.347914547193795 ], [ 402715.361139369255397, 3781326.347914547193795 ], [ 402715.055951169866603, 3781326.653102746699005 ], [ 402712.004069175978657, 3781326.653102746699005 ] ] ] } },
{ "type": "Feature", "properties": { "confidence": 0.57422393560409546, "class": 1, "regularized": null }, "geometry": { "type": "Polygon", "coordinates": [ [ [ 403107.222787385573611, 3781480.162767039611936 ], [ 403106.917599186184816, 3781479.857578840106726 ], [ 403104.476093591074459, 3781479.857578840106726 ], [ 403104.170905391685665, 3781479.552390641067177 ], [ 403103.86571719229687, 3781479.552390641067177 ], [ 403103.86571719229687, 3781478.942014242056757 ], [ 403103.560528992908075, 3781478.636826042551547 ], [ 403103.560528992908075, 3781472.838250254280865 ], [ 403103.86571719229687, 3781472.838250254280865 ], [ 403104.170905391685665, 3781472.533062054775655 ], [ 403104.170905391685665, 3781472.227873855736107 ], [ 403104.781281790463254, 3781472.227873855736107 ], [ 403105.391658189240843, 3781472.838250254280865 ], [ 403107.527975584962405, 3781472.838250254280865 ], [ 403107.527975584962405, 3781480.162767039611936 ], [ 403107.222787385573611, 3781480.162767039611936 ] ] ] } },
{ "type": "Feature", "properties": { "confidence": 0.57285237312316895, "class": 1, "regularized": null }, "geometry": { "type": "Polygon", "coordinates": [ [ [ 402730.92573753814213, 3781736.826042726170272 ], [ 402730.620549338753335, 3781736.520854527130723 ], [ 402730.315361139364541, 3781736.520854527130723 ], [ 402730.315361139364541, 3781736.215666327625513 ], [ 402730.010172939975746, 3781735.910478128120303 ], [ 402730.010172939975746, 3781735.605289928615093 ], [ 402729.704984740586951, 3781735.300101729575545 ], [ 402729.704984740586951, 3781734.994913530070335 ], [ 402730.010172939975746, 3781734.689725330565125 ], [ 402730.010172939975746, 3781731.637843336910009 ], [ 402730.315361139364541, 3781731.332655137404799 ], [ 402730.315361139364541, 3781730.417090539354831 ], [ 402730.010172939975746, 3781730.111902339849621 ], [ 402730.315361139364541, 3781729.806714140344411 ], [ 402730.315361139364541, 3781728.891149542294443 ], [ 402730.92573753814213, 3781728.280773143284023 ], [ 402731.230925737530924, 3781728.280773143284023 ], [ 402731.536113936919719, 3781727.975584944244474 ], [ 402731.536113936919719, 3781727.670396744739264 ], [ 402732.451678535086103, 3781727.670396744739264 ], [ 402733.062054933863692, 3781727.060020345728844 ], [ 402733.367243133252487, 3781727.060020345728844 ], [ 402733.672431332641281, 3781726.754832146689296 ], [ 402734.587995930807665, 3781726.754832146689296 ], [ 402735.198372329585254, 3781727.365208545234054 ], [ 402735.198372329585254, 3781727.670396744739264 ], [ 402734.89318413019646, 3781727.975584944244474 ], [ 402734.89318413019646, 3781729.806714140344411 ], [ 402735.808748728362843, 3781730.72227873839438 ], [ 402736.113936927751638, 3781730.72227873839438 ], [ 402736.113936927751638, 3781731.332655137404799 ], [ 402736.419125127140433, 3781731.637843336910009 ], [ 402736.419125127140433, 3781733.468972533009946 ], [ 402736.113936927751638, 3781733.774160732515156 ], [ 402736.113936927751638, 3781734.994913530070335 ], [ 402735.808748728362843, 3781735.300101729575545 ], [ 402735.808748728362843, 3781736.826042726170272 ], [ 402730.92573753814213, 3781736.826042726170272 ] ] ] } },
{ "type": "Feature", "properties": { "confidence": 0.5630570650100708, "class": 1, "regularized": null }, "geometry": { "type": "Polygon", "coordinates": [ [ [ 402632.655137334717438, 3781618.107833163812757 ], [ 402632.349949135328643, 3781617.802644964307547 ], [ 402630.824008138326462, 3781617.802644964307547 ], [ 402630.518819938937668, 3781617.497456764802337 ], [ 402629.908443540160079, 3781617.497456764802337 ], [ 402629.603255340771284, 3781617.192268565762788 ], [ 402628.077314343827311, 3781617.192268565762788 ], [ 402627.772126144438516, 3781616.887080366257578 ], [ 402626.246185147494543, 3781616.887080366257578 ], [ 402626.246185147494543, 3781616.581892166752368 ], [ 402625.940996948105749, 3781616.276703967247158 ], [ 402625.940996948105749, 3781614.140386571642011 ], [ 402626.246185147494543, 3781613.835198372136801 ], [ 402626.551373346883338, 3781613.835198372136801 ], [ 402626.856561546272133, 3781613.530010173097253 ], [ 402627.772126144438516, 3781613.530010173097253 ], [ 402628.382502543216106, 3781612.919633774086833 ], [ 402628.992878941993695, 3781612.919633774086833 ], [ 402629.298067141382489, 3781612.614445574581623 ], [ 402639.064089521882124, 3781612.614445574581623 ], [ 402639.369277721270919, 3781612.919633774086833 ], [ 402640.590030518826097, 3781612.919633774086833 ], [ 402640.895218718214892, 3781613.224821973592043 ], [ 402640.590030518826097, 3781613.530010173097253 ], [ 402640.590030518826097, 3781614.445574771147221 ], [ 402640.284842319437303, 3781614.750762970652431 ], [ 402640.284842319437303, 3781615.05595116969198 ], [ 402639.979654120048508, 3781615.05595116969198 ], [ 402639.674465920659713, 3781615.36113936919719 ], [ 402639.674465920659713, 3781615.6663275687024 ], [ 402638.75890132249333, 3781616.581892166752368 ], [ 402638.75890132249333, 3781617.802644964307547 ], [ 402638.453713123104535, 3781617.802644964307547 ], [ 402638.14852492371574, 3781618.107833163812757 ], [ 402632.655137334717438, 3781618.107833163812757 ] ] ] } },
{ "type": "Feature", "properties": { "confidence": 0.56174463033676147, "class": 1, "regularized": null }, "geometry": { "type": "Polygon", "coordinates": [ [ [ 402717.192268565588165, 3781536.317395727150142 ], [ 402717.192268565588165, 3781532.349949135445058 ], [ 402717.49745676497696, 3781532.349949135445058 ], [ 402717.802644964365754, 3781532.044760935939848 ], [ 402717.802644964365754, 3781531.739572736434639 ], [ 402718.107833163812757, 3781531.739572736434639 ], [ 402718.413021363201551, 3781531.434384536929429 ], [ 402719.02339776197914, 3781531.434384536929429 ], [ 402719.328585961367935, 3781531.12919633788988 ], [ 402722.380467955255881, 3781531.12919633788988 ], [ 402722.380467955255881, 3781531.434384536929429 ], [ 402722.685656154644676, 3781531.739572736434639 ], [ 402722.685656154644676, 3781532.349949135445058 ], [ 402722.99084435403347, 3781532.655137334484607 ], [ 402722.99084435403347, 3781533.570701933000237 ], [ 402722.075279755867086, 3781534.486266531050205 ], [ 402722.075279755867086, 3781534.791454730555415 ], [ 402721.159715157700703, 3781535.707019328605384 ], [ 402720.854526958311908, 3781535.707019328605384 ], [ 402720.549338758923113, 3781536.012207528110594 ], [ 402718.718209562590346, 3781536.012207528110594 ], [ 402718.413021363201551, 3781536.317395727150142 ], [ 402717.192268565588165, 3781536.317395727150142 ] ] ] } },
{ "type": "Feature", "properties": { "confidence": 0.5611501932144165, "class": 1, "regularized": null }, "geometry": { "type": "Polygon", "coordinates": [ [ [ 402977.822990844375454, 3781566.836215666495264 ], [ 402977.517802644986659, 3781566.531027466990054 ], [ 402976.90742624620907, 3781566.531027466990054 ], [ 402976.602238046820275, 3781566.225839267484844 ], [ 402976.297049847431481, 3781566.225839267484844 ], [ 402976.297049847431481, 3781565.920651067979634 ], [ 402975.991861648042686, 3781565.615462868940085 ], [ 402975.991861648042686, 3781564.699898270424455 ], [ 402976.297049847431481, 3781564.394710071384907 ], [ 402976.297049847431481, 3781561.34282807726413 ], [ 402976.602238046820275, 3781561.03763987775892 ], [ 402976.602238046820275, 3781560.732451678719372 ], [ 402976.90742624620907, 3781560.732451678719372 ], [ 402977.212614445597865, 3781560.427263479214162 ], [ 402977.212614445597865, 3781559.816887080203742 ], [ 402977.517802644986659, 3781559.511698881164193 ], [ 402977.517802644986659, 3781559.206510681658983 ], [ 402977.822990844375454, 3781558.901322482153773 ], [ 402980.8748728382634, 3781558.901322482153773 ], [ 402981.180061037652194, 3781559.206510681658983 ], [ 402981.180061037652194, 3781559.511698881164193 ], [ 402981.485249237040989, 3781559.816887080203742 ], [ 402981.790437436429784, 3781559.816887080203742 ], [ 402982.400813835207373, 3781560.427263479214162 ], [ 402982.400813835207373, 3781564.699898270424455 ], [ 402982.095625635818578, 3781564.699898270424455 ], [ 402981.790437436429784, 3781565.005086469929665 ], [ 402981.790437436429784, 3781565.310274669434875 ], [ 402981.485249237040989, 3781565.615462868940085 ], [ 402981.485249237040989, 3781566.531027466990054 ], [ 402981.180061037652194, 3781566.836215666495264 ], [ 402977.822990844375454, 3781566.836215666495264 ] ] ] } },
{ "type": "Feature", "properties": { "confidence": 0.54741227626800537, "class": 1, "regularized": null }, "geometry": { "type": "Polygon", "coordinates": [ [ [ 402751.983723296027165, 3781342.828077314421535 ], [ 402751.67853509663837, 3781342.522889114916325 ], [ 402750.762970498471987, 3781342.522889114916325 ], [ 402750.457782299083192, 3781342.217700915411115 ], [ 402750.457782299083192, 3781341.302136317361146 ], [ 402750.152594099694397, 3781340.996948117855936 ], [ 402750.152594099694397, 3781338.250254323706031 ], [ 402750.457782299083192, 3781337.945066124200821 ], [ 402750.457782299083192, 3781337.029501526150852 ], [ 402750.762970498471987, 3781336.724313326645643 ], [ 402750.762970498471987, 3781336.419125127140433 ], [ 402751.068158697860781, 3781336.113936927635223 ], [ 402751.068158697860781, 3781335.808748728595674 ], [ 402751.373346897249576, 3781335.503560529090464 ], [ 402752.28891149541596, 3781335.503560529090464 ], [ 402752.594099694804754, 3781335.198372329585254 ], [ 402752.899287894193549, 3781335.198372329585254 ], [ 402753.509664292971138, 3781334.587995931040496 ], [ 402754.425228891137522, 3781334.587995931040496 ], [ 402755.035605289915111, 3781335.198372329585254 ], [ 402755.035605289915111, 3781336.419125127140433 ], [ 402755.340793489303906, 3781336.724313326645643 ], [ 402755.035605289915111, 3781337.029501526150852 ], [ 402755.035605289915111, 3781340.691759918816388 ], [ 402754.425228891137522, 3781341.302136317361146 ], [ 402754.425228891137522, 3781341.607324516866356 ], [ 402753.204476093582343, 3781342.828077314421535 ], [ 402751.983723296027165, 3781342.828077314421535 ] ] ] } },
{ "type": "Feature", "properties": { "confidence": 0.54663097858428955, "class": 1, "regularized": null }, "geometry": { "type": "Polygon", "coordinates": [ [ [ 402881.993896236002911, 3781628.179043743759394 ], [ 402881.688708036614116, 3781627.873855544254184 ], [ 402880.162767039670143, 3781627.873855544254184 ], [ 402879.857578840281349, 3781627.568667344748974 ], [ 402879.857578840281349, 3781626.958290946204215 ], [ 402880.162767039670143, 3781626.653102746699005 ], [ 402880.162767039670143, 3781625.432349949143827 ], [ 402880.467955239058938, 3781625.127161749638617 ], [ 402880.467955239058938, 3781624.821973550133407 ], [ 402889.623601220780984, 3781624.821973550133407 ], [ 402889.928789420169778, 3781625.127161749638617 ], [ 402889.928789420169778, 3781625.432349949143827 ], [ 402889.623601220780984, 3781625.737538148649037 ], [ 402889.623601220780984, 3781626.042726347688586 ], [ 402889.318413021392189, 3781626.347914547193795 ], [ 402889.318413021392189, 3781627.873855544254184 ], [ 402889.013224821945187, 3781628.179043743759394 ], [ 402881.993896236002911, 3781628.179043743759394 ] ] ] } },
{ "type": "Feature", "properties": { "confidence": 0.53540688753128052, "class": 1, "regularized": null }, "geometry": { "type": "Polygon", "coordinates": [ [ [ 402610.376398779219016, 3781320.549338758923113 ], [ 402610.071210579830222, 3781320.244150559417903 ], [ 402609.766022380441427, 3781320.244150559417903 ], [ 402609.460834181052633, 3781319.938962359912694 ], [ 402609.155645981663838, 3781319.938962359912694 ], [ 402609.155645981663838, 3781319.328585961367935 ], [ 402608.850457782275043, 3781319.023397761862725 ], [ 402608.545269582886249, 3781319.023397761862725 ], [ 402608.545269582886249, 3781315.97151576820761 ], [ 402608.850457782275043, 3781315.6663275687024 ], [ 402608.850457782275043, 3781315.05595116969198 ], [ 402609.155645981663838, 3781315.05595116969198 ], [ 402610.071210579830222, 3781314.140386571642011 ], [ 402610.071210579830222, 3781313.835198372136801 ], [ 402610.681586978607811, 3781313.224821973592043 ], [ 402610.681586978607811, 3781312.919633774086833 ], [ 402610.986775178054813, 3781312.614445574581623 ], [ 402610.986775178054813, 3781312.309257375542074 ], [ 402611.291963377443608, 3781312.004069176036865 ], [ 402611.291963377443608, 3781311.393692777026445 ], [ 402611.902339776221197, 3781310.783316378481686 ], [ 402611.902339776221197, 3781310.172939979471266 ], [ 402612.512716174998786, 3781309.562563580926508 ], [ 402613.42828077316517, 3781309.562563580926508 ], [ 402613.733468972553965, 3781309.867751780431718 ], [ 402614.343845371331554, 3781309.867751780431718 ], [ 402614.649033570720349, 3781310.172939979471266 ], [ 402615.259409969497938, 3781310.172939979471266 ], [ 402615.564598168886732, 3781310.478128178976476 ], [ 402615.259409969497938, 3781310.783316378481686 ], [ 402615.259409969497938, 3781315.6663275687024 ], [ 402614.954221770109143, 3781315.97151576820761 ], [ 402614.954221770109143, 3781316.276703967247158 ], [ 402614.038657171942759, 3781317.192268565762788 ], [ 402614.038657171942759, 3781317.497456764802337 ], [ 402613.733468972553965, 3781317.802644964307547 ], [ 402613.733468972553965, 3781318.107833163812757 ], [ 402613.123092573776376, 3781318.718209562357515 ], [ 402613.123092573776376, 3781319.023397761862725 ], [ 402612.512716174998786, 3781319.633774160873145 ], [ 402612.512716174998786, 3781319.938962359912694 ], [ 402612.207527975609992, 3781319.938962359912694 ], [ 402611.902339776221197, 3781320.244150559417903 ], [ 402611.597151576832402, 3781320.244150559417903 ], [ 402611.291963377443608, 3781320.549338758923113 ], [ 402610.376398779219016, 3781320.549338758923113 ] ] ] } },
{ "type": "Feature", "properties": { "confidence": 0.52612537145614624, "class": 1, "regularized": null }, "geometry": { "type": "Polygon", "coordinates": [ [ [ 402834.384537131234538, 3781425.534079349134117 ], [ 402834.384537131234538, 3781421.261444557458162 ], [ 402836.5208545269561, 3781421.261444557458162 ], [ 402836.826042726344895, 3781421.566632756963372 ], [ 402836.826042726344895, 3781423.702950152568519 ], [ 402837.131230925733689, 3781424.008138352073729 ], [ 402837.131230925733689, 3781424.313326551578939 ], [ 402836.826042726344895, 3781424.618514750618488 ], [ 402836.826042726344895, 3781424.923702950123698 ], [ 402836.5208545269561, 3781425.228891149628907 ], [ 402835.605289928789716, 3781425.228891149628907 ], [ 402835.300101729400922, 3781425.534079349134117 ], [ 402834.384537131234538, 3781425.534079349134117 ] ] ] } },
{ "type": "Feature", "properties": { "confidence": 0.52467650175094604, "class": 1, "regularized": null }, "geometry": { "type": "Polygon", "coordinates": [ [ [ 402774.262461851467378, 3781781.078331637661904 ], [ 402773.957273652078584, 3781780.773143438622355 ], [ 402773.346897253300995, 3781780.773143438622355 ], [ 402773.0417090539122, 3781780.467955239117146 ], [ 402772.431332655134611, 3781780.467955239117146 ], [ 402772.126144455745816, 3781780.162767039611936 ], [ 402771.515768056968227, 3781780.162767039611936 ], [ 402771.210579857579432, 3781779.857578840106726 ], [ 402770.600203458801843, 3781779.857578840106726 ], [ 402770.295015259413049, 3781779.552390641067177 ], [ 402769.684638860635459, 3781779.552390641067177 ], [ 402769.379450661246665, 3781779.247202441561967 ], [ 402768.463886063080281, 3781779.247202441561967 ], [ 402768.158697863691486, 3781778.942014242056757 ], [ 402767.853509664302692, 3781778.942014242056757 ], [ 402767.243133265525103, 3781778.331637843511999 ], [ 402766.632756866747513, 3781778.331637843511999 ], [ 402766.022380467969924, 3781777.721261444501579 ], [ 402766.022380467969924, 3781777.416073244996369 ], [ 402765.71719226858113, 3781777.11088504595682 ], [ 402766.022380467969924, 3781776.80569684645161 ], [ 402766.022380467969924, 3781776.5005086469464 ], [ 402766.937945066136308, 3781775.584944048896432 ], [ 402767.853509664302692, 3781775.584944048896432 ], [ 402768.158697863691486, 3781775.279755849391222 ], [ 402768.463886063080281, 3781775.279755849391222 ], [ 402769.379450661246665, 3781774.364191251341254 ], [ 402769.379450661246665, 3781774.059003051836044 ], [ 402770.600203458801843, 3781772.838250254280865 ], [ 402770.600203458801843, 3781772.533062054775655 ], [ 402770.905391658190638, 3781772.533062054775655 ], [ 402771.515768056968227, 3781771.922685656230897 ], [ 402771.515768056968227, 3781771.312309257220477 ], [ 402771.820956256357022, 3781771.312309257220477 ], [ 402772.126144455745816, 3781771.007121058180928 ], [ 402774.872838250244968, 3781771.007121058180928 ], [ 402775.178026449633762, 3781771.312309257220477 ], [ 402775.788402848411351, 3781771.312309257220477 ], [ 402775.788402848411351, 3781771.617497456725687 ], [ 402776.093591047800146, 3781771.922685656230897 ], [ 402775.788402848411351, 3781772.227873855736107 ], [ 402775.788402848411351, 3781775.890132248401642 ], [ 402775.483214649022557, 3781776.19532044744119 ], [ 402775.483214649022557, 3781776.80569684645161 ], [ 402775.788402848411351, 3781777.11088504595682 ], [ 402775.788402848411351, 3781779.857578840106726 ], [ 402776.093591047800146, 3781780.162767039611936 ], [ 402776.093591047800146, 3781780.773143438622355 ], [ 402775.788402848411351, 3781781.078331637661904 ], [ 402774.262461851467378, 3781781.078331637661904 ] ] ] } },
{ "type": "Feature", "properties": { "confidence": 0.52105861902236938, "class": 1, "regularized": null }, "geometry": { "type": "Polygon", "coordinates": [ [ [ 402787.385554425243754, 3781647.711088504642248 ], [ 402786.775178026466165, 3781647.100712105631828 ], [ 402786.775178026466165, 3781646.79552390659228 ], [ 402786.164801627688576, 3781646.18514750758186 ], [ 402786.164801627688576, 3781645.574771109037101 ], [ 402785.859613428299781, 3781645.269582909531891 ], [ 402785.859613428299781, 3781644.048830111976713 ], [ 402791.047812817909289, 3781644.048830111976713 ], [ 402791.047812817909289, 3781645.269582909531891 ], [ 402790.742624618520495, 3781645.574771109037101 ], [ 402790.742624618520495, 3781645.87995930807665 ], [ 402790.132248219742905, 3781646.49033570708707 ], [ 402790.132248219742905, 3781647.100712105631828 ], [ 402789.827060020354111, 3781647.405900305137038 ], [ 402789.216683621576522, 3781647.405900305137038 ], [ 402788.911495422187727, 3781647.711088504642248 ], [ 402787.385554425243754, 3781647.711088504642248 ] ] ] } },
{ "type": "Feature", "properties": { "confidence": 0.51812022924423218, "class": 1, "regularized": null }, "geometry": { "type": "Polygon", "coordinates": [ [ [ 403160.020345879951492, 3781340.691759918816388 ], [ 403159.715157680562697, 3781340.386571719311178 ], [ 403158.799593082396314, 3781340.386571719311178 ], [ 403158.494404883007519, 3781340.081383519805968 ], [ 403158.494404883007519, 3781339.776195320300758 ], [ 403158.189216683618724, 3781339.471007121261209 ], [ 403158.189216683618724, 3781336.419125127140433 ], [ 403158.494404883007519, 3781336.113936927635223 ], [ 403158.494404883007519, 3781335.503560529090464 ], [ 403159.409969481173903, 3781334.587995931040496 ], [ 403159.409969481173903, 3781334.282807731535286 ], [ 403159.715157680562697, 3781333.977619532030076 ], [ 403162.461851475061849, 3781333.977619532030076 ], [ 403162.767039674450643, 3781334.282807731535286 ], [ 403162.767039674450643, 3781335.198372329585254 ], [ 403163.072227873839438, 3781335.503560529090464 ], [ 403163.072227873839438, 3781338.860630722250789 ], [ 403162.767039674450643, 3781339.165818921755999 ], [ 403162.767039674450643, 3781340.386571719311178 ], [ 403162.461851475061849, 3781340.386571719311178 ], [ 403162.156663275673054, 3781340.691759918816388 ], [ 403160.020345879951492, 3781340.691759918816388 ] ] ] } },
{ "type": "Feature", "properties": { "confidence": 0.514903724193573, "class": 1, "regularized": null }, "geometry": { "type": "Polygon", "coordinates": [ [ [ 403072.736520854523405, 3781491.149542217608541 ], [ 403072.431332655134611, 3781490.844354018103331 ], [ 403072.431332655134611, 3781486.876907426398247 ], [ 403072.736520854523405, 3781486.571719226893038 ], [ 403072.736520854523405, 3781486.266531027387828 ], [ 403073.0417090539122, 3781486.266531027387828 ], [ 403073.652085452689789, 3781485.656154628843069 ], [ 403074.567650050856173, 3781485.656154628843069 ], [ 403074.872838250244968, 3781485.961342827882618 ], [ 403075.178026449633762, 3781485.961342827882618 ], [ 403075.788402848411351, 3781486.571719226893038 ], [ 403076.093591047800146, 3781486.571719226893038 ], [ 403076.398779247188941, 3781486.876907426398247 ], [ 403076.703967446577735, 3781486.876907426398247 ], [ 403077.314343845355324, 3781487.487283824943006 ], [ 403077.619532044744119, 3781487.487283824943006 ], [ 403077.619532044744119, 3781488.402848422992975 ], [ 403077.314343845355324, 3781488.708036622498184 ], [ 403077.314343845355324, 3781490.844354018103331 ], [ 403077.00915564596653, 3781491.149542217608541 ], [ 403072.736520854523405, 3781491.149542217608541 ] ] ] } },
{ "type": "Feature", "properties": { "confidence": 0.51186448335647583, "class": 1, "regularized": null }, "geometry": { "type": "Polygon", "coordinates": [ [ [ 403142.929806714120787, 3781647.405900305137038 ], [ 403142.014242115954403, 3781646.49033570708707 ], [ 403141.709053916565608, 3781646.49033570708707 ], [ 403140.793489318399224, 3781645.574771109037101 ], [ 403140.48830111901043, 3781645.574771109037101 ], [ 403139.572736520844046, 3781644.659206510521472 ], [ 403145.981688708008733, 3781644.659206510521472 ], [ 403145.371312309231143, 3781645.269582909531891 ], [ 403145.371312309231143, 3781645.574771109037101 ], [ 403145.066124109842349, 3781645.87995930807665 ], [ 403145.066124109842349, 3781646.18514750758186 ], [ 403143.84537131228717, 3781647.405900305137038 ], [ 403142.929806714120787, 3781647.405900305137038 ] ] ] } },
{ "type": "Feature", "properties": { "confidence": 0.51146429777145386, "class": 1, "regularized": null }, "geometry": { "type": "Polygon", "coordinates": [ [ [ 402989.114954221760854, 3781356.256358087528497 ], [ 402989.114954221760854, 3781355.645981688518077 ], [ 402988.80976602237206, 3781355.340793489478528 ], [ 402988.80976602237206, 3781354.12004069192335 ], [ 402988.504577822983265, 3781353.81485249241814 ], [ 402988.504577822983265, 3781350.457782299257815 ], [ 402989.114954221760854, 3781350.457782299257815 ], [ 402989.420142421149649, 3781350.152594099752605 ], [ 402990.335707019316033, 3781350.152594099752605 ], [ 402990.335707019316033, 3781356.256358087528497 ], [ 402989.114954221760854, 3781356.256358087528497 ] ] ] } },
{ "type": "Feature", "properties": { "confidence": 0.51121026277542114, "class": 1, "regularized": null }, "geometry": { "type": "Polygon", "coordinates": [ [ [ 402625.025432349939365, 3781352.899287894368172 ], [ 402624.72024415055057, 3781352.594099694862962 ], [ 402624.415055951161776, 3781352.594099694862962 ], [ 402624.109867751772981, 3781352.288911495357752 ], [ 402624.109867751772981, 3781351.983723295852542 ], [ 402623.804679552384187, 3781351.678535096812993 ], [ 402623.804679552384187, 3781350.457782299257815 ], [ 402623.499491352995392, 3781350.152594099752605 ], [ 402623.499491352995392, 3781349.847405900247395 ], [ 402623.194303153606597, 3781349.542217700742185 ], [ 402623.194303153606597, 3781349.237029501702636 ], [ 402622.889114954217803, 3781348.931841302197427 ], [ 402622.889114954217803, 3781348.626653102692217 ], [ 402622.583926754829008, 3781348.321464903187007 ], [ 402622.583926754829008, 3781348.016276704147458 ], [ 402622.889114954217803, 3781347.711088504642248 ], [ 402622.889114954217803, 3781347.100712105631828 ], [ 402623.499491352995392, 3781347.100712105631828 ], [ 402623.804679552384187, 3781346.79552390659228 ], [ 402624.415055951161776, 3781346.79552390659228 ], [ 402625.025432349939365, 3781346.18514750758186 ], [ 402625.940996948105749, 3781346.18514750758186 ], [ 402626.246185147494543, 3781346.49033570708707 ], [ 402626.856561546272133, 3781346.49033570708707 ], [ 402627.161749745660927, 3781346.79552390659228 ], [ 402627.772126144438516, 3781346.79552390659228 ], [ 402628.077314343827311, 3781347.100712105631828 ], [ 402628.077314343827311, 3781347.405900305137038 ], [ 402628.382502543216106, 3781347.711088504642248 ], [ 402628.382502543216106, 3781349.542217700742185 ], [ 402628.077314343827311, 3781349.847405900247395 ], [ 402628.077314343827311, 3781350.152594099752605 ], [ 402627.772126144438516, 3781350.457782299257815 ], [ 402627.772126144438516, 3781351.373346897307783 ], [ 402627.466937945049722, 3781351.678535096812993 ], [ 402627.466937945049722, 3781351.983723295852542 ], [ 402627.161749745660927, 3781352.288911495357752 ], [ 402627.161749745660927, 3781352.594099694862962 ], [ 402626.856561546272133, 3781352.594099694862962 ], [ 402626.551373346883338, 3781352.899287894368172 ], [ 402625.025432349939365, 3781352.899287894368172 ] ] ] } },
{ "type": "Feature", "properties": { "confidence": 0.50549638271331787, "class": 1, "regularized": null }, "geometry": { "type": "Polygon", "coordinates": [ [ [ 403048.931841302139219, 3781449.338758901227266 ], [ 403048.626653102750424, 3781449.033570701722056 ], [ 403047.100712105806451, 3781449.033570701722056 ], [ 403046.795523906417657, 3781448.728382502682507 ], [ 403045.269582909473684, 3781448.728382502682507 ], [ 403044.659206510696094, 3781448.118006103672087 ], [ 403044.659206510696094, 3781442.319430315401405 ], [ 403044.964394710084889, 3781442.014242115896195 ], [ 403044.964394710084889, 3781441.709053916390985 ], [ 403045.269582909473684, 3781441.403865717351437 ], [ 403045.269582909473684, 3781440.488301118835807 ], [ 403045.574771108862478, 3781440.183112919796258 ], [ 403045.574771108862478, 3781439.877924720291048 ], [ 403046.185147507640067, 3781439.267548321280628 ], [ 403046.490335707028862, 3781439.267548321280628 ], [ 403046.795523906417657, 3781438.96236012224108 ], [ 403047.100712105806451, 3781438.96236012224108 ], [ 403047.405900305195246, 3781438.65717192273587 ], [ 403047.71108850458404, 3781438.96236012224108 ], [ 403048.931841302139219, 3781438.96236012224108 ], [ 403049.237029501528013, 3781439.267548321280628 ], [ 403049.542217700916808, 3781439.267548321280628 ], [ 403049.847405900305603, 3781439.572736520785838 ], [ 403050.152594099694397, 3781439.572736520785838 ], [ 403050.152594099694397, 3781439.877924720291048 ], [ 403050.457782299083192, 3781440.183112919796258 ], [ 403050.457782299083192, 3781440.793489318341017 ], [ 403050.762970498471987, 3781441.098677517846227 ], [ 403051.068158697860781, 3781441.098677517846227 ], [ 403051.068158697860781, 3781441.403865717351437 ], [ 403051.373346897249576, 3781441.709053916390985 ], [ 403051.373346897249576, 3781445.67650050856173 ], [ 403051.068158697860781, 3781445.98168870806694 ], [ 403051.068158697860781, 3781446.592065106611699 ], [ 403050.762970498471987, 3781446.897253306116909 ], [ 403050.762970498471987, 3781447.812817904166877 ], [ 403050.457782299083192, 3781448.118006103672087 ], [ 403050.457782299083192, 3781448.728382502682507 ], [ 403050.152594099694397, 3781449.033570701722056 ], [ 403050.152594099694397, 3781449.338758901227266 ], [ 403048.931841302139219, 3781449.338758901227266 ] ] ] } },
{ "type": "Feature", "properties": { "confidence": 0.50131362676620483, "class": 1, "regularized": null }, "geometry": { "type": "Polygon", "coordinates": [ [ [ 402848.423194303177297, 3781439.572736520785838 ], [ 402848.118006103788503, 3781439.267548321280628 ], [ 402848.118006103788503, 3781438.96236012224108 ], [ 402847.812817904399708, 3781438.65717192273587 ], [ 402848.118006103788503, 3781438.35198372323066 ], [ 402848.118006103788503, 3781437.741607324685901 ], [ 402847.812817904399708, 3781437.436419125180691 ], [ 402847.812817904399708, 3781434.994913530070335 ], [ 402848.118006103788503, 3781434.689725330565125 ], [ 402848.118006103788503, 3781428.585961342789233 ], [ 402847.812817904399708, 3781428.280773143284023 ], [ 402848.118006103788503, 3781427.975584944244474 ], [ 402848.118006103788503, 3781427.060020345728844 ], [ 402847.812817904399708, 3781426.754832146689296 ], [ 402848.118006103788503, 3781426.449643947184086 ], [ 402848.118006103788503, 3781425.839267548173666 ], [ 402847.812817904399708, 3781425.534079349134117 ], [ 402847.812817904399708, 3781421.261444557458162 ], [ 402848.118006103788503, 3781420.956256357952952 ], [ 402848.118006103788503, 3781419.735503560397774 ], [ 402848.423194303177297, 3781419.735503560397774 ], [ 402848.728382502566092, 3781419.430315361358225 ], [ 402849.338758901343681, 3781419.430315361358225 ], [ 402849.643947100732476, 3781419.125127161853015 ], [ 402850.254323499510065, 3781419.125127161853015 ], [ 402850.864699898287654, 3781418.514750762842596 ], [ 402851.169888097676449, 3781418.514750762842596 ], [ 402851.475076297065243, 3781418.209562563803047 ], [ 402851.780264496454038, 3781418.514750762842596 ], [ 402852.085452695842832, 3781418.514750762842596 ], [ 402852.390640895231627, 3781418.819938962347806 ], [ 402852.390640895231627, 3781419.735503560397774 ], [ 402852.695829094620422, 3781420.040691759902984 ], [ 402852.695829094620422, 3781420.956256357952952 ], [ 402853.001017294009216, 3781421.261444557458162 ], [ 402853.001017294009216, 3781428.585961342789233 ], [ 402852.695829094620422, 3781428.891149542294443 ], [ 402852.695829094620422, 3781431.332655137404799 ], [ 402852.390640895231627, 3781431.637843336910009 ], [ 402852.390640895231627, 3781438.35198372323066 ], [ 402852.695829094620422, 3781438.65717192273587 ], [ 402852.390640895231627, 3781438.96236012224108 ], [ 402852.390640895231627, 3781439.267548321280628 ], [ 402852.085452695842832, 3781439.572736520785838 ], [ 402848.423194303177297, 3781439.572736520785838 ] ] ] } },
{ "type": "Feature", "properties": { "confidence": 0.49184253811836243, "class": 1, "regularized": null }, "geometry": { "type": "Polygon", "coordinates": [ [ [ 402686.673448626650497, 3781793.591047812718898 ], [ 402686.368260427261703, 3781793.285859613213688 ], [ 402686.368260427261703, 3781792.06510681565851 ], [ 402686.673448626650497, 3781791.759918616618961 ], [ 402686.673448626650497, 3781785.961342827882618 ], [ 402686.978636826039292, 3781785.656154628843069 ], [ 402687.589013224816881, 3781785.656154628843069 ], [ 402687.894201424205676, 3781785.350966429337859 ], [ 402690.030518819927238, 3781785.350966429337859 ], [ 402690.335707019316033, 3781785.656154628843069 ], [ 402691.251271617482416, 3781785.656154628843069 ], [ 402691.556459816871211, 3781785.961342827882618 ], [ 402691.861648016260006, 3781785.961342827882618 ], [ 402692.1668362156488, 3781786.266531027387828 ], [ 402692.472024415037595, 3781786.266531027387828 ], [ 402692.777212614426389, 3781786.571719226893038 ], [ 402692.777212614426389, 3781786.876907426398247 ], [ 402693.082400813815184, 3781787.182095625437796 ], [ 402693.082400813815184, 3781789.318413021508604 ], [ 402693.387589013203979, 3781789.623601220548153 ], [ 402693.387589013203979, 3781790.233977619558573 ], [ 402693.082400813815184, 3781790.539165819063783 ], [ 402693.082400813815184, 3781791.759918616618961 ], [ 402692.777212614426389, 3781792.06510681565851 ], [ 402692.777212614426389, 3781792.37029501516372 ], [ 402692.472024415037595, 3781792.67548321466893 ], [ 402692.472024415037595, 3781792.980671414174139 ], [ 402690.640895218704827, 3781792.980671414174139 ], [ 402690.335707019316033, 3781793.285859613213688 ], [ 402688.80976602237206, 3781793.285859613213688 ], [ 402688.504577822983265, 3781793.591047812718898 ], [ 402686.673448626650497, 3781793.591047812718898 ] ] ] } },
{ "type": "Feature", "properties": { "confidence": 0.4916408360004425, "class": 1, "regularized": null }, "geometry": { "type": "Polygon", "coordinates": [ [ [ 403078.229908443521708, 3781523.4994913530536 ], [ 403077.924720244132914, 3781523.19430315354839 ], [ 403077.314343845355324, 3781523.19430315354839 ], [ 403076.703967446577735, 3781522.583926755003631 ], [ 403076.093591047800146, 3781522.583926755003631 ], [ 403075.788402848411351, 3781522.278738555498421 ], [ 403075.788402848411351, 3781521.363173957448453 ], [ 403075.483214649022557, 3781521.057985757943243 ], [ 403075.483214649022557, 3781520.142421159893274 ], [ 403075.178026449633762, 3781519.837232960388064 ], [ 403075.178026449633762, 3781519.226856561377645 ], [ 403075.483214649022557, 3781518.921668362338096 ], [ 403075.483214649022557, 3781518.616480162832886 ], [ 403075.788402848411351, 3781518.616480162832886 ], [ 403076.093591047800146, 3781518.311291963327676 ], [ 403076.398779247188941, 3781518.311291963327676 ], [ 403076.703967446577735, 3781518.006103763822466 ], [ 403077.00915564596653, 3781518.006103763822466 ], [ 403077.314343845355324, 3781517.700915564782917 ], [ 403077.314343845355324, 3781517.395727365277708 ], [ 403077.619532044744119, 3781517.090539165772498 ], [ 403077.924720244132914, 3781517.090539165772498 ], [ 403078.229908443521708, 3781516.785350966267288 ], [ 403083.418107833189424, 3781516.785350966267288 ], [ 403083.723296032578219, 3781517.090539165772498 ], [ 403083.723296032578219, 3781517.700915564782917 ], [ 403084.028484231967013, 3781518.006103763822466 ], [ 403084.028484231967013, 3781520.447609358932823 ], [ 403084.333672431355808, 3781520.752797558438033 ], [ 403084.333672431355808, 3781521.973550355993211 ], [ 403084.028484231967013, 3781522.278738555498421 ], [ 403084.028484231967013, 3781522.88911495404318 ], [ 403083.723296032578219, 3781522.88911495404318 ], [ 403083.11291963380063, 3781523.4994913530536 ], [ 403078.229908443521708, 3781523.4994913530536 ] ] ] } },
{ "type": "Feature", "properties": { "confidence": 0.49020913243293762, "class": 1, "regularized": null }, "geometry": { "type": "Polygon", "coordinates": [ [ [ 402701.017293997982051, 3781763.377416073344648 ], [ 402701.017293997982051, 3781763.072227873839438 ], [ 402700.406917599204462, 3781762.461851475294679 ], [ 402700.406917599204462, 3781756.052899288013577 ], [ 402701.017293997982051, 3781755.442522889003158 ], [ 402701.322482197370846, 3781755.442522889003158 ], [ 402701.62767039675964, 3781755.137334689497948 ], [ 402706.510681586980354, 3781755.137334689497948 ], [ 402706.815869786369149, 3781755.442522889003158 ], [ 402706.815869786369149, 3781757.884028484113514 ], [ 402706.510681586980354, 3781758.189216683618724 ], [ 402706.510681586980354, 3781758.494404883123934 ], [ 402706.205493387591559, 3781758.799593082629144 ], [ 402706.205493387591559, 3781759.409969481173903 ], [ 402705.900305188202765, 3781759.715157680679113 ], [ 402705.900305188202765, 3781760.020345880184323 ], [ 402705.59511698881397, 3781760.325534079223871 ], [ 402705.59511698881397, 3781760.630722278729081 ], [ 402704.984740590036381, 3781761.241098677739501 ], [ 402704.679552390647586, 3781761.241098677739501 ], [ 402703.458799593092408, 3781762.461851475294679 ], [ 402703.153611393703613, 3781762.461851475294679 ], [ 402702.543234994926024, 3781763.072227873839438 ], [ 402702.23804679553723, 3781763.072227873839438 ], [ 402701.932858596148435, 3781763.377416073344648 ], [ 402701.017293997982051, 3781763.377416073344648 ] ] ] } },
{ "type": "Feature", "properties": { "confidence": 0.48939073085784912, "class": 1, "regularized": null }, "geometry": { "type": "Polygon", "coordinates": [ [ [ 402851.780264496454038, 3781652.594099694862962 ], [ 402851.475076297065243, 3781652.288911495357752 ], [ 402851.169888097676449, 3781652.288911495357752 ], [ 402850.864699898287654, 3781651.983723295852542 ], [ 402850.864699898287654, 3781651.373346897307783 ], [ 402850.254323499510065, 3781650.762970498297364 ], [ 402850.254323499510065, 3781650.152594099752605 ], [ 402849.94913530012127, 3781649.847405900247395 ], [ 402849.94913530012127, 3781649.542217700742185 ], [ 402849.643947100732476, 3781649.237029501702636 ], [ 402849.643947100732476, 3781648.626653102692217 ], [ 402849.94913530012127, 3781648.626653102692217 ], [ 402850.254323499510065, 3781648.321464903187007 ], [ 402852.390640895231627, 3781648.321464903187007 ], [ 402852.695829094620422, 3781648.626653102692217 ], [ 402853.611393692786805, 3781648.626653102692217 ], [ 402853.9165818921756, 3781648.321464903187007 ], [ 402853.9165818921756, 3781648.016276704147458 ], [ 402854.832146490341984, 3781648.016276704147458 ], [ 402854.832146490341984, 3781649.237029501702636 ], [ 402855.137334689730778, 3781649.542217700742185 ], [ 402855.137334689730778, 3781650.762970498297364 ], [ 402854.221770091564395, 3781651.678535096812993 ], [ 402853.611393692786805, 3781651.678535096812993 ], [ 402853.306205493398011, 3781651.983723295852542 ], [ 402853.001017294009216, 3781651.983723295852542 ], [ 402852.390640895231627, 3781652.594099694862962 ], [ 402851.780264496454038, 3781652.594099694862962 ] ] ] } },
{ "type": "Feature", "properties": { "confidence": 0.48199811577796936, "class": 1, "regularized": null }, "geometry": { "type": "Polygon", "coordinates": [ [ [ 402769.684638860635459, 3781620.244150559417903 ], [ 402769.379450661246665, 3781619.938962359912694 ], [ 402769.07426246185787, 3781619.938962359912694 ], [ 402769.07426246185787, 3781619.633774160873145 ], [ 402768.463886063080281, 3781619.023397761862725 ], [ 402768.463886063080281, 3781614.750762970652431 ], [ 402769.07426246185787, 3781614.140386571642011 ], [ 402769.07426246185787, 3781613.835198372136801 ], [ 402769.379450661246665, 3781613.530010173097253 ], [ 402769.379450661246665, 3781613.224821973592043 ], [ 402769.989827060024254, 3781612.614445574581623 ], [ 402771.515768056968227, 3781612.614445574581623 ], [ 402771.515768056968227, 3781613.224821973592043 ], [ 402771.820956256357022, 3781613.530010173097253 ], [ 402771.820956256357022, 3781614.750762970652431 ], [ 402772.126144455745816, 3781615.05595116969198 ], [ 402772.126144455745816, 3781617.802644964307547 ], [ 402771.820956256357022, 3781618.107833163812757 ], [ 402771.820956256357022, 3781619.023397761862725 ], [ 402771.515768056968227, 3781619.328585961367935 ], [ 402771.515768056968227, 3781619.633774160873145 ], [ 402770.905391658190638, 3781620.244150559417903 ], [ 402769.684638860635459, 3781620.244150559417903 ] ] ] } },
{ "type": "Feature", "properties": { "confidence": 0.47378227114677429, "class": 1, "regularized": null }, "geometry": { "type": "Polygon", "coordinates": [ [ [ 403106.307222787407227, 3781554.32349949143827 ], [ 403106.002034588018432, 3781554.01831129193306 ], [ 403104.170905391685665, 3781554.01831129193306 ], [ 403103.86571719229687, 3781553.71312309242785 ], [ 403099.593082400795538, 3781553.71312309242785 ], [ 403099.287894201406743, 3781553.407934893388301 ], [ 403097.76195320446277, 3781553.407934893388301 ], [ 403097.76195320446277, 3781552.187182095833123 ], [ 403098.067141403851565, 3781551.881993896327913 ], [ 403098.067141403851565, 3781551.271617497317493 ], [ 403098.37232960324036, 3781550.966429298277944 ], [ 403098.37232960324036, 3781549.745676500722766 ], [ 403098.982706002017949, 3781549.135300101712346 ], [ 403099.593082400795538, 3781549.135300101712346 ], [ 403099.898270600184333, 3781548.830111902207136 ], [ 403101.7293997965171, 3781548.830111902207136 ], [ 403102.034587995905895, 3781548.524923703167588 ], [ 403103.86571719229687, 3781548.524923703167588 ], [ 403104.170905391685665, 3781548.830111902207136 ], [ 403107.527975584962405, 3781548.830111902207136 ], [ 403107.8331637843512, 3781549.135300101712346 ], [ 403115.462868769071065, 3781549.135300101712346 ], [ 403115.768056968459859, 3781549.440488301217556 ], [ 403116.378433367237449, 3781549.440488301217556 ], [ 403116.683621566626243, 3781549.745676500722766 ], [ 403116.683621566626243, 3781551.271617497317493 ], [ 403116.378433367237449, 3781551.576805696822703 ], [ 403116.378433367237449, 3781552.797558494377881 ], [ 403115.15768056968227, 3781554.01831129193306 ], [ 403114.547304170904681, 3781554.01831129193306 ], [ 403114.242115971515886, 3781554.32349949143827 ], [ 403106.307222787407227, 3781554.32349949143827 ] ] ] } },
{ "type": "Feature", "properties": { "confidence": 0.47236630320549011, "class": 1, "regularized": null }, "geometry": { "type": "Polygon", "coordinates": [ [ [ 403098.067141403851565, 3781337.029501526150852 ], [ 403097.76195320446277, 3781336.724313326645643 ], [ 403097.456765005073976, 3781336.724313326645643 ], [ 403097.151576805685181, 3781336.419125127140433 ], [ 403097.151576805685181, 3781336.113936927635223 ], [ 403096.541200406907592, 3781335.503560529090464 ], [ 403096.541200406907592, 3781335.198372329585254 ], [ 403096.236012207518797, 3781334.893184130080044 ], [ 403096.236012207518797, 3781334.587995931040496 ], [ 403095.930824008130003, 3781334.282807731535286 ], [ 403095.930824008130003, 3781333.977619532030076 ], [ 403096.236012207518797, 3781333.672431332524866 ], [ 403099.593082400795538, 3781333.672431332524866 ], [ 403099.898270600184333, 3781333.977619532030076 ], [ 403101.119023397739511, 3781333.977619532030076 ], [ 403101.424211597128306, 3781333.672431332524866 ], [ 403102.339776195294689, 3781333.672431332524866 ], [ 403102.339776195294689, 3781333.977619532030076 ], [ 403102.644964394683484, 3781334.282807731535286 ], [ 403102.644964394683484, 3781334.587995931040496 ], [ 403102.950152594072279, 3781334.893184130080044 ], [ 403102.950152594072279, 3781336.419125127140433 ], [ 403102.644964394683484, 3781336.419125127140433 ], [ 403102.339776195294689, 3781336.724313326645643 ], [ 403102.034587995905895, 3781336.724313326645643 ], [ 403101.7293997965171, 3781337.029501526150852 ], [ 403098.067141403851565, 3781337.029501526150852 ] ] ] } },
{ "type": "Feature", "properties": { "confidence": 0.45674344897270203, "class": 1, "regularized": "rectangle" }, "geometry": { "type": "Polygon", "coordinates": [ [ [ 402952.1875, 3781302.75 ], [ 402976.9375, 3781302.75 ], [ 402976.9375, 3781314.75 ], [ 402952.1875, 3781314.75 ], [ 402952.1875, 3781302.75 ] ] ] } },
{ "type": "Feature", "properties": { "confidence": 0.45507186651229858, "class": 1, "regularized": null }, "geometry": { "type": "Polygon", "coordinates": [ [ [ 402735.503560528974049, 3781386.469989826902747 ], [ 402735.198372329585254, 3781386.164801627863199 ], [ 402734.89318413019646, 3781386.164801627863199 ], [ 402734.587995930807665, 3781385.859613428357989 ], [ 402734.587995930807665, 3781385.554425228852779 ], [ 402733.977619532030076, 3781384.94404883030802 ], [ 402733.977619532030076, 3781384.3336724312976 ], [ 402733.672431332641281, 3781384.02848423179239 ], [ 402733.672431332641281, 3781380.061037640087306 ], [ 402733.367243133252487, 3781379.755849440582097 ], [ 402733.367243133252487, 3781378.229908443521708 ], [ 402733.062054933863692, 3781377.924720244016498 ], [ 402733.062054933863692, 3781376.70396744646132 ], [ 402733.367243133252487, 3781376.398779247421771 ], [ 402739.471007121086586, 3781376.398779247421771 ], [ 402741.607324516808148, 3781378.535096643026918 ], [ 402741.607324516808148, 3781380.976602238137275 ], [ 402741.302136317419354, 3781380.976602238137275 ], [ 402740.38657171925297, 3781381.892166836187243 ], [ 402740.38657171925297, 3781382.197355035692453 ], [ 402740.081383519864175, 3781382.502543235197663 ], [ 402740.081383519864175, 3781383.723296032752842 ], [ 402739.776195320475381, 3781384.02848423179239 ], [ 402739.776195320475381, 3781384.3336724312976 ], [ 402739.165818921639584, 3781384.94404883030802 ], [ 402739.165818921639584, 3781385.249237029347569 ], [ 402738.860630722250789, 3781385.249237029347569 ], [ 402738.2502543234732, 3781385.859613428357989 ], [ 402737.945066124084406, 3781385.859613428357989 ], [ 402737.639877924695611, 3781386.164801627863199 ], [ 402737.334689725306816, 3781386.164801627863199 ], [ 402737.029501525918022, 3781386.469989826902747 ], [ 402735.503560528974049, 3781386.469989826902747 ] ] ] } },
{ "type": "Feature", "properties": { "confidence": 0.4538644552230835, "class": 1, "regularized": null }, "geometry": { "type": "Polygon", "coordinates": [ [ [ 402706.510681586980354, 3781560.732451678719372 ], [ 402706.510681586980354, 3781560.427263479214162 ], [ 402706.205493387591559, 3781560.122075279708952 ], [ 402706.510681586980354, 3781559.816887080203742 ], [ 402706.510681586980354, 3781558.596134282648563 ], [ 402706.205493387591559, 3781558.290946083609015 ], [ 402706.510681586980354, 3781557.985757884103805 ], [ 402706.510681586980354, 3781557.680569684598595 ], [ 402706.815869786369149, 3781557.375381485093385 ], [ 402706.815869786369149, 3781556.765005086548626 ], [ 402707.121057985757943, 3781556.459816887043417 ], [ 402707.121057985757943, 3781553.407934893388301 ], [ 402707.731434384535532, 3781552.797558494377881 ], [ 402708.036622583924327, 3781552.797558494377881 ], [ 402708.341810783313122, 3781552.492370294872671 ], [ 402712.309257375367451, 3781552.492370294872671 ], [ 402712.614445574756246, 3781552.797558494377881 ], [ 402712.614445574756246, 3781553.102746693883091 ], [ 402712.919633774145041, 3781553.407934893388301 ], [ 402712.614445574756246, 3781553.71312309242785 ], [ 402712.614445574756246, 3781559.511698881164193 ], [ 402712.309257375367451, 3781559.816887080203742 ], [ 402712.309257375367451, 3781560.427263479214162 ], [ 402712.004069175978657, 3781560.732451678719372 ], [ 402706.510681586980354, 3781560.732451678719372 ] ] ] } },
{ "type": "Feature", "properties": { "confidence": 0.45169302821159363, "class": 1, "regularized": null }, "geometry": { "type": "Polygon", "coordinates": [ [ [ 402961.953204476099927, 3781356.256358087528497 ], [ 402961.953204476099927, 3781355.340793489478528 ], [ 402962.258392675488722, 3781355.035605289973319 ], [ 402962.258392675488722, 3781354.730417090468109 ], [ 402962.563580874877516, 3781354.425228890962899 ], [ 402968.056968463875819, 3781354.425228890962899 ], [ 402968.667344862653408, 3781355.035605289973319 ], [ 402968.667344862653408, 3781355.340793489478528 ], [ 402968.972533062042203, 3781355.645981688518077 ], [ 402968.972533062042203, 3781356.256358087528497 ], [ 402961.953204476099927, 3781356.256358087528497 ] ] ] } },
{ "type": "Feature", "properties": { "confidence": 0.44926729798316956, "class": 1, "regularized": null }, "geometry": { "type": "Polygon", "coordinates": [ [ [ 402812.410986775183119, 3781361.139369277749211 ], [ 402812.105798575794324, 3781360.834181078244001 ], [ 402811.80061037640553, 3781360.834181078244001 ], [ 402811.495422177016735, 3781360.528992878738791 ], [ 402811.495422177016735, 3781359.918616480194032 ], [ 402811.19023397762794, 3781359.613428280688822 ], [ 402811.495422177016735, 3781359.308240081183612 ], [ 402811.495422177016735, 3781358.087487283628434 ], [ 402811.80061037640553, 3781357.782299084588885 ], [ 402811.80061037640553, 3781357.477110885083675 ], [ 402812.410986775183119, 3781357.477110885083675 ], [ 402812.716174974571913, 3781357.171922685578465 ], [ 402813.021363173960708, 3781357.171922685578465 ], [ 402814.852492370293476, 3781355.340793489478528 ], [ 402816.073245167848654, 3781355.340793489478528 ], [ 402816.683621566626243, 3781355.951169888023287 ], [ 402816.683621566626243, 3781356.256358087528497 ], [ 402816.988809766015038, 3781356.561546287033707 ], [ 402816.988809766015038, 3781358.392675483133644 ], [ 402816.683621566626243, 3781358.697863682638854 ], [ 402816.683621566626243, 3781359.003051882144064 ], [ 402816.378433367237449, 3781359.308240081183612 ], [ 402816.073245167848654, 3781359.308240081183612 ], [ 402815.768056968459859, 3781359.613428280688822 ], [ 402815.462868769071065, 3781359.613428280688822 ], [ 402815.15768056968227, 3781359.918616480194032 ], [ 402814.852492370293476, 3781359.918616480194032 ], [ 402814.242115971515886, 3781360.528992878738791 ], [ 402813.631739572738297, 3781360.528992878738791 ], [ 402813.326551373349503, 3781360.834181078244001 ], [ 402813.021363173960708, 3781360.834181078244001 ], [ 402812.716174974571913, 3781361.139369277749211 ], [ 402812.410986775183119, 3781361.139369277749211 ] ] ] } },
{ "type": "Feature", "properties": { "confidence": 0.44407010078430176, "class": 1, "regularized": null }, "geometry": { "type": "Polygon", "coordinates": [ [ [ 402725.737538148532622, 3781265.920651067979634 ], [ 402725.127161749755032, 3781265.310274669434875 ], [ 402724.821973550366238, 3781265.310274669434875 ], [ 402723.296032553422265, 3781263.784333672374487 ], [ 402722.685656154644676, 3781263.784333672374487 ], [ 402722.380467955255881, 3781263.479145472869277 ], [ 402722.075279755867086, 3781263.479145472869277 ], [ 402721.770091556478292, 3781263.173957273829728 ], [ 402721.464903357089497, 3781263.173957273829728 ], [ 402721.159715157700703, 3781262.868769074324518 ], [ 402720.854526958311908, 3781262.868769074324518 ], [ 402720.549338758923113, 3781262.563580874819309 ], [ 402719.63377416075673, 3781262.563580874819309 ], [ 402719.63377416075673, 3781261.95320447627455 ], [ 402719.328585961367935, 3781261.64801627676934 ], [ 402719.328585961367935, 3781260.732451678719372 ], [ 402719.02339776197914, 3781260.427263479214162 ], [ 402719.02339776197914, 3781259.206510681658983 ], [ 402718.718209562590346, 3781258.901322482153773 ], [ 402718.413021363201551, 3781258.901322482153773 ], [ 402718.413021363201551, 3781258.290946083609015 ], [ 402719.02339776197914, 3781258.290946083609015 ], [ 402719.328585961367935, 3781257.985757884103805 ], [ 402719.328585961367935, 3781257.680569684598595 ], [ 402721.464903357089497, 3781257.680569684598595 ], [ 402721.770091556478292, 3781257.375381485093385 ], [ 402724.821973550366238, 3781257.375381485093385 ], [ 402725.127161749755032, 3781257.680569684598595 ], [ 402726.347914547310211, 3781257.680569684598595 ], [ 402726.653102746699005, 3781257.985757884103805 ], [ 402726.9582909460878, 3781257.985757884103805 ], [ 402727.263479145476595, 3781258.290946083609015 ], [ 402727.568667344865389, 3781258.290946083609015 ], [ 402727.873855544254184, 3781258.596134282648563 ], [ 402727.873855544254184, 3781258.901322482153773 ], [ 402728.179043743642978, 3781259.206510681658983 ], [ 402731.230925737530924, 3781259.206510681658983 ], [ 402731.536113936919719, 3781259.511698881164193 ], [ 402731.841302136308514, 3781259.511698881164193 ], [ 402732.146490335697308, 3781259.816887080203742 ], [ 402732.451678535086103, 3781259.816887080203742 ], [ 402732.756866734474897, 3781260.122075279708952 ], [ 402733.367243133252487, 3781260.122075279708952 ], [ 402733.367243133252487, 3781263.173957273829728 ], [ 402733.672431332641281, 3781263.479145472869277 ], [ 402733.672431332641281, 3781264.394710071384907 ], [ 402732.451678535086103, 3781265.615462868940085 ], [ 402731.230925737530924, 3781265.615462868940085 ], [ 402730.92573753814213, 3781265.920651067979634 ], [ 402725.737538148532622, 3781265.920651067979634 ] ] ] } },
{ "type": "Feature", "properties": { "confidence": 0.4406740665435791, "class": 1, "regularized": null }, "geometry": { "type": "Polygon", "coordinates": [ [ [ 402693.082400813815184, 3781477.11088504595682 ], [ 402692.777212614426389, 3781476.80569684645161 ], [ 402692.777212614426389, 3781476.5005086469464 ], [ 402692.472024415037595, 3781476.19532044744119 ], [ 402692.777212614426389, 3781475.890132248401642 ], [ 402692.777212614426389, 3781474.974567649886012 ], [ 402693.387589013203979, 3781474.364191251341254 ], [ 402693.387589013203979, 3781474.059003051836044 ], [ 402693.692777212592773, 3781474.059003051836044 ], [ 402694.303153611370362, 3781473.448626653291285 ], [ 402694.608341810759157, 3781473.448626653291285 ], [ 402695.218718209536746, 3781472.838250254280865 ], [ 402695.523906408925541, 3781472.838250254280865 ], [ 402696.744659206538927, 3781471.617497456725687 ], [ 402697.049847405927721, 3781471.617497456725687 ], [ 402697.355035605316516, 3781471.312309257220477 ], [ 402699.491353001038078, 3781471.312309257220477 ], [ 402699.796541200426873, 3781471.617497456725687 ], [ 402699.796541200426873, 3781471.922685656230897 ], [ 402700.101729399815667, 3781472.227873855736107 ], [ 402700.101729399815667, 3781473.753814852330834 ], [ 402699.796541200426873, 3781474.059003051836044 ], [ 402699.796541200426873, 3781474.364191251341254 ], [ 402699.186164801649284, 3781474.974567649886012 ], [ 402699.186164801649284, 3781475.279755849391222 ], [ 402698.575788402871694, 3781475.890132248401642 ], [ 402698.2706002034829, 3781475.890132248401642 ], [ 402697.355035605316516, 3781476.80569684645161 ], [ 402697.049847405927721, 3781476.80569684645161 ], [ 402696.744659206538927, 3781477.11088504595682 ], [ 402693.082400813815184, 3781477.11088504595682 ] ] ] } },
{ "type": "Feature", "properties": { "confidence": 0.43549865484237671, "class": 1, "regularized": null }, "geometry": { "type": "Polygon", "coordinates": [ [ [ 402672.329603255318943, 3781565.615462868940085 ], [ 402672.329603255318943, 3781562.258392675314099 ], [ 402672.024415055930149, 3781561.95320447627455 ], [ 402672.024415055930149, 3781559.816887080203742 ], [ 402672.329603255318943, 3781559.511698881164193 ], [ 402672.329603255318943, 3781557.680569684598595 ], [ 402672.634791454707738, 3781557.375381485093385 ], [ 402673.550356052874122, 3781557.375381485093385 ], [ 402673.855544252262916, 3781557.680569684598595 ], [ 402673.855544252262916, 3781557.985757884103805 ], [ 402674.160732451651711, 3781558.290946083609015 ], [ 402674.160732451651711, 3781558.901322482153773 ], [ 402675.076297049876302, 3781559.816887080203742 ], [ 402675.991861648042686, 3781559.816887080203742 ], [ 402676.297049847431481, 3781559.511698881164193 ], [ 402676.297049847431481, 3781558.290946083609015 ], [ 402675.991861648042686, 3781557.985757884103805 ], [ 402675.991861648042686, 3781557.375381485093385 ], [ 402678.128179043764248, 3781557.375381485093385 ], [ 402678.128179043764248, 3781561.03763987775892 ], [ 402676.602238046820275, 3781561.03763987775892 ], [ 402676.297049847431481, 3781561.34282807726413 ], [ 402676.297049847431481, 3781562.868769074324518 ], [ 402676.602238046820275, 3781563.173957273829728 ], [ 402676.602238046820275, 3781563.479145472869277 ], [ 402676.90742624620907, 3781563.784333672374487 ], [ 402676.90742624620907, 3781564.089521871879697 ], [ 402677.212614445597865, 3781564.394710071384907 ], [ 402677.212614445597865, 3781564.699898270424455 ], [ 402676.602238046820275, 3781565.310274669434875 ], [ 402675.076297049876302, 3781565.310274669434875 ], [ 402674.7711088504293, 3781565.615462868940085 ], [ 402672.329603255318943, 3781565.615462868940085 ] ] ] } },
{ "type": "Feature", "properties": { "confidence": 0.43372327089309692, "class": 1, "regularized": null }, "geometry": { "type": "Polygon", "coordinates": [ [ [ 403103.86571719229687, 3781398.372329603414983 ], [ 403102.950152594072279, 3781397.456765004899353 ], [ 403102.950152594072279, 3781397.151576805859804 ], [ 403102.339776195294689, 3781396.541200406849384 ], [ 403102.339776195294689, 3781396.236012207344174 ], [ 403102.034587995905895, 3781395.930824008304626 ], [ 403102.034587995905895, 3781395.320447609294206 ], [ 403102.950152594072279, 3781394.404883011244237 ], [ 403103.255340793461073, 3781394.404883011244237 ], [ 403104.476093591074459, 3781393.184130213689059 ], [ 403106.612410986796021, 3781393.184130213689059 ], [ 403106.917599186184816, 3781393.489318413194269 ], [ 403108.443540183128789, 3781393.489318413194269 ], [ 403109.053916581906378, 3781394.099694811739028 ], [ 403109.359104781295173, 3781394.099694811739028 ], [ 403109.969481180072762, 3781394.710071210749447 ], [ 403109.969481180072762, 3781395.015259409788996 ], [ 403110.274669379461557, 3781395.320447609294206 ], [ 403110.274669379461557, 3781396.236012207344174 ], [ 403109.664292980683967, 3781396.236012207344174 ], [ 403109.359104781295173, 3781396.541200406849384 ], [ 403108.748728382517584, 3781396.541200406849384 ], [ 403108.443540183128789, 3781396.846388606354594 ], [ 403108.138351983739994, 3781396.846388606354594 ], [ 403107.527975584962405, 3781397.456765004899353 ], [ 403106.917599186184816, 3781397.456765004899353 ], [ 403106.612410986796021, 3781397.761953204404563 ], [ 403106.307222787407227, 3781397.761953204404563 ], [ 403106.002034588018432, 3781398.067141403909773 ], [ 403105.696846388629638, 3781398.067141403909773 ], [ 403105.391658189240843, 3781398.372329603414983 ], [ 403103.86571719229687, 3781398.372329603414983 ] ] ] } },
{ "type": "Feature", "properties": { "confidence": 0.42765176296234131, "class": 1, "regularized": null }, "geometry": { "type": "Polygon", "coordinates": [ [ [ 402872.838250254339073, 3781766.429298066999763 ], [ 402872.227873855561484, 3781765.818921668455005 ], [ 402871.922685656172689, 3781765.818921668455005 ], [ 402871.617497456783894, 3781765.513733468949795 ], [ 402871.617497456783894, 3781764.903357070405036 ], [ 402871.3123092573951, 3781764.598168870899826 ], [ 402871.3123092573951, 3781760.935910478234291 ], [ 402871.617497456783894, 3781760.630722278729081 ], [ 402873.143438453727867, 3781760.630722278729081 ], [ 402873.143438453727867, 3781766.429298066999763 ], [ 402872.838250254339073, 3781766.429298066999763 ] ] ] } },
{ "type": "Feature", "properties": { "confidence": 0.42562684416770935, "class": 1, "regularized": null }, "geometry": { "type": "Polygon", "coordinates": [ [ [ 403047.405900305195246, 3781376.398779247421771 ], [ 403047.100712105806451, 3781376.093591047916561 ], [ 403045.879959308251273, 3781376.093591047916561 ], [ 403045.269582909473684, 3781375.483214648906142 ], [ 403044.964394710084889, 3781375.483214648906142 ], [ 403044.964394710084889, 3781374.567650050856173 ], [ 403045.269582909473684, 3781374.262461851350963 ], [ 403045.269582909473684, 3781373.652085452806205 ], [ 403045.574771108862478, 3781373.346897253300995 ], [ 403045.574771108862478, 3781373.041709053795785 ], [ 403045.879959308251273, 3781373.041709053795785 ], [ 403046.185147507640067, 3781372.736520854756236 ], [ 403053.509664292971138, 3781372.736520854756236 ], [ 403053.509664292971138, 3781374.567650050856173 ], [ 403053.204476093582343, 3781374.872838250361383 ], [ 403053.204476093582343, 3781375.483214648906142 ], [ 403052.899287894193549, 3781375.788402848411351 ], [ 403052.899287894193549, 3781376.093591047916561 ], [ 403048.626653102750424, 3781376.093591047916561 ], [ 403048.32146490336163, 3781376.398779247421771 ], [ 403047.405900305195246, 3781376.398779247421771 ] ] ] } },
{ "type": "Feature", "properties": { "confidence": 0.42103186249732971, "class": 1, "regularized": null }, "geometry": { "type": "Polygon", "coordinates": [ [ [ 402934.486266531050205, 3781234.181078331544995 ], [ 402933.875890132272616, 3781233.570701933000237 ], [ 402933.875890132272616, 3781229.908443540334702 ], [ 402933.570701932883821, 3781229.603255340829492 ], [ 402933.570701932883821, 3781225.940996948163956 ], [ 402933.875890132272616, 3781225.635808748658746 ], [ 402933.875890132272616, 3781223.19430315354839 ], [ 402933.570701932883821, 3781222.88911495404318 ], [ 402933.875890132272616, 3781222.583926755003631 ], [ 402936.012207527994178, 3781222.583926755003631 ], [ 402936.317395727382973, 3781222.278738555498421 ], [ 402937.232960325549357, 3781222.278738555498421 ], [ 402937.538148524938151, 3781222.583926755003631 ], [ 402938.14852492371574, 3781222.583926755003631 ], [ 402938.14852492371574, 3781226.551373346708715 ], [ 402937.843336724326946, 3781226.856561546213925 ], [ 402937.843336724326946, 3781230.21363173937425 ], [ 402937.538148524938151, 3781230.51881993887946 ], [ 402937.538148524938151, 3781230.82400813838467 ], [ 402937.232960325549357, 3781231.12919633788988 ], [ 402937.232960325549357, 3781233.570701933000237 ], [ 402936.927772126160562, 3781233.875890132039785 ], [ 402936.622583926771767, 3781233.875890132039785 ], [ 402936.317395727382973, 3781234.181078331544995 ], [ 402934.486266531050205, 3781234.181078331544995 ] ] ] } },
{ "type": "Feature", "properties": { "confidence": 0.41900467872619629, "class": 1, "regularized": null }, "geometry": { "type": "Polygon", "coordinates": [ [ [ 402952.797558494377881, 3781354.730417090468109 ], [ 402952.492370294989087, 3781354.425228890962899 ], [ 402952.187182095600292, 3781354.425228890962899 ], [ 402952.187182095600292, 3781351.678535096812993 ], [ 402952.492370294989087, 3781351.373346897307783 ], [ 402953.102746693766676, 3781351.373346897307783 ], [ 402953.40793489315547, 3781351.068158697802573 ], [ 402957.680569684656803, 3781351.068158697802573 ], [ 402957.680569684656803, 3781351.373346897307783 ], [ 402957.985757884045597, 3781351.678535096812993 ], [ 402957.985757884045597, 3781354.12004069192335 ], [ 402957.680569684656803, 3781354.425228890962899 ], [ 402957.680569684656803, 3781354.730417090468109 ], [ 402952.797558494377881, 3781354.730417090468109 ] ] ] } },
{ "type": "Feature", "properties": { "confidence": 0.41317984461784363, "class": 1, "regularized": null }, "geometry": { "type": "Polygon", "coordinates": [ [ [ 402850.254323499510065, 3781623.601220752578229 ], [ 402849.94913530012127, 3781623.29603255353868 ], [ 402849.033570701954886, 3781623.29603255353868 ], [ 402848.728382502566092, 3781622.99084435403347 ], [ 402848.118006103788503, 3781622.99084435403347 ], [ 402847.812817904399708, 3781622.68565615452826 ], [ 402847.202441505622119, 3781622.68565615452826 ], [ 402846.897253306233324, 3781622.38046795502305 ], [ 402846.59206510684453, 3781622.38046795502305 ], [ 402846.286876907397527, 3781622.075279755983502 ], [ 402845.676500508619938, 3781622.075279755983502 ], [ 402844.760935910453554, 3781621.159715157467872 ], [ 402845.066124109842349, 3781620.854526958428323 ], [ 402845.066124109842349, 3781620.244150559417903 ], [ 402844.760935910453554, 3781619.938962359912694 ], [ 402844.760935910453554, 3781616.276703967247158 ], [ 402845.371312309231143, 3781615.6663275687024 ], [ 402846.897253306233324, 3781615.6663275687024 ], [ 402847.202441505622119, 3781615.36113936919719 ], [ 402848.423194303177297, 3781615.36113936919719 ], [ 402848.728382502566092, 3781615.05595116969198 ], [ 402849.643947100732476, 3781615.05595116969198 ], [ 402849.94913530012127, 3781615.36113936919719 ], [ 402851.169888097676449, 3781615.36113936919719 ], [ 402851.475076297065243, 3781615.6663275687024 ], [ 402851.780264496454038, 3781615.6663275687024 ], [ 402853.001017294009216, 3781616.887080366257578 ], [ 402853.306205493398011, 3781616.887080366257578 ], [ 402853.611393692786805, 3781617.192268565762788 ], [ 402853.611393692786805, 3781617.802644964307547 ], [ 402853.9165818921756, 3781618.107833163812757 ], [ 402854.221770091564395, 3781618.107833163812757 ], [ 402853.9165818921756, 3781618.413021363317966 ], [ 402853.9165818921756, 3781620.244150559417903 ], [ 402854.221770091564395, 3781620.549338758923113 ], [ 402853.9165818921756, 3781620.854526958428323 ], [ 402853.9165818921756, 3781622.075279755983502 ], [ 402853.306205493398011, 3781622.68565615452826 ], [ 402853.306205493398011, 3781622.99084435403347 ], [ 402852.695829094620422, 3781622.99084435403347 ], [ 402852.085452695842832, 3781623.601220752578229 ], [ 402850.254323499510065, 3781623.601220752578229 ] ] ] } },
{ "type": "Feature", "properties": { "confidence": 0.4123205840587616, "class": 1, "regularized": null }, "geometry": { "type": "Polygon", "coordinates": [ [ [ 403151.475076297065243, 3781252.187182095833123 ], [ 403151.169888097676449, 3781251.881993896327913 ], [ 403149.338758901343681, 3781251.881993896327913 ], [ 403149.033570701954886, 3781251.576805696822703 ], [ 403148.118006103788503, 3781251.576805696822703 ], [ 403147.812817904399708, 3781251.271617497317493 ], [ 403147.507629705010913, 3781251.271617497317493 ], [ 403146.59206510684453, 3781250.356052899267524 ], [ 403146.59206510684453, 3781249.745676500722766 ], [ 403146.897253306233324, 3781249.440488301217556 ], [ 403147.507629705010913, 3781249.440488301217556 ], [ 403147.812817904399708, 3781249.135300101712346 ], [ 403148.118006103788503, 3781249.135300101712346 ], [ 403148.423194303177297, 3781248.830111902207136 ], [ 403152.695829094620422, 3781248.830111902207136 ], [ 403152.695829094620422, 3781249.440488301217556 ], [ 403153.001017294009216, 3781249.745676500722766 ], [ 403153.611393692786805, 3781249.745676500722766 ], [ 403154.221770091564395, 3781250.356052899267524 ], [ 403154.221770091564395, 3781251.271617497317493 ], [ 403153.9165818921756, 3781251.271617497317493 ], [ 403153.306205493398011, 3781251.881993896327913 ], [ 403153.306205493398011, 3781252.187182095833123 ], [ 403151.475076297065243, 3781252.187182095833123 ] ] ] } },
{ "type": "Feature", "properties": { "confidence": 0.40792521834373474, "class": 1, "regularized": null }, "geometry": { "type": "Polygon", "coordinates": [ [ [ 402847.812817904399708, 3781605.900305188260972 ], [ 402847.507629705010913, 3781605.595116988755763 ], [ 402846.286876907397527, 3781605.595116988755763 ], [ 402846.286876907397527, 3781603.458799593150616 ], [ 402846.59206510684453, 3781603.153611393645406 ], [ 402846.59206510684453, 3781601.932858596090227 ], [ 402846.286876907397527, 3781601.627670396585017 ], [ 402846.59206510684453, 3781601.322482197545469 ], [ 402846.59206510684453, 3781600.712105798535049 ], [ 402846.897253306233324, 3781600.406917599029839 ], [ 402853.001017294009216, 3781600.406917599029839 ], [ 402853.001017294009216, 3781600.712105798535049 ], [ 402853.306205493398011, 3781601.017293998040259 ], [ 402853.611393692786805, 3781601.017293998040259 ], [ 402853.9165818921756, 3781601.322482197545469 ], [ 402854.526958290953189, 3781601.322482197545469 ], [ 402854.832146490341984, 3781601.627670396585017 ], [ 402855.137334689730778, 3781601.627670396585017 ], [ 402855.137334689730778, 3781601.932858596090227 ], [ 402855.442522889119573, 3781602.238046795595437 ], [ 402855.442522889119573, 3781603.153611393645406 ], [ 402855.137334689730778, 3781603.458799593150616 ], [ 402855.137334689730778, 3781605.289928789250553 ], [ 402854.832146490341984, 3781605.595116988755763 ], [ 402854.526958290953189, 3781605.595116988755763 ], [ 402854.221770091564395, 3781605.900305188260972 ], [ 402847.812817904399708, 3781605.900305188260972 ] ] ] } },
{ "type": "Feature", "properties": { "confidence": 0.40333330631256104, "class": 1, "regularized": null }, "geometry": { "type": "Polygon", "coordinates": [ [ [ 403125.2288911495707, 3781301.932858596090227 ], [ 403124.618514750734903, 3781301.322482197545469 ], [ 403124.618514750734903, 3781300.712105798535049 ], [ 403124.313326551346108, 3781300.406917599029839 ], [ 403124.313326551346108, 3781300.10172939999029 ], [ 403124.008138351957314, 3781299.79654120048508 ], [ 403124.008138351957314, 3781296.134282807819545 ], [ 403124.313326551346108, 3781295.829094608314335 ], [ 403124.313326551346108, 3781295.523906408809125 ], [ 403125.534079348959494, 3781294.303153611253947 ], [ 403125.534079348959494, 3781293.997965412214398 ], [ 403125.839267548348289, 3781293.692777212709188 ], [ 403125.839267548348289, 3781293.387589013203979 ], [ 403126.144455747737084, 3781293.082400813698769 ], [ 403126.449643947125878, 3781293.082400813698769 ], [ 403127.670396744681057, 3781291.86164801614359 ], [ 403127.975584944069851, 3781291.86164801614359 ], [ 403128.280773143458646, 3781291.556459817104042 ], [ 403129.19633774162503, 3781291.556459817104042 ], [ 403129.501525941013824, 3781291.86164801614359 ], [ 403129.501525941013824, 3781293.082400813698769 ], [ 403129.806714140402619, 3781293.387589013203979 ], [ 403129.806714140402619, 3781295.218718209769577 ], [ 403129.501525941013824, 3781295.523906408809125 ], [ 403129.501525941013824, 3781296.134282807819545 ], [ 403129.19633774162503, 3781296.439471007324755 ], [ 403129.19633774162503, 3781296.744659206364304 ], [ 403127.975584944069851, 3781297.965412003919482 ], [ 403127.975584944069851, 3781300.712105798535049 ], [ 403128.280773143458646, 3781301.017293998040259 ], [ 403128.280773143458646, 3781301.322482197545469 ], [ 403127.670396744681057, 3781301.932858596090227 ], [ 403125.2288911495707, 3781301.932858596090227 ] ] ] } },
{ "type": "Feature", "properties": { "confidence": 0.40284162759780884, "class": 1, "regularized": null }, "geometry": { "type": "Polygon", "coordinates": [ [ [ 403157.88402848422993, 3781333.367243133485317 ], [ 403157.578840284841135, 3781333.062054933980107 ], [ 403157.273652085452341, 3781333.062054933980107 ], [ 403157.273652085452341, 3781332.756866734474897 ], [ 403157.578840284841135, 3781332.451678534969687 ], [ 403157.578840284841135, 3781332.146490335930139 ], [ 403157.88402848422993, 3781331.841302136424929 ], [ 403157.88402848422993, 3781331.536113936919719 ], [ 403158.189216683618724, 3781331.230925737414509 ], [ 403158.494404883007519, 3781331.230925737414509 ], [ 403159.409969481173903, 3781330.315361139364541 ], [ 403159.715157680562697, 3781330.315361139364541 ], [ 403160.020345879951492, 3781330.010172939859331 ], [ 403160.325534079340287, 3781330.010172939859331 ], [ 403160.630722278729081, 3781329.704984740819782 ], [ 403161.24109867750667, 3781329.704984740819782 ], [ 403161.546286876895465, 3781329.399796541314572 ], [ 403162.767039674450643, 3781329.399796541314572 ], [ 403163.072227873839438, 3781329.094608341809362 ], [ 403163.377416073228233, 3781329.094608341809362 ], [ 403163.682604272617027, 3781328.789420142304152 ], [ 403164.598168870783411, 3781328.789420142304152 ], [ 403164.903357070172206, 3781329.094608341809362 ], [ 403164.903357070172206, 3781329.399796541314572 ], [ 403165.513733468949795, 3781330.010172939859331 ], [ 403165.513733468949795, 3781330.62054933886975 ], [ 403165.208545269561, 3781330.92573753837496 ], [ 403165.208545269561, 3781331.536113936919719 ], [ 403164.903357070172206, 3781331.536113936919719 ], [ 403164.292980671394616, 3781332.146490335930139 ], [ 403163.987792472005822, 3781332.146490335930139 ], [ 403163.682604272617027, 3781332.451678534969687 ], [ 403163.072227873839438, 3781332.451678534969687 ], [ 403162.461851475061849, 3781333.062054933980107 ], [ 403162.156663275673054, 3781333.062054933980107 ], [ 403161.85147507628426, 3781333.367243133485317 ], [ 403157.88402848422993, 3781333.367243133485317 ] ] ] } },
{ "type": "Feature", "properties": { "confidence": 0.399200439453125, "class": 1, "regularized": null }, "geometry": { "type": "Polygon", "coordinates": [ [ [ 403004.679552390647586, 3781724.618514750618488 ], [ 403004.069175991869997, 3781724.008138352073729 ], [ 403003.763987792481203, 3781724.008138352073729 ], [ 403003.763987792481203, 3781723.702950152568519 ], [ 403003.458799593092408, 3781723.397761953063309 ], [ 403003.458799593092408, 3781723.092573754023761 ], [ 403003.153611393703613, 3781722.787385554518551 ], [ 403003.153611393703613, 3781722.177009155508131 ], [ 403002.848423194314819, 3781721.871820956468582 ], [ 403002.848423194314819, 3781721.261444557458162 ], [ 403002.543234994926024, 3781720.956256357952952 ], [ 403002.543234994926024, 3781720.345879959408194 ], [ 403002.23804679553723, 3781720.040691759902984 ], [ 403002.23804679553723, 3781719.735503560397774 ], [ 403002.543234994926024, 3781719.430315361358225 ], [ 403002.543234994926024, 3781719.125127161853015 ], [ 403002.848423194314819, 3781718.819938962347806 ], [ 403003.458799593092408, 3781718.819938962347806 ], [ 403004.069175991869997, 3781718.209562563803047 ], [ 403004.374364191258792, 3781718.209562563803047 ], [ 403004.679552390647586, 3781717.904374364297837 ], [ 403004.984740590036381, 3781717.904374364297837 ], [ 403005.289928789425176, 3781717.599186164792627 ], [ 403005.59511698881397, 3781717.599186164792627 ], [ 403005.900305188202765, 3781717.293997965287417 ], [ 403006.205493387591559, 3781717.293997965287417 ], [ 403006.510681586980354, 3781716.988809766247869 ], [ 403007.426246185146738, 3781716.988809766247869 ], [ 403007.731434384535532, 3781716.683621566742659 ], [ 403008.646998982701916, 3781716.683621566742659 ], [ 403008.952187182090711, 3781716.988809766247869 ], [ 403009.257375381479505, 3781716.988809766247869 ], [ 403009.257375381479505, 3781718.209562563803047 ], [ 403009.5625635808683, 3781718.514750762842596 ], [ 403009.5625635808683, 3781719.125127161853015 ], [ 403010.478128179034684, 3781720.040691759902984 ], [ 403010.783316378423478, 3781720.040691759902984 ], [ 403011.088504577812273, 3781720.345879959408194 ], [ 403011.088504577812273, 3781720.651068158913404 ], [ 403011.393692777201068, 3781720.956256357952952 ], [ 403011.393692777201068, 3781721.566632756963372 ], [ 403010.783316378423478, 3781722.177009155508131 ], [ 403010.783316378423478, 3781722.482197355013341 ], [ 403010.478128179034684, 3781722.482197355013341 ], [ 403008.646998982701916, 3781724.313326551578939 ], [ 403008.341810783313122, 3781724.313326551578939 ], [ 403008.036622583924327, 3781724.618514750618488 ], [ 403004.679552390647586, 3781724.618514750618488 ] ] ] } },
{ "type": "Feature", "properties": { "confidence": 0.3962092399597168, "class": 1, "regularized": null }, "geometry": { "type": "Polygon", "coordinates": [ [ [ 403082.50254323502304, 3781505.798575788270682 ], [ 403082.197355035634246, 3781505.493387589231133 ], [ 403081.892166836187243, 3781505.493387589231133 ], [ 403081.586978636798449, 3781505.188199389725924 ], [ 403082.197355035634246, 3781504.577822990715504 ], [ 403082.197355035634246, 3781503.357070193160325 ], [ 403081.892166836187243, 3781503.051881994120777 ], [ 403081.892166836187243, 3781501.525940997060388 ], [ 403082.197355035634246, 3781501.220752797555178 ], [ 403082.197355035634246, 3781500.915564598049968 ], [ 403082.50254323502304, 3781500.61037639901042 ], [ 403082.807731434411835, 3781500.61037639901042 ], [ 403083.418107833189424, 3781500.0 ], [ 403083.723296032578219, 3781500.0 ], [ 403084.028484231967013, 3781499.69481180049479 ], [ 403084.638860630744603, 3781499.69481180049479 ], [ 403084.944048830133397, 3781499.38962360098958 ], [ 403087.080366225854959, 3781499.38962360098958 ], [ 403087.385554425243754, 3781499.69481180049479 ], [ 403087.995930824021343, 3781499.69481180049479 ], [ 403088.301119023410138, 3781499.38962360098958 ], [ 403088.301119023410138, 3781498.779247202444822 ], [ 403088.911495422187727, 3781498.168870803434402 ], [ 403088.911495422187727, 3781497.558494404889643 ], [ 403089.521871820965316, 3781496.948118005879223 ], [ 403089.827060020354111, 3781496.948118005879223 ], [ 403090.4374364191317, 3781497.558494404889643 ], [ 403090.4374364191317, 3781498.168870803434402 ], [ 403091.353001017298084, 3781499.084435401950032 ], [ 403091.658189216686878, 3781499.084435401950032 ], [ 403091.658189216686878, 3781499.38962360098958 ], [ 403091.963377416075673, 3781499.69481180049479 ], [ 403091.963377416075673, 3781500.30518819950521 ], [ 403092.268565615464468, 3781500.61037639901042 ], [ 403092.268565615464468, 3781503.662258392665535 ], [ 403091.963377416075673, 3781503.967446592170745 ], [ 403091.963377416075673, 3781505.188199389725924 ], [ 403091.353001017298084, 3781505.188199389725924 ], [ 403091.047812817909289, 3781505.493387589231133 ], [ 403086.46998982707737, 3781505.493387589231133 ], [ 403086.164801627688576, 3781505.798575788270682 ], [ 403082.50254323502304, 3781505.798575788270682 ] ] ] } },
{ "type": "Feature", "properties": { "confidence": 0.39526382088661194, "class": 1, "regularized": null }, "geometry": { "type": "Polygon", "coordinates": [ [ [ 402693.692777212592773, 3781543.031536113936454 ], [ 402693.387589013203979, 3781542.726347914431244 ], [ 402692.777212614426389, 3781542.726347914431244 ], [ 402692.777212614426389, 3781542.421159714926034 ], [ 402692.472024415037595, 3781542.115971515886486 ], [ 402692.472024415037595, 3781537.538148524705321 ], [ 402692.777212614426389, 3781537.232960325665772 ], [ 402692.777212614426389, 3781534.486266531050205 ], [ 402693.387589013203979, 3781533.875890132039785 ], [ 402694.913530010147952, 3781533.875890132039785 ], [ 402695.218718209536746, 3781533.570701933000237 ], [ 402697.049847405927721, 3781533.570701933000237 ], [ 402697.355035605316516, 3781533.875890132039785 ], [ 402697.355035605316516, 3781540.284842319320887 ], [ 402697.049847405927721, 3781540.590030518826097 ], [ 402697.049847405927721, 3781540.895218718331307 ], [ 402696.439471007150132, 3781541.505595116876066 ], [ 402696.439471007150132, 3781541.810783316381276 ], [ 402696.13428280770313, 3781542.115971515886486 ], [ 402696.13428280770313, 3781542.421159714926034 ], [ 402695.829094608314335, 3781542.726347914431244 ], [ 402694.913530010147952, 3781542.726347914431244 ], [ 402694.608341810759157, 3781543.031536113936454 ], [ 402693.692777212592773, 3781543.031536113936454 ] ] ] } },
{ "type": "Feature", "properties": { "confidence": 0.3947298526763916, "class": 1, "regularized": null }, "geometry": { "type": "Polygon", "coordinates": [ [ [ 402951.576805696822703, 3781237.232960325665772 ], [ 402951.576805696822703, 3781228.687690742779523 ], [ 402954.018311291991267, 3781228.687690742779523 ], [ 402954.323499491380062, 3781228.992878941819072 ], [ 402954.323499491380062, 3781230.82400813838467 ], [ 402954.018311291991267, 3781231.12919633788988 ], [ 402954.018311291991267, 3781231.434384536929429 ], [ 402953.713123092602473, 3781231.739572736434639 ], [ 402953.713123092602473, 3781232.044760935939848 ], [ 402953.40793489315547, 3781232.349949135445058 ], [ 402953.40793489315547, 3781232.960325533989817 ], [ 402953.102746693766676, 3781233.265513733495027 ], [ 402953.102746693766676, 3781234.181078331544995 ], [ 402952.797558494377881, 3781234.486266531050205 ], [ 402952.797558494377881, 3781235.401831129100174 ], [ 402952.492370294989087, 3781235.707019328605384 ], [ 402952.492370294989087, 3781236.317395727150142 ], [ 402952.187182095600292, 3781236.622583926655352 ], [ 402952.187182095600292, 3781236.927772126160562 ], [ 402951.881993896211497, 3781237.232960325665772 ], [ 402951.576805696822703, 3781237.232960325665772 ] ] ] } },
{ "type": "Feature", "properties": { "confidence": 0.39412370324134827, "class": 1, "regularized": null }, "geometry": { "type": "Polygon", "coordinates": [ [ [ 402834.384537131234538, 3781414.547304171137512 ], [ 402834.384537131234538, 3781409.664292980451137 ], [ 402837.741607324511278, 3781409.664292980451137 ], [ 402837.741607324511278, 3781413.326551373116672 ], [ 402837.131230925733689, 3781413.936927772127092 ], [ 402836.826042726344895, 3781413.936927772127092 ], [ 402836.215666327567305, 3781414.547304171137512 ], [ 402834.384537131234538, 3781414.547304171137512 ] ] ] } },
{ "type": "Feature", "properties": { "confidence": 0.38921689987182617, "class": 1, "regularized": null }, "geometry": { "type": "Polygon", "coordinates": [ [ [ 403087.690742624632549, 3781601.017293998040259 ], [ 403087.385554425243754, 3781600.712105798535049 ], [ 403087.080366225854959, 3781600.712105798535049 ], [ 403086.46998982707737, 3781600.10172939999029 ], [ 403086.46998982707737, 3781598.575788402929902 ], [ 403086.775178026466165, 3781598.270600203424692 ], [ 403087.690742624632549, 3781598.270600203424692 ], [ 403087.995930824021343, 3781597.965412003919482 ], [ 403089.216683621576522, 3781597.965412003919482 ], [ 403089.827060020354111, 3781597.355035605374724 ], [ 403090.132248219742905, 3781597.355035605374724 ], [ 403090.4374364191317, 3781597.049847405869514 ], [ 403100.203458799573127, 3781597.049847405869514 ], [ 403100.508646998961922, 3781597.355035605374724 ], [ 403100.203458799573127, 3781597.660223804879934 ], [ 403100.203458799573127, 3781600.10172939999029 ], [ 403099.593082400795538, 3781600.712105798535049 ], [ 403096.541200406907592, 3781600.712105798535049 ], [ 403096.236012207518797, 3781601.017293998040259 ], [ 403087.690742624632549, 3781601.017293998040259 ] ] ] } },
{ "type": "Feature", "properties": { "confidence": 0.38691860437393188, "class": 1, "regularized": null }, "geometry": { "type": "Polygon", "coordinates": [ [ [ 403163.377416073228233, 3781609.867751780431718 ], [ 403163.072227873839438, 3781609.562563580926508 ], [ 403162.767039674450643, 3781609.562563580926508 ], [ 403162.156663275673054, 3781608.952187181916088 ], [ 403162.156663275673054, 3781608.646998982876539 ], [ 403161.85147507628426, 3781608.341810783371329 ], [ 403161.85147507628426, 3781607.731434384360909 ], [ 403161.546286876895465, 3781607.426246185321361 ], [ 403161.546286876895465, 3781604.374364191200584 ], [ 403161.24109867750667, 3781604.069175991695374 ], [ 403161.24109867750667, 3781603.763987792655826 ], [ 403160.935910478117876, 3781603.458799593150616 ], [ 403160.935910478117876, 3781602.238046795595437 ], [ 403160.630722278729081, 3781601.932858596090227 ], [ 403160.630722278729081, 3781600.406917599029839 ], [ 403161.24109867750667, 3781599.79654120048508 ], [ 403161.546286876895465, 3781600.10172939999029 ], [ 403161.85147507628426, 3781600.10172939999029 ], [ 403162.156663275673054, 3781600.406917599029839 ], [ 403163.682604272617027, 3781600.406917599029839 ], [ 403163.682604272617027, 3781600.712105798535049 ], [ 403164.292980671394616, 3781601.322482197545469 ], [ 403164.598168870783411, 3781601.322482197545469 ], [ 403165.208545269561, 3781601.932858596090227 ], [ 403165.208545269561, 3781602.238046795595437 ], [ 403165.818921668338589, 3781602.848423194140196 ], [ 403165.818921668338589, 3781605.900305188260972 ], [ 403165.513733468949795, 3781606.205493387766182 ], [ 403165.513733468949795, 3781606.815869786310941 ], [ 403165.208545269561, 3781607.121057985816151 ], [ 403165.208545269561, 3781607.731434384360909 ], [ 403164.903357070172206, 3781608.036622583866119 ], [ 403164.903357070172206, 3781608.341810783371329 ], [ 403164.598168870783411, 3781608.646998982876539 ], [ 403164.598168870783411, 3781609.257375381421298 ], [ 403164.292980671394616, 3781609.562563580926508 ], [ 403163.682604272617027, 3781609.562563580926508 ], [ 403163.377416073228233, 3781609.867751780431718 ] ] ] } },
{ "type": "Feature", "properties": { "confidence": 0.38257062435150146, "class": 1, "regularized": null }, "geometry": { "type": "Polygon", "coordinates": [ [ [ 403140.793489318399224, 3781368.463886063080281 ], [ 403140.48830111901043, 3781368.158697863575071 ], [ 403139.877924720232841, 3781368.158697863575071 ], [ 403139.572736520844046, 3781367.853509664069861 ], [ 403138.351983723288868, 3781367.853509664069861 ], [ 403138.046795523900073, 3781367.548321465030313 ], [ 403136.5208545269561, 3781367.548321465030313 ], [ 403136.215666327567305, 3781367.243133265525103 ], [ 403133.163784333679359, 3781367.243133265525103 ], [ 403132.858596134290565, 3781366.937945066019893 ], [ 403132.55340793490177, 3781366.937945066019893 ], [ 403132.55340793490177, 3781365.412004068959504 ], [ 403132.858596134290565, 3781365.106815869919956 ], [ 403132.858596134290565, 3781364.496439470909536 ], [ 403135.605289928789716, 3781361.749745676293969 ], [ 403135.910478128178511, 3781361.749745676293969 ], [ 403136.215666327567305, 3781361.444557477254421 ], [ 403145.371312309231143, 3781361.444557477254421 ], [ 403145.981688708008733, 3781362.054933875799179 ], [ 403145.981688708008733, 3781363.580874872859567 ], [ 403146.286876907397527, 3781363.886063072364777 ], [ 403146.286876907397527, 3781364.496439470909536 ], [ 403145.981688708008733, 3781364.801627670414746 ], [ 403145.981688708008733, 3781366.937945066019893 ], [ 403145.676500508619938, 3781367.243133265525103 ], [ 403145.676500508619938, 3781367.548321465030313 ], [ 403145.371312309231143, 3781367.548321465030313 ], [ 403144.760935910453554, 3781368.158697863575071 ], [ 403144.150559511675965, 3781368.158697863575071 ], [ 403143.84537131228717, 3781368.463886063080281 ], [ 403140.793489318399224, 3781368.463886063080281 ] ] ] } },
{ "type": "Feature", "properties": { "confidence": 0.38205444812774658, "class": 1, "regularized": null }, "geometry": { "type": "Polygon", "coordinates": [ [ [ 402783.418107833189424, 3781265.920651067979634 ], [ 402782.807731434411835, 3781265.310274669434875 ], [ 402782.50254323502304, 3781265.310274669434875 ], [ 402782.50254323502304, 3781265.005086469929665 ], [ 402781.892166836187243, 3781264.394710071384907 ], [ 402781.892166836187243, 3781264.089521871879697 ], [ 402781.586978636798449, 3781263.784333672374487 ], [ 402781.586978636798449, 3781262.563580874819309 ], [ 402781.892166836187243, 3781262.258392675314099 ], [ 402781.892166836187243, 3781261.95320447627455 ], [ 402782.807731434411835, 3781261.95320447627455 ], [ 402783.11291963380063, 3781261.64801627676934 ], [ 402784.944048830133397, 3781261.64801627676934 ], [ 402785.554425228910986, 3781261.03763987775892 ], [ 402785.554425228910986, 3781260.732451678719372 ], [ 402785.859613428299781, 3781260.427263479214162 ], [ 402786.164801627688576, 3781260.427263479214162 ], [ 402786.46998982707737, 3781260.122075279708952 ], [ 402788.606307222798932, 3781260.122075279708952 ], [ 402788.911495422187727, 3781260.427263479214162 ], [ 402789.216683621576522, 3781260.427263479214162 ], [ 402789.521871820965316, 3781260.732451678719372 ], [ 402789.521871820965316, 3781263.173957273829728 ], [ 402789.216683621576522, 3781263.479145472869277 ], [ 402789.216683621576522, 3781264.089521871879697 ], [ 402788.911495422187727, 3781264.394710071384907 ], [ 402788.911495422187727, 3781265.005086469929665 ], [ 402788.606307222798932, 3781265.005086469929665 ], [ 402788.301119023410138, 3781265.310274669434875 ], [ 402785.859613428299781, 3781265.310274669434875 ], [ 402785.554425228910986, 3781265.615462868940085 ], [ 402784.638860630744603, 3781265.615462868940085 ], [ 402784.333672431355808, 3781265.920651067979634 ], [ 402783.418107833189424, 3781265.920651067979634 ] ] ] } },
{ "type": "Feature", "properties": { "confidence": 0.37873074412345886, "class": 1, "regularized": null }, "geometry": { "type": "Polygon", "coordinates": [ [ [ 403071.210579857579432, 3781286.063072227872908 ], [ 403070.905391658190638, 3781285.757884028367698 ], [ 403070.905391658190638, 3781284.23194303130731 ], [ 403071.210579857579432, 3781283.926754832267761 ], [ 403071.210579857579432, 3781283.011190233752131 ], [ 403071.515768056968227, 3781282.706002034712583 ], [ 403071.515768056968227, 3781281.485249237157404 ], [ 403071.820956256357022, 3781281.180061037652194 ], [ 403071.820956256357022, 3781280.874872838146985 ], [ 403072.126144455745816, 3781280.569684638641775 ], [ 403072.126144455745816, 3781280.264496439602226 ], [ 403072.431332655134611, 3781280.264496439602226 ], [ 403072.736520854523405, 3781279.959308240097016 ], [ 403073.0417090539122, 3781279.959308240097016 ], [ 403073.346897253300995, 3781279.654120040591806 ], [ 403077.924720244132914, 3781279.654120040591806 ], [ 403078.229908443521708, 3781279.348931841086596 ], [ 403078.840284842299297, 3781279.348931841086596 ], [ 403079.145473041688092, 3781279.654120040591806 ], [ 403080.061037639854476, 3781279.654120040591806 ], [ 403080.061037639854476, 3781280.264496439602226 ], [ 403080.36622583924327, 3781280.569684638641775 ], [ 403080.36622583924327, 3781283.926754832267761 ], [ 403080.061037639854476, 3781284.23194303130731 ], [ 403080.061037639854476, 3781285.14750762982294 ], [ 403079.145473041688092, 3781286.063072227872908 ], [ 403071.210579857579432, 3781286.063072227872908 ] ] ] } },
{ "type": "Feature", "properties": { "confidence": 0.37707880139350891, "class": 1, "regularized": null }, "geometry": { "type": "Polygon", "coordinates": [ [ [ 403044.659206510696094, 3781547.304170905612409 ], [ 403044.3540183113073, 3781546.998982706107199 ], [ 403044.3540183113073, 3781542.726347914431244 ], [ 403044.659206510696094, 3781542.726347914431244 ], [ 403044.964394710084889, 3781542.421159714926034 ], [ 403046.185147507640067, 3781542.421159714926034 ], [ 403046.490335707028862, 3781542.726347914431244 ], [ 403047.100712105806451, 3781542.726347914431244 ], [ 403047.405900305195246, 3781543.031536113936454 ], [ 403048.016276703972835, 3781543.031536113936454 ], [ 403048.32146490336163, 3781543.336724313441664 ], [ 403048.32146490336163, 3781545.473041709046811 ], [ 403048.016276703972835, 3781545.778229908552021 ], [ 403048.016276703972835, 3781546.388606307096779 ], [ 403047.71108850458404, 3781546.693794506601989 ], [ 403046.795523906417657, 3781546.693794506601989 ], [ 403046.490335707028862, 3781546.998982706107199 ], [ 403045.574771108862478, 3781546.998982706107199 ], [ 403045.269582909473684, 3781547.304170905612409 ], [ 403044.659206510696094, 3781547.304170905612409 ] ] ] } },
{ "type": "Feature", "properties": { "confidence": 0.36967954039573669, "class": 1, "regularized": null }, "geometry": { "type": "Polygon", "coordinates": [ [ [ 403062.970498474081978, 3781414.242115971632302 ], [ 403062.665310274693184, 3781413.936927772127092 ], [ 403062.054933875915594, 3781413.936927772127092 ], [ 403061.7497456765268, 3781413.631739572621882 ], [ 403061.444557477138005, 3781413.631739572621882 ], [ 403061.139369277749211, 3781413.326551373116672 ], [ 403061.139369277749211, 3781412.716174974571913 ], [ 403060.834181078360416, 3781412.410986775066704 ], [ 403060.834181078360416, 3781412.105798575561494 ], [ 403059.918616480135825, 3781411.190233977511525 ], [ 403059.61342828074703, 3781411.190233977511525 ], [ 403059.003051881969441, 3781410.579857578966767 ], [ 403059.003051881969441, 3781410.274669379461557 ], [ 403066.022380467969924, 3781410.274669379461557 ], [ 403066.022380467969924, 3781411.800610376521945 ], [ 403065.71719226858113, 3781412.105798575561494 ], [ 403065.71719226858113, 3781412.410986775066704 ], [ 403064.496439471025951, 3781413.631739572621882 ], [ 403064.496439471025951, 3781413.936927772127092 ], [ 403064.191251271637157, 3781414.242115971632302 ], [ 403062.970498474081978, 3781414.242115971632302 ] ] ] } },
{ "type": "Feature", "properties": { "confidence": 0.36445677280426025, "class": 1, "regularized": null }, "geometry": { "type": "Polygon", "coordinates": [ [ [ 403045.269582909473684, 3781331.230925737414509 ], [ 403045.269582909473684, 3781330.315361139364541 ], [ 403044.964394710084889, 3781330.010172939859331 ], [ 403044.964394710084889, 3781329.704984740819782 ], [ 403044.048830111918505, 3781328.789420142304152 ], [ 403043.743641912529711, 3781328.789420142304152 ], [ 403043.743641912529711, 3781327.568667344748974 ], [ 403045.574771108862478, 3781327.568667344748974 ], [ 403045.879959308251273, 3781327.873855544254184 ], [ 403046.795523906417657, 3781327.873855544254184 ], [ 403047.405900305195246, 3781328.484231942798942 ], [ 403047.405900305195246, 3781328.789420142304152 ], [ 403047.71108850458404, 3781329.094608341809362 ], [ 403047.71108850458404, 3781329.704984740819782 ], [ 403047.405900305195246, 3781330.010172939859331 ], [ 403047.405900305195246, 3781330.315361139364541 ], [ 403047.100712105806451, 3781330.62054933886975 ], [ 403047.100712105806451, 3781331.230925737414509 ], [ 403045.269582909473684, 3781331.230925737414509 ] ] ] } },
{ "type": "Feature", "properties": { "confidence": 0.3641834557056427, "class": 1, "regularized": null }, "geometry": { "type": "Polygon", "coordinates": [ [ [ 403101.424211597128306, 3781655.035605289973319 ], [ 403101.119023397739511, 3781654.730417090468109 ], [ 403100.203458799573127, 3781654.730417090468109 ], [ 403100.203458799573127, 3781654.12004069192335 ], [ 403100.508646998961922, 3781653.81485249241814 ], [ 403100.508646998961922, 3781653.20447609340772 ], [ 403101.119023397739511, 3781653.20447609340772 ], [ 403101.424211597128306, 3781652.899287894368172 ], [ 403101.7293997965171, 3781652.899287894368172 ], [ 403102.034587995905895, 3781652.594099694862962 ], [ 403103.255340793461073, 3781652.594099694862962 ], [ 403103.86571719229687, 3781651.983723295852542 ], [ 403104.170905391685665, 3781651.983723295852542 ], [ 403104.476093591074459, 3781651.678535096812993 ], [ 403106.612410986796021, 3781651.678535096812993 ], [ 403106.917599186184816, 3781651.983723295852542 ], [ 403106.917599186184816, 3781652.288911495357752 ], [ 403107.222787385573611, 3781652.594099694862962 ], [ 403107.527975584962405, 3781652.594099694862962 ], [ 403107.527975584962405, 3781653.81485249241814 ], [ 403106.917599186184816, 3781653.81485249241814 ], [ 403106.612410986796021, 3781654.12004069192335 ], [ 403105.696846388629638, 3781654.12004069192335 ], [ 403105.391658189240843, 3781654.425228890962899 ], [ 403103.86571719229687, 3781654.425228890962899 ], [ 403103.560528992908075, 3781654.730417090468109 ], [ 403102.339776195294689, 3781654.730417090468109 ], [ 403102.034587995905895, 3781655.035605289973319 ], [ 403101.424211597128306, 3781655.035605289973319 ] ] ] } },
{ "type": "Feature", "properties": { "confidence": 0.35828116536140442, "class": 1, "regularized": null }, "geometry": { "type": "Polygon", "coordinates": [ [ [ 403076.703967446577735, 3781506.408952187281102 ], [ 403076.398779247188941, 3781506.103763987775892 ], [ 403074.872838250244968, 3781506.103763987775892 ], [ 403074.567650050856173, 3781505.798575788270682 ], [ 403074.567650050856173, 3781501.220752797555178 ], [ 403074.262461851467378, 3781500.915564598049968 ], [ 403074.567650050856173, 3781500.61037639901042 ], [ 403074.567650050856173, 3781500.30518819950521 ], [ 403076.398779247188941, 3781500.30518819950521 ], [ 403076.703967446577735, 3781500.61037639901042 ], [ 403081.281790437409654, 3781500.61037639901042 ], [ 403081.892166836187243, 3781501.220752797555178 ], [ 403082.197355035634246, 3781501.220752797555178 ], [ 403082.197355035634246, 3781502.441505595110357 ], [ 403082.50254323502304, 3781502.746693794615567 ], [ 403082.197355035634246, 3781503.051881994120777 ], [ 403082.197355035634246, 3781503.662258392665535 ], [ 403081.892166836187243, 3781503.967446592170745 ], [ 403081.892166836187243, 3781504.272634791675955 ], [ 403081.586978636798449, 3781504.577822990715504 ], [ 403081.586978636798449, 3781504.883011190220714 ], [ 403080.97660223802086, 3781505.493387589231133 ], [ 403080.671414038632065, 3781505.493387589231133 ], [ 403080.36622583924327, 3781505.798575788270682 ], [ 403080.36622583924327, 3781506.103763987775892 ], [ 403080.061037639854476, 3781506.103763987775892 ], [ 403079.755849440465681, 3781506.408952187281102 ], [ 403076.703967446577735, 3781506.408952187281102 ] ] ] } },
{ "type": "Feature", "properties": { "confidence": 0.35802334547042847, "class": 1, "regularized": null }, "geometry": { "type": "Polygon", "coordinates": [ [ [ 402809.664292980683967, 3781783.519837232772261 ], [ 402809.359104781295173, 3781783.214649033732712 ], [ 402809.053916581906378, 3781783.214649033732712 ], [ 402808.443540183128789, 3781782.604272634722292 ], [ 402808.443540183128789, 3781781.993896236177534 ], [ 402808.138351983739994, 3781781.688708036672324 ], [ 402808.138351983739994, 3781780.467955239117146 ], [ 402807.8331637843512, 3781780.162767039611936 ], [ 402808.138351983739994, 3781779.857578840106726 ], [ 402808.138351983739994, 3781778.942014242056757 ], [ 402808.443540183128789, 3781778.636826042551547 ], [ 402808.443540183128789, 3781778.331637843511999 ], [ 402808.748728382517584, 3781778.026449644006789 ], [ 402808.748728382517584, 3781777.721261444501579 ], [ 402809.053916581906378, 3781777.416073244996369 ], [ 402809.053916581906378, 3781777.11088504595682 ], [ 402809.969481180072762, 3781777.11088504595682 ], [ 402810.274669379461557, 3781776.80569684645161 ], [ 402811.495422177016735, 3781776.80569684645161 ], [ 402811.80061037640553, 3781777.11088504595682 ], [ 402812.410986775183119, 3781777.11088504595682 ], [ 402812.410986775183119, 3781777.416073244996369 ], [ 402812.716174974571913, 3781777.721261444501579 ], [ 402812.716174974571913, 3781778.026449644006789 ], [ 402813.631739572738297, 3781778.942014242056757 ], [ 402814.547304170904681, 3781778.942014242056757 ], [ 402814.852492370293476, 3781779.247202441561967 ], [ 402815.15768056968227, 3781779.247202441561967 ], [ 402815.15768056968227, 3781781.383519837167114 ], [ 402814.547304170904681, 3781781.993896236177534 ], [ 402814.242115971515886, 3781781.993896236177534 ], [ 402813.326551373349503, 3781782.909460834227502 ], [ 402813.021363173960708, 3781782.909460834227502 ], [ 402812.716174974571913, 3781783.214649033732712 ], [ 402812.105798575794324, 3781783.214649033732712 ], [ 402811.80061037640553, 3781783.519837232772261 ], [ 402809.664292980683967, 3781783.519837232772261 ] ] ] } },
{ "type": "Feature", "properties": { "confidence": 0.34770563244819641, "class": 1, "regularized": null }, "geometry": { "type": "Polygon", "coordinates": [ [ [ 402647.304170905379578, 3781749.033570701722056 ], [ 402646.998982705990784, 3781748.728382502682507 ], [ 402646.998982705990784, 3781747.507629705127329 ], [ 402647.304170905379578, 3781747.202441505622119 ], [ 402647.304170905379578, 3781745.066124110016972 ], [ 402647.609359104768373, 3781744.760935910511762 ], [ 402647.609359104768373, 3781744.150559511501342 ], [ 402647.304170905379578, 3781743.845371312461793 ], [ 402647.609359104768373, 3781743.540183112956583 ], [ 402647.609359104768373, 3781742.319430315401405 ], [ 402647.914547304157168, 3781742.014242115896195 ], [ 402648.219735503545962, 3781742.014242115896195 ], [ 402648.524923702934757, 3781741.709053916390985 ], [ 402649.440488301101141, 3781741.709053916390985 ], [ 402649.745676500489935, 3781742.014242115896195 ], [ 402651.271617497433908, 3781742.014242115896195 ], [ 402651.576805696822703, 3781742.319430315401405 ], [ 402651.576805696822703, 3781742.929806713946164 ], [ 402651.271617497433908, 3781743.234994913451374 ], [ 402651.271617497433908, 3781745.67650050856173 ], [ 402650.966429298045114, 3781745.98168870806694 ], [ 402650.966429298045114, 3781747.812817904166877 ], [ 402650.661241098656319, 3781748.118006103672087 ], [ 402650.661241098656319, 3781748.423194303177297 ], [ 402650.05086469987873, 3781749.033570701722056 ], [ 402647.304170905379578, 3781749.033570701722056 ] ] ] } },
{ "type": "Feature", "properties": { "confidence": 0.34729716181755066, "class": 1, "regularized": null }, "geometry": { "type": "Polygon", "coordinates": [ [ [ 402748.016276703972835, 3781720.956256357952952 ], [ 402747.71108850458404, 3781720.651068158913404 ], [ 402746.490335707028862, 3781720.651068158913404 ], [ 402746.185147507640067, 3781720.345879959408194 ], [ 402745.574771108862478, 3781720.345879959408194 ], [ 402745.269582909473684, 3781720.651068158913404 ], [ 402743.743641912529711, 3781720.651068158913404 ], [ 402743.438453713140916, 3781720.345879959408194 ], [ 402743.133265513752121, 3781720.345879959408194 ], [ 402742.217700915585738, 3781719.430315361358225 ], [ 402742.217700915585738, 3781718.514750762842596 ], [ 402741.912512716196943, 3781718.209562563803047 ], [ 402741.912512716196943, 3781716.378433367237449 ], [ 402741.607324516808148, 3781716.073245167732239 ], [ 402741.607324516808148, 3781713.631739572621882 ], [ 402741.912512716196943, 3781713.326551373116672 ], [ 402741.912512716196943, 3781713.021363174077123 ], [ 402742.217700915585738, 3781712.716174974571913 ], [ 402742.828077314363327, 3781712.716174974571913 ], [ 402743.133265513752121, 3781712.410986775066704 ], [ 402747.405900305195246, 3781712.410986775066704 ], [ 402747.405900305195246, 3781712.716174974571913 ], [ 402748.016276703972835, 3781713.326551373116672 ], [ 402748.016276703972835, 3781713.631739572621882 ], [ 402748.32146490336163, 3781713.936927772127092 ], [ 402748.626653102750424, 3781713.936927772127092 ], [ 402748.626653102750424, 3781714.242115971632302 ], [ 402749.237029501528013, 3781714.85249237017706 ], [ 402749.237029501528013, 3781715.15768056968227 ], [ 402749.542217700916808, 3781715.46286876918748 ], [ 402749.542217700916808, 3781716.073245167732239 ], [ 402749.847405900305603, 3781716.378433367237449 ], [ 402749.847405900305603, 3781717.293997965287417 ], [ 402750.152594099694397, 3781717.599186164792627 ], [ 402750.152594099694397, 3781719.430315361358225 ], [ 402749.847405900305603, 3781719.735503560397774 ], [ 402749.847405900305603, 3781720.040691759902984 ], [ 402749.542217700916808, 3781720.345879959408194 ], [ 402749.542217700916808, 3781720.651068158913404 ], [ 402748.626653102750424, 3781720.651068158913404 ], [ 402748.32146490336163, 3781720.956256357952952 ], [ 402748.016276703972835, 3781720.956256357952952 ] ] ] } },
{ "type": "Feature", "properties": { "confidence": 0.34176290035247803, "class": 1, "regularized": null }, "geometry": { "type": "Polygon", "coordinates": [ [ [ 403100.813835198350716, 3781535.707019328605384 ], [ 403100.508646998961922, 3781535.401831129100174 ], [ 403100.508646998961922, 3781532.655137334484607 ], [ 403100.813835198350716, 3781532.349949135445058 ], [ 403100.813835198350716, 3781529.908443540334702 ], [ 403101.119023397739511, 3781529.603255340829492 ], [ 403102.339776195294689, 3781529.603255340829492 ], [ 403103.255340793461073, 3781530.51881993887946 ], [ 403103.255340793461073, 3781530.82400813838467 ], [ 403103.560528992908075, 3781531.12919633788988 ], [ 403103.86571719229687, 3781531.12919633788988 ], [ 403104.476093591074459, 3781531.739572736434639 ], [ 403104.476093591074459, 3781532.349949135445058 ], [ 403104.781281790463254, 3781532.655137334484607 ], [ 403104.781281790463254, 3781533.570701933000237 ], [ 403104.476093591074459, 3781533.875890132039785 ], [ 403104.476093591074459, 3781535.401831129100174 ], [ 403104.170905391685665, 3781535.401831129100174 ], [ 403103.86571719229687, 3781535.707019328605384 ], [ 403100.813835198350716, 3781535.707019328605384 ] ] ] } },
{ "type": "Feature", "properties": { "confidence": 0.33956143260002136, "class": 1, "regularized": null }, "geometry": { "type": "Polygon", "coordinates": [ [ [ 402968.362156663264614, 3781602.238046795595437 ], [ 402968.056968463875819, 3781601.932858596090227 ], [ 402967.751780264487024, 3781601.932858596090227 ], [ 402967.44659206509823, 3781601.627670396585017 ], [ 402967.44659206509823, 3781601.322482197545469 ], [ 402967.751780264487024, 3781601.017293998040259 ], [ 402967.751780264487024, 3781600.406917599029839 ], [ 402968.056968463875819, 3781600.10172939999029 ], [ 402968.056968463875819, 3781599.79654120048508 ], [ 402968.362156663264614, 3781599.491353000979871 ], [ 402968.362156663264614, 3781598.880976602435112 ], [ 402968.972533062042203, 3781598.270600203424692 ], [ 402969.888097660208587, 3781598.270600203424692 ], [ 402970.193285859597381, 3781597.965412003919482 ], [ 402973.855544252262916, 3781597.965412003919482 ], [ 402974.160732451651711, 3781597.660223804879934 ], [ 402983.011190233984962, 3781597.660223804879934 ], [ 402982.706002034596168, 3781597.965412003919482 ], [ 402982.706002034596168, 3781598.880976602435112 ], [ 402982.400813835207373, 3781599.186164801474661 ], [ 402982.400813835207373, 3781599.79654120048508 ], [ 402982.095625635818578, 3781600.10172939999029 ], [ 402982.095625635818578, 3781600.406917599029839 ], [ 402981.790437436429784, 3781600.406917599029839 ], [ 402981.485249237040989, 3781600.712105798535049 ], [ 402976.297049847431481, 3781600.712105798535049 ], [ 402975.991861648042686, 3781601.017293998040259 ], [ 402975.076297049876302, 3781601.017293998040259 ], [ 402974.7711088504293, 3781601.322482197545469 ], [ 402974.465920651040506, 3781601.322482197545469 ], [ 402974.160732451651711, 3781601.627670396585017 ], [ 402973.550356052874122, 3781601.627670396585017 ], [ 402973.245167853485327, 3781601.932858596090227 ], [ 402972.939979654096533, 3781601.932858596090227 ], [ 402972.634791454707738, 3781602.238046795595437 ], [ 402968.362156663264614, 3781602.238046795595437 ] ] ] } },
{ "type": "Feature", "properties": { "confidence": 0.33941099047660828, "class": 1, "regularized": null }, "geometry": { "type": "Polygon", "coordinates": [ [ [ 402727.568667344865389, 3781570.498474059160799 ], [ 402727.263479145476595, 3781570.193285859655589 ], [ 402727.263479145476595, 3781569.27772126160562 ], [ 402727.568667344865389, 3781568.97253306210041 ], [ 402727.568667344865389, 3781568.362156663089991 ], [ 402727.873855544254184, 3781568.056968464050442 ], [ 402727.873855544254184, 3781567.751780264545232 ], [ 402728.179043743642978, 3781567.446592065040022 ], [ 402728.179043743642978, 3781567.141403865534812 ], [ 402728.484231943031773, 3781567.141403865534812 ], [ 402728.789420142420568, 3781566.836215666495264 ], [ 402732.451678535086103, 3781566.836215666495264 ], [ 402732.756866734474897, 3781566.531027466990054 ], [ 402734.587995930807665, 3781566.531027466990054 ], [ 402734.89318413019646, 3781566.836215666495264 ], [ 402734.89318413019646, 3781567.141403865534812 ], [ 402735.503560528974049, 3781567.751780264545232 ], [ 402735.503560528974049, 3781568.056968464050442 ], [ 402735.808748728362843, 3781568.362156663089991 ], [ 402735.808748728362843, 3781568.667344862595201 ], [ 402736.113936927751638, 3781568.97253306210041 ], [ 402736.113936927751638, 3781569.27772126160562 ], [ 402735.808748728362843, 3781569.27772126160562 ], [ 402735.503560528974049, 3781569.582909460645169 ], [ 402734.89318413019646, 3781569.582909460645169 ], [ 402734.28280773141887, 3781570.193285859655589 ], [ 402733.062054933863692, 3781570.193285859655589 ], [ 402732.756866734474897, 3781570.498474059160799 ], [ 402727.568667344865389, 3781570.498474059160799 ] ] ] } },
{ "type": "Feature", "properties": { "confidence": 0.33889672160148621, "class": 1, "regularized": null }, "geometry": { "type": "Polygon", "coordinates": [ [ [ 403186.57171922683483, 3781478.636826042551547 ], [ 403186.266531027446035, 3781478.331637843511999 ], [ 403185.656154628668446, 3781478.331637843511999 ], [ 403185.350966429279651, 3781478.026449644006789 ], [ 403185.045778229890857, 3781478.026449644006789 ], [ 403184.740590030502062, 3781477.721261444501579 ], [ 403184.740590030502062, 3781477.416073244996369 ], [ 403184.435401831113268, 3781477.11088504595682 ], [ 403184.435401831113268, 3781476.19532044744119 ], [ 403184.740590030502062, 3781475.890132248401642 ], [ 403184.740590030502062, 3781475.584944048896432 ], [ 403185.350966429279651, 3781474.974567649886012 ], [ 403186.57171922683483, 3781474.974567649886012 ], [ 403187.182095625612419, 3781475.584944048896432 ], [ 403187.487283825001214, 3781475.584944048896432 ], [ 403187.792472024390008, 3781475.890132248401642 ], [ 403188.708036622556392, 3781475.890132248401642 ], [ 403189.013224821945187, 3781476.19532044744119 ], [ 403189.318413021392189, 3781476.19532044744119 ], [ 403189.623601220780984, 3781476.5005086469464 ], [ 403189.928789420169778, 3781476.5005086469464 ], [ 403190.233977619558573, 3781476.80569684645161 ], [ 403190.539165818947367, 3781476.80569684645161 ], [ 403190.539165818947367, 3781477.11088504595682 ], [ 403190.233977619558573, 3781477.416073244996369 ], [ 403190.233977619558573, 3781477.721261444501579 ], [ 403189.623601220780984, 3781478.331637843511999 ], [ 403189.318413021392189, 3781478.331637843511999 ], [ 403189.013224821945187, 3781478.636826042551547 ], [ 403186.57171922683483, 3781478.636826042551547 ] ] ] } },
{ "type": "Feature", "properties": { "confidence": 0.33752906322479248, "class": 1, "regularized": null }, "geometry": { "type": "Polygon", "coordinates": [ [ [ 402863.377416073228233, 3781564.699898270424455 ], [ 402862.461851475061849, 3781563.784333672374487 ], [ 402862.156663275673054, 3781563.784333672374487 ], [ 402862.156663275673054, 3781563.479145472869277 ], [ 402861.85147507628426, 3781563.173957273829728 ], [ 402861.85147507628426, 3781562.258392675314099 ], [ 402861.546286876895465, 3781561.95320447627455 ], [ 402861.85147507628426, 3781561.64801627676934 ], [ 402861.85147507628426, 3781560.732451678719372 ], [ 402862.767039674450643, 3781559.816887080203742 ], [ 402862.767039674450643, 3781559.511698881164193 ], [ 402863.072227873839438, 3781559.511698881164193 ], [ 402863.377416073228233, 3781559.206510681658983 ], [ 402867.039674465893768, 3781559.206510681658983 ], [ 402867.344862665282562, 3781559.511698881164193 ], [ 402867.344862665282562, 3781561.03763987775892 ], [ 402867.039674465893768, 3781561.34282807726413 ], [ 402867.039674465893768, 3781561.95320447627455 ], [ 402866.734486266504973, 3781562.258392675314099 ], [ 402866.734486266504973, 3781562.563580874819309 ], [ 402866.124109867727384, 3781563.173957273829728 ], [ 402866.124109867727384, 3781563.784333672374487 ], [ 402865.208545269561, 3781564.699898270424455 ], [ 402863.377416073228233, 3781564.699898270424455 ] ] ] } },
{ "type": "Feature", "properties": { "confidence": 0.33206599950790405, "class": 1, "regularized": null }, "geometry": { "type": "Polygon", "coordinates": [ [ [ 402730.92573753814213, 3781413.631739572621882 ], [ 402730.620549338753335, 3781413.326551373116672 ], [ 402730.620549338753335, 3781412.410986775066704 ], [ 402730.315361139364541, 3781412.105798575561494 ], [ 402730.315361139364541, 3781411.495422177016735 ], [ 402730.010172939975746, 3781411.190233977511525 ], [ 402730.010172939975746, 3781409.664292980451137 ], [ 402737.639877924695611, 3781409.664292980451137 ], [ 402737.639877924695611, 3781411.495422177016735 ], [ 402736.419125127140433, 3781412.716174974571913 ], [ 402736.113936927751638, 3781412.716174974571913 ], [ 402735.503560528974049, 3781413.326551373116672 ], [ 402734.89318413019646, 3781413.326551373116672 ], [ 402734.587995930807665, 3781413.631739572621882 ], [ 402730.92573753814213, 3781413.631739572621882 ] ] ] } },
{ "type": "Feature", "properties": { "confidence": 0.33147290349006653, "class": 1, "regularized": null }, "geometry": { "type": "Polygon", "coordinates": [ [ [ 402649.745676500489935, 3781330.315361139364541 ], [ 402649.440488301101141, 3781330.010172939859331 ], [ 402648.524923702934757, 3781330.010172939859331 ], [ 402647.914547304157168, 3781329.399796541314572 ], [ 402647.304170905379578, 3781329.399796541314572 ], [ 402646.998982705990784, 3781329.094608341809362 ], [ 402645.167853509658016, 3781329.094608341809362 ], [ 402644.557477110880427, 3781328.484231942798942 ], [ 402643.641912512714043, 3781328.484231942798942 ], [ 402643.031536113936454, 3781327.873855544254184 ], [ 402643.031536113936454, 3781326.347914547193795 ], [ 402643.641912512714043, 3781325.737538148649037 ], [ 402645.473041709046811, 3781325.737538148649037 ], [ 402645.778229908435605, 3781325.432349949143827 ], [ 402646.693794506601989, 3781325.432349949143827 ], [ 402646.998982705990784, 3781325.127161749638617 ], [ 402647.914547304157168, 3781325.127161749638617 ], [ 402648.219735503545962, 3781324.821973550133407 ], [ 402648.830111902323551, 3781324.821973550133407 ], [ 402649.135300101712346, 3781324.516785351093858 ], [ 402649.440488301101141, 3781324.516785351093858 ], [ 402649.745676500489935, 3781324.211597151588649 ], [ 402650.356052899267524, 3781324.211597151588649 ], [ 402650.661241098656319, 3781323.906408952083439 ], [ 402651.576805696822703, 3781323.906408952083439 ], [ 402651.881993896211497, 3781324.211597151588649 ], [ 402652.492370294989087, 3781324.211597151588649 ], [ 402652.492370294989087, 3781324.516785351093858 ], [ 402653.40793489315547, 3781325.432349949143827 ], [ 402654.018311291991267, 3781325.432349949143827 ], [ 402654.323499491380062, 3781325.737538148649037 ], [ 402655.239064089546446, 3781325.737538148649037 ], [ 402655.54425228893524, 3781326.042726347688586 ], [ 402656.15462868771283, 3781326.042726347688586 ], [ 402656.459816887101624, 3781326.347914547193795 ], [ 402656.459816887101624, 3781328.789420142304152 ], [ 402655.54425228893524, 3781329.704984740819782 ], [ 402654.933875890157651, 3781329.704984740819782 ], [ 402654.628687690768857, 3781330.010172939859331 ], [ 402654.018311291991267, 3781330.010172939859331 ], [ 402653.713123092602473, 3781330.315361139364541 ], [ 402649.745676500489935, 3781330.315361139364541 ] ] ] } },
{ "type": "Feature", "properties": { "confidence": 0.32992899417877197, "class": 1, "regularized": null }, "geometry": { "type": "Polygon", "coordinates": [ [ [ 402766.327568667358719, 3781646.79552390659228 ], [ 402765.71719226858113, 3781646.18514750758186 ], [ 402765.71719226858113, 3781644.964394710026681 ], [ 402765.412004069192335, 3781644.659206510521472 ], [ 402765.412004069192335, 3781644.048830111976713 ], [ 402770.905391658190638, 3781644.048830111976713 ], [ 402770.905391658190638, 3781644.659206510521472 ], [ 402769.07426246185787, 3781646.49033570708707 ], [ 402768.769074262469076, 3781646.49033570708707 ], [ 402768.463886063080281, 3781646.79552390659228 ], [ 402766.327568667358719, 3781646.79552390659228 ] ] ] } },
{ "type": "Feature", "properties": { "confidence": 0.32914367318153381, "class": 1, "regularized": null }, "geometry": { "type": "Polygon", "coordinates": [ [ [ 402993.692777212592773, 3781498.474059002939612 ], [ 402993.692777212592773, 3781498.168870803434402 ], [ 402993.387589013203979, 3781497.863682604394853 ], [ 402993.387589013203979, 3781497.558494404889643 ], [ 402993.082400813815184, 3781497.253306205384433 ], [ 402993.082400813815184, 3781496.337741607334465 ], [ 402992.777212614426389, 3781496.032553407829255 ], [ 402990.335707019316033, 3781496.032553407829255 ], [ 402990.335707019316033, 3781495.422177009284496 ], [ 402990.030518819927238, 3781495.116988809779286 ], [ 402989.725330620538443, 3781495.116988809779286 ], [ 402989.725330620538443, 3781494.811800610274076 ], [ 402990.030518819927238, 3781494.506612410768867 ], [ 402990.030518819927238, 3781492.67548321466893 ], [ 402990.335707019316033, 3781492.37029501516372 ], [ 402990.335707019316033, 3781490.539165819063783 ], [ 402990.640895218704827, 3781490.233977619558573 ], [ 402991.556459816871211, 3781490.233977619558573 ], [ 402991.861648016260006, 3781490.539165819063783 ], [ 402992.472024415037595, 3781490.539165819063783 ], [ 402993.387589013203979, 3781491.454730417113751 ], [ 402997.049847405927721, 3781491.454730417113751 ], [ 402997.355035605316516, 3781491.759918616618961 ], [ 402997.660223804705311, 3781491.759918616618961 ], [ 402997.660223804705311, 3781496.032553407829255 ], [ 402997.355035605316516, 3781496.337741607334465 ], [ 402997.355035605316516, 3781497.863682604394853 ], [ 402996.744659206538927, 3781498.474059002939612 ], [ 402993.692777212592773, 3781498.474059002939612 ] ] ] } },
{ "type": "Feature", "properties": { "confidence": 0.32700821757316589, "class": 1, "regularized": null }, "geometry": { "type": "Polygon", "coordinates": [ [ [ 403078.535096642910503, 3781390.437436419073492 ], [ 403078.535096642910503, 3781388.911495422013104 ], [ 403078.840284842299297, 3781388.606307222973555 ], [ 403078.840284842299297, 3781386.775178026407957 ], [ 403079.145473041688092, 3781386.469989826902747 ], [ 403079.145473041688092, 3781385.554425228852779 ], [ 403079.450661241076887, 3781385.249237029347569 ], [ 403079.450661241076887, 3781384.94404883030802 ], [ 403079.755849440465681, 3781384.63886063080281 ], [ 403079.755849440465681, 3781384.02848423179239 ], [ 403080.061037639854476, 3781383.723296032752842 ], [ 403080.97660223802086, 3781383.723296032752842 ], [ 403081.892166836187243, 3781384.63886063080281 ], [ 403081.892166836187243, 3781384.94404883030802 ], [ 403082.50254323502304, 3781385.554425228852779 ], [ 403082.50254323502304, 3781389.827060020528734 ], [ 403082.197355035634246, 3781390.132248219568282 ], [ 403081.281790437409654, 3781390.132248219568282 ], [ 403080.97660223802086, 3781390.437436419073492 ], [ 403078.535096642910503, 3781390.437436419073492 ] ] ] } },
{ "type": "Feature", "properties": { "confidence": 0.3254152238368988, "class": 1, "regularized": null }, "geometry": { "type": "Polygon", "coordinates": [ [ [ 402755.951169888081495, 3781469.78636826062575 ], [ 402755.6459816886927, 3781469.48118006112054 ], [ 402754.730417090526316, 3781469.48118006112054 ], [ 402754.730417090526316, 3781469.17599186161533 ], [ 402754.425228891137522, 3781468.87080366211012 ], [ 402754.425228891137522, 3781467.955239064060152 ], [ 402754.120040691748727, 3781467.650050864554942 ], [ 402754.120040691748727, 3781464.292980671394616 ], [ 402754.425228891137522, 3781463.987792471889406 ], [ 402754.730417090526316, 3781463.987792471889406 ], [ 402755.035605289915111, 3781463.682604272849858 ], [ 402755.035605289915111, 3781463.377416073344648 ], [ 402755.340793489303906, 3781463.072227873839438 ], [ 402755.951169888081495, 3781463.072227873839438 ], [ 402755.951169888081495, 3781469.78636826062575 ] ] ] } },
{ "type": "Feature", "properties": { "confidence": 0.31958481669425964, "class": 1, "regularized": null }, "geometry": { "type": "Polygon", "coordinates": [ [ [ 403108.138351983739994, 3781421.871820956468582 ], [ 403107.8331637843512, 3781421.566632756963372 ], [ 403107.527975584962405, 3781421.566632756963372 ], [ 403107.527975584962405, 3781420.956256357952952 ], [ 403107.8331637843512, 3781420.651068158913404 ], [ 403107.8331637843512, 3781420.345879959408194 ], [ 403108.138351983739994, 3781420.040691759902984 ], [ 403108.138351983739994, 3781418.819938962347806 ], [ 403107.8331637843512, 3781418.514750762842596 ], [ 403107.8331637843512, 3781418.209562563803047 ], [ 403108.138351983739994, 3781417.904374364297837 ], [ 403108.138351983739994, 3781417.599186164792627 ], [ 403108.443540183128789, 3781417.599186164792627 ], [ 403108.748728382517584, 3781417.293997965287417 ], [ 403109.053916581906378, 3781417.293997965287417 ], [ 403109.359104781295173, 3781416.988809766247869 ], [ 403113.631739572738297, 3781416.988809766247869 ], [ 403113.936927772127092, 3781417.293997965287417 ], [ 403113.936927772127092, 3781417.599186164792627 ], [ 403114.547304170904681, 3781418.209562563803047 ], [ 403114.547304170904681, 3781418.819938962347806 ], [ 403114.852492370293476, 3781419.125127161853015 ], [ 403114.852492370293476, 3781420.040691759902984 ], [ 403115.15768056968227, 3781420.345879959408194 ], [ 403115.15768056968227, 3781421.261444557458162 ], [ 403114.852492370293476, 3781421.566632756963372 ], [ 403109.053916581906378, 3781421.566632756963372 ], [ 403108.748728382517584, 3781421.871820956468582 ], [ 403108.138351983739994, 3781421.871820956468582 ] ] ] } },
{ "type": "Feature", "properties": { "confidence": 0.31791523098945618, "class": 1, "regularized": null }, "geometry": { "type": "Polygon", "coordinates": [ [ [ 402790.132248219742905, 3781293.387589013203979 ], [ 402789.827060020354111, 3781293.082400813698769 ], [ 402784.028484231967013, 3781293.082400813698769 ], [ 402783.723296032578219, 3781292.77721261465922 ], [ 402784.028484231967013, 3781292.47202441515401 ], [ 402784.028484231967013, 3781291.556459817104042 ], [ 402784.333672431355808, 3781291.251271617598832 ], [ 402784.333672431355808, 3781290.640895218588412 ], [ 402784.638860630744603, 3781290.335707019548863 ], [ 402784.638860630744603, 3781287.589013224933296 ], [ 402785.554425228910986, 3781286.673448626883328 ], [ 402791.658189216686878, 3781286.673448626883328 ], [ 402792.268565615464468, 3781287.283825025428087 ], [ 402792.268565615464468, 3781287.589013224933296 ], [ 402792.878942014242057, 3781288.199389623478055 ], [ 402792.878942014242057, 3781293.082400813698769 ], [ 402791.353001017298084, 3781293.082400813698769 ], [ 402791.047812817909289, 3781293.387589013203979 ], [ 402790.132248219742905, 3781293.387589013203979 ] ] ] } },
{ "type": "Feature", "properties": { "confidence": 0.31338420510292053, "class": 1, "regularized": null }, "geometry": { "type": "Polygon", "coordinates": [ [ [ 403016.88708036619937, 3781318.413021363317966 ], [ 403016.88708036619937, 3781317.192268565762788 ], [ 403017.192268565588165, 3781316.887080366257578 ], [ 403017.192268565588165, 3781316.276703967247158 ], [ 403018.107833163812757, 3781315.36113936919719 ], [ 403018.107833163812757, 3781314.750762970652431 ], [ 403020.549338758923113, 3781314.750762970652431 ], [ 403020.854526958311908, 3781315.05595116969198 ], [ 403020.854526958311908, 3781315.6663275687024 ], [ 403021.159715157700703, 3781315.97151576820761 ], [ 403021.159715157700703, 3781316.581892166752368 ], [ 403020.854526958311908, 3781316.887080366257578 ], [ 403020.854526958311908, 3781317.192268565762788 ], [ 403020.244150559534319, 3781317.802644964307547 ], [ 403019.938962360145524, 3781317.802644964307547 ], [ 403019.63377416075673, 3781318.107833163812757 ], [ 403019.02339776197914, 3781318.107833163812757 ], [ 403018.718209562590346, 3781318.413021363317966 ], [ 403016.88708036619937, 3781318.413021363317966 ] ] ] } },
{ "type": "Feature", "properties": { "confidence": 0.31029471755027771, "class": 1, "regularized": null }, "geometry": { "type": "Polygon", "coordinates": [ [ [ 402699.491353001038078, 3781769.17599186161533 ], [ 402698.880976602260489, 3781768.565615463070571 ], [ 402698.880976602260489, 3781768.260427263565361 ], [ 402699.186164801649284, 3781767.955239064060152 ], [ 402699.186164801649284, 3781766.124109867960215 ], [ 402699.491353001038078, 3781765.818921668455005 ], [ 402706.510681586980354, 3781765.818921668455005 ], [ 402706.510681586980354, 3781768.260427263565361 ], [ 402706.205493387591559, 3781768.565615463070571 ], [ 402706.205493387591559, 3781768.87080366211012 ], [ 402705.900305188202765, 3781768.87080366211012 ], [ 402705.59511698881397, 3781769.17599186161533 ], [ 402699.491353001038078, 3781769.17599186161533 ] ] ] } },
{ "type": "Feature", "properties": { "confidence": 0.30952763557434082, "class": 1, "regularized": null }, "geometry": { "type": "Polygon", "coordinates": [ [ [ 402834.994913530012127, 3781425.534079349134117 ], [ 402834.994913530012127, 3781421.261444557458162 ], [ 402835.300101729400922, 3781420.956256357952952 ], [ 402835.910478128178511, 3781420.956256357952952 ], [ 402836.215666327567305, 3781421.261444557458162 ], [ 402837.131230925733689, 3781421.261444557458162 ], [ 402837.436419125122484, 3781420.956256357952952 ], [ 402838.046795523900073, 3781420.956256357952952 ], [ 402838.351983723288868, 3781421.261444557458162 ], [ 402838.657171922677662, 3781421.261444557458162 ], [ 402838.657171922677662, 3781421.566632756963372 ], [ 402838.962360122066457, 3781421.871820956468582 ], [ 402838.962360122066457, 3781423.702950152568519 ], [ 402838.657171922677662, 3781424.008138352073729 ], [ 402838.657171922677662, 3781424.923702950123698 ], [ 402838.351983723288868, 3781424.923702950123698 ], [ 402838.046795523900073, 3781425.228891149628907 ], [ 402836.5208545269561, 3781425.228891149628907 ], [ 402836.215666327567305, 3781425.534079349134117 ], [ 402834.994913530012127, 3781425.534079349134117 ] ] ] } },
{ "type": "Feature", "properties": { "confidence": 0.30588662624359131, "class": 1, "regularized": null }, "geometry": { "type": "Polygon", "coordinates": [ [ [ 402835.300101729400922, 3781648.931841302197427 ], [ 402835.300101729400922, 3781647.405900305137038 ], [ 402834.994913530012127, 3781647.100712105631828 ], [ 402834.994913530012127, 3781646.79552390659228 ], [ 402834.689725330623332, 3781646.49033570708707 ], [ 402834.384537131234538, 3781646.49033570708707 ], [ 402834.384537131234538, 3781644.048830111976713 ], [ 402837.741607324511278, 3781644.048830111976713 ], [ 402837.741607324511278, 3781644.354018311481923 ], [ 402837.131230925733689, 3781644.354018311481923 ], [ 402836.826042726344895, 3781644.659206510521472 ], [ 402836.826042726344895, 3781645.269582909531891 ], [ 402837.131230925733689, 3781645.574771109037101 ], [ 402837.436419125122484, 3781645.574771109037101 ], [ 402838.046795523900073, 3781646.18514750758186 ], [ 402838.046795523900073, 3781648.321464903187007 ], [ 402837.436419125122484, 3781648.931841302197427 ], [ 402835.300101729400922, 3781648.931841302197427 ] ] ] } },
{ "type": "Feature", "properties": { "confidence": 0.30549123883247375, "class": 1, "regularized": null }, "geometry": { "type": "Polygon", "coordinates": [ [ [ 402646.998982705990784, 3781250.050864699762315 ], [ 402646.693794506601989, 3781249.745676500722766 ], [ 402645.778229908435605, 3781249.745676500722766 ], [ 402645.473041709046811, 3781249.440488301217556 ], [ 402645.473041709046811, 3781248.830111902207136 ], [ 402644.862665310269222, 3781248.219735503662378 ], [ 402644.557477110880427, 3781248.219735503662378 ], [ 402644.557477110880427, 3781247.914547304157168 ], [ 402644.252288911491632, 3781247.609359104651958 ], [ 402643.641912512714043, 3781247.609359104651958 ], [ 402643.031536113936454, 3781246.998982706107199 ], [ 402642.421159715158865, 3781246.998982706107199 ], [ 402642.421159715158865, 3781246.693794506601989 ], [ 402642.11597151577007, 3781246.388606307096779 ], [ 402642.11597151577007, 3781245.167853509541601 ], [ 402642.421159715158865, 3781244.862665310502052 ], [ 402642.421159715158865, 3781244.557477110996842 ], [ 402643.336724313325249, 3781243.641912512946874 ], [ 402644.252288911491632, 3781243.641912512946874 ], [ 402644.557477110880427, 3781243.336724313441664 ], [ 402644.862665310269222, 3781243.336724313441664 ], [ 402645.167853509658016, 3781243.031536113936454 ], [ 402645.778229908435605, 3781243.031536113936454 ], [ 402646.0834181078244, 3781242.726347914431244 ], [ 402646.388606307213195, 3781242.726347914431244 ], [ 402646.693794506601989, 3781242.421159714926034 ], [ 402648.524923702934757, 3781242.421159714926034 ], [ 402648.830111902323551, 3781242.726347914431244 ], [ 402650.356052899267524, 3781242.726347914431244 ], [ 402650.966429298045114, 3781243.336724313441664 ], [ 402651.881993896211497, 3781243.336724313441664 ], [ 402652.492370294989087, 3781243.947100711986423 ], [ 402652.492370294989087, 3781246.388606307096779 ], [ 402652.187182095600292, 3781246.693794506601989 ], [ 402652.187182095600292, 3781249.745676500722766 ], [ 402651.271617497433908, 3781249.745676500722766 ], [ 402650.966429298045114, 3781250.050864699762315 ], [ 402646.998982705990784, 3781250.050864699762315 ] ] ] } },
{ "type": "Feature", "properties": { "confidence": 0.30408796668052673, "class": 1, "regularized": null }, "geometry": { "type": "Polygon", "coordinates": [ [ [ 402845.981688708008733, 3781353.20447609340772 ], [ 402845.676500508619938, 3781352.899287894368172 ], [ 402845.371312309231143, 3781352.899287894368172 ], [ 402844.760935910453554, 3781352.288911495357752 ], [ 402844.45574771106476, 3781352.288911495357752 ], [ 402844.150559511675965, 3781351.983723295852542 ], [ 402844.150559511675965, 3781351.678535096812993 ], [ 402843.540183112898376, 3781351.068158697802573 ], [ 402843.540183112898376, 3781350.152594099752605 ], [ 402843.234994913509581, 3781349.847405900247395 ], [ 402843.234994913509581, 3781349.237029501702636 ], [ 402842.624618514731992, 3781348.626653102692217 ], [ 402842.624618514731992, 3781348.016276704147458 ], [ 402842.319430315343197, 3781347.711088504642248 ], [ 402842.319430315343197, 3781345.269582909531891 ], [ 402842.624618514731992, 3781344.964394710026681 ], [ 402842.929806714120787, 3781344.964394710026681 ], [ 402843.234994913509581, 3781344.659206510521472 ], [ 402844.45574771106476, 3781344.659206510521472 ], [ 402845.066124109842349, 3781345.269582909531891 ], [ 402845.371312309231143, 3781345.269582909531891 ], [ 402845.676500508619938, 3781345.574771109037101 ], [ 402846.286876907397527, 3781345.574771109037101 ], [ 402846.59206510684453, 3781345.87995930807665 ], [ 402848.423194303177297, 3781345.87995930807665 ], [ 402848.728382502566092, 3781346.18514750758186 ], [ 402852.085452695842832, 3781346.18514750758186 ], [ 402853.001017294009216, 3781347.100712105631828 ], [ 402853.001017294009216, 3781348.016276704147458 ], [ 402853.306205493398011, 3781348.321464903187007 ], [ 402853.306205493398011, 3781349.542217700742185 ], [ 402853.001017294009216, 3781349.847405900247395 ], [ 402853.001017294009216, 3781350.152594099752605 ], [ 402852.390640895231627, 3781350.762970498297364 ], [ 402852.390640895231627, 3781351.068158697802573 ], [ 402852.085452695842832, 3781351.068158697802573 ], [ 402851.475076297065243, 3781351.678535096812993 ], [ 402851.475076297065243, 3781351.983723295852542 ], [ 402850.864699898287654, 3781352.594099694862962 ], [ 402850.864699898287654, 3781352.899287894368172 ], [ 402850.559511698898859, 3781352.899287894368172 ], [ 402850.254323499510065, 3781353.20447609340772 ], [ 402845.981688708008733, 3781353.20447609340772 ] ] ] } },
{ "type": "Feature", "properties": { "confidence": 0.30205336213111877, "class": 1, "regularized": null }, "geometry": { "type": "Polygon", "coordinates": [ [ [ 402608.545269582886249, 3781250.661241098772734 ], [ 402608.240081383497454, 3781250.356052899267524 ], [ 402607.93489318410866, 3781250.356052899267524 ], [ 402607.32451678533107, 3781249.745676500722766 ], [ 402607.32451678533107, 3781249.135300101712346 ], [ 402607.019328585942276, 3781248.830111902207136 ], [ 402607.019328585942276, 3781242.421159714926034 ], [ 402607.32451678533107, 3781242.115971515886486 ], [ 402607.32451678533107, 3781241.810783316381276 ], [ 402607.93489318410866, 3781241.200406917370856 ], [ 402611.902339776221197, 3781241.200406917370856 ], [ 402611.902339776221197, 3781241.505595116876066 ], [ 402612.207527975609992, 3781241.810783316381276 ], [ 402612.207527975609992, 3781245.167853509541601 ], [ 402612.512716174998786, 3781245.473041709046811 ], [ 402612.512716174998786, 3781250.050864699762315 ], [ 402612.207527975609992, 3781250.356052899267524 ], [ 402611.902339776221197, 3781250.356052899267524 ], [ 402611.597151576832402, 3781250.661241098772734 ], [ 402608.545269582886249, 3781250.661241098772734 ] ] ] } },
{ "type": "Feature", "properties": { "confidence": 0.29890796542167664, "class": 1, "regularized": null }, "geometry": { "type": "Polygon", "coordinates": [ [ [ 402845.066124109842349, 3781232.044760935939848 ], [ 402844.760935910453554, 3781231.739572736434639 ], [ 402842.929806714120787, 3781231.739572736434639 ], [ 402842.624618514731992, 3781231.434384536929429 ], [ 402842.319430315343197, 3781231.434384536929429 ], [ 402842.014242115954403, 3781231.12919633788988 ], [ 402842.319430315343197, 3781230.82400813838467 ], [ 402842.319430315343197, 3781225.940996948163956 ], [ 402842.624618514731992, 3781225.635808748658746 ], [ 402843.234994913509581, 3781225.635808748658746 ], [ 402843.540183112898376, 3781225.330620549153537 ], [ 402845.066124109842349, 3781225.330620549153537 ], [ 402845.371312309231143, 3781225.635808748658746 ], [ 402846.59206510684453, 3781225.635808748658746 ], [ 402846.897253306233324, 3781225.330620549153537 ], [ 402850.254323499510065, 3781225.330620549153537 ], [ 402850.864699898287654, 3781225.940996948163956 ], [ 402850.864699898287654, 3781226.246185147669166 ], [ 402851.475076297065243, 3781226.856561546213925 ], [ 402851.475076297065243, 3781227.466937945224345 ], [ 402851.780264496454038, 3781227.772126144263893 ], [ 402851.780264496454038, 3781231.434384536929429 ], [ 402851.475076297065243, 3781231.739572736434639 ], [ 402851.169888097676449, 3781231.739572736434639 ], [ 402850.864699898287654, 3781232.044760935939848 ], [ 402845.066124109842349, 3781232.044760935939848 ] ] ] } },
{ "type": "Feature", "properties": { "confidence": 0.29400730133056641, "class": 1, "regularized": null }, "geometry": { "type": "Polygon", "coordinates": [ [ [ 403188.402848423167598, 3781781.688708036672324 ], [ 403188.097660223778803, 3781781.383519837167114 ], [ 403187.792472024390008, 3781781.383519837167114 ], [ 403187.182095625612419, 3781780.773143438622355 ], [ 403187.182095625612419, 3781780.467955239117146 ], [ 403186.876907426223624, 3781780.162767039611936 ], [ 403186.876907426223624, 3781777.721261444501579 ], [ 403187.182095625612419, 3781777.416073244996369 ], [ 403187.182095625612419, 3781777.11088504595682 ], [ 403188.402848423167598, 3781775.890132248401642 ], [ 403188.708036622556392, 3781775.890132248401642 ], [ 403189.318413021392189, 3781775.279755849391222 ], [ 403189.318413021392189, 3781774.364191251341254 ], [ 403189.928789420169778, 3781774.364191251341254 ], [ 403190.233977619558573, 3781774.059003051836044 ], [ 403190.539165818947367, 3781774.364191251341254 ], [ 403191.759918616502546, 3781774.364191251341254 ], [ 403191.759918616502546, 3781774.669379450846463 ], [ 403192.06510681589134, 3781774.974567649886012 ], [ 403192.370295015280135, 3781774.974567649886012 ], [ 403192.67548321466893, 3781775.279755849391222 ], [ 403192.980671414057724, 3781775.279755849391222 ], [ 403193.285859613446519, 3781775.584944048896432 ], [ 403193.591047812835313, 3781775.584944048896432 ], [ 403194.201424211612903, 3781776.19532044744119 ], [ 403194.506612411001697, 3781776.19532044744119 ], [ 403194.506612411001697, 3781776.5005086469464 ], [ 403194.811800610390492, 3781776.80569684645161 ], [ 403194.811800610390492, 3781781.383519837167114 ], [ 403194.506612411001697, 3781781.383519837167114 ], [ 403194.201424211612903, 3781781.688708036672324 ], [ 403188.402848423167598, 3781781.688708036672324 ] ] ] } },
{ "type": "Feature", "properties": { "confidence": 0.29329720139503479, "class": 1, "regularized": null }, "geometry": { "type": "Polygon", "coordinates": [ [ [ 402718.413021363201551, 3781535.096642929594964 ], [ 402718.413021363201551, 3781534.791454730555415 ], [ 402718.107833163812757, 3781534.486266531050205 ], [ 402718.107833163812757, 3781532.960325533989817 ], [ 402717.802644964365754, 3781532.655137334484607 ], [ 402718.107833163812757, 3781532.655137334484607 ], [ 402718.413021363201551, 3781532.349949135445058 ], [ 402720.244150559534319, 3781532.349949135445058 ], [ 402720.549338758923113, 3781532.044760935939848 ], [ 402722.380467955255881, 3781532.044760935939848 ], [ 402722.685656154644676, 3781532.349949135445058 ], [ 402722.685656154644676, 3781532.960325533989817 ], [ 402722.380467955255881, 3781533.265513733495027 ], [ 402722.380467955255881, 3781533.570701933000237 ], [ 402721.464903357089497, 3781533.570701933000237 ], [ 402721.159715157700703, 3781533.875890132039785 ], [ 402721.159715157700703, 3781534.791454730555415 ], [ 402720.854526958311908, 3781534.791454730555415 ], [ 402720.549338758923113, 3781535.096642929594964 ], [ 402718.413021363201551, 3781535.096642929594964 ] ] ] } },
{ "type": "Feature", "properties": { "confidence": 0.29201415181159973, "class": 1, "regularized": null }, "geometry": { "type": "Polygon", "coordinates": [ [ [ 402988.19938962359447, 3781559.511698881164193 ], [ 402987.894201424205676, 3781559.206510681658983 ], [ 402987.894201424205676, 3781557.985757884103805 ], [ 402987.589013224816881, 3781557.680569684598595 ], [ 402987.589013224816881, 3781556.459816887043417 ], [ 402987.283825025428087, 3781556.154628687538207 ], [ 402987.283825025428087, 3781555.544252288993448 ], [ 402986.978636826039292, 3781555.239064089488238 ], [ 402986.978636826039292, 3781551.576805696822703 ], [ 402987.283825025428087, 3781551.271617497317493 ], [ 402988.19938962359447, 3781551.271617497317493 ], [ 402988.504577822983265, 3781550.966429298277944 ], [ 402988.80976602237206, 3781550.966429298277944 ], [ 402988.80976602237206, 3781552.187182095833123 ], [ 402989.114954221760854, 3781552.492370294872671 ], [ 402989.114954221760854, 3781553.102746693883091 ], [ 402989.420142421149649, 3781553.407934893388301 ], [ 402989.420142421149649, 3781558.290946083609015 ], [ 402989.114954221760854, 3781558.596134282648563 ], [ 402989.114954221760854, 3781559.206510681658983 ], [ 402988.80976602237206, 3781559.511698881164193 ], [ 402988.19938962359447, 3781559.511698881164193 ] ] ] } },
{ "type": "Feature", "properties": { "confidence": 0.28517866134643555, "class": 1, "regularized": null }, "geometry": { "type": "Polygon", "coordinates": [ [ [ 402788.911495422187727, 3781621.159715157467872 ], [ 402788.606307222798932, 3781620.854526958428323 ], [ 402788.301119023410138, 3781620.854526958428323 ], [ 402788.301119023410138, 3781617.802644964307547 ], [ 402788.606307222798932, 3781617.497456764802337 ], [ 402788.606307222798932, 3781616.581892166752368 ], [ 402788.911495422187727, 3781616.276703967247158 ], [ 402788.911495422187727, 3781615.97151576820761 ], [ 402789.216683621576522, 3781615.6663275687024 ], [ 402793.794506612408441, 3781615.6663275687024 ], [ 402793.794506612408441, 3781620.854526958428323 ], [ 402793.184130213630851, 3781620.854526958428323 ], [ 402792.878942014242057, 3781621.159715157467872 ], [ 402788.911495422187727, 3781621.159715157467872 ] ] ] } },
{ "type": "Feature", "properties": { "confidence": 0.28441107273101807, "class": 1, "regularized": null }, "geometry": { "type": "Polygon", "coordinates": [ [ [ 402645.167853509658016, 3781314.140386571642011 ], [ 402644.862665310269222, 3781313.835198372136801 ], [ 402644.557477110880427, 3781313.835198372136801 ], [ 402643.947100712102838, 3781313.224821973592043 ], [ 402643.947100712102838, 3781312.919633774086833 ], [ 402643.641912512714043, 3781312.614445574581623 ], [ 402643.641912512714043, 3781308.952187181916088 ], [ 402644.252288911491632, 3781308.341810783371329 ], [ 402644.252288911491632, 3781308.036622583866119 ], [ 402645.473041709046811, 3781306.815869786310941 ], [ 402645.778229908435605, 3781306.815869786310941 ], [ 402646.0834181078244, 3781306.510681586805731 ], [ 402646.388606307213195, 3781306.510681586805731 ], [ 402646.693794506601989, 3781306.205493387766182 ], [ 402647.914547304157168, 3781306.205493387766182 ], [ 402648.219735503545962, 3781306.510681586805731 ], [ 402648.219735503545962, 3781310.478128178976476 ], [ 402647.914547304157168, 3781310.783316378481686 ], [ 402647.914547304157168, 3781312.004069176036865 ], [ 402647.609359104768373, 3781312.309257375542074 ], [ 402647.609359104768373, 3781312.614445574581623 ], [ 402647.304170905379578, 3781312.919633774086833 ], [ 402647.304170905379578, 3781313.224821973592043 ], [ 402646.693794506601989, 3781313.835198372136801 ], [ 402646.388606307213195, 3781313.835198372136801 ], [ 402646.0834181078244, 3781314.140386571642011 ], [ 402645.167853509658016, 3781314.140386571642011 ] ] ] } },
{ "type": "Feature", "properties": { "confidence": 0.28435581922531128, "class": 1, "regularized": null }, "geometry": { "type": "Polygon", "coordinates": [ [ [ 402951.881993896211497, 3781526.551373346708715 ], [ 402951.576805696822703, 3781526.246185147669166 ], [ 402950.966429298045114, 3781526.246185147669166 ], [ 402950.661241098656319, 3781525.940996948163956 ], [ 402948.219735503545962, 3781525.940996948163956 ], [ 402947.914547304157168, 3781526.246185147669166 ], [ 402946.388606307213195, 3781526.246185147669166 ], [ 402946.0834181078244, 3781525.940996948163956 ], [ 402946.0834181078244, 3781525.635808748658746 ], [ 402945.778229908435605, 3781525.330620549153537 ], [ 402945.778229908435605, 3781524.415055951103568 ], [ 402945.473041709046811, 3781524.109867751598358 ], [ 402945.473041709046811, 3781523.80467955255881 ], [ 402945.778229908435605, 3781523.4994913530536 ], [ 402945.778229908435605, 3781523.19430315354839 ], [ 402946.0834181078244, 3781522.88911495404318 ], [ 402946.0834181078244, 3781522.583926755003631 ], [ 402946.388606307213195, 3781522.278738555498421 ], [ 402949.135300101712346, 3781522.278738555498421 ], [ 402949.440488301101141, 3781521.973550355993211 ], [ 402952.797558494377881, 3781521.973550355993211 ], [ 402953.102746693766676, 3781522.278738555498421 ], [ 402953.102746693766676, 3781522.583926755003631 ], [ 402954.323499491380062, 3781523.80467955255881 ], [ 402954.323499491380062, 3781525.635808748658746 ], [ 402954.628687690768857, 3781525.940996948163956 ], [ 402954.323499491380062, 3781526.246185147669166 ], [ 402953.713123092602473, 3781526.246185147669166 ], [ 402953.40793489315547, 3781526.551373346708715 ], [ 402951.881993896211497, 3781526.551373346708715 ] ] ] } },
{ "type": "Feature", "properties": { "confidence": 0.28423413634300232, "class": 1, "regularized": null }, "geometry": { "type": "Polygon", "coordinates": [ [ [ 402834.384537131234538, 3781372.431332655251026 ], [ 402834.384537131234538, 3781368.769074262585491 ], [ 402834.994913530012127, 3781368.769074262585491 ], [ 402835.300101729400922, 3781368.463886063080281 ], [ 402835.300101729400922, 3781367.548321465030313 ], [ 402835.605289928789716, 3781367.243133265525103 ], [ 402835.605289928789716, 3781366.632756866514683 ], [ 402836.215666327567305, 3781366.632756866514683 ], [ 402836.5208545269561, 3781366.327568667475134 ], [ 402836.826042726344895, 3781366.327568667475134 ], [ 402837.131230925733689, 3781366.022380467969924 ], [ 402837.436419125122484, 3781366.022380467969924 ], [ 402837.741607324511278, 3781365.717192268464714 ], [ 402838.046795523900073, 3781366.022380467969924 ], [ 402838.351983723288868, 3781366.022380467969924 ], [ 402838.351983723288868, 3781368.158697863575071 ], [ 402838.046795523900073, 3781368.463886063080281 ], [ 402838.046795523900073, 3781370.295015259180218 ], [ 402837.741607324511278, 3781370.600203458685428 ], [ 402837.741607324511278, 3781370.905391658190638 ], [ 402837.436419125122484, 3781371.210579857695848 ], [ 402837.436419125122484, 3781371.515768057201058 ], [ 402836.826042726344895, 3781372.126144455745816 ], [ 402835.605289928789716, 3781372.126144455745816 ], [ 402835.300101729400922, 3781372.431332655251026 ], [ 402834.384537131234538, 3781372.431332655251026 ] ] ] } },
{ "type": "Feature", "properties": { "confidence": 0.2829526960849762, "class": 1, "regularized": null }, "geometry": { "type": "Polygon", "coordinates": [ [ [ 402989.114954221760854, 3781426.144455747678876 ], [ 402989.114954221760854, 3781415.76805696869269 ], [ 402988.80976602237206, 3781415.46286876918748 ], [ 402988.80976602237206, 3781409.969481179956347 ], [ 402988.504577822983265, 3781409.664292980451137 ], [ 402988.504577822983265, 3781409.359104781411588 ], [ 402988.80976602237206, 3781409.053916581906378 ], [ 402988.80976602237206, 3781408.443540182895958 ], [ 402989.420142421149649, 3781408.443540182895958 ], [ 402989.725330620538443, 3781408.13835198385641 ], [ 402990.335707019316033, 3781408.13835198385641 ], [ 402990.335707019316033, 3781424.923702950123698 ], [ 402990.030518819927238, 3781424.923702950123698 ], [ 402989.725330620538443, 3781425.228891149628907 ], [ 402989.725330620538443, 3781426.144455747678876 ], [ 402989.114954221760854, 3781426.144455747678876 ] ] ] } },
{ "type": "Feature", "properties": { "confidence": 0.2795071005821228, "class": 1, "regularized": null }, "geometry": { "type": "Polygon", "coordinates": [ [ [ 402699.186164801649284, 3781338.250254323706031 ], [ 402698.880976602260489, 3781337.945066124200821 ], [ 402697.049847405927721, 3781337.945066124200821 ], [ 402696.744659206538927, 3781337.639877924695611 ], [ 402696.744659206538927, 3781335.503560529090464 ], [ 402695.523906408925541, 3781334.282807731535286 ], [ 402695.523906408925541, 3781333.672431332524866 ], [ 402694.913530010147952, 3781333.062054933980107 ], [ 402694.913530010147952, 3781332.146490335930139 ], [ 402694.608341810759157, 3781331.841302136424929 ], [ 402694.608341810759157, 3781330.62054933886975 ], [ 402694.913530010147952, 3781330.315361139364541 ], [ 402697.355035605316516, 3781330.315361139364541 ], [ 402697.660223804705311, 3781330.62054933886975 ], [ 402698.2706002034829, 3781330.62054933886975 ], [ 402698.575788402871694, 3781330.315361139364541 ], [ 402702.848423194314819, 3781330.315361139364541 ], [ 402703.153611393703613, 3781330.62054933886975 ], [ 402703.458799593092408, 3781330.62054933886975 ], [ 402703.458799593092408, 3781330.92573753837496 ], [ 402703.763987792481203, 3781331.230925737414509 ], [ 402703.763987792481203, 3781331.841302136424929 ], [ 402704.069175991869997, 3781332.146490335930139 ], [ 402704.069175991869997, 3781332.756866734474897 ], [ 402704.374364191258792, 3781333.062054933980107 ], [ 402704.374364191258792, 3781334.282807731535286 ], [ 402704.679552390647586, 3781334.587995931040496 ], [ 402704.679552390647586, 3781335.198372329585254 ], [ 402704.984740590036381, 3781335.503560529090464 ], [ 402704.984740590036381, 3781336.113936927635223 ], [ 402704.374364191258792, 3781336.724313326645643 ], [ 402704.374364191258792, 3781337.334689725190401 ], [ 402703.763987792481203, 3781337.945066124200821 ], [ 402703.458799593092408, 3781337.945066124200821 ], [ 402703.153611393703613, 3781338.250254323706031 ], [ 402699.186164801649284, 3781338.250254323706031 ] ] ] } },
{ "type": "Feature", "properties": { "confidence": 0.27744376659393311, "class": 1, "regularized": null }, "geometry": { "type": "Polygon", "coordinates": [ [ [ 403059.918616480135825, 3781331.230925737414509 ], [ 403059.918616480135825, 3781330.62054933886975 ], [ 403060.223804679524619, 3781330.315361139364541 ], [ 403060.223804679524619, 3781329.704984740819782 ], [ 403060.528992878913414, 3781329.399796541314572 ], [ 403060.528992878913414, 3781328.789420142304152 ], [ 403060.834181078360416, 3781328.484231942798942 ], [ 403060.834181078360416, 3781326.653102746699005 ], [ 403061.444557477138005, 3781326.042726347688586 ], [ 403061.7497456765268, 3781326.042726347688586 ], [ 403062.054933875915594, 3781325.737538148649037 ], [ 403063.275686673470773, 3781325.737538148649037 ], [ 403063.580874872859567, 3781326.042726347688586 ], [ 403063.580874872859567, 3781327.568667344748974 ], [ 403063.886063072248362, 3781327.873855544254184 ], [ 403063.886063072248362, 3781329.399796541314572 ], [ 403063.580874872859567, 3781329.704984740819782 ], [ 403063.580874872859567, 3781330.315361139364541 ], [ 403063.886063072248362, 3781330.62054933886975 ], [ 403063.886063072248362, 3781331.230925737414509 ], [ 403059.918616480135825, 3781331.230925737414509 ] ] ] } },
{ "type": "Feature", "properties": { "confidence": 0.27431008219718933, "class": 1, "regularized": null }, "geometry": { "type": "Polygon", "coordinates": [ [ [ 402742.522889114974532, 3781646.49033570708707 ], [ 402742.217700915585738, 3781646.18514750758186 ], [ 402741.607324516808148, 3781646.18514750758186 ], [ 402741.302136317419354, 3781645.87995930807665 ], [ 402740.691759918641765, 3781645.87995930807665 ], [ 402740.081383519864175, 3781645.269582909531891 ], [ 402739.776195320475381, 3781645.269582909531891 ], [ 402739.471007121086586, 3781644.964394710026681 ], [ 402738.860630722250789, 3781644.964394710026681 ], [ 402738.555442522861995, 3781644.659206510521472 ], [ 402738.2502543234732, 3781644.659206510521472 ], [ 402738.2502543234732, 3781644.048830111976713 ], [ 402746.490335707028862, 3781644.048830111976713 ], [ 402746.490335707028862, 3781645.574771109037101 ], [ 402745.879959308251273, 3781646.18514750758186 ], [ 402745.269582909473684, 3781646.18514750758186 ], [ 402744.964394710084889, 3781646.49033570708707 ], [ 402742.522889114974532, 3781646.49033570708707 ] ] ] } },
{ "type": "Feature", "properties": { "confidence": 0.27393645048141479, "class": 1, "regularized": null }, "geometry": { "type": "Polygon", "coordinates": [ [ [ 402776.093591047800146, 3781540.895218718331307 ], [ 402775.788402848411351, 3781540.590030518826097 ], [ 402775.483214649022557, 3781540.590030518826097 ], [ 402775.483214649022557, 3781540.284842319320887 ], [ 402775.178026449633762, 3781539.979654119815677 ], [ 402775.178026449633762, 3781533.265513733495027 ], [ 402774.872838250244968, 3781532.960325533989817 ], [ 402774.872838250244968, 3781532.655137334484607 ], [ 402775.178026449633762, 3781532.349949135445058 ], [ 402775.178026449633762, 3781530.82400813838467 ], [ 402775.483214649022557, 3781530.51881993887946 ], [ 402775.483214649022557, 3781530.21363173937425 ], [ 402776.093591047800146, 3781529.603255340829492 ], [ 402776.093591047800146, 3781528.077314343769103 ], [ 402776.398779247188941, 3781527.772126144263893 ], [ 402782.197355035634246, 3781527.772126144263893 ], [ 402782.197355035634246, 3781532.960325533989817 ], [ 402781.892166836187243, 3781533.265513733495027 ], [ 402780.671414038632065, 3781533.265513733495027 ], [ 402780.36622583924327, 3781533.570701933000237 ], [ 402780.36622583924327, 3781535.096642929594964 ], [ 402780.671414038632065, 3781535.401831129100174 ], [ 402780.671414038632065, 3781536.012207528110594 ], [ 402780.97660223802086, 3781536.317395727150142 ], [ 402780.97660223802086, 3781539.369277721270919 ], [ 402780.671414038632065, 3781539.674465920776129 ], [ 402780.671414038632065, 3781540.284842319320887 ], [ 402780.36622583924327, 3781540.590030518826097 ], [ 402780.061037639854476, 3781540.590030518826097 ], [ 402779.755849440465681, 3781540.284842319320887 ], [ 402778.229908443521708, 3781540.284842319320887 ], [ 402777.924720244132914, 3781540.590030518826097 ], [ 402777.00915564596653, 3781540.590030518826097 ], [ 402776.703967446577735, 3781540.895218718331307 ], [ 402776.093591047800146, 3781540.895218718331307 ] ] ] } },
{ "type": "Feature", "properties": { "confidence": 0.26975837349891663, "class": 1, "regularized": null }, "geometry": { "type": "Polygon", "coordinates": [ [ [ 403032.756866734474897, 3781497.253306205384433 ], [ 403032.451678535086103, 3781496.948118005879223 ], [ 403032.146490335697308, 3781496.948118005879223 ], [ 403031.841302136308514, 3781496.642929806839675 ], [ 403031.841302136308514, 3781495.422177009284496 ], [ 403031.230925737530924, 3781494.811800610274076 ], [ 403030.620549338753335, 3781494.811800610274076 ], [ 403030.620549338753335, 3781494.201424211729318 ], [ 403030.315361139364541, 3781493.896236012224108 ], [ 403030.620549338753335, 3781493.591047812718898 ], [ 403030.620549338753335, 3781491.149542217608541 ], [ 403030.315361139364541, 3781490.844354018103331 ], [ 403030.620549338753335, 3781490.539165819063783 ], [ 403030.620549338753335, 3781489.928789420053363 ], [ 403030.315361139364541, 3781489.623601220548153 ], [ 403030.315361139364541, 3781488.097660223953426 ], [ 403030.620549338753335, 3781487.792472024448216 ], [ 403030.620549338753335, 3781486.266531027387828 ], [ 403030.92573753814213, 3781486.266531027387828 ], [ 403031.536113936919719, 3781485.656154628843069 ], [ 403031.536113936919719, 3781485.045778229832649 ], [ 403031.841302136308514, 3781485.045778229832649 ], [ 403032.146490335697308, 3781484.740590030327439 ], [ 403032.146490335697308, 3781484.130213631782681 ], [ 403032.451678535086103, 3781483.825025432277471 ], [ 403032.451678535086103, 3781482.604272634722292 ], [ 403031.841302136308514, 3781481.993896236177534 ], [ 403031.536113936919719, 3781481.993896236177534 ], [ 403032.146490335697308, 3781481.383519837167114 ], [ 403032.146490335697308, 3781480.773143438622355 ], [ 403032.451678535086103, 3781480.773143438622355 ], [ 403032.756866734474897, 3781480.467955239117146 ], [ 403033.977619532030076, 3781480.467955239117146 ], [ 403033.977619532030076, 3781481.383519837167114 ], [ 403034.28280773141887, 3781481.688708036672324 ], [ 403034.28280773141887, 3781482.604272634722292 ], [ 403034.587995930807665, 3781482.909460834227502 ], [ 403034.587995930807665, 3781484.130213631782681 ], [ 403034.89318413019646, 3781484.435401831287891 ], [ 403034.89318413019646, 3781484.740590030327439 ], [ 403035.198372329585254, 3781485.045778229832649 ], [ 403035.198372329585254, 3781485.961342827882618 ], [ 403035.503560528974049, 3781486.266531027387828 ], [ 403035.503560528974049, 3781486.876907426398247 ], [ 403035.808748728362843, 3781487.182095625437796 ], [ 403035.808748728362843, 3781488.402848422992975 ], [ 403036.113936927751638, 3781488.708036622498184 ], [ 403036.113936927751638, 3781496.948118005879223 ], [ 403035.503560528974049, 3781496.948118005879223 ], [ 403035.198372329585254, 3781497.253306205384433 ], [ 403032.756866734474897, 3781497.253306205384433 ] ] ] } },
{ "type": "Feature", "properties": { "confidence": 0.26847144961357117, "class": 1, "regularized": null }, "geometry": { "type": "Polygon", "coordinates": [ [ [ 402767.243133265525103, 3781260.122075279708952 ], [ 402766.937945066136308, 3781259.816887080203742 ], [ 402765.71719226858113, 3781259.816887080203742 ], [ 402765.412004069192335, 3781259.511698881164193 ], [ 402764.801627670414746, 3781259.511698881164193 ], [ 402763.886063072248362, 3781258.596134282648563 ], [ 402763.886063072248362, 3781258.290946083609015 ], [ 402763.580874872859567, 3781257.985757884103805 ], [ 402763.580874872859567, 3781257.375381485093385 ], [ 402763.275686673470773, 3781257.070193286053836 ], [ 402763.275686673470773, 3781252.797558494377881 ], [ 402763.580874872859567, 3781252.492370294872671 ], [ 402763.580874872859567, 3781252.187182095833123 ], [ 402764.496439471025951, 3781251.271617497317493 ], [ 402764.801627670414746, 3781251.271617497317493 ], [ 402765.10681586980354, 3781250.966429298277944 ], [ 402765.412004069192335, 3781250.966429298277944 ], [ 402765.71719226858113, 3781250.661241098772734 ], [ 402767.548321464913897, 3781250.661241098772734 ], [ 402767.853509664302692, 3781250.966429298277944 ], [ 402770.295015259413049, 3781250.966429298277944 ], [ 402770.295015259413049, 3781251.271617497317493 ], [ 402770.600203458801843, 3781251.576805696822703 ], [ 402771.210579857579432, 3781251.576805696822703 ], [ 402771.210579857579432, 3781251.881993896327913 ], [ 402771.820956256357022, 3781252.492370294872671 ], [ 402772.126144455745816, 3781252.492370294872671 ], [ 402772.126144455745816, 3781252.797558494377881 ], [ 402772.431332655134611, 3781253.102746693883091 ], [ 402772.736520854523405, 3781253.102746693883091 ], [ 402773.0417090539122, 3781253.407934893388301 ], [ 402773.0417090539122, 3781253.71312309242785 ], [ 402773.346897253300995, 3781254.01831129193306 ], [ 402773.957273652078584, 3781254.01831129193306 ], [ 402773.957273652078584, 3781254.933875889983028 ], [ 402774.262461851467378, 3781255.239064089488238 ], [ 402774.262461851467378, 3781257.985757884103805 ], [ 402773.957273652078584, 3781258.290946083609015 ], [ 402773.957273652078584, 3781258.596134282648563 ], [ 402773.346897253300995, 3781259.206510681658983 ], [ 402773.346897253300995, 3781259.511698881164193 ], [ 402772.736520854523405, 3781259.511698881164193 ], [ 402772.431332655134611, 3781259.816887080203742 ], [ 402771.515768056968227, 3781259.816887080203742 ], [ 402771.210579857579432, 3781260.122075279708952 ], [ 402767.243133265525103, 3781260.122075279708952 ] ] ] } },
{ "type": "Feature", "properties": { "confidence": 0.25664833188056946, "class": 1, "regularized": null }, "geometry": { "type": "Polygon", "coordinates": [ [ [ 402811.80061037640553, 3781661.749745676293969 ], [ 402810.885045778239146, 3781660.834181078244001 ], [ 402811.19023397762794, 3781660.528992878738791 ], [ 402811.19023397762794, 3781656.866734486073256 ], [ 402810.885045778239146, 3781656.561546287033707 ], [ 402810.885045778239146, 3781655.951169888023287 ], [ 402810.579857578850351, 3781655.645981688518077 ], [ 402810.274669379461557, 3781655.645981688518077 ], [ 402809.969481180072762, 3781655.340793489478528 ], [ 402809.664292980683967, 3781655.340793489478528 ], [ 402809.053916581906378, 3781654.730417090468109 ], [ 402809.053916581906378, 3781654.425228890962899 ], [ 402808.138351983739994, 3781653.50966429291293 ], [ 402807.222787385573611, 3781653.50966429291293 ], [ 402807.222787385573611, 3781652.288911495357752 ], [ 402809.664292980683967, 3781652.288911495357752 ], [ 402809.969481180072762, 3781651.983723295852542 ], [ 402810.579857578850351, 3781651.983723295852542 ], [ 402810.885045778239146, 3781652.288911495357752 ], [ 402812.716174974571913, 3781652.288911495357752 ], [ 402812.716174974571913, 3781652.899287894368172 ], [ 402813.021363173960708, 3781653.20447609340772 ], [ 402814.547304170904681, 3781653.20447609340772 ], [ 402814.852492370293476, 3781652.899287894368172 ], [ 402815.15768056968227, 3781653.20447609340772 ], [ 402816.378433367237449, 3781653.20447609340772 ], [ 402816.378433367237449, 3781653.50966429291293 ], [ 402816.683621566626243, 3781653.81485249241814 ], [ 402816.683621566626243, 3781654.730417090468109 ], [ 402816.378433367237449, 3781655.035605289973319 ], [ 402816.378433367237449, 3781655.951169888023287 ], [ 402816.683621566626243, 3781656.256358087528497 ], [ 402816.683621566626243, 3781656.866734486073256 ], [ 402816.988809766015038, 3781657.171922685578465 ], [ 402816.988809766015038, 3781658.392675483133644 ], [ 402817.293997965403832, 3781658.697863682638854 ], [ 402817.293997965403832, 3781660.834181078244001 ], [ 402816.683621566626243, 3781661.444557477254421 ], [ 402813.936927772127092, 3781661.444557477254421 ], [ 402813.631739572738297, 3781661.749745676293969 ], [ 402811.80061037640553, 3781661.749745676293969 ] ] ] } }
]
}
